fbfaa9bb-bb2d-3a32-b0bc-4fbf175ae01d,A,2022-9-20,Here's My Top Growth Stock to Buy Now,Motley Fool,https://finance.yahoo.com/m/fbfaa9bb-bb2d-3a32-b0bc-4fbf175ae01d/here%27s-my-top-growth-stock-to.html,1663672980,STORY
d8c3e19b-0f10-3a88-b023-74c0901689de,A,2022-9-20,"The Zacks Analyst Blog Highlights Apple, Amazon, AbbVie, Philip Morris International and BlackRock",Zacks,https://finance.yahoo.com/news/zacks-analyst-blog-highlights-apple-103910785.html,1663670350,STORY
b9c784d5-d496-322a-8d0e-5309748e1d18,A,2022-9-20,Ford and GE Supply-Chain Woes Show Where Fed Power Stops,Barrons.com,https://finance.yahoo.com/m/b9c784d5-d496-322a-8d0e-5309748e1d18/ford-and-ge-supply-chain-woes.html,1663670160,STORY
67ef6c80-2133-3b77-9118-32ce53f49fc3,A,2022-9-20,"Stocks Edge Lower, Ford, UnitedHealth, Apple And Housing Data In Focus - Five Things To Know",TheStreet.com,https://finance.yahoo.com/m/67ef6c80-2133-3b77-9118-32ce53f49fc3/stocks-edge-lower%2C-ford%2C.html,1663666020,STORY
5126d9b0-51c0-3d58-9691-8eef7b35790d,A,2022-9-20,Why Apple's iPhone 14 Could Be a Blockbuster,Motley Fool,https://finance.yahoo.com/m/5126d9b0-51c0-3d58-9691-8eef7b35790d/why-apple%27s-iphone-14-could.html,1663665300,STORY
de8d6800-045c-3943-86c9-36f4427551aa,A,2022-9-20,"Apple helps Taiwan export orders resume growth in August, outlook mixed",Reuters,https://finance.yahoo.com/news/apple-helps-taiwan-export-orders-085327949.html,1663664007,STORY
32ef660b-ee36-3511-a9dd-0bb227fed913,A,2022-9-20,Apple hikes app store prices in Europe and Asia as dollar soars,MarketWatch,https://finance.yahoo.com/m/32ef660b-ee36-3511-a9dd-0bb227fed913/apple-hikes-app-store-prices.html,1663663740,STORY
7ff4b469-a298-3308-add6-d7b12cc0cdd3,A,2022-9-20,"UPDATE 2-Apple helps Taiwan export orders resume growth in August, outlook mixed",Reuters,https://finance.yahoo.com/news/1-taiwan-export-orders-resume-084212719.html,1663663332,STORY
fdf04572-66f8-34fd-a32c-5ceff1622446,A,2022-9-21,"Dow Jones Futures Rise: Fed Rate Hike Looms, But This Is What Matters; Tesla Flirts With Buy Points",Investor's Business Daily,https://finance.yahoo.com/m/fdf04572-66f8-34fd-a32c-5ceff1622446/dow-jones-futures-rise%3A-fed.html,1663762614,STORY
09343c47-0c71-3691-ad52-fcb051aa2e2d,A,2022-9-21,"Fed Day, Energy Commodity Prices, Dangerous Russia, Charting the S&P, Apple",TheStreet.com,https://finance.yahoo.com/m/09343c47-0c71-3691-ad52-fcb051aa2e2d/fed-day%2C-energy-commodity.html,1663760160,STORY
acc2d432-cbd2-3160-ac05-22cc41d66b88,A,2022-9-21,2 Top Buffett Stocks To Buy and Hold for the Long Haul,Motley Fool,https://finance.yahoo.com/m/acc2d432-cbd2-3160-ac05-22cc41d66b88/2-top-buffett-stocks-to-buy.html,1663758420,STORY
f2b02ed9-c823-3710-990f-ee7f6fd2e9ee,A,2022-9-21,Apple may move a quarter of iPhone production to India by 2025 -JPM,Reuters,https://finance.yahoo.com/news/apple-may-move-quarter-iphone-104143063.html,1663756903,STORY
22b665ab-9bf6-3a40-a26e-9ffe4ab49a35,A,2022-9-21,"If Predictions of a Flat Stock Market Come True, I Still Think This Stock Can Win",Motley Fool,https://finance.yahoo.com/m/22b665ab-9bf6-3a40-a26e-9ffe4ab49a35/if-predictions-of-a-flat.html,1663751520,STORY
58d9f7b9-19ed-3144-8918-6acaebbd859d,A,2022-9-21,Warren Buffett Is Sitting On $168 Billion In Unrealized Gains From These 4 Stocks,Motley Fool,https://finance.yahoo.com/m/58d9f7b9-19ed-3144-8918-6acaebbd859d/warren-buffett-is-sitting-on.html,1663751160,STORY
5e5d4a55-2e2d-3f0f-aa29-21061708ac45,A,2022-9-21,Apple (AAPL) Gains As Market Dips: What You Should Know,Zacks,https://finance.yahoo.com/news/apple-aapl-gains-market-dips-214509655.html,1663710309,STORY
2240e5eb-1426-389e-8ee1-a68a52752fea,A,2022-9-21,Why Investors Found Apple Stock Tempting Today,Motley Fool,https://finance.yahoo.com/m/2240e5eb-1426-389e-8ee1-a68a52752fea/why-investors-found-apple.html,1663709463,STORY
cc794e92-1160-32d3-9201-2f2a647984e4,A,2022-9-22,Dow Jones Futures: Stock Market Sells Off As Hawkish Fed Sees New Terminal Rate,Investor's Business Daily,https://finance.yahoo.com/m/cc794e92-1160-32d3-9201-2f2a647984e4/dow-jones-futures%3A-stock.html,1663849075,STORY
0558c6f7-324e-312a-a689-11c6cddad25a,A,2022-9-22,Stock Market Today: Stocks Mixed As Hawkish Fed Hike Echoes Through Global Markets,TheStreet.com,https://finance.yahoo.com/m/0558c6f7-324e-312a-a689-11c6cddad25a/stock-market-today%3A-stocks.html,1663848180,STORY
ebdd078f-58cd-4209-8192-549661da438b,A,2022-9-22,Stock market news live updates: Stock futures seesaw after Fed-induced sell-off,Yahoo Finance,https://finance.yahoo.com/news/stock-market-news-live-updates-september-22-2022-105412829.html,1663844052,STORY
97a774e5-1c25-39d3-9944-bcd2967a584b,A,2022-9-22,Influencers with Andy Serwer: Sonia Cheng,Yahoo Finance Video,https://finance.yahoo.com/video/influencers-andy-serwer-sonia-cheng-100212105.html,1663840932,VIDEO
9b633cb4-5d5c-31ae-8de6-8d5a9b91cc4e,A,2022-9-22,3 Cheap Dow Jones Stocks to Buy Right Now,Motley Fool,https://finance.yahoo.com/m/9b633cb4-5d5c-31ae-8de6-8d5a9b91cc4e/3-cheap-dow-jones-stocks-to.html,1663838100,STORY
ceef639c-2c4f-3cb2-9e89-662f153a42eb,A,2022-9-22,"Stocks Bounce, Yen Intervention, Bitcoin, Lennar And Costco Earnings - Five Things To Know",TheStreet.com,https://finance.yahoo.com/m/ceef639c-2c4f-3cb2-9e89-662f153a42eb/stocks-bounce%2C-yen.html,1663837860,STORY
00c7e184-68e7-3854-99e8-403f9b139ae2,A,2022-9-22,Asian markets retreat after Fed’s latest hawkish rate hike,MarketWatch,https://finance.yahoo.com/m/00c7e184-68e7-3854-99e8-403f9b139ae2/asian-markets-retreat-after.html,1663816920,STORY
b6d071d8-3c76-3e83-8a0d-4ec57a5ee7d1,A,2022-9-22,"First Mover Asia: Cryptos Yo-Yo After Hawkish Rate Hike; Ether’s Price Is Down, Regulators May Soon Be Circling. What’s Next for Post-Merge Ethereum?",CoinDesk,https://finance.yahoo.com/news/first-mover-asia-cryptos-yo-014852676.html,1663811332,STORY
79fcd04a-e066-31bc-b08f-ca6215c5523b,A,2022-9-23,"Dow Jones Futures Tumble, Dow Set To Break June Lows: Tesla, Holdouts Buckle As Yields Soar",Investor's Business Daily,https://finance.yahoo.com/m/79fcd04a-e066-31bc-b08f-ca6215c5523b/dow-jones-futures-tumble%2C-dow.html,1663935380,STORY
987b4190-bed2-4479-a3c6-ebb0be22a738,A,2022-9-23,"Stock market news live updates: Stock futures crater as Fed, growth fears intensify",Yahoo Finance,https://finance.yahoo.com/news/stock-market-news-live-updates-september-23-2022-105526854.html,1663930526,STORY
50918220-49a1-3026-866e-c2e71adbbfbd,A,2022-9-23,"Dow in danger of breaking below June low, as all Dow stocks trading premarket are falling",MarketWatch,https://finance.yahoo.com/m/50918220-49a1-3026-866e-c2e71adbbfbd/dow-in-danger-of-breaking.html,1663929258,STORY
024565d3-032e-3d0e-a29e-9f2d1331dcec,A,2022-9-23,"First Mover Asia: As the Fed Hikes Rates, Ether, USDC Lending Yield Pays Less Than T-Bills; Bitcoin Rises, Holds Over $19K",CoinDesk,https://finance.yahoo.com/news/first-mover-asia-fed-hikes-005901445.html,1663894741,STORY
80d4c540-7c9f-3206-97cc-f56a702f8a0a,A,2022-9-23,"Market Wrap: Bitcoin Holds Over $19K, Continues Wild Ride",CoinDesk,https://finance.yahoo.com/news/market-wrap-bitcoin-holds-over-205826912.html,1663880306,STORY
1647abd7-e781-37fe-83e9-96a097bdeb42,A,2022-9-23,US STOCKS-Wall Street ends down for third day as growth concerns weigh on tech,Reuters,https://finance.yahoo.com/news/us-stocks-wall-street-ends-203406413.html,1663878846,STORY
a44a3e6d-e9c0-377a-91f1-51c72ec6380d,A,2022-9-23,"GLOBAL MARKETS-Yen spikes after Japan intervention, stocks slump",Reuters,https://finance.yahoo.com/news/global-markets-yen-spikes-japan-202911707.html,1663878551,STORY
4851227d-e558-3594-981c-b10009c5b3f9,A,2022-9-23,Modern Fed is 'a fairly dovish bunch' now: Economics professor,Yahoo Finance Video,https://finance.yahoo.com/video/modern-fed-fairly-dovish-bunch-202825955.html,1663878505,VIDEO
be944e6f-dd93-3330-94f1-8399e220020e,A,2022-9-24,Don’t look for a stock market bottom until a soaring dollar cools down. Here’s why.,MarketWatch,https://finance.yahoo.com/m/be944e6f-dd93-3330-94f1-8399e220020e/don%E2%80%99t-look-for-a-stock-market.html,1664020800,STORY
c12b6b73-7e2d-3eb4-9a0d-04574841756b,A,2022-9-24,"Dow Jones Futures: Bear Market Eyes New Leg Down; Apple, Eli Lilly Show Relative Strength",Investor's Business Daily,https://finance.yahoo.com/m/c12b6b73-7e2d-3eb4-9a0d-04574841756b/dow-jones-futures%3A-bear.html,1664018372,STORY
98070699-34d4-342f-adf7-247d75276b5d,A,2022-9-24,What to learn from bear markets of the past,Yahoo Finance Video,https://finance.yahoo.com/video/learn-bear-markets-past-110055379.html,1664017255,VIDEO
82ae1d4a-0c91-3022-9445-a7f456ac9132,A,2022-9-24,"Stock Market Investing Action Plan: Nike Earnings, Tesla AI Day",Investor's Business Daily,https://finance.yahoo.com/m/82ae1d4a-0c91-3022-9445-a7f456ac9132/stock-market-investing-action.html,1663971649,STORY
04d04820-c16c-3391-88ba-db6e68d8f3ae,A,2022-9-24,"Why the ‘sell Rosh Hashanah, buy Yom Kippur’ trade is a tough call as stock-market selloff deepens",MarketWatch,https://finance.yahoo.com/m/04d04820-c16c-3391-88ba-db6e68d8f3ae/why-the-%E2%80%98sell-rosh-hashanah%2C.html,1663970580,STORY
c592ca81-cb6e-3edf-92e2-921e76b1052d,A,2022-9-24,The Market Crash Americans Aren't Seeing,Motley Fool,https://finance.yahoo.com/m/c592ca81-cb6e-3edf-92e2-921e76b1052d/the-market-crash-americans.html,1663970160,STORY
1d545859-a7b0-3e60-95e4-e94f4a962cc5,A,2022-9-24,"GLOBAL MARKETS-Stocks tumble, dollar soars and bonds plunge as recession fears grow",Reuters,https://finance.yahoo.com/news/global-markets-stocks-tumble-dollar-210336197.html,1663967016,STORY
c1304d89-01e9-3573-8cf4-e8f3bcadce4e,A,2022-9-24,"Dow averts bear market, but slides to 2022 low",MarketWatch,https://finance.yahoo.com/m/c1304d89-01e9-3573-8cf4-e8f3bcadce4e/dow-averts-bear-market%2C-but.html,1663965780,STORY
922c3974-79a2-311f-8211-faf74eba51e6,A,2022-9-25,Where Will the Bear Market Bottom? 2 Valuation-Based Indicators Offer a Clear Range,Motley Fool,https://finance.yahoo.com/m/922c3974-79a2-311f-8211-faf74eba51e6/where-will-the-bear-market.html,1664097660,STORY
a8bfc843-e3ef-3eb6-939a-5ecd46349702,A,2022-9-25,"Analysis-After feverish week, global investors lick wounds and brace for more chaos",Reuters,https://finance.yahoo.com/news/analysis-feverish-week-global-investors-053319060.html,1664083999,STORY
c12b6b73-7e2d-3eb4-9a0d-04574841756b,A,2022-9-25,"Dow Jones Futures: Bear Market Eyes New Leg Down; Apple, Eli Lilly Show Relative Strength",Investor's Business Daily,https://finance.yahoo.com/m/c12b6b73-7e2d-3eb4-9a0d-04574841756b/dow-jones-futures%3A-bear.html,1664078792,STORY
be944e6f-dd93-3330-94f1-8399e220020e,A,2022-9-25,Don’t look for a stock market bottom until a soaring dollar cools down. Here’s why.,MarketWatch,https://finance.yahoo.com/m/be944e6f-dd93-3330-94f1-8399e220020e/don%E2%80%99t-look-for-a-stock-market.html,1664020800,STORY
98070699-34d4-342f-adf7-247d75276b5d,A,2022-9-25,What to learn from bear markets of the past,Yahoo Finance Video,https://finance.yahoo.com/video/learn-bear-markets-past-110055379.html,1664017255,VIDEO
82ae1d4a-0c91-3022-9445-a7f456ac9132,A,2022-9-25,"Stock Market Investing Action Plan: Nike Earnings, Tesla AI Day",Investor's Business Daily,https://finance.yahoo.com/m/82ae1d4a-0c91-3022-9445-a7f456ac9132/stock-market-investing-action.html,1663971649,STORY
04d04820-c16c-3391-88ba-db6e68d8f3ae,A,2022-9-25,"Why the ‘sell Rosh Hashanah, buy Yom Kippur’ trade is a tough call as stock-market selloff deepens",MarketWatch,https://finance.yahoo.com/m/04d04820-c16c-3391-88ba-db6e68d8f3ae/why-the-%E2%80%98sell-rosh-hashanah%2C.html,1663970580,STORY
c592ca81-cb6e-3edf-92e2-921e76b1052d,A,2022-9-25,The Market Crash Americans Aren't Seeing,Motley Fool,https://finance.yahoo.com/m/c592ca81-cb6e-3edf-92e2-921e76b1052d/the-market-crash-americans.html,1663970160,STORY
92f236cd-d3b5-37b9-a9a6-1baaee787879,A,2022-9-26,5G Stocks To Buy And Watch As U.S. Plays Catch-Up Versus China,Investor's Business Daily,https://finance.yahoo.com/m/92f236cd-d3b5-37b9-a9a6-1baaee787879/5g-stocks-to-buy-and-watch-as.html,1664193955,STORY
6051363a-a2b3-36cc-b533-c545cf49ec63,A,2022-9-26,Dow Jones Futures Continue To Fall As Stock Market Correction Worsens; Treasury Yields Surge,Investor's Business Daily,https://finance.yahoo.com/m/6051363a-a2b3-36cc-b533-c545cf49ec63/dow-jones-futures-continue-to.html,1664193901,STORY
c12b6b73-7e2d-3eb4-9a0d-04574841756b,A,2022-9-26,"Dow Jones Futures Fall As Yields Rise, Pound Hits Record Low; Bear Market Eyes New Leg Down",Investor's Business Daily,https://finance.yahoo.com/m/c12b6b73-7e2d-3eb4-9a0d-04574841756b/dow-jones-futures-fall-as.html,1664193872,STORY
97c4cc86-855a-384d-bc36-1c9fae5a2780,A,2022-9-26,Tech Stocks Face Another 10% Drop or More as Strong Dollar Hits Profits,Bloomberg,https://finance.yahoo.com/news/tech-stocks-face-another-10-233009054.html,1664193665,STORY
9c55d3c5-a846-3edd-bcf5-59222660aade,A,2022-9-26,Apple expands iPhone production in India in shift away from China,Financial Times,https://finance.yahoo.com/m/9c55d3c5-a846-3edd-bcf5-59222660aade/apple-expands-iphone.html,1664191138,STORY
2d2a8a08-8a9b-3ea2-85ce-3cc89e7e19ea,A,2022-9-26,Are Any of the FAANG Stocks Worth Buying?,Motley Fool,https://finance.yahoo.com/m/2d2a8a08-8a9b-3ea2-85ce-3cc89e7e19ea/are-any-of-the-faang-stocks.html,1664189220,STORY
cac0da43-c75f-366a-bcda-d85ba0dfa0f0,A,2022-9-26,Apple to make latest iPhone 14 in India,MarketWatch,https://finance.yahoo.com/m/cac0da43-c75f-366a-bcda-d85ba0dfa0f0/apple-to-make-latest-iphone.html,1664186760,STORY
c2cd6f96-8004-3166-82b4-1da9b5f35ad3,A,2022-9-26,3 Bargain Stocks You Can Buy Today and Hold Forever,Motley Fool,https://finance.yahoo.com/m/c2cd6f96-8004-3166-82b4-1da9b5f35ad3/3-bargain-stocks-you-can-buy.html,1664186400,STORY
ee338df4-c974-35fa-85e3-5226b7eac180,A,2022-9-27,"Coinbase, Block, Marathon Digital, and Other Crypto Stocks Rise",Barrons.com,https://finance.yahoo.com/m/ee338df4-c974-35fa-85e3-5226b7eac180/coinbase%2C-block%2C-marathon.html,1664280900,STORY
af60940f-c39d-4d75-9051-fa4d8cb33bee,A,2022-9-27,Stock market news live updates: Stock futures surge after S&P 500 slides to 2022 low,Yahoo Finance,https://finance.yahoo.com/news/stock-market-news-live-updates-september-27-2022-112056722.html,1664277656,STORY
89b4db07-d22b-3a4a-ac8e-0f422d3a471e,A,2022-9-27,Dow Jones Hits Bear Market After Sell-Off; What To Do Now,Investor's Business Daily,https://finance.yahoo.com/m/89b4db07-d22b-3a4a-ac8e-0f422d3a471e/dow-jones-hits-bear-market.html,1664277183,STORY
fc08789a-5f96-3adb-94c3-4b4adb8a0864,A,2022-9-27,"S&P 500 Bear Market: Where to Invest $10,000 Right Now",Motley Fool,https://finance.yahoo.com/m/fc08789a-5f96-3adb-94c3-4b4adb8a0864/s%26p-500-bear-market%3A-where-to.html,1664272320,STORY
4899da08-4aca-3511-8f37-e5d37848b33e,A,2022-9-27,"Stocks Rebound, Powell, Pound, Starbucks and Hurricane Ian In Focus - Five Things To Know",TheStreet.com,https://finance.yahoo.com/m/4899da08-4aca-3511-8f37-e5d37848b33e/stocks-rebound%2C-powell%2C.html,1664271120,STORY
fe6bbc86-b2b6-3017-8f8d-86f98a958da9,A,2022-9-27,Asian markets mixed after Dow falls into bear market,MarketWatch,https://finance.yahoo.com/m/fe6bbc86-b2b6-3017-8f8d-86f98a958da9/asian-markets-mixed-after-dow.html,1664249160,STORY
1a451665-2c53-355e-8cac-f1c061e843b8,A,2022-9-27,"World stocks edge above Nov 2020 lows, sterling recovers some ground",Reuters,https://finance.yahoo.com/news/runaway-dollar-pauses-breath-bears-025623317.html,1664247383,STORY
86457af6-1226-3b40-85b5-fa7563f2a9bd,A,2022-9-27,GLOBAL MARKETS-Runaway dollar pauses for breath as bears stalk stocks,Reuters,https://finance.yahoo.com/news/global-markets-runaway-dollar-pauses-025246275.html,1664247166,STORY
3113d7a3-ade0-3736-8f65-e323ac292aa8,A,2022-9-28,"Dow Jones Futures Volatile On Bank Of England Reversal; Apple Falls On iPhone Report, Biogen Soars On Alzheimer's Drug",Investor's Business Daily,https://finance.yahoo.com/m/3113d7a3-ade0-3736-8f65-e323ac292aa8/dow-jones-futures-volatile-on.html,1664367710,STORY
dee23920-4a65-4a12-a43a-31ae4ee5aac7,A,2022-9-28,Stock market news live updates: Stock futures sink as 10-year Treasury hits 4%,Yahoo Finance,https://finance.yahoo.com/news/stock-market-news-live-updates-september-28-2022-112213537.html,1664364133,STORY
148cf9af-a40a-3425-ae42-b837bf4a6ec2,A,2022-9-28,Bank of England Plans Emergency Bond Market Intervention Amid Historic Pound Slump,TheStreet.com,https://finance.yahoo.com/m/148cf9af-a40a-3425-ae42-b837bf4a6ec2/bank-of-england-plans.html,1664360640,STORY
1a2d9a3f-26e1-3652-811a-a06b191919c6,A,2022-9-28,Should Invesco Dow Jones Industrial Average Dividend ETF (DJD) Be on Your Investing Radar?,Zacks,https://finance.yahoo.com/news/invesco-dow-jones-industrial-average-102010783.html,1664360410,STORY
05d54a11-5d13-31e1-a492-7aadcef22eda,A,2022-9-28,Asian markets sharply lower after wobbly day on Wall Street,MarketWatch,https://finance.yahoo.com/m/05d54a11-5d13-31e1-a492-7aadcef22eda/asian-markets-sharply-lower.html,1664337420,STORY
6b2b2258-60a4-3261-ac8a-c1d994b5f9a6,A,2022-9-28,S&P 500 Undercuts Bear Market Low As Treasury Yields Race Toward Key Level; What To Do Now,Investor's Business Daily,https://finance.yahoo.com/m/6b2b2258-60a4-3261-ac8a-c1d994b5f9a6/s%26p-500-undercuts-bear-market.html,1664337339,STORY
d68676c7-4650-3bc1-b554-7f701196e00d,A,2022-9-28,Consumer Confidence Rises in Spite of Challenged Conditions,Motley Fool,https://finance.yahoo.com/m/d68676c7-4650-3bc1-b554-7f701196e00d/consumer-confidence-rises-in.html,1664330441,STORY
119c8ef1-0298-300c-b3a0-c6d7cd248d1a,A,2022-9-28,US STOCKS-S&P 500 ends near two-year low as bear market deepens,Reuters,https://finance.yahoo.com/news/us-stocks-p-500-ends-205413204.html,1664312053,STORY
d28ba1f4-e584-3fa9-9acd-4f384a467592,A,2022-9-29,Dow Jones Futures Drop Ahead Of Key Economic Data; Apple Slides On Downgrade,Investor's Business Daily,https://finance.yahoo.com/m/d28ba1f4-e584-3fa9-9acd-4f384a467592/dow-jones-futures-drop-ahead.html,1664453593,STORY
c1aa1456-a1ec-3a10-93a1-30e505942052,A,2022-9-29,Dow Jones Futures Fall As Treasury Yields Rebound; Eli Lilly Leads 7 Bullish Stocks,Investor's Business Daily,https://finance.yahoo.com/m/c1aa1456-a1ec-3a10-93a1-30e505942052/dow-jones-futures-fall-as.html,1664453544,STORY
0c432b89-6c20-3e54-8dcc-0f0d9ca4a0b2,A,2022-9-29,"Apple Stock Extends Slide As BofA Lowers Rating, Cuts Price Target On iPhone Demand Concern",TheStreet.com,https://finance.yahoo.com/m/0c432b89-6c20-3e54-8dcc-0f0d9ca4a0b2/apple-stock-extends-slide-as.html,1664449440,STORY
64fe7cc9-6dc0-4ad4-80a7-7c3fd67024f6,A,2022-9-29,"Stocks bear market 'will continue into the first quarter,' portfolio manager says",Yahoo Finance,https://finance.yahoo.com/news/stocks-bear-market-2023-strategist-103446677.html,1664447686,STORY
bc9fcea2-4db3-314a-a21b-a9a0ecc630c3,A,2022-9-29,Why Apple and TSMC Stocks Were Down on Wednesday,Motley Fool,https://finance.yahoo.com/m/bc9fcea2-4db3-314a-a21b-a9a0ecc630c3/why-apple-and-tsmc-stocks.html,1664445600,STORY
e3464612-432e-34f5-bdd3-4a302164abd5,A,2022-9-29,3 Beaten-Down Dow Stocks to Buy Before the Market Bounces Back,Motley Fool,https://finance.yahoo.com/m/e3464612-432e-34f5-bdd3-4a302164abd5/3-beaten-down-dow-stocks-to.html,1664442900,STORY
95e61f0a-21d7-36a8-97f2-f0f1b705c593,A,2022-9-29,Nasdaq Sell-Off: 2 Warren Buffett Stocks He Plans to Hold Forever,Motley Fool,https://finance.yahoo.com/m/95e61f0a-21d7-36a8-97f2-f0f1b705c593/nasdaq-sell-off%3A-2-warren.html,1664442420,STORY
eddcf8f4-9eab-383a-afff-410d2ee49bb8,A,2022-9-29,"India Eyes $550 Million Incentives to Draw Apple, Tablet Makers",Bloomberg,https://finance.yahoo.com/news/india-eyes-550-million-incentives-032059075.html,1664421659,STORY
b6b3089a-821c-335f-94a0-8b426c1af21a,A,2022-9-30,Big Tech's $260 Billion Loss day,TheStreet.com,https://finance.yahoo.com/m/b6b3089a-821c-335f-94a0-8b426c1af21a/big-tech%27s-%24260-billion-loss.html,1664539920,STORY
3c861152-ff1d-3fb4-9caf-eba8a300a308,A,2022-9-30,Dow Jones Futures Rise Ahead Of Key Inflation Data; Tesla Stock Climbs Before AI Day,Investor's Business Daily,https://finance.yahoo.com/m/3c861152-ff1d-3fb4-9caf-eba8a300a308/dow-jones-futures-rise-ahead.html,1664539760,STORY
c62eefb3-9b2d-3bdb-82df-3860dcf4edd4,A,2022-9-30,Dow Jones Futures: Treasury Yields Fall With Inflation Data Due; Nike Dives On Inventories,Investor's Business Daily,https://finance.yahoo.com/m/c62eefb3-9b2d-3bdb-82df-3860dcf4edd4/dow-jones-futures%3A-treasury.html,1664539687,STORY
8e0553fe-51d9-3fad-9997-d0ee54e32993,A,2022-9-30,Apple’s Tech Supply Chain Shows Difficulty of Dumping China,Bloomberg,https://finance.yahoo.com/news/apple-tech-supply-chain-shows-014350316.html,1664537296,STORY
25f4d922-b39a-3852-9291-491d466c2ad2,A,2022-9-30,The First Three Quarters of 2022 Have Been Bad. The Fourth Could Be Worse.,Barrons.com,https://finance.yahoo.com/m/25f4d922-b39a-3852-9291-491d466c2ad2/the-first-three-quarters-of.html,1664536920,STORY
4754dc43-efd8-39ca-8d28-c4219326022e,A,2022-9-30,Sterling almost erases losses from Kwasi Kwarteng’s mini-Budget,Financial Times,https://finance.yahoo.com/m/4754dc43-efd8-39ca-8d28-c4219326022e/sterling-almost-erases-losses.html,1664536213,STORY
93a2abb9-e56f-35e8-80e6-8c90b56b566e,A,2022-9-30,Here’s why investors should start betting on Apple and the stock market now,MarketWatch,https://finance.yahoo.com/m/93a2abb9-e56f-35e8-80e6-8c90b56b566e/here%E2%80%99s-why-investors-should.html,1664535360,STORY
db761246-4c54-34fd-8db2-2ac8d2322b65,A,2022-9-30,Tencent Loses Crown in World’s Biggest Stock Wipeout,Bloomberg,https://finance.yahoo.com/news/tencent-loses-crown-world-biggest-100657044.html,1664532417,STORY
92a0cf9c-0f12-36db-8ff7-0620b16d7fdf,A,2022-10-1,"If EPS Growth Is Important To You, Apple (NASDAQ:AAPL) Presents An Opportunity",Simply Wall St.,https://finance.yahoo.com/news/eps-growth-important-apple-nasdaq-120016923.html,1664625616,STORY
f65ce112-4eb4-3762-ac94-ff531be75f8b,A,2022-10-1,Dealing With Stock Market Pessimism,Motley Fool,https://finance.yahoo.com/m/f65ce112-4eb4-3762-ac94-ff531be75f8b/dealing-with-stock-market.html,1664625600,STORY
a3be6eb4-a89b-3c47-ad10-fdf5490a9898,A,2022-10-1,"3 Stocks to Buy In October That Could Soar 47% to 84%, According to Wall Street",Motley Fool,https://finance.yahoo.com/m/a3be6eb4-a89b-3c47-ad10-fdf5490a9898/3-stocks-to-buy-in-october.html,1664617920,STORY
c21d38cc-0eb7-3107-9727-c522d1074e19,A,2022-10-1,The Next Big Battle Between Google and Apple Is for the Soul of Your Car,The Wall Street Journal,https://finance.yahoo.com/m/c21d38cc-0eb7-3107-9727-c522d1074e19/the-next-big-battle-between.html,1664596800,STORY
f3c0bfb1-de51-3bca-8422-b18c937133c2,A,2022-10-1,Weekly Roundup,TheStreet.com,https://finance.yahoo.com/m/f3c0bfb1-de51-3bca-8422-b18c937133c2/weekly-roundup.html,1664577780,STORY
4f384ebc-2223-37b0-955c-9396446550ba,A,2022-10-1,Apple Is Popular but Overvalued,GuruFocus.com,https://finance.yahoo.com/news/apple-popular-overvalued-214859743.html,1664574539,STORY
2ab55b23-6d3d-3dab-91bd-d8ce5ddfb8fd,A,2022-10-1,Apple Stock Had an Awful September. But the Quarter Wasn’t Half-Bad.,Barrons.com,https://finance.yahoo.com/m/2ab55b23-6d3d-3dab-91bd-d8ce5ddfb8fd/apple-stock-had-an-awful.html,1664569500,STORY
fb4cb177-6566-3437-8def-760a4b4f8978,A,2022-10-1,Discount Rates: Look Out Below,GuruFocus.com,https://finance.yahoo.com/news/discount-rates-look-below-195014957.html,1664567414,STORY
2fc42400-9368-3e67-9131-c3b8d9f48356,A,2022-10-2,3 Spring-Loaded Stocks Ready to Soar When the Bear Market Ends,Motley Fool,https://finance.yahoo.com/m/2fc42400-9368-3e67-9131-c3b8d9f48356/3-spring-loaded-stocks-ready.html,1664707500,STORY
29085a6f-48ad-33f1-a808-503e0550d276,A,2022-10-2,"Apple’s Fall 2022 Event Products: Reviews of iPhone 14, iOS 16, Apple Watch Ultra, AirPods Pro 2 and More",The Wall Street Journal,https://finance.yahoo.com/m/29085a6f-48ad-33f1-a808-503e0550d276/apple%E2%80%99s-fall-2022-event.html,1664703000,STORY
92f236cd-d3b5-37b9-a9a6-1baaee787879,A,2022-10-2,5G Stocks To Buy And Watch As Cloud Computing Plays Bigger Role,Investor's Business Daily,https://finance.yahoo.com/m/92f236cd-d3b5-37b9-a9a6-1baaee787879/5g-stocks-to-buy-and-watch-as.html,1664636455,STORY
70e2ca27-7c5b-366e-9e01-17401efdbc1c,A,2022-10-2,Why These 10 Stocks Trended This Week,Insider Monkey,https://finance.yahoo.com/news/why-10-stocks-trended-week-142136200.html,1664634096,STORY
f53d56e4-f0ec-35f9-af7a-82cfd127647e,A,2022-10-2,Amazon's Second Selling Bonanza of 2022: Who Benefits?,Motley Fool,https://finance.yahoo.com/m/f53d56e4-f0ec-35f9-af7a-82cfd127647e/amazon%27s-second-selling.html,1664633400,STORY
22f27cf3-d7ae-3cac-8ab2-7ee607cb0247,A,2022-10-2,Your Watch Says You Have a Heart Condition. Now What?,The Wall Street Journal,https://finance.yahoo.com/m/22f27cf3-d7ae-3cac-8ab2-7ee607cb0247/your-watch-says-you-have-a.html,1664629200,STORY
92a0cf9c-0f12-36db-8ff7-0620b16d7fdf,A,2022-10-2,"If EPS Growth Is Important To You, Apple (NASDAQ:AAPL) Presents An Opportunity",Simply Wall St.,https://finance.yahoo.com/news/eps-growth-important-apple-nasdaq-120016923.html,1664625616,STORY
f65ce112-4eb4-3762-ac94-ff531be75f8b,A,2022-10-2,Dealing With Stock Market Pessimism,Motley Fool,https://finance.yahoo.com/m/f65ce112-4eb4-3762-ac94-ff531be75f8b/dealing-with-stock-market.html,1664625600,STORY
1cd5a2f3-bceb-3570-9ec3-8532d56a9001,A,2022-10-3,Top 10 ETFs For Beginners,Insider Monkey,https://finance.yahoo.com/news/top-10-etfs-beginners-120357140.html,1664798637,STORY
06d3058e-6747-3a97-beb4-75662df2b295,A,2022-10-3,Agilent Announces Enhanced 8700 LDIR Chemical Imaging System for Microplastics Analysis,Business Wire,https://finance.yahoo.com/news/agilent-announces-enhanced-8700-ldir-120000216.html,1664798400,STORY
c6c5efe8-50b1-397b-8e8b-ea60a453b221,A,2022-10-3,Mobile phone critic Pope Francis meets Apple chief Tim Cook,Reuters,https://finance.yahoo.com/news/mobile-phone-critic-pope-francis-112214809.html,1664796134,STORY
91c233fa-a559-4c4c-b7a3-97e45f9fab9e,A,2022-10-3,7 things to watch after a cold quarter for the stock market: Morning Brief,Yahoo Finance,https://finance.yahoo.com/news/disastrous-quarter-for-the-stock-market-morning-brief-094005687.html,1664790005,STORY
571b5ca0-c8b1-3390-be64-c15c71587d4e,A,2022-10-3,The race to reinvent the space station,Financial Times,https://finance.yahoo.com/m/571b5ca0-c8b1-3390-be64-c15c71587d4e/the-race-to-reinvent-the.html,1664769655,STORY
05233f4a-33ed-37e3-994b-843b61cf024a,A,2022-10-3,"Apple CEO Tim Cook predicts AR will have ‘profound’ impact, downplays metaverse",MarketWatch,https://finance.yahoo.com/m/05233f4a-33ed-37e3-994b-843b61cf024a/apple-ceo-tim-cook-predicts.html,1664761080,STORY
9879c101-d8c4-37d7-b5bb-27531bf3c639,A,2022-10-3,Apple already building latest iPhone 14 in India,Financial Times,https://finance.yahoo.com/m/9879c101-d8c4-37d7-b5bb-27531bf3c639/apple-already-building-latest.html,1664748054,STORY
0cf776dc-1d62-3068-88e2-1e1fbc30b4c6,A,2022-10-3,The No. 1 Quality That Top Stocks Share (and It's Not Even Close),Motley Fool,https://finance.yahoo.com/m/0cf776dc-1d62-3068-88e2-1e1fbc30b4c6/the-no.-1-quality-that-top.html,1664729820,STORY
ab5c156b-b168-3717-8959-5f3a373b9ac8,A,2022-10-4,"Apple Suppliers Add Manufacturing Sites in U.S., With Focus on California",The Wall Street Journal,https://finance.yahoo.com/m/ab5c156b-b168-3717-8959-5f3a373b9ac8/apple-suppliers-add.html,1664884020,STORY
b565d43d-7c1a-3de4-86e6-189cfd42e6f9,A,2022-10-4,The Bull Case for Intel: TSMC's Crazy Pricing Power,Motley Fool,https://finance.yahoo.com/m/b565d43d-7c1a-3de4-86e6-189cfd42e6f9/the-bull-case-for-intel%3A.html,1664882400,STORY
a4cb4a7a-d3fb-38b2-8e0d-a61d8f762297,A,2022-10-4,Better Buy: Apple Stock or the Entire Nasdaq?,Motley Fool,https://finance.yahoo.com/m/a4cb4a7a-d3fb-38b2-8e0d-a61d8f762297/better-buy%3A-apple-stock-or.html,1664880300,STORY
3373d9c7-232e-34e7-9c43-cb86d749c986,A,2022-10-4,"UPDATE 2-EU approves phone charger reform, forcing Apple to adapt",Reuters,https://finance.yahoo.com/news/1-eu-lawmakers-pass-single-103804736.html,1664879884,STORY
0511cd36-e55b-4f41-af64-7791b585556a,A,2022-10-4,"Amazon stock has gotten too cheap to ignore, analyst argues",Yahoo Finance,https://finance.yahoo.com/news/amazon-stock-buy-analyst-102159528.html,1664878919,STORY
32101cd6-b532-30c2-a891-daf2c7c4dfd6,A,2022-10-4,3 Warren Buffett Stocks Most Likely to Soar in Q4,Motley Fool,https://finance.yahoo.com/m/32101cd6-b532-30c2-a891-daf2c7c4dfd6/3-warren-buffett-stocks-most.html,1664877120,STORY
fcc2d2b3-09ee-3ff1-9fc7-de6d5268f168,A,2022-10-4,"Down 30%, Is Microsoft Stock a Buy Now?",Motley Fool,https://finance.yahoo.com/m/fcc2d2b3-09ee-3ff1-9fc7-de6d5268f168/down-30%25%2C-is-microsoft-stock.html,1664874300,STORY
c3ad2f31-5100-32d3-ab34-d6d7b6e8423d,A,2022-10-4,UPDATE 2-Apple supplier Foxconn 'cautiously optimistic' about Q4 outlook,Reuters,https://finance.yahoo.com/news/1-apple-supplier-foxconn-cautiously-080224008.html,1664870544,STORY
401f5a4e-89ed-3a2f-8bd6-56b15a7f1c4d,A,2022-10-5,"Dow Jones Futures Fall Ahead Of Key Economic Data, OPEC Meeting",Investor's Business Daily,https://finance.yahoo.com/m/401f5a4e-89ed-3a2f-8bd6-56b15a7f1c4d/dow-jones-futures-fall-ahead.html,1664972019,STORY
edd4c812-af6a-323d-ae9a-09f90d6481ea,A,2022-10-5,Dow Jones Futures Fall After Market Rally On Fed Hopes; Musk-Twitter Saga Isn't Over Yet,Investor's Business Daily,https://finance.yahoo.com/m/edd4c812-af6a-323d-ae9a-09f90d6481ea/dow-jones-futures-fall-after.html,1664971987,STORY
f706ce21-2a93-30f0-9a44-b3c687851a33,A,2022-10-5,Here Are 3 Long-Term Reasons to Buy Apple Today,Motley Fool,https://finance.yahoo.com/m/f706ce21-2a93-30f0-9a44-b3c687851a33/here-are-3-long-term-reasons.html,1664971800,STORY
e4202b45-9f0b-32f0-93e1-eeeba7cea296,A,2022-10-5,Does Apple (NASDAQ:AAPL) Deserve A Spot On Your Watchlist?,Simply Wall St.,https://finance.yahoo.com/news/does-apple-nasdaq-aapl-deserve-110155770.html,1664967715,STORY
69fcfc8b-5f58-396a-9cb8-32437f20a0d8,A,2022-10-5,"Agilent Technologies, Inc.'s (NYSE:A) Stock Has Fared Decently: Is the Market Following Strong Financials?",Simply Wall St.,https://finance.yahoo.com/news/agilent-technologies-inc-nyse-stock-103701481.html,1664966221,STORY
b6039677-90d5-445a-96c7-ecfbe0d126c7,A,2022-10-5,5 reasons why the stock market suddenly roared back,Yahoo Finance,https://finance.yahoo.com/news/5-reasons-why-the-stock-market-100658950.html,1664964418,STORY
4321bc26-39a2-3ec1-b0a3-fda78766d808,A,2022-10-5,All Signs Point to Warren Buffett Buying His Favorite Stock Again,Motley Fool,https://finance.yahoo.com/m/4321bc26-39a2-3ec1-b0a3-fda78766d808/all-signs-point-to-warren.html,1664961660,STORY
777f4383-a0ee-3b59-8669-1cfcb416f6f8,A,2022-10-5,"UPDATE 1-Apple asks suppliers to shift some AirPods, Beats production to India - Nikkei",Reuters,https://finance.yahoo.com/news/1-apple-asks-suppliers-shift-071308500.html,1664953988,STORY
aa3df484-6651-3d95-b3c4-a580757b4e4d,A,2022-10-6,Dow Jones Futures Fall Ahead Of Jobless Claims; Pivotal Jobs Report On Deck,Investor's Business Daily,https://finance.yahoo.com/m/aa3df484-6651-3d95-b3c4-a580757b4e4d/dow-jones-futures-fall-ahead.html,1665058233,STORY
a3132487-7c62-366c-b204-4a1cf9bc438a,A,2022-10-6,"Dow Jones Futures Fall: Market Rally At Pivotal Point; Tesla, Enphase Skid",Investor's Business Daily,https://finance.yahoo.com/m/a3132487-7c62-366c-b204-4a1cf9bc438a/dow-jones-futures-fall%3A.html,1665058116,STORY
a66af3cf-b91a-473f-9345-a88b4d90f907,A,2022-10-6,Stock market news live updates: Stock futures sink after start-of-quarter rally sputters,Yahoo Finance,https://finance.yahoo.com/news/stock-market-news-live-updates-october-6-2022-111702441.html,1665055022,STORY
4b00eaf3-8550-3941-8b99-ae6bc8e29633,A,2022-10-6,"Stock Futures Ease, OPEC+, Musk-Twitter, Ford and Brookfield - Five Things You Must Know",TheStreet.com,https://finance.yahoo.com/m/4b00eaf3-8550-3941-8b99-ae6bc8e29633/stock-futures-ease%2C-opec%2B%2C.html,1665050520,STORY
029fd5c4-e480-42cd-90f4-df0daf575fec,A,2022-10-6,Market noise might be throwing investors off in the fourth quarter: Morning Brief,Yahoo Finance,https://finance.yahoo.com/news/market-noise-might-be-throwing-investors-off-in-the-fourth-quarter-morning-brief-100055888.html,1665050455,STORY
798be413-0957-3c31-94f9-352a0f0163f1,A,2022-10-6,This Dirt-Cheap High-Yield Dow Jones Stock Is a Screaming Buy,Motley Fool,https://finance.yahoo.com/m/798be413-0957-3c31-94f9-352a0f0163f1/this-dirt-cheap-high-yield.html,1665049440,STORY
fe81eff9-f2ed-34b2-9262-c2b75b00c87b,A,2022-10-6,"Asian markets mixed after strong U.S. hiring, OPEC oil production cuts",MarketWatch,https://finance.yahoo.com/m/fe81eff9-f2ed-34b2-9262-c2b75b00c87b/asian-markets-mixed-after.html,1665027780,STORY
c34d58b3-9fd9-3e53-9c5a-3cdd9f88e292,A,2022-10-6,"First Mover Asia: BitMEX Shift From Hong Kong Reflects the Toll of Stringent Covid Policies; Bitcoin Trades Sideways Amid Energy, Employment Concerns",CoinDesk,https://finance.yahoo.com/news/first-mover-asia-bitmex-shift-015422774.html,1665023444,STORY
cc3757f9-7cc1-365e-99b6-d387ef7b14eb,A,2022-10-7,"Dow Jones Futures Await Jobs Report; AMD Warns, Elon Musk Wins Twitter Trial Delay",Investor's Business Daily,https://finance.yahoo.com/m/cc3757f9-7cc1-365e-99b6-d387ef7b14eb/dow-jones-futures-await-jobs.html,1665145076,STORY
17d0d0ca-8fa0-3e10-95bc-55209950b191,A,2022-10-7,Coming up: U.S. jobs report for September,MarketWatch,https://finance.yahoo.com/m/17d0d0ca-8fa0-3e10-95bc-55209950b191/coming-up%3A-u.s.-jobs-report.html,1665144180,STORY
d960b377-4a00-4fd3-beb9-531ebda05260,A,2022-10-7,Stock market news live updates: Stock futures wobble as Wall Street awaits jobs data,Yahoo Finance,https://finance.yahoo.com/news/stock-market-news-live-updates-october-7-2022-103610527.html,1665138970,STORY
2214d317-29c3-3dc0-ba69-dda57375caa8,A,2022-10-7,"Stocks Higher, Musk and Twitter, Credit Suisse, Tik Tok and OPEC Response - Five Things To Know",TheStreet.com,https://finance.yahoo.com/m/2214d317-29c3-3dc0-ba69-dda57375caa8/stocks-higher%2C-musk-and.html,1665137040,STORY
1d4a06b6-0c0b-3e94-a82e-ddb8471b9816,A,2022-10-7,Beat the Dow Jones With This Unstoppable Dividend Stock,Motley Fool,https://finance.yahoo.com/m/1d4a06b6-0c0b-3e94-a82e-ddb8471b9816/beat-the-dow-jones-with-this.html,1665136920,STORY
358348f8-cda6-364f-955c-20d7bf9f3f5a,A,2022-10-7,First Mover Asia: The Crash of Three Arrows Capital’s Starry Night Portfolio Shows NFTs' Lack of Staying Power; Bitcoin Regains $20K After Earlier Drop,CoinDesk,https://finance.yahoo.com/news/first-mover-asia-crash-three-010821314.html,1665104901,STORY
9d0fc9e9-2951-3968-81e9-c16b6528c385,A,2022-10-7,"GLOBAL MARKETS-Stocks fall, yields jump as Fed holds firm on hikes",Reuters,https://finance.yahoo.com/news/global-markets-stocks-fall-yields-205125167.html,1665089485,STORY
6f1a0671-ba72-3a89-87d8-d28d806b296c,A,2022-10-7,US STOCKS-Wall Street closes lower as the Fed pounds rate hike drum,Reuters,https://finance.yahoo.com/news/us-stocks-wall-street-closes-203637610.html,1665088597,STORY
a163f0ce-09ce-38dd-8904-8b2d8cfa9088,A,2022-10-8,"Bad News, Good News: It Can’t Deter the Fed From Raising Rates",Barrons.com,https://finance.yahoo.com/m/a163f0ce-09ce-38dd-8904-8b2d8cfa9088/bad-news%2C-good-news%3A-it-can%E2%80%99t.html,1665191160,STORY
8be52fdb-f2a5-3ecb-8450-aacb8dee516a,A,2022-10-8,"Dow Jones Dives Toward Bear Market Lows As AMD, Tesla, On Semi Plunge; What To Do Now",Investor's Business Daily,https://finance.yahoo.com/m/8be52fdb-f2a5-3ecb-8450-aacb8dee516a/dow-jones-dives-toward-bear.html,1665184607,STORY
80291595-37b3-33d2-9f8c-5f92833046b2,A,2022-10-8,"Chip stocks crushed to two-year low as more tech, AI ban to China add to woes",MarketWatch,https://finance.yahoo.com/m/80291595-37b3-33d2-9f8c-5f92833046b2/chip-stocks-crushed-to.html,1665178080,STORY
0f0d15a9-0886-3e63-b94d-11e7bb19a830,A,2022-10-8,2 Top Tech Stocks to Buy In October,Motley Fool,https://finance.yahoo.com/m/0f0d15a9-0886-3e63-b94d-11e7bb19a830/2-top-tech-stocks-to-buy-in.html,1665177300,STORY
60aa6f69-c8da-3eef-92fd-4dab05fd1ab1,A,2022-10-8,"Stocks to watch in after hours: AMD, Twitter, WTI crude oil, Peloton",Yahoo Finance Video,https://finance.yahoo.com/video/stocks-watch-hours-amd-twitter-210442652.html,1665176682,VIDEO
437a9815-a37d-3b7d-8645-59d15c16a316,A,2022-10-8,US STOCKS-Wall Street ends sharply lower as jobs report cements rate hike regime,Reuters,https://finance.yahoo.com/news/us-stocks-wall-street-ends-204805743.html,1665175685,STORY
509c201e-6fab-37dc-9143-d6a048b320c3,A,2022-10-8,Taiwan Semiconductor Dodges Chip Sector Weakness; AMD Drops On Sales Miss,Investor's Business Daily,https://finance.yahoo.com/m/509c201e-6fab-37dc-9143-d6a048b320c3/taiwan-semiconductor-dodges.html,1665174146,STORY
43bbc894-f01d-31cb-aef0-a93a1f8ab0bf,A,2022-10-8,CORRECTED-US STOCKS-Wall Street ends sharply lower as jobs report cements rate hike regime,Reuters,https://finance.yahoo.com/news/us-stocks-wall-street-ends-200026703.html,1665172826,STORY
0d636253-246a-38fc-aabc-8a682fccbbd0,A,2022-10-9,"Nvidia, AMD, and 8 More Stocks Could See a Bounce Soon. Here’s Why.",Barrons.com,https://finance.yahoo.com/m/0d636253-246a-38fc-aabc-8a682fccbbd0/nvidia%2C-amd%2C-and-8-more.html,1665316800,STORY
8be52fdb-f2a5-3ecb-8450-aacb8dee516a,A,2022-10-9,"Dow Jones Futures: Stocks Back Near Bear Market Lows; AMD, Tesla Plunge",Investor's Business Daily,https://finance.yahoo.com/m/8be52fdb-f2a5-3ecb-8450-aacb8dee516a/dow-jones-futures%3A-stocks.html,1665288467,STORY
1259e6f9-f086-3d9a-aaca-859d58cd3ad6,A,2022-10-9,China Says Biden’s New Chip Technology Curbs Will Harm Recovery,Bloomberg,https://finance.yahoo.com/news/white-house-adds-restrictions-chip-151509945.html,1665239366,STORY
671ce23f-7611-385f-a50b-d621d7b5e179,A,2022-10-9,"The Bad Year of Chipmakers AMD, Nvidia and Intel Turns Into a Nightmare",TheStreet.com,https://finance.yahoo.com/m/671ce23f-7611-385f-a50b-d621d7b5e179/the-bad-year-of-chipmakers.html,1665236220,STORY
a163f0ce-09ce-38dd-8904-8b2d8cfa9088,A,2022-10-9,"Bad News, Good News: It Can’t Deter the Fed From Raising Rates",Barrons.com,https://finance.yahoo.com/m/a163f0ce-09ce-38dd-8904-8b2d8cfa9088/bad-news%2C-good-news%3A-it-can%E2%80%99t.html,1665191160,STORY
80291595-37b3-33d2-9f8c-5f92833046b2,A,2022-10-9,"Chip stocks crushed to two-year low as more tech, AI ban to China add to woes",MarketWatch,https://finance.yahoo.com/m/80291595-37b3-33d2-9f8c-5f92833046b2/chip-stocks-crushed-to.html,1665178080,STORY
0f0d15a9-0886-3e63-b94d-11e7bb19a830,A,2022-10-9,2 Top Tech Stocks to Buy In October,Motley Fool,https://finance.yahoo.com/m/0f0d15a9-0886-3e63-b94d-11e7bb19a830/2-top-tech-stocks-to-buy-in.html,1665177300,STORY
60aa6f69-c8da-3eef-92fd-4dab05fd1ab1,A,2022-10-9,"Stocks to watch in after hours: AMD, Twitter, WTI crude oil, Peloton",Yahoo Finance Video,https://finance.yahoo.com/video/stocks-watch-hours-amd-twitter-210442652.html,1665176682,VIDEO
8be52fdb-f2a5-3ecb-8450-aacb8dee516a,A,2022-10-10,Dow Jones Futures: Stocks Near Bear Market Lows On Columbus Day,Investor's Business Daily,https://finance.yahoo.com/m/8be52fdb-f2a5-3ecb-8450-aacb8dee516a/dow-jones-futures%3A-stocks.html,1665404447,STORY
fbe8dab0-ea44-3065-84be-0af3d98586af,A,2022-10-10,US Semiconductor Stocks Join Global Rout as Biden Expands Curbs,Bloomberg,https://finance.yahoo.com/news/china-chip-stocks-drop-biden-014047708.html,1665403085,STORY
6931542d-7b12-3cef-b299-27bd9a84fb79,A,2022-10-10,The Fed Looks Set to Overshoot on Interest Rates. What to Learn From Earnings.,Barrons.com,https://finance.yahoo.com/m/6931542d-7b12-3cef-b299-27bd9a84fb79/the-fed-looks-set-to.html,1665397980,STORY
f8d76f9b-05e4-4b03-85e9-a9e3a082e2ec,A,2022-10-10,3 reasons why your money is at risk for the rest of October: Morning Brief,Yahoo Finance,https://finance.yahoo.com/news/3-reasons-why-your-money-is-at-risk-for-the-rest-of-october-morning-brief-100000775.html,1665396000,STORY
96bc2720-bf5c-3ad3-a3d9-fea583e80bd8,A,2022-10-10,How Biden’s Chip Actions May Be Broadest China Salvo Yet,Bloomberg,https://finance.yahoo.com/news/biden-chip-actions-may-broadest-090234187.html,1665392554,STORY
0d636253-246a-38fc-aabc-8a682fccbbd0,A,2022-10-10,"Nvidia, AMD, and 8 More Stocks Could See a Bounce Soon. Here’s Why.",Barrons.com,https://finance.yahoo.com/m/0d636253-246a-38fc-aabc-8a682fccbbd0/nvidia%2C-amd%2C-and-8-more.html,1665316800,STORY
1259e6f9-f086-3d9a-aaca-859d58cd3ad6,A,2022-10-10,China Says Biden’s New Chip Technology Curbs Will Harm Recovery,Bloomberg,https://finance.yahoo.com/news/white-house-adds-restrictions-chip-151509945.html,1665239366,STORY
671ce23f-7611-385f-a50b-d621d7b5e179,A,2022-10-10,"The Bad Year of Chipmakers AMD, Nvidia and Intel Turns Into a Nightmare",TheStreet.com,https://finance.yahoo.com/m/671ce23f-7611-385f-a50b-d621d7b5e179/the-bad-year-of-chipmakers.html,1665236220,STORY
6148098e-ac43-3205-ae7d-69f2f63ca0f0,A,2022-10-11,Dow Jones Futures Fall As Nasdaq Hits 2-Year Low; 10-Year Treasury Yield Nears 4%,Investor's Business Daily,https://finance.yahoo.com/m/6148098e-ac43-3205-ae7d-69f2f63ca0f0/dow-jones-futures-fall-as.html,1665490659,STORY
b82727c1-5ee0-3628-9f65-42962b971da8,A,2022-10-11,3 Tech Stocks With More Potential Than Any Cryptocurrency,Motley Fool,https://finance.yahoo.com/m/b82727c1-5ee0-3628-9f65-42962b971da8/3-tech-stocks-with-more.html,1665490500,STORY
decb9b06-8768-3f6d-8f7d-1f3fec4d5fe3,A,2022-10-11,The Non-Apple PC Market Has Fallen Below Pre-Pandemic Levels,Motley Fool,https://finance.yahoo.com/m/decb9b06-8768-3f6d-8f7d-1f3fec4d5fe3/the-non-apple-pc-market-has.html,1665489600,STORY
d8194c96-7098-3b58-97c2-41bebbd5023d,A,2022-10-11,Apple's M1 MacBook Air Just Hit $799 on Amazon,TheStreet.com,https://finance.yahoo.com/m/d8194c96-7098-3b58-97c2-41bebbd5023d/apple%27s-m1-macbook-air-just.html,1665483660,STORY
ca648dbf-c780-3e5b-82c5-0f9e08375417,A,2022-10-11,Got $100? Buy These 2 Beaten-Down Stocks Before They Go on a Bull Run,Motley Fool,https://finance.yahoo.com/m/ca648dbf-c780-3e5b-82c5-0f9e08375417/got-%24100%3F-buy-these-2.html,1665482220,STORY
409bd61d-c551-3fe8-bb3e-651c9f11c629,A,2022-10-11,"UPDATE 1-India to press Apple, Samsung for faster 5G software upgrades in phones",Reuters,https://finance.yahoo.com/news/1-india-press-apple-samsung-090518377.html,1665479118,STORY
1fc6b380-fcb9-37ac-9207-ece977af9c9a,A,2022-10-11,"India to press Apple, Samsung for faster 5G software upgrades in phones",Reuters,https://finance.yahoo.com/news/india-press-apple-samsung-faster-083023498.html,1665477023,STORY
08b66995-c723-39a1-a7e4-1a3766d16c62,A,2022-10-11,World Economic Forum Recognizes Agilent Facility in Singapore as a Leader in Advanced Manufacturing,Business Wire,https://finance.yahoo.com/news/world-economic-forum-recognizes-agilent-060000652.html,1665468000,STORY
cabe683a-5df8-318c-a4a1-58bf99e766a5,A,2022-10-12,Is Apple stock a good hiding spot? Analysts can’t agree.,MarketWatch,https://finance.yahoo.com/m/cabe683a-5df8-318c-a4a1-58bf99e766a5/is-apple-stock-a-good-hiding.html,1665577200,STORY
4d2b0a8f-89d1-32d8-8c85-08db4f0d551b,A,2022-10-12,"Dow Jones Futures Climb Ahead Of Key Inflation Data, Fed Minutes; PepsiCo Jumps On Earnings",Investor's Business Daily,https://finance.yahoo.com/m/4d2b0a8f-89d1-32d8-8c85-08db4f0d551b/dow-jones-futures-climb-ahead.html,1665576924,STORY
0cc51876-63f9-3d51-a8a4-dacfcbe2ca5a,A,2022-10-12,Agilent Opens Center of Excellence for Dissolution Products,Business Wire,https://finance.yahoo.com/news/agilent-opens-center-excellence-dissolution-120000394.html,1665576000,STORY
580c35ec-24ba-3bce-a88e-616fcaa77316,A,2022-10-12,"The Zacks Analyst Blog Highlights HP, Dell, Apple and Lenovo",Zacks,https://finance.yahoo.com/news/zacks-analyst-blog-highlights-hp-105610824.html,1665572170,STORY
272d7d3e-8931-444d-ba98-c9e41800abd6,A,2022-10-12,Apple stock doesn't scare this analyst despite global slowdown,Yahoo Finance,https://finance.yahoo.com/news/apple-stock-analyst-global-slowdown-101648508.html,1665569808,STORY
c329846b-5fa8-387b-a261-5302229c68c1,A,2022-10-12,3 Top Metaverse Stocks to Buy in October,Motley Fool,https://finance.yahoo.com/m/c329846b-5fa8-387b-a261-5302229c68c1/3-top-metaverse-stocks-to-buy.html,1665568200,STORY
cc6a956f-d1ce-30b2-abb3-32e3e4f80a64,A,2022-10-12,The Long-Term Bull Case for Meta Platforms,Motley Fool,https://finance.yahoo.com/m/cc6a956f-d1ce-30b2-abb3-32e3e4f80a64/the-long-term-bull-case-for.html,1665567240,STORY
82e5907f-235f-3848-adf4-8f1e7b78786b,A,2022-10-12,"If You Invested $10,000 In Apple for Its IPO In 1980, Here's How Much You'd Have Now",Motley Fool,https://finance.yahoo.com/m/82e5907f-235f-3848-adf4-8f1e7b78786b/if-you-invested-%2410%2C000-in.html,1665565560,STORY
e33268b6-3611-3da6-9611-658401374cc2,A,2022-10-13,Estimating The Fair Value Of Apple Inc. (NASDAQ:AAPL),Simply Wall St.,https://finance.yahoo.com/news/estimating-fair-value-apple-inc-120108710.html,1665662468,STORY
9313dd09-30f3-3bcd-b512-37840755e49b,A,2022-10-13,Pinterest Leaves Peers in the Dust With 34% Rally,Bloomberg,https://finance.yahoo.com/news/pinterest-leaves-peers-dust-34-102319298.html,1665656599,STORY
d626c061-6da3-3bd2-8cff-5da3d41fda6e,A,2022-10-13,"5 Stocks That Turned a $5,000 Investment Into $1 Million",Motley Fool,https://finance.yahoo.com/m/d626c061-6da3-3bd2-8cff-5da3d41fda6e/5-stocks-that-turned-a-%245%2C000.html,1665655860,STORY
9623f669-b743-3bce-84eb-502427022424,A,2022-10-13,TSMC Cuts Capital Spending 10% in a Warning for Tech Sector,Bloomberg,https://finance.yahoo.com/news/tsmc-earnings-top-estimates-chip-053326081.html,1665653153,STORY
f6ea3a25-02e8-335e-a3cd-8cf0757eb634,A,2022-10-13,1 Reason You Don't Want to Own PC Makers Like HP and Dell Right Now,Motley Fool,https://finance.yahoo.com/m/f6ea3a25-02e8-335e-a3cd-8cf0757eb634/1-reason-you-don%27t-want-to.html,1665652200,STORY
c45c93a7-8647-3aa8-864e-04f61412a82c,A,2022-10-13,Why Apple Stock Is Down 23% This Year,Motley Fool,https://finance.yahoo.com/m/c45c93a7-8647-3aa8-864e-04f61412a82c/why-apple-stock-is-down-23%25.html,1665651840,STORY
e154a8a0-cd0b-342b-a447-72865f6765aa,A,2022-10-13,Taiwan Semiconductor Warns of Weaker Demand Despite Profit Surge,Barrons.com,https://finance.yahoo.com/m/e154a8a0-cd0b-342b-a447-72865f6765aa/taiwan-semiconductor-warns-of.html,1665649020,STORY
9e6b97e2-2cef-3409-936f-3cd571f4096a,A,2022-10-13,Garmin (GRMN) Grows Wearable Portfolio With MARQ Watch Series,Zacks,https://finance.yahoo.com/news/garmin-grmn-grows-wearable-portfolio-210409326.html,1665608649,STORY
5b10055e-3927-3a3f-b391-031d18133af0,A,2022-10-14,"Dow Jones Futures Rise On U.K. News After Stocks Surge From Bear Market Lows; UnitedHealth, JPMorgan Report",Investor's Business Daily,https://finance.yahoo.com/m/5b10055e-3927-3a3f-b391-031d18133af0/dow-jones-futures-rise-on.html,1665749780,STORY
1589cbec-954c-4396-8136-af782676ee46,A,2022-10-14,Stock market news live updates: Stock futures waver amid earnings reports from financial heavyweights,Yahoo Finance,https://finance.yahoo.com/news/stock-market-news-live-updates-october-14-115112610.html,1665748272,STORY
4ae5aa92-5e33-399b-b741-784ac9245d96,A,2022-10-14,3 Once-in-a-Decade Buying Opportunities in the Dow Jones Bear Market,Motley Fool,https://finance.yahoo.com/m/4ae5aa92-5e33-399b-b741-784ac9245d96/3-once-in-a-decade-buying.html,1665739260,STORY
e0e1396e-be19-383e-8794-c3257db270df,A,2022-10-14,"British bonds rise on fiscal U-turn hopes, Wall Street seen opening higher",Reuters,https://finance.yahoo.com/news/asian-shares-track-wall-street-015611807.html,1665712571,STORY
3b748bb0-4ce4-3203-a7c2-33c6dc371fe7,A,2022-10-14,GLOBAL MARKETS-Asian shares track Wall Street higher as jitters abound,Reuters,https://finance.yahoo.com/news/global-markets-asian-shares-track-015223233.html,1665712343,STORY
482bce7a-f5e2-386e-94eb-541a235f3d42,A,2022-10-14,How the Stock Market Shrugged Off High Inflation -- For Now,Motley Fool,https://finance.yahoo.com/m/482bce7a-f5e2-386e-94eb-541a235f3d42/how-the-stock-market-shrugged.html,1665698760,STORY
b2081027-2d28-3457-beb5-13fbdf9fb658,A,2022-10-14,"Market Wrap: Prices Plunge Following Hot Inflation Report, Then Reverse Course Completely",CoinDesk,https://finance.yahoo.com/news/market-wrap-prices-plunge-following-212842077.html,1665696522,STORY
b7f342cc-c86a-312c-93d5-6a8a5620d096,A,2022-10-14,Why stocks scored a historic bounce after another hot inflation report,MarketWatch,https://finance.yahoo.com/m/b7f342cc-c86a-312c-93d5-6a8a5620d096/why-stocks-scored-a-historic.html,1665696060,STORY
47c19993-a1cd-3703-b12d-7997a614218c,A,2022-10-15,"Dow Jones Futures: New Market Rally Attempt Already Reeling; Netflix, Tesla Earnings Ahead",Investor's Business Daily,https://finance.yahoo.com/m/47c19993-a1cd-3703-b12d-7997a614218c/dow-jones-futures%3A-new-market.html,1665791145,STORY
a9539567-10df-3bb3-bfc8-972cea82f336,A,2022-10-15,Tesla Stock Is Down 50% From Its High. Time to Buy?,Motley Fool,https://finance.yahoo.com/m/a9539567-10df-3bb3-bfc8-972cea82f336/tesla-stock-is-down-50%25-from.html,1665786660,STORY
ad434121-8720-3416-8024-ffda403ce288,A,2022-10-15,Stock Market Investing Action Plan: Beware The Bear's Bottom,Investor's Business Daily,https://finance.yahoo.com/m/ad434121-8720-3416-8024-ffda403ce288/stock-market-investing-action.html,1665784306,STORY
9a4460ab-2246-3ee4-8fbd-81d7736bba9c,A,2022-10-15,Weekly Roundup,TheStreet.com,https://finance.yahoo.com/m/9a4460ab-2246-3ee4-8fbd-81d7736bba9c/weekly-roundup.html,1665784200,STORY
359fec99-9955-36a4-bcad-2dbf26d392c9,A,2022-10-15,"GLOBAL MARKETS-Wall Street slides, dollar gains on sterling and yen",Reuters,https://finance.yahoo.com/news/global-markets-wall-street-slides-204933569.html,1665780573,STORY
93e0f4fd-1983-3b18-8308-1e3fb4380fb5,A,2022-10-15,Stock Market Closes Near Lows; Dow Manages To End The Week With A Gain,Investor's Business Daily,https://finance.yahoo.com/m/93e0f4fd-1983-3b18-8308-1e3fb4380fb5/stock-market-closes-near.html,1665778513,STORY
37ac59a6-95b0-3838-89d1-7ecc72975bc0,A,2022-10-15,"Stocks end sharply lower Friday to cap off volatile week, but Dow books second weekly gain",MarketWatch,https://finance.yahoo.com/m/37ac59a6-95b0-3838-89d1-7ecc72975bc0/stocks-end-sharply-lower.html,1665778044,STORY
20f658b6-d467-3765-851d-564f041a1dd5,A,2022-10-15,US STOCKS-Wall St drops as consumer data stokes inflation worry,Reuters,https://finance.yahoo.com/news/us-stocks-wall-st-drops-200028076.html,1665777628,STORY
eff77490-768f-39fc-8192-afebce18f682,A,2022-10-16,3 Tips From Warren Buffett to Get You Through Any Bear Market,Motley Fool,https://finance.yahoo.com/m/eff77490-768f-39fc-8192-afebce18f682/3-tips-from-warren-buffett-to.html,1665919800,STORY
c4830f58-c067-3ecd-ba58-74f2bab3b3f3,A,2022-10-16,This Bear Market Risk Indicator Suggests We Head a Lot Lower,Motley Fool,https://finance.yahoo.com/m/c4830f58-c067-3ecd-ba58-74f2bab3b3f3/this-bear-market-risk.html,1665911160,STORY
3e9b2163-bb30-3e89-9ba0-961d59a595ab,A,2022-10-16,The top 25 market events of the last 25 years,MarketWatch,https://finance.yahoo.com/m/3e9b2163-bb30-3e89-9ba0-961d59a595ab/the-top-25-market-events-of.html,1665839580,STORY
47c19993-a1cd-3703-b12d-7997a614218c,A,2022-10-16,"Dow Jones Futures: New Market Rally Attempt Already Reeling; Netflix, Tesla Earnings Ahead",Investor's Business Daily,https://finance.yahoo.com/m/47c19993-a1cd-3703-b12d-7997a614218c/dow-jones-futures%3A-new-market.html,1665791925,STORY
a9539567-10df-3bb3-bfc8-972cea82f336,A,2022-10-16,Tesla Stock Is Down 50% From Its High. Time to Buy?,Motley Fool,https://finance.yahoo.com/m/a9539567-10df-3bb3-bfc8-972cea82f336/tesla-stock-is-down-50%25-from.html,1665786660,STORY
ad434121-8720-3416-8024-ffda403ce288,A,2022-10-16,Stock Market Investing Action Plan: Beware The Bear's Bottom,Investor's Business Daily,https://finance.yahoo.com/m/ad434121-8720-3416-8024-ffda403ce288/stock-market-investing-action.html,1665784306,STORY
9a4460ab-2246-3ee4-8fbd-81d7736bba9c,A,2022-10-16,Weekly Roundup,TheStreet.com,https://finance.yahoo.com/m/9a4460ab-2246-3ee4-8fbd-81d7736bba9c/weekly-roundup.html,1665784200,STORY
359fec99-9955-36a4-bcad-2dbf26d392c9,A,2022-10-16,"GLOBAL MARKETS-Wall Street slides, dollar gains on sterling and yen",Reuters,https://finance.yahoo.com/news/global-markets-wall-street-slides-204933569.html,1665780573,STORY
d4a81aad-bf4f-354c-922a-b39a5804da68,A,2022-10-17,Apple/China: suspending plan to use Yangtze chips means more local tech problems,Financial Times,https://finance.yahoo.com/m/d4a81aad-bf4f-354c-922a-b39a5804da68/apple%2Fchina%3A-suspending-plan.html,1666003995,STORY
3a209419-3e38-3353-99db-4556c93826ea,A,2022-10-17,Here's the FAANG Stock Wall Street Thinks Will Soar the Most Over the Next 12 Months,Motley Fool,https://finance.yahoo.com/m/3a209419-3e38-3353-99db-4556c93826ea/here%27s-the-faang-stock-wall.html,1666000320,STORY
f839d409-f45b-382b-bc8f-08bdacaccf96,A,2022-10-17,UPDATE 1-Apple freezes plans to use China's YMTC chips - Nikkei,Reuters,https://finance.yahoo.com/news/1-apple-freezes-plans-chinas-040118278.html,1665979278,STORY
61dcf345-0c91-3d0b-86c8-5a09b79c401c,A,2022-10-17,Asia Stocks Sink as China Chip Woes Worsen,Investing.com,https://finance.yahoo.com/news/asia-stocks-sink-china-chip-005030064.html,1665967830,STORY
66e53c1d-9aed-3331-89b3-d997753af7aa,A,2022-10-17,Apple store workers in Oklahoma vote to unionize in another labor win,MarketWatch,https://finance.yahoo.com/m/66e53c1d-9aed-3331-89b3-d997753af7aa/apple-store-workers-in.html,1665956520,STORY
531eecdb-c366-3515-a302-db29a69cd505,A,2022-10-17,15 Best Countries to Live in the Future,Insider Monkey,https://finance.yahoo.com/news/15-best-countries-live-future-192619416.html,1665948379,STORY
62977b8b-4716-35fe-b037-cd9b95f05ebd,A,2022-10-17,Satellite Mobile Phones Have a Long—and Not So Illustrious—Past,The Wall Street Journal,https://finance.yahoo.com/m/62977b8b-4716-35fe-b037-cd9b95f05ebd/satellite-mobile-phones-have.html,1665932400,STORY
11a95348-5b7b-358e-a3b0-375ecef8612d,A,2022-10-17,"$5,000 Invested in These Growth Stocks Could Make You Rich Over the Next 10 Years",Motley Fool,https://finance.yahoo.com/m/11a95348-5b7b-358e-a3b0-375ecef8612d/%245%2C000-invested-in-these.html,1665930600,STORY
e7788baf-7564-3b68-b780-0e36098815c0,A,2022-10-18,3 Growth Stocks to Buy in a Bear Market,Motley Fool,https://finance.yahoo.com/m/e7788baf-7564-3b68-b780-0e36098815c0/3-growth-stocks-to-buy-in-a.html,1666087980,STORY
edeb1ba5-cf0f-330f-bad8-c13b15db2736,A,2022-10-18,Apple Is Using Streaming to Unlock Another Growing Business,Motley Fool,https://finance.yahoo.com/m/edeb1ba5-cf0f-330f-bad8-c13b15db2736/apple-is-using-streaming-to.html,1666086840,STORY
872f2a25-7a47-3caf-99f5-34b057dc65d5,A,2022-10-18,"Q3 Earnings Scorecard and Analyst Reports for Apple, Abbott, IBM & Others",Zacks,https://finance.yahoo.com/news/q3-earnings-scorecard-analyst-reports-175105026.html,1666029065,STORY
891c882a-cf02-3aae-98ff-e2ccebd7c545,A,2022-10-18,Alphabet (GOOGL) Enhances YouTube With Homescreen Widgets,Zacks,https://finance.yahoo.com/news/alphabet-googl-enhances-youtube-homescreen-170305612.html,1666026185,STORY
0e2f9c24-d1cf-3b92-b6fd-88cb84775ff5,A,2022-10-18,"Apple Stock Is Top Pick, but Hardware Sector Set for Pain, Says Morgan Stanley",Barrons.com,https://finance.yahoo.com/m/0e2f9c24-d1cf-3b92-b6fd-88cb84775ff5/apple-stock-is-top-pick%2C-but.html,1666023720,STORY
4a7ac672-3fa4-33d7-8656-6d815584a0ae,A,2022-10-18,4 Under-the-Radar Tech Stocks Looking Good Right Now,Zacks,https://finance.yahoo.com/news/4-under-radar-tech-stocks-161804144.html,1666023484,STORY
5ff8d617-bea2-3139-ac83-18ce5a697aba,A,2022-10-18,Is Apple (AAPL) a Good Long-Term Bet?,Insider Monkey,https://finance.yahoo.com/news/apple-aapl-good-long-term-155345090.html,1666022025,STORY
323b6296-3edb-31ff-9ae0-c75b50582fc9,A,2022-10-18,Apple's Entry-Level iPad is Just $269 on Amazon,TheStreet.com,https://finance.yahoo.com/m/323b6296-3edb-31ff-9ae0-c75b50582fc9/apple%27s-entry-level-ipad-is.html,1666020120,STORY
5e3ae84d-de18-37e5-bfaa-0e98ce09fb2c,A,2022-10-19,Global Smartphone Demand Continues Fall as Economic Woes Hit,Bloomberg,https://finance.yahoo.com/news/global-smartphone-demand-continues-fall-030426608.html,1666148666,STORY
4a7919f3-6aaa-32ab-8631-fd707366abfd,A,2022-10-19,Apple (AAPL) Gains But Lags Market: What You Should Know,Zacks,https://finance.yahoo.com/news/apple-aapl-gains-lags-market-214509558.html,1666129509,STORY
90453705-3d26-31a7-94e0-90324af2ad3d,A,2022-10-19,"Apple Rounds Out Holiday Lineup With New iPads, TV Streaming Box",Investor's Business Daily,https://finance.yahoo.com/m/90453705-3d26-31a7-94e0-90324af2ad3d/apple-rounds-out-holiday.html,1666125717,STORY
3344ea41-88f7-3977-864a-44d4fc8415ba,A,2022-10-19,"Foxconn Wants To Make Tesla Cars After Fisker Pear EV, Apple iPhones",Investor's Business Daily,https://finance.yahoo.com/m/3344ea41-88f7-3977-864a-44d4fc8415ba/foxconn-wants-to-make-tesla.html,1666124157,STORY
43c83c0f-4811-35d7-9569-ef96162972a3,A,2022-10-19,Apple Stock Slips on Report iPhone 14 Plus Production Was Cut on Weak Demand,Barrons.com,https://finance.yahoo.com/m/43c83c0f-4811-35d7-9569-ef96162972a3/apple-stock-slips-on-report.html,1666122780,STORY
02ee3dc9-4657-3c9e-8c13-e1548218702a,A,2022-10-19,Apple's Latest iPad Pros get the M2 Chip and a new Apple Pencil Trick,TheStreet.com,https://finance.yahoo.com/m/02ee3dc9-4657-3c9e-8c13-e1548218702a/apple%27s-latest-ipad-pros-get.html,1666121880,STORY
3f043c57-31ff-34f1-b779-2d5000d179b8,A,2022-10-19,Apple's 10th Gen iPad Is the Biggest Redesign in Years,TheStreet.com,https://finance.yahoo.com/m/3f043c57-31ff-34f1-b779-2d5000d179b8/apple%27s-10th-gen-ipad-is-the.html,1666121460,STORY
7a7f8ba9-d8c8-3bb1-9701-66b7d0fc2c9a,A,2022-10-19,"Apple reportedly cuts production figures on iPhone 14 Plus, unveils redesigned iPad",Yahoo Finance Video,https://finance.yahoo.com/video/apple-reportedly-cuts-production-figures-192410635.html,1666121050,VIDEO
c4904f05-57dc-31e1-a408-6d0bdb143339,A,2022-10-20,1 Semiconductor Stock Down 47% You May Regret Not Buying Hand Over Fist,Motley Fool,https://finance.yahoo.com/m/c4904f05-57dc-31e1-a408-6d0bdb143339/1-semiconductor-stock-down.html,1666262820,STORY
9f64ea06-eed6-3edd-8f58-54edeb7b7ba3,A,2022-10-20,My Top 2 Dividend Stocks to Buy Now,Motley Fool,https://finance.yahoo.com/m/9f64ea06-eed6-3edd-8f58-54edeb7b7ba3/my-top-2-dividend-stocks-to.html,1666258500,STORY
d2246a53-f829-3345-92dd-196e921ca150,A,2022-10-20,US chip curbs start to bite and India explores an e-rupee,Financial Times,https://finance.yahoo.com/m/d2246a53-f829-3345-92dd-196e921ca150/us-chip-curbs-start-to-bite.html,1666257809,STORY
6339c49e-22d1-34ef-998d-05c445759f06,A,2022-10-20,Elon Musk Says Tesla Will Snatch Apple's Crown,TheStreet.com,https://finance.yahoo.com/m/6339c49e-22d1-34ef-998d-05c445759f06/elon-musk-says-tesla-will.html,1666236240,STORY
7da35eb1-10cc-440f-9c87-f3626da523b3,A,2022-10-20,The pandemic is finally hitting big tech — two years later,Yahoo Finance,https://finance.yahoo.com/news/the-pandemic-is-finally-hitting-big-tech-two-years-later-203449690.html,1666211689,STORY
f639dbd5-61a3-36bb-8d13-7d5ea5e2ede6,A,2022-10-20,Why Meta Platforms Stock Was Outperforming the Market Today,Motley Fool,https://finance.yahoo.com/m/f639dbd5-61a3-36bb-8d13-7d5ea5e2ede6/why-meta-platforms-stock-was.html,1666205292,STORY
bdfe787f-c084-3a88-b222-b78f170d931d,A,2022-10-20,Digital ad market shows 'signs of life' but economy clouds 2023 outlook,Reuters,https://finance.yahoo.com/news/digital-ad-market-shows-signs-184256362.html,1666204976,STORY
e2289fae-85f9-335d-a6e6-0f8506fec85b,A,2022-10-20,"Apple Stock Is a Top Pick, and Sales Will Beat Estimates, Says Morgan Stanley",Barrons.com,https://finance.yahoo.com/m/e2289fae-85f9-335d-a6e6-0f8506fec85b/apple-stock-is-a-top-pick%2C.html,1666202160,STORY
b6855d60-862b-31d7-99c7-75b98433d5b6,A,2022-10-21,The Bad News for Apple in Tesla’s Earnings,Barrons.com,https://finance.yahoo.com/m/b6855d60-862b-31d7-99c7-75b98433d5b6/the-bad-news-for-apple-in.html,1666354080,STORY
f64aec1d-bd9c-3540-a191-f97a24b63d73,A,2022-10-21,"With 53% ownership of the shares, Apple Inc. (NASDAQ:AAPL) is heavily dominated by institutional owners",Simply Wall St.,https://finance.yahoo.com/news/53-ownership-shares-apple-inc-110038858.html,1666350038,STORY
181dc96b-45bf-391b-aafc-e2b586244636,A,2022-10-21,Want to Get Richer? 3 Top Stocks to Buy Now and Hold Forever,Motley Fool,https://finance.yahoo.com/m/181dc96b-45bf-391b-aafc-e2b586244636/want-to-get-richer%3F-3-top.html,1666347900,STORY
b2879f8b-b5fa-433b-bc7d-a7cc6cec60a9,A,2022-10-21,Snap stock is crashing again — 3 big problems still lurk: Analyst,Yahoo Finance,https://finance.yahoo.com/news/snap-stock-is-crashing-again-3-big-problems-still-lurk-102202548.html,1666347722,STORY
986478d9-6150-34fb-92b5-330208057d63,A,2022-10-21,Zuckerberg's Metaverse Bet Is More Than Experimental - It's Key to Meta's Survival,Motley Fool,https://finance.yahoo.com/m/986478d9-6150-34fb-92b5-330208057d63/zuckerberg%27s-metaverse-bet-is.html,1666344660,STORY
6b24446f-63c9-35bc-aa96-bb9485566dcf,A,2022-10-21,77% of Warren Buffett's $313 Billion Portfolio Is Invested in These 6 Stocks,Motley Fool,https://finance.yahoo.com/m/6b24446f-63c9-35bc-aa96-bb9485566dcf/77%25-of-warren-buffett%27s-%24313.html,1666343160,STORY
25b47768-01dd-3190-8b64-ecda19e98c1a,A,2022-10-21,UPDATE 1-Foxconn says production normal at iPhone plant in China despite COVID curbs,Reuters,https://finance.yahoo.com/news/1-foxconn-says-production-normal-030740533.html,1666321660,STORY
0bc38f9b-2bef-3834-b477-2aae7f176bbc,A,2022-10-21,Foxconn says production normal at iPhone plant in China despite COVID curbs,Reuters,https://finance.yahoo.com/news/foxconn-imposes-restrictions-iphone-assembly-004101461.html,1666312861,STORY
a97357e9-32e2-32df-a324-bf1924653c2a,A,2022-10-22,AT&T stock has its best week since 2000: ‘There is at least a plausible case for optimism’,MarketWatch,https://finance.yahoo.com/m/a97357e9-32e2-32df-a324-bf1924653c2a/at%26t-stock-has-its-best-week.html,1666385820,STORY
79fa59e3-872a-30d8-b532-c56a8c97666e,A,2022-10-22,Why Verizon Stock Dropped Today,Motley Fool,https://finance.yahoo.com/m/79fa59e3-872a-30d8-b532-c56a8c97666e/why-verizon-stock-dropped.html,1666385504,STORY
dc1733d6-269d-3296-909d-d9368c043a24,A,2022-10-22,How to Buy Verizon and Its 7.5% Dividend Yield With Low Risk,TheStreet.com,https://finance.yahoo.com/m/dc1733d6-269d-3296-909d-d9368c043a24/how-to-buy-verizon-and-its.html,1666382160,STORY
9b7849cf-478e-3904-b086-603d9c85ff16,A,2022-10-22,Is Verizon A Buy Or Sell As Wireless Consumer Subscriber Losses Mount in Q3?,Investor's Business Daily,https://finance.yahoo.com/m/9b7849cf-478e-3904-b086-603d9c85ff16/is-verizon-a-buy-or-sell-as.html,1666380615,STORY
b987f628-06c2-4381-b0ee-1ff6faf23c3b,A,2022-10-22,AT&T CFO: Phone bill delinquency rates ‘slightly worse than pre-pandemic norms’,Yahoo Finance,https://finance.yahoo.com/news/att-cfo-delinquency-phone-bills-slightly-worse-than-pre-pandemic-norms-190204501.html,1666378924,STORY
00877702-7bf2-3b79-b07f-d0c6dbec831b,A,2022-10-22,Verizon Stock Slips After Beating Earnings Estimates. It’s Not AT&T,Barrons.com,https://finance.yahoo.com/m/00877702-7bf2-3b79-b07f-d0c6dbec831b/verizon-stock-slips-after.html,1666373520,STORY
133006c6-b8d2-351f-9986-69830281f92d,A,2022-10-22,"Company News for Oct 21, 2022",Zacks,https://finance.yahoo.com/news/company-news-oct-21-2022-133501712.html,1666359301,STORY
05e1f810-fc8a-3289-9024-140a2ddec7ec,A,2022-10-22,"Have $1,000 to Invest? 2 All-Weather Dividend Stocks to Buy and Hold Forever.",Motley Fool,https://finance.yahoo.com/m/05e1f810-fc8a-3289-9024-140a2ddec7ec/have-%241%2C000-to-invest%3F-2.html,1666357080,STORY
1768a8bd-27e2-3a54-8d85-77499b79f370,A,2022-10-23,Merck Stock In Bullish Setup Ahead Of Q3 Results; Apple Leads FAANG Earnings Barrage,Investor's Business Daily,https://finance.yahoo.com/m/1768a8bd-27e2-3a54-8d85-77499b79f370/merck-stock-in-bullish-setup.html,1666525812,STORY
4f235af3-c00c-3d67-8030-50efbea68ca9,A,2022-10-23,iPadOS 16 Tips and Tricks: Apple’s Tablet Gets More Multitasking Features,The Wall Street Journal,https://finance.yahoo.com/m/4f235af3-c00c-3d67-8030-50efbea68ca9/ipados-16-tips-and-tricks%3A.html,1666522800,STORY
e5599b4a-d1b4-3965-b713-01e754a8566e,A,2022-10-23,"Market Rally Roars, 5 Growth Stocks Near Buy Points; Apple, Big Earnings Due",Investor's Business Daily,https://finance.yahoo.com/m/e5599b4a-d1b4-3965-b713-01e754a8566e/market-rally-roars%2C-5-growth.html,1666453693,STORY
92f236cd-d3b5-37b9-a9a6-1baaee787879,A,2022-10-23,5G Stocks To Buy And Watch As Cloud Computing Plays Bigger Role,Investor's Business Daily,https://finance.yahoo.com/m/92f236cd-d3b5-37b9-a9a6-1baaee787879/5g-stocks-to-buy-and-watch-as.html,1666444555,STORY
f6e6e218-fba5-37d2-8986-94d78a36ce4e,A,2022-10-23,This Dow Jones Stock Is a No-Brainer for Dividend Growth,Motley Fool,https://finance.yahoo.com/m/f6e6e218-fba5-37d2-8986-94d78a36ce4e/this-dow-jones-stock-is-a.html,1666433160,STORY
8311b0f4-c50d-3265-b928-11a948343973,A,2022-10-23,Weekly Roundup,TheStreet.com,https://finance.yahoo.com/m/8311b0f4-c50d-3265-b928-11a948343973/weekly-roundup.html,1666391700,STORY
0d742abd-904b-34b1-9643-8f2e55bc81f6,A,2022-10-23,Megacap earnings to test fledgling U.S. stock rebound,Reuters,https://finance.yahoo.com/news/megacap-earnings-test-fledgling-u-220609514.html,1666389969,STORY
1d685f79-c55e-3395-8948-d7b995f17502,A,2022-10-23,This Hugely Popular 3-in-1 Wireless Fast Charger is on Sale,TheStreet.com,https://finance.yahoo.com/m/1d685f79-c55e-3395-8948-d7b995f17502/this-hugely-popular-3-in-1.html,1666386900,STORY
e5599b4a-d1b4-3965-b713-01e754a8566e,A,2022-10-24,"Dow Jones Futures Signal Market Rally To Extend Gains; Tesla Cuts Model 3, Y Prices In China",Investor's Business Daily,https://finance.yahoo.com/m/e5599b4a-d1b4-3965-b713-01e754a8566e/dow-jones-futures-signal.html,1666613773,STORY
a84f16ce-b9fe-32b7-a12d-736c7f01d69a,A,2022-10-24,"Big Week for Apple, Alphabet, Amazon, Microsoft and Meta",TheStreet.com,https://finance.yahoo.com/m/a84f16ce-b9fe-32b7-a12d-736c7f01d69a/big-week-for-apple%2C-alphabet%2C.html,1666612200,STORY
5f46d406-45de-3228-a991-98cabdd170e2,A,2022-10-24,"Buy An Apple iPhone, Fund Mangrove Restoration Projects",Investor's Business Daily,https://finance.yahoo.com/m/5f46d406-45de-3228-a991-98cabdd170e2/buy-an-apple-iphone%2C-fund.html,1666609200,STORY
7a700d9f-4ebd-37f0-96c6-5d6bb0b0e035,A,2022-10-24,TSMC: the Taiwanese chipmaker caught up in the tech cold war,Financial Times,https://finance.yahoo.com/m/7a700d9f-4ebd-37f0-96c6-5d6bb0b0e035/tsmc%3A-the-taiwanese-chipmaker.html,1666584001,STORY
c1a8c95b-5a9b-3bc4-8933-4ee3d1a36772,A,2022-10-24,"Big Tech has been an earnings refuge for years, but safety is no longer a sure thing",MarketWatch,https://finance.yahoo.com/m/c1a8c95b-5a9b-3bc4-8933-4ee3d1a36772/big-tech-has-been-an-earnings.html,1666543980,STORY
8055c207-e151-3285-91be-a09ec91c6600,A,2022-10-24,Snap's Stock Crashes as Apple's Policy Changes Crimp Advertiser Demand,Motley Fool,https://finance.yahoo.com/m/8055c207-e151-3285-91be-a09ec91c6600/snap%27s-stock-crashes-as.html,1666533840,STORY
1768a8bd-27e2-3a54-8d85-77499b79f370,A,2022-10-24,Merck Stock In Bullish Setup Ahead Of Q3 Results; Apple Leads FAANG Earnings Barrage,Investor's Business Daily,https://finance.yahoo.com/m/1768a8bd-27e2-3a54-8d85-77499b79f370/merck-stock-in-bullish-setup.html,1666525812,STORY
4f235af3-c00c-3d67-8030-50efbea68ca9,A,2022-10-24,iPadOS 16 Tips and Tricks: Apple’s Tablet Gets More Multitasking Features,The Wall Street Journal,https://finance.yahoo.com/m/4f235af3-c00c-3d67-8030-50efbea68ca9/ipados-16-tips-and-tricks%3A.html,1666522800,STORY
29c25145-4c06-4d55-a1c0-3d0ae54f2368,A,2022-10-25,How dollar strength could mean 'death by a thousand cuts' for stocks,Yahoo Finance,https://finance.yahoo.com/news/dollar-strength-stocks-104613175.html,1666694773,STORY
2c59f0dc-c6ec-3441-b3bd-731ef3be9cb3,A,2022-10-25,Chinese Stocks Stagnant After Monday’s Plunge,Barrons.com,https://finance.yahoo.com/m/2c59f0dc-c6ec-3441-b3bd-731ef3be9cb3/chinese-stocks-stagnant-after.html,1666689180,STORY
1e702d0f-8927-3f47-b709-246ef88190a0,A,2022-10-25,China bulls hammered by stock rout as Xi Jinping consolidates power,Financial Times,https://finance.yahoo.com/m/1e702d0f-8927-3f47-b709-246ef88190a0/china-bulls-hammered-by-stock.html,1666677097,STORY
4500bead-c97d-3ad9-8649-58de99d3554d,A,2022-10-25,Chinese Stocks Are a Screaming Bargain. Don’t Buy Them.,Barrons.com,https://finance.yahoo.com/m/4500bead-c97d-3ad9-8649-58de99d3554d/chinese-stocks-are-a.html,1666675800,STORY
1867304b-75cf-35af-8a5f-15fc279c0248,A,2022-10-25,10 Trending Stocks to Watch Today,Insider Monkey,https://finance.yahoo.com/news/10-trending-stocks-watch-today-205424185.html,1666644864,STORY
a01bcf79-d9be-3454-ae8a-d14436ad7f6e,A,2022-10-25,Global equity markets issue sceptical verdict on Xi’s third term,Financial Times,https://finance.yahoo.com/m/a01bcf79-d9be-3454-ae8a-d14436ad7f6e/global-equity-markets-issue.html,1666641597,STORY
b6e6fac1-d0a3-3246-96e1-2bd30aee8979,A,2022-10-25,JPMorgan’s Kolanovic Calls China Stocks Selloff a Buying Moment,Bloomberg,https://finance.yahoo.com/news/jpmorgan-kolanovic-calls-china-stocks-194441397.html,1666640681,STORY
d7bebaad-5a58-36fd-8ac9-a4b40049471e,A,2022-10-25,"China: President Xi may view 'America in strategic contraction,' expert says",Yahoo Finance Video,https://finance.yahoo.com/video/china-president-xi-may-view-194036857.html,1666640436,VIDEO
1b1e2193-76e2-33ba-91a9-69fc545a49ed,A,2022-10-26,Alibaba Will Remain Under Pressure Until Regulatory Environment Improves,GuruFocus.com,https://finance.yahoo.com/news/alibaba-remain-under-pressure-until-200322350.html,1666728202,STORY
22c28480-49db-376c-92c7-77fc70744bca,A,2022-10-26,Have Chinese Stocks Hit Bottom? Alibaba and NIO in Focus,TipRanks,https://finance.yahoo.com/news/chinese-stocks-hit-bottom-alibaba-170700247.html,1666717620,STORY
4500bead-c97d-3ad9-8649-58de99d3554d,A,2022-10-26,Chinese Stocks Are a Screaming Bargain. Don’t Buy Them.,Barrons.com,https://finance.yahoo.com/m/4500bead-c97d-3ad9-8649-58de99d3554d/chinese-stocks-are-a.html,1666703280,STORY
29c25145-4c06-4d55-a1c0-3d0ae54f2368,A,2022-10-26,How dollar strength could mean 'death by a thousand cuts' for stocks,Yahoo Finance,https://finance.yahoo.com/news/dollar-strength-stocks-104613175.html,1666694773,STORY
2c59f0dc-c6ec-3441-b3bd-731ef3be9cb3,A,2022-10-26,Chinese Stocks Stagnant After Monday’s Plunge,Barrons.com,https://finance.yahoo.com/m/2c59f0dc-c6ec-3441-b3bd-731ef3be9cb3/chinese-stocks-stagnant-after.html,1666689180,STORY
1e702d0f-8927-3f47-b709-246ef88190a0,A,2022-10-26,China bulls hammered by stock rout as Xi Jinping consolidates power,Financial Times,https://finance.yahoo.com/m/1e702d0f-8927-3f47-b709-246ef88190a0/china-bulls-hammered-by-stock.html,1666677097,STORY
1867304b-75cf-35af-8a5f-15fc279c0248,A,2022-10-26,10 Trending Stocks to Watch Today,Insider Monkey,https://finance.yahoo.com/news/10-trending-stocks-watch-today-205424185.html,1666644864,STORY
a01bcf79-d9be-3454-ae8a-d14436ad7f6e,A,2022-10-26,Global equity markets issue sceptical verdict on Xi’s third term,Financial Times,https://finance.yahoo.com/m/a01bcf79-d9be-3454-ae8a-d14436ad7f6e/global-equity-markets-issue.html,1666641597,STORY
f5e27c62-c68b-3719-80bd-a21390d05232,A,2022-10-27,Alphabet Inc.'s (NASDAQ:GOOGL) Popularity With Investors Is Clear,Simply Wall St.,https://finance.yahoo.com/news/alphabet-inc-nasdaq-googl-popularity-120023481.html,1666872023,STORY
d154389e-4aea-3065-963d-689ba427ee1b,A,2022-10-27,"Intel Earnings Expected to Slump on PC Rout, Economic Weakness",The Wall Street Journal,https://finance.yahoo.com/m/d154389e-4aea-3065-963d-689ba427ee1b/intel-earnings-expected-to.html,1666870200,STORY
839a80eb-9374-3b38-9ed6-df3d8aaed7c4,A,2022-10-27,Is It Game Over for Microsoft and Alphabet Stocks?,Motley Fool,https://finance.yahoo.com/m/839a80eb-9374-3b38-9ed6-df3d8aaed7c4/is-it-game-over-for-microsoft.html,1666868400,STORY
10b73a55-1815-41b8-b9f4-0858b4ba4dbe,A,2022-10-27,Big tech stocks will be key for the current rally: Morning Brief,Yahoo Finance,https://finance.yahoo.com/news/big-tech-stocks-will-play-a-crucial-rule-current-rally-for-us-stocks-100027984.html,1666864827,STORY
1686c17b-9acb-3779-9032-4b2091b4b1c7,A,2022-10-27,2 Beaten Down Software Stocks That Look Like Great Long-Term Buys,Motley Fool,https://finance.yahoo.com/m/1686c17b-9acb-3779-9032-4b2091b4b1c7/2-beaten-down-software-stocks.html,1666863840,STORY
4a5c2dc8-67bc-300c-a5eb-33c97fe0f68c,A,2022-10-27,Is Alphabet Stock a Buy Now?,Motley Fool,https://finance.yahoo.com/m/4a5c2dc8-67bc-300c-a5eb-33c97fe0f68c/is-alphabet-stock-a-buy-now%3F.html,1666862280,STORY
7e5b2ff2-1df4-3fc5-aa44-1ec6a6cd1528,A,2022-10-27,Growth does not persist,Financial Times,https://finance.yahoo.com/m/7e5b2ff2-1df4-3fc5-aa44-1ec6a6cd1528/growth-does-not-persist.html,1666848646,STORY
636dc1aa-2dbb-3f98-9b88-44baed4bdd38,A,2022-10-27,Facebook and Google grew into tech titans by ignoring Wall Street. Now it could lead to their downfall,MarketWatch,https://finance.yahoo.com/m/636dc1aa-2dbb-3f98-9b88-44baed4bdd38/facebook-and-google-grew-into.html,1666836420,STORY
85732cd9-9f5c-378e-88ce-0eb50c40b90c,A,2022-10-28,"Dow Jones Futures: Apple Holds, Amazon Joins Megacap Meltdown; What To Do Now",Investor's Business Daily,https://finance.yahoo.com/m/85732cd9-9f5c-378e-88ce-0eb50c40b90c/dow-jones-futures%3A-apple.html,1666959388,STORY
35c010ca-2f26-3d3a-b283-7e267e189627,A,2022-10-28,Amazon's Growth Has Slowed to a Crawl. Is It Time to Sell the Stock?,Motley Fool,https://finance.yahoo.com/m/35c010ca-2f26-3d3a-b283-7e267e189627/amazon%27s-growth-has-slowed-to.html,1666959300,STORY
7f7994be-dce7-379b-966b-6a7aaed456ef,A,2022-10-28,"US STOCKS-Futures retreat as warnings from Amazon, Apple fan recession fears",Reuters,https://finance.yahoo.com/news/us-stocks-futures-retreat-warnings-121104214.html,1666959064,STORY
c15ec569-2020-3718-9f31-ed88ef2775b5,A,2022-10-28,"ECB Tones It Down, GDP Intrique, Old-School Stocks Rule, Amazon in Depth",TheStreet.com,https://finance.yahoo.com/m/c15ec569-2020-3718-9f31-ed88ef2775b5/ecb-tones-it-down%2C-gdp.html,1666958280,STORY
8f023c7f-147c-364e-aef8-5247c7b08d7b,A,2022-10-28,Tech Boom Ends as Companies From Amazon to Meta Adjust to Turbulent Times,The Wall Street Journal,https://finance.yahoo.com/m/8f023c7f-147c-364e-aef8-5247c7b08d7b/tech-boom-ends-as-companies.html,1666957740,STORY
a3321042-0b63-32ad-bee1-7bff3981e7d8,A,2022-10-28,Amazon and Apple Warn of Possible Slowdown in Holiday Spending. If It’s Bad Now Wait Until Later.,Barrons.com,https://finance.yahoo.com/m/a3321042-0b63-32ad-bee1-7bff3981e7d8/amazon-and-apple-warn-of.html,1666957260,STORY
5a4f7ae1-5ee4-3f89-896a-738194148b3f,A,2022-10-28,"Amazon market cap sinking $135 billion, set to fall below $1 trillion for first time in 2 1/2 years",MarketWatch,https://finance.yahoo.com/m/5a4f7ae1-5ee4-3f89-896a-738194148b3f/amazon-market-cap-sinking.html,1666956769,STORY
d6e45bd9-d355-38c6-8a23-ef09d834892a,A,2022-10-28,Amazon Shares Plunge on Forecast for Sluggish Holiday Sales,Bloomberg,https://finance.yahoo.com/news/amazon-shares-plunge-forecast-sluggish-203612854.html,1666956722,STORY
3fdc296f-1f5b-3779-93c4-7ed121a42c89,A,2022-10-29,"Insiders at Apple Inc. (NASDAQ:AAPL) sold US$1.4m worth of stock, a potential red flag that needs to be monitored",Simply Wall St.,https://finance.yahoo.com/news/insiders-apple-inc-nasdaq-aapl-120054441.html,1667044854,STORY
0244430a-039c-387a-ab38-36eaa658da33,A,2022-10-29,What to Watch as the Big Tech Companies Report Earnings,Motley Fool,https://finance.yahoo.com/m/0244430a-039c-387a-ab38-36eaa658da33/what-to-watch-as-the-big-tech.html,1667041200,STORY
c51f2ea4-b345-3add-a1c7-f0fe8c4c2340,A,2022-10-29,Is Amazon a Bad News Buy?,Motley Fool,https://finance.yahoo.com/m/c51f2ea4-b345-3add-a1c7-f0fe8c4c2340/is-amazon-a-bad-news-buy%3F.html,1667037600,STORY
d7feb6c1-da6f-378c-bf08-48406e904e1e,A,2022-10-29,What Does Apple's Controversial NFT Policy Mean for Ethereum and Solana?,Motley Fool,https://finance.yahoo.com/m/d7feb6c1-da6f-378c-bf08-48406e904e1e/what-does-apple%27s.html,1667036520,STORY
74e53bf8-8675-3c32-a1e4-9dfe03ca4f97,A,2022-10-29,Analyst Report: Apple Inc.,Morningstar Research,https://finance.yahoo.com/m/74e53bf8-8675-3c32-a1e4-9dfe03ca4f97/analyst-report%3A-apple-inc..html,1667003197,STORY
37a4c8da-e15a-3b17-8a47-98c64bfed4b0,A,2022-10-29,Making Sense of Big Tech Earnings After Amazon and Meta Tumble,Zacks,https://finance.yahoo.com/news/making-sense-big-tech-earnings-224410908.html,1666997050,STORY
c023c62d-bdbe-3fcb-9b74-e40c50d2ca75,A,2022-10-29,Weekly Roundup,TheStreet.com,https://finance.yahoo.com/m/c023c62d-bdbe-3fcb-9b74-e40c50d2ca75/weekly-roundup.html,1666994640,STORY
d296546b-b433-3722-b502-ccb07bee4611,A,2022-10-29,Here's Why Apple Stock Soared Today,Motley Fool,https://finance.yahoo.com/m/d296546b-b433-3722-b502-ccb07bee4611/here%27s-why-apple-stock-soared.html,1666994456,STORY
c093a052-a49a-3f3b-b34d-ab1b7918260c,A,2022-10-30,Better Cloud Computing Stock: IBM vs. Alphabet,Motley Fool,https://finance.yahoo.com/m/c093a052-a49a-3f3b-b34d-ab1b7918260c/better-cloud-computing-stock%3A.html,1667135100,STORY
356c91e8-28e8-39a1-85f8-4ed0ac1063ae,A,2022-10-30,Amazon Stock: Bear vs. Bull,Motley Fool,https://finance.yahoo.com/m/356c91e8-28e8-39a1-85f8-4ed0ac1063ae/amazon-stock%3A-bear-vs.-bull.html,1667130300,STORY
d5466d29-2913-305e-9c3a-f8d2371d19fb,A,2022-10-30,Can Shopify Stock Keep Climbing?,Motley Fool,https://finance.yahoo.com/m/d5466d29-2913-305e-9c3a-f8d2371d19fb/can-shopify-stock-keep.html,1667122620,STORY
317bdf2a-b461-32a1-9c42-137913477ad9,A,2022-10-30,Rate Squeeze Punishes Once-Triumphant Tech Stocks,The Wall Street Journal,https://finance.yahoo.com/m/317bdf2a-b461-32a1-9c42-137913477ad9/rate-squeeze-punishes.html,1667122200,STORY
5123e7f3-9fe8-380e-8c6c-76b0c6caae12,A,2022-10-30,Here's Why Prologis Is a Red Flag for Economic Growth,Motley Fool,https://finance.yahoo.com/m/5123e7f3-9fe8-380e-8c6c-76b0c6caae12/here%27s-why-prologis-is-a-red.html,1667122200,STORY
8834508d-c567-3e07-94e6-7bd812529e8d,A,2022-10-30,Target Makes a Big Bet on Apple,TheStreet.com,https://finance.yahoo.com/m/8834508d-c567-3e07-94e6-7bd812529e8d/target-makes-a-big-bet-on.html,1667068860,STORY
38739c90-ce0d-3998-9e6a-1251ca68e899,A,2022-10-30,"Company Report Roundup: Tesla, Tractor Supply, American Express, and More",Motley Fool,https://finance.yahoo.com/m/38739c90-ce0d-3998-9e6a-1251ca68e899/company-report-roundup%3A.html,1667057640,STORY
b0f03e85-66a6-31ec-b332-513e92b54236,A,2022-10-30,"Got $5,000? Buy and Hold These 3 Market-Beating Stocks",Motley Fool,https://finance.yahoo.com/m/b0f03e85-66a6-31ec-b332-513e92b54236/got-%245%2C000%3F-buy-and-hold.html,1667052900,STORY
9f9ef7d6-e14d-34cb-8a5a-beb266b82a07,A,2022-10-31,11 Best Healthcare Dividend Stocks To Buy Now,Insider Monkey,https://finance.yahoo.com/news/11-best-healthcare-dividend-stocks-130957297.html,1667221797,STORY
ba8590fd-888a-3f1f-9d40-6224b372d78e,A,2022-10-31,"US Earnings to Watch: Pfizer, Qualcomm, CVS, Peloton, Coinbase, Uber",Bloomberg,https://finance.yahoo.com/news/us-earnings-watch-pfizer-qualcomm-140500572.html,1667217929,STORY
cacf5628-ed27-3239-aca3-f09bfa26c220,A,2022-10-31,"Amazon, Meta, Alphabet and Microsoft are part of Zacks Earnings Preview",Zacks,https://finance.yahoo.com/news/amazon-meta-alphabet-microsoft-part-120312798.html,1667217792,STORY
af8b2cf3-e3e2-3d90-8d86-29ff1acf8dd4,A,2022-10-31,"Stagnant Economy, Week That Was, Fed Slowdown? Earnings, 2 Notes of Caution",TheStreet.com,https://finance.yahoo.com/m/af8b2cf3-e3e2-3d90-8d86-29ff1acf8dd4/stagnant-economy%2C-week-that.html,1667214600,STORY
a38ddaab-1146-30ca-9b38-a48e2c78d29e,A,2022-10-31,Bulls on Meta Stock Have One Big Problem: Mark Zuckerberg,Bloomberg,https://finance.yahoo.com/news/bulls-meta-stock-one-big-104453199.html,1667213093,STORY
0fe8985d-3e1e-3060-a811-b9b06f626a51,A,2022-10-31,3 Dividend-Paying Tech Stocks to Buy Right Now,Motley Fool,https://finance.yahoo.com/m/0fe8985d-3e1e-3060-a811-b9b06f626a51/3-dividend-paying-tech-stocks.html,1667211000,STORY
98a025e2-4328-315c-8682-c847bf6a61b8,A,2022-10-31,Apple campus attracts more Cary development,American City Business Journals,https://finance.yahoo.com/m/98a025e2-4328-315c-8682-c847bf6a61b8/apple-campus-attracts-more.html,1667210400,STORY
cbde60ec-81fc-396f-b61c-ff4246481ec6,A,2022-10-31,iPhone assembler Foxconn shifts production from China Covid-hit plant,Financial Times,https://finance.yahoo.com/m/cbde60ec-81fc-396f-b61c-ff4246481ec6/iphone-assembler-foxconn.html,1667210165,STORY
b26ee1ed-6e3d-3ad4-9f7c-0f72b9f1297e,A,2022-11-1,"Zuckerberg, Bezos, Musk Lose a Staggering Amount of Money",TheStreet.com,https://finance.yahoo.com/m/b26ee1ed-6e3d-3ad4-9f7c-0f72b9f1297e/zuckerberg%2C-bezos%2C-musk-lose.html,1667307660,STORY
d815e872-e27e-37d3-9704-260581056c79,A,2022-11-1,"Amazon Launches New Merchant Cash Advance Program Provided by Parafin, Doubling Down on Its Support for Small- and Medium-Sized Businesses",Business Wire,https://finance.yahoo.com/news/amazon-launches-merchant-cash-advance-130100490.html,1667307660,STORY
b79e9732-7b8e-4a38-b4ce-abfbcaa35395,A,2022-11-1,Judge blocks $2B merger of book giants Penguin Random House and Simon & Schuster,Yahoo Finance,https://finance.yahoo.com/news/judge-blocks-penguin-random-house-and-simon-schuster-merger-115634799-115634155.html,1667303794,STORY
84bb0a87-7b73-3c77-b24f-72c188d7a132,A,2022-11-1,I Just Sold One of My Largest Investments -- And Bought These 7 Stocks With the Money,Motley Fool,https://finance.yahoo.com/m/84bb0a87-7b73-3c77-b24f-72c188d7a132/i-just-sold-one-of-my-largest.html,1667298720,STORY
b10148b9-4b51-333a-b993-03e5226c0e27,A,2022-11-1,Is Google Actually Winning the Cloud Wars?,Motley Fool,https://finance.yahoo.com/m/b10148b9-4b51-333a-b993-03e5226c0e27/is-google-actually-winning.html,1667296800,STORY
656f2889-d5b5-331d-be58-f56c7974a0fb,A,2022-11-1,Three things analysts will be asking Wayfair in its Q3 earnings call,American City Business Journals,https://finance.yahoo.com/m/656f2889-d5b5-331d-be58-f56c7974a0fb/three-things-analysts-will-be.html,1667296650,STORY
6952faca-dc28-3deb-a6fa-61a1e14827ff,A,2022-11-1,16 Words from Warren Buffett That May Answer Your Biggest Investing Question Right Now,Motley Fool,https://finance.yahoo.com/m/6952faca-dc28-3deb-a6fa-61a1e14827ff/16-words-from-warren-buffett.html,1667295000,STORY
cc85f88d-5b6d-303e-a5f0-7ac21a21c15b,A,2022-11-1,3 Warren Buffett Stocks That Are Screaming Buys in November,Motley Fool,https://finance.yahoo.com/m/cc85f88d-5b6d-303e-a5f0-7ac21a21c15b/3-warren-buffett-stocks-that.html,1667293560,STORY
c78fc03e-7689-364b-b00e-ebbdd98e54b2,A,2022-11-2,The 1 Stat That Makes Alphabet Stock a Screaming Buy,Motley Fool,https://finance.yahoo.com/m/c78fc03e-7689-364b-b00e-ebbdd98e54b2/the-1-stat-that-makes.html,1667393580,STORY
036e83c4-3929-36a5-acbd-a6abe1a92530,A,2022-11-2,Lawsuit Alleging Amazon's Alexa Is Spying On You Moves Forward,TheStreet.com,https://finance.yahoo.com/m/036e83c4-3929-36a5-acbd-a6abe1a92530/lawsuit-alleging-amazon%27s.html,1667393280,STORY
bd61647f-d7fb-3801-bfe3-1c8f133d9984,A,2022-11-2,Why Etsy Stock Lost 6% in October,Motley Fool,https://finance.yahoo.com/m/bd61647f-d7fb-3801-bfe3-1c8f133d9984/why-etsy-stock-lost-6%25-in.html,1667393184,STORY
a722f75c-4925-34f5-93e2-c2b2980a6c4a,A,2022-11-2,Why Amazon Stock Lost 9% in October,Motley Fool,https://finance.yahoo.com/m/a722f75c-4925-34f5-93e2-c2b2980a6c4a/why-amazon-stock-lost-9%25-in.html,1667390786,STORY
89f32ae3-f163-34a1-bca4-987bf0850547,A,2022-11-2,Amazon Stock Is Down 45%. Here's Why It's a Buy on the Dip.,Motley Fool,https://finance.yahoo.com/m/89f32ae3-f163-34a1-bca4-987bf0850547/amazon-stock-is-down-45%25..html,1667380500,STORY
f9e7c23c-4d71-3333-b47f-b70105a15775,A,2022-11-2,Amazon Freezes Hiring Levels in Profitable Advertising Business,Bloomberg,https://finance.yahoo.com/news/amazon-freezes-hiring-levels-profitable-231601610.html,1667344561,STORY
126e7053-14c1-35e9-9778-b9bfee4fc958,A,2022-11-2,How Low Can These 2 FAANG Stocks Go?,Motley Fool,https://finance.yahoo.com/m/126e7053-14c1-35e9-9778-b9bfee4fc958/how-low-can-these-2-faang.html,1667340660,STORY
80c04736-a5a4-360f-b93e-752df62227e8,A,2022-11-2,Here are Seattle's most notable tech layoffs from last month,American City Business Journals,https://finance.yahoo.com/m/80c04736-a5a4-360f-b93e-752df62227e8/here-are-seattle%27s-most.html,1667339778,STORY
e4954f83-6993-35a9-b28d-12f00c85a3bc,A,2022-11-3,2 Top Growth Stocks I'd Buy Right Now Without Any Hesitation,Motley Fool,https://finance.yahoo.com/m/e4954f83-6993-35a9-b28d-12f00c85a3bc/2-top-growth-stocks-i%27d-buy.html,1667480700,STORY
f4bebfe3-269f-317e-ab85-ab46e11c5c56,A,2022-11-3,This Metaverse Stock You've Probably Never Heard of Is a Top Buy,Motley Fool,https://finance.yahoo.com/m/f4bebfe3-269f-317e-ab85-ab46e11c5c56/this-metaverse-stock-you%27ve.html,1667480236,STORY
12f58811-ef64-3bb2-b76d-53f50a837b6b,A,2022-11-3,"Amazon stock bounces slightly, after suffering worst 6-day selloff in 14 years",MarketWatch,https://finance.yahoo.com/m/12f58811-ef64-3bb2-b76d-53f50a837b6b/amazon-stock-bounces.html,1667479934,STORY
5526cfaa-6e54-3c11-9bf4-14d7a16db493,A,2022-11-3,"Zacks Earnings Trends Highlights: Amazon, Alphabet, Microsoft and Apple",Zacks,https://finance.yahoo.com/news/zacks-earnings-trends-highlights-amazon-121012542.html,1667477412,STORY
9586140b-69d5-3f29-9db7-596c3b975551,A,2022-11-3,Amazon and USAID Launch Effort to Boost Climate Funding for Women,Business Wire,https://finance.yahoo.com/news/amazon-usaid-launch-effort-boost-110800488.html,1667473680,STORY
c481dc41-0825-3ff6-908f-3b22e2d8f647,A,2022-11-3,"Amazon Stock Got Crushed, but This Number Shows Why It's Still a Buy",Motley Fool,https://finance.yahoo.com/m/c481dc41-0825-3ff6-908f-3b22e2d8f647/amazon-stock-got-crushed%2C-but.html,1667472300,STORY
246827fe-1afd-3fa9-9c4f-3e89409c3eda,A,2022-11-3,Should Investors Buy the Dip on Amazon Stock?,Motley Fool,https://finance.yahoo.com/m/246827fe-1afd-3fa9-9c4f-3e89409c3eda/should-investors-buy-the-dip.html,1667471400,STORY
a8cc1286-508d-3a70-bfd9-c994f9b495ef,A,2022-11-3,4 Forever Stocks You Can Buy On Sale Right Now,Motley Fool,https://finance.yahoo.com/m/a8cc1286-508d-3a70-bfd9-c994f9b495ef/4-forever-stocks-you-can-buy.html,1667470680,STORY
eba1afee-9abc-335f-b16f-c090745c1223,A,2022-11-4,"Down 46%, Is Amazon Stock a Bear Market Buy?",Motley Fool,https://finance.yahoo.com/m/eba1afee-9abc-335f-b16f-c090745c1223/down-46%25%2C-is-amazon-stock-a.html,1667567700,STORY
64097fd5-538c-3257-ba9a-02d855e87d6c,A,2022-11-4,"US Jobs Top Forecasts, Wages Pick Up in Resilient Labor Market",Bloomberg,https://finance.yahoo.com/news/us-jobs-top-forecasts-wages-123743035.html,1667567123,STORY
3a0e7678-7511-3f96-a3e0-3742f1a49461,A,2022-11-4,"Institutional owners may take dramatic actions as Amazon.com, Inc.'s (NASDAQ:AMZN) recent 20% drop adds to one-year losses",Simply Wall St.,https://finance.yahoo.com/news/institutional-owners-may-dramatic-actions-130056454.html,1667566856,STORY
7f6e0abf-c8df-3cb8-8f72-b48913b7cd35,A,2022-11-4,"Instant Reaction: Coinbase's Cost Cuts, Subscription Growth, and Cash Position",Motley Fool,https://finance.yahoo.com/m/7f6e0abf-c8df-3cb8-8f72-b48913b7cd35/instant-reaction%3A-coinbase%27s.html,1667565992,STORY
924a15e5-2592-35fb-a1a9-a9bc0a8db81d,A,2022-11-4,"Amazon stock on track to snap longest losing streak in 3 years, for now",MarketWatch,https://finance.yahoo.com/m/924a15e5-2592-35fb-a1a9-a9bc0a8db81d/amazon-stock-on-track-to-snap.html,1667564815,STORY
7c85da16-797f-3cb4-a0ab-e344b44603e9,A,2022-11-4,Amazon's Jeff Bezos said to be interested in buying the Washington Commanders,American City Business Journals,https://finance.yahoo.com/m/7c85da16-797f-3cb4-a0ab-e344b44603e9/amazon%27s-jeff-bezos-said-to.html,1667564739,STORY
0300c063-4057-332d-9133-37ebd058925b,A,2022-11-4,"Dow Jones Futures Rise: Jobs Report Key For Market Rally As Apple, Google Plunge",Investor's Business Daily,https://finance.yahoo.com/m/0300c063-4057-332d-9133-37ebd058925b/dow-jones-futures-rise%3A-jobs.html,1667564563,STORY
9cfff715-e4c2-34a5-9f90-2e77def99aff,A,2022-11-4,Is This Forgotten IPO Stock a Buy?,Motley Fool,https://finance.yahoo.com/m/9cfff715-e4c2-34a5-9f90-2e77def99aff/is-this-forgotten-ipo-stock-a.html,1667563200,STORY
0272441b-395d-3b7b-9323-5218d842c45f,A,2022-11-5,"Amazon, Apple, and Other Hot Names Investors Are Watching",Motley Fool,https://finance.yahoo.com/m/0272441b-395d-3b7b-9323-5218d842c45f/amazon%2C-apple%2C-and-other-hot.html,1667651640,STORY
e893ae27-2755-38d4-8903-1a41709e8dca,A,2022-11-5,"Market Rally Buckling From Fed, Apple, Tesla, Cloud Stocks; What To Do Now",Investor's Business Daily,https://finance.yahoo.com/m/e893ae27-2755-38d4-8903-1a41709e8dca/market-rally-buckling-from.html,1667651611,STORY
a183f9a3-3e9c-3ca2-b8b1-d64b228dd07e,A,2022-11-5,Atlassian Cuts Its Full-Year Guidance -- Is This a Sell Signal?,Motley Fool,https://finance.yahoo.com/m/a183f9a3-3e9c-3ca2-b8b1-d64b228dd07e/atlassian-cuts-its-full-year.html,1667649300,STORY
1335a0c3-10d9-3e80-9370-5593a8cd00b1,A,2022-11-5,A switch to ‘premium’ can keep you invested amid the tech wreck in stocks,MarketWatch,https://finance.yahoo.com/m/1335a0c3-10d9-3e80-9370-5593a8cd00b1/a-switch-to-%E2%80%98premium%E2%80%99-can.html,1667643300,STORY
4f80a2e8-b2e9-3f0e-b64d-e383d9247b37,A,2022-11-5,"Apple’s AR glasses could be pushed back to 2025 or 2026 amid ‘design issues,’ says analyst",MarketWatch,https://finance.yahoo.com/m/4f80a2e8-b2e9-3f0e-b64d-e383d9247b37/apple%E2%80%99s-ar-glasses-could-be.html,1667608620,STORY
53260979-bba3-365e-a0f2-1d1937caa7bf,A,2022-11-5,Weekly Roundup,TheStreet.com,https://finance.yahoo.com/m/53260979-bba3-365e-a0f2-1d1937caa7bf/weekly-roundup.html,1667600220,STORY
2d3945ca-e577-3f95-aa33-32e438cdc3b0,A,2022-11-5,UPDATE 1-Apple to expand live TV advertising around new soccer deal -Bloomberg News,Reuters,https://finance.yahoo.com/news/1-apple-expand-live-tv-220426015.html,1667599466,STORY
2d6c66d0-390b-380e-b8ed-94e39009d3b1,A,2022-11-5,Apple to expand live TV advertising around new soccer deal -Bloomberg News,Reuters,https://finance.yahoo.com/news/apple-expand-live-tv-advertising-215011116.html,1667598611,STORY
7508c950-0d5f-3fc2-affa-502c12707d10,A,2022-11-6,Better Big Tech Stock: Apple vs. Alphabet,Motley Fool,https://finance.yahoo.com/m/7508c950-0d5f-3fc2-affa-502c12707d10/better-big-tech-stock%3A-apple.html,1667739840,STORY
21a46b50-af5e-3a67-818f-f219f4da06e8,A,2022-11-6,Amazon Sweetens Prime Offerings as Growth Stalls,The Wall Street Journal,https://finance.yahoo.com/m/21a46b50-af5e-3a67-818f-f219f4da06e8/amazon-sweetens-prime.html,1667739600,STORY
e893ae27-2755-38d4-8903-1a41709e8dca,A,2022-11-6,"Market Rally Buckling From Fed, Apple, Tesla, Cloud Stocks; What To Do Now",Investor's Business Daily,https://finance.yahoo.com/m/e893ae27-2755-38d4-8903-1a41709e8dca/market-rally-buckling-from.html,1667736751,STORY
3e9c2865-ade8-3a52-821c-95dee12e121e,A,2022-11-6,UPDATE 3-Musk's Twitter updates app to start charging $8 for blue checkmark,Reuters,https://finance.yahoo.com/news/3-musks-twitter-updates-app-220940447.html,1667686180,STORY
4f80a2e8-b2e9-3f0e-b64d-e383d9247b37,A,2022-11-6,"Apple’s AR glasses could be pushed back to 2025 or 2026 amid ‘design issues’, says analyst",MarketWatch,https://finance.yahoo.com/m/4f80a2e8-b2e9-3f0e-b64d-e383d9247b37/apple%E2%80%99s-ar-glasses-could-be.html,1667663520,STORY
fb948c8f-529c-33d3-a8c0-50f13a4ed955,A,2022-11-6,Apple and Google stocks just had their worst week in more than two years,MarketWatch,https://finance.yahoo.com/m/fb948c8f-529c-33d3-a8c0-50f13a4ed955/apple-and-google-stocks-just.html,1667663280,STORY
0272441b-395d-3b7b-9323-5218d842c45f,A,2022-11-6,"Amazon, Apple, and Other Hot Names Investors Are Watching",Motley Fool,https://finance.yahoo.com/m/0272441b-395d-3b7b-9323-5218d842c45f/amazon%2C-apple%2C-and-other-hot.html,1667651640,STORY
a183f9a3-3e9c-3ca2-b8b1-d64b228dd07e,A,2022-11-6,Atlassian Cuts Its Full-Year Guidance -- Is This a Sell Signal?,Motley Fool,https://finance.yahoo.com/m/a183f9a3-3e9c-3ca2-b8b1-d64b228dd07e/atlassian-cuts-its-full-year.html,1667649300,STORY
353521b2-3310-3b37-8360-883aba1ea9c0,A,2022-11-7,"Dow Jones Futures Climb, But Apple Falls On iPhone Warning",Investor's Business Daily,https://finance.yahoo.com/m/353521b2-3310-3b37-8360-883aba1ea9c0/dow-jones-futures-climb%2C-but.html,1667827131,STORY
e893ae27-2755-38d4-8903-1a41709e8dca,A,2022-11-7,Dow Jones Futures Rise: Apple iPhone 14 Pro Production Hit; Big Meta Job Cuts Seen,Investor's Business Daily,https://finance.yahoo.com/m/e893ae27-2755-38d4-8903-1a41709e8dca/dow-jones-futures-rise%3A-apple.html,1667826571,STORY
127ec6d3-2c24-3341-ac13-f0e240b0f344,A,2022-11-7,Apple Stock Falls on iPhone Shipment Warning. The Rest of Tech Holds Up.,Barrons.com,https://finance.yahoo.com/m/127ec6d3-2c24-3341-ac13-f0e240b0f344/apple-stock-falls-on-iphone.html,1667826240,STORY
f1e2ff2e-e6cf-3c2f-a8bf-3bfac0134d4b,A,2022-11-7,Apple Stock Slides After Warning Of China Covid Hit to Holiday iPhone Shipments,TheStreet.com,https://finance.yahoo.com/m/f1e2ff2e-e6cf-3c2f-a8bf-3bfac0134d4b/apple-stock-slides-after.html,1667826060,STORY
dc7e0746-632e-3110-825b-4ad6028d5693,A,2022-11-7,Agilent Joins the How2Recycle Program,Business Wire,https://finance.yahoo.com/news/agilent-joins-how2recycle-program-130000281.html,1667826000,STORY
9e4d22ea-5d78-3cb0-98c0-24c7846e4fe1,A,2022-11-7,"Stock Market Today: Stocks Move Higher With Mid-Terms, Inflation Data In Focus",TheStreet.com,https://finance.yahoo.com/m/9e4d22ea-5d78-3cb0-98c0-24c7846e4fe1/stock-market-today%3A-stocks.html,1667825640,STORY
9caff79f-cc83-3f3c-92e8-e3d6fed40663,A,2022-11-7,"Here’s how much China stocks still could rally from zero-COVID, say Goldman Sachs strategists",MarketWatch,https://finance.yahoo.com/m/9caff79f-cc83-3f3c-92e8-e3d6fed40663/here%E2%80%99s-how-much-china-stocks.html,1667822340,STORY
2113b73c-37fa-3765-a176-60d1a5552e71,A,2022-11-7,Coronavirus tally: China COVID restrictions hit Apple and iPhone maker Foxconn,MarketWatch,https://finance.yahoo.com/m/2113b73c-37fa-3765-a176-60d1a5552e71/coronavirus-tally%3A-china.html,1667821547,STORY
b8872dff-76b5-3615-bf8f-880fac751d45,A,2022-11-8,3 Top Tech Stocks to Buy in November,Motley Fool,https://finance.yahoo.com/m/b8872dff-76b5-3615-bf8f-880fac751d45/3-top-tech-stocks-to-buy-in.html,1667912400,STORY
88a62cd8-64e4-39b5-a464-8a43e709d2e6,A,2022-11-8,EU Tax Ruling on Fiat-Chrysler Is Rejected by Court,The Wall Street Journal,https://finance.yahoo.com/m/88a62cd8-64e4-39b5-a464-8a43e709d2e6/eu-tax-ruling-on.html,1667906220,STORY
e1cd38be-887b-3bd0-b238-f8cbfdc7bb9c,A,2022-11-8,Is Roku Stock a Buy Now?,Motley Fool,https://finance.yahoo.com/m/e1cd38be-887b-3bd0-b238-f8cbfdc7bb9c/is-roku-stock-a-buy-now%3F.html,1667905500,STORY
620edb55-cf79-34e3-a396-ed6905bf6c89,A,2022-11-8,Apple's (NASDAQ:AAPL) earnings growth rate lags the 27% CAGR delivered to shareholders,Simply Wall St.,https://finance.yahoo.com/news/apples-nasdaq-aapl-earnings-growth-110047306.html,1667905247,STORY
8e6969af-8dbc-3a69-ab51-1351460ededa,A,2022-11-8,Apple iPhone Assembler Tried to Ease Worker Fears About Covid—It Led to a Tighter Lockdown,The Wall Street Journal,https://finance.yahoo.com/m/8e6969af-8dbc-3a69-ab51-1351460ededa/apple-iphone-assembler-tried.html,1667905020,STORY
985f387b-3560-3eb3-a91b-a33e3ced06fb,A,2022-11-8,Covid Surge Tempers Hopes ‘IPhone City’ Lockdown Will Lift Soon,Bloomberg,https://finance.yahoo.com/news/covid-surge-tempers-hopes-iphone-061236878.html,1667887956,STORY
347ca345-b4d9-3245-b955-2f43fdf6e9b8,A,2022-11-8,Apple’s bargain with Beijing: access to China’s factories — and consumers,Financial Times,https://finance.yahoo.com/m/347ca345-b4d9-3245-b955-2f43fdf6e9b8/apple%E2%80%99s-bargain-with-beijing%3A.html,1667883623,STORY
f6acb6ea-ec71-341d-a993-af0477848a15,A,2022-11-8,Foxconn Seen Risking 20% Sales Drop in Worst-Case Covid Shutout,Bloomberg,https://finance.yahoo.com/news/foxconn-seen-risking-20-sales-040643985.html,1667880403,STORY
0ada38d7-735e-368c-bac5-109bd8933f9d,A,2022-11-9,"If I Could Only Buy 1 Stock, This Would Be It",Motley Fool,https://finance.yahoo.com/m/0ada38d7-735e-368c-bac5-109bd8933f9d/if-i-could-only-buy-1-stock%2C.html,1667998800,STORY
8f680029-ed0c-3374-b3ef-de9100f3c555,A,2022-11-9,Goertek/Apple: single-client risk amplifies AirPod contract doubts,Financial Times,https://finance.yahoo.com/m/8f680029-ed0c-3374-b3ef-de9100f3c555/goertek%2Fapple%3A-single-client.html,1667996150,STORY
8fc046b8-53f9-3a1d-9e2c-c12419ac8577,A,2022-11-9,Better Buy: Amazon vs. Apple,Motley Fool,https://finance.yahoo.com/m/8fc046b8-53f9-3a1d-9e2c-c12419ac8577/better-buy%3A-amazon-vs.-apple.html,1667995500,STORY
d8606c3c-c76c-38c1-aee8-0ff2c0b612b0,A,2022-11-9,3 Stocks to Buy to Invest in Virtual Reality,Motley Fool,https://finance.yahoo.com/m/d8606c3c-c76c-38c1-aee8-0ff2c0b612b0/3-stocks-to-buy-to-invest-in.html,1667991600,STORY
c2eeb729-46df-37b6-af62-3c6af9c6008b,A,2022-11-9,"Apple AirPods supplier Goertek halts assembly of 'smart acoustic product', cutting its fourth-quarter revenue by US$455 million",South China Morning Post,https://finance.yahoo.com/news/apple-airpods-supplier-goertek-halts-093000250.html,1667986200,STORY
c07d20d2-e233-3255-9254-490c34de3769,A,2022-11-9,Apple AirPods Maker Dives After Revealing Major Client Loss,Bloomberg,https://finance.yahoo.com/news/apple-airpods-maker-dives-revealing-024718956.html,1667985842,STORY
0eb00aa2-a402-3e55-ae96-fb626e30ba21,A,2022-11-9,UPDATE 2-Chinese iPhone plant still under strict COVID curbs despite lift of lockdown,Reuters,https://finance.yahoo.com/news/2-chinese-iphone-plant-still-050703780.html,1667970423,STORY
d6b655f4-bb20-3041-8ee7-1fd7f27a9a05,A,2022-11-9,Shares in Apple supplier Goertek tumble after client suspends order,Reuters,https://finance.yahoo.com/news/shares-apple-supplier-goertek-tumble-024532444.html,1667961932,STORY
083d28f9-b3b3-3be7-8321-98a86a6a0f10,A,2022-11-10,Early holiday shopping boosts October online spending - report,Reuters,https://finance.yahoo.com/news/early-holiday-shopping-boosts-october-130003029.html,1668085203,STORY
d96082a1-07ac-3f0a-95d4-5e73cc919bb4,A,2022-11-10,Rivian Says Demand Remains Strong. Should You Buy the Dip?,Motley Fool,https://finance.yahoo.com/m/d96082a1-07ac-3f0a-95d4-5e73cc919bb4/rivian-says-demand-remains.html,1668083100,STORY
7e2cc152-84e7-39fa-b170-f254bf512c49,A,2022-11-10,Should Investors Buy the Dip on Shopify Stock?,Motley Fool,https://finance.yahoo.com/m/7e2cc152-84e7-39fa-b170-f254bf512c49/should-investors-buy-the-dip.html,1668077400,STORY
97ab0c8e-aadd-33ff-94eb-041f46b102a1,A,2022-11-10,Netflix and Disney Might Be Launching Ad-Supported Tiers at the Exact Wrong Time,Motley Fool,https://finance.yahoo.com/m/97ab0c8e-aadd-33ff-94eb-041f46b102a1/netflix-and-disney-might-be.html,1668075600,STORY
e551830c-c1ca-377c-8363-523e05f9d1a6,A,2022-11-10,3 Green Flags for Amazon's Future,Motley Fool,https://finance.yahoo.com/m/e551830c-c1ca-377c-8363-523e05f9d1a6/3-green-flags-for-amazon%27s.html,1668075120,STORY
013956d4-bdc4-3995-92c6-1775b498dc96,A,2022-11-10,The Real Reason Behind MercadoLibre Stock's Wild Success,Motley Fool,https://finance.yahoo.com/m/013956d4-bdc4-3995-92c6-1775b498dc96/the-real-reason-behind.html,1668074700,STORY
7f984d75-e757-3eb7-b51a-075268a0121c,A,2022-11-10,Amazon Has Lost $1 Trillion in Market Cap. Ouch.,Barrons.com,https://finance.yahoo.com/m/7f984d75-e757-3eb7-b51a-075268a0121c/amazon-has-lost-%241-trillion.html,1668069060,STORY
1ba617a2-b082-3d81-8fb1-99b4586bd029,A,2022-11-10,"Coupang Raises Forecast, Narrows Loss After Fee Hike",Bloomberg,https://finance.yahoo.com/news/coupang-raises-forecast-narrows-loss-001029287.html,1668039029,STORY
70759b96-411c-38e2-a9e5-bd9b68045f96,A,2022-11-11,Why Alphabet Is Much More Than an Advertising Company,Motley Fool,https://finance.yahoo.com/m/70759b96-411c-38e2-a9e5-bd9b68045f96/why-alphabet-is-much-more.html,1668167460,STORY
0cc05a7c-1efc-37e1-990e-56ef216a76a3,A,2022-11-11,Amazon Stock: Bull vs. Bear,Motley Fool,https://finance.yahoo.com/m/0cc05a7c-1efc-37e1-990e-56ef216a76a3/amazon-stock%3A-bull-vs.-bear.html,1668162900,STORY
adb92f6b-2d95-3937-b6e0-9729d1d51b7e,A,2022-11-11,Is PayPal a Top Growth Stock to Buy Right Now?,Motley Fool,https://finance.yahoo.com/m/adb92f6b-2d95-3937-b6e0-9729d1d51b7e/is-paypal-a-top-growth-stock.html,1668160860,STORY
c78f93c2-0572-3fbb-87e4-0173d179b0f0,A,2022-11-11,Why Amazon Stock Soared Today,Motley Fool,https://finance.yahoo.com/m/c78f93c2-0572-3fbb-87e4-0173d179b0f0/why-amazon-stock-soared-today.html,1668119299,STORY
275213a5-34d2-3f43-9611-433073d05790,A,2022-11-11,Gap Starts Selling Its Apparel on Amazon,The Wall Street Journal,https://finance.yahoo.com/m/275213a5-34d2-3f43-9611-433073d05790/gap-starts-selling-its.html,1668115920,STORY
94968d45-aa80-3f1e-99cc-ea3cb0054b03,A,2022-11-11,What’s next for Kohl’s as CEO departs to join Levi’s?,MarketWatch,https://finance.yahoo.com/m/94968d45-aa80-3f1e-99cc-ea3cb0054b03/what%E2%80%99s-next-for-kohl%E2%80%99s-as-ceo.html,1668115740,STORY
175cec6c-ae3b-352c-845f-315b3604275c,A,2022-11-11,Battered E-Commerce Stocks Get Off The Mat After Inflation Beatdown,Investor's Business Daily,https://finance.yahoo.com/m/175cec6c-ae3b-352c-845f-315b3604275c/battered-e-commerce-stocks.html,1668115101,STORY
c3b9a72c-f6fb-3377-a922-e08a597277cd,A,2022-11-11,"Amazon loses $1 trillion in market cap, looks towards cost-cutting strategies",Yahoo Finance Video,https://finance.yahoo.com/video/amazon-loses-1-trillion-market-211335767.html,1668114815,VIDEO
a59af663-cc39-3954-a507-976fb514591a,A,2022-11-12,"Got $1,000? Amazon Stock Is a No-Brainer Buy",Motley Fool,https://finance.yahoo.com/m/a59af663-cc39-3954-a507-976fb514591a/got-%241%2C000%3F-amazon-stock-is-a.html,1668258900,STORY
81317064-85e7-34a4-8cc4-a470c96dee87,A,2022-11-12,"Want $1 Million in Retirement? Invest $100,000 in These 3 Stocks and Wait a Decade",Motley Fool,https://finance.yahoo.com/m/81317064-85e7-34a4-8cc4-a470c96dee87/want-%241-million-in.html,1668258300,STORY
401fc631-ecf0-3130-81db-bcec067b5cd9,A,2022-11-12,3 Unstoppable Growth Stocks to Buy if There's a Stock Market Sell-Off,Motley Fool,https://finance.yahoo.com/m/401fc631-ecf0-3130-81db-bcec067b5cd9/3-unstoppable-growth-stocks.html,1668253320,STORY
1ddd0f48-0a46-3fef-8d44-a880ec26b313,A,2022-11-12,Walmart Is Flexing Its Muscle Again,The Wall Street Journal,https://finance.yahoo.com/m/1ddd0f48-0a46-3fef-8d44-a880ec26b313/walmart-is-flexing-its-muscle.html,1668229200,STORY
ecb5a912-a83f-312f-bc88-aa78b8767835,A,2022-11-12,"Coinbase, Meta, Disney: Stocks That Defined the Week",The Wall Street Journal,https://finance.yahoo.com/m/ecb5a912-a83f-312f-bc88-aa78b8767835/coinbase%2C-meta%2C-disney%3A.html,1668210420,STORY
7f00111f-10d0-3e7c-823f-88ec4f111b40,A,2022-11-12,Previewing Retail Sector Earnings as Inventory Issues Linger,Zacks,https://finance.yahoo.com/news/previewing-retail-sector-earnings-inventory-233511853.html,1668209711,STORY
d13ae9df-f5a8-3620-ab6a-98b82185d07c,A,2022-11-12,Why Amazon Stock Jumped Again Today,Motley Fool,https://finance.yahoo.com/m/d13ae9df-f5a8-3620-ab6a-98b82185d07c/why-amazon-stock-jumped-again.html,1668207960,STORY
35616b1a-7734-3ea0-9d99-be02e5f5f6e2,A,2022-11-12,"Stocks, sectors accelerate this week’s gains ahead of the closing bell",Yahoo Finance Video,https://finance.yahoo.com/video/stocks-sectors-accelerate-week-gains-210416385.html,1668200656,VIDEO
07a76711-371c-3b35-ae2b-8d8ae9c3f640,A,2022-11-13,"The Meta Layoffs Aren't Good for Employees, but They Might Be Good for the Company",Motley Fool,https://finance.yahoo.com/m/07a76711-371c-3b35-ae2b-8d8ae9c3f640/the-meta-layoffs-aren%27t-good.html,1668344820,STORY
5197e997-512f-3eeb-81ce-de9475ccb685,A,2022-11-13,Amazon's 10 Best Gift Ideas for Women,Motley Fool,https://finance.yahoo.com/m/5197e997-512f-3eeb-81ce-de9475ccb685/amazon%27s-10-best-gift-ideas.html,1668344416,STORY
16cbec23-2b57-38aa-8c70-9236fd295a65,A,2022-11-13,Nasdaq Bear Market: 3 Stocks to Buy Hand Over Fist,Motley Fool,https://finance.yahoo.com/m/16cbec23-2b57-38aa-8c70-9236fd295a65/nasdaq-bear-market%3A-3-stocks.html,1668344400,STORY
d837fb90-7537-3853-8f99-36b279939dee,A,2022-11-13,Amazon.com's (NASDAQ:AMZN) 12% CAGR outpaced the company's earnings growth over the same five-year period,Simply Wall St.,https://finance.yahoo.com/news/amazon-coms-nasdaq-amzn-12-110127780.html,1668337287,STORY
dd3c149e-9124-3870-86e9-3c14ab9ab74c,A,2022-11-13,Holiday Season 2022: The 11 Best Deals on Kids Gifts,Motley Fool,https://finance.yahoo.com/m/dd3c149e-9124-3870-86e9-3c14ab9ab74c/holiday-season-2022%3A-the-11.html,1668337247,STORY
297696c6-cedc-3325-a5a0-ca597398b9c5,A,2022-11-13,Here Are All 23 Stocks I've Bought During the 2022 Bear Market,Motley Fool,https://finance.yahoo.com/m/297696c6-cedc-3325-a5a0-ca597398b9c5/here-are-all-23-stocks-i%27ve.html,1668334860,STORY
71dace67-f404-3511-a924-47719338d5bf,A,2022-11-13,Amazon Stock Q&A With Wall Street,Motley Fool,https://finance.yahoo.com/m/71dace67-f404-3511-a924-47719338d5bf/amazon-stock-q%26a-with-wall.html,1668282390,STORY
86e432fa-65b5-3e1d-9d00-9ca87a503dfe,A,2022-11-13,Amazon Adds Something Which Should Make Shoppers Happy,TheStreet.com,https://finance.yahoo.com/m/86e432fa-65b5-3e1d-9d00-9ca87a503dfe/amazon-adds-something-which.html,1668280020,STORY
9854571f-6fb8-3f68-9c0b-a076ed72c044,A,2022-11-14,Agilent Announces AssayMAP Bravo Protein Sample Prep Workbench 4.0,Business Wire,https://finance.yahoo.com/news/agilent-announces-assaymap-bravo-protein-130000399.html,1668430800,STORY
5945f85b-e1ce-31bf-bc33-3a74e3f9bdc8,A,2022-11-14,15 Biggest Tech Companies In The World After The 2022 Stock Market Collapse,Insider Monkey,https://finance.yahoo.com/news/15-biggest-tech-companies-world-125646351.html,1668430606,STORY
b03a182f-eb66-34f3-b35c-a28ab3e67cda,A,2022-11-14,"With EPS Growth And More, Agilent Technologies (NYSE:A) Makes An Interesting Case",Simply Wall St.,https://finance.yahoo.com/news/eps-growth-more-agilent-technologies-124554546.html,1668429954,STORY
d692d248-5627-34c8-9a8b-e28a7ede4a7b,A,2022-11-14,This FAANG Stock Is Crushing It Despite Inflation,Motley Fool,https://finance.yahoo.com/m/d692d248-5627-34c8-9a8b-e28a7ede4a7b/this-faang-stock-is-crushing.html,1668425160,STORY
c8bc39ae-a4d3-3068-9bbe-8abb065fb297,A,2022-11-14,Alibaba Stock Primed for Rebound on Sales Recovery,Bloomberg,https://finance.yahoo.com/news/alibaba-stock-primed-rebound-sales-111942301.html,1668424782,STORY
e9fc857f-1af2-3dd7-9333-5cb4847c3d63,A,2022-11-14,Top 15 IoT Companies in the World,Insider Monkey,https://finance.yahoo.com/news/top-15-iot-companies-world-103248827.html,1668421968,STORY
c7e12ebc-c939-324d-9789-109198adaf75,A,2022-11-14,Apple’s bargain with Beijing,Financial Times,https://finance.yahoo.com/m/c7e12ebc-c939-324d-9789-109198adaf75/apple%E2%80%99s-bargain-with-beijing.html,1668402023,STORY
8d276d40-4d91-3f0b-9102-22d6e0e9a4c2,A,2022-11-14,Crystal ball dividend hikes: these companies look poised to raise this week,Investing.com,https://finance.yahoo.com/news/crystal-ball-dividend-hikes-companies-033936322.html,1668397176,STORY
3da0897d-2bea-37b8-8420-82343da7a8c9,A,2022-11-15,"With Its CEO Out, Is Kohl's Stock a Buy?",Motley Fool,https://finance.yahoo.com/m/3da0897d-2bea-37b8-8420-82343da7a8c9/with-its-ceo-out%2C-is-kohl%27s.html,1668518100,STORY
857f8a2e-5218-3da0-8d47-439ea9ae3b69,A,2022-11-15,12 Hot Retailers Kick Amazon.com To The Curb,Investor's Business Daily,https://finance.yahoo.com/m/857f8a2e-5218-3da0-8d47-439ea9ae3b69/12-hot-retailers-kick.html,1668517230,STORY
f5a816db-a193-366a-b01e-ade5fd277f09,A,2022-11-15,Purpose Investments Files Preliminary Prospectus for the First Yield-Focused Single-Stock ETFs,GlobeNewswire,https://finance.yahoo.com/news/purpose-investments-files-preliminary-prospectus-123000225.html,1668515400,STORY
6758dab2-c092-3a58-b57f-eb9d51a5a623,A,2022-11-15,Retailers Prepare for Another Reveal on Inflation. It’s Key Intelligence for the Fed.,Barrons.com,https://finance.yahoo.com/m/6758dab2-c092-3a58-b57f-eb9d51a5a623/retailers-prepare-for-another.html,1668513420,STORY
5afa049e-81b0-3138-9890-979d4c1aabf1,A,2022-11-15,FirstFT: G20 rejects ‘era of war’,Financial Times,https://finance.yahoo.com/m/5afa049e-81b0-3138-9890-979d4c1aabf1/firstft%3A-g20-rejects-%E2%80%98era-of.html,1668510538,STORY
feb5f3ee-109a-3ad0-b2e9-ef1411d9d5db,A,2022-11-15,5 Top Stocks to Buy Before 2023,Motley Fool,https://finance.yahoo.com/m/feb5f3ee-109a-3ad0-b2e9-ef1411d9d5db/5-top-stocks-to-buy-before.html,1668510000,STORY
e006d38d-258e-323f-9498-c85321ef7a7e,A,2022-11-15,3 Stocks to Buy Hand Over Fist in a Big Stock Market Rally,Motley Fool,https://finance.yahoo.com/m/e006d38d-258e-323f-9498-c85321ef7a7e/3-stocks-to-buy-hand-over.html,1668509820,STORY
5653ca50-0e3b-373a-ad78-cc67abf4dc1e,A,2022-11-15,Inside Amazon's WNY facilities as they prepare for their busy season,American City Business Journals,https://finance.yahoo.com/m/5653ca50-0e3b-373a-ad78-cc67abf4dc1e/inside-amazon%27s-wny.html,1668509700,STORY
96517981-1275-3921-b181-4514f2eda734,A,2022-11-16,Critical Investing Mistakes Investors Should Avoid Right Now,Motley Fool,https://finance.yahoo.com/m/96517981-1275-3921-b181-4514f2eda734/critical-investing-mistakes.html,1668603600,STORY
30ff2c8c-5314-37d4-9a94-f2c0789b2f07,A,2022-11-16,10 Reasons to Buy Amazon Stock Now,Motley Fool,https://finance.yahoo.com/m/30ff2c8c-5314-37d4-9a94-f2c0789b2f07/10-reasons-to-buy-amazon.html,1668601200,STORY
ab2b19df-e7f2-34e2-88be-de488234d9be,A,2022-11-16,"Peloton stock rallies after expanding relationship with Amazon to the U.K., Germany",MarketWatch,https://finance.yahoo.com/m/ab2b19df-e7f2-34e2-88be-de488234d9be/peloton-stock-rallies-after.html,1668600583,STORY
a0f32c24-f1fd-3d18-ab66-1ae2922f076a,A,2022-11-16,Peloton to sell exercise bikes on Amazon UK to improve demand,Reuters,https://finance.yahoo.com/news/peloton-sell-exercise-bikes-amazon-120329222.html,1668600209,STORY
d806854b-d17a-4ae6-ba6c-e4dbc57d8430,A,2022-11-16,Target: 'Organized retail crime' drove astounding $400 million loss in profits this year,Yahoo Finance,https://finance.yahoo.com/news/target-organized-retail-crime-400-million-profits-113006396.html,1668598313,STORY
dd4e5659-aa44-4689-94a9-1da9e9af1c82,A,2022-11-16,Target earnings miss by a mile amid 'significant change in consumer shopping patterns',Yahoo Finance,https://finance.yahoo.com/news/target-earnigs-miss-consumer-shopping-patterns-113025639.html,1668598225,STORY
aae7c19d-1d94-377f-aaf0-92b364efbd92,A,2022-11-16,S&P 500 Bear Market: Time to Buy These 3 Market-Beating Growth Stocks,Motley Fool,https://finance.yahoo.com/m/aae7c19d-1d94-377f-aaf0-92b364efbd92/s%26p-500-bear-market%3A-time-to.html,1668596700,STORY
46efbfce-b7b5-32cb-a67d-ee67f8273f2f,A,2022-11-16,Amazon faces up to a bleak Black Friday as the long tech boom ends,The Telegraph,https://finance.yahoo.com/news/amazon-faces-bleak-black-friday-110000244.html,1668596400,STORY
bcf206ec-a224-3bd7-8975-5b402e18b217,A,2022-11-17,2 Top Warren Buffett Stocks to Buy Now and Hold Forever,Motley Fool,https://finance.yahoo.com/m/bcf206ec-a224-3bd7-8975-5b402e18b217/2-top-warren-buffett-stocks.html,1668689100,STORY
9df51a3a-0169-36f8-9202-16f3778f984b,A,2022-11-17,"First TVs, now tortillas: U.S. companies set minimum prices to halt discounting",Reuters,https://finance.yahoo.com/news/first-tvs-now-tortillas-u-120356505.html,1668686636,STORY
8a2a3c26-ceaf-37cb-9a88-3d97fc2091a5,A,2022-11-17,"FOCUS-First TVs, now tortillas: U.S. companies set minimum prices to halt discounting",Reuters,https://finance.yahoo.com/news/focus-first-tvs-now-tortillas-120000643.html,1668686400,STORY
d1891c56-a772-397e-84ea-07759d1a09ce,A,2022-11-17,Amazon's Stock Sell-Off Makes Now the Perfect Time to Buy,Motley Fool,https://finance.yahoo.com/m/d1891c56-a772-397e-84ea-07759d1a09ce/amazon%27s-stock-sell-off-makes.html,1668683400,STORY
2ed370ba-98ba-36e4-9191-78d8774186b5,A,2022-11-17,The Worst Mistake Amazon Investors Can Make Right Now,Motley Fool,https://finance.yahoo.com/m/2ed370ba-98ba-36e4-9191-78d8774186b5/the-worst-mistake-amazon.html,1668682800,STORY
b5caedae-8374-343d-874a-b2bbe9a6844d,A,2022-11-17,Stock Split Watch: Is Adobe Next?,Motley Fool,https://finance.yahoo.com/m/b5caedae-8374-343d-874a-b2bbe9a6844d/stock-split-watch%3A-is-adobe.html,1668682020,STORY
0e4ccafa-db33-314a-87b4-001204c0c5c8,A,2022-11-17,2 Breakout Growth Stocks You Can Buy and Hold for the Next Decade,Motley Fool,https://finance.yahoo.com/m/0e4ccafa-db33-314a-87b4-001204c0c5c8/2-breakout-growth-stocks-you.html,1668681600,STORY
e9576a8d-9807-3d53-b869-7b78fc9124e2,A,2022-11-17,Here's My Top Stock for 2023 and Beyond,Motley Fool,https://finance.yahoo.com/m/e9576a8d-9807-3d53-b869-7b78fc9124e2/here%27s-my-top-stock-for-2023.html,1668680880,STORY
0cd98b13-88b2-3790-98b4-04c725e730a0,A,2022-11-18,10 Best Tech Stocks to Buy Now in November (High Conviction),Motley Fool,https://finance.yahoo.com/m/0cd98b13-88b2-3790-98b4-04c725e730a0/10-best-tech-stocks-to-buy.html,1668774600,STORY
fe36b018-c3aa-31b6-b96b-30407ca65351,A,2022-11-18,2 Once-in-a-Decade Buying Opportunities for 2023,Motley Fool,https://finance.yahoo.com/m/fe36b018-c3aa-31b6-b96b-30407ca65351/2-once-in-a-decade-buying.html,1668768120,STORY
e601d096-5dff-3b5a-a94c-2be71e4388d9,A,2022-11-18,"Tech Companies Were Thriving, Now They’re Laying Off Thousands. Here’s Why.",WSJ,https://finance.yahoo.com/video/tech-companies-were-thriving-now-103000771.html,1668767400,VIDEO
2f6854b1-cc7a-3de5-a7a9-60dc554578d7,A,2022-11-18,"These 2 Stocks Carry a Lot of Risk, But Their Upside Is Huge",Motley Fool,https://finance.yahoo.com/m/2f6854b1-cc7a-3de5-a7a9-60dc554578d7/these-2-stocks-carry-a-lot-of.html,1668766500,STORY
1e27a39b-fcdc-3c28-81c3-53a306580026,A,2022-11-18,"Black Friday surprise: Jeff Bezos tells people not to buy cars, refrigerators and other big-ticket items. Critics call him out.",MarketWatch,https://finance.yahoo.com/m/1e27a39b-fcdc-3c28-81c3-53a306580026/black-friday-surprise%3A-jeff.html,1668740820,STORY
96a0c9c6-234b-3cba-8383-4892ab45a175,A,2022-11-18,Amazon CEO says layoffs will continue in 2023,Fox Business,https://finance.yahoo.com/news/amazon-ceo-says-layoffs-continue-015508160.html,1668736508,STORY
b8de60c3-3207-3d17-ba1b-01b6ba7ca71a,A,2022-11-18,Amazon CEO Andy Jassy says layoffs will continue into next year,American City Business Journals,https://finance.yahoo.com/m/b8de60c3-3207-3d17-ba1b-01b6ba7ca71a/amazon-ceo-andy-jassy-says.html,1668729199,STORY
af0bb941-ed94-3049-840a-8415b9939238,A,2022-11-18,Amazon CEO Andy Jassy Says Layoffs Will Extend Into Next Year,The Wall Street Journal,https://finance.yahoo.com/m/af0bb941-ed94-3049-840a-8415b9939238/amazon-ceo-andy-jassy-says.html,1668727680,STORY
836807f0-c258-3012-9f58-4f0ab309220c,A,2022-11-19,Alibaba Group Holding Second Quarter 2023 Earnings: EPS Misses Expectations,Simply Wall St.,https://finance.yahoo.com/news/alibaba-group-holding-second-quarter-122309760.html,1668860589,STORY
4bf3d899-1d9f-39cf-8d3c-003939f401e5,A,2022-11-19,Nike and 5 More Companies That Raised Their Stock Dividends This Week,Barrons.com,https://finance.yahoo.com/m/4bf3d899-1d9f-39cf-8d3c-003939f401e5/nike-and-5-more-companies.html,1668859200,STORY
f40added-8c1c-3939-8382-f2c774314b87,A,2022-11-19,Agilent Q4 Preview: Double-Digit Earnings Growth in Store?,Zacks,https://finance.yahoo.com/news/agilent-q4-preview-double-digit-220910835.html,1668809350,STORY
ec3960b9-6044-395b-8510-873121f1b333,A,2022-11-19,Analyst Report: Alibaba Group Holding Limited,Morningstar Research,https://finance.yahoo.com/m/ec3960b9-6044-395b-8510-873121f1b333/analyst-report%3A-alibaba-group.html,1668804868,STORY
319a9c8b-c2cb-35e1-b772-40753fee71f9,A,2022-11-19,"Alibaba Will Be Critical Beneficiary Of China's Reopening and Economic Recovery, Analysts Say",Benzinga,https://finance.yahoo.com/news/alibaba-critical-beneficiary-chinas-reopening-194801540.html,1668800881,STORY
4dc36bb7-3fc0-323b-a803-459af60af50b,A,2022-11-19,Alibaba President Sells Two Oceanfront Hamptons Properties for $66.25 Million,The Wall Street Journal,https://finance.yahoo.com/m/4dc36bb7-3fc0-323b-a803-459af60af50b/alibaba-president-sells-two.html,1668800160,STORY
fd7713cf-b4dc-336c-bcbb-d15fe37b6682,A,2022-11-19,"Applied Materials (AMAT) Q4 Earnings & Sales Beat, Rise Y/Y",Zacks,https://finance.yahoo.com/news/applied-materials-amat-q4-earnings-190307467.html,1668798187,STORY
ac10c40a-6bfa-395c-a7fb-80c604c6bdf7,A,2022-11-19,"Alibaba (BABA) Q2 Earnings Beat Estimates, Revenues Rise Y/Y",Zacks,https://finance.yahoo.com/news/alibaba-baba-q2-earnings-beat-185006997.html,1668797406,STORY
95789151-9924-3627-aa81-793dcbce39fa,A,2022-11-20,3 Robinhood Stocks to Buy and Hold Forever,Motley Fool,https://finance.yahoo.com/m/95789151-9924-3627-aa81-793dcbce39fa/3-robinhood-stocks-to-buy-and.html,1668947160,STORY
9d3d214d-12f9-3ea3-9fd4-be09bd836c85,A,2022-11-20,3 High-Yielding Dividend Stocks You'll Regret Not Buying in the Bear Market,Motley Fool,https://finance.yahoo.com/m/9d3d214d-12f9-3ea3-9fd4-be09bd836c85/3-high-yielding-dividend.html,1668946200,STORY
cf856d0c-9c2f-3ab0-93e1-a2ea2fc4ff19,A,2022-11-20,3 Top Stocks You'll Regret Not Buying During This Bear Market,Motley Fool,https://finance.yahoo.com/m/cf856d0c-9c2f-3ab0-93e1-a2ea2fc4ff19/3-top-stocks-you%27ll-regret.html,1668943800,STORY
d90579b4-adc7-3816-b736-c27dda523b60,A,2022-11-20,1 High-Yield Dividend Stock You Could Hold for Years,Motley Fool,https://finance.yahoo.com/m/d90579b4-adc7-3816-b736-c27dda523b60/1-high-yield-dividend-stock.html,1668942900,STORY
bfd29ea8-c535-3b1a-be7f-153e73afc62e,A,2022-11-20,Does Amazon's Latest Healthcare Move Make It a Buy?,Motley Fool,https://finance.yahoo.com/m/bfd29ea8-c535-3b1a-be7f-153e73afc62e/does-amazon%27s-latest.html,1668942000,STORY
d064ce90-fe9c-38f5-abc1-4ec93a6eb9f6,A,2022-11-20,My Top FAANG Stock For 2023 -- and It Isn't Even Close,Motley Fool,https://finance.yahoo.com/m/d064ce90-fe9c-38f5-abc1-4ec93a6eb9f6/my-top-faang-stock-for-2023.html,1668941640,STORY
ca517be3-851b-3ba4-87c5-91c4b4367492,A,2022-11-20,15 Major Companies That Accept Bitcoin as Payment,Insider Monkey,https://finance.yahoo.com/news/15-major-companies-accept-bitcoin-155558584.html,1668873358,STORY
8b1ae67b-0244-328e-99e7-1fd97131520c,A,2022-11-20,Is This Little-Known Company the Next E-Commerce Powerhouse?,Motley Fool,https://finance.yahoo.com/m/8b1ae67b-0244-328e-99e7-1fd97131520c/is-this-little-known-company.html,1668871200,STORY
b653af73-7b3a-34c3-9cdf-ef06ba3ef325,A,2022-11-21,Dow Jones Futures Fall: Market Rally Faces Key Test; Disney Spikes As Bob Iger Returns As CEO,Investor's Business Daily,https://finance.yahoo.com/m/b653af73-7b3a-34c3-9cdf-ef06ba3ef325/dow-jones-futures-fall%3A.html,1669036717,STORY
90be6a5f-4cc4-39bd-82f2-58b5219a49de,A,2022-11-21,Calculating The Fair Value Of Apple Inc. (NASDAQ:AAPL),Simply Wall St.,https://finance.yahoo.com/news/calculating-fair-value-apple-inc-130101847.html,1669035661,STORY
5e0a0ffb-1b37-3373-b6a1-276f3af16893,A,2022-11-21,3 Stocks to Avoid This Week,Motley Fool,https://finance.yahoo.com/m/5e0a0ffb-1b37-3373-b6a1-276f3af16893/3-stocks-to-avoid-this-week.html,1669033800,STORY
93661844-2356-37f6-9516-36d309a31870,A,2022-11-21,The Safest and Riskiest FAANG Stocks to Buy Right Now,Motley Fool,https://finance.yahoo.com/m/93661844-2356-37f6-9516-36d309a31870/the-safest-and-riskiest-faang.html,1669027920,STORY
78f86018-f3d5-33a6-8e41-e3c3394d2edf,A,2022-11-21,89% of Warren Buffett's Portfolio Is Invested in These 12 Stocks,Motley Fool,https://finance.yahoo.com/m/78f86018-f3d5-33a6-8e41-e3c3394d2edf/89%25-of-warren-buffett%27s.html,1669025160,STORY
3bb1eb99-7f4a-3e6c-842c-be1dc0655c20,A,2022-11-21,Apple Stock Isn’t Recession Proof. Why It Could Have a Tough Time.,Barrons.com,https://finance.yahoo.com/m/3bb1eb99-7f4a-3e6c-842c-be1dc0655c20/apple-stock-isn%E2%80%99t-recession.html,1669018200,STORY
0437a84c-3e82-3281-a6f9-c5743d60ee8c,A,2022-11-21,"Target, Amazon and 4 More Retailers That Will Reward You for Turning in Your Old Stuff",GOBankingRates,https://finance.yahoo.com/news/target-amazon-4-more-retailers-130111844.html,1668958208,STORY
29847129-f17f-37b6-8942-f0df6bb8e54a,A,2022-11-21,Worried We're in Another Dot-Com Crash? Here's the Biggest Mistake to Avoid.,Motley Fool,https://finance.yahoo.com/m/29847129-f17f-37b6-8942-f0df6bb8e54a/worried-we%27re-in-another.html,1668957645,STORY
b8ada44c-5230-3766-9d4e-de770d48a586,A,2022-11-22,"Analyst Report: Agilent Technologies, Inc.",Morningstar Research,https://finance.yahoo.com/m/b8ada44c-5230-3766-9d4e-de770d48a586/analyst-report%3A-agilent.html,1669091620,STORY
de7e306b-9efb-3dd6-afab-8e5fd0fcf244,A,2022-11-22,Agilent Technologies (A) Q4 Earnings and Revenues Surpass Estimates,Zacks,https://finance.yahoo.com/news/agilent-technologies-q4-earnings-revenues-222510980.html,1669069510,STORY
67f74a0b-6568-3850-b450-afdd9919f366,A,2022-11-22,"Agilent stock rallies after quarterly beat, outlook",MarketWatch,https://finance.yahoo.com/m/67f74a0b-6568-3850-b450-afdd9919f366/agilent-stock-rallies-after.html,1669066973,STORY
ae667158-0aee-3fec-a0b2-f91aed0b08a3,A,2022-11-22,Agilent Reports Fourth-Quarter and Fiscal Year 2022 Financial Results,Business Wire,https://finance.yahoo.com/news/agilent-reports-fourth-quarter-fiscal-210500565.html,1669064700,STORY
78dfea91-7f70-34b8-a2e5-46fc90195e66,A,2022-11-22,"Dow futures trade flat, China’s COVID spike in focus",Investing.com,https://finance.yahoo.com/news/dow-futures-trade-flat-china-183603699.html,1669055763,STORY
a37610ee-9890-3acc-bbd1-62a8de5fa751,A,2022-11-22,Pre-Markets in Red to Start a Fresh Week,Zacks,https://finance.yahoo.com/news/pre-markets-red-start-fresh-155203775.html,1669045923,STORY
36071da7-635d-3122-b8dd-f02109c369dd,A,2022-11-22,Pre Markets in Red to Kick Off Thanksgiving Week,Zacks,https://finance.yahoo.com/news/pre-markets-red-kick-off-152703001.html,1669044423,STORY
bfc30432-7cac-399a-815f-87bbaf48887f,A,2022-11-22,"The Zacks Analyst Blog Highlights Agilent Technologies, KeyCorp, Griffon, Group 1 Automotive and Suncor Energy",Zacks,https://finance.yahoo.com/news/zacks-analyst-blog-highlights-agilent-141202299.html,1669039922,STORY
76711ea8-537d-3f00-8a96-a4bf402e867d,A,2022-11-23,Analysts are Increasing Price Targets of These 10 Stocks,Insider Monkey,https://finance.yahoo.com/news/analysts-increasing-price-targets-10-214148906.html,1669153308,STORY
cf8b409c-a827-3306-9f99-13fba40a34b1,A,2022-11-23,"Agilent (A) Q4 Earnings Surpass Estimates, Revenues Rise Y/Y",Zacks,https://finance.yahoo.com/news/agilent-q4-earnings-surpass-estimates-193807037.html,1669145887,STORY
6d16b6a5-555c-3566-914a-143148b2a1b4,A,2022-11-23,"US STOCKS-Wall St climbs on retail, energy lift",Reuters,https://finance.yahoo.com/news/us-stocks-wall-st-climbs-193226818.html,1669145546,STORY
967c12ad-0927-3109-bfe0-bfc0b6957a0a,A,2022-11-23,"Agilent Beats On Q4 Earnings, Issues Mixed Guidance",Benzinga,https://finance.yahoo.com/news/agilent-beats-q4-earnings-issues-112533441.html,1669116333,STORY
58b15e66-1c44-3441-9b96-8a6be773f8d4,A,2022-11-23,"Best Buy, Abercrombie, Urban Outfitters rise premarket; Dollar Tree, Zoom fall",Investing.com,https://finance.yahoo.com/news/best-buy-abercrombie-urban-outfitters-080420616.html,1669104260,STORY
b8ada44c-5230-3766-9d4e-de770d48a586,A,2022-11-23,"Analyst Report: Agilent Technologies, Inc.",Morningstar Research,https://finance.yahoo.com/m/b8ada44c-5230-3766-9d4e-de770d48a586/analyst-report%3A-agilent.html,1669091620,STORY
de7e306b-9efb-3dd6-afab-8e5fd0fcf244,A,2022-11-23,Agilent Technologies (A) Q4 Earnings and Revenues Surpass Estimates,Zacks,https://finance.yahoo.com/news/agilent-technologies-q4-earnings-revenues-222510980.html,1669069510,STORY
67f74a0b-6568-3850-b450-afdd9919f366,A,2022-11-23,"Agilent stock rallies after quarterly beat, outlook",MarketWatch,https://finance.yahoo.com/m/67f74a0b-6568-3850-b450-afdd9919f366/agilent-stock-rallies-after.html,1669066973,STORY
76711ea8-537d-3f00-8a96-a4bf402e867d,A,2022-11-24,Analysts are Increasing Price Targets of These 10 Stocks,Insider Monkey,https://finance.yahoo.com/news/analysts-increasing-price-targets-10-214148906.html,1669153308,STORY
cf8b409c-a827-3306-9f99-13fba40a34b1,A,2022-11-24,"Agilent (A) Q4 Earnings Surpass Estimates, Revenues Rise Y/Y",Zacks,https://finance.yahoo.com/news/agilent-q4-earnings-surpass-estimates-193807037.html,1669145887,STORY
6d16b6a5-555c-3566-914a-143148b2a1b4,A,2022-11-24,"US STOCKS-Wall St climbs on retail, energy lift",Reuters,https://finance.yahoo.com/news/us-stocks-wall-st-climbs-193226818.html,1669145546,STORY
967c12ad-0927-3109-bfe0-bfc0b6957a0a,A,2022-11-24,"Agilent Beats On Q4 Earnings, Issues Mixed Guidance",Benzinga,https://finance.yahoo.com/news/agilent-beats-q4-earnings-issues-112533441.html,1669116333,STORY
58b15e66-1c44-3441-9b96-8a6be773f8d4,A,2022-11-24,"Best Buy, Abercrombie, Urban Outfitters rise premarket; Dollar Tree, Zoom fall",Investing.com,https://finance.yahoo.com/news/best-buy-abercrombie-urban-outfitters-080420616.html,1669104260,STORY
de7e306b-9efb-3dd6-afab-8e5fd0fcf244,A,2022-11-24,Agilent Technologies (A) Q4 Earnings and Revenues Surpass Estimates,Zacks,https://finance.yahoo.com/news/agilent-technologies-q4-earnings-revenues-222510980.html,1669069510,STORY
67f74a0b-6568-3850-b450-afdd9919f366,A,2022-11-24,"Agilent stock rallies after quarterly beat, outlook",MarketWatch,https://finance.yahoo.com/m/67f74a0b-6568-3850-b450-afdd9919f366/agilent-stock-rallies-after.html,1669066973,STORY
ae667158-0aee-3fec-a0b2-f91aed0b08a3,A,2022-11-24,Agilent Reports Fourth-Quarter and Fiscal Year 2022 Financial Results,Business Wire,https://finance.yahoo.com/news/agilent-reports-fourth-quarter-fiscal-210500565.html,1669064700,STORY
293704a1-a983-398d-84c5-81aaf8ff6562,A,2022-11-25,"11 of the best Black Friday TV deals, including $500 off Samsung’s ‘The Frame’ TV, $660 off an LG OLED TV, and more",MarketWatch,https://finance.yahoo.com/m/293704a1-a983-398d-84c5-81aaf8ff6562/11-of-the-best-black-friday.html,1669380000,STORY
0634480c-9c77-3b93-a450-33b77bc1e73d,A,2022-11-25,"Stocks Higher, Apple, Activision, Ford, Black Friday - Five Things To Know",TheStreet.com,https://finance.yahoo.com/m/0634480c-9c77-3b93-a450-33b77bc1e73d/stocks-higher%2C-apple%2C.html,1669377240,STORY
26f6d110-b06f-3c9a-ae22-9f0c91b2666a,A,2022-11-25,The Fed Is Watching Black Friday. It Needs to Shop for More Data.,Barrons.com,https://finance.yahoo.com/m/26f6d110-b06f-3c9a-ae22-9f0c91b2666a/the-fed-is-watching-black.html,1669376520,STORY
c15d8797-9f0c-369c-94a1-ec5435078fcd,A,2022-11-25,Dow Stock News: Apple Eyes Manchester United? FTC Seen Challenging Microsoft-Activision Deal,Investor's Business Daily,https://finance.yahoo.com/m/c15d8797-9f0c-369c-94a1-ec5435078fcd/dow-stock-news%3A-apple-eyes.html,1669374642,STORY
ee52c6f8-220c-38ba-a762-9644e3f59697,A,2022-11-25,A Bull Market Is Coming: 2 Top Growth Stocks You'll Regret Not Buying On the Dip,Motley Fool,https://finance.yahoo.com/m/ee52c6f8-220c-38ba-a762-9644e3f59697/a-bull-market-is-coming%3A-2.html,1669372500,STORY
b4856ed2-a442-317e-a654-2182c32ed74f,A,2022-11-25,"36 absolute best Black Friday deals, including Samsung’s ‘The Frame’ TV at $500 off, the Dyson V8 vacuum at $219 off, Apple Airpods at $55 off, and much more",MarketWatch,https://finance.yahoo.com/m/b4856ed2-a442-317e-a654-2182c32ed74f/36-absolute-best-black-friday.html,1669372200,STORY
3b666272-eee4-349f-9e7e-67a7d9c228b3,A,2022-11-25,2 Warren Buffett Stocks That Everyone Should Own,Motley Fool,https://finance.yahoo.com/m/3b666272-eee4-349f-9e7e-67a7d9c228b3/2-warren-buffett-stocks-that.html,1669371900,STORY
df3be49c-0f37-39da-a07a-9ae311c465d6,A,2022-11-25,93% of Warren Buffett's Portfolio Is in These 4 Sectors,Motley Fool,https://finance.yahoo.com/m/df3be49c-0f37-39da-a07a-9ae311c465d6/93%25-of-warren-buffett%27s.html,1669370760,STORY
4afaa6e6-5e70-3d8d-b706-a9e57535d166,A,2022-11-26,"Dow Jones Futures: Market Rally Strong, But Here's Why You Should Be Cautious",Investor's Business Daily,https://finance.yahoo.com/m/4afaa6e6-5e70-3d8d-b706-a9e57535d166/dow-jones-futures%3A-market.html,1669468393,STORY
d0b6ab99-348b-39cd-ae7b-20dfd0506979,A,2022-11-26,Elon Musk says he'd consider 'alternative phone' if Twitter is booted from Apple and Google app stores,Fox Business,https://finance.yahoo.com/news/elon-musk-says-hed-consider-004332251.html,1669423412,STORY
84305dd2-d773-3532-a881-683126d45143,A,2022-11-26,Analysts are Upgrading These 9 Tech Stocks,Insider Monkey,https://finance.yahoo.com/news/analysts-upgrading-9-tech-stocks-232222035.html,1669418542,STORY
a44aaa8a-23a7-3fe7-87d5-bc8e92dcc784,A,2022-11-26,Many shoppers can't find Apple's latest iPhones on Black Friday,Reuters,https://finance.yahoo.com/news/many-shoppers-cant-apples-latest-200038425.html,1669406438,STORY
8ed8014d-ca78-3c14-a64c-936a76450f3e,A,2022-11-26,CORRECTED-Many shoppers can't find Apple's latest iPhones on Black Friday,Reuters,https://finance.yahoo.com/news/many-shoppers-cant-apples-latest-195708191.html,1669406228,STORY
be72da71-43e2-3a5e-a28c-2225ddbcc0a0,A,2022-11-26,Manchester United Stock Soars on Report that Apple Is Interested in a Purchase,Barrons.com,https://finance.yahoo.com/m/be72da71-43e2-3a5e-a28c-2225ddbcc0a0/manchester-united-stock-soars.html,1669404300,STORY
5f63b786-4c96-3765-9c49-91b3dc16cc31,A,2022-11-26,GLOBAL MARKETS-Nasdaq falls and dollar rises on investor caution,Reuters,https://finance.yahoo.com/news/global-markets-nasdaq-falls-dollar-191755787.html,1669403875,STORY
9a4ec8c0-3aeb-3109-91de-3edf2102ff92,A,2022-11-26,China Scrambles to Stop Record Covid Cases. What’s at Stake for U.S. Companies.,Barrons.com,https://finance.yahoo.com/m/9a4ec8c0-3aeb-3109-91de-3edf2102ff92/china-scrambles-to-stop.html,1669403580,STORY
6e6cee20-e7c5-3d0e-a48e-bed63ab94fc5,A,2022-11-27,3 Stocks That Could Triple in 3 Years,Motley Fool,https://finance.yahoo.com/m/6e6cee20-e7c5-3d0e-a48e-bed63ab94fc5/3-stocks-that-could-triple-in.html,1669550400,STORY
4afaa6e6-5e70-3d8d-b706-a9e57535d166,A,2022-11-27,"Dow Jones Futures: Market Rally Strong, But Here's Why You Should Be Cautious",Investor's Business Daily,https://finance.yahoo.com/m/4afaa6e6-5e70-3d8d-b706-a9e57535d166/dow-jones-futures%3A-market.html,1669526713,STORY
99b1778e-57ad-328f-a574-3a1cb2faffab,A,2022-11-27,What’s on the Radar in Personal Tech,WWD,https://finance.yahoo.com/m/99b1778e-57ad-328f-a574-3a1cb2faffab/what%E2%80%99s-on-the-radar-in.html,1669510742,STORY
50ba8097-8d20-38aa-a075-52471d175704,A,2022-11-27,Elon Musk Threatens Apple,TheStreet.com,https://finance.yahoo.com/m/50ba8097-8d20-38aa-a075-52471d175704/elon-musk-threatens-apple.html,1669486200,STORY
088b1dda-43a5-3fc9-a594-ec42c6dfff32,A,2022-11-27,Manchester United Stock Spikes Higher On Report Of Apple's Interest In Buying Soccer Club,Benzinga,https://finance.yahoo.com/news/manchester-united-stock-spikes-higher-152235840.html,1669476155,STORY
f3fdd790-b8de-3106-827c-18c067303a90,A,2022-11-27,"Black Friday Online Sales Hit Record, But Growth Slim",Investor's Business Daily,https://finance.yahoo.com/m/f3fdd790-b8de-3106-827c-18c067303a90/black-friday-online-sales-hit.html,1669474656,STORY
32369a10-79c7-3b94-8f65-241a4eef5596,A,2022-11-27,Holiday shoppers say Apple's latest iPhones missing from stores,Fox Business,https://finance.yahoo.com/news/holiday-shoppers-apples-latest-iphones-145625079.html,1669474585,STORY
167bd251-f608-3894-a174-80dbe6261daf,A,2022-11-27,Should You Investigate Apple Inc. (NASDAQ:AAPL) At US$148?,Simply Wall St.,https://finance.yahoo.com/news/investigate-apple-inc-nasdaq-aapl-140048835.html,1669471248,STORY
4afaa6e6-5e70-3d8d-b706-a9e57535d166,A,2022-11-28,Dow Jones Futures Fall As China Concerns Hit Market Rally; Why You Should Be Cautious,Investor's Business Daily,https://finance.yahoo.com/m/4afaa6e6-5e70-3d8d-b706-a9e57535d166/dow-jones-futures-fall-as.html,1669641433,STORY
f12f1558-85c0-33c4-871f-140c65e05bf3,A,2022-11-28,Apple Could Face 10% Hit to iPhone Production on Foxconn Disruption: Analyst,Barrons.com,https://finance.yahoo.com/m/f12f1558-85c0-33c4-871f-140c65e05bf3/apple-could-face-10%25-hit-to.html,1669641060,STORY
57419994-45e3-3ab4-9740-5c6fb66877ec,A,2022-11-28,3 Stocks to Avoid This Week,Motley Fool,https://finance.yahoo.com/m/57419994-45e3-3ab4-9740-5c6fb66877ec/3-stocks-to-avoid-this-week.html,1669640820,STORY
956c7c6f-90e9-3a3f-a358-0fc1a2baefef,A,2022-11-28,Apple stock slips as China factory unrest may further hit iPhone shipments,Reuters,https://finance.yahoo.com/news/apple-shares-slip-china-factory-130315572.html,1669640595,STORY
907db724-5364-3cc2-bff4-a22ba5ca02c3,A,2022-11-28,How To Cancel Subscriptions You Forgot You Even Had (And Probably No Longer Need),GOBankingRates,https://finance.yahoo.com/news/cancel-subscriptions-forgot-even-had-123029529.html,1669638629,STORY
cf9c5df5-9ce5-30db-bcbb-8a7ba1b27a97,A,2022-11-28,"Beat the Market the Zacks Way: Tenaris, Lululemon, AutoZone in Focus",Zacks,https://finance.yahoo.com/news/beat-market-zacks-way-tenaris-115811338.html,1669636691,STORY
5b017e00-a68e-3c55-beaa-fa95a4f500c3,A,2022-11-28,China factory riot leaves Apple millions of iPhones short,The Telegraph,https://finance.yahoo.com/news/china-factory-riot-leaves-apple-113328649.html,1669635208,STORY
069f7035-dd32-4dfc-bc04-f1415d9c622d,A,2022-11-28,Goldman: We don't like stocks here,Yahoo Finance,https://finance.yahoo.com/news/goldman-we-dont-like-stocks-here-112432361.html,1669634672,STORY
accdb16d-e088-35cd-b165-ac2a5672326a,A,2022-11-29,"Musk Takes on Apple Over App Store Fees. Good Luck, Elon.",Barrons.com,https://finance.yahoo.com/m/accdb16d-e088-35cd-b165-ac2a5672326a/musk-takes-on-apple-over-app.html,1669727880,STORY
14902ffb-94c1-3dc7-87b2-17104898706c,A,2022-11-29,Agilent Deploys Next Generation Explosive Detection System at London Heathrow Airport,Business Wire,https://finance.yahoo.com/news/agilent-deploys-next-generation-explosive-130000310.html,1669726800,STORY
4d685336-ce78-322f-9653-709676aef082,A,2022-11-29,Apple’s growth streak under threat as China’s zero-Covid backlash bites,Financial Times,https://finance.yahoo.com/m/4d685336-ce78-322f-9653-709676aef082/apple%E2%80%99s-growth-streak-under.html,1669723935,STORY
abb9f346-40ee-4e1f-98d4-829da5e8d163,A,2022-11-29,Apple Pay is on fire this holiday season: chart,Yahoo Finance,https://finance.yahoo.com/news/apple-pay-is-on-fire-this-holiday-season-chart-115242855.html,1669722762,STORY
74037a6f-7d5b-3d5b-a6a1-429b4cd17798,A,2022-11-29,Oil Prices Weaken but Here’s Why Any Good Feeling Won’t Last Long,Barrons.com,https://finance.yahoo.com/m/74037a6f-7d5b-3d5b-a6a1-429b4cd17798/oil-prices-weaken-but-here%E2%80%99s.html,1669722300,STORY
5ec3a52b-2fc6-3b27-b982-a1ca090e8f1e,A,2022-11-29,Apple’s Stock Buyback Bonanza Helps to Buoy Shares in Market Slump,Bloomberg,https://finance.yahoo.com/news/apple-stock-buyback-bonanza-helps-113849830.html,1669721929,STORY
f116a68a-3b8f-42c6-bec5-071f2b231580,A,2022-11-29,Apple iPhone demand could be hammered by China's COVID situation: analyst,Yahoo Finance,https://finance.yahoo.com/news/apple-i-phone-demand-could-be-hammered-by-chinas-covid-situation-analyst-110120149.html,1669719680,STORY
aa09a1e6-43ad-45e1-95ff-13d117830579,A,2022-11-29,The 'exceptionalism of technology' is probably over for the stock market: Goldman,Yahoo Finance,https://finance.yahoo.com/news/goldman-sachs-big-tech-stock-market-outlook-105145257.html,1669719105,STORY
b5861f23-7408-390f-a205-9adee91eb45f,A,2022-11-30,"Dow Jones Futures: Stock Market Rally Awaits Fed Chief Powell, Key Economic Data",Investor's Business Daily,https://finance.yahoo.com/m/b5861f23-7408-390f-a205-9adee91eb45f/dow-jones-futures%3A-stock.html,1669814500,STORY
4c87a3e6-73c8-3837-bb85-8f5f5930db2b,A,2022-11-30,Agilent Attains ‘Angel’ Level Sponsorship with My Green Lab,Business Wire,https://finance.yahoo.com/news/agilent-attains-angel-level-sponsorship-130000212.html,1669813200,STORY
c279de54-f6d1-378a-a774-710f8f35ea21,A,2022-11-30,Here's the Most Impressive Number for Rumble Right Now,Motley Fool,https://finance.yahoo.com/m/c279de54-f6d1-378a-a774-710f8f35ea21/here%27s-the-most-impressive.html,1669811760,STORY
0874b484-f6bc-3a72-a69c-8fc491300460,A,2022-11-30,Apple Stock Is Down 20% From Its High. Time to Buy?,Motley Fool,https://finance.yahoo.com/m/0874b484-f6bc-3a72-a69c-8fc491300460/apple-stock-is-down-20%25-from.html,1669809600,STORY
99dd4569-d087-36db-b642-184de9d85eff,A,2022-11-30,China Adjusts Covid Restrictions in City With IPhone Plant,Bloomberg,https://finance.yahoo.com/news/chinese-city-hosting-key-iphone-205531248.html,1669808957,STORY
0fd77061-75c2-329d-8148-ffcb4f602b78,A,2022-11-30,3 Reasons I'm Avoiding Meta Platforms Stock For Now,Motley Fool,https://finance.yahoo.com/m/0fd77061-75c2-329d-8148-ffcb4f602b78/3-reasons-i%27m-avoiding-meta.html,1669805700,STORY
5534e497-e888-428d-a8c7-dec8339266da,A,2022-11-30,Apple watcher: iPhone revenue 'may be significantly lower' amid China disruption,Yahoo Finance,https://finance.yahoo.com/news/apple-watcher-iphone-revenue-china-disruption-103617431.html,1669804577,STORY
b1196ee2-a3fd-3618-b2fb-dc891cd56094,A,2022-11-30,"Smart Investors Should Buy These 3 Stocks, Down Between 46% and 73%, Heading Into 2023",Motley Fool,https://finance.yahoo.com/m/b1196ee2-a3fd-3618-b2fb-dc891cd56094/smart-investors-should-buy.html,1669803300,STORY
32cdc066-f381-355f-a76d-392cd95017f1,A,2022-12-1,Why Apple Stock Can Keep Delivering for Investors,Motley Fool,https://finance.yahoo.com/m/32cdc066-f381-355f-a76d-392cd95017f1/why-apple-stock-can-keep.html,1669899660,STORY
dbc6023e-353e-360a-a439-5225aac75856,A,2022-12-1,Sam Bankman-Fried Can’t Stop Talking. Here’s What Investors Now Need to Think About.,Barrons.com,https://finance.yahoo.com/m/dbc6023e-353e-360a-a439-5225aac75856/sam-bankman-fried-can%E2%80%99t-stop.html,1669896240,STORY
b049c124-98c2-3243-bec6-7df137e7cba6,A,2022-12-1,Apple Has Another Stealthy Path Into This $4 Trillion Market,Motley Fool,https://finance.yahoo.com/m/b049c124-98c2-3243-bec6-7df137e7cba6/apple-has-another-stealthy.html,1669896180,STORY
ecdf2e49-8695-3512-b117-45f88b6fbcdd,A,2022-12-1,"Got $2,000? Two Tech Stocks to Buy and Hold for the Long Term",Motley Fool,https://finance.yahoo.com/m/ecdf2e49-8695-3512-b117-45f88b6fbcdd/got-%242%2C000%3F-two-tech-stocks.html,1669893000,STORY
cb662ef7-04ee-37a0-86a8-e8ed2b09c128,A,2022-12-1,Piper Sandler cuts estimates for Apple's Dec quarter as China worries mount,Reuters,https://finance.yahoo.com/news/piper-sandler-cuts-estimates-apples-110037253.html,1669892437,STORY
c332199e-b4dc-3e6b-816c-ee1fefd832ce,A,2022-12-1,The Best FAANG Stock to Buy in December,Motley Fool,https://finance.yahoo.com/m/c332199e-b4dc-3e6b-816c-ee1fefd832ce/the-best-faang-stock-to-buy.html,1669892100,STORY
4d74af4e-6b47-33b1-992f-a75e905a03d8,A,2022-12-1,What China's Lockdown Protests Mean for Apple Stock,Motley Fool,https://finance.yahoo.com/m/4d74af4e-6b47-33b1-992f-a75e905a03d8/what-china%27s-lockdown.html,1669890000,STORY
f3d9968e-97a6-3145-81ca-809d5f3cd9fa,A,2022-12-1,"Apple ‘never considered’ removing Twitter from App Store, says Elon Musk",The Telegraph,https://finance.yahoo.com/news/apple-never-considered-removing-twitter-084352870.html,1669884232,STORY
ede2b7de-a609-3c3c-afe3-a24698c2b682,A,2022-12-2,Elon Musk Has a Plan to Bring Advertisers Back to Twitter.  Suspending Kanye West Might Help.,Barrons.com,https://finance.yahoo.com/m/ede2b7de-a609-3c3c-afe3-a24698c2b682/elon-musk-has-a-plan-to-bring.html,1669986240,STORY
18b054a6-d06a-30de-b293-b9e1025b6feb,A,2022-12-2,Apple Has a China Problem,Motley Fool,https://finance.yahoo.com/m/18b054a6-d06a-30de-b293-b9e1025b6feb/apple-has-a-china-problem.html,1669985100,STORY
904ada3a-b272-3a9b-9ec2-77347c7c14a7,A,2022-12-2,Biden's visit to TSMC's Arizona plant underlines his big chip manufacturing push,Quartz,https://finance.yahoo.com/news/bidens-visit-tsmcs-arizona-plant-121500250.html,1669983300,STORY
cf570e74-d0ce-3618-b755-7cd8e187abab,A,2022-12-2,"If You Invested $10,000 in Microsoft Stock When Satya Nadella Became CEO, This Is How Much You'd Have Today",Motley Fool,https://finance.yahoo.com/m/cf570e74-d0ce-3618-b755-7cd8e187abab/if-you-invested-%2410%2C000-in.html,1669981500,STORY
9f5d285d-472e-31aa-9a02-d67c1e2024bd,A,2022-12-2,"Amazon Just Announced New Innovations to Take On Snowflake, Nvidia, and More",Motley Fool,https://finance.yahoo.com/m/9f5d285d-472e-31aa-9a02-d67c1e2024bd/amazon-just-announced-new.html,1669978800,STORY
da8a7b81-0d82-3fca-9c3d-e50654bde793,A,2022-12-2,3 Top Tech Stocks to Buy Right Now,Motley Fool,https://finance.yahoo.com/m/da8a7b81-0d82-3fca-9c3d-e50654bde793/3-top-tech-stocks-to-buy.html,1669978140,STORY
69d65a66-665a-327b-b3d5-2b14bb76b26b,A,2022-12-2,Warren Buffett Loves These Stocks. Are They Right for You?,Motley Fool,https://finance.yahoo.com/m/69d65a66-665a-327b-b3d5-2b14bb76b26b/warren-buffett-loves-these.html,1669975680,STORY
9b4ffdc5-1d5f-3c5c-ada2-6b354ce3d556,A,2022-12-2,3 Top Tech Stocks to Buy in December,Motley Fool,https://finance.yahoo.com/m/9b4ffdc5-1d5f-3c5c-ada2-6b354ce3d556/3-top-tech-stocks-to-buy-in.html,1669975200,STORY
8dc109a0-625f-32dd-ab9e-36fe71b3fb23,A,2022-12-3,"Tickets on Sale NOW ""EVANGELION:3.0+1.01 THRICE UPON A TIME""",PR Newswire,https://finance.yahoo.com/news/tickets-sale-now-evangelion-3-215300438.html,1669931580,STORY
a7533d13-c114-3156-9d3d-3f282e0d70ac,A,2022-12-3,AMC stock halted after experiencing heavy trading volume,Yahoo Finance Video,https://finance.yahoo.com/video/amc-stock-halted-experiencing-heavy-211119881.html,1669929079,VIDEO
a9594e36-80e4-3021-a989-31db5bd5465a,A,2022-12-3,AMC Entertainment Jumps Most Since May as Bullish Bets Surge,Bloomberg,https://finance.yahoo.com/news/amc-entertainment-jumps-most-since-201855748.html,1669925935,STORY
9e32c57d-b7a0-3fbe-87a4-e7316b399f7c,A,2022-12-3,"AMC stock spikes up in volatile trading, other meme stocks also rally",MarketWatch,https://finance.yahoo.com/m/9e32c57d-b7a0-3fbe-87a4-e7316b399f7c/amc-stock-spikes-up-in.html,1669913698,STORY
9aa5a488-c73d-3983-b465-e5b2e731e3d2,A,2022-12-3,AMC begins selling movie-themed merchandise,Yahoo Finance Video,https://finance.yahoo.com/video/amc-begins-selling-movie-themed-161729644.html,1669825049,VIDEO
4c87a3e6-73c8-3837-bb85-8f5f5930db2b,A,2022-12-3,Agilent Attains ‘Angel’ Level Sponsorship with My Green Lab,Business Wire,https://finance.yahoo.com/news/agilent-attains-angel-level-sponsorship-130000212.html,1669813200,STORY
f9e3c029-2453-38e6-a9bf-eedc0ce911bd,A,2022-12-3,"Millennial, Gen Z Investors Favor Green Energy, EV Stocks In Q3",Investor's Business Daily,https://finance.yahoo.com/m/f9e3c029-2453-38e6-a9bf-eedc0ce911bd/millennial%2C-gen-z-investors.html,1669761927,STORY
5ae7d8bb-6878-37cf-87f3-2a790ddae64d,A,2022-12-3,"Is AMC Stock A Buy Or Sell Now? Here's What Fundamentals, Chart Action, Fund Ownership Metrics Say",Investor's Business Daily,https://finance.yahoo.com/m/5ae7d8bb-6878-37cf-87f3-2a790ddae64d/is-amc-stock-a-buy-or-sell.html,1669755609,STORY
23a44ef7-2b87-30c6-b904-c56c7d69a310,A,2022-12-4,1 Green Flag and 1 Red Flag for TSMC's Future,Motley Fool,https://finance.yahoo.com/m/23a44ef7-2b87-30c6-b904-c56c7d69a310/1-green-flag-and-1-red-flag.html,1670159040,STORY
dec4d3e8-42db-3657-9ebf-b4fc7eb2b90e,A,2022-12-4,"Canada’s Largest Pension Slashes Bets on Electric Vehicles, Sells Apple Stock",Barrons.com,https://finance.yahoo.com/m/dec4d3e8-42db-3657-9ebf-b4fc7eb2b90e/canada%E2%80%99s-largest-pension.html,1670158800,STORY
2f5f80d7-579d-36e6-af3b-f6ea2c50cf83,A,2022-12-4,3 Stocks Billionaires Have Bought Ahead of 2023,Motley Fool,https://finance.yahoo.com/m/2f5f80d7-579d-36e6-af3b-f6ea2c50cf83/3-stocks-billionaires-have.html,1670157900,STORY
13078310-fed5-31f0-9bd5-04fd353cac15,A,2022-12-4,Supply Chain Risks Loom for Semiconductors and Tech Infrastructure,Motley Fool,https://finance.yahoo.com/m/13078310-fed5-31f0-9bd5-04fd353cac15/supply-chain-risks-loom-for.html,1670157000,STORY
3e1c97f7-2680-3cb5-b1af-a308cf45cf9b,A,2022-12-4,Amazon to restart advertising on Twitter - Platfomer reporter,Reuters,https://finance.yahoo.com/news/amazon-restart-advertising-twitter-platfomer-022235895.html,1670120555,STORY
9c66b96f-5c52-3ef0-bd25-6b4201b55878,A,2022-12-4,Why Taboola Stock Skyrocketed This Week,Motley Fool,https://finance.yahoo.com/m/9c66b96f-5c52-3ef0-bd25-6b4201b55878/why-taboola-stock-skyrocketed.html,1670116076,STORY
f3c67d38-4f85-3fac-b26d-4f3288134e47,A,2022-12-4,Apple looking to move iPhone production out of China in wake of violent worker protests: report,Fox Business,https://finance.yahoo.com/news/apple-looking-move-iphone-production-195324953.html,1670097204,STORY
db4394ce-eacc-396a-a455-e018c0744a5c,A,2022-12-4,FTX Collapse: Lessons for Investors,Motley Fool,https://finance.yahoo.com/m/db4394ce-eacc-396a-a455-e018c0744a5c/ftx-collapse%3A-lessons-for.html,1670090100,STORY
7b0ce71c-fecd-39da-9ef4-024c97b3e141,A,2022-12-5,"Investors Bought Semis, Tech Stocks in November",TheStreet.com,https://finance.yahoo.com/m/7b0ce71c-fecd-39da-9ef4-024c97b3e141/investors-bought-semis%2C-tech.html,1670245200,STORY
517623c6-6cbf-3741-9750-3ae0776b1e43,A,2022-12-5,Agilent Opens Customer Experience Center Highlighting Genomics and Diagnostics Solutions,Business Wire,https://finance.yahoo.com/news/agilent-opens-customer-experience-center-130000061.html,1670245200,STORY
f60624a7-eb2f-32eb-92d6-766070d65b39,A,2022-12-5,"Stocks Moving the Most Today: Apple, Alibaba, Tesla, and More",Barrons.com,https://finance.yahoo.com/m/f60624a7-eb2f-32eb-92d6-766070d65b39/stocks-moving-the-most-today%3A.html,1670244540,STORY
b91c2300-ebb7-3325-aee1-9ccb116dbd94,A,2022-12-5,Sales at Foxconn iPhone factory slump by almost a third amid Covid riots,The Telegraph,https://finance.yahoo.com/news/sales-foxconn-iphone-factory-slump-115454189.html,1670241294,STORY
a2e958a6-7d18-30f8-95fd-df1a6f76c060,A,2022-12-5,Apple Seeks to Move Production Out of China. The Process Could Be Painful.,Barrons.com,https://finance.yahoo.com/m/a2e958a6-7d18-30f8-95fd-df1a6f76c060/apple-seeks-to-move.html,1670241060,STORY
c87fffe2-0876-3414-b2f0-ee74c564e7f0,A,2022-12-5,Approach the Jobs Report With Caution—and Beware the Data Trap,Barrons.com,https://finance.yahoo.com/m/c87fffe2-0876-3414-b2f0-ee74c564e7f0/approach-the-jobs-report-with.html,1670240040,STORY
a30a3917-81cb-314a-859b-263c7e82a8dd,A,2022-12-5,Foxconn’s November Revenue Fell 11% After Covid Outbreak at iPhone Factory,The Wall Street Journal,https://finance.yahoo.com/m/a30a3917-81cb-314a-859b-263c7e82a8dd/foxconn%E2%80%99s-november-revenue.html,1670239800,STORY
e563c9fb-dc66-327e-8818-47f511da9467,A,2022-12-5,The 3 Most Popular Robinhood Stocks Right Now: Are They Buys?,Motley Fool,https://finance.yahoo.com/m/e563c9fb-dc66-327e-8818-47f511da9467/the-3-most-popular-robinhood.html,1670237700,STORY
433a1f8e-5f45-32d7-b0f9-64d31f6af876,A,2022-12-6,TSMC Plans $40 Billion U.S. Investment As President Biden Visits Arizona Chip Factory,TheStreet.com,https://finance.yahoo.com/m/433a1f8e-5f45-32d7-b0f9-64d31f6af876/tsmc-plans-%2440-billion-u.s..html,1670323680,STORY
4c5c3a1c-b390-3f6c-92aa-f4c469ecd32d,A,2022-12-6,Air Products Stock Could Be a Hidden Gem Among All the Chip Manufacturing Hype,Motley Fool,https://finance.yahoo.com/m/4c5c3a1c-b390-3f6c-92aa-f4c469ecd32d/air-products-stock-could-be-a.html,1670323200,STORY
f180ea3a-e75c-36ad-8ba6-b5a1d87decd4,A,2022-12-6,2 Dividend-Paying Tech Stocks to Buy in December,Motley Fool,https://finance.yahoo.com/m/f180ea3a-e75c-36ad-8ba6-b5a1d87decd4/2-dividend-paying-tech-stocks.html,1670322900,STORY
a7bba8ba-e96f-3184-b2f0-c14f37645ec7,A,2022-12-6,Top Warren Buffett Stocks to Buy With $300 Right Now,Motley Fool,https://finance.yahoo.com/m/a7bba8ba-e96f-3184-b2f0-c14f37645ec7/top-warren-buffett-stocks-to.html,1670322000,STORY
0e1e3b6a-8955-391a-a814-491f4e051ef8,A,2022-12-6,2 Rare Buying Opportunities for Growth Stock Investors in a Nasdaq Bear Market,Motley Fool,https://finance.yahoo.com/m/0e1e3b6a-8955-391a-a814-491f4e051ef8/2-rare-buying-opportunities.html,1670321640,STORY
1fababdc-63fa-3c32-b0a2-e8c28d90facd,A,2022-12-6,TSMC triples Arizona chip investment to $40bn,Financial Times,https://finance.yahoo.com/m/1fababdc-63fa-3c32-b0a2-e8c28d90facd/tsmc-triples-arizona-chip.html,1670321253,STORY
c84f4819-1e9d-3fd1-82a4-3bfa1f4aa544,A,2022-12-6,"Apple Expands Do-It-Yourself Repair for Macs, iPhones to Europe",Bloomberg,https://finance.yahoo.com/news/apple-expands-yourself-repair-macs-090000408.html,1670317200,STORY
c85ad1e3-358e-3802-aa46-838d25e41acf,A,2022-12-6,"Apple's anti-union tactics in Atlanta were illegal, U.S. officials say",LA Times,https://finance.yahoo.com/news/apples-anti-union-tactics-atlanta-030603551.html,1670295963,STORY
cf55ff28-3407-3512-abb6-d39e38cf68d2,A,2022-12-7,How Cloud Computing Giant Microsoft Is Changing The Cybersecurity Market,Investor's Business Daily,https://finance.yahoo.com/m/cf55ff28-3407-3512-abb6-d39e38cf68d2/how-cloud-computing-giant.html,1670418910,STORY
1a014b70-cad7-302e-8d60-b041f148e200,A,2022-12-7,Better Buy: Amazon vs. MercadoLibre Stock,Motley Fool,https://finance.yahoo.com/m/1a014b70-cad7-302e-8d60-b041f148e200/better-buy%3A-amazon-vs..html,1670413320,STORY
f240f90d-d716-3c52-9bc2-dfb1a19be64d,A,2022-12-7,French watchdog orders Amazon to pay $3.5 million in penalties,Reuters,https://finance.yahoo.com/news/french-watchdog-orders-amazon-pay-113009769.html,1670412609,STORY
9d8ded85-eefd-31c4-aad0-da729fff3393,A,2022-12-7,French watchdog orders Amazon to pay $3.5 mln in penalties,Reuters,https://finance.yahoo.com/news/french-watchdog-orders-amazon-pay-112807549.html,1670412487,STORY
b158eebc-d629-3119-829e-f80a997dd07d,A,2022-12-7,2 FAANG Stocks Billionaires Are Buying Hand Over Fist in a Nasdaq Bear Market,Motley Fool,https://finance.yahoo.com/m/b158eebc-d629-3119-829e-f80a997dd07d/2-faang-stocks-billionaires.html,1670408400,STORY
e58acccc-ac21-354b-bf18-a9b5d8c044aa,A,2022-12-7,MercadoLibre Stock Is Firing on All Cylinders. Can Its Success Continue?,Motley Fool,https://finance.yahoo.com/m/e58acccc-ac21-354b-bf18-a9b5d8c044aa/mercadolibre-stock-is-firing.html,1670407920,STORY
d039dac8-6165-348e-817e-6461e6c23e7a,A,2022-12-7,12 Best Growth Stocks To Buy According To George Soros,Insider Monkey,https://finance.yahoo.com/news/12-best-growth-stocks-buy-201909442.html,1670357949,STORY
10016a6d-4ef6-401f-8afd-5a5a35d3be50,A,2022-12-7,"Tech IPOs could make a comeback in 2023, analyst says",Yahoo Finance,https://finance.yahoo.com/news/tech-ipos-could-make-a-comeback-in-2023-analyst-says-181106553.html,1670350266,STORY
35e13981-91ce-3613-bc80-900ae6d69833,A,2022-12-8,Salesforce and Veeva Systems Are Set to Sever Ties. Here's What Investors Need to Know,Motley Fool,https://finance.yahoo.com/m/35e13981-91ce-3613-bc80-900ae6d69833/salesforce-and-veeva-systems.html,1670505300,STORY
f988c4ce-7f77-365d-a75f-cf4a4d2a0485,A,2022-12-8,Google Moves to Cut Costs. The Tech Gravy Train Has Hit the Brakes.,Barrons.com,https://finance.yahoo.com/m/f988c4ce-7f77-365d-a75f-cf4a4d2a0485/google-moves-to-cut-costs..html,1670505300,STORY
be003978-6596-324d-9045-4b53fc87ea82,A,2022-12-8,10 Fun Presents for Kids for Under $20 on Amazon,Motley Fool,https://finance.yahoo.com/m/be003978-6596-324d-9045-4b53fc87ea82/10-fun-presents-for-kids-for.html,1670497238,STORY
03db257e-a92f-3790-8c51-22791fe3d06f,A,2022-12-8,1 Perfect Growth Stock Down 76% to Buy Hand Over Fist Before 2023,Motley Fool,https://finance.yahoo.com/m/03db257e-a92f-3790-8c51-22791fe3d06f/1-perfect-growth-stock-down.html,1670495640,STORY
00dea56e-8b18-3f47-8170-ef916dad8487,A,2022-12-8,Better FAANG Stock to Buy Before 2022 Ends: Alphabet vs. Amazon,Motley Fool,https://finance.yahoo.com/m/00dea56e-8b18-3f47-8170-ef916dad8487/better-faang-stock-to-buy.html,1670494800,STORY
90060ed6-15b3-38f0-bfdb-8aad8c0f8f06,A,2022-12-8,"If You Invested $500 in Prologis in 2016, This Is How Much You Would Have Today",Motley Fool,https://finance.yahoo.com/m/90060ed6-15b3-38f0-bfdb-8aad8c0f8f06/if-you-invested-%24500-in.html,1670493600,STORY
4881e2ba-b68d-372f-b1c6-bb4b5050b8db,A,2022-12-8,Got a Text That Your Holiday Package Is Delayed? Here's Why You Should Ignore It,Motley Fool,https://finance.yahoo.com/m/4881e2ba-b68d-372f-b1c6-bb4b5050b8db/got-a-text-that-your-holiday.html,1670479229,STORY
0367466a-3868-3eb0-94df-89c68c7798b0,A,2022-12-8,I Spent $150 on Cyber Monday -- but Saved $150,Motley Fool,https://finance.yahoo.com/m/0367466a-3868-3eb0-94df-89c68c7798b0/i-spent-%24150-on-cyber-monday.html,1670479223,STORY
63079fbe-3300-39c2-9064-e8d1f0c91b3a,A,2022-12-9,Do This if You Plan to Buy Holiday Gifts on Amazon,Motley Fool,https://finance.yahoo.com/m/63079fbe-3300-39c2-9064-e8d1f0c91b3a/do-this-if-you-plan-to-buy.html,1670585417,STORY
e94e57bf-3254-3960-bf61-387280e28c42,A,2022-12-9,3 Top Artificial Intelligence Stocks to Buy in December,Motley Fool,https://finance.yahoo.com/m/e94e57bf-3254-3960-bf61-387280e28c42/3-top-artificial-intelligence.html,1670581800,STORY
3e18b953-91e4-3fe7-bebe-ca3b7670a1d1,A,2022-12-9,"Down 36% in 2022, Is Mercadolibre a Buy for 2023?",Motley Fool,https://finance.yahoo.com/m/3e18b953-91e4-3fe7-bebe-ca3b7670a1d1/down-36%25-in-2022%2C-is.html,1670581080,STORY
917318d9-1fe8-3ba2-b6af-d2114dcf78fc,A,2022-12-9,2 Reddit Stocks to Buy and Hold for Years,Motley Fool,https://finance.yahoo.com/m/917318d9-1fe8-3ba2-b6af-d2114dcf78fc/2-reddit-stocks-to-buy-and.html,1670580420,STORY
9f963507-564a-359c-ae1e-7f8857e68901,A,2022-12-9,4 Signs Streaming's Best Growth Is All In the Past (Except for 1 Company),Motley Fool,https://finance.yahoo.com/m/9f963507-564a-359c-ae1e-7f8857e68901/4-signs-streaming%27s-best.html,1670580300,STORY
367b0875-7a67-3529-a613-76dc76f2dcd3,A,2022-12-9,CVS Wants to Be America’s Healthcare Provider. All It Needs Now Are Doctors.,Barrons.com,https://finance.yahoo.com/m/367b0875-7a67-3529-a613-76dc76f2dcd3/cvs-wants-to-be-america%E2%80%99s.html,1670563800,STORY
30d9da4e-e907-38a2-8e58-d3896e52d85f,A,2022-12-9,Amazon Probed by OSHA Over Retaliation Claims After NYC Fire,Bloomberg,https://finance.yahoo.com/news/amazon-probed-osha-over-retaliation-001240974.html,1670563112,STORY
3c39876f-2390-3bff-b0d2-3d3b79176ac2,A,2022-12-9,Amazon Games and Bandai Namco Online Bring Blue Protocol to the West in 2023,Business Wire,https://finance.yahoo.com/news/amazon-games-bandai-namco-online-030000854.html,1670554800,STORY
77348317-c836-3810-81fb-00ab2d7c5ea7,A,2022-12-10,"Amazon Is No Longer a Trillion-Dollar Stock, and Here's Why That's a Buying Opportunity",Motley Fool,https://finance.yahoo.com/m/77348317-c836-3810-81fb-00ab2d7c5ea7/amazon-is-no-longer-a.html,1670678100,STORY
dd537b23-49fa-352e-a949-52a11ff4d74f,A,2022-12-10,3 Stocks That Could Go Parabolic in 2023,Motley Fool,https://finance.yahoo.com/m/dd537b23-49fa-352e-a949-52a11ff4d74f/3-stocks-that-could-go.html,1670677440,STORY
f159e331-ceec-3292-8693-753eed28af5c,A,2022-12-10,Stan Druckenmiller Portfolio: Top 10 Stock Picks,Insider Monkey,https://finance.yahoo.com/news/stan-druckenmiller-portfolio-top-10-123112512.html,1670675472,STORY
0f72f3ab-96c0-31e0-a669-ed7b0d37a4a3,A,2022-12-10,4 Cheap Stocks to Buy Today,Motley Fool,https://finance.yahoo.com/m/0f72f3ab-96c0-31e0-a669-ed7b0d37a4a3/4-cheap-stocks-to-buy-today.html,1670675400,STORY
8b21df6c-c4e1-3f7f-a415-1a50103b74b3,A,2022-12-10,3 Top Robinhood Stocks to Buy in This Once-in-a-Decade Opportunity,Motley Fool,https://finance.yahoo.com/m/8b21df6c-c4e1-3f7f-a415-1a50103b74b3/3-top-robinhood-stocks-to-buy.html,1670669700,STORY
e2a7b6f2-96f0-3cfe-9035-ddf2b7bcc708,A,2022-12-10,Is Amazon Wasting Money on Prime Video?,Motley Fool,https://finance.yahoo.com/m/e2a7b6f2-96f0-3cfe-9035-ddf2b7bcc708/is-amazon-wasting-money-on.html,1670667000,STORY
6fe6b003-d5a9-3d2a-90dd-093c26520096,A,2022-12-10,"Southwest, PepsiCo, Carvana: Stocks That Defined the Week",The Wall Street Journal,https://finance.yahoo.com/m/6fe6b003-d5a9-3d2a-90dd-093c26520096/southwest%2C-pepsico%2C-carvana%3A.html,1670630520,STORY
662436a2-6e91-3fcb-a9ca-9d13f1ec2682,A,2022-12-10,Amazon (AMZN) Dips More Than Broader Markets: What You Should Know,Zacks,https://finance.yahoo.com/news/amazon-amzn-dips-more-broader-224510667.html,1670625910,STORY
03adf64b-2853-3ddd-91e0-baec106ab6d0,A,2022-12-11,3 No-Brainer Stocks I'd Buy Right Now Without Hesitation,Motley Fool,https://finance.yahoo.com/m/03adf64b-2853-3ddd-91e0-baec106ab6d0/3-no-brainer-stocks-i%27d-buy.html,1670762400,STORY
7f4cf971-247f-353d-ad31-aa3c0dbdf7a0,A,2022-12-11,3 Monster Growth Stocks to Buy in 2023 That Could Set You Up For Life,Motley Fool,https://finance.yahoo.com/m/7f4cf971-247f-353d-ad31-aa3c0dbdf7a0/3-monster-growth-stocks-to.html,1670761800,STORY
9ea1de83-d5f5-3b14-a44d-f671d4a641d9,A,2022-12-11,Spend 30 Seconds per Day to Make $100 Next Year,Motley Fool,https://finance.yahoo.com/m/9ea1de83-d5f5-3b14-a44d-f671d4a641d9/spend-30-seconds-per-day-to.html,1670760045,STORY
4762ca56-2f4d-391e-a731-930945ccb208,A,2022-12-11,3 Incredible Tech Stocks Down More Than 50% to Buy Before the Next Bull Market,Motley Fool,https://finance.yahoo.com/m/4762ca56-2f4d-391e-a731-930945ccb208/3-incredible-tech-stocks-down.html,1670759100,STORY
81721656-ba3a-3cad-b0cd-4956ad036d20,A,2022-12-11,A Bull Market Is Coming -- 3 Ways Warren Buffett Is Preparing,Motley Fool,https://finance.yahoo.com/m/81721656-ba3a-3cad-b0cd-4956ad036d20/a-bull-market-is-coming-3.html,1670757300,STORY
f1be8f1b-8238-3271-8bd9-060a57868af1,A,2022-12-11,4 Growth Stocks I've Aggressively Bought Before the Next Bull Market Begins,Motley Fool,https://finance.yahoo.com/m/f1be8f1b-8238-3271-8bd9-060a57868af1/4-growth-stocks-i%27ve.html,1670754060,STORY
3b22cf45-9ac7-3c68-ba3b-621a6f6ff31f,A,2022-12-11,Selling Your Home During the Holidays? 4 Moves to Make,Motley Fool,https://finance.yahoo.com/m/3b22cf45-9ac7-3c68-ba3b-621a6f6ff31f/selling-your-home-during-the.html,1670697022,STORY
a7e7e04a-b415-3c81-a786-659e54f32035,A,2022-12-11,15 Most Trusted Companies in the World,Insider Monkey,https://finance.yahoo.com/news/15-most-trusted-companies-world-172124384.html,1670692884,STORY
c80d6b92-b18d-3a75-81b1-0fbe01db38c1,A,2022-12-12,"Rivian, GlobalFoundries Joining Nasdaq 100 Index; Apple Chipmaker, China Stocks Falling Off",Investor's Business Daily,https://finance.yahoo.com/m/c80d6b92-b18d-3a75-81b1-0fbe01db38c1/rivian%2C-globalfoundries.html,1670848779,STORY
a40057ce-13ad-300d-a9a7-969700f795c7,A,2022-12-12,"Agilent Technologies, Inc. (NYSE:A) is largely controlled by institutional shareholders who own 89% of the company",Simply Wall St.,https://finance.yahoo.com/news/agilent-technologies-inc-nyse-largely-111434361.html,1670843674,STORY
6f38cd39-b64f-3db4-bfad-88e84947a757,A,2022-12-12,Elon Musk is making iPhone users pay for his fight with Apple,Quartz,https://finance.yahoo.com/news/elon-musk-making-iphone-users-105500718.html,1670842500,STORY
ca54207d-e7aa-3188-86cd-a71191f96a32,A,2022-12-12,4 Stocks Warren Buffett Is Almost Certain to Buy in 2023,Motley Fool,https://finance.yahoo.com/m/ca54207d-e7aa-3188-86cd-a71191f96a32/4-stocks-warren-buffett-is.html,1670839560,STORY
a40a2321-359e-30b9-b302-2b453138ca2a,A,2022-12-12,"Zacks.com featured highlights Archer-Daniels-Midland, Deere, Booz Allen Hamilton, Agilent Technologies and Boyd Gaming",Zacks,https://finance.yahoo.com/news/zacks-com-featured-highlights-archer-093009018.html,1670837409,STORY
f7a90ddc-b4db-3864-8bba-5570e364f295,A,2022-12-12,REFILE-UPDATE 1-India's Tata Group to open 100 exclusive Apple stores -report,Reuters,https://finance.yahoo.com/news/1-indias-tata-group-open-052347972.html,1670822627,STORY
47e2d3c8-2ead-3865-8a5f-6f4b454dbb0d,A,2022-12-12,Is Roku a Safe Stock?,Motley Fool,https://finance.yahoo.com/m/47e2d3c8-2ead-3865-8a5f-6f4b454dbb0d/is-roku-a-safe-stock%3F.html,1670775660,STORY
20513be7-0055-3f7e-b5b1-23014db4f1fb,A,2022-12-12,Twitter Blue to Restart Monday. iOS App Subscribers Will Pay More Than $8 a Month.,Barrons.com,https://finance.yahoo.com/m/20513be7-0055-3f7e-b5b1-23014db4f1fb/twitter-blue-to-restart.html,1670770620,STORY
17f46dbb-34b3-3c44-b9ef-02b469667c3c,A,2022-12-13,"Got $5,000? Buy These 2 Stocks and Hold Them Until Retirement",Motley Fool,https://finance.yahoo.com/m/17f46dbb-34b3-3c44-b9ef-02b469667c3c/got-%245%2C000%3F-buy-these-2.html,1670936400,STORY
188088fa-7565-3769-80b9-e91606c2cc78,A,2022-12-13,Here’s why Amazon is Citi’s top internet stock idea,MarketWatch,https://finance.yahoo.com/m/188088fa-7565-3769-80b9-e91606c2cc78/here%E2%80%99s-why-amazon-is-citi%E2%80%99s.html,1670934900,STORY
c8432633-3367-3b2d-88e4-68a6f2ceb4f8,A,2022-12-13,"Watch Out, Netflix: Is Amazon the Streamer to Beat?",Motley Fool,https://finance.yahoo.com/m/c8432633-3367-3b2d-88e4-68a6f2ceb4f8/watch-out%2C-netflix%3A-is-amazon.html,1670933580,STORY
1c271965-2600-3749-8f98-6178673fca3e,A,2022-12-13,What the Smartest Investors Know About Netflix's Stock,Motley Fool,https://finance.yahoo.com/m/1c271965-2600-3749-8f98-6178673fca3e/what-the-smartest-investors.html,1670929500,STORY
5eefcd70-3396-3441-bfc9-e728f663e4a8,A,2022-12-13,Could This Multibillion-Dollar Bonanza Boost Amazon Stock?,Motley Fool,https://finance.yahoo.com/m/5eefcd70-3396-3441-bfc9-e728f663e4a8/could-this.html,1670928720,STORY
d9e2885e-b2c8-30b1-8dd7-6e1cc30671a0,A,2022-12-13,Amazon Stock Is Down 47%: 2 Reasons to Buy Right Now.,Motley Fool,https://finance.yahoo.com/m/d9e2885e-b2c8-30b1-8dd7-6e1cc30671a0/amazon-stock-is-down-47%25%3A-2.html,1670925840,STORY
07302fd1-b41f-3a9c-9fb7-ce68a8036cc5,A,2022-12-13,Amazon backs affordable housing project on its former HQ property,American City Business Journals,https://finance.yahoo.com/m/07302fd1-b41f-3a9c-9fb7-ce68a8036cc5/amazon-backs-affordable.html,1670920322,STORY
5aa89e5b-ed25-36d1-aa47-0a765fb9ffb2,A,2022-12-13,Agilent Resolution ctDx FIRST Receives FDA Approval as a Liquid Biopsy Companion Diagnostic Test for Advanced Non-small Cell Lung Cancer,Business Wire,https://finance.yahoo.com/news/agilent-resolution-ctdx-first-receives-015000629.html,1670896200,STORY
1ca33d24-47a7-3164-882e-09dc3bdea63e,A,2022-12-14,"You could be a landlord for Amazon, FedEx and Walmart with these simple REITs — they provide monthly income and up to a 4.6% yield",MoneyWise,https://finance.yahoo.com/news/could-landlord-amazon-fedex-walmart-150000577.html,1671022800,STORY
9d8107fa-07ab-3444-9606-31a15b832b8c,A,2022-12-14,Nearly Half of Americans Plan To Shop at This Retailer This Holiday Season,GOBankingRates,https://finance.yahoo.com/news/nearly-half-americans-plan-shop-110100109.html,1671019246,STORY
9e6c43aa-f9a4-320a-a566-baeec446916b,A,2022-12-14,A Bull Market Is Coming: My 2 Best Warren Buffett Stocks to Buy Before 2023,Motley Fool,https://finance.yahoo.com/m/9e6c43aa-f9a4-320a-a566-baeec446916b/a-bull-market-is-coming%3A-my-2.html,1671015060,STORY
38449301-7906-387e-ae97-21bbe4217928,A,2022-12-14,3 Under-the-Radar Growth Stocks to Consider for 2023 and Beyond,Motley Fool,https://finance.yahoo.com/m/38449301-7906-387e-ae97-21bbe4217928/3-under-the-radar-growth.html,1671014940,STORY
3a3adc80-2c11-3a6e-8c73-e89ba66c8549,A,2022-12-14,How Social Media Causes Me to Overspend on Amazon Prime -- and How I'm Breaking That Cycle,Motley Fool,https://finance.yahoo.com/m/3a3adc80-2c11-3a6e-8c73-e89ba66c8549/how-social-media-causes-me-to.html,1671013819,STORY
a7bb7c4d-9560-30ec-8eb3-bc4d1d6df706,A,2022-12-14,Why Tech Layoffs Don’t Reflect The Job Market,WSJ,https://finance.yahoo.com/video/why-tech-layoffs-don-t-103000530.html,1671013800,VIDEO
9e4d983a-8d22-3d4b-b2e3-148610410959,A,2022-12-14,"Have $1,000? 2 Warren Buffett Stocks to Buy",Motley Fool,https://finance.yahoo.com/m/9e4d983a-8d22-3d4b-b2e3-148610410959/have-%241%2C000%3F-2-warren-buffett.html,1671012900,STORY
6d31c74f-fd9e-351c-b2bf-098910620032,A,2022-12-14,Amazon Offers Some Members a New Deal,TheStreet.com,https://finance.yahoo.com/m/6d31c74f-fd9e-351c-b2bf-098910620032/amazon-offers-some-members-a.html,1670978280,STORY
93e1f9b5-9634-317d-9bf6-2e25a9ebe620,A,2022-12-15,Dow Jones Futures Signal More Losses On Fed Rate Hike Outlook; Elon Musk Sells More Tesla Stock,Investor's Business Daily,https://finance.yahoo.com/m/93e1f9b5-9634-317d-9bf6-2e25a9ebe620/dow-jones-futures-signal-more.html,1671110258,STORY
0aa6aa1d-33d3-3d1c-b457-5a27a67e2891,A,2022-12-15,"Stock Market Live: Stocks Extend Slide As Powell, Fed Hawks Tighten Grip",TheStreet.com,https://finance.yahoo.com/m/0aa6aa1d-33d3-3d1c-b457-5a27a67e2891/stock-market-live%3A-stocks.html,1671109500,STORY
22546b2a-8842-4af3-afd0-75913ee73906,A,2022-12-15,Stock market news live updates: Stock futures plunge as investors mull path forward for rates,Yahoo Finance,https://finance.yahoo.com/news/stock-market-news-live-updates-december-15-2022-114938982.html,1671104978,STORY
d2111d1a-994c-3b3d-8e37-6b9be6a39bf3,A,2022-12-15,"Stocks Extend Slide, Fed Hawks, ECB Hikes, Tesla Sale, Lennar Slump - Five Things To Know",TheStreet.com,https://finance.yahoo.com/m/d2111d1a-994c-3b3d-8e37-6b9be6a39bf3/stocks-extend-slide%2C-fed.html,1671101700,STORY
5db32b68-2e77-3184-aba3-71157e6ae631,A,2022-12-15,Asian stocks follow Wall Street’s downward path in wake of Fed warning on rate-hike outlook,MarketWatch,https://finance.yahoo.com/m/5db32b68-2e77-3184-aba3-71157e6ae631/asian-stocks-follow-wall.html,1671082620,STORY
7f97b9d6-7c35-3368-9999-25d1fab5ac7d,A,2022-12-15,Why Stocks Fell After the Fed Decision,Motley Fool,https://finance.yahoo.com/m/7f97b9d6-7c35-3368-9999-25d1fab5ac7d/why-stocks-fell-after-the-fed.html,1671061740,STORY
87aed865-7e23-3a1a-81e2-e6ee67bc2809,A,2022-12-15,Best Dogs of the Dow Stocks Ranked By Hedge Fund Sentiment,Insider Monkey,https://finance.yahoo.com/news/best-dogs-dow-stocks-ranked-231737087.html,1671059857,STORY
4abec1fe-ac14-3c68-a657-a7cb2ff46ac5,A,2022-12-15,Fed Meeting: Key Interest Rate May Hit 5.1% In Mildly Hawkish Surprise; S&P 500 Falls,Investor's Business Daily,https://finance.yahoo.com/m/4abec1fe-ac14-3c68-a657-a7cb2ff46ac5/fed-meeting%3A-key-interest.html,1671054444,STORY
2233be60-3939-3cb7-9099-e553a1587e70,A,2022-12-16,"Dow Jones Futures Fall After Nasdaq Breaks Key Level, Apple Dives; Here's The Silver Lining",Investor's Business Daily,https://finance.yahoo.com/m/2233be60-3939-3cb7-9099-e553a1587e70/dow-jones-futures-fall-after.html,1671196579,STORY
46ee92b9-0c68-3da5-bba5-d4431355b521,A,2022-12-16,Is Warren Buffett's Berkshire Hathaway Stock a Buy Before the End of 2022?,Motley Fool,https://finance.yahoo.com/m/46ee92b9-0c68-3da5-bba5-d4431355b521/is-warren-buffett%27s-berkshire.html,1671189600,STORY
3268436e-02fd-383a-87e6-139290a8650a,A,2022-12-16,40 Billion Reasons Why These Semiconductor Stocks Could Keep Beating the Market in 2023,Motley Fool,https://finance.yahoo.com/m/3268436e-02fd-383a-87e6-139290a8650a/40-billion-reasons-why-these.html,1671185700,STORY
31274ac9-85cf-3a90-a0b6-d89ab8605a8c,A,2022-12-16,Tesla and GM Are Betting Their Future on Electric Vehicles. Foxconn and Magna Want a Piece of the Action.,Barrons.com,https://finance.yahoo.com/m/31274ac9-85cf-3a90-a0b6-d89ab8605a8c/tesla-and-gm-are-betting.html,1671174000,STORY
45d8a7e7-0633-403e-bd32-df26fc09f7cf,A,2022-12-16,"Apple users unlikely to ditch App Store for cheaper alternatives, analyst says",Yahoo Finance,https://finance.yahoo.com/news/apple-users-unlikely-to-ditch-app-store-for-cheaper-alternatives-analyst-says-220727388.html,1671142047,STORY
a486cac6-a69e-35b0-a6c2-1912a404f2b1,A,2022-12-16,"Why Taiwan Semiconductor Manufacturing, Applied Materials, and Skyworks Solutions Fell Hard Today",Motley Fool,https://finance.yahoo.com/m/a486cac6-a69e-35b0-a6c2-1912a404f2b1/why-taiwan-semiconductor.html,1671138568,STORY
69e097ce-db32-3eb8-b4cd-d5527f13fd34,A,2022-12-16,"Why Apple, Amazon, and Microsoft Are All Falling Today",Motley Fool,https://finance.yahoo.com/m/69e097ce-db32-3eb8-b4cd-d5527f13fd34/why-apple%2C-amazon%2C-and.html,1671125722,STORY
a9be8b32-cbe6-3e0d-89f0-0a3a479ce4c2,A,2022-12-16,10 Best-Performing Technology ETFs in 2022,Insider Monkey,https://finance.yahoo.com/news/10-best-performing-technology-etfs-141703797.html,1671113823,STORY
1229d40c-7f4d-498b-8f2d-551c46b8cd90,A,2022-12-17,"Steve Jobs 'wouldn’t have succeeded' without Tim Cook, former Apple exec explains",Yahoo Finance,https://finance.yahoo.com/news/steve-jobs-succeeded-tim-cook-former-apple-exec-131521023.html,1671282921,STORY
8db50de4-632b-3d13-a555-5565d49df57e,A,2022-12-17,3 Stocks to Invest in Virtual Reality,Motley Fool,https://finance.yahoo.com/m/8db50de4-632b-3d13-a555-5565d49df57e/3-stocks-to-invest-in-virtual.html,1671277200,STORY
9fb9f2e3-934d-3617-b0b3-03cf141e4e81,A,2022-12-17,Does ExxonMobil's Massive $50 Billion Stock Buyback Make It a Buy?,Motley Fool,https://finance.yahoo.com/m/9fb9f2e3-934d-3617-b0b3-03cf141e4e81/does-exxonmobil%27s-massive-%2450.html,1671276720,STORY
d66ed27d-40dc-396b-9a37-5bc8cd048f8f,A,2022-12-17,Insiders probably made the right decision selling US$3.0m worth of shares earlier this year as Apple Inc.'s (NASDAQ:AAPL)) stock dips by 5.4%.,Simply Wall St.,https://finance.yahoo.com/news/insiders-probably-made-decision-selling-110014566.html,1671274814,STORY
1fe21f1e-bbc4-370d-8749-ed82e4705b9b,A,2022-12-17,"Big Tech is Designing Chips Too, Should Semiconductor Investors Worry?",Motley Fool,https://finance.yahoo.com/m/1fe21f1e-bbc4-370d-8749-ed82e4705b9b/big-tech-is-designing-chips.html,1671271200,STORY
05b74972-c27d-34a3-818b-9cb7b735d5c3,A,2022-12-17,Weekly Round Up,TheStreet.com,https://finance.yahoo.com/m/05b74972-c27d-34a3-818b-9cb7b735d5c3/weekly-round-up.html,1671232380,STORY
a376464e-025c-3974-9b80-50ff61c27da9,A,2022-12-17,How Apple’s privacy changes may impact Meta,Yahoo Finance Video,https://finance.yahoo.com/video/apple-privacy-changes-may-impact-215421361.html,1671227661,VIDEO
1d118b30-0921-33d2-aaf9-142728cc10ea,A,2022-12-17,The No. 1 ‘set and forget’ stock in tech hardware for next year? You guessed it.,MarketWatch,https://finance.yahoo.com/m/1d118b30-0921-33d2-aaf9-142728cc10ea/the-no.-1-%E2%80%98set-and-forget%E2%80%99.html,1671226680,STORY
3a34b130-9b9a-386f-a0ec-37838698d34b,A,2022-12-18,A Bull Market Is Coming: 2 Trillion-Dollar Growth Stocks to Buy Before They Soar,Motley Fool,https://finance.yahoo.com/m/3a34b130-9b9a-386f-a0ec-37838698d34b/a-bull-market-is-coming%3A-2.html,1671367800,STORY
31ea1472-1bbe-3d73-aaec-77ef88ef5bba,A,2022-12-18,Semiconductor Stocks Are On the Rise: 3 Companies to Watch Right Now,Motley Fool,https://finance.yahoo.com/m/31ea1472-1bbe-3d73-aaec-77ef88ef5bba/semiconductor-stocks-are-on.html,1671366600,STORY
cd5fb8fc-159c-31fe-a224-f6119089808a,A,2022-12-18,3 Metaverse Stocks to Buy Right Now,Motley Fool,https://finance.yahoo.com/m/cd5fb8fc-159c-31fe-a224-f6119089808a/3-metaverse-stocks-to-buy.html,1671366000,STORY
7d4340de-4a6f-34b7-80eb-847400596494,A,2022-12-18,15 Most Boycotted Companies and Brands in History,Insider Monkey,https://finance.yahoo.com/news/15-most-boycotted-companies-brands-145145852.html,1671288705,STORY
0437a84c-3e82-3281-a6f9-c5743d60ee8c,A,2022-12-18,"Target, Amazon and 4 More Retailers That Will Reward You for Turning in Your Old Stuff",GOBankingRates,https://finance.yahoo.com/news/target-amazon-4-more-retailers-130111844.html,1671287408,STORY
1229d40c-7f4d-498b-8f2d-551c46b8cd90,A,2022-12-18,"Steve Jobs 'wouldn’t have succeeded' without Tim Cook, former Apple exec explains",Yahoo Finance,https://finance.yahoo.com/news/steve-jobs-succeeded-tim-cook-former-apple-exec-131521023.html,1671282921,STORY
8db50de4-632b-3d13-a555-5565d49df57e,A,2022-12-18,3 Stocks to Invest in Virtual Reality,Motley Fool,https://finance.yahoo.com/m/8db50de4-632b-3d13-a555-5565d49df57e/3-stocks-to-invest-in-virtual.html,1671277200,STORY
9fb9f2e3-934d-3617-b0b3-03cf141e4e81,A,2022-12-18,Does ExxonMobil's Massive $50 Billion Stock Buyback Make It a Buy?,Motley Fool,https://finance.yahoo.com/m/9fb9f2e3-934d-3617-b0b3-03cf141e4e81/does-exxonmobil%27s-massive-%2450.html,1671276720,STORY
7c66194e-24f9-3ffe-bb29-a4dea96f7065,A,2022-12-19,Is Apple Stock A Buy Amid Holiday Season Shopping?,Investor's Business Daily,https://finance.yahoo.com/m/7c66194e-24f9-3ffe-bb29-a4dea96f7065/is-apple-stock-a-buy-amid.html,1671451230,STORY
9dba7fd2-d494-4bcf-a5d8-0a3603fbc847,A,2022-12-19,Tesla stock pops on Musk's Twitter 'step down' poll,Yahoo Finance,https://finance.yahoo.com/news/tesla-stock-pops-on-musks-twitter-step-down-poll-103330545.html,1671446161,STORY
a5d9fcca-03d2-30d1-b92e-13171f45ed13,A,2022-12-19,Warren Buffett Has Spent $136 Billion Buying These 4 Stocks Since 2016,Motley Fool,https://finance.yahoo.com/m/a5d9fcca-03d2-30d1-b92e-13171f45ed13/warren-buffett-has-spent-%24136.html,1671444360,STORY
c469dffe-c491-3fa5-8620-1f7727061e0a,A,2022-12-19,"Apple Suppliers Accelerate Buildup Outside China, Analysts Say",Bloomberg,https://finance.yahoo.com/news/apple-suppliers-accelerate-buildup-outside-044841500.html,1671425321,STORY
0033e4cf-7345-3076-aa5e-b25cecf56df8,A,2022-12-19,Big Techs' Growing Finance Business Is Getting Them Bank-Like Treatment. Are Beaten Down Tech Stocks A Buy Now?,Investor's Business Daily,https://finance.yahoo.com/m/0033e4cf-7345-3076-aa5e-b25cecf56df8/big-techs%27-growing-finance.html,1671422609,STORY
7d3c6eb0-2923-3801-b9a0-60635176a9f7,A,2022-12-19,"Never Mind the FAANG Stocks, Buy the GHOST Stocks Before 2023",Motley Fool,https://finance.yahoo.com/m/7d3c6eb0-2923-3801-b9a0-60635176a9f7/never-mind-the-faang-stocks%2C.html,1671376860,STORY
1e42d5c1-8e8e-358e-b42f-edb4a4b2c522,A,2022-12-19,"It’s Time to Boot the Moochers Off Your Spotify, Netflix and Other Accounts",The Wall Street Journal,https://finance.yahoo.com/m/1e42d5c1-8e8e-358e-b42f-edb4a4b2c522/it%E2%80%99s-time-to-boot-the.html,1671375600,STORY
f54f0a2f-ff05-349b-9a4c-133f41ed1b90,A,2022-12-19,EXCLUSIVE: New American Accessories Brand Aims to Redefine Luxury NFT Experience,WWD,https://finance.yahoo.com/m/f54f0a2f-ff05-349b-9a4c-133f41ed1b90/exclusive%3A-new-american.html,1671370256,STORY
d46848ec-bfbb-35f9-bc32-d91a0b18c5f1,A,2022-12-20,"Amazon Agrees to Settle EU Antitrust Cases, Avoiding Fines",The Wall Street Journal,https://finance.yahoo.com/m/d46848ec-bfbb-35f9-bc32-d91a0b18c5f1/amazon-agrees-to-settle-eu.html,1671541860,STORY
39240276-9770-357e-b87d-a0913fc83fb4,A,2022-12-20,"These Will Be The Best 10 Stocks In 2023, Analysts Say",Investor's Business Daily,https://finance.yahoo.com/m/39240276-9770-357e-b87d-a0913fc83fb4/these-will-be-the-best-10.html,1671541222,STORY
fca181c7-18a0-32fc-bc86-ad2d848e16b0,A,2022-12-20,Amazon agrees deal with EU to end long-running data probes,Financial Times,https://finance.yahoo.com/m/fca181c7-18a0-32fc-bc86-ad2d848e16b0/amazon-agrees-deal-with-eu-to.html,1671540997,STORY
5595410f-8ba2-3e16-a7f7-b28e49947b42,A,2022-12-20,"Down 33% in 2022, Can This Unstoppable Growth Stock Make a Comeback in 2023?",Motley Fool,https://finance.yahoo.com/m/5595410f-8ba2-3e16-a7f7-b28e49947b42/down-33%25-in-2022%2C-can-this.html,1671540300,STORY
889ff49f-ee4c-39da-9969-c03ee798588b,A,2022-12-20,Could Amazon's New Chip Be the End of AMD and Other Chip Stocks?,Motley Fool,https://finance.yahoo.com/m/889ff49f-ee4c-39da-9969-c03ee798588b/could-amazon%27s-new-chip-be.html,1671539400,STORY
e15f6d2a-10e5-3230-8f80-c0c11918de78,A,2022-12-20,"Purpose Investments Debuts Yield Shares, the World’s First Yield-Focused Single-Stock ETFs",GlobeNewswire,https://finance.yahoo.com/news/purpose-investments-debuts-yield-shares-123000565.html,1671539400,STORY
3c79264e-cc12-3903-b58b-fedea0820b5e,A,2022-12-20,Amazon to change marketplace policies in European Commission settlement,MarketWatch,https://finance.yahoo.com/m/3c79264e-cc12-3903-b58b-fedea0820b5e/amazon-to-change-marketplace.html,1671539132,STORY
8e19fce6-4ce4-383d-9163-63207090436d,A,2022-12-20,"Amazon reaches settlement with EU over use of data, avoids fine",Reuters,https://finance.yahoo.com/news/amazon-reaches-settlement-eu-over-121507045.html,1671538507,STORY
d96c4dd7-97f5-3d94-b2fc-d01383c631f7,A,2022-12-21,2 Warren Buffett Stocks to Buy More Of in December,Motley Fool,https://finance.yahoo.com/m/d96c4dd7-97f5-3d94-b2fc-d01383c631f7/2-warren-buffett-stocks-to.html,1671628620,STORY
b713473b-c308-378f-b786-7393ace3478c,A,2022-12-21,Which Cloud Computing Stock Will Reign Supreme in 2023?,Motley Fool,https://finance.yahoo.com/m/b713473b-c308-378f-b786-7393ace3478c/which-cloud-computing-stock.html,1671624000,STORY
62844eb1-cee3-305f-8103-d927ee314004,A,2022-12-21,2 Top Warren Buffett Stocks to Buy Right Now,Motley Fool,https://finance.yahoo.com/m/62844eb1-cee3-305f-8103-d927ee314004/2-top-warren-buffett-stocks.html,1671623400,STORY
9b82ee0a-1e4a-3bfe-9c8d-24d8af223bdf,A,2022-12-21,2 Big Stock Market Predictions for 2023,Motley Fool,https://finance.yahoo.com/m/9b82ee0a-1e4a-3bfe-9c8d-24d8af223bdf/2-big-stock-market.html,1671621480,STORY
d26338c7-7d75-340d-90ac-073e82e44439,A,2022-12-21,A Once-in-a-Decade Investing Opportunity Is Here. Should You Buy Now?,Motley Fool,https://finance.yahoo.com/m/d26338c7-7d75-340d-90ac-073e82e44439/a-once-in-a-decade-investing.html,1671621300,STORY
154e2875-e74d-32e8-bcda-3d28da5ebc1a,A,2022-12-21,How Amazon's AWS hires for and develops hard-to-find cloud skills,Quartz,https://finance.yahoo.com/news/amazons-aws-hires-develops-hard-110000845.html,1671620400,STORY
1e341a23-7507-31c7-9faf-ec44c40430a9,A,2022-12-21,2 High-Conviction Growth Stocks To Buy Aggressively Before the End of 2022,Motley Fool,https://finance.yahoo.com/m/1e341a23-7507-31c7-9faf-ec44c40430a9/2-high-conviction-growth.html,1671618840,STORY
fa1602a3-5cd6-347e-9ba6-3a40927aec2a,A,2022-12-21,Got $300? These 2 Stocks Could Supercharge Your Portfolio in 2023,Motley Fool,https://finance.yahoo.com/m/fa1602a3-5cd6-347e-9ba6-3a40927aec2a/got-%24300%3F-these-2-stocks.html,1671618000,STORY
3018ee3f-57a3-3864-b0aa-783c59d1ece6,A,2022-12-22,Apple Stock In 2023: Will Goggles Finally Become A Reality?,Investor's Business Daily,https://finance.yahoo.com/m/3018ee3f-57a3-3864-b0aa-783c59d1ece6/apple-stock-in-2023%3A-will.html,1671714015,STORY
44b8099f-1e28-35b0-a950-42350a817aaa,A,2022-12-22,"As U.S. fails to crack down on Big Tech, Europe shows what progress looks like",MarketWatch,https://finance.yahoo.com/m/44b8099f-1e28-35b0-a950-42350a817aaa/as-u.s.-fails-to-crack-down.html,1671708060,STORY
38c31204-7077-4bbc-9707-a27dd847ae21,A,2022-12-22,6 big reasons Apple stock is a must buy for 2023: analyst,Yahoo Finance,https://finance.yahoo.com/news/why-apple-stock-a-must-buy-for-2023-analyst-111620393.html,1671707780,STORY
4591e3e5-5954-3fd5-a754-551fd5363f77,A,2022-12-22,2 Magnificent Semiconductor Stocks Down 46% and 51% to Buy Before the Next Bull Market,Motley Fool,https://finance.yahoo.com/m/4591e3e5-5954-3fd5-a754-551fd5363f77/2-magnificent-semiconductor.html,1671706920,STORY
61b3bb26-2e37-3c67-9096-56fbb80d98d5,A,2022-12-22,Apple's Steady Diet of Resistance and My Contrarian Conundrum,TheStreet.com,https://finance.yahoo.com/m/61b3bb26-2e37-3c67-9096-56fbb80d98d5/apple%27s-steady-diet-of.html,1671706800,STORY
909d3886-af94-45f1-836b-480f2a5a8831,A,2022-12-22,Bitcoin interest surged in 2022 as 'crypto winter' arrived: Morning Brief,Yahoo Finance,https://finance.yahoo.com/news/bitcoin-interest-surged-in-2022-as-crypto-winter-arrived-morning-brief-103134240.html,1671705094,STORY
55d2b22f-685c-3e78-a5ce-fd973d74198a,A,2022-12-22,The Biggest Reason Apple Stock Is a Screaming Buy for 2023,Motley Fool,https://finance.yahoo.com/m/55d2b22f-685c-3e78-a5ce-fd973d74198a/the-biggest-reason-apple.html,1671703800,STORY
19c6c698-de2a-3bba-be05-89f8c4812e9c,A,2022-12-22,These Are the Best Holiday Tech Gifts of 2022. I Own Them All.,Barrons.com,https://finance.yahoo.com/m/19c6c698-de2a-3bba-be05-89f8c4812e9c/these-are-the-best-holiday.html,1671691500,STORY
d268a518-3f81-3023-bf57-714a50b0c2c9,A,2022-12-23,Which of the 20 Most Valuable Brands in the World Are Great Investments Now?,Insider Monkey,https://finance.yahoo.com/news/20-most-valuable-brands-world-124115259.html,1671799395,STORY
921b15d2-903f-385b-86bc-0c6293346e7b,A,2022-12-23,Better Buy: Microsoft Stock vs. Apple Stock,Motley Fool,https://finance.yahoo.com/m/921b15d2-903f-385b-86bc-0c6293346e7b/better-buy%3A-microsoft-stock.html,1671798600,STORY
6fdabf4d-38c1-3fa0-a349-d383ba99cacc,A,2022-12-23,20 Biggest Companies that Sponsor H1B Visas,Insider Monkey,https://finance.yahoo.com/news/20-biggest-companies-sponsor-h1b-122007815.html,1671798007,STORY
1b1f27f1-d831-3f5c-89ac-7eaa9ff1a301,A,2022-12-23,Warren Buffett's 3 Most Intriguing Tech Investments,Motley Fool,https://finance.yahoo.com/m/1b1f27f1-d831-3f5c-89ac-7eaa9ff1a301/warren-buffett%27s-3-most.html,1671790320,STORY
07323281-844c-3022-a0f1-2ee2ef586334,A,2022-12-23,Most Tech Stocks Had a Miserable Year. Not IBM.,Barrons.com,https://finance.yahoo.com/m/07323281-844c-3022-a0f1-2ee2ef586334/most-tech-stocks-had-a.html,1671779700,STORY
0d34b9f4-04ff-34e9-9023-c06207152255,A,2022-12-23,"Apple's Australian workers go on Christmas strike demanding better wages, work terms",Reuters,https://finance.yahoo.com/news/apples-australian-workers-christmas-strike-050614815.html,1671771974,STORY
2865c9c9-90f7-3571-839a-1f07422aecd5,A,2022-12-23,Meta and Alphabet lose dominance over US digital ads market,Financial Times,https://finance.yahoo.com/m/2865c9c9-90f7-3571-839a-1f07422aecd5/meta-and-alphabet-lose.html,1671771632,STORY
fb3d9c3f-98f0-356c-8534-562d424e8fd7,A,2022-12-23,‘Peak TV’ is coming to an end as streaming services look to cut costs,MarketWatch,https://finance.yahoo.com/m/fb3d9c3f-98f0-356c-8534-562d424e8fd7/%E2%80%98peak-tv%E2%80%99-is-coming-to-an-end.html,1671756360,STORY
a2012a00-ed87-3a06-bea9-7e78dc5e620b,A,2022-12-24,Google Gets Set to Stream Football Games. What the Deal Says About Apple.,Barrons.com,https://finance.yahoo.com/m/a2012a00-ed87-3a06-bea9-7e78dc5e620b/google-gets-set-to-stream.html,1671844380,STORY
c9ab7c2e-400b-35b7-893c-6c911ec4253f,A,2022-12-24,Apple May Hit This Big Milestone Sooner Than Expected,Motley Fool,https://finance.yahoo.com/m/c9ab7c2e-400b-35b7-893c-6c911ec4253f/apple-may-hit-this-big.html,1671838051,STORY
12d7b470-50a3-3a17-b116-f91edc7fcc19,A,2022-12-24,"Tesla, Meta Lead Big Tech's Market Value Wipeout",The Wall Street Journal,https://finance.yahoo.com/m/12d7b470-50a3-3a17-b116-f91edc7fcc19/tesla%2C-meta-lead-big-tech%27s.html,1671819300,STORY
2813e398-517d-3c0d-83c1-1123cb6f357d,A,2022-12-24,Carrier (CARR) Boosts Fire & Security Unit With TruVision TVN12,Zacks,https://finance.yahoo.com/news/carrier-carr-boosts-fire-security-180806888.html,1671818886,STORY
0033e4cf-7345-3076-aa5e-b25cecf56df8,A,2022-12-24,"Apple Hubs In India, Vietnam Next Year; China Exodus By 2025. Are Beaten Down Tech Stocks A Buy Now?",Investor's Business Daily,https://finance.yahoo.com/m/0033e4cf-7345-3076-aa5e-b25cecf56df8/apple-hubs-in-india%2C-vietnam.html,1671818849,STORY
a7d2bee1-9a2e-39e9-8a66-0ed2383b7e8f,A,2022-12-24,Alphabet (GOOGL) Updates Search With Redesigned Weather Card,Zacks,https://finance.yahoo.com/news/alphabet-googl-updates-search-redesigned-175405741.html,1671818045,STORY
d7ac861d-d4a3-3a3a-8715-8f46e8af9d1a,A,2022-12-24,Meta Is Cheap for a Reason: Shareholders Aren't the Focus,TheStreet.com,https://finance.yahoo.com/m/d7ac861d-d4a3-3a3a-8715-8f46e8af9d1a/meta-is-cheap-for-a-reason%3A.html,1671810300,STORY
d268a518-3f81-3023-bf57-714a50b0c2c9,A,2022-12-24,Which of the 20 Most Valuable Brands in the World Are Great Investments Now?,Insider Monkey,https://finance.yahoo.com/news/20-most-valuable-brands-world-124115259.html,1671799395,STORY
949724d3-0a4a-36db-bd24-574c59816ce9,A,2022-12-25,Better Buy: Apple vs. Nvidia,Motley Fool,https://finance.yahoo.com/m/949724d3-0a4a-36db-bd24-574c59816ce9/better-buy%3A-apple-vs.-nvidia.html,1671973800,STORY
6ac2e577-4c72-3bdc-b232-960f0a306634,A,2022-12-25,Investors in Apple (NASDAQ:AAPL) have made a solid return of 228% over the past five years,Simply Wall St.,https://finance.yahoo.com/news/investors-apple-nasdaq-aapl-made-110023076.html,1671966023,STORY
53cbb76e-4e6d-321d-b87f-39e8c6f83c6a,A,2022-12-25,3 Investment Moves to Make Before the Year Ends,Motley Fool,https://finance.yahoo.com/m/53cbb76e-4e6d-321d-b87f-39e8c6f83c6a/3-investment-moves-to-make.html,1671964200,STORY
80d409f7-869c-3056-a733-ef40d0eaf4ee,A,2022-12-25,Which FAANG Stock Will Be the Top Performer in 2023?,Motley Fool,https://finance.yahoo.com/m/80d409f7-869c-3056-a733-ef40d0eaf4ee/which-faang-stock-will-be-the.html,1671963660,STORY
1ad9f11e-ba04-3fcf-a71a-f30a8bb95020,A,2022-12-25,Apple’s business under growing threat from China’s Covid wave,Financial Times,https://finance.yahoo.com/m/1ad9f11e-ba04-3fcf-a71a-f30a8bb95020/apple%E2%80%99s-business-under.html,1671944413,STORY
2748db21-e293-3769-8d57-c2983cf614e4,A,2022-12-25,This company has wiped out more investor wealth in 2022 than Tesla,MarketWatch,https://finance.yahoo.com/m/2748db21-e293-3769-8d57-c2983cf614e4/this-company-has-wiped-out.html,1671902880,STORY
a13ca48f-729e-3dfc-b93f-e4f77757afd9,A,2022-12-25,Inflation and the FTX Collapse Got These Investors Talking,Motley Fool,https://finance.yahoo.com/m/a13ca48f-729e-3dfc-b93f-e4f77757afd9/inflation-and-the-ftx.html,1671890460,STORY
ccd6989b-9642-38c6-9629-9e6a393a6d28,A,2022-12-25,PepsiCo's Chief Design Officer Talks About the Human Side of Innovation,Motley Fool,https://finance.yahoo.com/m/ccd6989b-9642-38c6-9629-9e6a393a6d28/pepsico%27s-chief-design.html,1671890400,STORY
3ccadfe7-d156-3387-a325-4da4b1aa1aa7,A,2022-12-26,Apple Stock: Bear vs. Bull,Motley Fool,https://finance.yahoo.com/m/3ccadfe7-d156-3387-a325-4da4b1aa1aa7/apple-stock%3A-bear-vs.-bull.html,1672057140,STORY
8bcdbf6f-8ab2-3b39-b578-92d1e8c4a071,A,2022-12-26,Warren Buffett vs. the Market: What It Means for Investors,Motley Fool,https://finance.yahoo.com/m/8bcdbf6f-8ab2-3b39-b578-92d1e8c4a071/warren-buffett-vs.-the.html,1672052460,STORY
5c754010-2968-38ec-b09c-6f3d825bdef5,A,2022-12-26,The Media Industry Is Handing Apple and Amazon a Big Opportunity,Motley Fool,https://finance.yahoo.com/m/5c754010-2968-38ec-b09c-6f3d825bdef5/the-media-industry-is-handing.html,1672049220,STORY
5335fc52-2028-3201-b0b1-3a7a6a74be30,A,2022-12-26,CEOs from Elon Musk to Jamie Dimon fought to bring workers back to the office in 2022. Here’s who won—and who lost—the great return-to-office war,Fortune,https://finance.yahoo.com/news/ceos-elon-musk-jamie-dimon-100000519.html,1672048800,STORY
7b468ff9-bccc-3ce5-8914-d7f0f9f3af3d,A,2022-12-26,"Agilent Technologies, Inc. (NYSE:A) Q4 2022 Earnings Call Transcript",Insider Monkey,https://finance.yahoo.com/news/agilent-technologies-inc-nyse-q4-170706212.html,1671988026,STORY
0517f351-a54a-3c2e-a699-3687ee509f67,A,2022-12-26,12 Most Advanced Countries in Electronics,Insider Monkey,https://finance.yahoo.com/news/12-most-advanced-countries-electronics-161748294.html,1671985068,STORY
d2b7c6f2-1f22-38a5-8298-c42fbccbba77,A,2022-12-26,Want Unstoppable Stocks for 2023 and Beyond? Focus on Competitive Advantages,Motley Fool,https://finance.yahoo.com/m/d2b7c6f2-1f22-38a5-8298-c42fbccbba77/want-unstoppable-stocks-for.html,1671984840,STORY
0437a84c-3e82-3281-a6f9-c5743d60ee8c,A,2022-12-26,"Target, Amazon and 4 More Retailers That Will Reward You for Turning in Your Old Stuff",GOBankingRates,https://finance.yahoo.com/news/target-amazon-4-more-retailers-130111844.html,1671976893,STORY
6820b992-4bca-35e0-ad44-cefc5ff70947,A,2022-12-27,Could This New Content Category Get Netflix Back in Shape?,Motley Fool,https://finance.yahoo.com/m/6820b992-4bca-35e0-ad44-cefc5ff70947/could-this-new-content.html,1672140000,STORY
4b8a8dc5-cce4-3044-959e-7413ce4f2f18,A,2022-12-27,The Cost of Making an iPhone,Investopedia,https://finance.yahoo.com/m/4b8a8dc5-cce4-3044-959e-7413ce4f2f18/the-cost-of-making-an-iphone.html,1672138453,STORY
2634a992-ef6b-3a94-a59a-254c5e2b11cb,A,2022-12-27,UPDATE 1-Apple Japan hit with $98 mln in back taxes- Nikkei,Reuters,https://finance.yahoo.com/news/1-apple-japan-hit-98-040448752.html,1672113888,STORY
eb424c35-f605-314b-b05e-907861a258fd,A,2022-12-27,Apple to start making MacBooks in Vietnam by mid-2023,Financial Times,https://finance.yahoo.com/m/eb424c35-f605-314b-b05e-907861a258fd/apple-to-start-making.html,1672095603,STORY
5b35edbf-63fa-3525-9ab2-80042ddc257f,A,2022-12-27,Apple faces class-action lawsuit alleging 'racial bias' in watch's blood oximeter,Fox Business,https://finance.yahoo.com/news/apple-faces-class-action-lawsuit-215656410.html,1672091816,STORY
bb35bad9-07b2-301d-9b06-a805e35e72bd,A,2022-12-27,Apple Japan hit with $98 million in back taxes- Nikkei,Reuters,https://finance.yahoo.com/news/apple-japan-hit-98-million-180648118.html,1672078008,STORY
96ba03aa-1017-3f1e-9d5c-bfb7b00acb2a,A,2022-12-27,Apple Japan hit with $98 mln in back taxes- Nikkei,Reuters,https://finance.yahoo.com/news/apple-japan-hit-98-mln-180429330.html,1672077869,STORY
6b7532a3-223d-3230-b745-e3a2810c5fcc,A,2022-12-27,"Apple Faces $98 Million Hit on Back Taxes in Japan, Nikkei Says",Bloomberg,https://finance.yahoo.com/news/apple-faces-98-million-hit-171821565.html,1672075101,STORY
f14090aa-f872-3b82-8881-12f12ea98ecb,A,2022-12-28,"3 Things to Love About Adobe, Even Though Its Stock Is Down 40%",Motley Fool,https://finance.yahoo.com/m/f14090aa-f872-3b82-8881-12f12ea98ecb/3-things-to-love-about-adobe%2C.html,1672228440,STORY
c4a49f5b-5e49-3436-b28c-bc310b368a27,A,2022-12-28,"Stocks Edge Higher, Robinhood, Southwest, Tesla And Apple - Five Things To Know",TheStreet.com,https://finance.yahoo.com/m/c4a49f5b-5e49-3436-b28c-bc310b368a27/stocks-edge-higher%2C.html,1672227960,STORY
764ce44f-b52d-3b0f-a3b1-7332159823e9,A,2022-12-28,"Year End Pressures Should Start to Relent, But the Bear Market Will Persist",TheStreet.com,https://finance.yahoo.com/m/764ce44f-b52d-3b0f-a3b1-7332159823e9/year-end-pressures-should.html,1672227480,STORY
749d850e-99c7-310d-9f59-7aae254620fd,A,2022-12-28,5 Unstoppable Metaverse Stocks to Buy in 2023,Motley Fool,https://finance.yahoo.com/m/749d850e-99c7-310d-9f59-7aae254620fd/5-unstoppable-metaverse.html,1672224720,STORY
f77e02b2-ae0a-38a6-ac2a-fdc94712039b,A,2022-12-28,What’s Ahead—and 3 Stocks to Watch—for Every S&P 500 Sector,Barrons.com,https://finance.yahoo.com/m/f77e02b2-ae0a-38a6-ac2a-fdc94712039b/what%E2%80%99s-ahead%E2%80%94and-3-stocks-to.html,1672207200,STORY
8d5a0a11-99a5-3ad7-89b7-a99f4809e3f7,A,2022-12-28,Why Last Week's Selloff was a Christmas Gift to Investors,Zacks,https://finance.yahoo.com/news/why-last-weeks-selloff-christmas-235811948.html,1672185491,STORY
f3c36eef-e293-3f27-ba50-9f89e58bdbfe,A,2022-12-28,Why Apple Investors Suffered a Tough Time on Tuesday,Motley Fool,https://finance.yahoo.com/m/f3c36eef-e293-3f27-ba50-9f89e58bdbfe/why-apple-investors-suffered.html,1672184524,STORY
39dcf5d4-96b3-3115-b08f-3d91fe194d2d,A,2022-12-28,5 Companies With Huge Free Cash Flow,Investopedia,https://finance.yahoo.com/m/39dcf5d4-96b3-3115-b08f-3d91fe194d2d/5-companies-with-huge-free.html,1672181169,STORY
c7a4eebf-da7c-39b4-a1b4-078ebd763234,A,2022-12-29,"Gold prices end lower, but still above $1,800 level after hitting six-month high",MarketWatch,https://finance.yahoo.com/m/c7a4eebf-da7c-39b4-a1b4-078ebd763234/gold-prices-end-lower%2C-but.html,1672254840,STORY
c79eeb9e-64d3-35c3-aa11-aa067a938a11,A,2022-12-29,"Should You Investigate Agilent Technologies, Inc. (NYSE:A) At US$150?",Simply Wall St.,https://finance.yahoo.com/news/investigate-agilent-technologies-inc-nyse-184004049.html,1672252804,STORY
8136e27c-3425-32e3-b2b5-d107d4e36f2a,A,2022-12-29,Airbnb (ABNB) to Win Customer Trust With Recent Initiative,Zacks,https://finance.yahoo.com/news/airbnb-abnb-win-customer-trust-155303473.html,1672242783,STORY
2a7c9bcc-e37f-3f7c-84b8-55ce786c99a9,A,2022-12-29,Gold Outlook Is Buoyed by Hopes for a Less-Hawkish Fed in 2023,The Wall Street Journal,https://finance.yahoo.com/m/2a7c9bcc-e37f-3f7c-84b8-55ce786c99a9/gold-outlook-is-buoyed-by.html,1672239600,STORY
d4b7dded-7300-3536-b1d8-240fc73fb850,A,2022-12-29,Gold prices settle higher as U.S. dollar weakens after China’s decision to ease COVID curbs,MarketWatch,https://finance.yahoo.com/m/d4b7dded-7300-3536-b1d8-240fc73fb850/gold-prices-settle-higher-as.html,1672169640,STORY
b3e7f23e-4036-3a3c-9759-6ba9292921eb,A,2022-12-29,Agilent (A) Upgraded to Buy: Here's What You Should Know,Zacks,https://finance.yahoo.com/news/agilent-upgraded-buy-heres-know-170005280.html,1672160405,STORY
55f3917f-964f-3cc7-8f04-6f16486fb3da,A,2022-12-29,Alphabet (GOOGL) Boosts Google Contacts With Highlights Tab,Zacks,https://finance.yahoo.com/news/alphabet-googl-boosts-google-contacts-135401470.html,1672149241,STORY
7b468ff9-bccc-3ce5-8914-d7f0f9f3af3d,A,2022-12-29,"Agilent Technologies, Inc. (NYSE:A) Q4 2022 Earnings Call Transcript",Insider Monkey,https://finance.yahoo.com/news/agilent-technologies-inc-nyse-q4-170706212.html,1671988026,STORY
645fde44-a81f-3930-8db9-51ef815bb73a,A,2022-12-30,"Coal, gas lead 2022 commodities rally; recession fears greet New Year",Reuters,https://finance.yahoo.com/news/coal-gas-lead-2022-commodities-060913919.html,1672380553,STORY
de581a15-ddb3-3ec0-9663-03481554f23f,A,2022-12-30,"Gold ends higher, boosted by weaker greenback and on track to finish 2022 near 6-month high",MarketWatch,https://finance.yahoo.com/m/de581a15-ddb3-3ec0-9663-03481554f23f/gold-ends-higher%2C-boosted-by.html,1672343400,STORY
789db3d7-9488-34a3-8a40-9df56c4de700,A,2022-12-30,Alphabet (GOOGL) to Strengthen Chrome With Security Option,Zacks,https://finance.yahoo.com/news/alphabet-googl-strengthen-chrome-security-154503632.html,1672328703,STORY
c7a4eebf-da7c-39b4-a1b4-078ebd763234,A,2022-12-30,"Gold prices end lower, but still above $1,800 level after hitting six-month high",MarketWatch,https://finance.yahoo.com/m/c7a4eebf-da7c-39b4-a1b4-078ebd763234/gold-prices-end-lower%2C-but.html,1672254840,STORY
c79eeb9e-64d3-35c3-aa11-aa067a938a11,A,2022-12-30,"Should You Investigate Agilent Technologies, Inc. (NYSE:A) At US$150?",Simply Wall St.,https://finance.yahoo.com/news/investigate-agilent-technologies-inc-nyse-184004049.html,1672252804,STORY
8136e27c-3425-32e3-b2b5-d107d4e36f2a,A,2022-12-30,Airbnb (ABNB) to Win Customer Trust With Recent Initiative,Zacks,https://finance.yahoo.com/news/airbnb-abnb-win-customer-trust-155303473.html,1672242783,STORY
2a7c9bcc-e37f-3f7c-84b8-55ce786c99a9,A,2022-12-30,Gold Outlook Is Buoyed by Hopes for a Less-Hawkish Fed in 2023,The Wall Street Journal,https://finance.yahoo.com/m/2a7c9bcc-e37f-3f7c-84b8-55ce786c99a9/gold-outlook-is-buoyed-by.html,1672239600,STORY
d4b7dded-7300-3536-b1d8-240fc73fb850,A,2022-12-30,Gold prices settle higher as U.S. dollar weakens after China’s decision to ease COVID curbs,MarketWatch,https://finance.yahoo.com/m/d4b7dded-7300-3536-b1d8-240fc73fb850/gold-prices-settle-higher-as.html,1672169640,STORY
a1d8cd58-1a0f-39e2-a11a-46196ba7cdce,A,2022-12-31,Supreme dollar rules the roost in gold market,Reuters,https://finance.yahoo.com/news/supreme-dollar-rules-roost-gold-202139720.html,1672431699,STORY
f9511194-43ed-3f73-860e-a90a9a91c5b8,A,2022-12-31,GRAPHIC-Supreme dollar rules the roost in gold market,Reuters,https://finance.yahoo.com/news/graphic-supreme-dollar-rules-roost-200624206.html,1672430784,STORY
7c977b1a-84c0-3914-97ae-d75ae70a7d34,A,2022-12-31,Gold ends 2022 near 6-month high,MarketWatch,https://finance.yahoo.com/m/7c977b1a-84c0-3914-97ae-d75ae70a7d34/gold-ends-2022-near-6-month.html,1672430340,STORY
5efdd072-b337-3d90-95d9-f8830761647f,A,2022-12-31,"Investors Heavily Search Agilent Technologies, Inc. (A): Here is What You Need to Know",Zacks,https://finance.yahoo.com/news/investors-heavily-search-agilent-technologies-140002627.html,1672408802,STORY
645fde44-a81f-3930-8db9-51ef815bb73a,A,2022-12-31,"Coal, gas lead 2022 commodities rally; recession clouds new year",Reuters,https://finance.yahoo.com/news/coal-gas-lead-2022-commodities-060913919.html,1672380553,STORY
de581a15-ddb3-3ec0-9663-03481554f23f,A,2022-12-31,"Gold ends higher, boosted by weaker greenback and on track to finish 2022 near 6-month high",MarketWatch,https://finance.yahoo.com/m/de581a15-ddb3-3ec0-9663-03481554f23f/gold-ends-higher%2C-boosted-by.html,1672343400,STORY
789db3d7-9488-34a3-8a40-9df56c4de700,A,2022-12-31,Alphabet (GOOGL) to Strengthen Chrome With Security Option,Zacks,https://finance.yahoo.com/news/alphabet-googl-strengthen-chrome-security-154503632.html,1672328703,STORY
c7a4eebf-da7c-39b4-a1b4-078ebd763234,A,2022-12-31,"Gold prices end lower, but still above $1,800 level after hitting six-month high",MarketWatch,https://finance.yahoo.com/m/c7a4eebf-da7c-39b4-a1b4-078ebd763234/gold-prices-end-lower%2C-but.html,1672254840,STORY
74f9bfa5-2994-3af5-9cbb-fa7c27b59ea9,A,2023-1-1,50 Poorest Countries in the World,Insider Monkey,https://finance.yahoo.com/news/50-poorest-countries-world-183713344.html,1672511833,STORY
a1d8cd58-1a0f-39e2-a11a-46196ba7cdce,A,2023-1-1,Supreme dollar rules the roost in gold market,Reuters,https://finance.yahoo.com/news/supreme-dollar-rules-roost-gold-202139720.html,1672431699,STORY
f9511194-43ed-3f73-860e-a90a9a91c5b8,A,2023-1-1,GRAPHIC-Supreme dollar rules the roost in gold market,Reuters,https://finance.yahoo.com/news/graphic-supreme-dollar-rules-roost-200624206.html,1672430784,STORY
7c977b1a-84c0-3914-97ae-d75ae70a7d34,A,2023-1-1,Gold ends 2022 near 6-month high,MarketWatch,https://finance.yahoo.com/m/7c977b1a-84c0-3914-97ae-d75ae70a7d34/gold-ends-2022-near-6-month.html,1672430340,STORY
645fde44-a81f-3930-8db9-51ef815bb73a,A,2023-1-1,"Coal, gas lead 2022 commodities rally; recession clouds new year",Reuters,https://finance.yahoo.com/news/coal-gas-lead-2022-commodities-060913919.html,1672380553,STORY
de581a15-ddb3-3ec0-9663-03481554f23f,A,2023-1-1,"Gold ends higher, boosted by weaker greenback and on track to finish 2022 near 6-month high",MarketWatch,https://finance.yahoo.com/m/de581a15-ddb3-3ec0-9663-03481554f23f/gold-ends-higher%2C-boosted-by.html,1672343400,STORY
c7a4eebf-da7c-39b4-a1b4-078ebd763234,A,2023-1-1,"Gold prices end lower, but still above $1,800 level after hitting six-month high",MarketWatch,https://finance.yahoo.com/m/c7a4eebf-da7c-39b4-a1b4-078ebd763234/gold-prices-end-lower%2C-but.html,1672254840,STORY
2a7c9bcc-e37f-3f7c-84b8-55ce786c99a9,A,2023-1-1,Gold Outlook Is Buoyed by Hopes for a Less-Hawkish Fed in 2023,The Wall Street Journal,https://finance.yahoo.com/m/2a7c9bcc-e37f-3f7c-84b8-55ce786c99a9/gold-outlook-is-buoyed-by.html,1672239600,STORY
74f9bfa5-2994-3af5-9cbb-fa7c27b59ea9,A,2023-1-2,50 Poorest Countries in the World,Insider Monkey,https://finance.yahoo.com/news/50-poorest-countries-world-183713344.html,1672511833,STORY
a1d8cd58-1a0f-39e2-a11a-46196ba7cdce,A,2023-1-2,Supreme dollar rules the roost in gold market,Reuters,https://finance.yahoo.com/news/supreme-dollar-rules-roost-gold-202139720.html,1672431699,STORY
f9511194-43ed-3f73-860e-a90a9a91c5b8,A,2023-1-2,GRAPHIC-Supreme dollar rules the roost in gold market,Reuters,https://finance.yahoo.com/news/graphic-supreme-dollar-rules-roost-200624206.html,1672430784,STORY
7c977b1a-84c0-3914-97ae-d75ae70a7d34,A,2023-1-2,Gold ends 2022 near 6-month high,MarketWatch,https://finance.yahoo.com/m/7c977b1a-84c0-3914-97ae-d75ae70a7d34/gold-ends-2022-near-6-month.html,1672430340,STORY
645fde44-a81f-3930-8db9-51ef815bb73a,A,2023-1-2,"Coal, gas lead 2022 commodities rally; recession clouds new year",Reuters,https://finance.yahoo.com/news/coal-gas-lead-2022-commodities-060913919.html,1672380553,STORY
de581a15-ddb3-3ec0-9663-03481554f23f,A,2023-1-2,"Gold ends higher, boosted by weaker greenback and on track to finish 2022 near 6-month high",MarketWatch,https://finance.yahoo.com/m/de581a15-ddb3-3ec0-9663-03481554f23f/gold-ends-higher%2C-boosted-by.html,1672343400,STORY
c7a4eebf-da7c-39b4-a1b4-078ebd763234,A,2023-1-2,"Gold prices end lower, but still above $1,800 level after hitting six-month high",MarketWatch,https://finance.yahoo.com/m/c7a4eebf-da7c-39b4-a1b4-078ebd763234/gold-prices-end-lower%2C-but.html,1672254840,STORY
2a7c9bcc-e37f-3f7c-84b8-55ce786c99a9,A,2023-1-2,Gold Outlook Is Buoyed by Hopes for a Less-Hawkish Fed in 2023,The Wall Street Journal,https://finance.yahoo.com/m/2a7c9bcc-e37f-3f7c-84b8-55ce786c99a9/gold-outlook-is-buoyed-by.html,1672239600,STORY
b613ca38-581f-3502-aa25-8ad7aca498b4,A,2023-1-3,"Gold closes in on 6-mth high, markets look to smaller Fed rate hikes",Investing.com,https://finance.yahoo.com/news/gold-closes-6-mth-high-194831582.html,1672688911,STORY
74f9bfa5-2994-3af5-9cbb-fa7c27b59ea9,A,2023-1-3,50 Poorest Countries in the World,Insider Monkey,https://finance.yahoo.com/news/50-poorest-countries-world-183713344.html,1672511833,STORY
a1d8cd58-1a0f-39e2-a11a-46196ba7cdce,A,2023-1-3,Supreme dollar rules the roost in gold market,Reuters,https://finance.yahoo.com/news/supreme-dollar-rules-roost-gold-202139720.html,1672431699,STORY
f9511194-43ed-3f73-860e-a90a9a91c5b8,A,2023-1-3,GRAPHIC-Supreme dollar rules the roost in gold market,Reuters,https://finance.yahoo.com/news/graphic-supreme-dollar-rules-roost-200624206.html,1672430784,STORY
7c977b1a-84c0-3914-97ae-d75ae70a7d34,A,2023-1-3,Gold ends 2022 near 6-month high,MarketWatch,https://finance.yahoo.com/m/7c977b1a-84c0-3914-97ae-d75ae70a7d34/gold-ends-2022-near-6-month.html,1672430340,STORY
645fde44-a81f-3930-8db9-51ef815bb73a,A,2023-1-3,"Coal, gas lead 2022 commodities rally; recession clouds new year",Reuters,https://finance.yahoo.com/news/coal-gas-lead-2022-commodities-060913919.html,1672380553,STORY
de581a15-ddb3-3ec0-9663-03481554f23f,A,2023-1-3,"Gold ends higher, boosted by weaker greenback and on track to finish 2022 near 6-month high",MarketWatch,https://finance.yahoo.com/m/de581a15-ddb3-3ec0-9663-03481554f23f/gold-ends-higher%2C-boosted-by.html,1672343400,STORY
c7a4eebf-da7c-39b4-a1b4-078ebd763234,A,2023-1-3,"Gold prices end lower, but still above $1,800 level after hitting six-month high",MarketWatch,https://finance.yahoo.com/m/c7a4eebf-da7c-39b4-a1b4-078ebd763234/gold-prices-end-lower%2C-but.html,1672254840,STORY
508fc60b-6d42-3048-a95b-66b2474ecfce,A,2023-1-4,Gold prices kick off 2023 by settling at highest since mid-June,MarketWatch,https://finance.yahoo.com/m/508fc60b-6d42-3048-a95b-66b2474ecfce/gold-prices-kick-off-2023-by.html,1672772460,STORY
b613ca38-581f-3502-aa25-8ad7aca498b4,A,2023-1-4,"Gold closes in on 6-mth high, markets look to smaller Fed rate hikes",Investing.com,https://finance.yahoo.com/news/gold-closes-6-mth-high-194831582.html,1672688911,STORY
ad86ad48-ea7b-32fa-bffd-cbe7b69bf1dc,A,2023-1-4,Top Picks 2023- BPG Metals BRVO,MoneyShow,https://finance.yahoo.com/news/top-picks-2023-bpg-metals-100000559.html,1672653600,STORY
74f9bfa5-2994-3af5-9cbb-fa7c27b59ea9,A,2023-1-4,50 Poorest Countries in the World,Insider Monkey,https://finance.yahoo.com/news/50-poorest-countries-world-183713344.html,1672511833,STORY
a1d8cd58-1a0f-39e2-a11a-46196ba7cdce,A,2023-1-4,Supreme dollar rules the roost in gold market,Reuters,https://finance.yahoo.com/news/supreme-dollar-rules-roost-gold-202139720.html,1672431699,STORY
f9511194-43ed-3f73-860e-a90a9a91c5b8,A,2023-1-4,GRAPHIC-Supreme dollar rules the roost in gold market,Reuters,https://finance.yahoo.com/news/graphic-supreme-dollar-rules-roost-200624206.html,1672430784,STORY
7c977b1a-84c0-3914-97ae-d75ae70a7d34,A,2023-1-4,Gold ends 2022 near 6-month high,MarketWatch,https://finance.yahoo.com/m/7c977b1a-84c0-3914-97ae-d75ae70a7d34/gold-ends-2022-near-6-month.html,1672430340,STORY
645fde44-a81f-3930-8db9-51ef815bb73a,A,2023-1-4,"Coal, gas lead 2022 commodities rally; recession clouds new year",Reuters,https://finance.yahoo.com/news/coal-gas-lead-2022-commodities-060913919.html,1672380553,STORY
fd526c8a-a3df-30fe-9917-e25753838e71,A,2023-1-5,Gold nears 7-month high as Fed minutes indicate slower rate hikes,Investing.com,https://finance.yahoo.com/news/gold-nears-7-month-high-193013494.html,1672860613,STORY
f1d88915-1236-3ff5-b6f7-10b13526a124,A,2023-1-5,"Gold futures tally a 4th straight session gain as the dollar weakens, yields retreat",MarketWatch,https://finance.yahoo.com/m/f1d88915-1236-3ff5-b6f7-10b13526a124/gold-futures-tally-a-4th.html,1672859640,STORY
508fc60b-6d42-3048-a95b-66b2474ecfce,A,2023-1-5,Gold prices kick off 2023 by settling at highest since mid-June,MarketWatch,https://finance.yahoo.com/m/508fc60b-6d42-3048-a95b-66b2474ecfce/gold-prices-kick-off-2023-by.html,1672772460,STORY
b613ca38-581f-3502-aa25-8ad7aca498b4,A,2023-1-5,"Gold closes in on 6-mth high, markets look to smaller Fed rate hikes",Investing.com,https://finance.yahoo.com/news/gold-closes-6-mth-high-194831582.html,1672688911,STORY
ad86ad48-ea7b-32fa-bffd-cbe7b69bf1dc,A,2023-1-5,Top Picks 2023- Bravo Mining BRVO,MoneyShow,https://finance.yahoo.com/news/top-picks-2023-bpg-metals-100000559.html,1672653600,STORY
74f9bfa5-2994-3af5-9cbb-fa7c27b59ea9,A,2023-1-5,50 Poorest Countries in the World,Insider Monkey,https://finance.yahoo.com/news/50-poorest-countries-world-183713344.html,1672511833,STORY
a1d8cd58-1a0f-39e2-a11a-46196ba7cdce,A,2023-1-5,Supreme dollar rules the roost in gold market,Reuters,https://finance.yahoo.com/news/supreme-dollar-rules-roost-gold-202139720.html,1672431699,STORY
f9511194-43ed-3f73-860e-a90a9a91c5b8,A,2023-1-5,GRAPHIC-Supreme dollar rules the roost in gold market,Reuters,https://finance.yahoo.com/news/graphic-supreme-dollar-rules-roost-200624206.html,1672430784,STORY
1ef341ed-9e53-36af-a744-f432ee346ae9,A,2023-1-6,Gold flat ahead of U.S. December jobs report,MarketWatch,https://finance.yahoo.com/m/1ef341ed-9e53-36af-a744-f432ee346ae9/gold-flat-ahead-of-u.s..html,1673009880,STORY
9649a162-327d-32ff-b166-3ee00a547fc5,A,2023-1-6,"Gold turns flat before payrolls data, copper cheered by China reopening",Investing.com,https://finance.yahoo.com/news/gold-turns-flat-payrolls-data-195305401.html,1672948385,STORY
a35018e5-ee81-372f-8d10-28fdb6d726fc,A,2023-1-6,Gold prices end lower after a 4-session rise to their highest since June,MarketWatch,https://finance.yahoo.com/m/a35018e5-ee81-372f-8d10-28fdb6d726fc/gold-prices-end-lower-after-a.html,1672945140,STORY
40e5a1fb-4385-3d59-8f72-0ca0f1a8ef1e,A,2023-1-6,RIAA Celebrates 39 Freshman Artists Who Went Gold or Platinum in 2022 — but Gayle Was the Only One to Reach Multiplatinum,Variety,https://finance.yahoo.com/m/40e5a1fb-4385-3d59-8f72-0ca0f1a8ef1e/riaa-celebrates-39-freshman.html,1672929000,STORY
fd526c8a-a3df-30fe-9917-e25753838e71,A,2023-1-6,Gold nears 7-month high as Fed minutes indicate slower rate hikes,Investing.com,https://finance.yahoo.com/news/gold-nears-7-month-high-193013494.html,1672860613,STORY
f1d88915-1236-3ff5-b6f7-10b13526a124,A,2023-1-6,"Gold futures tally a 4th straight session gain as the dollar weakens, yields retreat",MarketWatch,https://finance.yahoo.com/m/f1d88915-1236-3ff5-b6f7-10b13526a124/gold-futures-tally-a-4th.html,1672859640,STORY
508fc60b-6d42-3048-a95b-66b2474ecfce,A,2023-1-6,Gold prices kick off 2023 by settling at highest since mid-June,MarketWatch,https://finance.yahoo.com/m/508fc60b-6d42-3048-a95b-66b2474ecfce/gold-prices-kick-off-2023-by.html,1672772460,STORY
b613ca38-581f-3502-aa25-8ad7aca498b4,A,2023-1-6,"Gold closes in on 6-mth high, markets look to smaller Fed rate hikes",Investing.com,https://finance.yahoo.com/news/gold-closes-6-mth-high-194831582.html,1672688911,STORY
1ef341ed-9e53-36af-a744-f432ee346ae9,A,2023-1-7,"Gold futures end higher after ‘upbeat’, but ‘not too strong’ U.S. December jobs report",MarketWatch,https://finance.yahoo.com/m/1ef341ed-9e53-36af-a744-f432ee346ae9/gold-futures-end-higher-after.html,1673032020,STORY
9649a162-327d-32ff-b166-3ee00a547fc5,A,2023-1-7,"Gold turns flat before payrolls data, copper cheered by China reopening",Investing.com,https://finance.yahoo.com/news/gold-turns-flat-payrolls-data-195305401.html,1672948385,STORY
a35018e5-ee81-372f-8d10-28fdb6d726fc,A,2023-1-7,Gold prices end lower after a 4-session rise to their highest since June,MarketWatch,https://finance.yahoo.com/m/a35018e5-ee81-372f-8d10-28fdb6d726fc/gold-prices-end-lower-after-a.html,1672945140,STORY
40e5a1fb-4385-3d59-8f72-0ca0f1a8ef1e,A,2023-1-7,RIAA Celebrates 39 Freshman Artists Who Went Gold or Platinum in 2022 — but Gayle Was the Only One to Reach Multiplatinum,Variety,https://finance.yahoo.com/m/40e5a1fb-4385-3d59-8f72-0ca0f1a8ef1e/riaa-celebrates-39-freshman.html,1672929000,STORY
fd526c8a-a3df-30fe-9917-e25753838e71,A,2023-1-7,Gold nears 7-month high as Fed minutes indicate slower rate hikes,Investing.com,https://finance.yahoo.com/news/gold-nears-7-month-high-193013494.html,1672860613,STORY
f1d88915-1236-3ff5-b6f7-10b13526a124,A,2023-1-7,"Gold futures tally a 4th straight session gain as the dollar weakens, yields retreat",MarketWatch,https://finance.yahoo.com/m/f1d88915-1236-3ff5-b6f7-10b13526a124/gold-futures-tally-a-4th.html,1672859640,STORY
508fc60b-6d42-3048-a95b-66b2474ecfce,A,2023-1-7,Gold prices kick off 2023 by settling at highest since mid-June,MarketWatch,https://finance.yahoo.com/m/508fc60b-6d42-3048-a95b-66b2474ecfce/gold-prices-kick-off-2023-by.html,1672772460,STORY
b613ca38-581f-3502-aa25-8ad7aca498b4,A,2023-1-7,"Gold closes in on 6-mth high, markets look to smaller Fed rate hikes",Investing.com,https://finance.yahoo.com/news/gold-closes-6-mth-high-194831582.html,1672688911,STORY
1ef341ed-9e53-36af-a744-f432ee346ae9,A,2023-1-8,"Gold futures end higher after ‘upbeat’, but ‘not too strong’ U.S. December jobs report",MarketWatch,https://finance.yahoo.com/m/1ef341ed-9e53-36af-a744-f432ee346ae9/gold-futures-end-higher-after.html,1673032020,STORY
9649a162-327d-32ff-b166-3ee00a547fc5,A,2023-1-8,"Gold turns flat before payrolls data, copper cheered by China reopening",Investing.com,https://finance.yahoo.com/news/gold-turns-flat-payrolls-data-195305401.html,1672948385,STORY
a35018e5-ee81-372f-8d10-28fdb6d726fc,A,2023-1-8,Gold prices end lower after a 4-session rise to their highest since June,MarketWatch,https://finance.yahoo.com/m/a35018e5-ee81-372f-8d10-28fdb6d726fc/gold-prices-end-lower-after-a.html,1672945140,STORY
40e5a1fb-4385-3d59-8f72-0ca0f1a8ef1e,A,2023-1-8,RIAA Celebrates 39 Freshman Artists Who Went Gold or Platinum in 2022 — but Gayle Was the Only One to Reach Multiplatinum,Variety,https://finance.yahoo.com/m/40e5a1fb-4385-3d59-8f72-0ca0f1a8ef1e/riaa-celebrates-39-freshman.html,1672929000,STORY
fd526c8a-a3df-30fe-9917-e25753838e71,A,2023-1-8,Gold nears 7-month high as Fed minutes indicate slower rate hikes,Investing.com,https://finance.yahoo.com/news/gold-nears-7-month-high-193013494.html,1672860613,STORY
f1d88915-1236-3ff5-b6f7-10b13526a124,A,2023-1-8,"Gold futures tally a 4th straight session gain as the dollar weakens, yields retreat",MarketWatch,https://finance.yahoo.com/m/f1d88915-1236-3ff5-b6f7-10b13526a124/gold-futures-tally-a-4th.html,1672859640,STORY
508fc60b-6d42-3048-a95b-66b2474ecfce,A,2023-1-8,Gold prices kick off 2023 by settling at highest since mid-June,MarketWatch,https://finance.yahoo.com/m/508fc60b-6d42-3048-a95b-66b2474ecfce/gold-prices-kick-off-2023-by.html,1672772460,STORY
b613ca38-581f-3502-aa25-8ad7aca498b4,A,2023-1-8,"Gold closes in on 6-mth high, markets look to smaller Fed rate hikes",Investing.com,https://finance.yahoo.com/news/gold-closes-6-mth-high-194831582.html,1672688911,STORY
1ef341ed-9e53-36af-a744-f432ee346ae9,A,2023-1-9,"Gold futures end higher after ‘upbeat’, but ‘not too strong’ U.S. December jobs report",MarketWatch,https://finance.yahoo.com/m/1ef341ed-9e53-36af-a744-f432ee346ae9/gold-futures-end-higher-after.html,1673032020,STORY
9649a162-327d-32ff-b166-3ee00a547fc5,A,2023-1-9,"Gold turns flat before payrolls data, copper cheered by China reopening",Investing.com,https://finance.yahoo.com/news/gold-turns-flat-payrolls-data-195305401.html,1672948385,STORY
a35018e5-ee81-372f-8d10-28fdb6d726fc,A,2023-1-9,Gold prices end lower after a 4-session rise to their highest since June,MarketWatch,https://finance.yahoo.com/m/a35018e5-ee81-372f-8d10-28fdb6d726fc/gold-prices-end-lower-after-a.html,1672945140,STORY
40e5a1fb-4385-3d59-8f72-0ca0f1a8ef1e,A,2023-1-9,RIAA Celebrates 39 Freshman Artists Who Went Gold or Platinum in 2022 — but Gayle Was the Only One to Reach Multiplatinum,Variety,https://finance.yahoo.com/m/40e5a1fb-4385-3d59-8f72-0ca0f1a8ef1e/riaa-celebrates-39-freshman.html,1672929000,STORY
fd526c8a-a3df-30fe-9917-e25753838e71,A,2023-1-9,Gold nears 7-month high as Fed minutes indicate slower rate hikes,Investing.com,https://finance.yahoo.com/news/gold-nears-7-month-high-193013494.html,1672860613,STORY
f1d88915-1236-3ff5-b6f7-10b13526a124,A,2023-1-9,"Gold futures tally a 4th straight session gain as the dollar weakens, yields retreat",MarketWatch,https://finance.yahoo.com/m/f1d88915-1236-3ff5-b6f7-10b13526a124/gold-futures-tally-a-4th.html,1672859640,STORY
508fc60b-6d42-3048-a95b-66b2474ecfce,A,2023-1-9,Gold prices kick off 2023 by settling at highest since mid-June,MarketWatch,https://finance.yahoo.com/m/508fc60b-6d42-3048-a95b-66b2474ecfce/gold-prices-kick-off-2023-by.html,1672772460,STORY
b613ca38-581f-3502-aa25-8ad7aca498b4,A,2023-1-9,"Gold closes in on 6-mth high, markets look to smaller Fed rate hikes",Investing.com,https://finance.yahoo.com/news/gold-closes-6-mth-high-194831582.html,1672688911,STORY
917a33d8-7245-3ec3-951f-f1b5eb5af635,A,2023-1-10,Gold prices rise to 8-month high as dollar weakens,MarketWatch,https://finance.yahoo.com/m/917a33d8-7245-3ec3-951f-f1b5eb5af635/gold-prices-rise-to-8-month.html,1673278860,STORY
1ef341ed-9e53-36af-a744-f432ee346ae9,A,2023-1-10,"Gold futures end higher after ‘upbeat’, but ‘not too strong’ U.S. December jobs report",MarketWatch,https://finance.yahoo.com/m/1ef341ed-9e53-36af-a744-f432ee346ae9/gold-futures-end-higher-after.html,1673032020,STORY
9649a162-327d-32ff-b166-3ee00a547fc5,A,2023-1-10,"Gold turns flat before payrolls data, copper cheered by China reopening",Investing.com,https://finance.yahoo.com/news/gold-turns-flat-payrolls-data-195305401.html,1672948385,STORY
a35018e5-ee81-372f-8d10-28fdb6d726fc,A,2023-1-10,Gold prices end lower after a 4-session rise to their highest since June,MarketWatch,https://finance.yahoo.com/m/a35018e5-ee81-372f-8d10-28fdb6d726fc/gold-prices-end-lower-after-a.html,1672945140,STORY
40e5a1fb-4385-3d59-8f72-0ca0f1a8ef1e,A,2023-1-10,RIAA Celebrates 39 Freshman Artists Who Went Gold or Platinum in 2022 — but Gayle Was the Only One to Reach Multiplatinum,Variety,https://finance.yahoo.com/m/40e5a1fb-4385-3d59-8f72-0ca0f1a8ef1e/riaa-celebrates-39-freshman.html,1672929000,STORY
fd526c8a-a3df-30fe-9917-e25753838e71,A,2023-1-10,Gold nears 7-month high as Fed minutes indicate slower rate hikes,Investing.com,https://finance.yahoo.com/news/gold-nears-7-month-high-193013494.html,1672860613,STORY
f1d88915-1236-3ff5-b6f7-10b13526a124,A,2023-1-10,"Gold futures tally a 4th straight session gain as the dollar weakens, yields retreat",MarketWatch,https://finance.yahoo.com/m/f1d88915-1236-3ff5-b6f7-10b13526a124/gold-futures-tally-a-4th.html,1672859640,STORY
508fc60b-6d42-3048-a95b-66b2474ecfce,A,2023-1-10,Gold prices kick off 2023 by settling at highest since mid-June,MarketWatch,https://finance.yahoo.com/m/508fc60b-6d42-3048-a95b-66b2474ecfce/gold-prices-kick-off-2023-by.html,1672772460,STORY
917a33d8-7245-3ec3-951f-f1b5eb5af635,A,2023-1-11,Gold prices rise to 8-month high as dollar weakens,MarketWatch,https://finance.yahoo.com/m/917a33d8-7245-3ec3-951f-f1b5eb5af635/gold-prices-rise-to-8-month.html,1673278860,STORY
1ef341ed-9e53-36af-a744-f432ee346ae9,A,2023-1-11,"Gold futures end higher after ‘upbeat’, but ‘not too strong’ U.S. December jobs report",MarketWatch,https://finance.yahoo.com/m/1ef341ed-9e53-36af-a744-f432ee346ae9/gold-futures-end-higher-after.html,1673032020,STORY
9649a162-327d-32ff-b166-3ee00a547fc5,A,2023-1-11,"Gold turns flat before payrolls data, copper cheered by China reopening",Investing.com,https://finance.yahoo.com/news/gold-turns-flat-payrolls-data-195305401.html,1672948385,STORY
a35018e5-ee81-372f-8d10-28fdb6d726fc,A,2023-1-11,Gold prices end lower after a 4-session rise to their highest since June,MarketWatch,https://finance.yahoo.com/m/a35018e5-ee81-372f-8d10-28fdb6d726fc/gold-prices-end-lower-after-a.html,1672945140,STORY
40e5a1fb-4385-3d59-8f72-0ca0f1a8ef1e,A,2023-1-11,RIAA Celebrates 39 Freshman Artists Who Went Gold or Platinum in 2022 — but Gayle Was the Only One to Reach Multiplatinum,Variety,https://finance.yahoo.com/m/40e5a1fb-4385-3d59-8f72-0ca0f1a8ef1e/riaa-celebrates-39-freshman.html,1672929000,STORY
fd526c8a-a3df-30fe-9917-e25753838e71,A,2023-1-11,Gold nears 7-month high as Fed minutes indicate slower rate hikes,Investing.com,https://finance.yahoo.com/news/gold-nears-7-month-high-193013494.html,1672860613,STORY
f1d88915-1236-3ff5-b6f7-10b13526a124,A,2023-1-11,"Gold futures tally a 4th straight session gain as the dollar weakens, yields retreat",MarketWatch,https://finance.yahoo.com/m/f1d88915-1236-3ff5-b6f7-10b13526a124/gold-futures-tally-a-4th.html,1672859640,STORY
508fc60b-6d42-3048-a95b-66b2474ecfce,A,2023-1-11,Gold prices kick off 2023 by settling at highest since mid-June,MarketWatch,https://finance.yahoo.com/m/508fc60b-6d42-3048-a95b-66b2474ecfce/gold-prices-kick-off-2023-by.html,1672772460,STORY
7f8cd2fc-d83d-3a50-8604-148e87fcc70d,A,2023-1-12,Gold hits fresh 8-month high ahead of CPI report,MarketWatch,https://finance.yahoo.com/m/7f8cd2fc-d83d-3a50-8604-148e87fcc70d/gold-hits-fresh-8-month-high.html,1673528400,STORY
3cc162b4-5eac-3c7b-a0a9-b05815d82001,A,2023-1-12,Gold touches a fresh 8-month high on China reopening hopes,MarketWatch,https://finance.yahoo.com/m/3cc162b4-5eac-3c7b-a0a9-b05815d82001/gold-touches-a-fresh-8-month.html,1673449500,STORY
917a33d8-7245-3ec3-951f-f1b5eb5af635,A,2023-1-12,Gold prices rise to 8-month high as dollar weakens,MarketWatch,https://finance.yahoo.com/m/917a33d8-7245-3ec3-951f-f1b5eb5af635/gold-prices-rise-to-8-month.html,1673278860,STORY
1ef341ed-9e53-36af-a744-f432ee346ae9,A,2023-1-12,"Gold futures end higher after ‘upbeat’, but ‘not too strong’ U.S. December jobs report",MarketWatch,https://finance.yahoo.com/m/1ef341ed-9e53-36af-a744-f432ee346ae9/gold-futures-end-higher-after.html,1673032020,STORY
9649a162-327d-32ff-b166-3ee00a547fc5,A,2023-1-12,"Gold turns flat before payrolls data, copper cheered by China reopening",Investing.com,https://finance.yahoo.com/news/gold-turns-flat-payrolls-data-195305401.html,1672948385,STORY
a35018e5-ee81-372f-8d10-28fdb6d726fc,A,2023-1-12,Gold prices end lower after a 4-session rise to their highest since June,MarketWatch,https://finance.yahoo.com/m/a35018e5-ee81-372f-8d10-28fdb6d726fc/gold-prices-end-lower-after-a.html,1672945140,STORY
40e5a1fb-4385-3d59-8f72-0ca0f1a8ef1e,A,2023-1-12,RIAA Celebrates 39 Freshman Artists Who Went Gold or Platinum in 2022 — but Gayle Was the Only One to Reach Multiplatinum,Variety,https://finance.yahoo.com/m/40e5a1fb-4385-3d59-8f72-0ca0f1a8ef1e/riaa-celebrates-39-freshman.html,1672929000,STORY
fd526c8a-a3df-30fe-9917-e25753838e71,A,2023-1-12,Gold nears 7-month high as Fed minutes indicate slower rate hikes,Investing.com,https://finance.yahoo.com/news/gold-nears-7-month-high-193013494.html,1672860613,STORY
4aa796af-4822-3748-b328-1bc1c35c85c3,A,2023-1-13,Gold nears 9-month high as rally continues,MarketWatch,https://finance.yahoo.com/m/4aa796af-4822-3748-b328-1bc1c35c85c3/gold-nears-9-month-high-as.html,1673615880,STORY
c127241c-3bf3-3add-9e44-8722b88deb4f,A,2023-1-13,De La Soul finally stream albums after years of legal woes,AFP,https://finance.yahoo.com/m/c127241c-3bf3-3add-9e44-8722b88deb4f/de-la-soul-finally-stream.html,1673578043,STORY
39340fc7-d5bc-30c0-a20f-c61816c078ae,A,2023-1-13,Gold Giant JPMorgan May Move Into Precious Metals Clearing in Zurich,Bloomberg,https://finance.yahoo.com/news/gold-giant-jpmorgan-may-move-163859220.html,1673541539,STORY
dff94816-4b47-3ba1-9f88-c3ca54e81037,A,2023-1-13,20 Biggest Natural Resources Companies in the World,Insider Monkey,https://finance.yahoo.com/news/20-biggest-natural-resources-companies-144253686.html,1673534573,STORY
3cc162b4-5eac-3c7b-a0a9-b05815d82001,A,2023-1-13,Gold touches a fresh 8-month high on China reopening hopes,MarketWatch,https://finance.yahoo.com/m/3cc162b4-5eac-3c7b-a0a9-b05815d82001/gold-touches-a-fresh-8-month.html,1673449500,STORY
917a33d8-7245-3ec3-951f-f1b5eb5af635,A,2023-1-13,Gold prices rise to 8-month high as dollar weakens,MarketWatch,https://finance.yahoo.com/m/917a33d8-7245-3ec3-951f-f1b5eb5af635/gold-prices-rise-to-8-month.html,1673278860,STORY
1ef341ed-9e53-36af-a744-f432ee346ae9,A,2023-1-13,"Gold futures end higher after ‘upbeat’, but ‘not too strong’ U.S. December jobs report",MarketWatch,https://finance.yahoo.com/m/1ef341ed-9e53-36af-a744-f432ee346ae9/gold-futures-end-higher-after.html,1673032020,STORY
9649a162-327d-32ff-b166-3ee00a547fc5,A,2023-1-13,"Gold turns flat before payrolls data, copper cheered by China reopening",Investing.com,https://finance.yahoo.com/news/gold-turns-flat-payrolls-data-195305401.html,1672948385,STORY
4aa796af-4822-3748-b328-1bc1c35c85c3,A,2023-1-14,"Gold prices post a golden cross, settle at highest since April",MarketWatch,https://finance.yahoo.com/m/4aa796af-4822-3748-b328-1bc1c35c85c3/gold-prices-post-a-golden.html,1673637900,STORY
c127241c-3bf3-3add-9e44-8722b88deb4f,A,2023-1-14,De La Soul finally stream albums after years of legal woes,AFP,https://finance.yahoo.com/m/c127241c-3bf3-3add-9e44-8722b88deb4f/de-la-soul-finally-stream.html,1673578043,STORY
39340fc7-d5bc-30c0-a20f-c61816c078ae,A,2023-1-14,Gold Giant JPMorgan May Move Into Precious Metals Clearing in Zurich,Bloomberg,https://finance.yahoo.com/news/gold-giant-jpmorgan-may-move-163859220.html,1673541539,STORY
dff94816-4b47-3ba1-9f88-c3ca54e81037,A,2023-1-14,20 Biggest Natural Resources Companies in the World,Insider Monkey,https://finance.yahoo.com/news/20-biggest-natural-resources-companies-144253686.html,1673534573,STORY
3cc162b4-5eac-3c7b-a0a9-b05815d82001,A,2023-1-14,Gold touches a fresh 8-month high on China reopening hopes,MarketWatch,https://finance.yahoo.com/m/3cc162b4-5eac-3c7b-a0a9-b05815d82001/gold-touches-a-fresh-8-month.html,1673449500,STORY
917a33d8-7245-3ec3-951f-f1b5eb5af635,A,2023-1-14,Gold prices rise to 8-month high as dollar weakens,MarketWatch,https://finance.yahoo.com/m/917a33d8-7245-3ec3-951f-f1b5eb5af635/gold-prices-rise-to-8-month.html,1673278860,STORY
1ef341ed-9e53-36af-a744-f432ee346ae9,A,2023-1-14,"Gold futures end higher after ‘upbeat’, but ‘not too strong’ U.S. December jobs report",MarketWatch,https://finance.yahoo.com/m/1ef341ed-9e53-36af-a744-f432ee346ae9/gold-futures-end-higher-after.html,1673032020,STORY
9649a162-327d-32ff-b166-3ee00a547fc5,A,2023-1-14,"Gold turns flat before payrolls data, copper cheered by China reopening",Investing.com,https://finance.yahoo.com/news/gold-turns-flat-payrolls-data-195305401.html,1672948385,STORY
4aa796af-4822-3748-b328-1bc1c35c85c3,A,2023-1-15,"Gold prices post a golden cross, settle at highest since April",MarketWatch,https://finance.yahoo.com/m/4aa796af-4822-3748-b328-1bc1c35c85c3/gold-prices-post-a-golden.html,1673637900,STORY
c127241c-3bf3-3add-9e44-8722b88deb4f,A,2023-1-15,De La Soul finally stream albums after years of legal woes,AFP,https://finance.yahoo.com/m/c127241c-3bf3-3add-9e44-8722b88deb4f/de-la-soul-finally-stream.html,1673578043,STORY
39340fc7-d5bc-30c0-a20f-c61816c078ae,A,2023-1-15,Gold Giant JPMorgan May Move Into Precious Metals Clearing in Zurich,Bloomberg,https://finance.yahoo.com/news/gold-giant-jpmorgan-may-move-163859220.html,1673541539,STORY
dff94816-4b47-3ba1-9f88-c3ca54e81037,A,2023-1-15,20 Biggest Natural Resources Companies in the World,Insider Monkey,https://finance.yahoo.com/news/20-biggest-natural-resources-companies-144253686.html,1673534573,STORY
3cc162b4-5eac-3c7b-a0a9-b05815d82001,A,2023-1-15,Gold touches a fresh 8-month high on China reopening hopes,MarketWatch,https://finance.yahoo.com/m/3cc162b4-5eac-3c7b-a0a9-b05815d82001/gold-touches-a-fresh-8-month.html,1673449500,STORY
917a33d8-7245-3ec3-951f-f1b5eb5af635,A,2023-1-15,Gold prices rise to 8-month high as dollar weakens,MarketWatch,https://finance.yahoo.com/m/917a33d8-7245-3ec3-951f-f1b5eb5af635/gold-prices-rise-to-8-month.html,1673278860,STORY
1ef341ed-9e53-36af-a744-f432ee346ae9,A,2023-1-15,"Gold futures end higher after ‘upbeat’, but ‘not too strong’ U.S. December jobs report",MarketWatch,https://finance.yahoo.com/m/1ef341ed-9e53-36af-a744-f432ee346ae9/gold-futures-end-higher-after.html,1673032020,STORY
9649a162-327d-32ff-b166-3ee00a547fc5,A,2023-1-15,"Gold turns flat before payrolls data, copper cheered by China reopening",Investing.com,https://finance.yahoo.com/news/gold-turns-flat-payrolls-data-195305401.html,1672948385,STORY
4aa796af-4822-3748-b328-1bc1c35c85c3,A,2023-1-16,"Gold prices post a golden cross, settle at highest since April",MarketWatch,https://finance.yahoo.com/m/4aa796af-4822-3748-b328-1bc1c35c85c3/gold-prices-post-a-golden.html,1673637900,STORY
2036d874-bfaa-34c2-8f05-38d320665631,A,2023-1-16,RENW Fits as Core Component in Energy Transition Portfolios,ETF Trends,https://finance.yahoo.com/news/renw-fits-core-component-energy-163936633.html,1673627976,STORY
c127241c-3bf3-3add-9e44-8722b88deb4f,A,2023-1-16,De La Soul finally stream albums after years of legal woes,AFP,https://finance.yahoo.com/m/c127241c-3bf3-3add-9e44-8722b88deb4f/de-la-soul-finally-stream.html,1673578043,STORY
39340fc7-d5bc-30c0-a20f-c61816c078ae,A,2023-1-16,Gold Giant JPMorgan May Move Into Precious Metals Clearing in Zurich,Bloomberg,https://finance.yahoo.com/news/gold-giant-jpmorgan-may-move-163859220.html,1673541539,STORY
dff94816-4b47-3ba1-9f88-c3ca54e81037,A,2023-1-16,20 Biggest Natural Resources Companies in the World,Insider Monkey,https://finance.yahoo.com/news/20-biggest-natural-resources-companies-144253686.html,1673534573,STORY
3cc162b4-5eac-3c7b-a0a9-b05815d82001,A,2023-1-16,Gold touches a fresh 8-month high on China reopening hopes,MarketWatch,https://finance.yahoo.com/m/3cc162b4-5eac-3c7b-a0a9-b05815d82001/gold-touches-a-fresh-8-month.html,1673449500,STORY
917a33d8-7245-3ec3-951f-f1b5eb5af635,A,2023-1-16,Gold prices rise to 8-month high as dollar weakens,MarketWatch,https://finance.yahoo.com/m/917a33d8-7245-3ec3-951f-f1b5eb5af635/gold-prices-rise-to-8-month.html,1673278860,STORY
1ef341ed-9e53-36af-a744-f432ee346ae9,A,2023-1-16,"Gold futures end higher after ‘upbeat’, but ‘not too strong’ U.S. December jobs report",MarketWatch,https://finance.yahoo.com/m/1ef341ed-9e53-36af-a744-f432ee346ae9/gold-futures-end-higher-after.html,1673032020,STORY
4aa796af-4822-3748-b328-1bc1c35c85c3,A,2023-1-17,"Gold prices post a golden cross, settle at highest since April",MarketWatch,https://finance.yahoo.com/m/4aa796af-4822-3748-b328-1bc1c35c85c3/gold-prices-post-a-golden.html,1673637900,STORY
2036d874-bfaa-34c2-8f05-38d320665631,A,2023-1-17,RENW Fits as Core Component in Energy Transition Portfolios,ETF Trends,https://finance.yahoo.com/news/renw-fits-core-component-energy-163936633.html,1673627976,STORY
c127241c-3bf3-3add-9e44-8722b88deb4f,A,2023-1-17,De La Soul finally stream albums after years of legal woes,AFP,https://finance.yahoo.com/m/c127241c-3bf3-3add-9e44-8722b88deb4f/de-la-soul-finally-stream.html,1673578043,STORY
39340fc7-d5bc-30c0-a20f-c61816c078ae,A,2023-1-17,Gold Giant JPMorgan May Move Into Precious Metals Clearing in Zurich,Bloomberg,https://finance.yahoo.com/news/gold-giant-jpmorgan-may-move-163859220.html,1673541539,STORY
dff94816-4b47-3ba1-9f88-c3ca54e81037,A,2023-1-17,20 Biggest Natural Resources Companies in the World,Insider Monkey,https://finance.yahoo.com/news/20-biggest-natural-resources-companies-144253686.html,1673534573,STORY
3cc162b4-5eac-3c7b-a0a9-b05815d82001,A,2023-1-17,Gold touches a fresh 8-month high on China reopening hopes,MarketWatch,https://finance.yahoo.com/m/3cc162b4-5eac-3c7b-a0a9-b05815d82001/gold-touches-a-fresh-8-month.html,1673449500,STORY
917a33d8-7245-3ec3-951f-f1b5eb5af635,A,2023-1-17,Gold prices rise to 8-month high as dollar weakens,MarketWatch,https://finance.yahoo.com/m/917a33d8-7245-3ec3-951f-f1b5eb5af635/gold-prices-rise-to-8-month.html,1673278860,STORY
1ef341ed-9e53-36af-a744-f432ee346ae9,A,2023-1-17,"Gold futures end higher after ‘upbeat’, but ‘not too strong’ U.S. December jobs report",MarketWatch,https://finance.yahoo.com/m/1ef341ed-9e53-36af-a744-f432ee346ae9/gold-futures-end-higher-after.html,1673032020,STORY
9ed0da7d-aeb9-31af-985e-500a303f150a,A,2023-1-18,Gold settles lower after ending last week at 9-month high,MarketWatch,https://finance.yahoo.com/m/9ed0da7d-aeb9-31af-985e-500a303f150a/gold-settles-lower-after.html,1673982420,STORY
4aa796af-4822-3748-b328-1bc1c35c85c3,A,2023-1-18,"Gold prices post a golden cross, settle at highest since April",MarketWatch,https://finance.yahoo.com/m/4aa796af-4822-3748-b328-1bc1c35c85c3/gold-prices-post-a-golden.html,1673637900,STORY
2036d874-bfaa-34c2-8f05-38d320665631,A,2023-1-18,RENW Fits as Core Component in Energy Transition Portfolios,ETF Trends,https://finance.yahoo.com/news/renw-fits-core-component-energy-163936633.html,1673627976,STORY
c127241c-3bf3-3add-9e44-8722b88deb4f,A,2023-1-18,De La Soul finally stream albums after years of legal woes,AFP,https://finance.yahoo.com/m/c127241c-3bf3-3add-9e44-8722b88deb4f/de-la-soul-finally-stream.html,1673578043,STORY
39340fc7-d5bc-30c0-a20f-c61816c078ae,A,2023-1-18,Gold Giant JPMorgan May Move Into Precious Metals Clearing in Zurich,Bloomberg,https://finance.yahoo.com/news/gold-giant-jpmorgan-may-move-163859220.html,1673541539,STORY
dff94816-4b47-3ba1-9f88-c3ca54e81037,A,2023-1-18,20 Biggest Natural Resources Companies in the World,Insider Monkey,https://finance.yahoo.com/news/20-biggest-natural-resources-companies-144253686.html,1673534573,STORY
3cc162b4-5eac-3c7b-a0a9-b05815d82001,A,2023-1-18,Gold touches a fresh 8-month high on China reopening hopes,MarketWatch,https://finance.yahoo.com/m/3cc162b4-5eac-3c7b-a0a9-b05815d82001/gold-touches-a-fresh-8-month.html,1673449500,STORY
917a33d8-7245-3ec3-951f-f1b5eb5af635,A,2023-1-18,Gold prices rise to 8-month high as dollar weakens,MarketWatch,https://finance.yahoo.com/m/917a33d8-7245-3ec3-951f-f1b5eb5af635/gold-prices-rise-to-8-month.html,1673278860,STORY
867bbe4b-595f-3a43-907b-2de21619065f,A,2023-1-19,Gold steadies below 9-month high,MarketWatch,https://finance.yahoo.com/m/867bbe4b-595f-3a43-907b-2de21619065f/gold-steadies-below-9-month.html,1674131220,STORY
eb440646-54a7-3d4d-a799-96b1a479e315,A,2023-1-19,Analyst Report: Anglo American plc,Morningstar Research,https://finance.yahoo.com/m/eb440646-54a7-3d4d-a799-96b1a479e315/analyst-report%3A-anglo.html,1674103758,STORY
f2f19fe6-aacc-3177-b6f1-e9b5eed8afa4,A,2023-1-19,"Valentine's Day 2023 jewelry gift guide: Gold, diamonds and more bling to melt their heart",USA TODAY,https://finance.yahoo.com/m/f2f19fe6-aacc-3177-b6f1-e9b5eed8afa4/valentine%27s-day-2023-jewelry.html,1674084829,STORY
7250e03d-a8fb-31d4-bc82-564067c8c490,A,2023-1-19,"Gold muted amid recession uncertainty, China optimism buoys copper",Investing.com,https://finance.yahoo.com/news/gold-muted-amid-recession-uncertainty-193521317.html,1674070521,STORY
7aa8c5ae-95aa-3016-b413-e6c49861234e,A,2023-1-19,"Platinum: Rarer Than Gold, Looking to Shine",ETF.com,https://finance.yahoo.com/news/platinum-rarer-gold-looking-shine-141500732.html,1674051300,STORY
9ed0da7d-aeb9-31af-985e-500a303f150a,A,2023-1-19,Gold settles lower after ending last week at 9-month high,MarketWatch,https://finance.yahoo.com/m/9ed0da7d-aeb9-31af-985e-500a303f150a/gold-settles-lower-after.html,1673982420,STORY
4aa796af-4822-3748-b328-1bc1c35c85c3,A,2023-1-19,"Gold prices post a golden cross, settle at highest since April",MarketWatch,https://finance.yahoo.com/m/4aa796af-4822-3748-b328-1bc1c35c85c3/gold-prices-post-a-golden.html,1673637900,STORY
2036d874-bfaa-34c2-8f05-38d320665631,A,2023-1-19,RENW Fits as Core Component in Energy Transition Portfolios,ETF Trends,https://finance.yahoo.com/news/renw-fits-core-component-energy-163936633.html,1673627976,STORY
580bfacb-58cd-31e2-9f5c-06bca6a95561,A,2023-1-20,"Gold ticks higher, heading for 5th straight weekly advance",MarketWatch,https://finance.yahoo.com/m/580bfacb-58cd-31e2-9f5c-06bca6a95561/gold-ticks-higher%2C-heading.html,1674219180,STORY
867bbe4b-595f-3a43-907b-2de21619065f,A,2023-1-20,Gold prices end at highest since April after back-to-back losses,MarketWatch,https://finance.yahoo.com/m/867bbe4b-595f-3a43-907b-2de21619065f/gold-prices-end-at-highest.html,1674155400,STORY
eb440646-54a7-3d4d-a799-96b1a479e315,A,2023-1-20,Analyst Report: Anglo American plc,Morningstar Research,https://finance.yahoo.com/m/eb440646-54a7-3d4d-a799-96b1a479e315/analyst-report%3A-anglo.html,1674103758,STORY
f2f19fe6-aacc-3177-b6f1-e9b5eed8afa4,A,2023-1-20,"Valentine's Day 2023 jewelry gift guide: Gold, diamonds and more bling to melt their heart",USA TODAY,https://finance.yahoo.com/m/f2f19fe6-aacc-3177-b6f1-e9b5eed8afa4/valentine%27s-day-2023-jewelry.html,1674084829,STORY
7250e03d-a8fb-31d4-bc82-564067c8c490,A,2023-1-20,"Gold muted amid recession uncertainty, China optimism buoys copper",Investing.com,https://finance.yahoo.com/news/gold-muted-amid-recession-uncertainty-193521317.html,1674070521,STORY
7aa8c5ae-95aa-3016-b413-e6c49861234e,A,2023-1-20,"Platinum: Rarer Than Gold, Looking to Shine",ETF.com,https://finance.yahoo.com/news/platinum-rarer-gold-looking-shine-141500732.html,1674051300,STORY
9ed0da7d-aeb9-31af-985e-500a303f150a,A,2023-1-20,Gold settles lower after ending last week at 9-month high,MarketWatch,https://finance.yahoo.com/m/9ed0da7d-aeb9-31af-985e-500a303f150a/gold-settles-lower-after.html,1673982420,STORY
4aa796af-4822-3748-b328-1bc1c35c85c3,A,2023-1-20,"Gold prices post a golden cross, settle at highest since April",MarketWatch,https://finance.yahoo.com/m/4aa796af-4822-3748-b328-1bc1c35c85c3/gold-prices-post-a-golden.html,1673637900,STORY
580bfacb-58cd-31e2-9f5c-06bca6a95561,A,2023-1-21,"Gold ends higher, tallies 5th straight weekly advance",MarketWatch,https://finance.yahoo.com/m/580bfacb-58cd-31e2-9f5c-06bca6a95561/gold-ends-higher%2C-tallies-5th.html,1674242280,STORY
867bbe4b-595f-3a43-907b-2de21619065f,A,2023-1-21,Gold prices end at highest since April after back-to-back losses,MarketWatch,https://finance.yahoo.com/m/867bbe4b-595f-3a43-907b-2de21619065f/gold-prices-end-at-highest.html,1674155400,STORY
f2f19fe6-aacc-3177-b6f1-e9b5eed8afa4,A,2023-1-21,"Valentine's Day 2023 jewelry gift guide: Gold, diamonds and more bling to melt their heart",USA TODAY,https://finance.yahoo.com/m/f2f19fe6-aacc-3177-b6f1-e9b5eed8afa4/valentine%27s-day-2023-jewelry.html,1674084829,STORY
7250e03d-a8fb-31d4-bc82-564067c8c490,A,2023-1-21,"Gold muted amid recession uncertainty, China optimism buoys copper",Investing.com,https://finance.yahoo.com/news/gold-muted-amid-recession-uncertainty-193521317.html,1674070521,STORY
7aa8c5ae-95aa-3016-b413-e6c49861234e,A,2023-1-21,"Platinum: Rarer Than Gold, Looking to Shine",ETF.com,https://finance.yahoo.com/news/platinum-rarer-gold-looking-shine-141500732.html,1674051300,STORY
9ed0da7d-aeb9-31af-985e-500a303f150a,A,2023-1-21,Gold settles lower after ending last week at 9-month high,MarketWatch,https://finance.yahoo.com/m/9ed0da7d-aeb9-31af-985e-500a303f150a/gold-settles-lower-after.html,1673982420,STORY
4aa796af-4822-3748-b328-1bc1c35c85c3,A,2023-1-21,"Gold prices post a golden cross, settle at highest since April",MarketWatch,https://finance.yahoo.com/m/4aa796af-4822-3748-b328-1bc1c35c85c3/gold-prices-post-a-golden.html,1673637900,STORY
2036d874-bfaa-34c2-8f05-38d320665631,A,2023-1-21,RENW Fits as Core Component in Energy Transition Portfolios,ETF Trends,https://finance.yahoo.com/news/renw-fits-core-component-energy-163936633.html,1673627976,STORY
580bfacb-58cd-31e2-9f5c-06bca6a95561,A,2023-1-22,"Gold ends higher, tallies 5th straight weekly advance",MarketWatch,https://finance.yahoo.com/m/580bfacb-58cd-31e2-9f5c-06bca6a95561/gold-ends-higher%2C-tallies-5th.html,1674242280,STORY
867bbe4b-595f-3a43-907b-2de21619065f,A,2023-1-22,Gold prices end at highest since April after back-to-back losses,MarketWatch,https://finance.yahoo.com/m/867bbe4b-595f-3a43-907b-2de21619065f/gold-prices-end-at-highest.html,1674155400,STORY
f2f19fe6-aacc-3177-b6f1-e9b5eed8afa4,A,2023-1-22,"Valentine's Day 2023 jewelry gift guide: Gold, diamonds and more bling to melt their heart",USA TODAY,https://finance.yahoo.com/m/f2f19fe6-aacc-3177-b6f1-e9b5eed8afa4/valentine%27s-day-2023-jewelry.html,1674084829,STORY
7250e03d-a8fb-31d4-bc82-564067c8c490,A,2023-1-22,"Gold muted amid recession uncertainty, China optimism buoys copper",Investing.com,https://finance.yahoo.com/news/gold-muted-amid-recession-uncertainty-193521317.html,1674070521,STORY
7aa8c5ae-95aa-3016-b413-e6c49861234e,A,2023-1-22,"Platinum: Rarer Than Gold, Looking to Shine",ETF.com,https://finance.yahoo.com/news/platinum-rarer-gold-looking-shine-141500732.html,1674051300,STORY
9ed0da7d-aeb9-31af-985e-500a303f150a,A,2023-1-22,Gold settles lower after ending last week at 9-month high,MarketWatch,https://finance.yahoo.com/m/9ed0da7d-aeb9-31af-985e-500a303f150a/gold-settles-lower-after.html,1673982420,STORY
4aa796af-4822-3748-b328-1bc1c35c85c3,A,2023-1-22,"Gold prices post a golden cross, settle at highest since April",MarketWatch,https://finance.yahoo.com/m/4aa796af-4822-3748-b328-1bc1c35c85c3/gold-prices-post-a-golden.html,1673637900,STORY
2036d874-bfaa-34c2-8f05-38d320665631,A,2023-1-22,RENW Fits as Core Component in Energy Transition Portfolios,ETF Trends,https://finance.yahoo.com/news/renw-fits-core-component-energy-163936633.html,1673627976,STORY
0729efeb-9691-3556-9fa7-6072bc710e57,A,2023-1-23,Gold prices eye 9-month high as markets mull over U.S. recession,Investing.com,https://finance.yahoo.com/news/gold-prices-eye-9-month-200807933.html,1674418087,STORY
580bfacb-58cd-31e2-9f5c-06bca6a95561,A,2023-1-23,"Gold ends higher, tallies 5th straight weekly advance",MarketWatch,https://finance.yahoo.com/m/580bfacb-58cd-31e2-9f5c-06bca6a95561/gold-ends-higher%2C-tallies-5th.html,1674242280,STORY
867bbe4b-595f-3a43-907b-2de21619065f,A,2023-1-23,Gold prices end at highest since April after back-to-back losses,MarketWatch,https://finance.yahoo.com/m/867bbe4b-595f-3a43-907b-2de21619065f/gold-prices-end-at-highest.html,1674155400,STORY
f2f19fe6-aacc-3177-b6f1-e9b5eed8afa4,A,2023-1-23,"Valentine's Day 2023 jewelry gift guide: Gold, diamonds and more bling to melt their heart",USA TODAY,https://finance.yahoo.com/m/f2f19fe6-aacc-3177-b6f1-e9b5eed8afa4/valentine%27s-day-2023-jewelry.html,1674084829,STORY
7250e03d-a8fb-31d4-bc82-564067c8c490,A,2023-1-23,"Gold muted amid recession uncertainty, China optimism buoys copper",Investing.com,https://finance.yahoo.com/news/gold-muted-amid-recession-uncertainty-193521317.html,1674070521,STORY
7aa8c5ae-95aa-3016-b413-e6c49861234e,A,2023-1-23,"Platinum: Rarer Than Gold, Looking to Shine",ETF.com,https://finance.yahoo.com/news/platinum-rarer-gold-looking-shine-141500732.html,1674051300,STORY
9ed0da7d-aeb9-31af-985e-500a303f150a,A,2023-1-23,Gold settles lower after ending last week at 9-month high,MarketWatch,https://finance.yahoo.com/m/9ed0da7d-aeb9-31af-985e-500a303f150a/gold-settles-lower-after.html,1673982420,STORY
4aa796af-4822-3748-b328-1bc1c35c85c3,A,2023-1-23,"Gold prices post a golden cross, settle at highest since April",MarketWatch,https://finance.yahoo.com/m/4aa796af-4822-3748-b328-1bc1c35c85c3/gold-prices-post-a-golden.html,1673637900,STORY
a97d0914-7eac-3ce8-9314-66cb10f4bb64,A,2023-1-24,Gold edges higher to hold at highest finish since April,MarketWatch,https://finance.yahoo.com/m/a97d0914-7eac-3ce8-9314-66cb10f4bb64/gold-edges-higher-to-hold-at.html,1674501120,STORY
0729efeb-9691-3556-9fa7-6072bc710e57,A,2023-1-24,Gold prices eye 9-month high as markets mull over U.S. recession,Investing.com,https://finance.yahoo.com/news/gold-prices-eye-9-month-200807933.html,1674418087,STORY
580bfacb-58cd-31e2-9f5c-06bca6a95561,A,2023-1-24,"Gold ends higher, tallies 5th straight weekly advance",MarketWatch,https://finance.yahoo.com/m/580bfacb-58cd-31e2-9f5c-06bca6a95561/gold-ends-higher%2C-tallies-5th.html,1674242280,STORY
867bbe4b-595f-3a43-907b-2de21619065f,A,2023-1-24,Gold prices end at highest since April after back-to-back losses,MarketWatch,https://finance.yahoo.com/m/867bbe4b-595f-3a43-907b-2de21619065f/gold-prices-end-at-highest.html,1674155400,STORY
f2f19fe6-aacc-3177-b6f1-e9b5eed8afa4,A,2023-1-24,"Valentine's Day 2023 jewelry gift guide: Gold, diamonds and more bling to melt their heart",USA TODAY,https://finance.yahoo.com/m/f2f19fe6-aacc-3177-b6f1-e9b5eed8afa4/valentine%27s-day-2023-jewelry.html,1674084829,STORY
7250e03d-a8fb-31d4-bc82-564067c8c490,A,2023-1-24,"Gold muted amid recession uncertainty, China optimism buoys copper",Investing.com,https://finance.yahoo.com/news/gold-muted-amid-recession-uncertainty-193521317.html,1674070521,STORY
7aa8c5ae-95aa-3016-b413-e6c49861234e,A,2023-1-24,"Platinum: Rarer Than Gold, Looking to Shine",ETF.com,https://finance.yahoo.com/news/platinum-rarer-gold-looking-shine-141500732.html,1674051300,STORY
9ed0da7d-aeb9-31af-985e-500a303f150a,A,2023-1-24,Gold settles lower after ending last week at 9-month high,MarketWatch,https://finance.yahoo.com/m/9ed0da7d-aeb9-31af-985e-500a303f150a/gold-settles-lower-after.html,1673982420,STORY
08f0fcc3-a30f-3e2d-90f9-b0fa00ac57c0,A,2023-1-25,"First Mode, Anglo American wrap up $1.5B transaction for zero-emission mining",GeekWire,https://finance.yahoo.com/news/first-mode-anglo-american-wrap-013843020.html,1674610723,STORY
5051df6d-968f-323b-b7f0-457e307c9701,A,2023-1-25,"Gold sticks to 9-mth high amid recession concerns, copper advances",Investing.com,https://finance.yahoo.com/news/gold-sticks-9-mth-high-205012569.html,1674593412,STORY
f2f19fe6-aacc-3177-b6f1-e9b5eed8afa4,A,2023-1-25,"Valentine's Day 2023 jewelry gift guide: Gold, diamonds and more bling to melt their heart",USA TODAY,https://finance.yahoo.com/m/f2f19fe6-aacc-3177-b6f1-e9b5eed8afa4/valentine%27s-day-2023-jewelry.html,1674592821,STORY
63e8e8d7-e1d0-31d7-8f5c-e232121ef009,A,2023-1-25,Gold ends at a fresh 9-month high as inflation wanes,MarketWatch,https://finance.yahoo.com/m/63e8e8d7-e1d0-31d7-8f5c-e232121ef009/gold-ends-at-a-fresh-9-month.html,1674587100,STORY
a97d0914-7eac-3ce8-9314-66cb10f4bb64,A,2023-1-25,Gold edges higher to hold at highest finish since April,MarketWatch,https://finance.yahoo.com/m/a97d0914-7eac-3ce8-9314-66cb10f4bb64/gold-edges-higher-to-hold-at.html,1674501120,STORY
0729efeb-9691-3556-9fa7-6072bc710e57,A,2023-1-25,Gold prices eye 9-month high as markets mull over U.S. recession,Investing.com,https://finance.yahoo.com/news/gold-prices-eye-9-month-200807933.html,1674418087,STORY
580bfacb-58cd-31e2-9f5c-06bca6a95561,A,2023-1-25,"Gold ends higher, tallies 5th straight weekly advance",MarketWatch,https://finance.yahoo.com/m/580bfacb-58cd-31e2-9f5c-06bca6a95561/gold-ends-higher%2C-tallies-5th.html,1674242280,STORY
867bbe4b-595f-3a43-907b-2de21619065f,A,2023-1-25,Gold prices end at highest since April after back-to-back losses,MarketWatch,https://finance.yahoo.com/m/867bbe4b-595f-3a43-907b-2de21619065f/gold-prices-end-at-highest.html,1674155400,STORY
48f0ab40-3b54-3672-a60f-50cd0a707571,A,2023-1-26,Gold pulls back from 9-month high ahead of GDP report,MarketWatch,https://finance.yahoo.com/m/48f0ab40-3b54-3672-a60f-50cd0a707571/gold-pulls-back-from-9-month.html,1674738540,STORY
554425b1-decd-3ded-8d83-41b719569d8f,A,2023-1-26,Gold Prices Buoyed by Rally as Investors Get on Board,The Wall Street Journal,https://finance.yahoo.com/m/554425b1-decd-3ded-8d83-41b719569d8f/gold-prices-buoyed-by-rally.html,1674729000,STORY
d0b3211a-18aa-3d75-bc6a-441b54d4e1a3,A,2023-1-26,South Africa’s Blackouts Threaten Platinum Supply in Top Miner,Bloomberg,https://finance.yahoo.com/news/south-africa-blackouts-threaten-platinum-050000031.html,1674723711,STORY
9981f5e3-e9f8-39e3-b51e-f538fe3535af,A,2023-1-26,Gold prices tally a fifth straight session gain,MarketWatch,https://finance.yahoo.com/m/9981f5e3-e9f8-39e3-b51e-f538fe3535af/gold-prices-tally-a-fifth.html,1674673140,STORY
054afbd3-7a2d-3cb0-a681-d3ed9f44b097,A,2023-1-26,"Valentine's Day 2023 jewelry gift guide: Gold, diamonds and more to melt their heart",USA TODAY,https://finance.yahoo.com/m/054afbd3-7a2d-3cb0-a681-d3ed9f44b097/valentine%27s-day-2023-jewelry.html,1674664278,STORY
f2f19fe6-aacc-3177-b6f1-e9b5eed8afa4,A,2023-1-26,"Valentine's Day 2023 jewelry gift guide: Gold, diamonds and more bling to melt their heart",USA TODAY,https://finance.yahoo.com/m/f2f19fe6-aacc-3177-b6f1-e9b5eed8afa4/valentine%27s-day-2023-jewelry.html,1674659838,STORY
08f0fcc3-a30f-3e2d-90f9-b0fa00ac57c0,A,2023-1-26,"First Mode, Anglo American wrap up $1.5B transaction for zero-emission mining",GeekWire,https://finance.yahoo.com/news/first-mode-anglo-american-wrap-013843020.html,1674610723,STORY
5051df6d-968f-323b-b7f0-457e307c9701,A,2023-1-26,"Gold sticks to 9-mth high amid recession concerns, copper advances",Investing.com,https://finance.yahoo.com/news/gold-sticks-9-mth-high-205012569.html,1674593412,STORY
2d4dc8fd-caf4-3a64-99f5-b8508d73acaa,A,2023-1-27,"Gold hovers around $1,930, set for muted week ahead of PCE inflation",Investing.com,https://finance.yahoo.com/news/gold-hovers-around-1-930-210723086.html,1674767243,STORY
c5ce7b98-0540-30fb-af5a-0d8e3a0d5948,A,2023-1-27,Should You Get a Gold IRA?,Investopedia,https://finance.yahoo.com/m/c5ce7b98-0540-30fb-af5a-0d8e3a0d5948/should-you-get-a-gold-ira%3F.html,1674762693,STORY
48f0ab40-3b54-3672-a60f-50cd0a707571,A,2023-1-27,Gold futures mark first fall in 6 sessions after a stronger-than-expected GDP report,MarketWatch,https://finance.yahoo.com/m/48f0ab40-3b54-3672-a60f-50cd0a707571/gold-futures-mark-first-fall.html,1674760200,STORY
57271ebf-eeff-340c-80dd-b111357b2f18,A,2023-1-27,Valero Can Keep Pumping Profits,The Wall Street Journal,https://finance.yahoo.com/m/57271ebf-eeff-340c-80dd-b111357b2f18/valero-can-keep-pumping.html,1674756600,STORY
554425b1-decd-3ded-8d83-41b719569d8f,A,2023-1-27,Gold Prices Buoyed by Rally as Investors Get on Board,The Wall Street Journal,https://finance.yahoo.com/m/554425b1-decd-3ded-8d83-41b719569d8f/gold-prices-buoyed-by-rally.html,1674729000,STORY
d0b3211a-18aa-3d75-bc6a-441b54d4e1a3,A,2023-1-27,South Africa’s Blackouts Threaten Platinum Supply in Top Miner,Bloomberg,https://finance.yahoo.com/news/south-africa-blackouts-threaten-platinum-050000031.html,1674723711,STORY
9981f5e3-e9f8-39e3-b51e-f538fe3535af,A,2023-1-27,Gold prices tally a fifth straight session gain,MarketWatch,https://finance.yahoo.com/m/9981f5e3-e9f8-39e3-b51e-f538fe3535af/gold-prices-tally-a-fifth.html,1674673140,STORY
054afbd3-7a2d-3cb0-a681-d3ed9f44b097,A,2023-1-27,"Valentine's Day 2023 jewelry gift guide: Gold, diamonds and more to melt their heart",USA TODAY,https://finance.yahoo.com/m/054afbd3-7a2d-3cb0-a681-d3ed9f44b097/valentine%27s-day-2023-jewelry.html,1674664278,STORY
73aa4857-7e0f-3299-860f-51b892f4632f,A,2023-1-28,Scotty James wins fifth X Games snowboard halfpipe title,NBC Sports,https://finance.yahoo.com/m/73aa4857-7e0f-3299-860f-51b892f4632f/scotty-james-wins-fifth-x.html,1674880942,STORY
b6aa1e60-2569-30f2-b1a0-c7949d784739,A,2023-1-28,"In Brazil's Amazon, malnourished Yanomami children get needed care",AFP,https://finance.yahoo.com/m/b6aa1e60-2569-30f2-b1a0-c7949d784739/in-brazil%27s-amazon%2C.html,1674871035,STORY
5007f994-e69d-3275-b769-b8aa8af4327b,A,2023-1-28,Barrick Gold (GOLD) Stock Sinks As Market Gains: What You Should Know,Zacks,https://finance.yahoo.com/news/barrick-gold-gold-stock-sinks-224510725.html,1674859510,STORY
c3783361-cd4d-37e1-a4e6-6d0052ddd0e1,A,2023-1-28,"Crypto Markets Today: Bitcoin Holds Steady Above $23K, White House Urges Congress to 'Step Up' Crypto Regulation",CoinDesk,https://finance.yahoo.com/news/crypto-markets-today-bitcoin-holds-221059076.html,1674857459,STORY
21398b0c-9fde-3d19-8d24-bc6941c0e07e,A,2023-1-28,"GLOBAL MARKETS-Stocks, dollar gain on allure of Fed soft landing",Reuters,https://finance.yahoo.com/news/global-markets-stocks-dollar-gain-212748660.html,1674854868,STORY
11e47b70-e58f-3d0a-84f8-c14d845dce4b,A,2023-1-28,Better Policy Can Turn NFTs Into an Intellectual Property Powerhouse,CoinDesk,https://finance.yahoo.com/news/better-policy-turn-nfts-intellectual-205739939.html,1674853059,STORY
a46e8686-6b9c-3891-8fce-2cca1c85ede9,A,2023-1-28,"GLOBAL MARKETS-Stocks, dollar edge up on Fed soft landing hopes",Reuters,https://finance.yahoo.com/news/global-markets-stocks-dollar-edge-195858162.html,1674849538,STORY
971efe38-c0a8-305d-8669-40a16514cb71,A,2023-1-28,Gold futures slip but tally a gain for a sixth consecutive week,MarketWatch,https://finance.yahoo.com/m/971efe38-c0a8-305d-8669-40a16514cb71/gold-futures-slip-but-tally-a.html,1674846360,STORY
04886542-d991-3609-9835-752f37823253,A,2023-1-29,Energy & precious metals - weekly review and outlook,Investing.com,https://finance.yahoo.com/news/energy-precious-metals-weekly-review-060341981.html,1674972221,STORY
d08cc4bb-59e7-38b6-a169-af4c14683942,A,2023-1-29,"Gaon Choi breaks Chloe Kim record, youngest X Games snowboard halfpipe champion",NBC Sports,https://finance.yahoo.com/m/d08cc4bb-59e7-38b6-a169-af4c14683942/gaon-choi-breaks-chloe-kim.html,1674942316,STORY
23b092ef-b8ba-3c34-aa3a-1ce11bb5196f,A,2023-1-29,"Madison Chock, Evan Bates win historic U.S. ice dance title for figure skaters in their 30s",NBC Sports,https://finance.yahoo.com/m/23b092ef-b8ba-3c34-aa3a-1ce11bb5196f/madison-chock%2C-evan-bates-win.html,1674941339,STORY
73aa4857-7e0f-3299-860f-51b892f4632f,A,2023-1-29,Scotty James wins fifth X Games snowboard halfpipe title,NBC Sports,https://finance.yahoo.com/m/73aa4857-7e0f-3299-860f-51b892f4632f/scotty-james-wins-fifth-x.html,1674880942,STORY
b6aa1e60-2569-30f2-b1a0-c7949d784739,A,2023-1-29,"In Brazil's Amazon, malnourished Yanomami children get needed care",AFP,https://finance.yahoo.com/m/b6aa1e60-2569-30f2-b1a0-c7949d784739/in-brazil%27s-amazon%2C.html,1674871035,STORY
5007f994-e69d-3275-b769-b8aa8af4327b,A,2023-1-29,Barrick Gold (GOLD) Stock Sinks As Market Gains: What You Should Know,Zacks,https://finance.yahoo.com/news/barrick-gold-gold-stock-sinks-224510725.html,1674859510,STORY
c3783361-cd4d-37e1-a4e6-6d0052ddd0e1,A,2023-1-29,"Crypto Markets Today: Bitcoin Holds Steady Above $23K, White House Urges Congress to 'Step Up' Crypto Regulation",CoinDesk,https://finance.yahoo.com/news/crypto-markets-today-bitcoin-holds-221059076.html,1674857459,STORY
21398b0c-9fde-3d19-8d24-bc6941c0e07e,A,2023-1-29,"GLOBAL MARKETS-Stocks, dollar gain on allure of Fed soft landing",Reuters,https://finance.yahoo.com/news/global-markets-stocks-dollar-gain-212748660.html,1674854868,STORY
95731dcf-cb21-3f32-a883-c7dfc96bc915,A,2023-1-30,GLOBAL MARKETS-Shares and bonds nervy as rate-hike week looms,Reuters,https://finance.yahoo.com/news/global-markets-shares-bonds-nervy-121336877.html,1675080816,STORY
ab76a8b0-5cb3-35df-b707-3dd544057dcf,A,2023-1-30,CANADA STOCKS-TSX futures dip as commodity prices fall,Reuters,https://finance.yahoo.com/news/canada-stocks-tsx-futures-dip-120131469.html,1675080091,STORY
ec79ad15-a3ef-3133-805a-524fa18f5a8e,A,2023-1-30,"Deflationary Ether Is Underperforming Bitcoin, Here are 3 Reasons Why",CoinDesk,https://finance.yahoo.com/news/deflationary-ether-underperforming-bitcoin-3-111043744.html,1675077043,STORY
b9821fc3-edd0-3319-9c2f-70da79376659,A,2023-1-30,GLOBAL MARKETS-Shares shaky as rate-hike week looms,Reuters,https://finance.yahoo.com/news/global-markets-shares-shaky-rate-091923403.html,1675070363,STORY
0d478656-5423-32fe-8d72-a5ad62445f4d,A,2023-1-30,"GLOBAL MARKETS-Asia shares turn cagey as rate hikes, earnings loom",Reuters,https://finance.yahoo.com/news/global-markets-asia-shares-turn-042659414.html,1675052819,STORY
9c43fa40-ed5d-346a-a0dd-22c1dbead69e,A,2023-1-30,"GLOBAL MARKETS-Asia shares welcome China back, ready for rate hikes",Reuters,https://finance.yahoo.com/news/global-markets-asia-shares-welcome-023025980.html,1675045825,STORY
a9c034d1-24de-3b69-8015-c610cd04e853,A,2023-1-30,Mark McMorris breaks Winter X Games medals record; David Wise wins first title in 5 years,NBC Sports,https://finance.yahoo.com/m/a9c034d1-24de-3b69-8015-c610cd04e853/mark-mcmorris-breaks-winter-x.html,1675045679,STORY
9975dcdf-8a1c-3d7d-a533-8f420321d72b,A,2023-1-30,First Mover Asia: Amazon’s Web3 Foray Will Be a Compliance Nightmare; Bitcoin Tops $23.9K,CoinDesk,https://finance.yahoo.com/news/first-mover-asia-amazon-web3-010108734.html,1675040468,STORY
0b0c2f9b-fcf8-3a33-8a64-98683986644c,A,2023-1-31,GLOBAL MARKETS-World stocks waver as investors catch central bank jitters,Reuters,https://finance.yahoo.com/news/global-markets-world-stocks-waver-123850121.html,1675168730,STORY
49d2e103-ae91-3f74-903c-65cb0c717efa,A,2023-1-31,"Fed Preview: Powell to Trigger 'Healthy Pullback' in Bitcoin, Experts Say",CoinDesk,https://finance.yahoo.com/news/fed-preview-powell-trigger-healthy-121521412.html,1675167321,STORY
7db9566c-87f1-3c6a-bf15-9a88966d3ce1,A,2023-1-31,CANADA STOCKS-TSX futures fall as commodity prices slip,Reuters,https://finance.yahoo.com/news/canada-stocks-tsx-futures-fall-113013880.html,1675164613,STORY
b6025e73-10f3-3df1-9963-c8f0b24ffdf6,A,2023-1-31,High interest rates to hold back gold's rally: Reuters poll,Reuters,https://finance.yahoo.com/news/high-interest-rates-hold-back-103622547.html,1675161382,STORY
5880ec23-e06d-3566-b21b-85df23a43ca9,A,2023-1-31,Squeezed mining companies face growth dilemma,Reuters,https://finance.yahoo.com/news/squeezed-mining-companies-face-growth-061728609.html,1675145848,STORY
1bbd43ee-c75f-32f9-9f8e-fc86d4f6ff1d,A,2023-1-31,"Central banks bought the most gold since 1967 last year, WGC says",Reuters,https://finance.yahoo.com/news/central-banks-bought-most-gold-061619805.html,1675145779,STORY
5c748b35-8099-3574-bfc1-ccd1018d5f2b,A,2023-1-31,‘Colossal’ central bank buying drives gold demand to decade high,Financial Times,https://finance.yahoo.com/m/5c748b35-8099-3574-bfc1-ccd1018d5f2b/%E2%80%98colossal%E2%80%99-central-bank.html,1675144836,STORY
e85e1e33-0717-334b-9784-7f7ddb2a0b6b,A,2023-1-31,"Gold in 2022 saw its strongest annual demand in more than a decade, report finds",MarketWatch,https://finance.yahoo.com/m/e85e1e33-0717-334b-9784-7f7ddb2a0b6b/gold-in-2022-saw-its.html,1675144800,STORY
cf2718e7-4c33-336b-a356-1d60ce83d9d1,A,2023-2-1,"GLOBAL MARKETS-Stocks rise, dollar retreats ahead of Fed decision",Reuters,https://finance.yahoo.com/news/global-markets-stocks-rise-dollar-131731236.html,1675257451,STORY
9e86e34d-6d7e-304b-8af5-8ca84b46cc77,A,2023-2-1,Here’s How Much Jennifer Aniston and Other Actors Get Paid for Their Reruns,GOBankingRates,https://finance.yahoo.com/news/much-jennifer-aniston-other-actors-140042941.html,1675256428,STORY
519c94f8-0ffb-3d19-a726-dfa9d6dcc8ac,A,2023-2-1,CANADA STOCKS-TSX futures slip ahead of Fed rate decision,Reuters,https://finance.yahoo.com/news/canada-stocks-tsx-futures-slip-120837200.html,1675253317,STORY
e8d3b649-efdd-3a8b-ac68-52cc2b389ca0,A,2023-2-1,"GLOBAL MARKETS-Stocks firm, dollar retreats ahead of Fed decision",Reuters,https://finance.yahoo.com/news/global-markets-stocks-firm-dollar-101703957.html,1675246623,STORY
6ab31640-e2b9-3dab-afdb-3278347d9c47,A,2023-2-1,My Big Coin Founder Gets 8-Year Jail Sentence for Fraud,CoinDesk,https://finance.yahoo.com/news/big-coin-founder-gets-8-093854449.html,1675244334,STORY
f58cd769-34a1-341e-a622-74cee6956426,A,2023-2-1,ARK Invest Maintains Prediction That Bitcoin Prices Will hit $1M by 2030,CoinDesk,https://finance.yahoo.com/news/ark-invest-maintains-prediction-bitcoin-092711367.html,1675243631,STORY
e4a8389f-452e-30d1-92f4-275eb037c27c,A,2023-2-1,Gold Is Gaining Ground. Here’s How to Play It.,Barrons.com,https://finance.yahoo.com/m/e4a8389f-452e-30d1-92f4-275eb037c27c/gold-is-gaining-ground..html,1675238400,STORY
b4ed7038-47cf-3d8c-bf3c-5a4854324c6d,A,2023-2-1,"GLOBAL MARKETS-Stocks firm, dollar on edge ahead of Fed decision",Reuters,https://finance.yahoo.com/news/global-markets-stocks-firm-dollar-050403147.html,1675227843,STORY
27479e07-a90b-327d-9910-7c10046f662e,A,2023-2-2,Burkina urges 'federation' with Mali for joint clout,AFP,https://finance.yahoo.com/m/27479e07-a90b-327d-9910-7c10046f662e/burkina-urges-%27federation%27.html,1675333481,STORY
280614fe-9e89-3402-905c-414ebaf6f7db,A,2023-2-2,Bank of America’s Veteran Mining Head Omar Davis to Retire,Bloomberg,https://finance.yahoo.com/news/bank-america-veteran-mining-head-100104202.html,1675332064,STORY
117263b1-482f-3cd4-9d20-3af140997ee1,A,2023-2-2,Silver Is Outpacing Gold. That’s a Good Sign for the Global Economy.,Barrons.com,https://finance.yahoo.com/m/117263b1-482f-3cd4-9d20-3af140997ee1/silver-is-outpacing-gold..html,1675326600,STORY
c86e6001-626c-3c50-81c0-b9922464434a,A,2023-2-2,Anglo American production climbs 10%,MarketWatch,https://finance.yahoo.com/m/c86e6001-626c-3c50-81c0-b9922464434a/anglo-american-production.html,1675323960,STORY
8b26a669-1fc1-3943-b0bd-b8f6aed75b3a,A,2023-2-2,First Mover Asia: Is Bitcoin's Ride Past $24.1K a Stopping Point or Sign of Further Gains?,CoinDesk,https://finance.yahoo.com/news/first-mover-asia-bitcoins-ride-023514710.html,1675305314,STORY
f2f19fe6-aacc-3177-b6f1-e9b5eed8afa4,A,2023-2-2,"Valentine's Day 2023 jewelry gift guide: Gold, diamonds and more bling to melt their heart",USA TODAY,https://finance.yahoo.com/m/f2f19fe6-aacc-3177-b6f1-e9b5eed8afa4/valentine%27s-day-2023-jewelry.html,1675305014,STORY
63a9c898-e6e6-3b8f-9c46-efbcd282bdf0,A,2023-2-2,"Asian shares jump, dollar eases after Powell comments",Reuters,https://finance.yahoo.com/news/asian-shares-jump-dollar-eases-022705691.html,1675304825,STORY
eed9efe2-ff43-3872-99ca-697c08923961,A,2023-2-2,"Fed up, BoE up, stocks up, ECB up next",Reuters,https://finance.yahoo.com/news/asian-shares-jump-dollar-eases-022346456.html,1675304626,STORY
f01cef45-5ec0-3985-8607-3d7960836b1e,A,2023-2-3,Gold steadies near 9-month high,MarketWatch,https://finance.yahoo.com/m/f01cef45-5ec0-3985-8607-3d7960836b1e/gold-steadies-near-9-month.html,1675427760,STORY
4b9af57f-e303-3ddf-9b4e-a843287be5d3,A,2023-2-3,"CANADA STOCKS-TSX futures flat as commodity prices slip, U.S. jobs awaited",Reuters,https://finance.yahoo.com/news/canada-stocks-tsx-futures-flat-115905920.html,1675425545,STORY
b38adc93-b3dd-3b11-aa5b-45e9c5df96ff,A,2023-2-3,First Mover Asia: Bitcoin Dips Into Red but Holds Strong Above $23.5K,CoinDesk,https://finance.yahoo.com/news/first-mover-asia-bitcoin-dips-021449928.html,1675390489,STORY
b99f8a6b-b7da-3988-8188-ea7b546ab15d,A,2023-2-3,"Gold Miner Tops Industry Group, But Where Is The Yellow Metal Headed?",Investor's Business Daily,https://finance.yahoo.com/m/b99f8a6b-b7da-3988-8188-ea7b546ab15d/gold-miner-tops-industry.html,1675370186,STORY
06dc5a72-b12a-3e61-a767-bd7ee5784ce3,A,2023-2-3,Gold nurses steep losses as dollar rebounds ahead of nonfarm payrolls,Investing.com,https://finance.yahoo.com/news/gold-nurses-steep-losses-dollar-195932531.html,1675367972,STORY
62f15565-dff2-3e2a-a5d4-64466f54c94b,A,2023-2-3,"Gold settles lower, down from a 9-month intraday high after latest Fed rate hike",MarketWatch,https://finance.yahoo.com/m/62f15565-dff2-3e2a-a5d4-64466f54c94b/gold-settles-lower%2C-down-from.html,1675364820,STORY
d12b0ed4-9595-389a-a209-2bd05adbc712,A,2023-2-3,Gold futures post a second straight session loss,MarketWatch,https://finance.yahoo.com/m/d12b0ed4-9595-389a-a209-2bd05adbc712/gold-futures-post-a-second.html,1675363020,STORY
66f84b59-a8cc-37b0-8fdc-d46298a0b821,A,2023-2-3,Why silver is outperforming gold,MarketWatch,https://finance.yahoo.com/m/66f84b59-a8cc-37b0-8fdc-d46298a0b821/why-silver-is-outperforming.html,1675359600,STORY
b9acba2e-e5a2-36a0-8651-0d8ec6049280,A,2023-2-4,Venezuela central bank's gold reserves sink 13% in 2022,Reuters,https://finance.yahoo.com/news/venezuela-central-banks-gold-reserves-001018081.html,1675469418,STORY
e28031fe-a9b4-38cc-a97e-7eb84ea430b4,A,2023-2-4,10 Valentine's Day gifts from Brilliant Earth to show them how much you care,USA TODAY,https://finance.yahoo.com/m/e28031fe-a9b4-38cc-a97e-7eb84ea430b4/10-valentine%27s-day-gifts-from.html,1675459044,STORY
8be63a88-bbad-3ac0-a01d-ca75053d4cf2,A,2023-2-4,Fed Policy Win Could Harm Bitcoin’s Wall Street Narrative,CoinDesk,https://finance.yahoo.com/news/fed-policy-win-could-harm-192825317.html,1675452505,STORY
f01cef45-5ec0-3985-8607-3d7960836b1e,A,2023-2-4,Gold posts lowest finish in more than 3 weeks after a stronger than-expected U.S. jobs report,MarketWatch,https://finance.yahoo.com/m/f01cef45-5ec0-3985-8607-3d7960836b1e/gold-posts-lowest-finish-in.html,1675451340,STORY
69fa0f4f-feee-3ece-9f0b-da291b717d78,A,2023-2-4,Gold Weekly Price Forecast – Gold Markets Get Slammed,FX Empire,https://finance.yahoo.com/news/gold-weekly-price-forecast-gold-182926092.html,1675448966,STORY
9ddfc1d8-589a-3d81-8b6a-280bbe5184ed,A,2023-2-4,Crude Oil Weekly Price Forecast – Crude Oil Markets Get Slammed,FX Empire,https://finance.yahoo.com/news/crude-oil-weekly-price-forecast-181605537.html,1675448165,STORY
18e168ca-20e9-318a-b66a-84bac9d35694,A,2023-2-4,Gold Price Forecast – Gold Markets Get Slammed,FX Empire,https://finance.yahoo.com/news/gold-price-forecast-gold-markets-175716567.html,1675447036,STORY
a2ce3eb2-f6fc-367f-be0c-d635b5d0f261,A,2023-2-4,"Freestyle skiers in World Cup action on NBC Sports, Peacock",NBC Sports,https://finance.yahoo.com/m/a2ce3eb2-f6fc-367f-be0c-d635b5d0f261/freestyle-skiers-in-world-cup.html,1675446618,STORY
7811164b-cdd9-3c90-b689-89c6d2060062,A,2023-2-5,Energy & precious metals - weekly review and outlook,Investing.com,https://finance.yahoo.com/news/energy-precious-metals-weekly-review-050432015.html,1675573472,STORY
e8262711-f061-3cce-b2f2-f52b5415c1e5,A,2023-2-5,"Birk Irving, last man on Olympic team, extends breakout season with Mammoth win",NBC Sports,https://finance.yahoo.com/m/e8262711-f061-3cce-b2f2-f52b5415c1e5/birk-irving%2C-last-man-on.html,1675546411,STORY
b9acba2e-e5a2-36a0-8651-0d8ec6049280,A,2023-2-5,Venezuela central bank's gold reserves sink 13% in 2022,Reuters,https://finance.yahoo.com/news/venezuela-central-banks-gold-reserves-001018081.html,1675469418,STORY
e28031fe-a9b4-38cc-a97e-7eb84ea430b4,A,2023-2-5,10 Valentine's Day gifts from Brilliant Earth to show them how much you care,USA TODAY,https://finance.yahoo.com/m/e28031fe-a9b4-38cc-a97e-7eb84ea430b4/10-valentine%27s-day-gifts-from.html,1675459044,STORY
8be63a88-bbad-3ac0-a01d-ca75053d4cf2,A,2023-2-5,Fed Policy Win Could Harm Bitcoin’s Wall Street Narrative,CoinDesk,https://finance.yahoo.com/news/fed-policy-win-could-harm-192825317.html,1675452505,STORY
f01cef45-5ec0-3985-8607-3d7960836b1e,A,2023-2-5,Gold posts lowest finish in more than 3 weeks after a stronger than-expected U.S. jobs report,MarketWatch,https://finance.yahoo.com/m/f01cef45-5ec0-3985-8607-3d7960836b1e/gold-posts-lowest-finish-in.html,1675451340,STORY
69fa0f4f-feee-3ece-9f0b-da291b717d78,A,2023-2-5,Gold Weekly Price Forecast – Gold Markets Get Slammed,FX Empire,https://finance.yahoo.com/news/gold-weekly-price-forecast-gold-182926092.html,1675448966,STORY
9ddfc1d8-589a-3d81-8b6a-280bbe5184ed,A,2023-2-5,Crude Oil Weekly Price Forecast – Crude Oil Markets Get Slammed,FX Empire,https://finance.yahoo.com/news/crude-oil-weekly-price-forecast-181605537.html,1675448165,STORY
16c85c50-59ed-3c57-9a22-24c569b6b7cf,A,2023-2-6,World’s Top Gold Miner Newmont Offers $17 Billion for Newcrest,Bloomberg,https://finance.yahoo.com/news/newmont-bids-17-billion-australian-001229566.html,1675681720,STORY
555b548c-36c5-3cbb-97f2-471764dcd568,A,2023-2-6,Rothschild Family Bids $1.6 Billion to Take Namesake Bank Private,The Wall Street Journal,https://finance.yahoo.com/m/555b548c-36c5-3cbb-97f2-471764dcd568/rothschild-family-bids-%241.6.html,1675680256,STORY
0f6e95b0-4b4a-3d7a-93b6-65babc99087a,A,2023-2-6,Newmont Makes $17 Billion Offer for Australia’s Newcrest. A Bidding War Could Be Coming.,Barrons.com,https://finance.yahoo.com/m/0f6e95b0-4b4a-3d7a-93b6-65babc99087a/newmont-makes-%2417-billion.html,1675679460,STORY
6222a22b-cddb-38ed-8799-b1aace197aff,A,2023-2-6,Newmont Proposes $17 Billion Takeover of Australia’s Newcrest Mining,The Wall Street Journal,https://finance.yahoo.com/m/6222a22b-cddb-38ed-8799-b1aace197aff/newmont-proposes-%2417-billion.html,1675667400,STORY
4b47056b-ecbe-36a5-8ece-a967ee4779ee,A,2023-2-6,World’s biggest gold miner Newmont offers $17bn for rival Newcrest,Financial Times,https://finance.yahoo.com/m/4b47056b-ecbe-36a5-8ece-a967ee4779ee/world%E2%80%99s-biggest-gold-miner.html,1675663144,STORY
0eabace7-8fb3-340a-8b9f-1d0a6a5b550f,A,2023-2-6,Goldman reacts positively to Newmont's new $17 billion bid for Newcrest Mining,Investing.com,https://finance.yahoo.com/news/newcrest-mining-shares-rally-10-195230609.html,1675663016,STORY
bcc58021-fa34-32aa-a6f5-bb958768c34d,A,2023-2-6,"GLOBAL MARKETS-Asia shares skid, dollar firm as yields spike",Reuters,https://finance.yahoo.com/news/global-markets-asia-shares-skid-042831177.html,1675657711,STORY
7583ae3d-18e0-3221-ad77-96e1b3c3f5ef,A,2023-2-6,European stocks lower; sentiment weak despite strong German factory orders,Investing.com,https://finance.yahoo.com/news/european-stocks-lower-sentiment-weak-035639599.html,1675655799,STORY
8f2ef63a-3d0f-3ced-be81-f97cf8055491,A,2023-2-7,Gold prices modestly higher ahead of Powell remarks,MarketWatch,https://finance.yahoo.com/m/8f2ef63a-3d0f-3ced-be81-f97cf8055491/gold-prices-modestly-higher.html,1675774560,STORY
f88ba174-2ab6-334e-a311-08aee2cf2886,A,2023-2-7,China forex reserves rise to $3.184 trln in Jan,Reuters,https://finance.yahoo.com/news/china-forex-reserves-rise-3-082112929.html,1675758072,STORY
6d4ed3d9-77d7-3c61-920e-a01ef4a0de42,A,2023-2-7,Barrick rules out rival bid for Australia's Newcrest - Bloomberg,Reuters,https://finance.yahoo.com/news/barrick-rules-rival-bid-australias-064458407.html,1675752298,STORY
09e868f5-9c84-36cd-aa76-90c3c6b4ed43,A,2023-2-7,UPDATE 1-Barrick rules out rival bid for Australia's Newcrest - Bloomberg,Reuters,https://finance.yahoo.com/news/1-barrick-rules-rival-bid-064058092.html,1675752058,STORY
103e28f8-ac97-3f39-936a-482a7d4882c4,A,2023-2-7,"GLOBAL MARKETS-Asia stocks steady, dollar firm as investors consider higher rate outlook",Reuters,https://finance.yahoo.com/news/global-markets-asia-stocks-steady-055949854.html,1675749589,STORY
a54c3184-0f9f-3855-ae9f-dbf9bb09c58d,A,2023-2-7,European stocks mixed; German industrial production weighs while BP shines,Investing.com,https://finance.yahoo.com/news/european-stocks-mixed-german-industrial-035046202.html,1675741846,STORY
d74bbd84-c8d6-387f-90a2-57ea417148bd,A,2023-2-7,"GLOBAL MARKETS-Asia stocks steady, dollar strong as markets reassess rates outlook",Reuters,https://finance.yahoo.com/news/global-markets-asia-stocks-steady-020458252.html,1675735498,STORY
1844dd84-181d-3f31-9326-ae70b0d81524,A,2023-2-7,"European stock futures edge higher; BP, BNP Paribas results in focus",Investing.com,https://finance.yahoo.com/news/european-stock-futures-edge-higher-020050668.html,1675735250,STORY
57c1741f-09b9-31f8-a1ad-8aa57d7bb86d,A,2023-2-8,Gold prices on track to rise for third day as markets cheer dovish Powell,MarketWatch,https://finance.yahoo.com/m/57c1741f-09b9-31f8-a1ad-8aa57d7bb86d/gold-prices-on-track-to-rise.html,1675860840,STORY
10457b00-a627-30eb-a8db-1d85b17cb28f,A,2023-2-8,"GLOBAL MARKETS-Shares rise, dollar wobbles after market sees Powell comments as dovish",Reuters,https://finance.yahoo.com/news/global-markets-shares-rise-dollar-095412564.html,1675850052,STORY
66834bb5-5033-32ff-851e-3d7cd7c88a88,A,2023-2-8,McEwen Mining - Los Azules Project Could Be World's Next Copper Unicorn,NewMediaWire,https://finance.yahoo.com/news/mcewen-mining-los-azules-project-072316379.html,1675840996,STORY
09701cdc-9630-3eab-a9d4-5a246e73fefc,A,2023-2-8,Nine global banks invest $45 mln in carbon credit platform,Reuters,https://finance.yahoo.com/news/nine-global-banks-invest-45-070000372.html,1675839600,STORY
5847c1c8-7ec2-3149-8b35-75c8f878182c,A,2023-2-8,Why a break-up looks increasingly likely for BP,The Telegraph,https://finance.yahoo.com/news/britain-oil-giants-must-forget-060000070.html,1675836000,STORY
d4c734da-58f8-340c-aa3c-740d5dfc1bee,A,2023-2-8,Peru unrest threatens copper supply,Financial Times,https://finance.yahoo.com/m/d4c734da-58f8-340c-aa3c-740d5dfc1bee/peru-unrest-threatens-copper.html,1675832418,STORY
ebca1833-5487-3bb8-a2b1-762dab2e3c97,A,2023-2-8,"Shares rise, dollar wobbles after market sees Powell comments as dovish",Reuters,https://finance.yahoo.com/news/asian-shares-rise-dollar-staggers-021622173.html,1675822582,STORY
39dea7f8-2230-337e-b1f3-3a6b5c53a9bb,A,2023-2-8,First Mover Asia: Bitcoin Flirts With $23.4K as Jerome Powell Repeats Comment About Waning Inflation; Market Weighs DCG-Genesis Deal With Creditors,CoinDesk,https://finance.yahoo.com/news/first-mover-asia-bitcoin-flirts-012301137.html,1675819381,STORY
baa01a36-fefb-385a-97c8-1fe40876de01,A,2023-2-9,'Truly a sham market': Jim Cramer warns that crypto's recent price action is a 'manipulation higher' you should ignore — he likes this 1 shockproof asset for protection instead,MoneyWise,https://finance.yahoo.com/news/truly-sham-market-jim-cramer-110000759.html,1675940400,STORY
47db427c-616d-30b1-a088-8c2ca7369bc8,A,2023-2-9,Earnings and hints of peaking inflation buoy stocks,Reuters,https://finance.yahoo.com/news/asian-shares-track-wall-street-020304274.html,1675908184,STORY
6e59cd0e-44ee-3737-8bed-aadfa305f6f3,A,2023-2-9,GLOBAL MARKETS-Asian shares track Wall Street lower amid chorus of Fed speakers,Reuters,https://finance.yahoo.com/news/global-markets-asian-shares-track-020035725.html,1675908035,STORY
00086408-93c9-36f4-9483-1c63d30baf84,A,2023-2-9,'Operation Exodus': Brazil miners flee Yanomami land,AFP,https://finance.yahoo.com/m/00086408-93c9-36f4-9483-1c63d30baf84/%27operation-exodus%27%3A-brazil.html,1675908028,STORY
77767f28-b99f-3d88-8035-d1051d2a5ba9,A,2023-2-9,First Mover Asia: Bitcoin Hovers Near $23K; Why AI Tokens Are on a Months-Long Tear,CoinDesk,https://finance.yahoo.com/news/first-mover-asia-bitcoin-hovers-014754163.html,1675907274,STORY
3bfefc37-fb3c-3b26-8a73-470b3e3ffbe6,A,2023-2-9,Barrick Gold (GOLD) Stock Moves -0.86%: What You Should Know,Zacks,https://finance.yahoo.com/news/barrick-gold-gold-stock-moves-224510754.html,1675896310,STORY
35a051a5-c241-3ef2-a98a-c76eb241b027,A,2023-2-9,"GLOBAL MARKETS-Shares slip, dollar steady as markets assess Powell comments",Reuters,https://finance.yahoo.com/news/global-markets-shares-slip-dollar-212930559.html,1675891770,STORY
62a617ae-4bd1-337f-aeaf-625cec1477f9,A,2023-2-9,Carlisle Companies Incorporated (NYSE:CSL) Q4 2022 Earnings Call Transcript,Insider Monkey,https://finance.yahoo.com/news/carlisle-companies-incorporated-nyse-csl-205318860.html,1675889598,STORY
92f6bca2-7b5e-3709-b444-3974f7f37646,A,2023-2-10,"Gold pulls back driven by stronger dollar, higher Treasury yields",MarketWatch,https://finance.yahoo.com/m/92f6bca2-7b5e-3709-b444-3974f7f37646/gold-pulls-back-driven-by.html,1676034660,STORY
daf94921-0c21-3fa4-9bab-b9a507001087,A,2023-2-10,"RPT-GRAPHIC-Recession alarm bells are ringing, but (much) less loudly than before",Reuters,https://finance.yahoo.com/news/rpt-graphic-recession-alarm-bells-110000988.html,1676026800,STORY
b54e0652-fa7e-3d7c-afb2-5a8a70d7290c,A,2023-2-10,"Recession alarm bells are ringing, but (much) less loudly than before",Reuters,https://finance.yahoo.com/news/recession-alarm-bells-ringing-much-071410152.html,1676013250,STORY
f50308aa-044a-3cb8-8e4b-9b7d585bb89e,A,2023-2-10,"GRAPHIC-Recession alarm bells are ringing, but (much) less loudly than before",Reuters,https://finance.yahoo.com/news/graphic-recession-alarm-bells-ringing-070000625.html,1676012400,STORY
edaa3e80-0d50-3fb1-8072-4056a9b36cbc,A,2023-2-10,First Mover Asia: Kraken Crypto Staking Settlement Bedevils Markets as Bitcoin Lingers Below $21.9K,CoinDesk,https://finance.yahoo.com/news/first-mover-asia-kraken-crypto-014300743.html,1675993380,STORY
6aa4238e-0f06-32b9-862e-7bfa035f5d36,A,2023-2-10,Popular Rihanna Song Offered as NFT With Royalty Sharing Ahead of Super Bowl,CoinDesk,https://finance.yahoo.com/news/popular-rihanna-song-offered-nft-003530089.html,1675989330,STORY
c355ee36-bba1-3311-b924-9630d207edef,A,2023-2-10,17 Most Valuable South African Companies In The World,Insider Monkey,https://finance.yahoo.com/news/17-most-valuable-south-african-001442844.html,1675988082,STORY
8219d7ff-5dd1-3241-9a96-4e8c87f04cbc,A,2023-2-10,16 Best Countries in Basketball,Insider Monkey,https://finance.yahoo.com/news/16-best-countries-basketball-000618150.html,1675987578,STORY
484b11f7-586c-3656-9a7d-89c76babc4e1,A,2023-2-11,Flury upstages favourites to win world downhill gold,AFP,https://finance.yahoo.com/m/484b11f7-586c-3656-9a7d-89c76babc4e1/flury-upstages-favourites-to.html,1676119167,STORY
48a24517-a0aa-39e3-8d68-2fef4eb276e6,A,2023-2-11,Why New Sanctions Haven’t Spiked Fuel Prices,Barrons.com,https://finance.yahoo.com/m/48a24517-a0aa-39e3-8d68-2fef4eb276e6/why-new-sanctions-haven%E2%80%99t.html,1676077080,STORY
148f60e4-8663-3ab5-b508-ea1dd990c140,A,2023-2-11,"GLOBAL MARKETS-Stocks slip, dollar gains on tighter policy outlook",Reuters,https://finance.yahoo.com/news/global-markets-stocks-slip-dollar-220814036.html,1676066894,STORY
42519aaa-ca3d-3dc0-9c97-5e87379d2ff1,A,2023-2-11,"Earnings Calendar, Analyst Estimates And Stocks To Watch",Investor's Business Daily,https://finance.yahoo.com/m/42519aaa-ca3d-3dc0-9c97-5e87379d2ff1/earnings-calendar%2C-analyst.html,1676066671,STORY
e04fabab-7a55-34e6-970f-8f3465037f8e,A,2023-2-11,Investors Turn Bearish On Precious Metals,Oilprice.com,https://finance.yahoo.com/news/investors-turn-bearish-precious-metals-220000933.html,1676066400,STORY
7ce5e548-c096-3b76-9ac5-eac158fca214,A,2023-2-11,Ukraine war turns Russia into a nation of gold bugs,Financial Times,https://finance.yahoo.com/m/7ce5e548-c096-3b76-9ac5-eac158fca214/ukraine-war-turns-russia-into.html,1676062839,STORY
5b6aecd0-3ba7-35d6-a9e1-82545cf36ecb,A,2023-2-11,"GLOBAL MARKETS-Stocks slip, dollar gains as further monetary tightening seen",Reuters,https://finance.yahoo.com/news/global-markets-stocks-slip-dollar-204212471.html,1676061732,STORY
92f6bca2-7b5e-3709-b444-3974f7f37646,A,2023-2-11,"Gold futures end lower, down a second straight week",MarketWatch,https://finance.yahoo.com/m/92f6bca2-7b5e-3709-b444-3974f7f37646/gold-futures-end-lower%2C-down.html,1676056260,STORY
042a1cd3-bbd3-3cf7-9144-6b9601ace1af,A,2023-2-12,Energy & precious metals - weekly review and outlook,Investing.com,https://finance.yahoo.com/news/energy-precious-metals-weekly-review-051614829.html,1676178974,STORY
0f1e51c4-4de4-303e-8389-557eb2fab90c,A,2023-2-12,Saudi Arabia And Russia Face Off Over Chinese Oil Market Share,Oilprice.com,https://finance.yahoo.com/news/saudi-arabia-russia-face-off-000000749.html,1676160000,STORY
345a360b-fe63-3547-bd2b-38b420815587,A,2023-2-12,Central Bank Gold Buying Spikes By 152%,Oilprice.com,https://finance.yahoo.com/news/central-bank-gold-buying-spikes-200000868.html,1676145600,STORY
8b4a445d-c7fc-3398-9b6a-6975232bf3f5,A,2023-2-12,15 Countries that Produce the Best Athletes in the World,Insider Monkey,https://finance.yahoo.com/news/15-countries-produce-best-athletes-145116513.html,1676127076,STORY
484b11f7-586c-3656-9a7d-89c76babc4e1,A,2023-2-12,Flury upstages favourites to win 'unreal' world downhill gold,AFP,https://finance.yahoo.com/m/484b11f7-586c-3656-9a7d-89c76babc4e1/flury-upstages-favourites-to.html,1676122277,STORY
48a24517-a0aa-39e3-8d68-2fef4eb276e6,A,2023-2-12,Why New Sanctions Haven’t Spiked Fuel Prices,Barrons.com,https://finance.yahoo.com/m/48a24517-a0aa-39e3-8d68-2fef4eb276e6/why-new-sanctions-haven%E2%80%99t.html,1676077080,STORY
148f60e4-8663-3ab5-b508-ea1dd990c140,A,2023-2-12,"GLOBAL MARKETS-Stocks slip, dollar gains on tighter policy outlook",Reuters,https://finance.yahoo.com/news/global-markets-stocks-slip-dollar-220814036.html,1676066894,STORY
42519aaa-ca3d-3dc0-9c97-5e87379d2ff1,A,2023-2-12,"Earnings Calendar, Analyst Estimates And Stocks To Watch",Investor's Business Daily,https://finance.yahoo.com/m/42519aaa-ca3d-3dc0-9c97-5e87379d2ff1/earnings-calendar%2C-analyst.html,1676066671,STORY
8c08a418-f193-3d80-a148-cf9124e333ce,A,2023-2-13,Gold prices retreat as investors await Tuesday’s U.S. inflation report,MarketWatch,https://finance.yahoo.com/m/8c08a418-f193-3d80-a148-cf9124e333ce/gold-prices-retreat-as.html,1676293380,STORY
06536aca-01b6-370b-b690-b3b19256e221,A,2023-2-13,Real Value in a Digital World: Why Bitcoin is Set Up for the Long Haul,Motley Fool,https://finance.yahoo.com/m/06536aca-01b6-370b-b690-b3b19256e221/real-value-in-a-digital.html,1676289660,STORY
115c843b-5541-39c3-b9e1-13e1ec292797,A,2023-2-13,"For Mining EV Metals, the Arctic Is Hot",The Wall Street Journal,https://finance.yahoo.com/m/115c843b-5541-39c3-b9e1-13e1ec292797/for-mining-ev-metals%2C-the.html,1676286000,STORY
8ce6e065-e00d-3548-a46c-ba04610c3650,A,2023-2-13,"GLOBAL MARKETS-Shares steady, dollar gains ahead of U.S. inflation data",Reuters,https://finance.yahoo.com/news/global-markets-shares-steady-dollar-093811608.html,1676281091,STORY
032cc30e-13a8-3fbb-98f0-b16e152b90cd,A,2023-2-13,Greatland Gold plc's (LON:GGP) Profit Outlook,Simply Wall St.,https://finance.yahoo.com/news/greatland-gold-plcs-lon-ggp-053951943.html,1676266791,STORY
0261c1bd-418b-31e5-9419-729e4aba9396,A,2023-2-13,"GLOBAL MARKETS-Asia stocks tense, dollar upbeat for U.S. inflation showdown",Reuters,https://finance.yahoo.com/news/global-markets-asia-stocks-tense-043832872.html,1676263112,STORY
deb2585b-209e-34d8-b6aa-a339de44c3ea,A,2023-2-13,"GLOBAL MARKETS-Asia stocks slip, dollar gains before U.S. inflation test",Reuters,https://finance.yahoo.com/news/global-markets-asia-stocks-slip-022745904.html,1676255265,STORY
4e027ac9-f21b-3ca5-a70b-bfa30602ed5a,A,2023-2-13,First Mover Asia: Bitcoin Might Test $20K as It Looks for Support,CoinDesk,https://finance.yahoo.com/news/first-mover-asia-bitcoin-might-005850418.html,1676249930,STORY
66426bd6-3762-3c2f-a468-d41e1df09415,A,2023-2-14,Turkey to Temporarily Suspend Some Gold Imports After Quakes,Bloomberg,https://finance.yahoo.com/news/turkey-set-temporarily-suspend-gold-100437659.html,1676378265,STORY
7b660d00-a2fa-3791-afac-421223b145e5,A,2023-2-14,Morgan Stanley: Falling Stablecoin Issuance Is Negative Sign for Crypto Trading,CoinDesk,https://finance.yahoo.com/news/morgan-stanley-falling-stablecoin-issuance-111817821.html,1676373497,STORY
8c9b0691-ced8-3ac4-9afb-8ca343071dfd,A,2023-2-14,The U.S. Will Be Dependent On Oil For Far More Than A Decade,Oilprice.com,https://finance.yahoo.com/news/u-dependent-oil-far-more-095748253.html,1676368668,STORY
27b36984-46d2-3c30-ab55-075e7985d7ba,A,2023-2-14,European stocks edge higher; U.K. jobs data helps ahead of U.S. CPI,Investing.com,https://finance.yahoo.com/news/european-stocks-edge-higher-u-040042094.html,1676347242,STORY
26b4010f-be5a-372a-9868-1d150ee104f6,A,2023-2-14,"GLOBAL MARKETS-Asian Shares track Wall Street's inflation optimism, yen recoups losses",Reuters,https://finance.yahoo.com/news/global-markets-asian-shares-track-025107874.html,1676343067,STORY
f074c366-ed32-30b8-a724-bd74b7a93f96,A,2023-2-14,Global shares cautiously higher with U.S. inflation in focus,Reuters,https://finance.yahoo.com/news/asian-shares-track-wall-streets-015622381.html,1676339782,STORY
2be7d13b-d6cd-33f7-a6d5-b6d12200e5e7,A,2023-2-14,Low Natural Gas Prices Could Cause A Supply Crunch,Oilprice.com,https://finance.yahoo.com/news/low-natural-gas-prices-could-010000598.html,1676336400,STORY
7249dfeb-a5bb-3398-a362-ce6e6ec1285f,A,2023-2-14,"First Mover Asia: Binance BNB Token Plunges, Bitcoin Holds Near $21.8K Amid US Regulatory Uproar",CoinDesk,https://finance.yahoo.com/news/first-mover-asia-binance-bnb-005116199.html,1676335876,STORY
cf29cad8-94e9-31f1-9235-639560002890,A,2023-2-15,Gold falls sharply as U.S. dollar rises,MarketWatch,https://finance.yahoo.com/m/cf29cad8-94e9-31f1-9235-639560002890/gold-falls-sharply-as-u.s..html,1676466840,STORY
a94f43a5-3e22-3c63-9574-39729c041d08,A,2023-2-15,CANADA STOCKS-TSX futures drop as commodity prices decline,Reuters,https://finance.yahoo.com/news/canada-stocks-tsx-futures-drop-122057915.html,1676463657,STORY
f74ee404-1318-3d42-bcdb-3f8f822df3d4,A,2023-2-15,Barrick Gold’s $1 Billion Buyback Eclipsed By Fourth-Quarter Loss. Stock Falls.,Barrons.com,https://finance.yahoo.com/m/f74ee404-1318-3d42-bcdb-3f8f822df3d4/barrick-gold%E2%80%99s-%241-billion.html,1676462880,STORY
a5e53b56-aa48-33f5-a559-01b2677848c7,A,2023-2-15,Barrick Gold OKs up to C$1 bln stock buyback over next 12 months,MarketWatch,https://finance.yahoo.com/m/a5e53b56-aa48-33f5-a559-01b2677848c7/barrick-gold-oks-up-to-c%241.html,1676459880,STORY
7c9af2d0-6cbb-33c3-804f-92e644ffa802,A,2023-2-15,Amplats’ First Female CEO Leaves for World’s Top Gold Miner,Bloomberg,https://finance.yahoo.com/news/amplats-first-female-ceo-leave-065844430.html,1676453161,STORY
d2800d63-0c15-3e51-af88-e6ce4d7fecca,A,2023-2-15,UPDATE 2-Amplats shares slide on CEO exit announcement,Reuters,https://finance.yahoo.com/news/1-amplats-ceo-viljoen-step-065648968.html,1676444208,STORY
365b3dbe-83cf-3e0c-88b2-8a8d8cda869d,A,2023-2-15,"GLOBAL MARKETS-Asia stocks fall, dollar stands firm after sticky U.S. CPI",Reuters,https://finance.yahoo.com/news/global-markets-asia-stocks-fall-052130789.html,1676438490,STORY
3a390bde-f2d2-32f5-a61f-26289112caa2,A,2023-2-15,European stocks mixed; Barclays reports slump in profit,Investing.com,https://finance.yahoo.com/news/european-stocks-mixed-barclays-reports-033640093.html,1676432200,STORY
32c9043c-47aa-3d61-ad92-d2b0ca7ac237,A,2023-2-16,Shiffrin sets fastest time in opening world giant slalom run,AFP,https://finance.yahoo.com/m/32c9043c-47aa-3d61-ad92-d2b0ca7ac237/shiffrin-sets-fastest-time-in.html,1676544648,STORY
26d4c4fb-3992-3a9f-93e4-bed8c947db66,A,2023-2-16,GLOBAL MARKETS-Stocks shrug off rate risks as data tempers recession worries,Reuters,https://finance.yahoo.com/news/global-markets-stocks-shrug-off-101723958.html,1676542643,STORY
d9d961ae-0de2-371e-bc75-6d763dc2219c,A,2023-2-16,Burkina Faso Regime Forcibly Purchases Gold From Endeavour Mine,Bloomberg,https://finance.yahoo.com/news/burkina-faso-regime-forcibly-purchases-091547266.html,1676538947,STORY
8979becd-579c-39eb-9013-581f58510560,A,2023-2-16,GLOBAL MARKETS-Stocks shrug off rates risk as U.S. consumers spend,Reuters,https://finance.yahoo.com/news/global-markets-stocks-shrug-off-051241127.html,1676524361,STORY
a027fdee-7ddf-3ef1-b46b-f221d2d77d69,A,2023-2-16,Newcrest Spurns Newmont’s $17 Billion Offer But Leaves Door Open,Bloomberg,https://finance.yahoo.com/news/newcrest-rejects-newmont-17-billion-215938182.html,1676523256,STORY
aadb60f8-cdc0-3cc1-8bfa-4a19159e4f6b,A,2023-2-16,First Mover Asia: Bitcoin Rockets Past $24.7K to Hit 6-Month High,CoinDesk,https://finance.yahoo.com/news/first-mover-asia-bitcoin-rockets-021205427.html,1676513525,STORY
30bbf9c1-6e27-3386-8d5d-7ed5d383644b,A,2023-2-16,Stocks shrug off rate risks as data tempers recession worries,Reuters,https://finance.yahoo.com/news/stocks-shrug-off-rates-risk-015917126.html,1676512757,STORY
50596b86-1341-3ad5-9daa-d6833c4b7725,A,2023-2-16,Barrick Gold (GOLD) Q4 2022 Earnings Call Transcript,Motley Fool,https://finance.yahoo.com/m/50596b86-1341-3ad5-9daa-d6833c4b7725/barrick-gold-%28gold%29-q4-2022.html,1676511021,STORY
c1a7f46e-ccc0-3795-aa71-48668ce3ca8c,A,2023-2-17,Bernstein: SEC Tightening of Crypto Regulations Is not an Existential Threat,CoinDesk,https://finance.yahoo.com/news/bernstein-sec-tightening-crypto-regulations-101808714.html,1676629088,STORY
5576598a-89e8-32e4-952c-fbb0714b5c34,A,2023-2-17,Amazon pollution: the stain on Ecuador's oil boom,AFP,https://finance.yahoo.com/m/5576598a-89e8-32e4-952c-fbb0714b5c34/amazon-pollution%3A-the-stain.html,1676598677,STORY
c8ba50e5-cf5a-3af8-b745-56bdb99e74c4,A,2023-2-17,First Mover Asia: Crypto Momentum Falters as Bitcoin Retreats to $23.6K,CoinDesk,https://finance.yahoo.com/news/first-mover-asia-crypto-momentum-003916025.html,1676594356,STORY
f823f7e0-d283-33eb-9713-fbb3abdaee27,A,2023-2-17,Barrick Gold Corporation (NYSE:GOLD) Q4 2022 Earnings Call Transcript,Insider Monkey,https://finance.yahoo.com/news/barrick-gold-corporation-nyse-gold-235056176.html,1676591456,STORY
edf5cffc-ccd7-3575-9778-8dacd8f5ca11,A,2023-2-17,Denver-based Newmont's $17.1B offer for Aussie gold miner rejected as too small,American City Business Journals,https://finance.yahoo.com/m/edf5cffc-ccd7-3575-9778-8dacd8f5ca11/denver-based-newmont%27s-%2417.1b.html,1676585014,STORY
f36c0b0f-e0d3-3a6a-bd3a-66972093bf86,A,2023-2-17,"GLOBAL MARKETS-Stocks sink, dollar rises as data fuels inflation, rate hike worries",Reuters,https://finance.yahoo.com/news/global-markets-stocks-sink-dollar-215757442.html,1676584677,STORY
8dc20d02-5d90-31a4-ac4d-a6004ba3c02e,A,2023-2-17,"Gold sinks on rate hike fears, copper outperforms this week",Investing.com,https://finance.yahoo.com/news/gold-sinks-rate-hike-fears-195540529.html,1676577340,STORY
1f7640ab-d683-33ac-b9d0-549b71b16436,A,2023-2-17,"GLOBAL MARKETS-Stocks ease, dollar rises as data fuels inflation, rate hike",Reuters,https://finance.yahoo.com/news/global-markets-stocks-ease-dollar-195217371.html,1676577137,STORY
50fc55f5-4903-3c53-be70-838b95c5715f,A,2023-2-18,Hecla Mining Company (NYSE:HL) Q4 2022 Earnings Call Transcript,Insider Monkey,https://finance.yahoo.com/news/hecla-mining-company-nyse-hl-211612023.html,1676668572,STORY
b740c495-b971-3d88-8c46-1a3a4ddba257,A,2023-2-18,Ecuador mining export revenues jump nearly 33% in 2022,Reuters,https://finance.yahoo.com/news/ecuador-mining-export-revenues-jump-205211196.html,1676667131,STORY
a98bebd4-9371-32ad-ac76-ba29116f454c,A,2023-2-18,Gold Price Weekly Forecast – Gold Markets Find Buyers After Initial Plunge,FX Empire,https://finance.yahoo.com/news/gold-price-weekly-forecast-gold-182741619.html,1676658461,STORY
55e07a48-ecf2-3fa4-8590-4c8acf6aaa53,A,2023-2-18,Crude Oil Price Forecast – Crude Oil Markets Plunge to End the Week,FX Empire,https://finance.yahoo.com/news/crude-oil-price-forecast-crude-181238833.html,1676657558,STORY
bdcb1cd2-532e-3b87-8620-d7e1d10f8819,A,2023-2-18,Gold Price Forecast – Gold Markets Bounce From Major Fibonacci Level,FX Empire,https://finance.yahoo.com/news/gold-price-forecast-gold-markets-180616055.html,1676657176,STORY
9b1024bb-7a50-376c-8fbe-78e28f9a302f,A,2023-2-18,Silver Weekly Price Forecast – Silver Bounces From 200-Week EMA,FX Empire,https://finance.yahoo.com/news/silver-weekly-price-forecast-silver-170437734.html,1676653477,STORY
9bd446aa-aa4f-3084-901b-9be3a71c2694,A,2023-2-18,Natural Gas Weekly Price Forecast – Natural Gas Markets Have Another Bad Week,FX Empire,https://finance.yahoo.com/news/natural-gas-weekly-price-forecast-165838458.html,1676653118,STORY
a73c8a46-1d1e-33f7-a057-88a92f9cc1ba,A,2023-2-18,GLOBAL MARKETS-Shares fall while Treasury yields climb on rate-hiking outlook,Reuters,https://finance.yahoo.com/news/global-markets-shares-fall-while-165441385.html,1676652881,STORY
e145bd8a-113d-3ab3-97ae-d5b6ac0d915f,A,2023-2-19,Johannes Thingnes Boe denied first sweep of individual golds at biathlon worlds,NBC Sports,https://finance.yahoo.com/m/e145bd8a-113d-3ab3-97ae-d5b6ac0d915f/johannes-thingnes-boe-denied.html,1676810085,STORY
2cca070a-223a-334a-a787-fd6f51e670ee,A,2023-2-19,Energy & precious metals - weekly review and outlook,Investing.com,https://finance.yahoo.com/news/energy-precious-metals-weekly-review-044911821.html,1676782151,STORY
50fc55f5-4903-3c53-be70-838b95c5715f,A,2023-2-19,Hecla Mining Company (NYSE:HL) Q4 2022 Earnings Call Transcript,Insider Monkey,https://finance.yahoo.com/news/hecla-mining-company-nyse-hl-211612023.html,1676668572,STORY
b740c495-b971-3d88-8c46-1a3a4ddba257,A,2023-2-19,Ecuador mining export revenues jump nearly 33% in 2022,Reuters,https://finance.yahoo.com/news/ecuador-mining-export-revenues-jump-205211196.html,1676667131,STORY
a98bebd4-9371-32ad-ac76-ba29116f454c,A,2023-2-19,Gold Price Weekly Forecast – Gold Markets Find Buyers After Initial Plunge,FX Empire,https://finance.yahoo.com/news/gold-price-weekly-forecast-gold-182741619.html,1676658461,STORY
55e07a48-ecf2-3fa4-8590-4c8acf6aaa53,A,2023-2-19,Crude Oil Price Forecast – Crude Oil Markets Plunge to End the Week,FX Empire,https://finance.yahoo.com/news/crude-oil-price-forecast-crude-181238833.html,1676657558,STORY
bdcb1cd2-532e-3b87-8620-d7e1d10f8819,A,2023-2-19,Gold Price Forecast – Gold Markets Bounce From Major Fibonacci Level,FX Empire,https://finance.yahoo.com/news/gold-price-forecast-gold-markets-180616055.html,1676657176,STORY
9b1024bb-7a50-376c-8fbe-78e28f9a302f,A,2023-2-19,Silver Weekly Price Forecast – Silver Bounces From 200-Week EMA,FX Empire,https://finance.yahoo.com/news/silver-weekly-price-forecast-silver-170437734.html,1676653477,STORY
ec1ec939-91d7-32b5-946b-e571b8d330d1,A,2023-2-20,‘God have mercy on us all’: Robert Kiyosaki warned that the economy is the ‘biggest bubble’ in history and urged investors to dump paper assets — here are 3 real assets he likes instead,MoneyWise,https://finance.yahoo.com/news/god-mercy-us-robert-kiyosaki-230000021.html,1676892600,STORY
8a2ea56c-53bd-3357-8403-e2cad3737f17,A,2023-2-20,"WRAPUP 5-Biden, in Kyiv ahead of war anniversary, vows support as long as needed",Reuters,https://finance.yahoo.com/news/wrapup-1-ukraine-says-russian-062024215.html,1676874024,STORY
b3a2f0dc-ecfc-3902-8368-ab7f832abeda,A,2023-2-20,"GLOBAL MARKETS-Asia shares creep higher, wary on Fed and BOJ outlooks",Reuters,https://finance.yahoo.com/news/global-markets-asia-shares-creep-045114838.html,1676868674,STORY
7424111e-4592-34d6-9356-8013586cef93,A,2023-2-20,First Mover Asia: Bitcoin Opens the Week Testing $25K,CoinDesk,https://finance.yahoo.com/news/first-mover-asia-bitcoin-opens-025430858.html,1676861670,STORY
5cbf5032-10e0-35fa-9dc4-241821867060,A,2023-2-20,"GLOBAL MARKETS-Asia shares hesitant ahead of updates on Fed, BOJ policies",Reuters,https://finance.yahoo.com/news/global-markets-asia-shares-hesitant-023501946.html,1676860501,STORY
e270218d-73d6-34ce-8858-382bdc345165,A,2023-2-20,European stock futures largely flat; caution ahead of key economic data,Investing.com,https://finance.yahoo.com/news/european-stock-futures-largely-flat-021111078.html,1676859071,STORY
45a78097-4920-315f-a2e5-5def7c8067ec,A,2023-2-20,"GLOBAL MARKETS-Asia shares muted by unease over Fed, BOJ policy",Reuters,https://finance.yahoo.com/news/global-markets-asia-shares-muted-002643121.html,1676852803,STORY
cc68bc8c-083e-393c-beb5-7d8e79fa92f0,A,2023-2-20,Here Are Five Charts to Watch in Global Commodities This Week,Bloomberg,https://finance.yahoo.com/news/five-charts-watch-global-commodities-220000650.html,1676844000,STORY
5af71ace-099d-338d-b6a9-8deda8aa6cef,A,2023-2-21,Gold continues to slide after erasing most of its 2023 gains,MarketWatch,https://finance.yahoo.com/m/5af71ace-099d-338d-b6a9-8deda8aa6cef/gold-continues-to-slide-after.html,1676984520,STORY
250f3770-1a61-35f9-9dfa-61f18d6f1c71,A,2023-2-21,Russia sends record amounts of oil to China - live updates,The Telegraph,https://finance.yahoo.com/news/ftse-100-markets-public-sector-070740417.html,1676972019,STORY
04389c58-beb9-3b2f-bb3c-1a72940a67de,A,2023-2-21,Turkey’s Swiss Gold Imports Hit Highest in at Least 11 Years,Bloomberg,https://finance.yahoo.com/news/turkey-swiss-gold-imports-hit-081332358.html,1676967212,STORY
1d8e9673-548d-382b-8164-7a4276aa8ff4,A,2023-2-21,European stock futures lower; PMI data to offer direction,Investing.com,https://finance.yahoo.com/news/european-stock-futures-lower-pmi-021311876.html,1676945591,STORY
24246384-12db-34c7-bab0-9a11712df1e4,A,2023-2-21,First Mover Asia: Bitcoin Edges Toward $25K During Slow Economic Day,CoinDesk,https://finance.yahoo.com/news/first-mover-asia-bitcoin-edges-014155750.html,1676943715,STORY
53fe994a-1800-3b72-93ee-2ff5575edb81,A,2023-2-21,Gold treads water in anticipation of more Fed cues,Investing.com,https://finance.yahoo.com/news/gold-treads-water-anticipation-more-205155519.html,1676926315,STORY
30dd19ea-fb8e-389b-b5d4-249a910f9151,A,2023-2-21,New Low in Natural Gas as It Continues to Weaken,FX Empire,https://finance.yahoo.com/news/low-natural-gas-continues-weaken-202804094.html,1676924884,STORY
23425807-c9b0-3e6f-b73e-5cc25c6e8d0a,A,2023-2-21,Silver Price Forecast – Silver Bounces to Kick Off the Week,FX Empire,https://finance.yahoo.com/news/silver-price-forecast-silver-bounces-150929951.html,1676905769,STORY
282e94c9-25e9-3182-8453-aadb1deb20b8,A,2023-2-22,Gas Prices Poised to Rise Again as Sanctions on Russia Take Effect,The Wall Street Journal,https://finance.yahoo.com/m/282e94c9-25e9-3182-8453-aadb1deb20b8/gas-prices-poised-to-rise.html,1677070800,STORY
1ef8721e-727a-3a38-8893-3ebcfec100f0,A,2023-2-22,Oil Prices Slip Again. Interest-Rate Worries Outweigh Supply Concerns.,Barrons.com,https://finance.yahoo.com/m/1ef8721e-727a-3a38-8893-3ebcfec100f0/oil-prices-slip-again..html,1677067620,STORY
55683c84-fcb3-34de-beaa-6102b797ec1b,A,2023-2-22,Californian pot producers Parent Co and Gold Flora to merge,Reuters,https://finance.yahoo.com/news/californian-pot-producers-parent-co-120126605.html,1677067286,STORY
c2a1dea6-b4a1-38d4-b6d7-1f411a0cdf1d,A,2023-2-22,"Venezuela’s Oil Industry, Reopening to Investors, Is Major Polluter",The Wall Street Journal,https://finance.yahoo.com/m/c2a1dea6-b4a1-38d4-b6d7-1f411a0cdf1d/venezuela%E2%80%99s-oil-industry%2C.html,1677067200,STORY
1d6620a0-8015-3901-9609-06d955be8fc9,A,2023-2-22,GLOBAL MARKETS-Asia equities fall on fear of hawkish central bank hikes,Reuters,https://finance.yahoo.com/news/global-markets-asia-equities-fall-061624426.html,1677046584,STORY
b419d6fb-4e8b-3fb6-81f8-11f035ebdb06,A,2023-2-22,Rio Tinto slashes dividend as profit plunges on slower China demand,Reuters,https://finance.yahoo.com/news/rio-tinto-annual-profit-falls-054004820.html,1677044404,STORY
2bc2be20-4e58-301c-8f4e-98b46a42d0ab,A,2023-2-22,The elite Chinese dealmaker who disappeared,Financial Times,https://finance.yahoo.com/m/2bc2be20-4e58-301c-8f4e-98b46a42d0ab/the-elite-chinese-dealmaker.html,1677042117,STORY
886590c7-577b-3a33-a0a2-c9190af40f0c,A,2023-2-22,European stocks lower; German inflation remains high ahead of Fed minutes,Investing.com,https://finance.yahoo.com/news/european-stocks-lower-german-inflation-035815008.html,1677038295,STORY
e5c7b9f0-326a-34ed-a1a7-ae461c09e714,A,2023-2-23,Oil attempts to snap 6-day losing streak as inventory data looms,MarketWatch,https://finance.yahoo.com/m/e5c7b9f0-326a-34ed-a1a7-ae461c09e714/oil-attempts-to-snap-6-day.html,1677158340,STORY
b3edb989-dad2-35a1-a3b0-cc744381f3d5,A,2023-2-23,Here's the #1 lesson I learned as a commodities floor trader: Michele Schneider,Yahoo Finance Video,https://finance.yahoo.com/video/heres-1-lesson-learned-commodities-130028014.html,1677157228,VIDEO
bb26900e-8280-38b4-b5ec-65d61eb7b083,A,2023-2-23,"GLOBAL MARKETS-Stocks steady as crude rebounds, Nvidia lifts chip sector",Reuters,https://finance.yahoo.com/news/global-markets-stocks-steady-crude-125450341.html,1677156890,STORY
4acbe715-dd03-3049-aa0c-2d3fa279efa3,A,2023-2-23,Newmont’s Gold Output Stagnates as It Chases Big Takeover,Bloomberg,https://finance.yahoo.com/news/newmont-gold-output-stagnates-chases-123118425.html,1677155478,STORY
ce2f7b2a-9219-3563-ab62-d868705fb8d4,A,2023-2-23,"Commodities Are the Best (And Only) Inflation Hedge, Credit Suisse Says",The Wall Street Journal,https://finance.yahoo.com/m/ce2f7b2a-9219-3563-ab62-d868705fb8d4/commodities-are-the-best-%28and.html,1677153185,STORY
df73d46d-042d-358a-a588-9133f47e483d,A,2023-2-23,Oil Stems Run of Declines as Pressure From Hawkish Fed Cools,Bloomberg,https://finance.yahoo.com/news/oil-holds-longest-losing-streak-233636476.html,1677148775,STORY
479f193f-c810-335b-8e8d-b46092682454,A,2023-2-23,"Russian Oil Is Still Flowing, and That Is What the West Wants",The Wall Street Journal,https://finance.yahoo.com/m/479f193f-c810-335b-8e8d-b46092682454/russian-oil-is-still-flowing%2C.html,1677148200,STORY
f83b1586-246c-3d59-a4a5-0d20afcca882,A,2023-2-23,GLOBAL MARKETS-Nvidia cheer ripples through chips as investors assess Fed minutes,Reuters,https://finance.yahoo.com/news/global-markets-nvidia-cheer-ripples-093350013.html,1677144830,STORY
06d4224d-a521-36aa-848b-2627a94f3115,A,2023-2-24,GLOBAL MARKETS-Stocks limp toward biggest weekly fall of the year,Reuters,https://finance.yahoo.com/news/global-markets-stocks-limp-toward-131248141.html,1677244368,STORY
d7d7f54d-332f-36f3-b2bd-fa3003b2a306,A,2023-2-24,Gold set for weekly loss after falling to 2023 low,MarketWatch,https://finance.yahoo.com/m/d7d7f54d-332f-36f3-b2bd-fa3003b2a306/gold-set-for-weekly-loss.html,1677244320,STORY
50212c4e-9e4a-355e-9126-83e5f45f27c1,A,2023-2-24,CANADA STOCKS-TSX futures track dour mood on Wall Street ahead of U.S. inflation data,Reuters,https://finance.yahoo.com/news/canada-stocks-tsx-futures-track-123320574.html,1677242000,STORY
85f7ff8f-0d44-31c3-80cd-df0dcdbc0497,A,2023-2-24,Oil heads for weekly loss as futures inch higher on Friday,MarketWatch,https://finance.yahoo.com/m/85f7ff8f-0d44-31c3-80cd-df0dcdbc0497/oil-heads-for-weekly-loss-as.html,1677241860,STORY
0a0eb308-bbc6-3f3d-b1b1-846700e84540,A,2023-2-24,Do Callon Petroleum's (NYSE:CPE) Earnings Warrant Your Attention?,Simply Wall St.,https://finance.yahoo.com/news/callon-petroleums-nyse-cpe-earnings-114327505.html,1677239007,STORY
90acc628-d9d7-37b7-b2de-9e56dc28b0c9,A,2023-2-24,MORNING BID AMERICAS-War and PCE,Reuters,https://finance.yahoo.com/news/morning-bid-americas-war-pce-110000505.html,1677236400,STORY
474b5fbc-4167-3882-bb0f-2a2662369eaa,A,2023-2-24,Deadly Accident Exposes Danger in China’s Rush to Mine Coal,Bloomberg,https://finance.yahoo.com/news/deadly-accident-exposes-danger-china-051118662.html,1677224435,STORY
3545a951-6559-3f94-8d0d-d099220d54c0,A,2023-2-24,Oil Prices Rebound But Remain On Course For A Weekly Loss,Oilprice.com,https://finance.yahoo.com/news/oil-prices-rebound-remain-course-071544400.html,1677222944,STORY
75ecfc8e-a6b1-3ff7-8fcb-9175c26cd258,A,2023-2-25,"Jaelin Kauf ends U.S. moguls medal drought at worlds, Mikael Kingsbury breaks record",NBC Sports,https://finance.yahoo.com/m/75ecfc8e-a6b1-3ff7-8fcb-9175c26cd258/jaelin-kauf-ends-u.s.-moguls.html,1677326967,STORY
43f9f116-0cc0-3d05-88f4-fcedfc74d539,A,2023-2-25,Eni-chartered cargo of Venezuelan crude departs for Europe,Reuters,https://finance.yahoo.com/news/eni-chartered-cargo-venezuelan-crude-100000819.html,1677319200,STORY
b9483246-7749-338b-b3bb-995d81a92123,A,2023-2-25,Suriname's Oil Boom May Not Materialize Until 2027,Oilprice.com,https://finance.yahoo.com/news/surinames-oil-boom-may-not-000000783.html,1677283200,STORY
dda429d8-4c9e-3dd1-bc2d-a25fe6238109,A,2023-2-25,US 2022 power plant emissions fell on switch from coal to gas -EPA,Reuters,https://finance.yahoo.com/news/us-2022-power-plant-emissions-223844977.html,1677278324,STORY
24bc420e-e1d9-3553-860e-e474116597bd,A,2023-2-25,Pioneer Natural Resources considers buying gas explorer Range - Bloomberg News,Reuters,https://finance.yahoo.com/news/pioneer-natural-resources-considers-buying-205605131.html,1677272165,STORY
023a3b03-5172-4ef7-9ada-ee873667fdb3,A,2023-2-25,The oil market looks drastically different today than it did when Russia invaded Ukraine,Yahoo Finance,https://finance.yahoo.com/news/the-oil-market-looks-drastically-different-today-than-it-did-when-russia-invaded-ukraine-203904387.html,1677271144,STORY
3b53f1fe-1fe0-3f16-8cce-5dfdd1d9c5da,A,2023-2-25,"Oil Stagnates as US Supplies Swell, Demand Rebound Underwhelms",Bloomberg,https://finance.yahoo.com/news/oil-set-modest-weekly-loss-234158678.html,1677271143,STORY
bb4c19bc-7ffb-3f4d-9bdd-dc4f3ac6c7e0,A,2023-2-25,Gold Road Resources Full Year 2022 Earnings: EPS Misses Expectations,Simply Wall St.,https://finance.yahoo.com/news/gold-road-resources-full-2022-203035454.html,1677270635,STORY
f511781c-c96f-3d00-a8d0-9bc802b24218,A,2023-2-26,Should Weakness in Occidental Petroleum Corporation's (NYSE:OXY) Stock Be Seen As A Sign That Market Will Correct The Share Price Given Decent Financials?,Simply Wall St.,https://finance.yahoo.com/news/weakness-occidental-petroleum-corporations-nyse-120046975.html,1677412846,STORY
3087d2d5-7dc9-3c22-bb71-247fcd473fcc,A,2023-2-26,U.S. Regains Its Energy Clout as Ukraine War Enters Second Year,The Wall Street Journal,https://finance.yahoo.com/m/3087d2d5-7dc9-3c22-bb71-247fcd473fcc/u.s.-regains-its-energy-clout.html,1677412800,STORY
75ecfc8e-a6b1-3ff7-8fcb-9175c26cd258,A,2023-2-26,"Jaelin Kauf ends U.S. moguls medal drought at worlds, Mikael Kingsbury breaks records",NBC Sports,https://finance.yahoo.com/m/75ecfc8e-a6b1-3ff7-8fcb-9175c26cd258/jaelin-kauf-ends-u.s.-moguls.html,1677411027,STORY
6b559e87-74be-3a8d-84a4-2f0fdde5b1f4,A,2023-2-26,Iraq Announces String Of Deals To Boost Oil And Gas Output,Oilprice.com,https://finance.yahoo.com/news/iraq-announces-string-deals-boost-220000075.html,1677362400,STORY
5f66aef1-7212-35b3-b1fd-280524ac49f1,A,2023-2-26,From Zero-Covid To Energy Demand Explosion: The Impact Of China’s Reopening,Oilprice.com,https://finance.yahoo.com/news/zero-covid-energy-demand-explosion-200000010.html,1677355200,STORY
6e08c9c9-1baa-32de-93db-cc9923c853e5,A,2023-2-26,Venezuelan Oil Production Has Plummeted By 75% In Ten Years,Oilprice.com,https://finance.yahoo.com/news/venezuelan-oil-production-plummeted-75-160000292.html,1677340800,STORY
01eb5989-45ca-3a79-9acd-624ddf4844dc,A,2023-2-26,"Gas prices drop in NJ, around nation as crude prices decline",AP Finance,https://finance.yahoo.com/news/gas-prices-drop-nj-around-150129138.html,1677337289,STORY
43f9f116-0cc0-3d05-88f4-fcedfc74d539,A,2023-2-26,Eni-chartered cargo of Venezuelan crude departs for Europe,Reuters,https://finance.yahoo.com/news/eni-chartered-cargo-venezuelan-crude-100000819.html,1677319200,STORY
42595a1b-eaf3-338f-8c03-d52b862ca03b,A,2023-2-27,UPDATE 2-Kenya seeks to defer fuel payments to ease FX pressure,Reuters,https://finance.yahoo.com/news/2-kenya-seeks-defer-fuel-091615120.html,1677489375,STORY
d2b3f756-5b1e-3b6c-9cf3-cd28012782a2,A,2023-2-27,China Coal Accident Prompts Nationwide Checks on Mine Safety,Bloomberg,https://finance.yahoo.com/news/china-coal-accident-prompts-nationwide-054219155.html,1677476539,STORY
b73a94ba-ada9-3809-82c2-a2ab558c7fa7,A,2023-2-27,"Woodside sees 'finely balanced' gas market, China comeback still uncertain",Reuters,https://finance.yahoo.com/news/woodside-sees-finely-balanced-gas-051944247.html,1677475184,STORY
f02fcdc0-4bff-3ef7-ba29-e0ef797f6d59,A,2023-2-27,"UPDATE 2-Yulong Petrochemical agrees crude supply deals with BP, Chevron for 2024",Reuters,https://finance.yahoo.com/news/1-yulong-petrochemical-agrees-crude-051347428.html,1677474827,STORY
a6a51095-1e38-3669-85e6-efcdf038f9c1,A,2023-2-27,Shell hits 7-month high after Goldman upgrade,Investing.com,https://finance.yahoo.com/news/shell-hits-7-month-high-050202315.html,1677474122,STORY
38ef397b-e727-3185-a3aa-41d6020d3112,A,2023-2-27,UK oil and gas sector warns windfall taxes are deterring investment,Financial Times,https://finance.yahoo.com/m/38ef397b-e727-3185-a3aa-41d6020d3112/uk-oil-and-gas-sector-warns.html,1677474056,STORY
d0b90644-383e-36a9-8561-770cdaee58e6,A,2023-2-27,"GLOBAL MARKETS-Asia stocks feel rate squeeze, dollar gets the lift",Reuters,https://finance.yahoo.com/news/global-markets-asia-stocks-feel-042631032.html,1677471991,STORY
05d7ecbb-b997-3e1b-83ad-f9727fd07383,A,2023-2-27,European stocks higher; positive start to week ahead of inflation data,Investing.com,https://finance.yahoo.com/news/european-stocks-higher-positive-start-035130738.html,1677469890,STORY
424c85dc-f2e3-3d64-a21a-9465bc8b8f5e,A,2023-2-28,Sempra on track to FID Texas Port Arthur LNG export plant in Q1,Reuters,https://finance.yahoo.com/news/sempra-track-fid-texas-port-130440547.html,1677589480,STORY
9f23b005-668c-3896-8243-7a7da639f5f1,A,2023-2-28,UPDATE 1-Venture Global strikes 20-year LNG supply deal with Excelerate Energy,Reuters,https://finance.yahoo.com/news/1-venture-global-strikes-20-130045822.html,1677589245,STORY
7c28c01c-7bb5-356b-83b6-3f0134394a87,A,2023-2-28,Jessie Diggins is first U.S. cross-country skier to win individual world title,NBC Sports,https://finance.yahoo.com/m/7c28c01c-7bb5-356b-83b6-3f0134394a87/jessie-diggins-is-first-u.s..html,1677587297,STORY
26f08da1-1336-3850-b09a-1588deb31248,A,2023-2-28,Here's Why Oil Prices Could Hit $100 a Barrel By Summer,Motley Fool,https://finance.yahoo.com/m/26f08da1-1336-3850-b09a-1588deb31248/here%27s-why-oil-prices-could.html,1677586380,STORY
81c01965-85f3-32d2-a5b0-d10934bfe058,A,2023-2-28,"Oil prices head for a 4th monthly loss in a row, as traders keep worrying about the Fed's war on inflation",Business Insider,https://finance.yahoo.com/m/81c01965-85f3-32d2-a5b0-d10934bfe058/oil-prices-head-for-a-4th.html,1677584323,STORY
a70ab724-b07f-361b-b2e9-8d2742d2b4c4,A,2023-2-28,Q4 2022 Vista Gold Corp Earnings Call,Thomson Reuters StreetEvents,https://finance.yahoo.com/news/q4-2022-vista-gold-corp-103814340.html,1677580694,STORY
28a7d627-4084-34fc-92bf-9eb652c34ebd,A,2023-2-28,"GLOBAL MARKETS-Shares slip, bond yields hit multi-year highs on inflation fears",Reuters,https://finance.yahoo.com/news/global-markets-shares-slip-bond-101323310.html,1677579203,STORY
4f637da5-87f4-30d0-af9a-e5949d99b4af,A,2023-2-28,Oil on Pace for February Decline After Fears of Higher Fed Rates,Barrons.com,https://finance.yahoo.com/m/4f637da5-87f4-30d0-af9a-e5949d99b4af/oil-on-pace-for-february.html,1677577620,STORY
8379c20e-a493-355a-a3ae-b3ff000262c6,A,2023-3-1,UPDATE 2-Enbridge to buy US Gulf Coast gas storage facility for $335 million,Reuters,https://finance.yahoo.com/news/2-enbridge-buy-us-gulf-130744535.html,1677676064,STORY
6e77a80b-8032-34f9-8bdc-1ed9da17a067,A,2023-3-1,Oil Reverses Gains as Traders See Central Banks Staying Hawkish,Bloomberg,https://finance.yahoo.com/news/oil-flips-gain-china-recovery-040235451.html,1677674867,STORY
bcfb3113-e605-3ce9-b1fe-0581ce25d413,A,2023-3-1,Oil prices fall as inventory worries outweigh upbeat China data,MarketWatch,https://finance.yahoo.com/m/bcfb3113-e605-3ce9-b1fe-0581ce25d413/oil-prices-fall-as-inventory.html,1677674640,STORY
e9726249-c93e-3d86-8758-fb1b7ac4aca5,A,2023-3-1,Saudi Aramco Eyes Stake in Foreign LNG Plant as Demand for Fuel Surges,Bloomberg,https://finance.yahoo.com/news/saudi-aramco-eyes-stake-foreign-110651047.html,1677672315,STORY
d36b0f3d-f5c3-30ad-9894-7cf462d7bbd3,A,2023-3-1,Lindsey Jacobellis becomes oldest world championships medalist in snowboard cross,NBC Sports,https://finance.yahoo.com/m/d36b0f3d-f5c3-30ad-9894-7cf462d7bbd3/lindsey-jacobellis-becomes.html,1677670462,STORY
f44fba40-39d8-3340-a03d-74c60e4d7a4b,A,2023-3-1,McEwen (MUX) Soars 8.8%: Is Further Upside Left in the Stock?,Zacks,https://finance.yahoo.com/news/mcewen-mux-soars-8-8-084708194.html,1677660428,STORY
f04d608e-4773-37a7-8da6-ebf967fe8eff,A,2023-3-1,Oil Prices Climb As China’s Manufacturing Data Stuns Markets,Oilprice.com,https://finance.yahoo.com/news/oil-prices-climb-china-manufacturing-073142733.html,1677655902,STORY
5ccae9fb-6e3b-33cd-98e8-d622a82ce709,A,2023-3-1,"Energy Execs Are Now Paid to Pump Cash, Not Oil",Barrons.com,https://finance.yahoo.com/m/5ccae9fb-6e3b-33cd-98e8-d622a82ce709/energy-execs-are-now-paid-to.html,1677650400,STORY
18aff6b0-074c-31d1-80c9-e148ded24524,A,2023-3-2,UPDATE 1-Freeport LNG likely restarts 2nd liquefaction train at Texas export plant,Reuters,https://finance.yahoo.com/news/1-freeport-lng-likely-restarts-131423083.html,1677762863,STORY
698e443d-7a33-3275-8a3d-df6099481481,A,2023-3-2,"Insiders at Occidental Petroleum Corporation (NYSE:OXY) sold US$1.5m worth of stock, possibly indicating weakness in the future",Simply Wall St.,https://finance.yahoo.com/news/insiders-occidental-petroleum-corporation-nyse-130029838.html,1677762029,STORY
a0448efb-8257-3744-85bc-8c903fa7a2b5,A,2023-3-2,"Oil prices rise, buoyed by demand optimism",MarketWatch,https://finance.yahoo.com/m/a0448efb-8257-3744-85bc-8c903fa7a2b5/oil-prices-rise%2C-buoyed-by.html,1677761520,STORY
e763d660-b916-3080-8bd2-a3c94d383c14,A,2023-3-2,This Magnificent Dividend Stock's Recent Additions Add More Fuel to the Buy Case,Motley Fool,https://finance.yahoo.com/m/e763d660-b916-3080-8bd2-a3c94d383c14/this-magnificent-dividend.html,1677760620,STORY
d3111d91-0f00-3610-9447-bab1c6a1d405,A,2023-3-2,Freeport LNG export plant in Texas set to pull in 1.2 bcfd of feedgas -data,Reuters,https://finance.yahoo.com/news/freeport-lng-export-plant-texas-120422853.html,1677758662,STORY
a72e8838-49a0-35cf-8a51-2273b42f9867,A,2023-3-2,Citi pledges to cut emissions for more sectors including coal mining,Reuters,https://finance.yahoo.com/news/citi-pledges-cut-emissions-more-120001717.html,1677758401,STORY
7d5c25c7-0f52-359f-b9b6-d3b90661b90f,A,2023-3-2,"Biden admin offers $1.2 bln for distressed, shut nuclear plants",Reuters,https://finance.yahoo.com/news/biden-admin-offers-1-2-120000531.html,1677758400,STORY
98373f5c-329f-3bef-813b-a9465e48ab53,A,2023-3-2,Mining Dealmakers Set for Year of Hot M&A After Monster Gold Bid,Bloomberg,https://finance.yahoo.com/news/mining-dealmakers-set-hot-m-110000696.html,1677754800,STORY
5b5942b2-de1b-310d-b279-1aff93b0a741,A,2023-3-3,"Oil prices edge lower, but on track for weekly gains",MarketWatch,https://finance.yahoo.com/m/5b5942b2-de1b-310d-b279-1aff93b0a741/oil-prices-edge-lower%2C-but-on.html,1677846960,STORY
28d16368-3f6a-35cc-992f-56aa3a32ea41,A,2023-3-3,UPDATE 1-US natgas flows to LNG export plants set to hit record high - Refinitiv,Reuters,https://finance.yahoo.com/news/1-us-natgas-flows-lng-123424756.html,1677846864,STORY
4df680b9-d6b0-3675-9183-34a2cc5ccdb7,A,2023-3-3,"EUROPE POWER-German Monday price slightly higher, outlook mixed",Reuters,https://finance.yahoo.com/news/europe-power-german-monday-price-104549159.html,1677840349,STORY
047365d3-581f-3cf6-bdbc-ebfc52540937,A,2023-3-3,Police: Illegal refinery blast in Nigeria kills at least 12,AP Finance,https://finance.yahoo.com/news/police-illegal-refinery-blast-nigeria-103456617.html,1677839696,STORY
15aa5513-5f23-3c6b-a3db-744369b18fe0,A,2023-3-3,How Gas From Texas Becomes Cooking Fuel in France,The Wall Street Journal,https://finance.yahoo.com/m/15aa5513-5f23-3c6b-a3db-744369b18fe0/how-gas-from-texas-becomes.html,1677839400,STORY
79cbf0c7-c92b-3dc6-bcd9-6eed63372c25,A,2023-3-3,Shell Says Cutting Oil Production Is ‘Not Healthy.’ It’s Catching Up With Exxon and Chevron.,Barrons.com,https://finance.yahoo.com/m/79cbf0c7-c92b-3dc6-bcd9-6eed63372c25/shell-says-cutting-oil.html,1677838800,STORY
358aa982-3cc0-393d-82bd-5c1612aad8e5,A,2023-3-3,"Bitcoin Bears May Still Be a Bit Early, Though Caution Urged: Matrixport",CoinDesk,https://finance.yahoo.com/news/bitcoin-bears-may-still-bit-085300410.html,1677833580,STORY
6fa5b65b-b1ad-3fe1-80bd-9a2886db17ce,A,2023-3-3,Oil Prices Set For A Weekly Gain As Chinese Demand Rebounds,Oilprice.com,https://finance.yahoo.com/news/oil-prices-set-weekly-gain-073951505.html,1677829191,STORY
bbbdced2-5962-3a20-bea1-0b1fd6d52683,A,2023-3-4,Q4 2022 Gold Resource Corp Earnings Call,Thomson Reuters StreetEvents,https://finance.yahoo.com/news/q4-2022-gold-corp-earnings-041630965.html,1677903390,STORY
65b9226b-0641-34d5-b388-cc514e66e312,A,2023-3-4,Natural Gas Shortages In Colombia: Is An Energy Crisis Imminent?,Oilprice.com,https://finance.yahoo.com/news/natural-gas-shortages-colombia-energy-000000451.html,1677888000,STORY
7bb9a519-f237-3fc3-974e-558a0fde09a8,A,2023-3-4,Natural Gas: A Comprehensive Guide To The World's Most Crucial Fuel,Oilprice.com,https://finance.yahoo.com/news/natural-gas-comprehensive-guide-worlds-230000516.html,1677884400,STORY
88bfd09c-f253-3636-becd-460d3abe04ab,A,2023-3-4,Colombia protesters release kidnapped police officers and oil workers,Financial Times,https://finance.yahoo.com/m/88bfd09c-f253-3636-becd-460d3abe04ab/colombia-protesters-release.html,1677884061,STORY
842796a0-6f6f-3ef1-b386-23b671c6a32a,A,2023-3-4,Precious Metals May Be a Good Way To Save for Retirement — How To Rollover Your IRA,GOBankingRates,https://finance.yahoo.com/news/precious-metals-may-good-way-225408116.html,1677884048,STORY
ec937967-14d2-3b61-bd93-b75f32255e53,A,2023-3-4,GLOBAL MARKETS-Wall Street stocks power higher as Treasury yields and dollar ease,Reuters,https://finance.yahoo.com/news/global-markets-wall-street-stocks-212053256.html,1677878453,STORY
6b3c2197-5a9e-3066-862d-e5ec18e9b5b6,A,2023-3-4,Oil Set to Post Weekly Gain as UAE Refutes Report of OPEC Exit,Bloomberg,https://finance.yahoo.com/news/brent-oil-slumps-wsj-report-141140440.html,1677877739,STORY
e1da211f-5689-3d6d-b4bc-6393dc9e32a7,A,2023-3-4,Oil And Gas Jobs: What It Takes To Make It In The Oil Industry,Oilprice.com,https://finance.yahoo.com/news/oil-gas-jobs-takes-oil-210000405.html,1677877200,STORY
be0a875b-7fd1-3cad-bec3-89d506ca6651,A,2023-3-5,Forget Peak Oil Demand: A Thirst for Barrels Puts $100 in View,Bloomberg,https://finance.yahoo.com/news/forget-peak-oil-demand-thirst-110000334.html,1678014000,STORY
f0fefb91-6c2f-3936-9afd-a7719ba165b8,A,2023-3-5,"If Joe Biden can open massive new oil fields, then so can Britain",The Telegraph,https://finance.yahoo.com/news/joe-biden-open-massive-oil-110000462.html,1678014000,STORY
5d45e715-0e30-3764-8ff1-d15848ab0a08,A,2023-3-5,Exports Via Key UK-EU Gas Link Halted During Winter Cold Snap,Bloomberg,https://finance.yahoo.com/news/exports-via-key-uk-eu-082551476.html,1678004751,STORY
6859cbdd-db41-3070-9b1f-9d242f06d90c,A,2023-3-5,Energy & precious metals - weekly review and outlook,Investing.com,https://finance.yahoo.com/news/energy-precious-metals-weekly-review-042810529.html,1677990490,STORY
1048d49e-c6c8-376b-91df-cc65b82a373d,A,2023-3-5,UPDATE 3-China leans on coal amid energy security push,Reuters,https://finance.yahoo.com/news/1-china-underlines-key-role-033931925.html,1677987571,STORY
ea113892-c369-3b51-80f2-8f18e9ba8609,A,2023-3-5,M&A On The Rise In Mining Industry,Oilprice.com,https://finance.yahoo.com/news/m-rise-mining-industry-000000297.html,1677974400,STORY
b2531e2b-7981-39e3-9895-4fab113befac,A,2023-3-5,12 Most Promising Gold Stocks According to Analysts,Insider Monkey,https://finance.yahoo.com/news/12-most-promising-gold-stocks-210811392.html,1677964091,STORY
a8afd489-edcb-3422-9860-2d17f61158ba,A,2023-3-5,Top 15 Independent Oil and Gas Companies in the World,Insider Monkey,https://finance.yahoo.com/news/top-15-independent-oil-gas-150411833.html,1677942251,STORY
41366df7-e2e3-37f0-9e43-995beef03d83,A,2023-3-6,"GLOBAL MARKETS-Stocks and bonds yields fall as investors balance China, central banks",Reuters,https://finance.yahoo.com/news/global-markets-stocks-bonds-yields-131257494.html,1678108377,STORY
a962f43a-8d57-3ebf-92a6-cb8c2fcaa852,A,2023-3-6,Did Norway have best world championships season in snow sports history?,NBC Sports,https://finance.yahoo.com/m/a962f43a-8d57-3ebf-92a6-cb8c2fcaa852/did-norway-have-best-world.html,1678107502,STORY
c239527f-a0ef-3b77-b4ac-e5a5a8e0cf58,A,2023-3-6,Oil prices fall after China’s 5% growth target underwhelms traders,MarketWatch,https://finance.yahoo.com/m/c239527f-a0ef-3b77-b4ac-e5a5a8e0cf58/oil-prices-fall-after-china%E2%80%99s.html,1678107000,STORY
df8ef44b-1b51-3632-9029-0bfacdbb9cf0,A,2023-3-6,India's top explorer ONGC signs MoU with France's TotalEnergies,Reuters,https://finance.yahoo.com/news/indias-top-explorer-ongc-signs-113031210.html,1678102231,STORY
5c039e11-851a-316c-a1ea-d36b29f4a24f,A,2023-3-6,Chronicle of an oil shock foretold,Financial Times,https://finance.yahoo.com/m/5c039e11-851a-316c-a1ea-d36b29f4a24f/chronicle-of-an-oil-shock.html,1678100649,STORY
6b817151-ff2d-3cc5-bcce-67894345ed87,A,2023-3-6,Gold Resource Corporation (AMEX:GORO) Q4 2022 Earnings Call Transcript,Insider Monkey,https://finance.yahoo.com/news/gold-corporation-amex-goro-q4-105931557.html,1678100371,STORY
c1954d8d-6ea4-32be-8fc2-834165b409b8,A,2023-3-6,"GLOBAL MARKETS-Stocks and bonds edge up; investors balance China, central banks",Reuters,https://finance.yahoo.com/news/global-markets-stocks-bonds-edge-103617099.html,1678098977,STORY
a5190a13-6967-3454-a837-9c2dcd4c7d2c,A,2023-3-6,Guyana’s Upcoming Oil Auction Is Attracting Attention From Supermajors,Oilprice.com,https://finance.yahoo.com/news/guyana-upcoming-oil-auction-attracting-083900014.html,1678091940,STORY
a4f002f5-e4c5-382b-9825-036509634b0d,A,2023-3-9,Gold prices inch higher as investors await jobs report,MarketWatch,https://finance.yahoo.com/m/a4f002f5-e4c5-382b-9825-036509634b0d/gold-prices-inch-higher-as.html,1678367940,STORY
325f48d3-439f-3bae-ad4c-041d4b4e5c62,A,2023-3-9,UPDATE 2-US natgas flows to Freeport LNG's export plant in Texas rise - Refinitiv,Reuters,https://finance.yahoo.com/news/1-us-natgas-flows-freeport-130348637.html,1678367028,STORY
888c3f7b-2177-31f7-a04e-5b8d73bb8e3b,A,2023-3-9,Warren Buffett Continues to Buy This Oil Stock Hand Over Fist,Motley Fool,https://finance.yahoo.com/m/888c3f7b-2177-31f7-a04e-5b8d73bb8e3b/warren-buffett-continues-to.html,1678365660,STORY
bd4f4bd6-b035-348d-8217-0401b553da1f,A,2023-3-9,Stocks drop as traders nervously await US jobs data,AFP,https://finance.yahoo.com/m/bd4f4bd6-b035-348d-8217-0401b553da1f/stocks-drop-as-traders.html,1678365454,STORY
f23f0f02-8c5a-3df1-a4c1-5f83e8007754,A,2023-3-9,Oil steadies after Fed rate worries spark back-to-back losses,MarketWatch,https://finance.yahoo.com/m/f23f0f02-8c5a-3df1-a4c1-5f83e8007754/oil-steadies-after-fed-rate.html,1678365420,STORY
ee16e71d-a0c9-3efd-b432-d86d4871ffef,A,2023-3-9,Big Oil Gushes Cash Because It Doesn’t Know Where to Invest,The Wall Street Journal,https://finance.yahoo.com/m/ee16e71d-a0c9-3efd-b432-d86d4871ffef/big-oil-gushes-cash-because.html,1678363140,STORY
2eed6156-d0c8-36c1-ae02-e71ed141d272,A,2023-3-9,UPDATE 1-EU energy chief tells companies not to sign new Russian LNG deals,Reuters,https://finance.yahoo.com/news/1-eu-energy-chief-tells-111228706.html,1678360348,STORY
3040fa15-c1fa-3ca3-968c-b24df7e69541,A,2023-3-9,Big Oil Lashes Out At Brazil For Surprise Crude Export Tax,Oilprice.com,https://finance.yahoo.com/news/big-oil-lashes-brazil-surprise-083000310.html,1678350600,STORY
1126c435-649b-34fa-996f-6c9d72ee9f64,A,2023-3-10,US natgas futures ease 1% to 2-week low on less cold forecasts,Reuters,https://finance.yahoo.com/news/us-natgas-futures-ease-1-132036874.html,1678454436,STORY
cd1eea80-266c-39f6-9b27-dc364f678fef,A,2023-3-10,"GLOBAL LNG-Asian spot LNG prices hit 20-month low, incentivises Chinese return",Reuters,https://finance.yahoo.com/news/global-lng-asian-spot-lng-131333317.html,1678454013,STORY
fda00b2e-b438-3047-bef7-508c0ba324e1,A,2023-3-10,Gold ticks higher as U.S.  jobs report looms,MarketWatch,https://finance.yahoo.com/m/fda00b2e-b438-3047-bef7-508c0ba324e1/gold-ticks-higher-as-u.s.-.html,1678452840,STORY
cdb30fb7-f703-31b0-9e29-214d2bc4af47,A,2023-3-10,UPDATE 1-EU to hold joint naval exercises amid growing maritime security threats,Reuters,https://finance.yahoo.com/news/1-eu-hold-joint-naval-124844428.html,1678452524,STORY
c5ad00d1-0f90-3066-a529-8dda6ae8b8cd,A,2023-3-10,Oil on track for biggest weekly loss since early February on fears of Fed rate rises,MarketWatch,https://finance.yahoo.com/m/c5ad00d1-0f90-3066-a529-8dda6ae8b8cd/oil-on-track-for-biggest.html,1678451940,STORY
6e64b5b9-41de-38cb-aabd-a113668bffef,A,2023-3-10,GLOBAL MARKETS- Global shares hit by jittery banks ahead of U.S. payrolls,Reuters,https://finance.yahoo.com/news/global-markets-global-shares-hit-123400487.html,1678451640,STORY
852a0f73-29db-3270-822b-56910620cbb5,A,2023-3-10,Mali gold exports rise 8.4% in 2022,Reuters,https://finance.yahoo.com/news/mali-gold-exports-rise-8-123206811.html,1678451526,STORY
7dd8e819-8afd-3df4-aa4b-26b689536f1d,A,2023-3-10,Best Dividend Stock to Buy: Raytheon vs. Occidental Petroleum,Motley Fool,https://finance.yahoo.com/m/7dd8e819-8afd-3df4-aa4b-26b689536f1d/best-dividend-stock-to-buy%3A.html,1678447800,STORY
73ec4169-9549-3df5-bae0-9efe6191da98,A,2023-3-11,Why These Energy Stocks Have the Potential to Thrive,Motley Fool,https://finance.yahoo.com/m/73ec4169-9549-3df5-bae0-9efe6191da98/why-these-energy-stocks-have.html,1678536900,STORY
c80411a7-7036-3d0d-a559-8508c862d3a6,A,2023-3-11,Oil industry struts Texas stage with its old swagger at energy jamboree,Financial Times,https://finance.yahoo.com/m/c80411a7-7036-3d0d-a559-8508c862d3a6/oil-industry-struts-texas.html,1678532408,STORY
2922e747-eaf5-3e79-8ab6-f3a8bfcfce3a,A,2023-3-11,U.S. Expected to Approve ConocoPhillips Oil-Drilling Project in Alaska,The Wall Street Journal,https://finance.yahoo.com/m/2922e747-eaf5-3e79-8ab6-f3a8bfcfce3a/u.s.-expected-to-approve.html,1678509900,STORY
2849010a-c266-3605-8142-a697500dccc4,A,2023-3-11,Biden Officials Back Alaska Oil Project Scorned as Carbon Bomb,Bloomberg,https://finance.yahoo.com/news/biden-officials-back-alaska-oil-221705966.html,1678493934,STORY
dfb16fdf-7f1a-3cd2-bdd8-b02d85229967,A,2023-3-11,"GLOBAL MARKETS-Wall Street dives, Treasury yields tumble as bank worries spread",Reuters,https://finance.yahoo.com/news/global-markets-wall-street-dives-213950070.html,1678484390,STORY
4102c2f2-8883-30f2-b545-73539a06ef84,A,2023-3-11,"Eric Frenzel, most decorated Olympic Nordic combined skier, sets retirement",NBC Sports,https://finance.yahoo.com/m/4102c2f2-8883-30f2-b545-73539a06ef84/eric-frenzel%2C-most-decorated.html,1678480269,STORY
65b53bba-c0df-3ef8-9d1a-60d624a89dfb,A,2023-3-11,Oil Cements Weekly Loss as Macro Gales Whip Crude To and Fro,Bloomberg,https://finance.yahoo.com/news/oil-set-weekly-loss-fed-235140707.html,1678479705,STORY
56d2230a-4f7b-37b3-b0dd-c50a6fa93fb0,A,2023-3-11,Here's Why We Think Horizon Oil (ASX:HZN) Is Well Worth Watching,Simply Wall St.,https://finance.yahoo.com/news/heres-why-think-horizon-oil-201405637.html,1678479245,STORY
b13456d0-b59e-305e-9bf6-6c9be21f660f,A,2023-3-12,Saudi Aramco reports 'record' $161 billion profit for 2022,AFP,https://finance.yahoo.com/m/b13456d0-b59e-305e-9bf6-6c9be21f660f/saudi-aramco-reports-%27record%27.html,1678614017,STORY
41e5bc66-db43-36fb-b3c3-8bf0ddba71bc,A,2023-3-12,Oil giant Saudi Aramco announces record profit of $161B in 2022,Fox Business,https://finance.yahoo.com/news/oil-giant-saudi-aramco-announces-091242244.html,1678612362,STORY
8b05e9dd-5621-3f8a-9dc6-1c04cccb3542,A,2023-3-12,Saudi Aramco reports 46% jump in profits for 2022,AFP,https://finance.yahoo.com/m/8b05e9dd-5621-3f8a-9dc6-1c04cccb3542/saudi-aramco-reports-46%25-jump.html,1678605325,STORY
51c9500b-d919-3533-ab76-7620ee8cd7b4,A,2023-3-12,Energy & precious metals - weekly review and outlook,Investing.com,https://finance.yahoo.com/news/energy-precious-metals-weekly-review-053728555.html,1678599448,STORY
72783ce2-8f69-3c7f-b6da-d3364acd08e7,A,2023-3-12,10 Biggest Silver Mining Companies,Investopedia,https://finance.yahoo.com/m/72783ce2-8f69-3c7f-b6da-d3364acd08e7/10-biggest-silver-mining.html,1678598458,STORY
fe8bb349-279c-3792-a41a-fe5ad4809e1b,A,2023-3-12,Loss-Making Bellevue Gold Limited (ASX:BGL) Expected To Breakeven In The Medium-Term,Simply Wall St.,https://finance.yahoo.com/news/loss-making-bellevue-gold-limited-001317992.html,1678579997,STORY
aa3da7a6-db90-3c98-b366-7148ccb5d261,A,2023-3-12,Will We See A Return Of Triple Digit Oil This Year?,Oilprice.com,https://finance.yahoo.com/news/see-return-triple-digit-oil-000000828.html,1678579200,STORY
dc675277-5458-3fe0-8cbb-8d61d0675d6a,A,2023-3-12,The World Desperately Needs More Oil And Gas Investment,Oilprice.com,https://finance.yahoo.com/news/world-desperately-needs-more-oil-220000939.html,1678572000,STORY
8863c3dd-46b5-3cf1-9ed0-33a95a9bf012,A,2023-3-13,Clean and Cheap Oil Is a Heavy Lift,The Wall Street Journal,https://finance.yahoo.com/m/8863c3dd-46b5-3cf1-9ed0-33a95a9bf012/clean-and-cheap-oil-is-a.html,1678713300,STORY
a3d4be40-3570-3704-9a75-174c39dc7ad0,A,2023-3-13,AP sources: Biden OKs huge Willow oil project in Alaska,AP Finance,https://finance.yahoo.com/news/ap-sources-biden-oks-huge-125722927.html,1678712242,STORY
672c2b44-19da-3874-9fe6-b8fda5bd8702,A,2023-3-13,Russian Oil Flows Rebound as India Snaps Up More Pacific Cargoes,Bloomberg,https://finance.yahoo.com/news/russian-oil-flows-rebound-india-125403464.html,1678712043,STORY
1fc3b578-d77d-3f04-9f3a-59e01dbe0730,A,2023-3-13,"GLOBAL MARKETS-Europe's bank shares plunge, bonds rally despite SVB rescue effort",Reuters,https://finance.yahoo.com/news/global-markets-europes-bank-shares-122224675.html,1678710144,STORY
942577db-5038-3e09-8980-bb2050455d03,A,2023-3-13,UAE's ADNOC Gas shares surge 19% in $2.5bn IPO,AFP,https://finance.yahoo.com/m/942577db-5038-3e09-8980-bb2050455d03/uae%27s-adnoc-gas-shares-surge.html,1678706422,STORY
e1b1493e-a3b8-37ca-8f2c-ddaa5c0743a7,A,2023-3-13,Opinion: Who profits from Southern California's high gas bills? The problem is we don't know,LA Times,https://finance.yahoo.com/news/opinion-profits-southern-californias-high-103025509.html,1678703425,STORY
82ab5367-071e-3ff9-8397-aad895af4523,A,2023-3-13,Rio Tinto commences underground production at Mongolian copper mine,Reuters,https://finance.yahoo.com/news/rio-tinto-commences-underground-production-100444955.html,1678701884,STORY
b4961bb3-09ad-3ad1-8d48-62b1154b2442,A,2023-3-13,Pakistan Seeks To Buy Russian Oil At $50 Per Barrel,Oilprice.com,https://finance.yahoo.com/news/pakistan-seeks-buy-russian-oil-094946125.html,1678700986,STORY
c5801352-c5a1-37c0-9e6d-fa21b28725cb,A,2023-3-14,Gold Holds Drop After US Inflation Matches Forecasts,Bloomberg,https://finance.yahoo.com/news/gold-stable-banking-crisis-stokes-004042764.html,1678798545,STORY
ad9e754f-465c-30cf-b8bd-756df1352ac2,A,2023-3-14,US natgas futures hold near one-week high on colder forecasts,Reuters,https://finance.yahoo.com/news/us-natgas-futures-hold-near-124742727.html,1678798062,STORY
99564ccb-506b-3c07-a645-f4d40c2e5404,A,2023-3-14,OPEC Sees Weaker Western Oil Demand Countering Growing Chinese Appetite,The Wall Street Journal,https://finance.yahoo.com/m/99564ccb-506b-3c07-a645-f4d40c2e5404/opec-sees-weaker-western-oil.html,1678798020,STORY
767f9405-8282-336f-9920-5a4cd1a1c340,A,2023-3-14,OPEC leaves forecast for growth in global oil demand unchanged,MarketWatch,https://finance.yahoo.com/m/767f9405-8282-336f-9920-5a4cd1a1c340/opec-leaves-forecast-for.html,1678795920,STORY
8681b87d-c6f9-3c32-b021-187a55dedc17,A,2023-3-14,OPEC Signals Modest Oil Surplus Next Quarter on Demand Lull,Bloomberg,https://finance.yahoo.com/news/opec-signals-modest-oil-surplus-121000697.html,1678795800,STORY
07178689-6026-36bd-b8b7-951b9d61473f,A,2023-3-14,Oil extends fall after California’s SVB collapse raised fears about economic growth,MarketWatch,https://finance.yahoo.com/m/07178689-6026-36bd-b8b7-951b9d61473f/oil-extends-fall-after.html,1678795380,STORY
4a20bc38-6902-3fae-a63b-668be439185f,A,2023-3-14,Gold retreats from 5-week high ahead of U.S. inflation report,MarketWatch,https://finance.yahoo.com/m/4a20bc38-6902-3fae-a63b-668be439185f/gold-retreats-from-5-week.html,1678795200,STORY
5c4549e6-eed1-3cc3-a044-0112c3cbc5d6,A,2023-3-14,GLOBAL MARKETS-Shares fall as market stress stokes volatility,Reuters,https://finance.yahoo.com/news/global-markets-shares-fall-market-113623939.html,1678793783,STORY
1d028785-5178-3349-91a1-69a5f023fb01,A,2023-3-15,U.S. oil benchmark dips below $70 a barrel as recession fears mount,MarketWatch,https://finance.yahoo.com/m/1d028785-5178-3349-91a1-69a5f023fb01/u.s.-oil-benchmark-dips-below.html,1678881840,STORY
16a628a0-65af-3b53-900a-088db082d2df,A,2023-3-15,Why Gas Bills Are Going Crazy—With No End in Sight,The Wall Street Journal,https://finance.yahoo.com/m/16a628a0-65af-3b53-900a-088db082d2df/why-gas-bills-are-going.html,1678881360,STORY
012ee695-53ba-314b-ae3f-3973bcee17d8,A,2023-3-15,Russia's oil revenue sinks as price cap bites: IEA,AFP,https://finance.yahoo.com/m/012ee695-53ba-314b-ae3f-3973bcee17d8/russia%27s-oil-revenue-sinks-as.html,1678880178,STORY
6363575f-e690-3886-92cd-06235195faf3,A,2023-3-15,"European stock markets, euro slump on banking fallout",AFP,https://finance.yahoo.com/m/6363575f-e690-3886-92cd-06235195faf3/european-stock-markets%2C-euro.html,1678880006,STORY
f163afcf-339e-33c2-b062-bda67334a169,A,2023-3-15,UPDATE 1-French unions urge show of force as Macron's pension reform nears finale,Reuters,https://finance.yahoo.com/news/1-french-unions-urge-show-104309397.html,1678876989,STORY
fdf5ebb0-0291-312b-8940-057487d0c709,A,2023-3-15,Musk brought internet to Brazil’s Amazon. Criminals love it.,AP Finance,https://finance.yahoo.com/news/musk-internet-kits-boon-bad-102633905.html,1678875993,STORY
65761733-3eb4-302a-81fd-f4b8f22db27d,A,2023-3-15,"UPDATE 2-French LNG terminals, refineries extend strike to second week",Reuters,https://finance.yahoo.com/news/1-french-lng-terminals-refineries-094902185.html,1678873742,STORY
1e27751b-bae1-306d-9207-3e57b3e064df,A,2023-3-15,French unions urge show of force as Macron's pension overhaul nears finale,Reuters,https://finance.yahoo.com/news/french-unions-urge-show-force-084515452.html,1678869915,STORY
2b8075df-521f-38e6-bdf6-65249b048595,A,2023-3-16,Gold slips from 6-week high as banking jitters ease,MarketWatch,https://finance.yahoo.com/m/2b8075df-521f-38e6-bdf6-65249b048595/gold-slips-from-6-week-high.html,1678968540,STORY
7ddce4d6-1ad1-3e31-8bfe-3eb486611f9a,A,2023-3-16,"Gold Fields, AngloGold Venture to Create Africa’s No. 1 Mine",Bloomberg,https://finance.yahoo.com/news/gold-fields-anglogold-create-africa-073359964.html,1678968325,STORY
e5d80052-9342-3711-b179-5a5e9e8a5e84,A,2023-3-16,Oil extends slide after ending at 15-month low,MarketWatch,https://finance.yahoo.com/m/e5d80052-9342-3711-b179-5a5e9e8a5e84/oil-extends-slide-after.html,1678968000,STORY
9a9526fd-b49d-3e30-91a1-b63b9436862a,A,2023-3-16,Oil Hovers Near 15-Month Low After Banking Crisis Roils Market,Bloomberg,https://finance.yahoo.com/news/oil-recovers-15-month-low-231938860.html,1678967369,STORY
525fab79-df57-3270-8aac-693a60fd8506,A,2023-3-16,Gold Retailers Woo Trump Fans With Appeals to MAGA-Fueled Angst,Bloomberg,https://finance.yahoo.com/news/gold-retailers-woo-trump-fans-090000447.html,1678957200,STORY
63eb4e60-b36e-39a1-be1d-5dc321e78dec,A,2023-3-16,"Bitcoin Held in Funds Drops to Lowest Since October 2021, ByteTree Data Shows",CoinDesk,https://finance.yahoo.com/news/bitcoin-held-funds-drops-lowest-085913812.html,1678957153,STORY
18987e91-0b5a-3bf6-9467-4bf881570085,A,2023-3-16,Oil Prices Begin To Bounce Back Following Dramatic Drop,Oilprice.com,https://finance.yahoo.com/news/oil-prices-begin-bounce-back-082849452.html,1678955329,STORY
b39cb237-1b54-3b0c-a9ad-64fd3aa79f88,A,2023-3-16,French brewery attack flags Russia's tussle for influence in Africa,AFP,https://finance.yahoo.com/m/b39cb237-1b54-3b0c-a9ad-64fd3aa79f88/french-brewery-attack-flags.html,1678952488,STORY
7b3cee25-7314-3e8b-a500-6b6658d0e1ee,A,2023-3-17,Warren Buffett Just Can't Seem to Get Enough of This Oil Stock,Motley Fool,https://finance.yahoo.com/m/7b3cee25-7314-3e8b-a500-6b6658d0e1ee/warren-buffett-just-can%27t.html,1679056500,STORY
ad18133f-98dd-34d8-a3dd-378b733cec94,A,2023-3-17,Gold prices trade near 6-week high as U.S. dollar weakens,MarketWatch,https://finance.yahoo.com/m/ad18133f-98dd-34d8-a3dd-378b733cec94/gold-prices-trade-near-6-week.html,1679056380,STORY
b3ab26ab-1d3d-49b7-ab15-b7fb0193af3c,A,2023-3-17,Stock market news today: Futures lower as First Republic rescue weighs on banks,Yahoo Finance,https://finance.yahoo.com/news/stock-market-news-today-march-17-2023-123151709.html,1679056311,STORY
fd75d48f-df08-31e1-ab4d-279da820411e,A,2023-3-17,Recession fears put oil on track for worst week of 2023,MarketWatch,https://finance.yahoo.com/m/fd75d48f-df08-31e1-ab4d-279da820411e/recession-fears-put-oil-on.html,1679055660,STORY
2a7c6cdc-82fd-35f0-bd62-b5236aedcab6,A,2023-3-17,"GLOBAL LNG-Asian spot prices stay flat at 20-month low, held by buying interest",Reuters,https://finance.yahoo.com/news/global-lng-asian-spot-prices-114805954.html,1679053685,STORY
517da46e-378a-33ce-97eb-572ef7d49a8b,A,2023-3-17,Canada's B.C. province sets high emissions bar for new LNG projects,Reuters,https://finance.yahoo.com/news/canadas-b-c-province-sets-100519388.html,1679047519,STORY
79cb8dec-6d47-3db1-a2cf-c4ba30091d3c,A,2023-3-17,Bitcoin Is Benefiting From Crypto’s Flight to Quality: Matrixport,CoinDesk,https://finance.yahoo.com/news/bitcoin-benefiting-crypto-flight-quality-100228107.html,1679047348,STORY
f5de2171-8ff7-30d8-b43e-3f55856b8d28,A,2023-3-17,Surging Chinese Oil Demand Pushes Shipping Costs Sharply Higher,The Wall Street Journal,https://finance.yahoo.com/m/f5de2171-8ff7-30d8-b43e-3f55856b8d28/surging-chinese-oil-demand.html,1679045400,STORY
6ad05185-5949-3e8e-9586-df61f9ace3c6,A,2023-3-18,Europe Moves to Revive Mining to Cut Reliance on China,The Wall Street Journal,https://finance.yahoo.com/m/6ad05185-5949-3e8e-9586-df61f9ace3c6/europe-moves-to-revive-mining.html,1679144400,STORY
54e736ec-da17-3a94-88ca-79f69c6b4a5b,A,2023-3-18,Iraq And UAE Spearhead Downstream Expansion,Oilprice.com,https://finance.yahoo.com/news/iraq-uae-spearhead-downstream-expansion-230000198.html,1679094000,STORY
38471e54-628e-37fe-8844-562220d1d492,A,2023-3-18,"Why Shares of Equinox Gold, Gold Fields, and Harmony Gold Are Soaring This Week",Motley Fool,https://finance.yahoo.com/m/38471e54-628e-37fe-8844-562220d1d492/why-shares-of-equinox-gold%2C.html,1679091855,STORY
f35a29f1-dea1-3cd0-af6c-781c594e1a92,A,2023-3-18,10 Best Copper Stocks To Buy For 2023,Insider Monkey,https://finance.yahoo.com/news/10-best-copper-stocks-buy-214215168.html,1679089335,STORY
f5de2171-8ff7-30d8-b43e-3f55856b8d28,A,2023-3-18,Surging Chinese Oil Demand Pushes Shipping Costs Sharply Higher,The Wall Street Journal,https://finance.yahoo.com/m/f5de2171-8ff7-30d8-b43e-3f55856b8d28/surging-chinese-oil-demand.html,1679086920,STORY
48aa9643-4ff6-3797-aca8-0b9ac014abf8,A,2023-3-18,Buy the Dip in these Oil & Energy Stocks with Crude Prices Under $70,Zacks,https://finance.yahoo.com/news/buy-dip-oil-energy-stocks-205908486.html,1679086748,STORY
bef45090-e08b-3dac-aec2-f43e934328ba,A,2023-3-18,"GLOBAL MARKETS-Global equities fall, gold surges as banking worries linger",Reuters,https://finance.yahoo.com/news/global-markets-global-equities-fall-205500518.html,1679086500,STORY
d9bd728e-c9e3-3fe2-9d05-7b402fdd405a,A,2023-3-18,Analyst Report: Occidental Petroleum Corporation,Morningstar Research,https://finance.yahoo.com/m/d9bd728e-c9e3-3fe2-9d05-7b402fdd405a/analyst-report%3A-occidental.html,1679084545,STORY
c48dc3ee-7fa4-32e9-8c06-dcd9151bb300,A,2023-3-19,Escalating Demand for Soybean Oil Hits Possible Slowdown,The Wall Street Journal,https://finance.yahoo.com/m/c48dc3ee-7fa4-32e9-8c06-dcd9151bb300/escalating-demand-for-soybean.html,1679230800,STORY
7a6f09f2-6767-3d4f-bc7f-ae11bfe4674b,A,2023-3-19,How the Aukus pact could cripple Xi Jinping’s imperial dreams,The Telegraph,https://finance.yahoo.com/news/aukus-pact-could-cripple-xi-060000296.html,1679205600,STORY
2697a483-e815-3117-bc3c-9697c2d249e6,A,2023-3-19,Energy & precious metals - weekly review and outlook,Investing.com,https://finance.yahoo.com/news/energy-precious-metals-weekly-review-054543676.html,1679204743,STORY
427c387b-3e69-3337-8b58-d2b68f3de1b5,A,2023-3-19,11 Best Coal Mining Stocks To Buy Today,Insider Monkey,https://finance.yahoo.com/news/11-best-coal-mining-stocks-223331270.html,1679178811,STORY
744a3740-3f5e-3b1c-a624-1b5df15bf7ce,A,2023-3-19,"The Willow Oil Controversy, Explained",Oilprice.com,https://finance.yahoo.com/news/willow-oil-controversy-explained-210000764.html,1679173200,STORY
fe5c99c5-1834-3deb-977d-22d208d0dc9c,A,2023-3-19,11 Most Undervalued Gold Stocks To Buy According To Hedge Funds,Insider Monkey,https://finance.yahoo.com/news/11-most-undervalued-gold-stocks-153113339.html,1679153473,STORY
cd621d87-329c-3250-93b9-272e2abf8dad,A,2023-3-19,President Petro Can’t Afford To Ban Oil Exploration In Colombia,Oilprice.com,https://finance.yahoo.com/news/president-petro-t-afford-ban-150000305.html,1679151600,STORY
6ad05185-5949-3e8e-9586-df61f9ace3c6,A,2023-3-19,Europe Moves to Revive Mining to Cut Reliance on China,The Wall Street Journal,https://finance.yahoo.com/m/6ad05185-5949-3e8e-9586-df61f9ace3c6/europe-moves-to-revive-mining.html,1679144400,STORY
2f4ce97c-fb96-38b6-99bf-06a2bf874e40,A,2023-3-23,GLOBAL MARKETS-Rally splutters as Europe ploughs on with rate hikes,Reuters,https://finance.yahoo.com/news/global-markets-rally-splutters-europe-125337045.html,1679576017,STORY
f7b11afe-9b24-3088-8371-b30852ac3aed,A,2023-3-23,"US natgas rose 2% on rising LNG exports, ahead of storage report",Reuters,https://finance.yahoo.com/news/us-natgas-rose-2-rising-122802180.html,1679574482,STORY
6f7328e7-fb1c-356e-a091-e93d3e55c4a2,A,2023-3-23,Shoma Uno leads Ilia Malinin at figure skating worlds; Japan wins first pairs’ title,NBC Sports,https://finance.yahoo.com/m/6f7328e7-fb1c-356e-a091-e93d3e55c4a2/shoma-uno-leads-ilia-malinin.html,1679572191,STORY
fdbe2c8b-029a-37dc-a44e-a2b53d23fa28,A,2023-3-23,Controversial gold mine reopens in Thailand,AFP,https://finance.yahoo.com/m/fdbe2c8b-029a-37dc-a44e-a2b53d23fa28/controversial-gold-mine.html,1679568000,STORY
e936e364-6a4b-32d1-afa1-536085b7125a,A,2023-3-23,Japan wins first pairs’ title at figure skating worlds; Americans grab silver,NBC Sports,https://finance.yahoo.com/m/e936e364-6a4b-32d1-afa1-536085b7125a/japan-wins-first-pairs%E2%80%99-title.html,1679565922,STORY
1b2f3ebf-28a3-33d4-b01c-98fbfd61f96a,A,2023-3-23,Big Oil Eyes New Deals in North Africa Amid Rising Energy Demand,The Wall Street Journal,https://finance.yahoo.com/m/1b2f3ebf-28a3-33d4-b01c-98fbfd61f96a/big-oil-eyes-new-deals-in.html,1679562000,STORY
5e572eda-6fe9-357d-9713-0ce897fc265a,A,2023-3-23,China holds 'upper hand' in Russian gas exports,AFP,https://finance.yahoo.com/m/5e572eda-6fe9-357d-9713-0ce897fc265a/china-holds-%27upper-hand%27-in.html,1679561773,STORY
7d0224dc-2b60-3b2d-be15-3c229eba6de5,A,2023-3-23,Diesel Prices May Reflect Weakness in U.S. Economy,Barrons.com,https://finance.yahoo.com/m/7d0224dc-2b60-3b2d-be15-3c229eba6de5/diesel-prices-may-reflect.html,1679554800,STORY
2f69a279-e0cf-37e3-8038-930a81355715,A,2023-3-24,US natgas futures up 3% on forecasts for colder weather,Reuters,https://finance.yahoo.com/news/us-natgas-futures-3-forecasts-122830103.html,1679660910,STORY
0f886737-a529-3acc-9816-5a984df071c5,A,2023-3-24,Saline solutions: creatives use salt waste to make furniture and sculpture,Financial Times,https://finance.yahoo.com/m/0f886737-a529-3acc-9816-5a984df071c5/saline-solutions%3A-creatives.html,1679655657,STORY
d444afb5-8ae8-365b-ae64-086a958f3fd4,A,2023-3-24,GLOBAL MARKETS-No let up for world stocks as banking worries persist,Reuters,https://finance.yahoo.com/news/global-markets-no-let-world-092554299.html,1679649954,STORY
a46c12f7-4382-3c87-859f-57a2cf60344c,A,2023-3-24,Gas Demand Recovery in Europe Gathers Pace as Prices Plunge,Bloomberg,https://finance.yahoo.com/news/europe-gas-demand-recovery-starts-060000452.html,1679649766,STORY
66f07c7c-53ca-325d-9d41-c1d628d02e2a,A,2023-3-24,Oil Prices Set For Weekly Gain Despite Demand Fears,Oilprice.com,https://finance.yahoo.com/news/oil-prices-set-weekly-gain-081001790.html,1679645401,STORY
772a7c40-69f6-392c-a2f6-cf725df73756,A,2023-3-24,Swiss franc grapples with safe-haven identity crisis after Credit Suisse,Reuters,https://finance.yahoo.com/news/swiss-franc-grapples-safe-haven-060000185.html,1679637600,STORY
e1e05389-f574-36de-aa34-34395a80aa17,A,2023-3-24,"GLOBAL MARKETS-Asian shares slide on banking concerns, bonds bet on last rate hikes",Reuters,https://finance.yahoo.com/news/global-markets-asian-shares-slide-054912927.html,1679636952,STORY
c8e7f573-06a8-311f-9df0-6c423403ac0f,A,2023-3-24,"Corruption, deep disparity mark Iraq's oil legacy post-2003",AP Finance,https://finance.yahoo.com/news/corruption-deep-disparity-mark-iraqs-054857243.html,1679636937,STORY
fc90e942-c461-35b8-a6b9-618d95c6a873,A,2023-3-25,Shoma Uno repeats as world figure skating champion; Ilia Malinin tries 6 quads for bronze,NBC Sports,https://finance.yahoo.com/m/fc90e942-c461-35b8-a6b9-618d95c6a873/shoma-uno-repeats-as-world.html,1679746932,STORY
15d15bfa-bf30-30b3-85dd-e3eb68d3f997,A,2023-3-25,Traders pile into bets on gold price rally,Financial Times,https://finance.yahoo.com/m/15d15bfa-bf30-30b3-85dd-e3eb68d3f997/traders-pile-into-bets-on.html,1679745608,STORY
c3a28132-7d38-3f43-934c-faad2b52ee54,A,2023-3-25,Crypto Pundits Romance the Hyperinflation and Dollar Death Narrative. Is It a Real Scare?,CoinDesk,https://finance.yahoo.com/news/crypto-pundits-romance-hyperinflation-dollar-224531903.html,1679697931,STORY
1b2f3ebf-28a3-33d4-b01c-98fbfd61f96a,A,2023-3-25,Big Oil Eyes New Deals in North Africa Amid Rising Energy Demand,The Wall Street Journal,https://finance.yahoo.com/m/1b2f3ebf-28a3-33d4-b01c-98fbfd61f96a/big-oil-eyes-new-deals-in.html,1679695140,STORY
7d0224dc-2b60-3b2d-be15-3c229eba6de5,A,2023-3-25,Diesel Prices Drop. It’s an Economic Danger Sign.,Barrons.com,https://finance.yahoo.com/m/7d0224dc-2b60-3b2d-be15-3c229eba6de5/diesel-prices-drop.-it%E2%80%99s-an.html,1679691300,STORY
6b7413a1-00ec-3e14-a5aa-94332aa82bbd,A,2023-3-25,CANADA STOCKS-Gold miners help lift Toronto market to weekly gain,Reuters,https://finance.yahoo.com/news/canada-stocks-gold-miners-help-203516483.html,1679690116,STORY
a9c93b1a-6c89-3475-95d7-192ceef8b434,A,2023-3-25,Canadian Earthquakes Determined to Be Caused by Oil Activity,The Wall Street Journal,https://finance.yahoo.com/m/a9c93b1a-6c89-3475-95d7-192ceef8b434/canadian-earthquakes.html,1679688180,STORY
b7baf36f-6cf5-3c9a-802b-fe7d6723cea8,A,2023-3-25,UPDATE 1-US natgas futures up 3% on colder weather forecasts,Reuters,https://finance.yahoo.com/news/1-us-natgas-futures-3-191237938.html,1679685157,STORY
22b1bdb5-42d4-3e37-9664-13f1d99b00b8,A,2023-3-26,"Turkmenistan votes for new, opposition-free parliament",AP Finance,https://finance.yahoo.com/news/turkmenistan-votes-opposition-free-parliament-100451848.html,1679825091,STORY
90adf3ff-1e57-3539-98b3-4b986fdeef37,A,2023-3-26,Energy & precious metals - weekly review and outlook,Investing.com,https://finance.yahoo.com/news/energy-precious-metals-weekly-review-044213455.html,1679805733,STORY
f6e88a42-7bf6-3aa1-a1d0-806dd69d1af1,A,2023-3-26,African Oil And Gas Popular In Europe After Phaseout Of Russian Energy,Oilprice.com,https://finance.yahoo.com/news/african-oil-gas-popular-europe-230000008.html,1679785200,STORY
fc90e942-c461-35b8-a6b9-618d95c6a873,A,2023-3-26,Shoma Uno repeats as world figure skating champion; Ilia Malinin tries 6 quads for bronze,NBC Sports,https://finance.yahoo.com/m/fc90e942-c461-35b8-a6b9-618d95c6a873/shoma-uno-repeats-as-world.html,1679746932,STORY
15d15bfa-bf30-30b3-85dd-e3eb68d3f997,A,2023-3-26,Traders pile into bets on gold price rally,Financial Times,https://finance.yahoo.com/m/15d15bfa-bf30-30b3-85dd-e3eb68d3f997/traders-pile-into-bets-on.html,1679745608,STORY
c3a28132-7d38-3f43-934c-faad2b52ee54,A,2023-3-26,Crypto Pundits Romance the Hyperinflation and Dollar Death Narrative. Is It a Real Scare?,CoinDesk,https://finance.yahoo.com/news/crypto-pundits-romance-hyperinflation-dollar-224531903.html,1679697931,STORY
1b2f3ebf-28a3-33d4-b01c-98fbfd61f96a,A,2023-3-26,Big Oil Eyes New Deals in North Africa Amid Rising Energy Demand,The Wall Street Journal,https://finance.yahoo.com/m/1b2f3ebf-28a3-33d4-b01c-98fbfd61f96a/big-oil-eyes-new-deals-in.html,1679695140,STORY
7d0224dc-2b60-3b2d-be15-3c229eba6de5,A,2023-3-26,Diesel Prices Drop. It’s an Economic Danger Sign.,Barrons.com,https://finance.yahoo.com/m/7d0224dc-2b60-3b2d-be15-3c229eba6de5/diesel-prices-drop.-it%E2%80%99s-an.html,1679691300,STORY
fa3780a6-3894-3dff-9394-cb538fcb15fe,A,2023-3-27,RPT-COLUMN-Australia's gas sector says more supply is the answer. Probably not: Russell,Reuters,https://finance.yahoo.com/news/rpt-column-australias-gas-sector-120000701.html,1679918400,STORY
5f0dcd41-f3df-393e-b5aa-b81815de8326,A,2023-3-27,GLOBAL MARKETS-U.S. stock futures edge up as bank fears ease,Reuters,https://finance.yahoo.com/news/global-markets-u-stock-futures-115455996.html,1679918095,STORY
8ebcc5fe-92e8-3ddc-8501-2d7dca4b9560,A,2023-3-27,"UPDATE 2-Oman's OQ seeks bookrunners for gas pipelines IPO, sources say",Reuters,https://finance.yahoo.com/news/2-omans-oq-seeks-bookrunners-110108818.html,1679914868,STORY
ca6ed032-adb8-3a0a-846f-81c4d9e386eb,A,2023-3-27,GLOBAL MARKETS-Europe shares edge higher as bank fears ease,Reuters,https://finance.yahoo.com/news/global-markets-europe-shares-edge-092524291.html,1679909124,STORY
04e4e468-73e1-3d96-b37d-884040f876c6,A,2023-3-27,Plan to Curb Coal And Gas to Seal Key Australia Climate Pact,Bloomberg,https://finance.yahoo.com/news/plan-curb-coal-gas-seal-022528755.html,1679896037,STORY
841d72d6-dccd-3e1b-864e-3b9a00e12b58,A,2023-3-27,"GLOBAL MARKETS-Asia shares skittish, US and Europe futures edge higher",Reuters,https://finance.yahoo.com/news/global-markets-asia-shares-skittish-042749827.html,1679891269,STORY
01f21f83-c4b0-3479-b24e-cd86e74d65e4,A,2023-3-27,COLUMN-Australia's gas sector says more supply is the answer. Probably not: Russell,Reuters,https://finance.yahoo.com/news/column-australias-gas-sector-says-034451794.html,1679888691,STORY
cd98094f-4523-30f6-b537-89554888457b,A,2023-3-27,Rising gold prices bring 14 carats to the fore,Financial Times,https://finance.yahoo.com/m/cd98094f-4523-30f6-b537-89554888457b/rising-gold-prices-bring-14.html,1679886019,STORY
d07cc682-f43e-3a7d-99d2-1ea753c62e7c,A,2023-3-28,GLOBAL MARKETS-Stocks rise after bank sale underpins investor confidence,Reuters,https://finance.yahoo.com/news/global-markets-stocks-rise-bank-115726025.html,1680004646,STORY
1ac49a58-ba47-3d67-b104-59faf3225e1c,A,2023-3-28,Is the oil price bounce on?,Financial Times,https://finance.yahoo.com/m/1ac49a58-ba47-3d67-b104-59faf3225e1c/is-the-oil-price-bounce-on%3F.html,1680001237,STORY
da3a1706-cdac-34aa-9b6e-39e4c9c15151,A,2023-3-28,GLOBAL MARKETS-Stocks rise after bank sale fuels investor risk appetite,Reuters,https://finance.yahoo.com/news/global-markets-stocks-rise-bank-102348529.html,1679999028,STORY
393933a9-a138-3d2a-8225-f89755b6a1c1,A,2023-3-28,"The Zacks Analyst Blog Highlights SilverBow Resources, Cheniere Energy and Range Resources",Zacks,https://finance.yahoo.com/news/zacks-analyst-blog-highlights-silverbow-102010046.html,1679998810,STORY
cf174443-dee1-35fe-b185-16e041b842a1,A,2023-3-28,Marketmind-Swinging between bank fears and rate risks,Reuters,https://finance.yahoo.com/news/marketmind-swinging-between-bank-fears-100616960.html,1679997976,STORY
aa897b91-e308-38ab-8a5c-3da90b9723c3,A,2023-3-28,MORNING BID AMERICAS-Swinging between bank fears and rate risks,Reuters,https://finance.yahoo.com/news/morning-bid-americas-swinging-between-100000061.html,1679997600,STORY
2098794a-4fd0-35b0-b807-fe65d0a6762a,A,2023-3-28,BP teams up with Abu Dhabi oil group in bid for Israel’s NewMed,Financial Times,https://finance.yahoo.com/m/2098794a-4fd0-35b0-b807-fe65d0a6762a/bp-teams-up-with-abu-dhabi.html,1679996400,STORY
2263d9df-3b3e-32ca-a414-597850a056cb,A,2023-3-28,New Shell CEO Faces Big Dilemma: Should the Company Pump More Oil?,The Wall Street Journal,https://finance.yahoo.com/m/2263d9df-3b3e-32ca-a414-597850a056cb/new-shell-ceo-faces-big.html,1679995800,STORY
1c4fe722-1d08-334f-b64a-5ce11362e881,A,2023-3-29,GLOBAL MARKETS-Shares gain as bank support emboldens investors,Reuters,https://finance.yahoo.com/news/global-markets-shares-gain-bank-114142844.html,1680090102,STORY
8195c810-b7b1-3312-a93e-da419e48a18c,A,2023-3-29,UPDATE 2-US natgas flows to Freeport LNG export plant in Texas rise - Refinitiv,Reuters,https://finance.yahoo.com/news/1-us-natgas-flows-freeport-113902340.html,1680089942,STORY
add0f5ff-f38d-3460-8f28-9fc46e43d4df,A,2023-3-29,Petrobras (PBR) to Boost Oil Production Amid Climate Concerns,Zacks,https://finance.yahoo.com/news/petrobras-pbr-boost-oil-production-103310019.html,1680085990,STORY
fe9448d0-3869-367f-9c77-3ee5111dc47b,A,2023-3-29,GLOBAL MARKETS-Shares rise as bank support emboldens investors,Reuters,https://finance.yahoo.com/news/global-markets-shares-rise-bank-102345182.html,1680085425,STORY
06eed8b7-f729-3efb-9749-499c1f6bb3a0,A,2023-3-29,"Bitcoin Heads for Best Quarter in Two Years, Outperforms Ether, Gold, Nasdaq",CoinDesk,https://finance.yahoo.com/news/bitcoin-heads-best-quarter-two-093017555.html,1680082217,STORY
00a442f5-0231-316d-a612-11a4443954b9,A,2023-3-29,Banking Worries Fuel Gold Price Rally,The Wall Street Journal,https://finance.yahoo.com/m/00a442f5-0231-316d-a612-11a4443954b9/banking-worries-fuel-gold.html,1680082200,STORY
eb4c8058-1495-3a94-b1c2-14e3337ff974,A,2023-3-29,DeSantis Fights for Everglades As He Neglects Climate Crisis,Bloomberg,https://finance.yahoo.com/news/desantis-fights-everglades-neglects-climate-080035204.html,1680076835,STORY
8ea3d4fd-2b9c-37f7-8ece-dfe448ba0755,A,2023-3-29,Senegal's gold rush brings hope and despair,AFP,https://finance.yahoo.com/m/8ea3d4fd-2b9c-37f7-8ece-dfe448ba0755/senegal%27s-gold-rush-brings.html,1680070485,STORY
9f93d8dc-f895-3cec-8aac-65fad994d074,A,2023-3-30,CORRECTED-California moves to regulate its gasoline refining margin,Reuters,https://finance.yahoo.com/news/corrected-california-moves-regulate-gasoline-193654486.html,1680118614,STORY
cca64220-6cc6-3e00-8fee-9c8d3ca64e80,A,2023-3-30,"Big weekly drop in U.S. crude, gasoline stocks; slight distillates build - EIA",Investing.com,https://finance.yahoo.com/news/big-weekly-drop-u-crude-104627342.html,1680086787,STORY
e2ef4e6c-bc2b-3517-a0d3-5c81523de374,A,2023-3-30,German consumer morale slows down on path to recovery - GfK,Reuters,https://finance.yahoo.com/news/german-consumer-morale-slows-down-060001643.html,1680069601,STORY
30856065-b0fd-3cf4-b894-32232ec76e81,A,2023-3-30,"U.S. crude, gasoline stocks show big weekly drop while distillates rise - API",Investing.com,https://finance.yahoo.com/news/u-crude-gasoline-stocks-show-165706561.html,1680022626,STORY
ae0e1387-5d81-39c6-a50c-667e4ff28686,A,2023-3-30,Simplify Debuts K-1 Free Commodities ETF,ETF.com,https://finance.yahoo.com/news/simplify-debuts-k-1-free-151500842.html,1680016500,STORY
34c887e3-3ad4-326e-af02-de698be1ca22,A,2023-3-30,Oil up again as 'no news is good news'; U.S. inventory data awaited,Investing.com,https://finance.yahoo.com/news/oil-again-no-news-good-150804749.html,1680016084,STORY
1d6c46e4-db90-396b-b982-5dcc01bd5d46,A,2023-3-30,Banking Crisis Has Triggered Capital Flight From Oil To Gold,Oilprice.com,https://finance.yahoo.com/news/banking-crisis-triggered-capital-flight-230000009.html,1679871600,STORY
90adf3ff-1e57-3539-98b3-4b986fdeef37,A,2023-3-30,Energy & precious metals - weekly review and outlook,Investing.com,https://finance.yahoo.com/news/energy-precious-metals-weekly-review-044213455.html,1679805733,STORY
b8caf200-55ae-3f1f-8f74-725131b8425f,A,2023-3-31,Oil rallies on U.S. crude stockpile draw — only a day late,Investing.com,https://finance.yahoo.com/news/oil-rallies-u-crude-stockpile-151952427.html,1680189592,STORY
bb61b373-25db-3c76-92de-5f6c1fa106cf,A,2023-3-31,UPDATE 1-California set to regulate profit margins for gasoline refiners,Reuters,https://finance.yahoo.com/news/1-california-set-regulate-profit-200129909.html,1680120089,STORY
9f93d8dc-f895-3cec-8aac-65fad994d074,A,2023-3-31,CORRECTED-California moves to regulate its gasoline refining margin,Reuters,https://finance.yahoo.com/news/corrected-california-moves-regulate-gasoline-193654486.html,1680118614,STORY
9b8f5d8b-ba7c-3365-8d2c-674473510648,A,2023-3-31,"Oil slips despite bullish U.S. stockpile balance, Russian cut",Investing.com,https://finance.yahoo.com/news/oil-slips-despite-bullish-u-152817793.html,1680103697,STORY
cca64220-6cc6-3e00-8fee-9c8d3ca64e80,A,2023-3-31,"Big weekly drop in U.S. crude, gasoline stocks; slight distillates build - EIA",Investing.com,https://finance.yahoo.com/news/big-weekly-drop-u-crude-104627342.html,1680086787,STORY
e2ef4e6c-bc2b-3517-a0d3-5c81523de374,A,2023-3-31,German consumer morale slows down on path to recovery - GfK,Reuters,https://finance.yahoo.com/news/german-consumer-morale-slows-down-060001643.html,1680069601,STORY
30856065-b0fd-3cf4-b894-32232ec76e81,A,2023-3-31,"U.S. crude, gasoline stocks show big weekly drop while distillates rise - API",Investing.com,https://finance.yahoo.com/news/u-crude-gasoline-stocks-show-165706561.html,1680022626,STORY
a662feb7-3000-3548-8161-a1582e20dc38,A,2023-3-31,Simplify Initiates HARD Launch on Actively Managed Commodity ETF,ETF Trends,https://finance.yahoo.com/news/simplify-initiates-hard-launch-actively-163552933.html,1680021352,STORY
21968e03-e694-369c-8765-71aaf94689f4,A,2023-4-1,My Top FAANG Stock to Buy for the Second Half of 2023 (and Beyond),Motley Fool,https://finance.yahoo.com/m/21968e03-e694-369c-8765-71aaf94689f4/my-top-faang-stock-to-buy-for.html,1680349200,STORY
1d8a4be5-6fdb-3a90-9975-e61dafff455e,A,2023-4-1,Why You Should Buy Apple Stock,Motley Fool,https://finance.yahoo.com/m/1d8a4be5-6fdb-3a90-9975-e61dafff455e/why-you-should-buy-apple-stock.html,1680347700,STORY
059f3798-d774-4f40-ba02-3163e7d931b0,A,2023-4-1,3 things you may have missed as markets wrapped up a first-quarter rally,Yahoo Finance,https://finance.yahoo.com/news/3-things-you-may-have-missed-as-markets-wrapped-up-a-first-quarter-rally-101738661.html,1680344258,STORY
288f155d-8a2f-3e7b-ad77-96d0821e011c,A,2023-4-1,Weekly Roundup,TheStreet.com,https://finance.yahoo.com/m/288f155d-8a2f-3e7b-ad77-96d0821e011c/weekly-roundup.html,1680303780,STORY
b95aca45-f471-328b-8259-428e4b3c87e2,A,2023-4-1,Apple wins reversal of $502 million VirnetX patent infringement verdict,Reuters,https://finance.yahoo.com/news/apple-wins-reversal-502-million-225039364.html,1680303039,STORY
b85d6122-ea5f-3ff5-aead-c094b52c3d92,A,2023-4-1,Apple wins reversal of $502 mln VirnetX patent infringement verdict,Reuters,https://finance.yahoo.com/news/apple-wins-reversal-502-mln-224730886.html,1680302850,STORY
ecb17857-ee38-3f2e-a4a1-fc4535bbad11,A,2023-4-1,Better VR Stock: AMD vs. Apple,Motley Fool,https://finance.yahoo.com/m/ecb17857-ee38-3f2e-a4a1-fc4535bbad11/better-vr-stock%3A-amd-vs.-apple.html,1680296400,STORY
545da9fe-09a2-30b6-a599-d61d4a1650fc,A,2023-4-1,"Buy now, pay later industry has seen progressive ‘soft checks on people’s credit’: Analyst",Yahoo Finance Video,https://finance.yahoo.com/video/buy-now-pay-later-industry-204851711.html,1680295731,VIDEO
d2b1c4e4-cf77-3062-8d98-6524a12e4468,A,2023-4-2,April Fool! We're Not Buying the Rally in These 3 Growth Stocks,Motley Fool,https://finance.yahoo.com/m/d2b1c4e4-cf77-3062-8d98-6524a12e4468/april-fool%21-we%27re-not-buying.html,1680354000,STORY
6ce271af-be61-3170-bba5-fc1a72affa31,A,2023-4-2,Why C3.ai Stock Was Surging Today,Motley Fool,https://finance.yahoo.com/m/6ce271af-be61-3170-bba5-fc1a72affa31/why-c3.ai-stock-was-surging.html,1680292762,STORY
1df40de7-1140-3a15-94b3-f21402388df9,A,2023-4-2,AI Stock Breaks Out After Tesla Chief Elon Musk's Warning; Is AI Stock A Buy?,Investor's Business Daily,https://finance.yahoo.com/m/1df40de7-1140-3a15-94b3-f21402388df9/ai-stock-breaks-out-after.html,1680285682,STORY
83df3d68-4dd1-3b68-b6dc-8c257c38c52a,A,2023-4-2,"I Have a Plan for C3.ai. But, Shhh ... Does It Know What I'm Saying?",TheStreet.com,https://finance.yahoo.com/m/83df3d68-4dd1-3b68-b6dc-8c257c38c52a/i-have-a-plan-for-c3.ai.-but%2C.html,1680277560,STORY
60f55d49-553c-343f-9563-80b05bfa3d85,A,2023-4-2,4 GARP Stocks to Scoop Up for Maximum Returns,Zacks,https://finance.yahoo.com/news/4-garp-stocks-scoop-maximum-133601906.html,1680269761,STORY
1c4acbb7-0e0b-3df5-aed6-b75aa81988b2,A,2023-4-2,Is C3.ai a Top AI Stock to Buy?,Motley Fool,https://finance.yahoo.com/m/1c4acbb7-0e0b-3df5-aed6-b75aa81988b2/is-c3.ai-a-top-ai-stock-to.html,1680262200,STORY
be2fe867-1325-3e61-827c-ce5f0f7ca003,A,2023-4-2,Why C3.ai Stock Popped Today,Motley Fool,https://finance.yahoo.com/m/be2fe867-1325-3e61-827c-ce5f0f7ca003/why-c3.ai-stock-popped-today.html,1680191461,STORY
3d5ba284-17c7-31a6-8002-af2ba583b06f,A,2023-4-2,Agilent (A) Down 2.7% Since Last Earnings Report: Can It Rebound?,Zacks,https://finance.yahoo.com/news/agilent-down-2-7-since-153003931.html,1680190203,STORY
1945d0d6-36cf-36fd-951f-643758856af1,A,2023-4-3,"Inspirational Quotes: Jamaal Wilkes, Tim Cook And Others",Investor's Business Daily,https://finance.yahoo.com/m/1945d0d6-36cf-36fd-951f-643758856af1/inspirational-quotes%3A-jamaal.html,1680523226,STORY
f62b633e-b0c3-3651-a23e-ae29b3e88185,A,2023-4-3,"Why Apple, Walt Disney, and Take-Two Interactive Are No-Brainer Buys Right Now",Motley Fool,https://finance.yahoo.com/m/f62b633e-b0c3-3651-a23e-ae29b3e88185/why-apple%2C-walt-disney%2C-and.html,1680523200,STORY
c22c22d5-954b-37d5-acea-4f6c9eefbea8,A,2023-4-3,Agilent Announces High-Performance Cary 3500 Flexible UV-Vis System,Business Wire,https://finance.yahoo.com/news/agilent-announces-high-performance-cary-120000098.html,1680523200,STORY
cb4190a7-2a93-32d4-a854-3a1c05751bc0,A,2023-4-3,3 Best Warren Buffett Stocks to Buy in April,Motley Fool,https://finance.yahoo.com/m/cb4190a7-2a93-32d4-a854-3a1c05751bc0/3-best-warren-buffett-stocks.html,1680520500,STORY
38c499ba-eb84-375a-a2f0-f4b0ae1ca1c3,A,2023-4-3,Better Buy: Roku vs. Netflix,Motley Fool,https://finance.yahoo.com/m/38c499ba-eb84-375a-a2f0-f4b0ae1ca1c3/better-buy%3A-roku-vs.-netflix.html,1680517800,STORY
78b8f337-a6a8-4bb7-bc02-be22871b4806,A,2023-4-3,How Warren Buffett could steal the show in the second quarter: Morning Brief,Yahoo Finance,https://finance.yahoo.com/news/how-warren-buffett-could-steal-the-show-in-the-second-quarter-morning-brief-100034766.html,1680516034,STORY
545bc2b0-8c45-3771-a0ef-10bf4108824e,A,2023-4-3,Prediction: These 7 Stocks Will Be Worth Over $1 Trillion in 5 Years,Motley Fool,https://finance.yahoo.com/m/545bc2b0-8c45-3771-a0ef-10bf4108824e/prediction%3A-these-7-stocks.html,1680515700,STORY
4d629976-152f-3db2-9ee8-41496aa927f5,A,2023-4-3,S&P 500’s Resilience in the Banking Crisis Is Largely Thanks to Tech,The Wall Street Journal,https://finance.yahoo.com/m/4d629976-152f-3db2-9ee8-41496aa927f5/s%26p-500%E2%80%99s-resilience-in-the.html,1680514200,STORY
1c065102-1952-3dd1-a7f5-120fce2ab0f2,A,2023-4-5,3 Growth Stocks Leading the AI Rally,Motley Fool,https://finance.yahoo.com/m/1c065102-1952-3dd1-a7f5-120fce2ab0f2/3-growth-stocks-leading-the.html,1680687540,STORY
7f944507-c258-3856-a591-1b1435871713,A,2023-4-5,C3.ai Stock Swoons as Short Seller Alleges Accounting Issues,Barrons.com,https://finance.yahoo.com/m/7f944507-c258-3856-a591-1b1435871713/c3.ai-stock-swoons-as-short.html,1680645240,STORY
8c81fa90-8af2-39ed-8a42-619c4cd07f88,A,2023-4-5,"A.I. stock hype needs to be pared back, investor argues",Yahoo Finance Video,https://finance.yahoo.com/video/stock-hype-needs-pared-back-213807493.html,1680644287,VIDEO
a3805748-9f05-3762-9179-1e26fa812a37,A,2023-4-5,C3.ai Accused of Accounting Fraud. Here's What Investors Need to Know.,Motley Fool,https://finance.yahoo.com/m/a3805748-9f05-3762-9179-1e26fa812a37/c3.ai-accused-of-accounting.html,1680642958,STORY
2d2908d1-5400-3c0c-9b8a-d2e4aeb826e1,A,2023-4-5,Why Did C3.ai Stock Crash on Tuesday? Is the Hype Over?,Motley Fool,https://finance.yahoo.com/m/2d2908d1-5400-3c0c-9b8a-d2e4aeb826e1/why-did-c3.ai-stock-crash-on.html,1680641353,STORY
2e2ead6e-5993-37c5-8edd-1f014d12212b,A,2023-4-5,C3.ai stock sinks following short-seller letter,Yahoo Finance Video,https://finance.yahoo.com/video/c3-ai-stock-sinks-following-202524322.html,1680639924,VIDEO
07ac0390-c10a-362f-88cd-db4e31470a72,A,2023-4-5,C3.ai Plunges 26% On Kerrisdale Capital's Letter To Auditor,Investor's Business Daily,https://finance.yahoo.com/m/07ac0390-c10a-362f-88cd-db4e31470a72/c3.ai-plunges-26%25-on.html,1680639331,STORY
7d674c7c-b6fb-38a5-93bc-8af3e49d809c,A,2023-4-5,C3.ai Plunges After Short-Seller Alleges Accounting Issues,Bloomberg,https://finance.yahoo.com/news/c3-ai-shares-drop-short-152142586.html,1680639084,STORY
b2182611-2bdc-3889-9e97-247d1f6ab71e,A,2023-4-6,Why C3.ai Stock Fell Again Today,Motley Fool,https://finance.yahoo.com/m/b2182611-2bdc-3889-9e97-247d1f6ab71e/why-c3.ai-stock-fell-again.html,1680726455,STORY
7fadbfd3-c63b-3fc3-9b99-7ae36c519d48,A,2023-4-6,"These Stocks Moved the Most Today: C3.ai, Western Alliance, Albemarle, Tesla, and More",Barrons.com,https://finance.yahoo.com/m/7fadbfd3-c63b-3fc3-9b99-7ae36c519d48/these-stocks-moved-the-most.html,1680725580,STORY
3c35386f-cea1-33a6-9b81-4a8e9b25e987,A,2023-4-6,Trading C3.ai Stock After Accounting Concern Ignites Selloff: Chart,TheStreet.com,https://finance.yahoo.com/m/3c35386f-cea1-33a6-9b81-4a8e9b25e987/trading-c3.ai-stock-after.html,1680711480,STORY
7f944507-c258-3856-a591-1b1435871713,A,2023-4-6,C3.ai Stock Extends Steep Losses as Short Seller Alleges Accounting Issues,Barrons.com,https://finance.yahoo.com/m/7f944507-c258-3856-a591-1b1435871713/c3.ai-stock-extends-steep.html,1680709320,STORY
42b20e39-e403-3b91-a126-484266e8ce88,A,2023-4-6,"C3.ai stock under pressure following accusations of accounting, disclosure irregularities",Yahoo Finance Video,https://finance.yahoo.com/video/c3-ai-stock-under-pressure-153914267.html,1680709154,VIDEO
d896134b-5dee-3800-adac-27ed8abdddc4,A,2023-4-6,3 Things C3.ai Investors Should Love About the Stock (and 1 Thing They Shouldn't),Motley Fool,https://finance.yahoo.com/m/d896134b-5dee-3800-adac-27ed8abdddc4/3-things-c3.ai-investors.html,1680707882,STORY
25fb6b70-3edc-3f22-ac3d-c5909db37476,A,2023-4-6,Agilent (A) Boosts Spectrophotometer Reach With Cary System,Zacks,https://finance.yahoo.com/news/agilent-boosts-spectrophotometer-reach-cary-140102395.html,1680703262,STORY
809c203e-fadc-3c1d-bdd4-eb9f811abe53,A,2023-4-6,AI stocks tumble after short-seller attack on C3.ai,Reuters,https://finance.yahoo.com/news/ai-stocks-tumble-short-seller-135844610.html,1680703124,STORY
5ae7d8bb-6878-37cf-87f3-2a790ddae64d,A,2023-4-8,"Is AMC Stock A Buy Or Sell Now? Here's What Fundamentals, Chart Action, Fund Ownership Metrics Say",Investor's Business Daily,https://finance.yahoo.com/m/5ae7d8bb-6878-37cf-87f3-2a790ddae64d/is-amc-stock-a-buy-or-sell.html,1680896709,STORY
06de638a-18c6-325d-8086-3c7573b104b1,A,2023-4-8,"Movie Theaters Claw Back Customers, But Much Fewer Than Before the Pandemic",Investopedia,https://finance.yahoo.com/m/06de638a-18c6-325d-8086-3c7573b104b1/movie-theaters-claw-back.html,1680891588,STORY
aba2ccd5-477b-3001-919d-bafa64c35297,A,2023-4-8,US STOCKS-Wall Street ends higher as investors eye upcoming jobs data,Reuters,https://finance.yahoo.com/news/us-stocks-wall-street-ends-202036744.html,1680812436,STORY
24827e7a-6bac-3396-a65f-7c1134c6b3d2,A,2023-4-8,AMC stock surges despite court decision to deny APE shares settlement,Yahoo Finance Video,https://finance.yahoo.com/video/amc-stock-surges-despite-court-201859233.html,1680812339,VIDEO
1ba6e4a8-72e2-3f8c-a1c6-275ab1e0326f,A,2023-4-8,Dow Jones Gains As Fed's Bullard Says This; AMC Stock Rockets; Key Jobs Report Looms,Investor's Business Daily,https://finance.yahoo.com/m/1ba6e4a8-72e2-3f8c-a1c6-275ab1e0326f/dow-jones-gains-as-fed%27s.html,1680812019,STORY
62395d5c-b2bb-3d8e-b72c-966510552309,A,2023-4-8,The Spread Between AMC and APE Shares Widens After Court Ruling,Bloomberg,https://finance.yahoo.com/news/spread-between-amc-ape-shares-134826440.html,1680811607,STORY
d6a1d9b1-d35a-394a-ac28-4ce399982a5d,A,2023-4-8,"AMC Stock Pops, APE Tumbles As Court Won't OK Share Conversion Settlement Yet",Investor's Business Daily,https://finance.yahoo.com/m/d6a1d9b1-d35a-394a-ac28-4ce399982a5d/amc-stock-pops%2C-ape-tumbles.html,1680811574,STORY
b8c9a60e-e2ae-31e4-9fb0-348ba944e6e2,A,2023-4-8,AMC Stock Surges and APE Shares Fall as Judge Denies Conversion Settlement,Barrons.com,https://finance.yahoo.com/m/b8c9a60e-e2ae-31e4-9fb0-348ba944e6e2/amc-stock-surges-and-ape.html,1680800220,STORY
b351805a-b033-3c10-8b1c-0e75919d5a77,A,2023-4-9,A New Roster of Top Stock-Fund Managers,The Wall Street Journal,https://finance.yahoo.com/m/b351805a-b033-3c10-8b1c-0e75919d5a77/a-new-roster-of-top.html,1681041600,STORY
1fe2229a-6250-353d-8f67-a25b88adcbb1,A,2023-4-9,3 Dividend Stocks Billionaires Seem to Love,Motley Fool,https://finance.yahoo.com/m/1fe2229a-6250-353d-8f67-a25b88adcbb1/3-dividend-stocks.html,1681039800,STORY
1c9b9d51-3582-35aa-94f4-67795fdcc798,A,2023-4-9,A Bull Market Is Coming: 1 FAANG Stock-Heavy Index Fund to Buy Now,Motley Fool,https://finance.yahoo.com/m/1c9b9d51-3582-35aa-94f4-67795fdcc798/a-bull-market-is-coming%3A-1.html,1681039320,STORY
0df99d1a-b612-38f6-a159-b2441eadab77,A,2023-4-9,3 Stocks That Have the Most to Gain From an AI Pause,Motley Fool,https://finance.yahoo.com/m/0df99d1a-b612-38f6-a159-b2441eadab77/3-stocks-that-have-the-most.html,1681039260,STORY
dfcd271c-6a69-3c5f-a7f7-afb47cd5bba1,A,2023-4-9,Why Has Warren Buffett Invested 44% of His Portfolio in This 1 Stock?,Motley Fool,https://finance.yahoo.com/m/dfcd271c-6a69-3c5f-a7f7-afb47cd5bba1/why-has-warren-buffett.html,1681033800,STORY
5c1b57e9-9196-335a-ab72-5ed9e79f0eeb,A,2023-4-9,Prediction: 2 Growth Stocks Will Join Apple and Microsoft in the $2 Trillion Club by 2033,Motley Fool,https://finance.yahoo.com/m/5c1b57e9-9196-335a-ab72-5ed9e79f0eeb/prediction%3A-2-growth-stocks.html,1681033200,STORY
e2eaa889-1cc0-3000-9cd0-188147dc33ed,A,2023-4-9,"A Look At The Intrinsic Value Of Agilent Technologies, Inc. (NYSE:A)",Simply Wall St.,https://finance.yahoo.com/news/look-intrinsic-value-agilent-technologies-144936288.html,1680965376,STORY
01456529-6cbd-3c66-bea8-b2f77d339694,A,2023-4-9,Tech Stocks Have Been on Fire. Earnings Could Spell Trouble.,Barrons.com,https://finance.yahoo.com/m/01456529-6cbd-3c66-bea8-b2f77d339694/tech-stocks-have-been-on.html,1680962280,STORY
bed12511-0a8d-37e4-82e9-ee955ddaf585,A,2023-4-10,Apple’s 40% Plunge in PC Shipments Is Steepest Among Major Computer Makers,Bloomberg,https://finance.yahoo.com/news/apple-40-plunge-pc-shipments-043700361.html,1681125768,STORY
ac95a0f3-b48c-331b-861a-a98d754c0b72,A,2023-4-10,ChatGPT Could Break the iOS/Android Duopoly,Motley Fool,https://finance.yahoo.com/m/ac95a0f3-b48c-331b-861a-a98d754c0b72/chatgpt-could-break-the.html,1681120800,STORY
55c530e7-458d-3649-ae44-2b16411f1fb4,A,2023-4-10,"UPDATE 1-Global PC shipments slide in Q1, Apple takes biggest hit - IDC",Reuters,https://finance.yahoo.com/news/1-global-pc-shipments-slide-094028094.html,1681119628,STORY
dc400846-465c-3cb5-b7e2-f85ec0a90bd9,A,2023-4-10,Stock Pickers Failed to Take Part in First-Quarter Rally,The Wall Street Journal,https://finance.yahoo.com/m/dc400846-465c-3cb5-b7e2-f85ec0a90bd9/stock-pickers-failed-to-take.html,1681119000,STORY
fc70aa10-937a-3a88-bed0-f10465b30317,A,2023-4-10,Warren Buffett Has Gained Over $177 Billion From Only 4 Stocks,Motley Fool,https://finance.yahoo.com/m/fc70aa10-937a-3a88-bed0-f10465b30317/warren-buffett-has-gained.html,1681118460,STORY
08b1280d-cdd6-3030-a01b-41026701b6b3,A,2023-4-10,"Global PC shipments slide in Q1, Apple takes biggest hit: IDC",Reuters,https://finance.yahoo.com/news/global-pc-shipments-slide-q1-071814441.html,1681111094,STORY
b351805a-b033-3c10-8b1c-0e75919d5a77,A,2023-4-10,A New Roster of Top Stock-Fund Managers,The Wall Street Journal,https://finance.yahoo.com/m/b351805a-b033-3c10-8b1c-0e75919d5a77/a-new-roster-of-top.html,1681070640,STORY
9a80c197-da8e-34d8-bd99-4cdd5fe89a70,A,2023-4-10,Stock Funds Rise 5.6% So Far in 2023,The Wall Street Journal,https://finance.yahoo.com/m/9a80c197-da8e-34d8-bd99-4cdd5fe89a70/stock-funds-rise-5.6%25-so-far.html,1681056000,STORY
725a614c-a786-344b-9027-ccd2e806d65b,A,2023-4-12,Agilent and PathAI Partner to Deliver AI-Powered Assay Development Solutions for Biopharma Research and Clinical Applications,Business Wire,https://finance.yahoo.com/news/agilent-pathai-partner-deliver-ai-120000232.html,1681300800,STORY
f6502f81-fa0a-3767-a992-0932743fb8c9,A,2023-4-12,"The Global PC Market Is Crumbling, New Data Show. What It Means for Apple, HP, Others.",Barrons.com,https://finance.yahoo.com/m/f6502f81-fa0a-3767-a992-0932743fb8c9/the-global-pc-market-is.html,1681298100,STORY
ba023f81-93de-3569-8f95-0f2b5c59d308,A,2023-4-12,A Bull Market Is Coming: 2 Reasons to Buy Apple's Stock,Motley Fool,https://finance.yahoo.com/m/ba023f81-93de-3569-8f95-0f2b5c59d308/a-bull-market-is-coming%3A-2.html,1681296300,STORY
eeaff83c-3878-3475-bc21-1598d75a1876,A,2023-4-12,Investing in Tech Stocks? 1 New Data Point Suggests You Tread Lightly,Motley Fool,https://finance.yahoo.com/m/eeaff83c-3878-3475-bc21-1598d75a1876/investing-in-tech-stocks%3F-1.html,1681290360,STORY
9eb6c409-3260-349b-8dcc-21f05635c44c,A,2023-4-12,Stock Market Sell-Off: Is Apple a Buy?,Motley Fool,https://finance.yahoo.com/m/9eb6c409-3260-349b-8dcc-21f05635c44c/stock-market-sell-off%3A-is.html,1681290240,STORY
4b9bda85-a62c-37e1-bdec-86e90157b031,A,2023-4-12,What You Need to Know About Apple Pay Later,Motley Fool,https://finance.yahoo.com/m/4b9bda85-a62c-37e1-bdec-86e90157b031/what-you-need-to-know-about.html,1681250427,STORY
65b53896-faf4-3a06-9d0d-a63cf3c83192,A,2023-4-12,2023 Top Dow Jones Stocks To Buy And Watch In April: Microsoft Sells Off On Azure Growth Concerns,Investor's Business Daily,https://finance.yahoo.com/m/65b53896-faf4-3a06-9d0d-a63cf3c83192/2023-top-dow-jones-stocks-to.html,1681237593,STORY
9f9a3a43-aa16-3a05-be78-e51465a0a3ae,A,2023-4-12,Apple to invest another $200 million in carbon removal fund,Reuters,https://finance.yahoo.com/news/apple-invest-another-200-million-181728007.html,1681237048,STORY
6a72efd2-a74e-32d1-984d-4be2174120ef,A,2023-4-14,Agilent Showcases Comprehensive Cancer Portfolio Solutions at AACR 2023,Business Wire,https://finance.yahoo.com/news/agilent-showcases-comprehensive-cancer-portfolio-120000687.html,1681473600,STORY
478ddd38-68e8-32c6-9fd7-a9cf94910455,A,2023-4-14,"U.S.-China Trade War Over Technology Heats Up; What It Means For Apple, Micron, Tesla",Investor's Business Daily,https://finance.yahoo.com/m/478ddd38-68e8-32c6-9fd7-a9cf94910455/u.s.-china-trade-war-over.html,1681471848,STORY
1b9bf409-7823-338e-a987-3477ee2e8107,A,2023-4-14,Why Apple Inc. (NASDAQ:AAPL) Could Be Worth Watching,Simply Wall St.,https://finance.yahoo.com/news/why-apple-inc-nasdaq-aapl-110039299.html,1681470039,STORY
a81625e6-a070-352a-a36d-23bec94fa99d,A,2023-4-14,Better Buy: Apple Stock vs. Disney Stock,Motley Fool,https://finance.yahoo.com/m/a81625e6-a070-352a-a36d-23bec94fa99d/better-buy%3A-apple-stock-vs..html,1681467120,STORY
e8b31c61-eec5-3cfa-9857-4238c1df7571,A,2023-4-14,"Warren Buffett Could Have Bought Any of 385 S&P 500 Companies With $66 Billion. Instead, He Piled It All Into 1 Stock",Motley Fool,https://finance.yahoo.com/m/e8b31c61-eec5-3cfa-9857-4238c1df7571/warren-buffett-could-have.html,1681463160,STORY
54a7b2df-bdda-353f-8502-191f688229cc,A,2023-4-14,2 Hypergrowth Tech Stocks to Buy in 2023 and Beyond,Motley Fool,https://finance.yahoo.com/m/54a7b2df-bdda-353f-8502-191f688229cc/2-hypergrowth-tech-stocks-to.html,1681463040,STORY
187f7fe3-a514-3a53-b10e-35df0fe19714,A,2023-4-14,Dow Jones Ends On High Note; Buffett Makes Big Bet Ahead Of Bank Earnings,Investor's Business Daily,https://finance.yahoo.com/m/187f7fe3-a514-3a53-b10e-35df0fe19714/dow-jones-ends-on-high-note%3B.html,1681442404,STORY
16400aaf-f360-3a04-8e90-aa3689b2a30c,A,2023-4-14,"VR App Developers Caught in Push-Pull Between Meta, ByteDance",Motley Fool,https://finance.yahoo.com/m/16400aaf-f360-3a04-8e90-aa3689b2a30c/vr-app-developers-caught-in.html,1681430410,STORY
3d5225b4-b091-39a8-89c7-670acb468368,A,2023-4-15,5 Burning Questions for Apple,Motley Fool,https://finance.yahoo.com/m/3d5225b4-b091-39a8-89c7-670acb468368/5-burning-questions-for-apple.html,1681560900,STORY
fc33610b-4b53-38f5-98e9-86ba71a989fe,A,2023-4-15,Apple PC Shipments Plummet In 2023 -- Time to Sell the Stock?,Motley Fool,https://finance.yahoo.com/m/fc33610b-4b53-38f5-98e9-86ba71a989fe/apple-pc-shipments-plummet-in.html,1681558800,STORY
10eba245-e9b2-3e5a-bbb3-b6456d28dd58,A,2023-4-15,Is Cirrus Logic Stock a Buy Now?,Motley Fool,https://finance.yahoo.com/m/10eba245-e9b2-3e5a-bbb3-b6456d28dd58/is-cirrus-logic-stock-a-buy.html,1681558500,STORY
1577fdc6-ef7c-3052-b10c-e2a7c8824158,A,2023-4-15,The Unexpected Reason Apple Is Dominating the U.S. Smartphone Market,The Wall Street Journal,https://finance.yahoo.com/m/1577fdc6-ef7c-3052-b10c-e2a7c8824158/the-unexpected-reason-apple.html,1681531200,STORY
478ddd38-68e8-32c6-9fd7-a9cf94910455,A,2023-4-15,"U.S.-China Trade War Over Technology Heats Up; What It Means For Apple, Micron, Tesla",Investor's Business Daily,https://finance.yahoo.com/m/478ddd38-68e8-32c6-9fd7-a9cf94910455/u.s.-china-trade-war-over.html,1681505448,STORY
4697093b-57c3-3564-89a5-e75fc9444828,A,2023-4-15,"1 Hot Nasdaq Stock That Could Soar 70%, According to Wall Street",Motley Fool,https://finance.yahoo.com/m/4697093b-57c3-3564-89a5-e75fc9444828/1-hot-nasdaq-stock-that-could.html,1681502400,STORY
2abbd0c5-69ef-3e92-8d04-ad2634f8e09b,A,2023-4-15,Former Apple Computer CEO Lists Reno Mansion for $10.75 Million,The Wall Street Journal,https://finance.yahoo.com/m/2abbd0c5-69ef-3e92-8d04-ad2634f8e09b/former-apple-computer-ceo.html,1681498860,STORY
b05d3407-1a3c-3339-9a60-9c6b22be7ff3,A,2023-4-15,Apple Makes Headway on New Mac Laptops as It Grapples With Slump,Bloomberg,https://finance.yahoo.com/news/apple-makes-headway-mac-laptops-183607826.html,1681497367,STORY
8b4f8287-3c4d-358b-8c3f-7f3e1f234f8d,A,2023-4-16,2 Warren Buffett Stocks to Buy Hand Over Fist and 1 to Avoid,Motley Fool,https://finance.yahoo.com/m/8b4f8287-3c4d-358b-8c3f-7f3e1f234f8d/2-warren-buffett-stocks-to.html,1681647300,STORY
97ef27e6-4601-3216-9c15-d76a5b941b1e,A,2023-4-16,"If You Invested $1,000 in Bank of America at the Start of 2023, This Is How Much You Would Have Today",Motley Fool,https://finance.yahoo.com/m/97ef27e6-4601-3216-9c15-d76a5b941b1e/if-you-invested-%241%2C000-in.html,1681645800,STORY
88f8e981-c899-3fad-b792-0c921b934a5e,A,2023-4-16,"Before You Buy Bank of America, Here's an Iconic Dividend Stock I'd Buy First",Motley Fool,https://finance.yahoo.com/m/88f8e981-c899-3fad-b792-0c921b934a5e/before-you-buy-bank-of.html,1681641660,STORY
e21df0cc-0ebf-4e3f-9d20-a2d69c5eed08,A,2023-4-16,"Netflix, Tesla, Goldman Sachs, Bank of America headline earnings rush in week ahead",Yahoo Finance,https://finance.yahoo.com/news/netflix-tesla-goldman-sachs-bank-of-america-headline-earnings-rush-in-week-ahead-100003727.html,1681639203,STORY
c90ea919-7cf9-47d4-987f-c70f3002c259,A,2023-4-16,Carlyle Group co-founder David Rubenstein: Interest rates will ‘continue to go up for a while’,Yahoo Finance,https://finance.yahoo.com/news/carlyle-group-co-founder-david-rubenstein-interest-rates-will-continue-to-go-up-for-a-while-130032054.html,1681562891,STORY
87750158-242e-3908-9a37-4722f9202149,A,2023-4-16,"Tesla, Netflix earnings, your taxes: what you need to know",Yahoo Finance Video,https://finance.yahoo.com/video/tesla-netflix-earnings-taxes-3-120009933.html,1681560009,VIDEO
a2ba55f7-36b3-36bb-8024-94bcfeccbd2d,A,2023-4-16,Why Bank of America Stock Was Up Friday,Motley Fool,https://finance.yahoo.com/m/a2ba55f7-36b3-36bb-8024-94bcfeccbd2d/why%C2%A0bank-of-america-stock-was.html,1681500240,STORY
e56bb5e8-9094-3974-976e-81c40080454e,A,2023-4-16,Banking sector doesn't have a contagion problem: Rubenstein,Yahoo Finance Video,https://finance.yahoo.com/video/banking-sector-doesnt-contagion-problem-174042725.html,1681494042,VIDEO
3d94ff13-b347-3aa8-9b1b-b5830013913c,A,2023-4-17,Apple CEO Cook to meet Indian PM Modi amid expansion - sources,Reuters,https://finance.yahoo.com/news/apple-ceo-cook-meet-indian-113543537.html,1681731343,STORY
92637016-481d-305d-9f09-254201868b00,A,2023-4-17,What Makes Apple (AAPL) a Good Investment Option?,Insider Monkey,https://finance.yahoo.com/news/makes-apple-aapl-good-investment-112456785.html,1681730696,STORY
2375648e-4783-3cbb-a616-0aefec50f790,A,2023-4-17,China smartphone sales rise to more than 70% of Russian market,Reuters,https://finance.yahoo.com/news/china-smartphone-sales-rise-more-111230076.html,1681729950,STORY
74d6fae0-8108-3696-85e8-e8ab1d2d7042,A,2023-4-17,Better Buy: Apple vs. Amazon,Motley Fool,https://finance.yahoo.com/m/74d6fae0-8108-3696-85e8-e8ab1d2d7042/better-buy%3A-apple-vs.-amazon.html,1681729200,STORY
dcb6b1dc-bc07-3198-bb4a-532a3f6f6b5b,A,2023-4-17,Apple’s Huge Buybacks Matter as Much to Investors as iPhones and Macs,Bloomberg,https://finance.yahoo.com/news/apple-huge-buybacks-matter-much-101530165.html,1681726530,STORY
012ec152-80f9-31df-85b7-9500e056635e,A,2023-4-17,"Which Stocks Pass Warren Buffett's $10,000 Test?",Motley Fool,https://finance.yahoo.com/m/012ec152-80f9-31df-85b7-9500e056635e/which-stocks-pass-warren.html,1681725360,STORY
3231af79-077d-3c3e-adfe-306474ab8d19,A,2023-4-17,How Spotify Knows What You Want to Hear Next,WSJ,https://finance.yahoo.com/video/spotify-knows-want-hear-next-093000366.html,1681723800,VIDEO
123254bb-9360-3979-9576-384e017e049a,A,2023-4-17,Apple India Sales Near $6 Billion as Cook Begins Retail Push,Bloomberg,https://finance.yahoo.com/news/apple-india-sales-near-6-062502668.html,1681719720,STORY
e00cd673-6d84-3b80-a7d3-85eeadeb7b98,A,2023-4-18,'Monster' of a Stock: The S&P 500's 25-Year Winner,Investopedia,https://finance.yahoo.com/m/e00cd673-6d84-3b80-a7d3-85eeadeb7b98/%27monster%27-of-a-stock%3A-the-s%26p.html,1681819200,STORY
8737ed7e-3f96-3539-86f6-544c7d5fc5f9,A,2023-4-18,"Low Volatility, But Why? Kolanovic's Caution, Apple Savings, Trading Apple Stock",TheStreet.com,https://finance.yahoo.com/m/8737ed7e-3f96-3539-86f6-544c7d5fc5f9/low-volatility%2C-but-why%3F.html,1681818240,STORY
49608465-e501-3261-917a-07e068dd4f3a,A,2023-4-18,Why Apple’s Latest Move Is Another Blow for Banks.,Barrons.com,https://finance.yahoo.com/m/49608465-e501-3261-917a-07e068dd4f3a/why-apple%E2%80%99s-latest-move-is.html,1681813440,STORY
bd2cbc42-8675-36a6-9652-93f77d9547eb,A,2023-4-18,From iPhone 3G to first retail store: Apple's 15-year journey in India,Reuters,https://finance.yahoo.com/news/iphone-3g-first-retail-store-101330803.html,1681812810,STORY
82d20248-bb0f-3256-9090-c7559e366f4d,A,2023-4-18,TIMELINE-From iPhone 3G to first retail store: Apple's 15-year journey in India,Reuters,https://finance.yahoo.com/news/timeline-iphone-3g-first-retail-100551986.html,1681812351,STORY
254c86ac-0ba5-38f9-9137-d0fe90a6ee3c,A,2023-4-18,Apple's New Savings Account: What You Need to Know,Motley Fool,https://finance.yahoo.com/m/254c86ac-0ba5-38f9-9137-d0fe90a6ee3c/apple%27s-new-savings-account%3A.html,1681812300,STORY
8a1f97c1-28be-358d-ae8a-b7ee5f8ea14e,A,2023-4-18,"Porn on Amazon's Kindle app prompts warnings from Apple, Alphabet",Reuters,https://finance.yahoo.com/news/porn-amazons-kindle-app-prompts-100321082.html,1681812201,STORY
7d802cc8-20c3-3e1f-9014-ae21a32c033f,A,2023-4-18,"FOCUS-Porn on Amazon's Kindle app prompts warnings from Apple, Alphabet",Reuters,https://finance.yahoo.com/news/focus-porn-amazons-kindle-app-100000388.html,1681812000,STORY
6b268ff3-f454-3d98-aecd-fed718e8336d,A,2023-4-21,Q1 2023 AT&T Inc Earnings Call,Thomson Reuters StreetEvents,https://finance.yahoo.com/news/q1-2023-t-inc-earnings-023236564.html,1682044356,STORY
61f94bbe-7dc7-3363-8fa4-ad6836984bca,A,2023-4-21,AT&T Shares Dive on Weak Subscriber Growth,Investopedia,https://finance.yahoo.com/m/61f94bbe-7dc7-3363-8fa4-ad6836984bca/at%26t-shares-dive-on-weak.html,1682031036,STORY
9118e15e-ed62-332a-8152-d198ad367a9a,A,2023-4-21,Battle of the Studios: Paramount Demands $52M in 'South Park' Streaming Revenue from Warner Bros,Benzinga,https://finance.yahoo.com/news/battle-studios-paramount-demands-52m-213653973.html,1682026613,STORY
1d9e2386-fa88-3828-a8f4-c7bfbb3070ff,A,2023-4-21,"AT&T Sees Signs of Businesses, Consumers Paring Back Spending",The Wall Street Journal,https://finance.yahoo.com/m/1d9e2386-fa88-3828-a8f4-c7bfbb3070ff/at%26t-sees-signs-of.html,1682024880,STORY
a5a9d0fb-e218-3bce-a739-2bdb502d1d13,A,2023-4-21,AT&T Earnings Beat Estimates. Why the Stock Is the S&P 500’s Biggest Loser Today.,Barrons.com,https://finance.yahoo.com/m/a5a9d0fb-e218-3bce-a739-2bdb502d1d13/at%26t-earnings-beat-estimates..html,1682023800,STORY
db225f7f-32fe-3d47-ad0c-3374f310a9e1,A,2023-4-21,Paramount countersues Warner Bros Discovery over 'South Park' streaming rights,Reuters,https://finance.yahoo.com/news/paramount-countersues-warner-bros-discovery-203857365.html,1682023137,STORY
c0e61217-87a6-3101-ad7b-a13a46eb0638,A,2023-4-21,US STOCKS-Wall St slides after gloomy earnings led by Tesla,Reuters,https://finance.yahoo.com/news/us-stocks-wall-st-slides-202234248.html,1682022154,STORY
01754445-5733-3e5a-9555-db5d9d7fac9e,A,2023-4-21,AT&T stock moves lower following revenue miss amid subscriber growth,Yahoo Finance Video,https://finance.yahoo.com/video/t-stock-moves-lower-following-201338101.html,1682021618,VIDEO
9ca33680-b3c3-3f0e-a706-0bef56b9d376,A,2023-4-22,"T-Mobile's Latest Move Gives Verizon, AT&T the Proverbial Finger",TheStreet.com,https://finance.yahoo.com/m/9ca33680-b3c3-3f0e-a706-0bef56b9d376/t-mobile%27s-latest-move-gives.html,1682161200,STORY
945521a9-c60d-3f58-a231-1a7bc3f9bd05,A,2023-4-22,Why Taiwan Semi Should Still Be a Core Holding for Tech Investors,Barrons.com,https://finance.yahoo.com/m/945521a9-c60d-3f58-a231-1a7bc3f9bd05/why-taiwan-semi-should-still.html,1682117640,STORY
a6ebe6bc-d64b-390d-a5b7-bb3ff2349980,A,2023-4-22,"AT&T, Netflix, BuzzFeed: Stocks That Defined the Week",The Wall Street Journal,https://finance.yahoo.com/m/a6ebe6bc-d64b-390d-a5b7-bb3ff2349980/at%26t%2C-netflix%2C-buzzfeed%3A.html,1682116500,STORY
b5b32623-18ec-33a3-91da-d847b37af25e,A,2023-4-22,AT&T Cash Flow Disappoints but Analysts Stay Upbeat on Dividend,Barrons.com,https://finance.yahoo.com/m/b5b32623-18ec-33a3-91da-d847b37af25e/at%26t-cash-flow-disappoints.html,1682108940,STORY
e4d53cc5-d431-344c-81cf-ca2aa850fe2a,A,2023-4-22,AT&T’s Biggest Drop Since 2000 Prompts HSBC to Turn Bullish,Bloomberg,https://finance.yahoo.com/news/t-biggest-selloff-since-2000-140317530.html,1682107701,STORY
f571beb5-92df-3be2-9265-169e8821b154,A,2023-4-22,Why AT&T Stock Was Bouncing Back Today,Motley Fool,https://finance.yahoo.com/m/f571beb5-92df-3be2-9265-169e8821b154/why-at%26t-stock-was-bouncing.html,1682095772,STORY
5cccee2e-3e60-3a5b-9a0d-d27769129c6f,A,2023-4-22,Bargain Hunting for Dividend Investors: 2 Cheap Stocks to Consider,GuruFocus.com,https://finance.yahoo.com/news/bargain-hunting-dividend-investors-2-164000763.html,1682095200,STORY
4fe38ca7-4641-3a23-8a8d-690f2567bb96,A,2023-4-22,Buy AT&T’s  Stock After Plunge. J.P. Morgan Expects a ‘Gradual Rebound.’,Barrons.com,https://finance.yahoo.com/m/4fe38ca7-4641-3a23-8a8d-690f2567bb96/buy-at%26t%E2%80%99s-stock-after.html,1682085600,STORY
18ffd7b4-0ad0-3963-b5e1-2a625c03d4ee,A,2023-4-24,"1 E-Commerce Stock on the Nasdaq-100 Investors Should Watch, and It's Not Amazon",Motley Fool,https://finance.yahoo.com/m/18ffd7b4-0ad0-3963-b5e1-2a625c03d4ee/1-e-commerce-stock-on-the.html,1682337600,STORY
e273ed4c-c1dc-3d89-a1ed-56701879d8ab,A,2023-4-24,"AWS Announces Three New Amazon GuardDuty Capabilities to Help Customers Protect Container, Database, and Serverless Workloads",Business Wire,https://finance.yahoo.com/news/aws-announces-three-amazon-guardduty-120000206.html,1682337600,STORY
2f1bf8b3-5710-39cc-9226-16548a407fcd,A,2023-4-24,Better Buy: Amazon vs. Disney,Motley Fool,https://finance.yahoo.com/m/2f1bf8b3-5710-39cc-9226-16548a407fcd/better-buy%3A-amazon-vs.-disney.html,1682335800,STORY
5431461a-ff2f-341f-88eb-4113e6f8939a,A,2023-4-24,Best $1 Trillion AI Stock: Amazon vs. Microsoft vs. Google,Motley Fool,https://finance.yahoo.com/m/5431461a-ff2f-341f-88eb-4113e6f8939a/best-%241-trillion-ai-stock%3A.html,1682325900,STORY
901bd60e-795d-3ebe-94e0-901c698f5e77,A,2023-4-24,"Big Tech Earnings Are Coming. What to Know About Amazon, Microsoft, Alphabet, and Meta.",Barrons.com,https://finance.yahoo.com/m/901bd60e-795d-3ebe-94e0-901c698f5e77/big-tech-earnings-are-coming..html,1682308860,STORY
72694a07-6096-3aa7-9c03-f408e30dc9f7,A,2023-4-24,3 Traps to Avoid When Shopping at Dollar Stores,Motley Fool,https://finance.yahoo.com/m/72694a07-6096-3aa7-9c03-f408e30dc9f7/3-traps-to-avoid-when.html,1682283630,STORY
e52451a8-49dd-3376-bc74-fabe0960dda9,A,2023-4-24,A Shareholder Revolt at Amazon Reveals Potential Changes Ahead,TheStreet.com,https://finance.yahoo.com/m/e52451a8-49dd-3376-bc74-fabe0960dda9/a-shareholder-revolt-at.html,1682270040,STORY
158fb1d5-3442-3ab1-904c-b41395d3575a,A,2023-4-24,Amazon Crafting Its Chips -- Is AWS Set to Dominate the Semiconductor Space?,Motley Fool,https://finance.yahoo.com/m/158fb1d5-3442-3ab1-904c-b41395d3575a/amazon-crafting-its-chips-.html,1682268438,STORY
57a9433f-1aba-327b-ac5e-93ee2cb54e5f,A,2023-4-26,"With 59% ownership of the shares, Amazon.com, Inc. (NASDAQ:AMZN) is heavily dominated by institutional owners",Simply Wall St.,https://finance.yahoo.com/news/59-ownership-shares-amazon-com-110123062.html,1682506883,STORY
e6b54f82-59f2-3bbd-b1e5-84decd2bcfc6,A,2023-4-26,Here’s Why Polen Capital Focus Growth Strategy Sold Dollar General Corporation (DG),Insider Monkey,https://finance.yahoo.com/news/why-polen-capital-focus-growth-094249035.html,1682502169,STORY
29997451-adc8-32b1-a5b6-f43348e444f2,A,2023-4-26,"Down 20% to 46%, These Colossal Growth Stocks Could Be Ready for a Surge",Motley Fool,https://finance.yahoo.com/m/29997451-adc8-32b1-a5b6-f43348e444f2/down-20%25-to-46%25%2C-these.html,1682501100,STORY
528cf02c-4758-40c4-a8c1-d5a3b0cdc625,A,2023-4-26,"Microsoft Q3 earnings: Despite cloud struggles, tech giant beat on revenue and EPS",Yahoo Finance,https://finance.yahoo.com/news/microsoft-q3-earnings-despite-cloud-struggles-tech-giant-beat-on-revenue-and-eps-200655635.html,1682453215,STORY
f68aff50-0773-3c71-8e09-710cd7336da2,A,2023-4-26,Everything You Need to Know About Amazon's Upcoming Earnings,Motley Fool,https://finance.yahoo.com/m/f68aff50-0773-3c71-8e09-710cd7336da2/everything-you-need-to-know.html,1682452373,STORY
ef31b8d6-d5a6-36eb-b17c-de3d91997322,A,2023-4-26,The Companies Conducting Layoffs in 2023: Here’s the List,The Wall Street Journal,https://finance.yahoo.com/m/ef31b8d6-d5a6-36eb-b17c-de3d91997322/the-companies-conducting.html,1682446860,STORY
8f5ac436-8e96-3b75-ad06-f5b7aba68015,A,2023-4-26,Something's Clicking With Amazon Ahead of Earnings,TheStreet.com,https://finance.yahoo.com/m/8f5ac436-8e96-3b75-ad06-f5b7aba68015/something%27s-clicking-with.html,1682445900,STORY
98869e1e-b8b1-39bd-8424-486a86c346e2,A,2023-4-26,"TikTok, Twitter, Meta Face Countdown to Comply With West’s Toughest Content Law",The Wall Street Journal,https://finance.yahoo.com/m/98869e1e-b8b1-39bd-8424-486a86c346e2/tiktok%2C-twitter%2C-meta-face.html,1682445360,STORY
300854b4-db15-368b-95b0-9131a3c97008,A,2023-4-27,The Future of Tech: AI Stocks to Keep on Your Radar,Motley Fool,https://finance.yahoo.com/m/300854b4-db15-368b-95b0-9131a3c97008/the-future-of-tech%3A-ai-stocks.html,1682595000,STORY
29c02570-908a-3d30-bc40-93df121bd610,A,2023-4-27,"Can Solana Reach $1,000?",Motley Fool,https://finance.yahoo.com/m/29c02570-908a-3d30-bc40-93df121bd610/can-solana-reach-%241%2C000%3F.html,1682594460,STORY
3987c361-8788-34ed-b785-3e01b73739f0,A,2023-4-27,The AI Revolution: How Companies like Nvidia and Tesla Are Leading the Way,Motley Fool,https://finance.yahoo.com/m/3987c361-8788-34ed-b785-3e01b73739f0/the-ai-revolution%3A-how.html,1682594100,STORY
7f41e05b-599b-32c4-b5e5-f3104d195255,A,2023-4-27,Waze Founder Uri Levine Drives Away Annoying Problems,Investor's Business Daily,https://finance.yahoo.com/m/7f41e05b-599b-32c4-b5e5-f3104d195255/waze-founder-uri-levine.html,1682593248,STORY
0d65e251-ce68-3140-8232-cc35c0316726,A,2023-4-27,Are Alphabet and Other Tech Giants Being Too Hasty With AI Offerings?,Motley Fool,https://finance.yahoo.com/m/0d65e251-ce68-3140-8232-cc35c0316726/are-alphabet-and-other-tech.html,1682592420,STORY
d2001ca0-b88b-3d03-892b-1defeaff6d2f,A,2023-4-27,2 Artificial Intelligence Growth Stocks Smart Investors Are Buying Hand Over Fist,Motley Fool,https://finance.yahoo.com/m/d2001ca0-b88b-3d03-892b-1defeaff6d2f/2-artificial-intelligence.html,1682590380,STORY
1540ad43-d883-39a5-bb14-c6970fc006d9,A,2023-4-27,"Meta earnings, U.S. growth data, debt ceiling bill passed - what's moving markets",Investing.com,https://finance.yahoo.com/news/meta-earnings-u-growth-data-060156523.html,1682575316,STORY
875ec8dc-dc43-384a-98af-581d5232cdfb,A,2023-4-27,"Alphabet Earnings: Google Cloud Drives Revenue Growth, While Ad Business Stalls",Motley Fool,https://finance.yahoo.com/m/875ec8dc-dc43-384a-98af-581d5232cdfb/alphabet-earnings%3A-google.html,1682556659,STORY
11cd5b98-bf63-3e0a-a96e-ecc87abb9516,A,2023-4-28,"Dow Jones Futures Fall: Amazon Sees Slowing Cloud Growth; Cloudflare, Snap Plunge",Investor's Business Daily,https://finance.yahoo.com/m/11cd5b98-bf63-3e0a-a96e-ecc87abb9516/dow-jones-futures-fall%3A.html,1682684336,STORY
70f27cd8-6138-3c74-846d-0ca1e6a0128d,A,2023-4-28,Q1 2023 Pinterest Inc Earnings Call,Thomson Reuters StreetEvents,https://finance.yahoo.com/news/q1-2023-pinterest-inc-earnings-121452251.html,1682684092,STORY
daf9feb8-f485-378b-a063-5bf97d05bf3b,A,2023-4-28,5 Things to Know Before Markets Open,Investopedia,https://finance.yahoo.com/m/daf9feb8-f485-378b-a063-5bf97d05bf3b/5-things-to-know-before.html,1682683888,STORY
c2fd07b4-ad3c-3fad-ba9d-ac35e19f9128,A,2023-4-28,"These Stocks Are Moving the Most Today: First Republic, Intel, Amazon, Snap, T-Mobile, and More",Barrons.com,https://finance.yahoo.com/m/c2fd07b4-ad3c-3fad-ba9d-ac35e19f9128/these-stocks-are-moving-the.html,1682682480,STORY
f8310cb8-a120-358e-ae7b-74883a60b00a,A,2023-4-28,Q1 2023 Amazon.com Inc Earnings Call,Thomson Reuters StreetEvents,https://finance.yahoo.com/news/q1-2023-amazon-com-inc-114249510.html,1682682169,STORY
0d960f91-d90b-32b2-b00a-f3e166cc022c,A,2023-4-28,Perplexed How to Trade Amazon? Have I Got a Plan for You,TheStreet.com,https://finance.yahoo.com/m/0d960f91-d90b-32b2-b00a-f3e166cc022c/perplexed-how-to-trade.html,1682681280,STORY
e25a849a-e4fe-3f93-a65b-4b6d23542a16,A,2023-4-28,"Amazon’s Cloud Outlook Panicked Investors. Don’t Overreact, Analysts Say.",Barrons.com,https://finance.yahoo.com/m/e25a849a-e4fe-3f93-a65b-4b6d23542a16/amazon%E2%80%99s-cloud-outlook.html,1682681160,STORY
e0c87606-e647-3a3a-94de-dc586280b945,A,2023-4-28,Amazon Reminds the Market That Economic Slowing Remains a Major Issue,TheStreet.com,https://finance.yahoo.com/m/e0c87606-e647-3a3a-94de-dc586280b945/amazon-reminds-the-market.html,1682679960,STORY
df5aedbf-ce35-3481-a017-a85d2fb47ca7,A,2023-4-29,"If Alphabet Can Overcome These 2 Challenges, the Stock Could Soar",Motley Fool,https://finance.yahoo.com/m/df5aedbf-ce35-3481-a017-a85d2fb47ca7/if-alphabet-can-overcome.html,1682770500,STORY
2686628d-acee-361b-b60f-b4811895c232,A,2023-4-29,Better Buy: Amazon vs. Etsy,Motley Fool,https://finance.yahoo.com/m/2686628d-acee-361b-b60f-b4811895c232/better-buy%3A-amazon-vs.-etsy.html,1682767800,STORY
efafc7f5-ef0a-3415-b4b4-4238ef87ef27,A,2023-4-29,An Investor's Look at Delta Air Lines' Report and Amazon's Letter,Motley Fool,https://finance.yahoo.com/m/efafc7f5-ef0a-3415-b4b4-4238ef87ef27/an-investor%27s-look-at-delta.html,1682766000,STORY
d5c92c0f-bdf0-3498-a278-12a4e32c8929,A,2023-4-29,Big Tech Earnings Spark Hope That Worst Is Over,The Wall Street Journal,https://finance.yahoo.com/m/d5c92c0f-bdf0-3498-a278-12a4e32c8929/big-tech-earnings-spark-hope.html,1682766000,STORY
83796ba9-dc98-31aa-b2ed-2d2c26b8ece9,A,2023-4-29,"Meta's Big AI Advantages Over Amazon, Google, and Microsoft That Are Hiding in Plain Sight",Motley Fool,https://finance.yahoo.com/m/83796ba9-dc98-31aa-b2ed-2d2c26b8ece9/meta%27s-big-ai-advantages-over.html,1682761740,STORY
22efc529-cb97-373a-a8e8-fa5bd5bc118b,A,2023-4-29,Weekly Roundup,TheStreet.com,https://finance.yahoo.com/m/22efc529-cb97-373a-a8e8-fa5bd5bc118b/weekly-roundup.html,1682722320,STORY
7df78940-2b53-3732-bf28-a897ffc50be0,A,2023-4-29,Breaking Down Big Tech Earnings,Zacks,https://finance.yahoo.com/news/breaking-down-big-tech-earnings-225110629.html,1682722270,STORY
c2e6f241-804b-34bd-80e3-a4f2cd79b01e,A,2023-4-29,Amazon Earnings Are a Bad Omen for Big Tech Stocks. Here’s Why.,Barrons.com,https://finance.yahoo.com/m/c2e6f241-804b-34bd-80e3-a4f2cd79b01e/amazon-earnings-are-a-bad.html,1682721000,STORY
a6fa2bf1-663a-37b1-aa94-96df689c6857,A,2023-4-30,2 Unstoppable Stocks to Buy if There's Another Market Sell-Off In 2023,Motley Fool,https://finance.yahoo.com/m/a6fa2bf1-663a-37b1-aa94-96df689c6857/2-unstoppable-stocks-to-buy.html,1682854800,STORY
50cb2db1-1bb8-306d-89c1-4e1ebd53e7d8,A,2023-4-30,Google and Microsoft Are Gaining on AWS: Here's Why Amazon Isn't Worried,Motley Fool,https://finance.yahoo.com/m/50cb2db1-1bb8-306d-89c1-4e1ebd53e7d8/google-and-microsoft-are.html,1682848200,STORY
951277ca-11f5-3c2f-a675-b3809ee95792,A,2023-4-30,Amazon Earnings: 3 of the Most Important Things We Learned,Motley Fool,https://finance.yahoo.com/m/951277ca-11f5-3c2f-a675-b3809ee95792/amazon-earnings%3A-3-of-the.html,1682845860,STORY
65c4d79c-1262-3b47-8fe0-3fb94a33b5f9,A,2023-4-30,5 Key Earnings Season Takeaways for Tech Investors,TheStreet.com,https://finance.yahoo.com/m/65c4d79c-1262-3b47-8fe0-3fb94a33b5f9/5-key-earnings-season.html,1682784900,STORY
6c6d4825-1129-334c-a783-fc77b7365f0d,A,2023-4-30,Amazon Earnings: 3 Must-See Takeaways,Motley Fool,https://finance.yahoo.com/m/6c6d4825-1129-334c-a783-fc77b7365f0d/amazon-earnings%3A-3-must-see.html,1682779860,STORY
94df3a4a-b380-39ca-a964-9945b5ab98bd,A,2023-4-30,Amazon Leads 5 S&P 500 Stocks Near Buy Points After Earnings,Investor's Business Daily,https://finance.yahoo.com/m/94df3a4a-b380-39ca-a964-9945b5ab98bd/amazon-leads-5-s%26p-500-stocks.html,1682773084,STORY
fdbd06da-71de-4d8a-aae6-235e8822dd0a,A,2023-4-30,Tech earnings suggest it's a stock picker's market,Yahoo Finance,https://finance.yahoo.com/news/tech-earnings-suggest-its-a-stock-pickers-market-123007169.html,1682771407,STORY
8e50ad04-43a5-3715-875f-9edce14d3a59,A,2023-4-30,Amazon.com First Quarter 2023 Earnings: Beats Expectations,Simply Wall St.,https://finance.yahoo.com/news/amazon-com-first-quarter-2023-122000112.html,1682770800,STORY
b09dd4cd-58ec-358f-b453-f25b7630bbd5,A,2023-5-2,Will Agilent (A) Beat Estimates Again in Its Next Earnings Report?,Zacks,https://finance.yahoo.com/news/agilent-beat-estimates-again-next-161004598.html,1682957404,STORY
931b4c57-9c48-35b2-8dd7-0042bf2efc80,A,2023-5-2,Agilent Technologies (A) Gains But Lags Market: What You Should Know,Zacks,https://finance.yahoo.com/news/agilent-technologies-gains-lags-market-220010393.html,1682632810,STORY
aa57abc6-4418-31ff-871b-a5af58a634e5,A,2023-5-2,"Teradyne (TER) Q1 Earnings & Revenues Top Estimates, Fall Y/Y",Zacks,https://finance.yahoo.com/news/teradyne-ter-q1-earnings-revenues-181906255.html,1682619546,STORY
36290e36-6929-3b58-9ff1-0b9230b50b63,A,2023-5-2,Agilent to Announce Second-Quarter Fiscal Year 2023 Financial Results May 23,Business Wire,https://finance.yahoo.com/news/agilent-announce-second-quarter-fiscal-170500325.html,1682528700,STORY
007f5243-ee51-3833-b6b9-cadb72ab74c8,A,2023-5-2,Fortive (FTV) Q1 Earnings and Revenues Beat Estimates,Zacks,https://finance.yahoo.com/news/fortive-ftv-q1-earnings-revenues-125512143.html,1682513712,STORY
ededc37d-9a0e-32cd-8fc0-9cb5563a9a1f,A,2023-5-2,"With EPS Growth And More, Agilent Technologies (NYSE:A) Makes An Interesting Case",Simply Wall St.,https://finance.yahoo.com/news/eps-growth-more-agilent-technologies-100911370.html,1682417351,STORY
fd82dff7-cd25-3fa5-b3b7-57522823e7c4,A,2023-5-2,Agilent Technologies (A) Stock Sinks As Market Gains: What You Should Know,Zacks,https://finance.yahoo.com/news/agilent-technologies-stock-sinks-market-221510470.html,1682374510,STORY
ca85eb2b-4e5c-3ba1-bdbf-71ac2beb3b7f,A,2023-5-2,Datadog (DDOG) Expands Reach With New Data Center in Japan,Zacks,https://finance.yahoo.com/news/datadog-ddog-expands-reach-data-153203525.html,1682004723,STORY
3b035feb-f509-350b-9528-13da5e786962,A,2023-5-6,PayPal (PYPL) to Post Q1 Earnings: What's in the Offing?,Zacks,https://finance.yahoo.com/news/paypal-pypl-post-q1-earnings-183806621.html,1683311886,STORY
b8994334-f52f-3280-86e0-a4c89c2c3abe,A,2023-5-6,"MACOM (MTSI) Q2 Earnings & Revenues Top Estimates, Rise Y/Y",Zacks,https://finance.yahoo.com/news/macom-mtsi-q2-earnings-revenues-183506715.html,1683311706,STORY
fcf93be7-0963-3460-b784-80c5b5ebd805,A,2023-5-6,"Mettler-Toledo (MTD) Q1 Earnings & Sales Beat, Increase Y/Y",Zacks,https://finance.yahoo.com/news/mettler-toledo-mtd-q1-earnings-181306819.html,1683310386,STORY
8cac6fbe-afc7-35eb-aa74-d649d1a51a35,A,2023-5-6,"Block's (SQ) Q1 Earnings Beat Estimates, Revenues Up Y/Y",Zacks,https://finance.yahoo.com/news/blocks-sq-q1-earnings-beat-180006647.html,1683309606,STORY
1e72299e-1682-367e-bc57-e97a5efbf3c2,A,2023-5-6,"WESCO (WCC) Q1 Earnings Beat Estimates, Sales Increase Y/Y",Zacks,https://finance.yahoo.com/news/wesco-wcc-q1-earnings-beat-173705266.html,1683308225,STORY
ead94a09-0700-3c69-bcfc-e31d643c8d94,A,2023-5-6,"Teradata (TDC) Q1 Earnings Miss Estimates, Revenues Fall Y/Y",Zacks,https://finance.yahoo.com/news/teradata-tdc-q1-earnings-miss-173305872.html,1683307985,STORY
0bfeb4c3-b597-332b-903c-d48cd4a292d6,A,2023-5-6,"GoDaddy (GDDY) Q1 Earnings Miss Estimates, Revenues Rise Y/Y",Zacks,https://finance.yahoo.com/news/godaddy-gddy-q1-earnings-miss-172705483.html,1683307625,STORY
54d729d1-effc-349d-a8fb-ed48acd52094,A,2023-5-6,"Zacks Industry Outlook Highlights Agilent Technologies, AMETEK and Fortive",Zacks,https://finance.yahoo.com/news/zacks-industry-outlook-highlights-agilent-090009618.html,1683277209,STORY
3b035feb-f509-350b-9528-13da5e786962,A,2023-5-7,PayPal (PYPL) to Post Q1 Earnings: What's in the Offing?,Zacks,https://finance.yahoo.com/news/paypal-pypl-post-q1-earnings-183806621.html,1683311886,STORY
b8994334-f52f-3280-86e0-a4c89c2c3abe,A,2023-5-7,"MACOM (MTSI) Q2 Earnings & Revenues Top Estimates, Rise Y/Y",Zacks,https://finance.yahoo.com/news/macom-mtsi-q2-earnings-revenues-183506715.html,1683311706,STORY
fcf93be7-0963-3460-b784-80c5b5ebd805,A,2023-5-7,"Mettler-Toledo (MTD) Q1 Earnings & Sales Beat, Increase Y/Y",Zacks,https://finance.yahoo.com/news/mettler-toledo-mtd-q1-earnings-181306819.html,1683310386,STORY
8cac6fbe-afc7-35eb-aa74-d649d1a51a35,A,2023-5-7,"Block's (SQ) Q1 Earnings Beat Estimates, Revenues Up Y/Y",Zacks,https://finance.yahoo.com/news/blocks-sq-q1-earnings-beat-180006647.html,1683309606,STORY
1e72299e-1682-367e-bc57-e97a5efbf3c2,A,2023-5-7,"WESCO (WCC) Q1 Earnings Beat Estimates, Sales Increase Y/Y",Zacks,https://finance.yahoo.com/news/wesco-wcc-q1-earnings-beat-173705266.html,1683308225,STORY
ead94a09-0700-3c69-bcfc-e31d643c8d94,A,2023-5-7,"Teradata (TDC) Q1 Earnings Miss Estimates, Revenues Fall Y/Y",Zacks,https://finance.yahoo.com/news/teradata-tdc-q1-earnings-miss-173305872.html,1683307985,STORY
0bfeb4c3-b597-332b-903c-d48cd4a292d6,A,2023-5-7,"GoDaddy (GDDY) Q1 Earnings Miss Estimates, Revenues Rise Y/Y",Zacks,https://finance.yahoo.com/news/godaddy-gddy-q1-earnings-miss-172705483.html,1683307625,STORY
54d729d1-effc-349d-a8fb-ed48acd52094,A,2023-5-7,"Zacks Industry Outlook Highlights Agilent Technologies, AMETEK and Fortive",Zacks,https://finance.yahoo.com/news/zacks-industry-outlook-highlights-agilent-090009618.html,1683277209,STORY
3b035feb-f509-350b-9528-13da5e786962,A,2023-5-8,PayPal (PYPL) to Post Q1 Earnings: What's in the Offing?,Zacks,https://finance.yahoo.com/news/paypal-pypl-post-q1-earnings-183806621.html,1683311886,STORY
b8994334-f52f-3280-86e0-a4c89c2c3abe,A,2023-5-8,"MACOM (MTSI) Q2 Earnings & Revenues Top Estimates, Rise Y/Y",Zacks,https://finance.yahoo.com/news/macom-mtsi-q2-earnings-revenues-183506715.html,1683311706,STORY
fcf93be7-0963-3460-b784-80c5b5ebd805,A,2023-5-8,"Mettler-Toledo (MTD) Q1 Earnings & Sales Beat, Increase Y/Y",Zacks,https://finance.yahoo.com/news/mettler-toledo-mtd-q1-earnings-181306819.html,1683310386,STORY
8cac6fbe-afc7-35eb-aa74-d649d1a51a35,A,2023-5-8,"Block's (SQ) Q1 Earnings Beat Estimates, Revenues Up Y/Y",Zacks,https://finance.yahoo.com/news/blocks-sq-q1-earnings-beat-180006647.html,1683309606,STORY
1e72299e-1682-367e-bc57-e97a5efbf3c2,A,2023-5-8,"WESCO (WCC) Q1 Earnings Beat Estimates, Sales Increase Y/Y",Zacks,https://finance.yahoo.com/news/wesco-wcc-q1-earnings-beat-173705266.html,1683308225,STORY
ead94a09-0700-3c69-bcfc-e31d643c8d94,A,2023-5-8,"Teradata (TDC) Q1 Earnings Miss Estimates, Revenues Fall Y/Y",Zacks,https://finance.yahoo.com/news/teradata-tdc-q1-earnings-miss-173305872.html,1683307985,STORY
0bfeb4c3-b597-332b-903c-d48cd4a292d6,A,2023-5-8,"GoDaddy (GDDY) Q1 Earnings Miss Estimates, Revenues Rise Y/Y",Zacks,https://finance.yahoo.com/news/godaddy-gddy-q1-earnings-miss-172705483.html,1683307625,STORY
54d729d1-effc-349d-a8fb-ed48acd52094,A,2023-5-8,"Zacks Industry Outlook Highlights Agilent Technologies, AMETEK and Fortive",Zacks,https://finance.yahoo.com/news/zacks-industry-outlook-highlights-agilent-090009618.html,1683277209,STORY
90c45ddb-440c-337c-a3cd-272e29c45946,A,2023-5-9,10 Best Scientific Instruments Stocks To Buy,Insider Monkey,https://finance.yahoo.com/news/10-best-scientific-instruments-stocks-191531038.html,1683573331,STORY
5550ae35-76b8-3fdf-8bc8-c82478e1bf74,A,2023-5-9,What You Need to Know Ahead of Airbnb's (ABNB) Q1 Earnings,Zacks,https://finance.yahoo.com/news/know-ahead-airbnbs-abnb-q1-155503026.html,1683561303,STORY
a28c7935-43b4-31fb-842a-b9e8071981e9,A,2023-5-9,Waters (WAT) to Report Q1 Earnings: What's in the Offing?,Zacks,https://finance.yahoo.com/news/waters-wat-report-q1-earnings-154503193.html,1683560703,STORY
9063bac4-6ecc-3265-9dd7-e977cf504c10,A,2023-5-9,Twilio (TWLO) to Report Q1 Earnings: What's in the Offing?,Zacks,https://finance.yahoo.com/news/twilio-twlo-report-q1-earnings-152003346.html,1683559203,STORY
3b035feb-f509-350b-9528-13da5e786962,A,2023-5-9,PayPal (PYPL) to Post Q1 Earnings: What's in the Offing?,Zacks,https://finance.yahoo.com/news/paypal-pypl-post-q1-earnings-183806621.html,1683311886,STORY
b8994334-f52f-3280-86e0-a4c89c2c3abe,A,2023-5-9,"MACOM (MTSI) Q2 Earnings & Revenues Top Estimates, Rise Y/Y",Zacks,https://finance.yahoo.com/news/macom-mtsi-q2-earnings-revenues-183506715.html,1683311706,STORY
fcf93be7-0963-3460-b784-80c5b5ebd805,A,2023-5-9,"Mettler-Toledo (MTD) Q1 Earnings & Sales Beat, Increase Y/Y",Zacks,https://finance.yahoo.com/news/mettler-toledo-mtd-q1-earnings-181306819.html,1683310386,STORY
8cac6fbe-afc7-35eb-aa74-d649d1a51a35,A,2023-5-9,"Block's (SQ) Q1 Earnings Beat Estimates, Revenues Up Y/Y",Zacks,https://finance.yahoo.com/news/blocks-sq-q1-earnings-beat-180006647.html,1683309606,STORY
c4dfdfb8-d0a5-3815-be76-bc40b8e9c2cd,A,2023-5-10,"Airbnb, Inc. (ABNB) Surpasses Q1 Earnings and Revenue Estimates",Zacks,https://finance.yahoo.com/news/airbnb-inc-abnb-surpasses-q1-220510913.html,1683669910,STORY
fe9c3ace-98c9-350a-929f-4b61b411225e,A,2023-5-10,"Skyworks' (SWKS) Q2 Earnings Beat Estimates, Revenues Down Y/Y",Zacks,https://finance.yahoo.com/news/skyworks-swks-q2-earnings-beat-172605608.html,1683653165,STORY
b5e6b42c-8522-3c8d-adec-4c0ff78f534d,A,2023-5-10,"Waters (WAT) Q1 Earnings & Sales Miss Estimates, Down Y/Y",Zacks,https://finance.yahoo.com/news/waters-wat-q1-earnings-sales-143102067.html,1683642662,STORY
5b92024f-bb2a-31a6-a2aa-f74321366d19,A,2023-5-10,"PayPal (PYPL) Q1 Earnings & Revenues Top Estimates, Rise Y/Y",Zacks,https://finance.yahoo.com/news/paypal-pypl-q1-earnings-revenues-142002444.html,1683642002,STORY
ed4b1610-9fac-3508-b151-6dc915243b45,A,2023-5-10,Fiverr (FVRR) to Report Q1 Earnings: What's in the Cards?,Zacks,https://finance.yahoo.com/news/fiverr-fvrr-report-q1-earnings-135601227.html,1683640561,STORY
90c45ddb-440c-337c-a3cd-272e29c45946,A,2023-5-10,10 Best Scientific Instruments Stocks To Buy,Insider Monkey,https://finance.yahoo.com/news/10-best-scientific-instruments-stocks-191531038.html,1683573331,STORY
5550ae35-76b8-3fdf-8bc8-c82478e1bf74,A,2023-5-10,What You Need to Know Ahead of Airbnb's (ABNB) Q1 Earnings,Zacks,https://finance.yahoo.com/news/know-ahead-airbnbs-abnb-q1-155503026.html,1683561303,STORY
a28c7935-43b4-31fb-842a-b9e8071981e9,A,2023-5-10,Waters (WAT) to Report Q1 Earnings: What's in the Offing?,Zacks,https://finance.yahoo.com/news/waters-wat-report-q1-earnings-154503193.html,1683560703,STORY
d650dd5b-6c6d-34b3-bf42-707648150cd6,A,2023-5-11,Agilent Technologies (A) Outpaces Stock Market Gains: What You Should Know,Zacks,https://finance.yahoo.com/news/agilent-technologies-outpaces-stock-market-220010751.html,1683756010,STORY
6fb142f2-c942-3376-9373-ef74b2d92466,A,2023-5-11,JD.com (JD) to Report Q1 Earnings: What's in the Offing?,Zacks,https://finance.yahoo.com/news/jd-com-jd-report-q1-162004300.html,1683735604,STORY
984acef1-f7d2-37ed-9533-59db0f2f8443,A,2023-5-11,"Airbnb (ABNB) Q1 Earnings & Revenues Beat, Increase Y/Y",Zacks,https://finance.yahoo.com/news/airbnb-abnb-q1-earnings-revenues-161204434.html,1683735124,STORY
ee6e27a3-71a8-3c30-b734-b5d9ed945477,A,2023-5-11,Carrier (CARR) Boosts Fire & Security Unit With Latest Move,Zacks,https://finance.yahoo.com/news/carrier-carr-boosts-fire-security-154203637.html,1683733323,STORY
c4dfdfb8-d0a5-3815-be76-bc40b8e9c2cd,A,2023-5-11,"Airbnb, Inc. (ABNB) Surpasses Q1 Earnings and Revenue Estimates",Zacks,https://finance.yahoo.com/news/airbnb-inc-abnb-surpasses-q1-220510913.html,1683669910,STORY
fe9c3ace-98c9-350a-929f-4b61b411225e,A,2023-5-11,"Skyworks' (SWKS) Q2 Earnings Beat Estimates, Revenues Down Y/Y",Zacks,https://finance.yahoo.com/news/skyworks-swks-q2-earnings-beat-172605608.html,1683653165,STORY
b5e6b42c-8522-3c8d-adec-4c0ff78f534d,A,2023-5-11,"Waters (WAT) Q1 Earnings & Sales Miss Estimates, Down Y/Y",Zacks,https://finance.yahoo.com/news/waters-wat-q1-earnings-sales-143102067.html,1683642662,STORY
5b92024f-bb2a-31a6-a2aa-f74321366d19,A,2023-5-11,"PayPal (PYPL) Q1 Earnings & Revenues Top Estimates, Rise Y/Y",Zacks,https://finance.yahoo.com/news/paypal-pypl-q1-earnings-revenues-142002444.html,1683642002,STORY
f3d76ad2-24ca-3331-bca2-f6b69f42b375,A,2023-5-12,"Vishay (VSH) Q1 Earnings & Revenues Beat Estimates, Rise Y/Y",Zacks,https://finance.yahoo.com/news/vishay-vsh-q1-earnings-revenues-141002326.html,1683814202,STORY
34933eda-2542-3bdb-bdf3-74c807817fc9,A,2023-5-12,Agilent (A) Forms 'Hammer Chart Pattern': Time for Bottom Fishing?,Zacks,https://finance.yahoo.com/news/agilent-forms-hammer-chart-pattern-135501761.html,1683813301,STORY
453bd1c4-9839-386c-8842-26c98e259492,A,2023-5-12,"Unity Software (U) Q1 Earnings Miss, Revenues Increase Y/Y",Zacks,https://finance.yahoo.com/news/unity-software-u-q1-earnings-113211340.html,1683804731,STORY
d650dd5b-6c6d-34b3-bf42-707648150cd6,A,2023-5-12,Agilent Technologies (A) Outpaces Stock Market Gains: What You Should Know,Zacks,https://finance.yahoo.com/news/agilent-technologies-outpaces-stock-market-220010751.html,1683756010,STORY
6fb142f2-c942-3376-9373-ef74b2d92466,A,2023-5-12,JD.com (JD) to Report Q1 Earnings: What's in the Offing?,Zacks,https://finance.yahoo.com/news/jd-com-jd-report-q1-162004300.html,1683735604,STORY
984acef1-f7d2-37ed-9533-59db0f2f8443,A,2023-5-12,"Airbnb (ABNB) Q1 Earnings & Revenues Beat, Increase Y/Y",Zacks,https://finance.yahoo.com/news/airbnb-abnb-q1-earnings-revenues-161204434.html,1683735124,STORY
ee6e27a3-71a8-3c30-b734-b5d9ed945477,A,2023-5-12,Carrier (CARR) Boosts Fire & Security Unit With Latest Move,Zacks,https://finance.yahoo.com/news/carrier-carr-boosts-fire-security-154203637.html,1683733323,STORY
c4dfdfb8-d0a5-3815-be76-bc40b8e9c2cd,A,2023-5-12,"Airbnb, Inc. (ABNB) Surpasses Q1 Earnings and Revenue Estimates",Zacks,https://finance.yahoo.com/news/airbnb-inc-abnb-surpasses-q1-220510913.html,1683669910,STORY
311c7a3d-ba37-38ec-967a-14f65663089c,A,2023-5-13,Sea Limited (SE) to Report Q1 Earnings: What's in Store?,Zacks,https://finance.yahoo.com/news/sea-limited-se-report-q1-180506853.html,1683914706,STORY
a1643482-9b22-302c-a60d-f056d64e5413,A,2023-5-13,"Entegris (ENTG) Q1 Earnings Beat Estimates, Revenues Up Y/Y",Zacks,https://finance.yahoo.com/news/entegris-entg-q1-earnings-beat-180406832.html,1683914646,STORY
0c15fc2d-5801-3c2f-9244-50e526c66de4,A,2023-5-13,With Top-Line Expansion Improve Keysight's (KEYS) Q2 Earnings?,Zacks,https://finance.yahoo.com/news/top-line-expansion-improve-keysights-153203699.html,1683905523,STORY
0e5ea83b-3a2e-30f2-aa80-6e20744d6eec,A,2023-5-13,Baidu (BIDU) to Post Q1 Earnings: What's in the Offing?,Zacks,https://finance.yahoo.com/news/baidu-bidu-post-q1-earnings-151303084.html,1683904383,STORY
f3d76ad2-24ca-3331-bca2-f6b69f42b375,A,2023-5-13,"Vishay (VSH) Q1 Earnings & Revenues Beat Estimates, Rise Y/Y",Zacks,https://finance.yahoo.com/news/vishay-vsh-q1-earnings-revenues-141002326.html,1683814202,STORY
34933eda-2542-3bdb-bdf3-74c807817fc9,A,2023-5-13,Agilent (A) Forms 'Hammer Chart Pattern': Time for Bottom Fishing?,Zacks,https://finance.yahoo.com/news/agilent-forms-hammer-chart-pattern-135501761.html,1683813301,STORY
453bd1c4-9839-386c-8842-26c98e259492,A,2023-5-13,"Unity Software (U) Q1 Earnings Miss, Revenues Increase Y/Y",Zacks,https://finance.yahoo.com/news/unity-software-u-q1-earnings-113211340.html,1683804731,STORY
d650dd5b-6c6d-34b3-bf42-707648150cd6,A,2023-5-13,Agilent Technologies (A) Outpaces Stock Market Gains: What You Should Know,Zacks,https://finance.yahoo.com/news/agilent-technologies-outpaces-stock-market-220010751.html,1683756010,STORY
311c7a3d-ba37-38ec-967a-14f65663089c,A,2023-5-14,Sea Limited (SE) to Report Q1 Earnings: What's in Store?,Zacks,https://finance.yahoo.com/news/sea-limited-se-report-q1-180506853.html,1683914706,STORY
a1643482-9b22-302c-a60d-f056d64e5413,A,2023-5-14,"Entegris (ENTG) Q1 Earnings Beat Estimates, Revenues Up Y/Y",Zacks,https://finance.yahoo.com/news/entegris-entg-q1-earnings-beat-180406832.html,1683914646,STORY
0c15fc2d-5801-3c2f-9244-50e526c66de4,A,2023-5-14,With Top-Line Expansion Improve Keysight's (KEYS) Q2 Earnings?,Zacks,https://finance.yahoo.com/news/top-line-expansion-improve-keysights-153203699.html,1683905523,STORY
0e5ea83b-3a2e-30f2-aa80-6e20744d6eec,A,2023-5-14,Baidu (BIDU) to Post Q1 Earnings: What's in the Offing?,Zacks,https://finance.yahoo.com/news/baidu-bidu-post-q1-earnings-151303084.html,1683904383,STORY
f3d76ad2-24ca-3331-bca2-f6b69f42b375,A,2023-5-14,"Vishay (VSH) Q1 Earnings & Revenues Beat Estimates, Rise Y/Y",Zacks,https://finance.yahoo.com/news/vishay-vsh-q1-earnings-revenues-141002326.html,1683814202,STORY
34933eda-2542-3bdb-bdf3-74c807817fc9,A,2023-5-14,Agilent (A) Forms 'Hammer Chart Pattern': Time for Bottom Fishing?,Zacks,https://finance.yahoo.com/news/agilent-forms-hammer-chart-pattern-135501761.html,1683813301,STORY
453bd1c4-9839-386c-8842-26c98e259492,A,2023-5-14,"Unity Software (U) Q1 Earnings Miss, Revenues Increase Y/Y",Zacks,https://finance.yahoo.com/news/unity-software-u-q1-earnings-113211340.html,1683804731,STORY
d650dd5b-6c6d-34b3-bf42-707648150cd6,A,2023-5-14,Agilent Technologies (A) Outpaces Stock Market Gains: What You Should Know,Zacks,https://finance.yahoo.com/news/agilent-technologies-outpaces-stock-market-220010751.html,1683756010,STORY
311c7a3d-ba37-38ec-967a-14f65663089c,A,2023-5-15,Sea Limited (SE) to Report Q1 Earnings: What's in Store?,Zacks,https://finance.yahoo.com/news/sea-limited-se-report-q1-180506853.html,1683914706,STORY
a1643482-9b22-302c-a60d-f056d64e5413,A,2023-5-15,"Entegris (ENTG) Q1 Earnings Beat Estimates, Revenues Up Y/Y",Zacks,https://finance.yahoo.com/news/entegris-entg-q1-earnings-beat-180406832.html,1683914646,STORY
0c15fc2d-5801-3c2f-9244-50e526c66de4,A,2023-5-15,With Top-Line Expansion Improve Keysight's (KEYS) Q2 Earnings?,Zacks,https://finance.yahoo.com/news/top-line-expansion-improve-keysights-153203699.html,1683905523,STORY
0e5ea83b-3a2e-30f2-aa80-6e20744d6eec,A,2023-5-15,Baidu (BIDU) to Post Q1 Earnings: What's in the Offing?,Zacks,https://finance.yahoo.com/news/baidu-bidu-post-q1-earnings-151303084.html,1683904383,STORY
f3d76ad2-24ca-3331-bca2-f6b69f42b375,A,2023-5-15,"Vishay (VSH) Q1 Earnings & Revenues Beat Estimates, Rise Y/Y",Zacks,https://finance.yahoo.com/news/vishay-vsh-q1-earnings-revenues-141002326.html,1683814202,STORY
34933eda-2542-3bdb-bdf3-74c807817fc9,A,2023-5-15,Agilent (A) Forms 'Hammer Chart Pattern': Time for Bottom Fishing?,Zacks,https://finance.yahoo.com/news/agilent-forms-hammer-chart-pattern-135501761.html,1683813301,STORY
453bd1c4-9839-386c-8842-26c98e259492,A,2023-5-15,"Unity Software (U) Q1 Earnings Miss, Revenues Increase Y/Y",Zacks,https://finance.yahoo.com/news/unity-software-u-q1-earnings-113211340.html,1683804731,STORY
d650dd5b-6c6d-34b3-bf42-707648150cd6,A,2023-5-15,Agilent Technologies (A) Outpaces Stock Market Gains: What You Should Know,Zacks,https://finance.yahoo.com/news/agilent-technologies-outpaces-stock-market-220010751.html,1683756010,STORY
489215a7-b082-38f1-b5ba-cd9fd86c4299,A,2023-5-16,Cisco (CSCO) to Report Q3 Earnings: Key Factors to Consider,Zacks,https://finance.yahoo.com/news/cisco-csco-report-q3-earnings-171705569.html,1684171025,STORY
e1228c18-b903-3135-9f85-572f5da8c2ff,A,2023-5-16,Semtech's (SMTC) New Deal Boosts LoRa Technology Adoption,Zacks,https://finance.yahoo.com/news/semtechs-smtc-deal-boosts-lora-165804025.html,1684169884,STORY
42725bc8-902d-3b28-9d06-e88addea4be1,A,2023-5-16,What You Need to Know Ahead of Alibaba's (BABA) Q4 Earnings?,Zacks,https://finance.yahoo.com/news/know-ahead-alibabas-baba-q4-163404130.html,1684168444,STORY
d6f5b4eb-492e-3164-adf8-f2fc98d52d01,A,2023-5-16,Wix.com (WIX) to Report Q1 Earnings: What's in the Offing?,Zacks,https://finance.yahoo.com/news/wix-com-wix-report-q1-125212529.html,1684155132,STORY
e26ec903-e700-385b-825d-122abaf29e77,A,2023-5-16,Stratasys (SSYS) to Report Q1 Earnings: What's in the Offing?,Zacks,https://finance.yahoo.com/news/stratasys-ssys-report-q1-earnings-112411290.html,1684149851,STORY
311c7a3d-ba37-38ec-967a-14f65663089c,A,2023-5-16,Sea Limited (SE) to Report Q1 Earnings: What's in Store?,Zacks,https://finance.yahoo.com/news/sea-limited-se-report-q1-180506853.html,1683914706,STORY
a1643482-9b22-302c-a60d-f056d64e5413,A,2023-5-16,"Entegris (ENTG) Q1 Earnings Beat Estimates, Revenues Up Y/Y",Zacks,https://finance.yahoo.com/news/entegris-entg-q1-earnings-beat-180406832.html,1683914646,STORY
0c15fc2d-5801-3c2f-9244-50e526c66de4,A,2023-5-16,With Top-Line Expansion Improve Keysight's (KEYS) Q2 Earnings?,Zacks,https://finance.yahoo.com/news/top-line-expansion-improve-keysights-153203699.html,1683905523,STORY
6b4f17fa-f688-3562-8681-1a486b3ee1ce,A,2023-5-17,Agilent Technologies (A) Dips More Than Broader Markets: What You Should Know,Zacks,https://finance.yahoo.com/news/agilent-technologies-dips-more-broader-220010365.html,1684274410,STORY
d59f02a2-47aa-3090-9465-fd2598ad4b3b,A,2023-5-17,Agilent Wins SEAL Award for Innovative Products that Help Customers Achieve Their Sustainability Goals,Business Wire,https://finance.yahoo.com/news/agilent-wins-seal-award-innovative-184700978.html,1684262820,STORY
d4d0a24b-9e48-36f0-aa16-20f187fe84c6,A,2023-5-17,What's in Store for Applied Materials (AMAT) in Q2 Earnings?,Zacks,https://finance.yahoo.com/news/whats-store-applied-materials-amat-155203653.html,1684252323,STORY
ef9c7756-8772-3dcb-95b5-8d2e7c6d0ab5,A,2023-5-17,Jack Henry's (JKHY) Client Base to Get a Boost With FedNow,Zacks,https://finance.yahoo.com/news/jack-henrys-jkhy-client-boost-153503446.html,1684251303,STORY
da6b6342-acb1-3bad-8cd1-515df3d8299e,A,2023-5-17,Agilent Technologies (A) Earnings Expected to Grow: What to Know Ahead of Next Week's Release,Zacks,https://finance.yahoo.com/news/agilent-technologies-earnings-expected-grow-140002472.html,1684245602,STORY
bc6303ef-42ca-38c7-a322-4ded210cfef3,A,2023-5-17,These 2 Computer and Technology Stocks Could Beat Earnings: Why They Should Be on Your Radar,Zacks,https://finance.yahoo.com/news/2-computer-technology-stocks-could-130001958.html,1684242001,STORY
3c49d0a4-ddf9-3cff-981e-93e14b3ad1fb,A,2023-5-17,What's in the Offing for Synopsys (SNPS) This Earnings Season?,Zacks,https://finance.yahoo.com/news/whats-offing-synopsys-snps-earnings-122512126.html,1684239912,STORY
654feff9-b5f2-3fe0-b2f2-a928b33df3d1,A,2023-5-17,DXC Technology (DXC) to Report Q4 Earnings: What's in Store?,Zacks,https://finance.yahoo.com/news/dxc-technology-dxc-report-q4-112211442.html,1684236131,STORY
12f263bc-eaa4-3329-9362-0477c8ade75a,A,2023-5-18,Agilent Announces Cash Dividend of 22.5 Cents Per Share,Business Wire,https://finance.yahoo.com/news/agilent-announces-cash-dividend-22-195700720.html,1684353420,STORY
806cdc32-d675-39a8-8883-a0ec355d41ec,A,2023-5-18,Palo Alto (PANW) to Report Q3 Earnings: What's in the Cards?,Zacks,https://finance.yahoo.com/news/palo-alto-panw-report-q3-111611501.html,1684322171,STORY
6b4f17fa-f688-3562-8681-1a486b3ee1ce,A,2023-5-18,Agilent Technologies (A) Dips More Than Broader Markets: What You Should Know,Zacks,https://finance.yahoo.com/news/agilent-technologies-dips-more-broader-220010365.html,1684274410,STORY
d59f02a2-47aa-3090-9465-fd2598ad4b3b,A,2023-5-18,Agilent Wins SEAL Award for Innovative Products that Help Customers Achieve Their Sustainability Goals,Business Wire,https://finance.yahoo.com/news/agilent-wins-seal-award-innovative-184700978.html,1684262820,STORY
d4d0a24b-9e48-36f0-aa16-20f187fe84c6,A,2023-5-18,What's in Store for Applied Materials (AMAT) in Q2 Earnings?,Zacks,https://finance.yahoo.com/news/whats-store-applied-materials-amat-155203653.html,1684252323,STORY
ef9c7756-8772-3dcb-95b5-8d2e7c6d0ab5,A,2023-5-18,Jack Henry's (JKHY) Client Base to Get a Boost With FedNow,Zacks,https://finance.yahoo.com/news/jack-henrys-jkhy-client-boost-153503446.html,1684251303,STORY
da6b6342-acb1-3bad-8cd1-515df3d8299e,A,2023-5-18,Agilent Technologies (A) Earnings Expected to Grow: What to Know Ahead of Next Week's Release,Zacks,https://finance.yahoo.com/news/agilent-technologies-earnings-expected-grow-140002472.html,1684245602,STORY
bc6303ef-42ca-38c7-a322-4ded210cfef3,A,2023-5-18,These 2 Computer and Technology Stocks Could Beat Earnings: Why They Should Be on Your Radar,Zacks,https://finance.yahoo.com/news/2-computer-technology-stocks-could-130001958.html,1684242001,STORY
5477d2fd-f0e0-3721-aeb5-9e4184af5fc1,A,2023-5-19,Agilent to Appeal Patent Office Decision on CRISPR gRNA Patents,Business Wire,https://finance.yahoo.com/news/agilent-appeal-patent-office-decision-012500775.html,1684459500,STORY
27293957-38d0-3710-8e36-c33a88428202,A,2023-5-19,Vipshop (VIPS) to Post Q1 Earnings: What's in the Offing?,Zacks,https://finance.yahoo.com/news/vipshop-vips-post-q1-earnings-161404714.html,1684426444,STORY
7ef01445-ed2f-33b2-9205-db1d0f2c9936,A,2023-5-19,Is a Beat Likely for NVIDIA Corporation (NVDA) in Q1 Earnings?,Zacks,https://finance.yahoo.com/news/beat-likely-nvidia-corporation-nvda-133901788.html,1684417141,STORY
f41ede28-1ea5-3584-9eb9-c2d0ffb477e6,A,2023-5-19,Why Earnings Season Could Be Great for Agilent (A),Zacks,https://finance.yahoo.com/news/why-earnings-season-could-great-123212250.html,1684413132,STORY
7287a28a-77ea-3fd3-a009-1842cb94c403,A,2023-5-19,Zoom Video (ZM) to Report Q1 Earnings: What's in the Cards?,Zacks,https://finance.yahoo.com/news/zoom-video-zm-report-q1-112411949.html,1684409051,STORY
12f263bc-eaa4-3329-9362-0477c8ade75a,A,2023-5-19,Agilent Announces Cash Dividend of 22.5 Cents Per Share,Business Wire,https://finance.yahoo.com/news/agilent-announces-cash-dividend-22-195700720.html,1684353420,STORY
806cdc32-d675-39a8-8883-a0ec355d41ec,A,2023-5-19,Palo Alto (PANW) to Report Q3 Earnings: What's in the Cards?,Zacks,https://finance.yahoo.com/news/palo-alto-panw-report-q3-111611501.html,1684322171,STORY
6b4f17fa-f688-3562-8681-1a486b3ee1ce,A,2023-5-19,Agilent Technologies (A) Dips More Than Broader Markets: What You Should Know,Zacks,https://finance.yahoo.com/news/agilent-technologies-dips-more-broader-220010365.html,1684274410,STORY
619f9fb9-c102-37fc-8b8c-50c11237b9a7,A,2023-5-20,Agilent Technologies (A) to Post Q2 Earnings: What's in Store?,Zacks,https://finance.yahoo.com/news/agilent-technologies-post-q2-earnings-150803307.html,1684508883,STORY
8ab7c4a3-6b4d-3593-bfed-c55ef3c370bf,A,2023-5-20,Will Higher Revenues Benefit Splunk's (SPLK) Q1 Earnings?,Zacks,https://finance.yahoo.com/news/higher-revenues-benefit-splunks-splk-124612711.html,1684500372,STORY
93f37c42-9379-3acb-8d22-d2739dde5735,A,2023-5-20,Will Solid Top-Line Growth Buoy Workday's (WDAY) Q1 Earnings?,Zacks,https://finance.yahoo.com/news/solid-top-line-growth-buoy-123012046.html,1684499412,STORY
5477d2fd-f0e0-3721-aeb5-9e4184af5fc1,A,2023-5-20,Agilent to Appeal Patent Office Decision on CRISPR gRNA Patents,Business Wire,https://finance.yahoo.com/news/agilent-appeal-patent-office-decision-012500775.html,1684459500,STORY
27293957-38d0-3710-8e36-c33a88428202,A,2023-5-20,Vipshop (VIPS) to Post Q1 Earnings: What's in the Offing?,Zacks,https://finance.yahoo.com/news/vipshop-vips-post-q1-earnings-161404714.html,1684426444,STORY
7ef01445-ed2f-33b2-9205-db1d0f2c9936,A,2023-5-20,Is a Beat Likely for NVIDIA Corporation (NVDA) in Q1 Earnings?,Zacks,https://finance.yahoo.com/news/beat-likely-nvidia-corporation-nvda-133901788.html,1684417141,STORY
f41ede28-1ea5-3584-9eb9-c2d0ffb477e6,A,2023-5-20,Why Earnings Season Could Be Great for Agilent (A),Zacks,https://finance.yahoo.com/news/why-earnings-season-could-great-123212250.html,1684413132,STORY
7287a28a-77ea-3fd3-a009-1842cb94c403,A,2023-5-20,Zoom Video (ZM) to Report Q1 Earnings: What's in the Cards?,Zacks,https://finance.yahoo.com/news/zoom-video-zm-report-q1-112411949.html,1684409051,STORY
619f9fb9-c102-37fc-8b8c-50c11237b9a7,A,2023-5-21,Agilent Technologies (A) to Post Q2 Earnings: What's in Store?,Zacks,https://finance.yahoo.com/news/agilent-technologies-post-q2-earnings-150803307.html,1684508883,STORY
8ab7c4a3-6b4d-3593-bfed-c55ef3c370bf,A,2023-5-21,Will Higher Revenues Benefit Splunk's (SPLK) Q1 Earnings?,Zacks,https://finance.yahoo.com/news/higher-revenues-benefit-splunks-splk-124612711.html,1684500372,STORY
93f37c42-9379-3acb-8d22-d2739dde5735,A,2023-5-21,Will Solid Top-Line Growth Buoy Workday's (WDAY) Q1 Earnings?,Zacks,https://finance.yahoo.com/news/solid-top-line-growth-buoy-123012046.html,1684499412,STORY
5477d2fd-f0e0-3721-aeb5-9e4184af5fc1,A,2023-5-21,Agilent to Appeal Patent Office Decision on CRISPR gRNA Patents,Business Wire,https://finance.yahoo.com/news/agilent-appeal-patent-office-decision-012500775.html,1684459500,STORY
27293957-38d0-3710-8e36-c33a88428202,A,2023-5-21,Vipshop (VIPS) to Post Q1 Earnings: What's in the Offing?,Zacks,https://finance.yahoo.com/news/vipshop-vips-post-q1-earnings-161404714.html,1684426444,STORY
7ef01445-ed2f-33b2-9205-db1d0f2c9936,A,2023-5-21,Is a Beat Likely for NVIDIA Corporation (NVDA) in Q1 Earnings?,Zacks,https://finance.yahoo.com/news/beat-likely-nvidia-corporation-nvda-133901788.html,1684417141,STORY
f41ede28-1ea5-3584-9eb9-c2d0ffb477e6,A,2023-5-21,Why Earnings Season Could Be Great for Agilent (A),Zacks,https://finance.yahoo.com/news/why-earnings-season-could-great-123212250.html,1684413132,STORY
7287a28a-77ea-3fd3-a009-1842cb94c403,A,2023-5-21,Zoom Video (ZM) to Report Q1 Earnings: What's in the Cards?,Zacks,https://finance.yahoo.com/news/zoom-video-zm-report-q1-112411949.html,1684409051,STORY
5f7a781e-1e0c-30b0-a052-1d88fc0ce184,A,2023-5-22,"Costco, JPMorgan, Snowflake, Ford, Zoom, and More Stocks to Watch This Week",Barrons.com,https://finance.yahoo.com/m/5f7a781e-1e0c-30b0-a052-1d88fc0ce184/costco%2C-jpmorgan%2C-snowflake%2C.html,1684695600,STORY
619f9fb9-c102-37fc-8b8c-50c11237b9a7,A,2023-5-22,Agilent Technologies (A) to Post Q2 Earnings: What's in Store?,Zacks,https://finance.yahoo.com/news/agilent-technologies-post-q2-earnings-150803307.html,1684508883,STORY
8ab7c4a3-6b4d-3593-bfed-c55ef3c370bf,A,2023-5-22,Will Higher Revenues Benefit Splunk's (SPLK) Q1 Earnings?,Zacks,https://finance.yahoo.com/news/higher-revenues-benefit-splunks-splk-124612711.html,1684500372,STORY
93f37c42-9379-3acb-8d22-d2739dde5735,A,2023-5-22,Will Solid Top-Line Growth Buoy Workday's (WDAY) Q1 Earnings?,Zacks,https://finance.yahoo.com/news/solid-top-line-growth-buoy-123012046.html,1684499412,STORY
5477d2fd-f0e0-3721-aeb5-9e4184af5fc1,A,2023-5-22,Agilent to Appeal Patent Office Decision on CRISPR gRNA Patents,Business Wire,https://finance.yahoo.com/news/agilent-appeal-patent-office-decision-012500775.html,1684459500,STORY
27293957-38d0-3710-8e36-c33a88428202,A,2023-5-22,Vipshop (VIPS) to Post Q1 Earnings: What's in the Offing?,Zacks,https://finance.yahoo.com/news/vipshop-vips-post-q1-earnings-161404714.html,1684426444,STORY
7ef01445-ed2f-33b2-9205-db1d0f2c9936,A,2023-5-22,Is a Beat Likely for NVIDIA Corporation (NVDA) in Q1 Earnings?,Zacks,https://finance.yahoo.com/news/beat-likely-nvidia-corporation-nvda-133901788.html,1684417141,STORY
f41ede28-1ea5-3584-9eb9-c2d0ffb477e6,A,2023-5-22,Why Earnings Season Could Be Great for Agilent (A),Zacks,https://finance.yahoo.com/news/why-earnings-season-could-great-123212250.html,1684413132,STORY
350d0015-9562-3cd9-9bc4-7ec220b41902,A,2023-5-23,Agilent to Present at Jefferies and Goldman Sachs Healthcare Conferences,Business Wire,https://finance.yahoo.com/news/agilent-present-jefferies-goldman-sachs-220000415.html,1684792800,STORY
5f7a781e-1e0c-30b0-a052-1d88fc0ce184,A,2023-5-23,"Costco, JPMorgan, Snowflake, Ford, Zoom, and More Stocks to Watch This Week",Barrons.com,https://finance.yahoo.com/m/5f7a781e-1e0c-30b0-a052-1d88fc0ce184/costco%2C-jpmorgan%2C-snowflake%2C.html,1684695600,STORY
619f9fb9-c102-37fc-8b8c-50c11237b9a7,A,2023-5-23,Agilent Technologies (A) to Post Q2 Earnings: What's in Store?,Zacks,https://finance.yahoo.com/news/agilent-technologies-post-q2-earnings-150803307.html,1684508883,STORY
8ab7c4a3-6b4d-3593-bfed-c55ef3c370bf,A,2023-5-23,Will Higher Revenues Benefit Splunk's (SPLK) Q1 Earnings?,Zacks,https://finance.yahoo.com/news/higher-revenues-benefit-splunks-splk-124612711.html,1684500372,STORY
93f37c42-9379-3acb-8d22-d2739dde5735,A,2023-5-23,Will Solid Top-Line Growth Buoy Workday's (WDAY) Q1 Earnings?,Zacks,https://finance.yahoo.com/news/solid-top-line-growth-buoy-123012046.html,1684499412,STORY
5477d2fd-f0e0-3721-aeb5-9e4184af5fc1,A,2023-5-23,Agilent to Appeal Patent Office Decision on CRISPR gRNA Patents,Business Wire,https://finance.yahoo.com/news/agilent-appeal-patent-office-decision-012500775.html,1684459500,STORY
27293957-38d0-3710-8e36-c33a88428202,A,2023-5-23,Vipshop (VIPS) to Post Q1 Earnings: What's in the Offing?,Zacks,https://finance.yahoo.com/news/vipshop-vips-post-q1-earnings-161404714.html,1684426444,STORY
7ef01445-ed2f-33b2-9205-db1d0f2c9936,A,2023-5-23,Is a Beat Likely for NVIDIA Corporation (NVDA) in Q1 Earnings?,Zacks,https://finance.yahoo.com/news/beat-likely-nvidia-corporation-nvda-133901788.html,1684417141,STORY
d110a79c-9986-379e-b6c7-ad94ed737572,A,2023-5-24,"These Stocks Are Moving the Most Today: Intuit, Kohl’s, Agilent, XPeng, PacWest, Analog Devices, and More",Barrons.com,https://finance.yahoo.com/m/d110a79c-9986-379e-b6c7-ad94ed737572/these-stocks-are-moving-the.html,1684929477,STORY
17594a83-daf3-3adb-af0f-bd30247f34e8,A,2023-5-24,Q2 2023 Agilent Technologies Inc Earnings Call,Thomson Reuters StreetEvents,https://finance.yahoo.com/news/q2-2023-agilent-technologies-inc-105618192.html,1684925778,STORY
21d38ac9-c67d-3941-95ed-7bea77e4a673,A,2023-5-24,"Analyst Report: Agilent Technologies, Inc.",Morningstar Research,https://finance.yahoo.com/m/21d38ac9-c67d-3941-95ed-7bea77e4a673/analyst-report%3A-agilent.html,1684885736,STORY
959ead94-f069-3851-bdc3-1e0df9d02f0a,A,2023-5-24,Agilent Technologies (A) Meets Q2 Earnings Estimates,Zacks,https://finance.yahoo.com/news/agilent-technologies-meets-q2-earnings-212506533.html,1684877106,STORY
e72d9e4a-96b9-37f3-bfe3-f70c6ceaf3f5,A,2023-5-24,Agilent Reports Second-Quarter Fiscal Year 2023 Financial Results,Business Wire,https://finance.yahoo.com/news/agilent-reports-second-quarter-fiscal-200500036.html,1684872300,STORY
a0e34429-4a6e-39fd-9209-21d5f9c7b7c1,A,2023-5-24,"Dow futures tick higher, Intuit falls 4.9% after earnings",Investing.com,https://finance.yahoo.com/news/dow-futures-tick-higher-intuit-193804920.html,1684870684,STORY
350d0015-9562-3cd9-9bc4-7ec220b41902,A,2023-5-24,Agilent to Present at Jefferies and Goldman Sachs Healthcare Conferences,Business Wire,https://finance.yahoo.com/news/agilent-present-jefferies-goldman-sachs-220000415.html,1684792800,STORY
5f7a781e-1e0c-30b0-a052-1d88fc0ce184,A,2023-5-24,"Costco, JPMorgan, Snowflake, Ford, Zoom, and More Stocks to Watch This Week",Barrons.com,https://finance.yahoo.com/m/5f7a781e-1e0c-30b0-a052-1d88fc0ce184/costco%2C-jpmorgan%2C-snowflake%2C.html,1684695600,STORY
1eeea160-b463-372c-b344-85ef6fb3a4d8,A,2023-5-25,US STOCKS-Wall St ends down as debt-ceiling clouds hover,Reuters,https://finance.yahoo.com/news/us-stocks-wall-st-ends-201653651.html,1684959413,STORY
371cc8aa-e61a-3a35-8561-bbaa00ca4589,A,2023-5-25,"These Stocks Are Moving the Most Today: Kohl’s, Abercrombie, Urban Outfitters, Sarepta, Analog Devices, and More",Barrons.com,https://finance.yahoo.com/m/371cc8aa-e61a-3a35-8561-bbaa00ca4589/these-stocks-are-moving-the.html,1684959060,STORY
e9307f15-4308-33d8-a649-57f4df3530b1,A,2023-5-25,"Agilent (A) Q2 Earnings Match Estimates, Revenues Rise Y/Y",Zacks,https://finance.yahoo.com/news/agilent-q2-earnings-match-estimates-171700417.html,1684948620,STORY
d110a79c-9986-379e-b6c7-ad94ed737572,A,2023-5-25,"These Stocks Are Moving the Most Today: Kohl’s, Abercrombie, Urban Outfitters, Analog Devices, and More",Barrons.com,https://finance.yahoo.com/m/d110a79c-9986-379e-b6c7-ad94ed737572/these-stocks-are-moving-the.html,1684947715,STORY
f073877f-53b7-3516-9ae3-82ecd2a46fb5,A,2023-5-25,US STOCKS-Wall St slides as debt ceiling talks drag on; Fed minutes in focus,Reuters,https://finance.yahoo.com/news/us-stocks-wall-st-slides-165549464.html,1684947349,STORY
62e47996-9152-367d-bcbf-c69198dfb752,A,2023-5-25,Why Agilent Technologies Stock Is Sinking Today,Motley Fool,https://finance.yahoo.com/m/62e47996-9152-367d-bcbf-c69198dfb752/why-agilent-technologies.html,1684947349,STORY
e05cfb1a-0cfc-3491-91a5-b72f8d26363e,A,2023-5-25,"Dow Jones Drops On McCarthy, Yellen Comments; Tesla Rival Falls On China Demand",Investor's Business Daily,https://finance.yahoo.com/m/e05cfb1a-0cfc-3491-91a5-b72f8d26363e/dow-jones-drops-on-mccarthy%2C.html,1684945354,STORY
8fff46b6-06ae-3d62-bcb1-f3801878b8ef,A,2023-5-25,Agilent CEO Sees Demand From Small Biotech Nearly ‘Shut Down.’ The Stock Tumbles.,Barrons.com,https://finance.yahoo.com/m/8fff46b6-06ae-3d62-bcb1-f3801878b8ef/agilent-ceo-sees-demand-from.html,1684941300,STORY
1eeea160-b463-372c-b344-85ef6fb3a4d8,A,2023-5-26,US STOCKS-Wall St ends down as debt-ceiling clouds hover,Reuters,https://finance.yahoo.com/news/us-stocks-wall-st-ends-201653651.html,1684959413,STORY
371cc8aa-e61a-3a35-8561-bbaa00ca4589,A,2023-5-26,"These Stocks Are Moving the Most Today: Kohl’s, Abercrombie, Urban Outfitters, Sarepta, Analog Devices, and More",Barrons.com,https://finance.yahoo.com/m/371cc8aa-e61a-3a35-8561-bbaa00ca4589/these-stocks-are-moving-the.html,1684959060,STORY
e9307f15-4308-33d8-a649-57f4df3530b1,A,2023-5-26,"Agilent (A) Q2 Earnings Match Estimates, Revenues Rise Y/Y",Zacks,https://finance.yahoo.com/news/agilent-q2-earnings-match-estimates-171700417.html,1684948620,STORY
d110a79c-9986-379e-b6c7-ad94ed737572,A,2023-5-26,"These Stocks Are Moving the Most Today: Kohl’s, Abercrombie, Urban Outfitters, Analog Devices, and More",Barrons.com,https://finance.yahoo.com/m/d110a79c-9986-379e-b6c7-ad94ed737572/these-stocks-are-moving-the.html,1684947715,STORY
f073877f-53b7-3516-9ae3-82ecd2a46fb5,A,2023-5-26,US STOCKS-Wall St slides as debt ceiling talks drag on; Fed minutes in focus,Reuters,https://finance.yahoo.com/news/us-stocks-wall-st-slides-165549464.html,1684947349,STORY
62e47996-9152-367d-bcbf-c69198dfb752,A,2023-5-26,Why Agilent Technologies Stock Is Sinking Today,Motley Fool,https://finance.yahoo.com/m/62e47996-9152-367d-bcbf-c69198dfb752/why-agilent-technologies.html,1684947349,STORY
e05cfb1a-0cfc-3491-91a5-b72f8d26363e,A,2023-5-26,"Dow Jones Drops On McCarthy, Yellen Comments; Tesla Rival Falls On China Demand",Investor's Business Daily,https://finance.yahoo.com/m/e05cfb1a-0cfc-3491-91a5-b72f8d26363e/dow-jones-drops-on-mccarthy%2C.html,1684945354,STORY
8fff46b6-06ae-3d62-bcb1-f3801878b8ef,A,2023-5-26,Agilent CEO Sees Demand From Small Biotech Nearly ‘Shut Down.’ The Stock Tumbles.,Barrons.com,https://finance.yahoo.com/m/8fff46b6-06ae-3d62-bcb1-f3801878b8ef/agilent-ceo-sees-demand-from.html,1684941300,STORY
a26df83d-39a1-3109-a4c7-21b07e0d3ce7,A,2023-5-27,Rhenium Production by Country: Top 10 Countries,Insider Monkey,https://finance.yahoo.com/news/rhenium-production-country-top-10-090758002.html,1685178478,STORY
1ab91b1a-ba73-33bd-9cfa-94c66217c064,A,2023-5-27,"GLOBAL MARKETS-Wall Street rallies, European shares see biggest gain in 2 months",Reuters,https://finance.yahoo.com/news/global-markets-wall-street-rallies-211408235.html,1685135648,STORY
585cffb7-50e5-3265-b961-151f344106f0,A,2023-5-27,"Gold in 3rd weekly loss; Analysts say upside cracked, not entirely broken",Investing.com,https://finance.yahoo.com/news/gold-3rd-weekly-loss-analysts-143540901.html,1685111740,STORY
f4be9ee6-a53a-3718-8009-48704fe67e77,A,2023-5-27,"GLOBAL MARKETS-Rates rethink, U.S. debt talks send stocks down for the week",Reuters,https://finance.yahoo.com/news/global-markets-rates-rethink-u-121410249.html,1685103250,STORY
e5c1f8dd-7528-30ca-b4f1-b88485b2fd23,A,2023-5-27,"EU Investment Firms Should Clearly State Crypto Is Unregulated, Watchdog Says",CoinDesk,https://finance.yahoo.com/news/eu-investment-firms-clearly-state-084715072.html,1685090835,STORY
f93bc686-1d1b-39ad-9744-13669ecf387c,A,2023-5-27,GLOBAL MARKETS-Investors hold their breath as U.S. debt talks edge towards deal,Reuters,https://finance.yahoo.com/news/global-markets-investors-hold-breath-082430105.html,1685089470,STORY
ccdb62ca-b5b5-38c5-95e5-bb30ede0f41e,A,2023-5-27,GLOBAL MARKETS-Stocks tiptoe toward US debt denouement; Japan sparkles,Reuters,https://finance.yahoo.com/news/global-markets-stocks-tiptoe-toward-061649057.html,1685081809,STORY
0316c084-3392-3c65-b32b-6b1fd4ab8cba,A,2023-5-27,"Debt ceiling progress, PCE due, OPEC+ output cut debate - what's moving markets",Investing.com,https://finance.yahoo.com/news/debt-ceiling-progress-pce-due-055320511.html,1685080400,STORY
3a4d23ba-1575-3162-93e4-794dc950ff9a,A,2023-5-28,Energy & precious metals - weekly review and outlook,Investing.com,https://finance.yahoo.com/news/energy-precious-metals-weekly-review-050956399.html,1685250596,STORY
a26df83d-39a1-3109-a4c7-21b07e0d3ce7,A,2023-5-28,Rhenium Production by Country: Top 10 Countries,Insider Monkey,https://finance.yahoo.com/news/rhenium-production-country-top-10-090758002.html,1685178478,STORY
1ab91b1a-ba73-33bd-9cfa-94c66217c064,A,2023-5-28,"GLOBAL MARKETS-Wall Street rallies, European shares see biggest gain in 2 months",Reuters,https://finance.yahoo.com/news/global-markets-wall-street-rallies-211408235.html,1685135648,STORY
585cffb7-50e5-3265-b961-151f344106f0,A,2023-5-28,"Gold in 3rd weekly loss; Analysts say upside cracked, not entirely broken",Investing.com,https://finance.yahoo.com/news/gold-3rd-weekly-loss-analysts-143540901.html,1685111740,STORY
f4be9ee6-a53a-3718-8009-48704fe67e77,A,2023-5-28,"GLOBAL MARKETS-Rates rethink, U.S. debt talks send stocks down for the week",Reuters,https://finance.yahoo.com/news/global-markets-rates-rethink-u-121410249.html,1685103250,STORY
e5c1f8dd-7528-30ca-b4f1-b88485b2fd23,A,2023-5-28,"EU Investment Firms Should Clearly State Crypto Is Unregulated, Watchdog Says",CoinDesk,https://finance.yahoo.com/news/eu-investment-firms-clearly-state-084715072.html,1685090835,STORY
f93bc686-1d1b-39ad-9744-13669ecf387c,A,2023-5-28,GLOBAL MARKETS-Investors hold their breath as U.S. debt talks edge towards deal,Reuters,https://finance.yahoo.com/news/global-markets-investors-hold-breath-082430105.html,1685089470,STORY
ccdb62ca-b5b5-38c5-95e5-bb30ede0f41e,A,2023-5-28,GLOBAL MARKETS-Stocks tiptoe toward US debt denouement; Japan sparkles,Reuters,https://finance.yahoo.com/news/global-markets-stocks-tiptoe-toward-061649057.html,1685081809,STORY
671732fe-1a08-3892-91ee-a84497709c6d,A,2023-5-29,"GLOBAL MARKETS-European shares slip, but debt ceiling deal buoys U.S. futures",Reuters,https://finance.yahoo.com/news/global-markets-european-shares-slip-121326110.html,1685362406,STORY
7b44c755-04b9-37a9-bf74-7f7c472ffab9,A,2023-5-29,GLOBAL MARKETS-European shares lack momentum after debt ceiling deal,Reuters,https://finance.yahoo.com/news/global-markets-european-shares-lack-095935677.html,1685354375,STORY
0578c81f-4748-3994-836b-6dfc7bd71c61,A,2023-5-29,Iraq Boosts Gold Reserves by 2% in Single Day in Gradual Buildup,Bloomberg,https://finance.yahoo.com/news/iraq-boosts-gold-reserves-2-091011427.html,1685351411,STORY
77a83889-2ed2-3610-a5a6-13fda67e8e17,A,2023-5-29,GLOBAL MARKETS-Stocks rise on US debt ceiling deal but China drags,Reuters,https://finance.yahoo.com/news/global-markets-stocks-rise-us-062459923.html,1685341499,STORY
9c748fa4-4c0e-33b3-8610-7ad3f2e9e915,A,2023-5-29,UPDATE 1-Australia's NSW still mulling changes to license conditions for Newcrest's Cadia mine,Reuters,https://finance.yahoo.com/news/1-australias-nsw-still-mulling-061644349.html,1685341004,STORY
81bb6530-cc77-3d56-a88a-5f94f6f8b61d,A,2023-5-29,"GLOBAL MARKETS-Asian shares, US futures rise on debt ceiling deal",Reuters,https://finance.yahoo.com/news/global-markets-asian-shares-us-022903646.html,1685327343,STORY
eb54dbb9-2730-37c8-b0a7-2282406f3311,A,2023-5-29,First Mover Asia: Bitcoin Rises Past $28K on Debt Ceiling Deal,CoinDesk,https://finance.yahoo.com/news/first-mover-asia-bitcoin-rises-010653315.html,1685322413,STORY
aa0d589b-bed2-3d74-8021-61126bbdfcbf,A,2023-5-29,Gold slips as rate hike jitters offset debt deal relief,Investing.com,https://finance.yahoo.com/news/gold-slips-rate-hike-jitters-202616579.html,1685305576,STORY
70870fca-fffa-3ed1-a6d1-0b37416c4ddb,A,2023-5-30,GLOBAL MARKETS-Asian stocks dip as investors question consequences of US debt deal,Reuters,https://finance.yahoo.com/news/global-markets-asian-stocks-dip-063919177.html,1685428759,STORY
70b60665-aa9d-3d93-afed-cc92f314d256,A,2023-5-30,GLOBAL MARKETS-Asian stocks mostly higher as US debt deal revives confidence,Reuters,https://finance.yahoo.com/news/global-markets-asian-stocks-mostly-021351594.html,1685412831,STORY
3af213a5-de01-35c8-bfcf-99bd7d170295,A,2023-5-30,First Mover Asia: Does Crypto’s Success Depend on the Upcoming Presidential Election?,CoinDesk,https://finance.yahoo.com/news/first-mover-asia-does-crypto-004412835.html,1685407452,STORY
749623f6-e5ec-3417-8019-187ea5a8042b,A,2023-5-30,"Gold at over 2-mth low amid debt deal cheer, hawkish Fed outlook",Investing.com,https://finance.yahoo.com/news/gold-over-2-mth-low-202821439.html,1685392101,STORY
4a4148fe-795b-357b-a7fc-92a000f84fa7,A,2023-5-30,"GLOBAL MARKETS-European shares slip, but debt ceiling deal buoys U.S. futures",Reuters,https://finance.yahoo.com/news/global-markets-european-shares-slip-140113960.html,1685368873,STORY
7b44c755-04b9-37a9-bf74-7f7c472ffab9,A,2023-5-30,GLOBAL MARKETS-European shares lack momentum after debt ceiling deal,Reuters,https://finance.yahoo.com/news/global-markets-european-shares-lack-095935677.html,1685354375,STORY
0578c81f-4748-3994-836b-6dfc7bd71c61,A,2023-5-30,Iraq Boosts Gold Reserves by 2% in Single Day in Gradual Buildup,Bloomberg,https://finance.yahoo.com/news/iraq-boosts-gold-reserves-2-091011427.html,1685351411,STORY
77a83889-2ed2-3610-a5a6-13fda67e8e17,A,2023-5-30,GLOBAL MARKETS-Stocks rise on US debt ceiling deal but China drags,Reuters,https://finance.yahoo.com/news/global-markets-stocks-rise-us-062459923.html,1685341499,STORY
38ff6414-5379-3973-881e-1a21788f6bdd,A,2023-5-31,Negotiations continue on Freeport Indonesia's mining permit extension - energy minister,Reuters,https://finance.yahoo.com/news/negotiations-continue-freeport-indonesias-mining-092012845.html,1685524812,STORY
09ea9129-521a-32f9-9abf-e8bbd4c0cd73,A,2023-5-31,Bitcoin Recedes to $27K as Fed's Mester Favors Unabated Tightening,CoinDesk,https://finance.yahoo.com/news/bitcoin-recedes-27k-feds-mester-072628064.html,1685517988,STORY
37410d96-86ff-38ec-8d15-755dc1f9ab46,A,2023-5-31,"GLOBAL MARKETS-Asia stocks, yuan slump as data dashes China hopes",Reuters,https://finance.yahoo.com/news/global-markets-asia-stocks-yuan-054743467.html,1685512063,STORY
aab541f5-6c17-309b-82d6-0853e3fe83ea,A,2023-5-31,Whisky lifts spirits of inflation-hit investors,AFP,https://finance.yahoo.com/m/aab541f5-6c17-309b-82d6-0853e3fe83ea/whisky-lifts-spirits-of.html,1685501757,STORY
92d5206a-8edd-36bc-a618-0d5fcbe784c6,A,2023-5-31,GLOBAL MARKETS-Asia stocks slump to monthly loss as China data disappoints,Reuters,https://finance.yahoo.com/news/global-markets-asia-stocks-slump-024454077.html,1685501094,STORY
e6f16e87-f411-3f15-8edb-59f688960ffa,A,2023-5-31,First Mover Asia: Nearly $275 Million in Ether Burnt This Month as It Continues Deflationary Trend,CoinDesk,https://finance.yahoo.com/news/first-mover-asia-nearly-275-010344755.html,1685495024,STORY
c587f3a2-f267-3baa-bb98-835439fa6edb,A,2023-5-31,"Gold edges lower, copper slides on disappointing Chinese data",Investing.com,https://finance.yahoo.com/news/gold-edges-lower-copper-slides-224508347.html,1685486708,STORY
09d1282c-10e8-3f76-abca-6b2f58d3e91e,A,2023-5-31,BHP Group (BHP) & Microsoft Team Up to Use AI at Escondida,Zacks,https://finance.yahoo.com/news/bhp-group-bhp-microsoft-team-164400089.html,1685465040,STORY
084e5570-73b2-3130-8364-330c16118df4,A,2023-6-1,A ‘Dirty’ Job That Few Want: Mining Companies Struggle to Hire for the Energy Transition,The Wall Street Journal,https://finance.yahoo.com/m/084e5570-73b2-3130-8364-330c16118df4/a-%E2%80%98dirty%E2%80%99-job-that-few-want%3A.html,1685611800,STORY
7841041d-79b4-366f-9fcd-025c1e095c16,A,2023-6-1,"If History Repeats, 1 Widely Owned Commodity Is Set to Skyrocket",Motley Fool,https://finance.yahoo.com/m/7841041d-79b4-366f-9fcd-025c1e095c16/if-history-repeats%2C-1-widely.html,1685611260,STORY
b94b710a-0bd0-32f2-8d47-8675514d541a,A,2023-6-1,World’s Biggest Gold Producer to Invest $540 Million in Argentina Mine,Bloomberg,https://finance.yahoo.com/news/world-biggest-gold-producer-invest-221141375.html,1685585483,STORY
cf4f6805-e900-30ae-aa67-aedd2582c916,A,2023-6-1,"First Mover Asia: Bitcoin Settles Above $27.1K After Early Wednesday Dip as Rate Hike, Inflation Worries Heighten",CoinDesk,https://finance.yahoo.com/news/first-mover-asia-bitcoin-settles-020214108.html,1685584934,STORY
9226a9cc-fdc7-3f32-9f87-c343b6ddf0b0,A,2023-6-1,"Gold rises amid bets on Fed pause in June, debt ceiling in focus",Investing.com,https://finance.yahoo.com/news/gold-rises-amid-bets-fed-204507246.html,1685565907,STORY
674d7e96-089d-3fdd-bf65-4a8fa3d92803,A,2023-6-1,"GLOBAL MARKETS-Global equities, US yields fall ahead of debt ceiling vote",Reuters,https://finance.yahoo.com/news/global-markets-global-equities-us-204256792.html,1685565776,STORY
991ce1f3-d87e-3af3-91ed-f7cb5c879848,A,2023-6-1,"Closing prices for crude oil, gold and other commodities",AP Finance,https://finance.yahoo.com/news/closing-prices-crude-oil-gold-191741423.html,1685560661,STORY
d57f9f00-b856-3d51-838c-384e06e9d007,A,2023-6-1,Mali revises 2023 industrial gold forecast up 6% to 67.7 tonnes,Reuters,https://finance.yahoo.com/news/mali-revises-2023-industrial-gold-185436208.html,1685559276,STORY
c067cfc1-4552-3391-aeeb-eeac5e579df4,A,2023-6-2,"GLOBAL MARKETS-Stocks gain, dollar stumbles as US averts default and Fed skip bets rise",Reuters,https://finance.yahoo.com/news/global-markets-stocks-gain-dollar-114957486.html,1685706597,STORY
a0949d67-f833-30b8-b0ee-c5da40d275ca,A,2023-6-2,CANADA STOCKS-TSX futures tick higher on US debt deal cheer,Reuters,https://finance.yahoo.com/news/canada-stocks-tsx-futures-tick-113120922.html,1685705480,STORY
4db0aa92-bd3b-3c6e-b88d-896ee051f09d,A,2023-6-2,"GLOBAL MARKETS-Stocks gain, dollar stumbles as US averts default, Fed skip bets rise",Reuters,https://finance.yahoo.com/news/global-markets-stocks-gain-dollar-093800721.html,1685698680,STORY
506a0f56-6b6c-3c65-9093-ff005638544d,A,2023-6-2,"Stocks gain, dollar stumbles as US averts default and Fed skip bets rise",Reuters,https://finance.yahoo.com/news/asian-shares-rise-debt-bill-014748520.html,1685670468,STORY
b8ba6a5f-11df-3ebd-a723-c3a48db6792c,A,2023-6-2,"GLOBAL MARKETS-Asian shares rise on debt bill progress, Fed pause hopes",Reuters,https://finance.yahoo.com/news/global-markets-asian-shares-rise-014305808.html,1685670185,STORY
b3ca7e54-9ed0-35a6-8b13-d5eed8b8d62a,A,2023-6-2,First Mover Asia: Bitcoin Has Reached 'a General Accumulation Phase': Analyst,CoinDesk,https://finance.yahoo.com/news/first-mover-asia-bitcoin-reached-014221680.html,1685670141,STORY
243379cf-b11b-30a1-89bc-03402b8fe428,A,2023-6-2,"Tether Market Cap Climbs to All-Time High of $83.2B, Even as Stablecoin Market Sinks",CoinDesk,https://finance.yahoo.com/news/tether-market-cap-climbs-time-232445613.html,1685661885,STORY
38d24887-67d2-3540-bcd0-ac51e120d2aa,A,2023-6-2,Bitcoin Lingers Under $27K to Continue Its May Sluggishness Amid Inflation Concerns,CoinDesk,https://finance.yahoo.com/news/bitcoin-lingers-under-27k-continue-213634661.html,1685655394,STORY
f5229804-c80d-3c03-b66d-f6bd6df2dc81,A,2023-6-3,A Global Stock Trader’s Guide to More Extreme Weather Events,Bloomberg,https://finance.yahoo.com/news/global-stock-trader-guide-more-000000026.html,1685750400,STORY
1965d119-0107-3052-8f04-8ad9591087f2,A,2023-6-3,Kinross Gold (KGC) Stock Sinks As Market Gains: What You Should Know,Zacks,https://finance.yahoo.com/news/kinross-gold-kgc-stock-sinks-221507941.html,1685744107,STORY
8a1e7cd6-7023-3fbe-985b-60cec6f6a498,A,2023-6-3,Why Did Bitcoin’s Price Rise? BTC Hovers Over $27K as Investors Shrug Off Hot Jobs Data,CoinDesk,https://finance.yahoo.com/news/why-did-bitcoin-price-rise-204716235.html,1685738836,STORY
8ff9cb71-ed80-3586-bb56-36c5db46f858,A,2023-6-3,"GLOBAL MARKETS-Global shares, US yields rise after strong jobs data, debt-ceiling passage",Reuters,https://finance.yahoo.com/news/global-markets-global-shares-us-203717680.html,1685738237,STORY
f683bbd6-3102-3b79-abcc-4805faee47b4,A,2023-6-3,"Closing prices for crude oil, gold and other commodities",AP Finance,https://finance.yahoo.com/news/closing-prices-crude-oil-gold-191447404.html,1685733287,STORY
d3cdb18d-f883-3125-98d3-5534c12fe091,A,2023-6-3,"Aya Gold & Silver (TSE:AYA) shareholder returns have been massive, earning 332% in 3 years",Simply Wall St.,https://finance.yahoo.com/news/aya-gold-silver-tse-aya-171344615.html,1685726024,STORY
a5123842-47f5-3175-9b4d-54e325fa2f9d,A,2023-6-3,"REFILE-GLOBAL MARKETS-Global shares, U.S. yields rose after strong jobs data, debt ceiling passage",Reuters,https://finance.yahoo.com/news/global-markets-global-shares-u-162929620.html,1685723369,STORY
1923768b-5459-338a-ac96-29ce875a4fab,A,2023-6-3,4 Gold Stocks to Watch in a Promising Industry,Zacks,https://finance.yahoo.com/news/4-gold-stocks-watch-promising-144600238.html,1685717160,STORY
27561ed1-526d-393e-9578-b5a02477e2b8,A,2023-6-4,Energy & precious metals - weekly review and outlook,Investing.com,https://finance.yahoo.com/news/energy-precious-metals-weekly-review-055217963.html,1685857937,STORY
624542ff-9b1b-37b9-9dc1-dc1d21f1b5cc,A,2023-6-4,20 Countries With The Largest Copper Reserves In The World,Insider Monkey,https://finance.yahoo.com/news/20-countries-largest-copper-reserves-142448262.html,1685802288,STORY
f5229804-c80d-3c03-b66d-f6bd6df2dc81,A,2023-6-4,A Global Stock Trader’s Guide to More Extreme Weather Events,Bloomberg,https://finance.yahoo.com/news/global-stock-trader-guide-more-000000026.html,1685750400,STORY
1965d119-0107-3052-8f04-8ad9591087f2,A,2023-6-4,Kinross Gold (KGC) Stock Sinks As Market Gains: What You Should Know,Zacks,https://finance.yahoo.com/news/kinross-gold-kgc-stock-sinks-221507941.html,1685744107,STORY
8a1e7cd6-7023-3fbe-985b-60cec6f6a498,A,2023-6-4,Why Did Bitcoin’s Price Rise? BTC Hovers Over $27K as Investors Shrug Off Hot Jobs Data,CoinDesk,https://finance.yahoo.com/news/why-did-bitcoin-price-rise-204716235.html,1685738836,STORY
8ff9cb71-ed80-3586-bb56-36c5db46f858,A,2023-6-4,"GLOBAL MARKETS-Global shares, US yields rise after strong jobs data, debt-ceiling passage",Reuters,https://finance.yahoo.com/news/global-markets-global-shares-us-203717680.html,1685738237,STORY
f683bbd6-3102-3b79-abcc-4805faee47b4,A,2023-6-4,"Closing prices for crude oil, gold and other commodities",AP Finance,https://finance.yahoo.com/news/closing-prices-crude-oil-gold-191447404.html,1685733287,STORY
d3cdb18d-f883-3125-98d3-5534c12fe091,A,2023-6-4,"Aya Gold & Silver (TSE:AYA) shareholder returns have been massive, earning 332% in 3 years",Simply Wall St.,https://finance.yahoo.com/news/aya-gold-silver-tse-aya-171344615.html,1685726024,STORY
72573334-be3c-3b9a-9fbb-0e97e1f412c4,A,2023-6-5,"CANADA STOCKS-TSX eyes tepid open on mixed commodity prices, BoC rate decision",Reuters,https://finance.yahoo.com/news/canada-stocks-tsx-eyes-tepid-112632063.html,1685964392,STORY
d1e5c6ef-0e05-3ff1-899a-a286d10de464,A,2023-6-5,"Jim Hines, Olympic 100m gold medalist and first to break 10 seconds, dies",NBC Sports,https://finance.yahoo.com/m/d1e5c6ef-0e05-3ff1-899a-a286d10de464/jim-hines%2C-olympic-100m-gold.html,1685959570,STORY
ad184c1c-63f6-3214-b140-067abf2e8dc8,A,2023-6-5,Bitcoin Retail Demand to Remain Strong Ahead of Halving Event: JPMorgan,CoinDesk,https://finance.yahoo.com/news/bitcoin-retail-demand-remain-strong-095640542.html,1685959000,STORY
5db2e141-f99f-3c69-8b2e-22114e5b634d,A,2023-6-5,Fortuna Silver reports worker death at Peru mine,Reuters,https://finance.yahoo.com/news/fortuna-silver-reports-worker-death-095525935.html,1685958925,STORY
efe36617-6531-3f14-935c-a0d148d03a28,A,2023-6-5,Mexican mining industry under threat from sweeping new regulations,Financial Times,https://finance.yahoo.com/m/efe36617-6531-3f14-935c-a0d148d03a28/mexican-mining-industry-under.html,1685937628,STORY
e88de49a-175d-351a-935b-c472a15cc946,A,2023-6-5,European stocks edged higher; Lagarde speech could provide ECB  clues,Investing.com,https://finance.yahoo.com/news/european-stocks-edged-higher-lagarde-034546383.html,1685936746,STORY
72aa0ff3-1c76-3747-96eb-f4d03886f7f5,A,2023-6-5,First Mover Asia: Why Did Bitcoin's Price Hold Above $27K Over the Weekend? Two Analysts Expect Continued Resilience,CoinDesk,https://finance.yahoo.com/news/first-mover-asia-why-did-010117724.html,1685926877,STORY
721cae60-d998-3096-9d0c-7983c7aafaa6,A,2023-6-5,"Gold prices dip amid rate hike uncertainty, copper retreats",Investing.com,https://finance.yahoo.com/news/gold-prices-dip-amid-rate-211535562.html,1685913335,STORY
12bf0d02-2f02-3119-be49-7f5cb83d7380,A,2023-6-6,CANADA STOCKS-TSX set for lower open as commodity prices dip,Reuters,https://finance.yahoo.com/news/canada-stocks-tsx-set-lower-120326575.html,1686053006,STORY
6f024c78-9923-3875-8d10-8ab866d6bf13,A,2023-6-6,Bank of Korea: less desirable to increase gold holdings at this point,Reuters,https://finance.yahoo.com/news/bank-korea-less-desirable-increase-030000283.html,1686020400,STORY
365748ce-a350-3399-aed5-eb78a60ce1df,A,2023-6-6,First Mover Asia: Why Did Bitcoin Fall to $25.4K? SEC Lawsuit Against Binance Rocks Crypto Markets,CoinDesk,https://finance.yahoo.com/news/first-mover-asia-why-did-001842523.html,1686010722,STORY
5229edb4-911b-3d6b-962a-74512e203d04,A,2023-6-6,Gold regains some ground as dollar dips on weak U.S. data,Investing.com,https://finance.yahoo.com/news/gold-regains-ground-dollar-dips-210238735.html,1685998958,STORY
ffefdf71-fdff-3933-b9bf-572de929aa49,A,2023-6-6,"Closing prices for crude oil, gold and other commodities",AP Finance,https://finance.yahoo.com/news/closing-prices-crude-oil-gold-191547409.html,1685992547,STORY
b8c8f9f7-28dc-38df-865c-3ae3455ee7c7,A,2023-6-6,Regan Smith breaks American record in 200m butterfly,NBC Sports,https://finance.yahoo.com/m/b8c8f9f7-28dc-38df-865c-3ae3455ee7c7/regan-smith-breaks-american.html,1685990740,STORY
bb661796-8d1d-3402-b39b-745a10c3a0e1,A,2023-6-6,Central Banks Amass Record-Breaking Gold Reserves: A Golden Opportunity for Investors?,Zacks,https://finance.yahoo.com/news/central-banks-amass-record-breaking-184500974.html,1685990700,STORY
28ca9b95-c8ea-313e-8e9b-b9c6097e88ee,A,2023-6-6,Rio Tinto's (RIO) Boron Mine Transitions to Renewable Diesel,Zacks,https://finance.yahoo.com/news/rio-tintos-rio-boron-mine-163900998.html,1685983140,STORY
d8d2fcd5-0944-3402-8d57-2c2c1850a901,A,2023-6-7,"GLOBAL MARKETS-World shares muted, lira plunges to record low",Reuters,https://finance.yahoo.com/news/global-markets-world-shares-muted-115046591.html,1686138646,STORY
765dcb71-60ad-3e1d-b22f-0119400f110e,A,2023-6-7,CANADA STOCKS-TSX futures slip on caution ahead of BoC rate decision,Reuters,https://finance.yahoo.com/news/canada-stocks-tsx-futures-slip-112440795.html,1686137080,STORY
f3dd73ec-769f-3d4c-97d6-f75001e4054d,A,2023-6-7,"GLOBAL MARKETS-European shares dip as Chinese trade data disappoints, lira plunges to record low",Reuters,https://finance.yahoo.com/news/global-markets-european-shares-dip-085545344.html,1686128145,STORY
d7b70494-e3c6-316f-aff4-0bf8848de8dd,A,2023-6-7,"GLOBAL MARKETS-Asia stocks hold up, China gives up some gains after weak trade data",Reuters,https://finance.yahoo.com/news/global-markets-asia-stocks-hold-052826089.html,1686115706,STORY
3c382030-fcef-3744-a5a9-809b935fffaf,A,2023-6-7,China Posts Robust Commodities Imports Despite Stuttering Growth,Bloomberg,https://finance.yahoo.com/news/china-posts-robust-commodities-imports-050747361.html,1686114467,STORY
abef8112-8c0c-37f3-b608-7ad07fe25c07,A,2023-6-7,"World shares muted, lira plunges to record low",Reuters,https://finance.yahoo.com/news/asia-stocks-gain-hopes-china-024624458.html,1686105984,STORY
9a1648bd-c979-3024-8279-6eeb5eaf13a8,A,2023-6-7,"GLOBAL MARKETS-Asia stocks gain on hopes for China stimulus, Fed pause",Reuters,https://finance.yahoo.com/news/global-markets-asia-stocks-gain-024304414.html,1686105784,STORY
6d837044-eb69-3873-8d99-eeb78fb0a43f,A,2023-6-7,Tesla's Elon Musk and Mongolia's leader discuss alliance on critical EV minerals,Reuters,https://finance.yahoo.com/news/mongolian-pm-discusses-ev-investment-022319506.html,1686104599,STORY
41dc8e08-443d-300f-a01f-a416cfb6bd54,A,2023-6-8,CANADA STOCKS-TSX futures flat as BoC's rate hike shock offsets gains in commodities,Reuters,https://finance.yahoo.com/news/canada-stocks-tsx-futures-flat-115024633.html,1686225024,STORY
042c554a-d0e1-3c0c-955c-8516b8fcd82a,A,2023-6-8,GLOBAL MARKETS-Shares stall as bond markets reprice rate expectations,Reuters,https://finance.yahoo.com/news/global-markets-shares-stall-bond-085948084.html,1686214788,STORY
720277b8-6e14-3e83-93aa-70e857c13616,A,2023-6-8,"Even though Harmony Gold Mining (JSE:HAR) has lost R2.0b market cap in last 7 days, shareholders are still up 363% over 5 years",Simply Wall St.,https://finance.yahoo.com/news/even-though-harmony-gold-mining-081856561.html,1686212336,STORY
f0cd768d-db66-38cb-a4a5-a0b394ea3309,A,2023-6-8,GLOBAL MARKETS-Asian shares stumble as traders sweat on Fed rates,Reuters,https://finance.yahoo.com/news/global-markets-asian-shares-stumble-042821501.html,1686198501,STORY
9d8d1243-1115-3f69-9d1f-5eda78c7591b,A,2023-6-8,European stocks drift lower; seeking direction ahead of central bank meetings,Investing.com,https://finance.yahoo.com/news/european-stocks-drift-lower-seeking-033302624.html,1686195182,STORY
5112bbad-d646-3806-ae7c-8e4384b87d17,A,2023-6-8,Shares stall as bond markets reprice rate expectations,Reuters,https://finance.yahoo.com/news/asian-shares-slide-traders-fret-022005000.html,1686190805,STORY
977eefdd-3eae-36db-ab6d-ac22208f2525,A,2023-6-8,GLOBAL MARKETS-Asian shares slide as traders fret on Fed rates,Reuters,https://finance.yahoo.com/news/global-markets-asian-shares-slide-021647329.html,1686190607,STORY
5df7ea61-1db4-3594-bca0-69356682543c,A,2023-6-8,"First Mover Asia: Bitcoin Falls Below $26.5K as Crypto Market Fades Amid Coinbase, Binance Angst",CoinDesk,https://finance.yahoo.com/news/first-mover-asia-bitcoin-falls-002248706.html,1686183768,STORY
fe046e8a-d72a-32a7-8306-8224b23e0854,A,2023-6-9,CANADA STOCKS-TSX futures edge lower as gold prices ease,Reuters,https://finance.yahoo.com/news/canada-stocks-tsx-futures-edge-110638507.html,1686308798,STORY
baad3a00-4965-3114-a748-0efbec964cb0,A,2023-6-9,Norway seeks to open vast ocean area to deep-sea mining,Financial Times,https://finance.yahoo.com/m/baad3a00-4965-3114-a748-0efbec964cb0/norway-seeks-to-open-vast.html,1686283214,STORY
de4ee35e-bc81-3a9f-b733-f789accf4656,A,2023-6-9,"First Mover Asia: Bitcoin Remains Resilient Near $26.5K, Despite Ongoing Binance, Coinbase Fallout",CoinDesk,https://finance.yahoo.com/news/first-mover-asia-bitcoin-remains-005437541.html,1686272077,STORY
82d04811-653b-31c6-929f-f0fd9c289d06,A,2023-6-9,Oil slips as weak Chinese data fuels demand concerns,Investing.com,https://finance.yahoo.com/news/oil-slips-weak-chinese-data-222107265.html,1686262867,STORY
214d6954-ad98-304c-92d0-b994fa0d83c2,A,2023-6-9,"Gold, copper buoyant as dollar falls sharply on Fed pause bets",Investing.com,https://finance.yahoo.com/news/gold-copper-buoyant-dollar-falls-204151223.html,1686256911,STORY
64bcb96b-9d4d-32ee-9df1-85e4e126de2a,A,2023-6-9,"GLOBAL MARKETS-Shares rise, Treasury yields fall as US jobless claims surge",Reuters,https://finance.yahoo.com/news/global-markets-shares-rise-treasury-203716881.html,1686256636,STORY
d6ff6199-cf2e-3ee7-9b7d-b30f3045ed92,A,2023-6-9,UPDATE 2-Newmont suspends operations at Peñasquito mine in Mexico,Reuters,https://finance.yahoo.com/news/1-newmont-suspends-operations-pe-194333894.html,1686253413,STORY
44de7ac5-b0f5-30fb-b599-40baaf50d2da,A,2023-6-9,Newmont suspends operations at Peñasquito mine in Mexico,Reuters,https://finance.yahoo.com/news/newmont-suspends-operations-pe-asquito-193631255.html,1686252991,STORY
d32e6ac8-ac49-3688-a45e-c2a006c3c67c,A,2023-6-10,Cost of Your Caffeine and Sugar Fix to Stay High on El Niño,Bloomberg,https://finance.yahoo.com/news/cost-caffeine-sugar-fix-stay-070000122.html,1686380400,STORY
617a0573-db56-3442-9834-05df5fb33cad,A,2023-6-10,"Closing prices for crude oil, gold and other commodities",AP Finance,https://finance.yahoo.com/news/closing-prices-crude-oil-gold-192419515.html,1686338659,STORY
85f4c002-3792-3e9c-9529-851822957554,A,2023-6-10,Should You Look at These 3 International Upstream Oil & Gas Stocks?,Zacks,https://finance.yahoo.com/news/look-3-international-upstream-oil-145500570.html,1686322500,STORY
fe046e8a-d72a-32a7-8306-8224b23e0854,A,2023-6-10,CANADA STOCKS-TSX futures edge lower as gold prices ease,Reuters,https://finance.yahoo.com/news/canada-stocks-tsx-futures-edge-110638507.html,1686308798,STORY
2270f05b-ee8d-3809-a529-44726a1f2874,A,2023-6-10,HL- A Silver Mining Star with Significant Upside Potential,MoneyShow,https://finance.yahoo.com/news/hl-silver-mining-star-significant-095900609.html,1686304740,STORY
ce24384b-338f-3ea9-8de2-0deb6ae66442,A,2023-6-10,Dow futures fall 65 pts; consolidating ahead of crucial Fed meeting,Investing.com,https://finance.yahoo.com/news/dow-futures-fall-65-pts-070329058.html,1686294209,STORY
de4ee35e-bc81-3a9f-b733-f789accf4656,A,2023-6-10,"First Mover Asia: Bitcoin Remains Resilient Near $26.5K, Despite Ongoing Binance, Coinbase Fallout",CoinDesk,https://finance.yahoo.com/news/first-mover-asia-bitcoin-remains-005437541.html,1686272077,STORY
82d04811-653b-31c6-929f-f0fd9c289d06,A,2023-6-10,Oil slips as weak Chinese data fuels demand concerns,Investing.com,https://finance.yahoo.com/news/oil-slips-weak-chinese-data-222107265.html,1686262867,STORY
3319df84-cd6e-3db3-8c23-013c4ae37cf1,A,2023-6-11,Energy & precious metals - weekly review and outlook,Investing.com,https://finance.yahoo.com/news/energy-precious-metals-weekly-review-050308050.html,1686459788,STORY
62d19aab-34eb-37e7-bf51-17a27c1e4942,A,2023-6-11,China’s Gold Buying Spree Continues For Seventh Consecutive Month,Oilprice.com,https://finance.yahoo.com/news/china-gold-buying-spree-continues-190000289.html,1686423600,STORY
d32e6ac8-ac49-3688-a45e-c2a006c3c67c,A,2023-6-11,Cost of Your Caffeine and Sugar Fix to Stay High on El Niño,Bloomberg,https://finance.yahoo.com/news/cost-caffeine-sugar-fix-stay-070000122.html,1686380400,STORY
617a0573-db56-3442-9834-05df5fb33cad,A,2023-6-11,"Closing prices for crude oil, gold and other commodities",AP Finance,https://finance.yahoo.com/news/closing-prices-crude-oil-gold-192419515.html,1686338659,STORY
85f4c002-3792-3e9c-9529-851822957554,A,2023-6-11,Should You Look at These 3 International Upstream Oil & Gas Stocks?,Zacks,https://finance.yahoo.com/news/look-3-international-upstream-oil-145500570.html,1686322500,STORY
fe046e8a-d72a-32a7-8306-8224b23e0854,A,2023-6-11,CANADA STOCKS-TSX futures edge lower as gold prices ease,Reuters,https://finance.yahoo.com/news/canada-stocks-tsx-futures-edge-110638507.html,1686308798,STORY
2270f05b-ee8d-3809-a529-44726a1f2874,A,2023-6-11,HL- A Silver Mining Star with Significant Upside Potential,MoneyShow,https://finance.yahoo.com/news/hl-silver-mining-star-significant-095900609.html,1686304740,STORY
ce24384b-338f-3ea9-8de2-0deb6ae66442,A,2023-6-11,Dow futures fall 65 pts; consolidating ahead of crucial Fed meeting,Investing.com,https://finance.yahoo.com/news/dow-futures-fall-65-pts-070329058.html,1686294209,STORY
69c38584-7810-39d3-8e8d-135c7c3d7b4e,A,2023-6-12,CANADA STOCKS-TSX futures slip on weak commodity prices; Fed decision awaited,Reuters,https://finance.yahoo.com/news/canada-stocks-tsx-futures-slip-120642728.html,1686571602,STORY
a3258c19-9906-30bf-8bc5-e515d2bf6ec0,A,2023-6-12,Recession risks still loom for markets calmer after banking turmoil,Reuters,https://finance.yahoo.com/news/recession-risks-still-loom-markets-101431746.html,1686564871,STORY
a7f7fe23-e9c1-3b32-9d33-5be0eddfec07,A,2023-6-12,European stocks rise as traders prepare for central bank meetings,Financial Times,https://finance.yahoo.com/m/a7f7fe23-e9c1-3b32-9d33-5be0eddfec07/european-stocks-rise-as.html,1686557423,STORY
d1838b73-4f26-3e92-8a53-cca645668c6c,A,2023-6-12,GLOBAL MARKETS-Asia shares meander ahead of c.bank meetings,Reuters,https://finance.yahoo.com/news/global-markets-asia-shares-meander-055353347.html,1686549233,STORY
be023d68-609b-3e8d-88c8-3c595abaa2fd,A,2023-6-12,GLOBAL MARKETS-Asia shares near month high ahead of c.bank meetings,Reuters,https://finance.yahoo.com/news/global-markets-asia-shares-near-022024830.html,1686536424,STORY
dc12edb9-99f0-3219-bfa7-e22cb3b9e07e,A,2023-6-12,First Mover Asia: Here's Why Bitcoin's Support is Holding at $25K,CoinDesk,https://finance.yahoo.com/news/first-mover-asia-heres-why-012717257.html,1686533237,STORY
e13ae2d0-3d07-34dc-8c6e-bb92e8e1e23e,A,2023-6-12,"Gold edges lower ahead of CPI data, Fed meeting",Investing.com,https://finance.yahoo.com/news/gold-edges-lower-ahead-cpi-204820326.html,1686516500,STORY
afad8cfa-dc16-3f57-af11-e3c872aefe57,A,2023-6-12,Will Trudeau’s Plan To Clean Up Canada’s Oil Sands Work?,Oilprice.com,https://finance.yahoo.com/news/trudeau-plan-clean-canada-oil-150000210.html,1686495600,STORY
e914a0cc-37ab-3c3d-b79a-36be153d1a3a,A,2023-6-13,GLOBAL MARKETS-Shares get a tech boost; dollar dithers ahead of inflation data,Reuters,https://finance.yahoo.com/news/global-markets-shares-tech-boost-112506031.html,1686655506,STORY
baa4521d-d0f0-31d7-b50f-dd596603b689,A,2023-6-13,"CANADA STOCKS-TSX futures rise as commodity gains, eyes on US inflation data",Reuters,https://finance.yahoo.com/news/canada-stocks-tsx-futures-rise-111726665.html,1686655046,STORY
7702895f-c759-3366-a220-927229d0b7b4,A,2023-6-13,GLOBAL MARKETS-Shares get a boost from tech; dollar dithers ahead of inflation data,Reuters,https://finance.yahoo.com/news/global-markets-shares-boost-tech-085058473.html,1686646258,STORY
a5b65306-e3eb-36e0-9df6-2e72f37eec12,A,2023-6-13,Gold Jewelry Recycling in India Seen Matching Record This Year,Bloomberg,https://finance.yahoo.com/news/gold-jewelry-recycling-india-seen-072350001.html,1686641030,STORY
272f5951-2674-3daf-87c2-594b52778832,A,2023-6-13,"FCA Right to Propose Stop to Marketing Crypto as ‘Inflation Resistant,’ UK Industry Members Say",CoinDesk,https://finance.yahoo.com/news/fca-propose-stop-marketing-crypto-071446966.html,1686640486,STORY
21bbb914-1ce6-3d76-98a8-fcbcd41c40bd,A,2023-6-13,"GLOBAL MARKETS-Asia shares track Wall Street rally with US inflation data, Fed in focus",Reuters,https://finance.yahoo.com/news/global-markets-asia-shares-track-055941265.html,1686635981,STORY
dfd291e1-31ed-30f7-958f-e2907228f29b,A,2023-6-13,"GLOBAL MARKETS-Asia shares track Wall Street rally with inflation data, Fed in focus",Reuters,https://finance.yahoo.com/news/global-markets-asia-shares-track-015608405.html,1686621368,STORY
110579db-b3c8-3720-bb34-5fbed26bb047,A,2023-6-13,First Mover Asia: Binance's Exchange Flow Flips Positive; Bitcoin Trades Flat,CoinDesk,https://finance.yahoo.com/news/first-mover-asia-binances-exchange-011525534.html,1686618925,STORY
574a37be-7925-3672-ae26-90f2d621335c,A,2023-6-14,"GLOBAL MARKETS-Stocks edge higher, dollar sags eyeing Fed pause",Reuters,https://finance.yahoo.com/news/global-markets-stocks-edge-higher-120531624.html,1686744331,STORY
ae39b905-93fd-3110-8049-74e3918cbcaa,A,2023-6-14,CANADA STOCKS-TSX futures rise on hopes of Fed rate hikes pause,Reuters,https://finance.yahoo.com/news/canada-stocks-tsx-futures-rise-111737353.html,1686741457,STORY
265f103b-45aa-32e5-87ab-5a0f861dd7f4,A,2023-6-14,ArcelorMittal (MT) & LanzaTech Begin Production in CCU Facility,Zacks,https://finance.yahoo.com/news/arcelormittal-mt-lanzatech-begin-production-104900185.html,1686739740,STORY
162d0d2f-385e-30d8-bde5-be4b47f7af07,A,2023-6-14,Fed Preview: Bitcoin Market Skews Bearish as Analysts Anticipate 'Hawkish Rate-Hike Pause',CoinDesk,https://finance.yahoo.com/news/fed-preview-bitcoin-market-skews-094155516.html,1686735715,STORY
d000f01f-1f00-3387-b04f-87893cecd450,A,2023-6-14,Crypto Industry Destined to Be Bitcoin Focused After SEC Actions: MicroStrategy Founder Michael Saylor,CoinDesk,https://finance.yahoo.com/news/crypto-industry-destined-bitcoin-focused-090212070.html,1686733332,STORY
8ab48ecc-1e5d-374f-b6aa-af247884d72c,A,2023-6-14,"Stocks edge higher, dollar sags eyeing Fed pause",Reuters,https://finance.yahoo.com/news/asian-shares-dollar-wobbly-us-021415242.html,1686708855,STORY
733cd399-a4b0-3622-a93e-645da441e885,A,2023-6-14,Australia's ANZ looks to expand lending to critical minerals sector,Reuters,https://finance.yahoo.com/news/australias-anz-looks-expand-lending-021007399.html,1686708607,STORY
e4ec4c97-b3ec-3d29-919a-38d5eeb99f9a,A,2023-6-14,"First Mover Asia: Actually, Hong Kong Would Be a Terrible Home for Coinbase",CoinDesk,https://finance.yahoo.com/news/first-mover-asia-actually-hong-004428759.html,1686703468,STORY
dfde7d7b-97a0-3948-8567-40bc6cf5fe01,A,2023-6-15,CANADA STOCKS-TSX futures edge lower after US Fed hints more rate hikes,Reuters,https://finance.yahoo.com/news/canada-stocks-tsx-futures-edge-115837803.html,1686830317,STORY
76734a8c-2806-370a-a60f-7953f3607394,A,2023-6-15,GLOBAL MARKETS-Stocks slip as ECB prepares hike after hawkish Fed pause,Reuters,https://finance.yahoo.com/news/global-markets-stocks-slip-ecb-091443609.html,1686820483,STORY
aa8942a3-f1a8-3dd5-8e55-3ef2d680f5ed,A,2023-6-15,GLOBAL MARKETS-Stocks rise as weak China data stokes stimulus hopes; euro waits on ECB,Reuters,https://finance.yahoo.com/news/global-markets-stocks-rise-weak-062625270.html,1686810385,STORY
d2cc154f-1256-346a-8acf-95090cb88196,A,2023-6-15,Lithium boom comes to Brazil's 'misery valley',AFP,https://finance.yahoo.com/m/d2cc154f-1256-346a-8acf-95090cb88196/lithium-boom-comes-to.html,1686795302,STORY
e41daee7-d1ed-3856-b937-3d9670070aab,A,2023-6-15,Stocks slip as ECB prepares hike after hawkish Fed pause,Reuters,https://finance.yahoo.com/news/stocks-stall-us-rates-seen-021335593.html,1686795215,STORY
9c8d630b-2b52-302f-8ab3-4c9ab8b8b405,A,2023-6-15,GLOBAL MARKETS-Stocks stall as US rates seen higher for longer,Reuters,https://finance.yahoo.com/news/global-markets-stocks-stall-us-021008368.html,1686795008,STORY
eaf5605f-c080-3bc4-849f-ac02b2d88e72,A,2023-6-15,First Mover Asia: Large Bitcoin Holders Content to Hold Long Positions Amid Regulatory Turmoil,CoinDesk,https://finance.yahoo.com/news/first-mover-asia-large-bitcoin-010654210.html,1686791214,STORY
49abab36-9ffb-399b-b7c1-d7669defe59d,A,2023-6-15,Analyst Report: Rio Tinto Group,Morningstar Research,https://finance.yahoo.com/m/49abab36-9ffb-399b-b7c1-d7669defe59d/analyst-report%3A-rio-tinto.html,1686785168,STORY
bedc5a0c-9035-3892-94c2-74217bec5ecf,A,2023-6-16,CANADA STOCKS-TSX futures inch up on higher metal prices,Reuters,https://finance.yahoo.com/news/canada-stocks-tsx-futures-inch-115542008.html,1686916542,STORY
af48380a-f079-3ba3-a8bb-91249e6f42b4,A,2023-6-16,GLOBAL MARKETS-World shares touch 14-month highs as investor concern over rate hikes eases,Reuters,https://finance.yahoo.com/news/global-markets-world-shares-touch-112054377.html,1686914454,STORY
9b28254d-8e59-3b35-adf1-ab08e2f2d3cf,A,2023-6-16,GLOBAL MARKETS-World shares reach 14-month highs as investors shrug off the Fed,Reuters,https://finance.yahoo.com/news/global-markets-world-shares-reach-094428101.html,1686908668,STORY
46a85754-d0df-337b-8728-78911334abe0,A,2023-6-16,GLOBAL MARKETS-Asian shares near four-month peak as BOJ takes the stage,Reuters,https://finance.yahoo.com/news/global-markets-asian-shares-near-015906797.html,1686880746,STORY
51cfad6d-5943-3813-83f6-c693437089c9,A,2023-6-16,First Mover Asia: Hong Kong as Crypto Hub? The City's Strict Banking Requirements May Be an Obstacle,CoinDesk,https://finance.yahoo.com/news/first-mover-asia-hong-kong-000819379.html,1686874099,STORY
8ea4f596-d0bc-3bb1-ae97-97d61f73ef56,A,2023-6-16,CANADA STOCKS-TSX ends higher; gain falls well short of U.S. market,Reuters,https://finance.yahoo.com/news/canada-stocks-tsx-ends-higher-211105686.html,1686863465,STORY
428361cf-29c3-3d99-bfd3-e00db2e7fe0f,A,2023-6-16,"Gold muted on mixed Fed cues, copper boosted by China rate cuts",Investing.com,https://finance.yahoo.com/news/gold-muted-mixed-fed-cues-204658694.html,1686862018,STORY
c641f231-d4ad-3dc2-b7fe-fa9b4a9c5b87,A,2023-6-16,"GLOBAL MARKETS-Stocks rally, dollar falls after U.S. data, ECB hike, hawkish Fed pause",Reuters,https://finance.yahoo.com/news/global-markets-stocks-rally-dollar-203944094.html,1686861584,STORY
4ca5dfc6-896f-364e-bb8e-c10676de9d69,A,2023-6-17,BlackRock’s Bitcoin ETF Would Be a Big Deal,CoinDesk,https://finance.yahoo.com/news/blackrock-bitcoin-etf-big-deal-203000245.html,1686947400,STORY
da18ac6a-37fc-3a2e-b259-fe7e5e60c219,A,2023-6-17,"Closing prices for crude oil, gold and other commodities",AP Finance,https://finance.yahoo.com/news/closing-prices-crude-oil-gold-191723083.html,1686943043,STORY
411d57cd-acb2-35a0-831b-5ad80f6505db,A,2023-6-17,Bitcoin Recrosses $26.3K to Hit Highest Level in a Week Amid BlackRock Optimism,CoinDesk,https://finance.yahoo.com/news/bitcoin-recrosses-26-3k-hit-183743996.html,1686940663,STORY
f3bac31e-2e4d-35c6-9354-04727e0f7574,A,2023-6-17,12 Largest Barite Producing Countries in the World,Insider Monkey,https://finance.yahoo.com/news/12-largest-barite-producing-countries-163515601.html,1686933315,STORY
81d80b29-8fb4-3d15-9b26-e91096cc0aa9,A,2023-6-17,"Tether’s Banking Relationships, Commercial Paper Exposure Detailed in Newly Released Legal Documents",CoinDesk,https://finance.yahoo.com/news/tether-banking-relationships-commercial-paper-151107484.html,1686928267,STORY
377e274a-9c1a-3dff-a6f0-ea934f3b9535,A,2023-6-17,Sandstorm Gold (SAND) Provides an Update on Its Asset Portfolio,Zacks,https://finance.yahoo.com/news/sandstorm-gold-sand-provides-asset-121800878.html,1686917880,STORY
bedc5a0c-9035-3892-94c2-74217bec5ecf,A,2023-6-17,CANADA STOCKS-TSX futures inch up on higher metal prices,Reuters,https://finance.yahoo.com/news/canada-stocks-tsx-futures-inch-115542008.html,1686916542,STORY
af48380a-f079-3ba3-a8bb-91249e6f42b4,A,2023-6-17,GLOBAL MARKETS-World shares touch 14-month highs as investor concern over rate hikes eases,Reuters,https://finance.yahoo.com/news/global-markets-world-shares-touch-112054377.html,1686914454,STORY
4ca5dfc6-896f-364e-bb8e-c10676de9d69,A,2023-6-18,BlackRock’s Bitcoin ETF Would Be a Big Deal,CoinDesk,https://finance.yahoo.com/news/blackrock-bitcoin-etf-big-deal-203000245.html,1686947400,STORY
da18ac6a-37fc-3a2e-b259-fe7e5e60c219,A,2023-6-18,"Closing prices for crude oil, gold and other commodities",AP Finance,https://finance.yahoo.com/news/closing-prices-crude-oil-gold-191723083.html,1686943043,STORY
411d57cd-acb2-35a0-831b-5ad80f6505db,A,2023-6-18,Bitcoin Recrosses $26.3K to Hit Highest Level in a Week Amid BlackRock Optimism,CoinDesk,https://finance.yahoo.com/news/bitcoin-recrosses-26-3k-hit-183743996.html,1686940663,STORY
f3bac31e-2e4d-35c6-9354-04727e0f7574,A,2023-6-18,12 Largest Barite Producing Countries in the World,Insider Monkey,https://finance.yahoo.com/news/12-largest-barite-producing-countries-163515601.html,1686933315,STORY
81d80b29-8fb4-3d15-9b26-e91096cc0aa9,A,2023-6-18,"Tether’s Banking Relationships, Commercial Paper Exposure Detailed in Newly Released Legal Documents",CoinDesk,https://finance.yahoo.com/news/tether-banking-relationships-commercial-paper-151107484.html,1686928267,STORY
377e274a-9c1a-3dff-a6f0-ea934f3b9535,A,2023-6-18,Sandstorm Gold (SAND) Provides an Update on Its Asset Portfolio,Zacks,https://finance.yahoo.com/news/sandstorm-gold-sand-provides-asset-121800878.html,1686917880,STORY
bedc5a0c-9035-3892-94c2-74217bec5ecf,A,2023-6-18,CANADA STOCKS-TSX futures inch up on higher metal prices,Reuters,https://finance.yahoo.com/news/canada-stocks-tsx-futures-inch-115542008.html,1686916542,STORY
af48380a-f079-3ba3-a8bb-91249e6f42b4,A,2023-6-18,GLOBAL MARKETS-World shares touch 14-month highs as investor concern over rate hikes eases,Reuters,https://finance.yahoo.com/news/global-markets-world-shares-touch-112054377.html,1686914454,STORY
ad61f3ae-175e-37a5-bf7e-9c748b51376c,A,2023-6-19,CANADA STOCKS-TSX futures muted on decline in commodity prices,Reuters,https://finance.yahoo.com/news/canada-stocks-tsx-futures-muted-115641323.html,1687175801,STORY
75f1e280-b40a-3102-b661-e4af610d7bac,A,2023-6-19,"GLOBAL MARKETS-Stocks rally stalls, eyes on Powell testimony for US rate clues",Reuters,https://finance.yahoo.com/news/global-markets-stocks-rally-stalls-111305260.html,1687173185,STORY
fee3e3f0-5248-3fc1-ad82-9f36d8e8b545,A,2023-6-19,"GLOBAL MARKETS-Stocks rally stalls, eyes Powell testimony for rate clues",Reuters,https://finance.yahoo.com/news/global-markets-stocks-rally-stalls-075600864.html,1687161360,STORY
85c8cb59-9e9e-30b3-9967-d15cde02096e,A,2023-6-19,"GLOBAL MARKETS-Asian stocks pause rally, eyeing China stimulus, Powell testimony",Reuters,https://finance.yahoo.com/news/global-markets-asian-stocks-pause-052602112.html,1687152362,STORY
0d77660e-aae3-33f7-af8b-7c9769f16881,A,2023-6-19,First Mover Asia: Bitcoin Slips Back to $26.3K in Weekend Trading as Investors Weigh Potential Interest Rate Decisions,CoinDesk,https://finance.yahoo.com/news/first-mover-asia-bitcoin-slips-012656591.html,1687138016,STORY
130db2a6-c840-36b5-a62f-c971a0c3147e,A,2023-6-19,"GLOBAL MARKETS-Asian stocks off to a slow start, eyeing China stimulus, Powell testimonies",Reuters,https://finance.yahoo.com/news/global-markets-asian-stocks-off-003641999.html,1687135001,STORY
70f355ca-5f77-3f92-9120-cf643455b4ed,A,2023-6-19,"Gold treads water before more Fed cues, copper sees profit taking",Investing.com,https://finance.yahoo.com/news/gold-treads-water-more-fed-213832897.html,1687124312,STORY
bac00c5e-7559-3bd1-99f6-aa52af7882d4,A,2023-6-19,UPDATE 2-Ghana sees agreement with bilateral creditors in coming weeks,Reuters,https://finance.yahoo.com/news/1-ghana-sees-agreement-bilateral-173130295.html,1687109490,STORY
6215416e-d3a9-3610-9985-88e5af7e3733,A,2023-6-20,First Ever Canadian Bitcoin Conference Wraps Up in Toronto,CoinDesk,https://finance.yahoo.com/news/first-ever-canadian-bitcoin-conference-055433065.html,1687240473,STORY
d2edb739-f6ce-384f-9fa0-098064dadbeb,A,2023-6-20,China's modest rate cut sends stocks lower,Reuters,https://finance.yahoo.com/news/asia-shares-fall-chinas-modest-030340190.html,1687230220,STORY
a55575f8-2468-341f-b249-e122f6f84544,A,2023-6-20,Surge in China’s Demand for Gold Is Slowing as Economy Stumbles,Bloomberg,https://finance.yahoo.com/news/surge-china-demand-gold-slowing-022614881.html,1687227974,STORY
bd68bf3e-a84f-34ff-97a1-4187afc75750,A,2023-6-20,First Mover Asia: Bitcoin 'Looks Vulnerable': Analyst,CoinDesk,https://finance.yahoo.com/news/first-mover-asia-bitcoin-looks-004416143.html,1687221856,STORY
a1780f29-7340-349e-bf90-4b9cd116a284,A,2023-6-20,"Gold trades sideways, copper dips as China cuts rates",Investing.com,https://finance.yahoo.com/news/gold-trades-sideways-copper-dips-205153306.html,1687207913,STORY
67b28893-4d56-3623-95ad-b1e13eae64c3,A,2023-6-20,Amazon Gold Miners Flout Artisanal Label With Outsized Operations,Bloomberg,https://finance.yahoo.com/news/amazon-gold-miners-flout-artisanal-175644101.html,1687197404,STORY
60e6e6e9-a8d9-30e1-a9e3-e9d540b1d490,A,2023-6-20,"GLOBAL MARKETS-Stocks rally stalls, eyes on Powell testimony for US rate clues",Reuters,https://finance.yahoo.com/news/global-markets-stocks-rally-stalls-143658485.html,1687185418,STORY
1ce1cfa4-5701-323d-884e-8cefa918a062,A,2023-6-20,Bitcoin Could Benefit From These 3 Bullish Tailwinds,CoinDesk,https://finance.yahoo.com/news/bitcoin-could-benefit-3-bullish-121243974.html,1687176763,STORY
afb9567d-ba9a-354b-b699-2c39f5f8d2ac,A,2023-6-21,GLOBAL MARKETS-Stocks and bonds reflect fears of Powell embracing his inner hawk,Reuters,https://finance.yahoo.com/news/global-markets-stocks-bonds-reflect-114411156.html,1687347851,STORY
db32e95b-1cc8-3a6d-85a5-25edd310bc15,A,2023-6-21,"CANADA STOCKS-TSX futures muted ahead of domestic economic data, Powell testimony",Reuters,https://finance.yahoo.com/news/canada-stocks-tsx-futures-muted-112329757.html,1687346609,STORY
048c2038-cb5a-3766-af50-45e0ab97d584,A,2023-6-21,GLOBAL MARKETS-Stocks uneasy in case Powell embraces his inner hawk,Reuters,https://finance.yahoo.com/news/global-markets-stocks-uneasy-case-082245838.html,1687335765,STORY
2fcf0135-687c-3d55-9b84-648959baf6a8,A,2023-6-21,GLOBAL MARKETS-Asia wary in case Powell embraces his inner hawk,Reuters,https://finance.yahoo.com/news/global-markets-asia-wary-case-052105349.html,1687324865,STORY
e4554cf6-5b75-3db7-8117-7e746db21082,A,2023-6-21,X-ray vision: a surprising source of recycled silver,Financial Times,https://finance.yahoo.com/m/e4554cf6-5b75-3db7-8117-7e746db21082/x-ray-vision%3A-a-surprising.html,1687320044,STORY
9962f6d4-1209-305a-ac42-45e2ae825bfa,A,2023-6-21,"GLOBAL MARKETS-Asia stocks slip as suspense builds for China, Fed news",Reuters,https://finance.yahoo.com/news/global-markets-asia-stocks-slip-023917466.html,1687315157,STORY
c1117695-ee33-3316-b940-224b7c522709,A,2023-6-21,First Mover Asia: Bitcoin Has Its Eyes on $30K Amid Steadfast Institutional Interest,CoinDesk,https://finance.yahoo.com/news/first-mover-asia-bitcoin-eyes-005911413.html,1687309151,STORY
5b0e7f24-411f-33d0-8e41-75521a1b14aa,A,2023-6-21,Oil holds steady ahead of Powell's congressional testimony,Reuters,https://finance.yahoo.com/news/oil-extends-declines-china-growth-005215602.html,1687308735,STORY
84d280f0-cb02-3c6b-a530-ce8bcfcf446b,A,2023-6-22,"CANADA STOCKS-TSX futures fall on rate hike worries, lower commodity prices",Reuters,https://finance.yahoo.com/news/canada-stocks-tsx-futures-fall-114506470.html,1687434306,STORY
c6d6d65c-dfc5-303c-88c0-e4b0555bf8e0,A,2023-6-22,"GLOBAL MARKETS-Shares ease, dollar steady in central-bank heavy day",Reuters,https://finance.yahoo.com/news/global-markets-shares-ease-dollar-091836724.html,1687425516,STORY
99351719-568b-3f2a-b88a-775ee16e460b,A,2023-6-22,Shifting S. Africa coal plant for clean energy needs millions in loans; experts say that's a problem,AP Finance,https://finance.yahoo.com/news/shifting-africa-coal-plant-clean-060829566.html,1687414109,STORY
f3eb679c-bde6-32e3-9ce6-be9aa133e6a2,A,2023-6-22,GLOBAL MARKETS-Asia stocks ease after Powell testimony; spotlight on BoE,Reuters,https://finance.yahoo.com/news/global-markets-asia-stocks-ease-052231122.html,1687411351,STORY
d0168108-5af0-39ff-b096-566146032d08,A,2023-6-22,"First Mover Asia: Bitcoin Holds Firm Above $30.1K as Investors Relish BlackRock, Other Spot BTC ETF Filings",CoinDesk,https://finance.yahoo.com/news/first-mover-asia-bitcoin-holds-020846266.html,1687399726,STORY
209f8b15-3a4b-3a6d-904e-91f9b51f3f30,A,2023-6-22,Oil falls with interest rate hikes and inventories in focus,Reuters,https://finance.yahoo.com/news/oil-steady-surprise-dip-u-004622987.html,1687394782,STORY
be9fe592-c39a-39a5-b557-f1db3e4c2d28,A,2023-6-22,Oil steadies near 2-week high as markets digest mixed inventory data,Investing.com,https://finance.yahoo.com/news/oil-steadies-near-2-week-215952052.html,1687384792,STORY
8e9f135c-59b5-355a-85b7-36d62fc979c3,A,2023-6-22,Barrick Gold (GOLD) Gains As Market Dips: What You Should Know,Zacks,https://finance.yahoo.com/news/barrick-gold-gold-gains-market-215020036.html,1687384220,STORY
fb7b0092-864b-3f87-8a26-86a8849e8d4c,A,2023-6-23,"On Olympic and Paralympic Day, how both Games intersected over time",NBC Sports,https://finance.yahoo.com/m/fb7b0092-864b-3f87-8a26-86a8849e8d4c/on-olympic-and-paralympic.html,1687518904,STORY
f9c23e42-ede9-347f-8b58-e3b96136d1ea,A,2023-6-23,10 Largest Rare Earth Companies in the World,Insider Monkey,https://finance.yahoo.com/news/10-largest-rare-earth-companies-105755371.html,1687517875,STORY
2a9570da-c9c1-3ac8-9317-c44877b35141,A,2023-6-23,"MORNING BID AMERICAS-Business brakes in June swoon, dollar jumps",Reuters,https://finance.yahoo.com/news/morning-bid-americas-business-brakes-100000017.html,1687514400,STORY
0e6ac504-19a3-3661-a07b-69e0bc47756b,A,2023-6-23,GLOBAL MARKETS-Stocks under pressure as investors play terminal rates guessing game,Reuters,https://finance.yahoo.com/news/global-markets-stocks-under-pressure-084718775.html,1687510038,STORY
81be2c03-c82c-37fa-aa27-20e00948f4a1,A,2023-6-23,GLOBAL MARKETS-Stocks see worst week of 2023 as growth outlook darkens,Reuters,https://finance.yahoo.com/news/global-markets-stocks-see-worst-060410469.html,1687500250,STORY
607ba430-772f-339c-bef0-6e57b98a111a,A,2023-6-23,GLOBAL MARKETS-Asia stocks slide as growth outlook darkens,Reuters,https://finance.yahoo.com/news/global-markets-asia-stocks-slide-025950264.html,1687489190,STORY
4f78536a-c044-3942-bef9-dae4cfa865de,A,2023-6-23,"First Mover Asia: Bitcoin Surge May 'Not Be the Beginning of the End of the Bear Market,' Analyst Says",CoinDesk,https://finance.yahoo.com/news/first-mover-asia-bitcoin-surge-011940691.html,1687483180,STORY
7bd763f8-1752-3df6-9868-86c4bcc874e3,A,2023-6-23,Oil resumes slide on demand worries after latest rate hikes,Reuters,https://finance.yahoo.com/news/oil-steadies-sliding-uk-rate-010440907.html,1687482280,STORY
fc16231d-19c5-3a71-9c73-d318b3838821,A,2023-6-24,Iran’s Oil Supplies Are One More Challenge for OPEC+,Barrons.com,https://finance.yahoo.com/m/fc16231d-19c5-3a71-9c73-d318b3838821/iran%E2%80%99s-oil-supplies-are-one.html,1687593600,STORY
f91dd042-446e-3dc7-924b-17ffc61761f5,A,2023-6-24,Middle East Oil Prices Soar Amid Chinese Trading Frenzy,Oilprice.com,https://finance.yahoo.com/news/middle-east-oil-prices-soar-210000458.html,1687554000,STORY
d0945796-ad9e-37f7-9c12-723b20aace4a,A,2023-6-24,"Closing prices for crude oil, gold and other commodities",AP Finance,https://finance.yahoo.com/news/closing-prices-crude-oil-gold-192211887.html,1687548131,STORY
0a5b6f72-3bf9-3014-bd7f-cc8ffa95af0c,A,2023-6-24,"Commodities Are in Rare Bull Market, But Bear Market Would Be Better for Stocks",TheStreet.com,https://finance.yahoo.com/m/0a5b6f72-3bf9-3014-bd7f-cc8ffa95af0c/commodities-are-in-rare-bull.html,1687546200,STORY
b274bb1a-cb03-3db9-af7d-a223fed7fa7c,A,2023-6-24,US drillers cut oil and gas rigs for eighth week in a row - Baker Hughes,Reuters,https://finance.yahoo.com/news/us-drillers-cut-oil-gas-174326339.html,1687542206,STORY
9ecfc83d-fbd4-3033-8e6c-a1db2d8c8f89,A,2023-6-24,Investing in Gold Is Dumb,Kiplinger,https://finance.yahoo.com/news/investing-gold-dumb-162723001.html,1687542037,STORY
829bbff0-db92-3ddc-b6a0-e383665284fc,A,2023-6-24,Oil Nears a Slide of 20% From High,Barrons.com,https://finance.yahoo.com/m/829bbff0-db92-3ddc-b6a0-e383665284fc/oil-nears-a-slide-of-20%25-from.html,1687539085,STORY
bc16d736-9550-3fed-8e94-cb3c230cb73c,A,2023-6-24,Shipping Market Sputters After Brief Surge in Chinese Oil Demand,The Wall Street Journal,https://finance.yahoo.com/m/bc16d736-9550-3fed-8e94-cb3c230cb73c/shipping-market-sputters.html,1687536901,STORY
00b9f29c-2751-38d9-b84c-83286214cd49,A,2023-6-25,New EPA Rules Pressure Biofuel Producers,The Wall Street Journal,https://finance.yahoo.com/m/00b9f29c-2751-38d9-b84c-83286214cd49/new-epa-rules-pressure.html,1687690800,STORY
4d5a7b2a-508f-38d9-961f-9fb8b46c84e8,A,2023-6-25,The next frontier in the search for the earth’s valuable minerals,The Telegraph,https://finance.yahoo.com/m/4d5a7b2a-508f-38d9-961f-9fb8b46c84e8/the-next-frontier-in-the.html,1687669200,STORY
426175b6-dda3-36a4-b732-a1be7a111780,A,2023-6-25,Energy & precious metals - weekly review and outlook,Investing.com,https://finance.yahoo.com/news/energy-precious-metals-weekly-review-044555748.html,1687668355,STORY
aecb05d9-d351-3681-9c9b-49c71b695174,A,2023-6-25,Oil and gas majors step up efforts to diversify into lithium,Financial Times,https://finance.yahoo.com/m/aecb05d9-d351-3681-9c9b-49c71b695174/oil-and-gas-majors-step-up.html,1687665614,STORY
e6b971f2-6363-3e2f-9687-dac4c31627dd,A,2023-6-25,11 Best Precious Metals Stocks to Buy,Insider Monkey,https://finance.yahoo.com/news/11-best-precious-metals-stocks-192352932.html,1687634632,STORY
c6511ee2-579b-353d-b552-b40895021807,A,2023-6-25,Lithium Reserves by Country: Top 15 Countries,Insider Monkey,https://finance.yahoo.com/news/lithium-reserves-country-top-15-184450553.html,1687632290,STORY
8dd197ea-380f-3206-928c-c9b98ea1965e,A,2023-6-25,Oil Prices Expected to Jump on Conflict in Russia,The Wall Street Journal,https://finance.yahoo.com/m/8dd197ea-380f-3206-928c-c9b98ea1965e/oil-prices-expected-to-jump.html,1687618077,STORY
e75d39a1-b1e6-31a4-8a20-0c6bcd2d9023,A,2023-6-25,This Warning Could Mean Big Trouble Is Ahead for Oil Stocks by 2030,Motley Fool,https://finance.yahoo.com/m/e75d39a1-b1e6-31a4-8a20-0c6bcd2d9023/this-warning-could-mean-big.html,1687616100,STORY
01f47fe9-205b-3290-b744-9a4788cda747,A,2023-6-26,"GLOBAL MARKETS-Stocks down, gold up as investors embrace safe havens after Russia mutiny",Reuters,https://finance.yahoo.com/news/global-markets-stocks-down-gold-113401136.html,1687779241,STORY
87a272c2-012b-3424-968e-2ac369276cbc,A,2023-6-26,Oil Climbs As Russia Crisis Rattles Global Energy Markets,TheStreet.com,https://finance.yahoo.com/m/87a272c2-012b-3424-968e-2ac369276cbc/oil-climbs-as-russia-crisis.html,1687778340,STORY
b7d29f18-c7f0-3336-917f-d5eacb5af60c,A,2023-6-26,Gold Nudges Higher as Investors React to Russia Turmoil,Bloomberg,https://finance.yahoo.com/news/gold-edges-higher-turmoil-russia-000032222.html,1687775966,STORY
425b61cb-a575-3c3b-914b-79b8e94a76b1,A,2023-6-26,"Stocks, ruble drop as traders eye Russia after aborted uprising",AFP,https://finance.yahoo.com/m/425b61cb-a575-3c3b-914b-79b8e94a76b1/stocks%2C-ruble-drop-as-traders.html,1687775667,STORY
b983ae9e-11b4-30e2-8042-1d841a7f05f4,A,2023-6-26,Kenyan legend Kipchoge sets sights on Olympic marathon treble,AFP,https://finance.yahoo.com/m/b983ae9e-11b4-30e2-8042-1d841a7f05f4/kenyan-legend-kipchoge-sets.html,1687774932,STORY
c9462af4-3b08-3056-a97a-19a30637af66,A,2023-6-26,"OPEC Woos Guyana, Tiny Nation That Sits Atop Massive Oil Field",The Wall Street Journal,https://finance.yahoo.com/m/c9462af4-3b08-3056-a97a-19a30637af66/opec-woos-guyana%2C-tiny-nation.html,1687774620,STORY
e9293e6a-51cb-3e26-8db7-32d525adabb8,A,2023-6-26,MORNING BID AMERICAS-World markets calm after Russia drama,Reuters,https://finance.yahoo.com/news/morning-bid-americas-world-markets-100013451.html,1687773613,STORY
5162d73b-ca82-3c83-bfe2-183b7e34ef33,A,2023-6-26,Stocks fall and crude prices unsteady after revolt in Russia,Financial Times,https://finance.yahoo.com/m/5162d73b-ca82-3c83-bfe2-183b7e34ef33/stocks-fall-and-crude-prices.html,1687773049,STORY
f27e6c02-672e-3c82-98a0-882297602010,A,2023-6-27,Climate protesters target TotalEnergies' UK headquarters,AFP,https://finance.yahoo.com/m/f27e6c02-672e-3c82-98a0-882297602010/climate-protesters-target.html,1687866767,STORY
2a9e7a8a-65e9-3d8f-86fa-569cb972c865,A,2023-6-27,Global central banks post losses on reserves in 2022; no quick recovery seen -survey,Reuters,https://finance.yahoo.com/news/global-central-banks-post-losses-113000526.html,1687865400,STORY
6a8067a4-8a1e-3a5c-afbb-5c056a552aac,A,2023-6-27,CANADA STOCKS-TSX futures flat ahead of domestic inflation data,Reuters,https://finance.yahoo.com/news/canada-stocks-tsx-futures-flat-112356555.html,1687865036,STORY
15fe047d-af8b-3254-b0b6-12e22db2f6a8,A,2023-6-27,Investors Pile Into Bets Against Oil,The Wall Street Journal,https://finance.yahoo.com/m/15fe047d-af8b-3254-b0b6-12e22db2f6a8/investors-pile-into-bets.html,1687862908,STORY
1e9b473b-d97b-31b6-8f7d-bc7742bb20f4,A,2023-6-27,Russia’s Crude Shipments Slump on Halt at Major Export Terminal,Bloomberg,https://finance.yahoo.com/news/russia-crude-shipments-slump-halt-100203620.html,1687860123,STORY
db29fc26-fd5d-3d73-a18d-d28c1f871b2a,A,2023-6-27,Russia Set to Overtake Saudi Arabia in Battle for China’s Oil Market,The Wall Street Journal,https://finance.yahoo.com/m/db29fc26-fd5d-3d73-a18d-d28c1f871b2a/russia-set-to-overtake-saudi.html,1687858200,STORY
082ed5d2-03c6-3ebc-b91c-9761d195b11b,A,2023-6-27,OPEC+ oil quota reform increases Gulf's dominance,Reuters,https://finance.yahoo.com/news/opec-oil-quota-reform-increases-092707250.html,1687858027,STORY
1ca88aff-edb9-37ce-be81-5186b2fd613d,A,2023-6-27,"Zacks Industry Outlook Highlights Cheniere Energy, APA, Northern Oil and Gas and Evolution Petroleum",Zacks,https://finance.yahoo.com/news/zacks-industry-outlook-highlights-cheniere-091800790.html,1687857480,STORY
29410831-63f5-3baa-8a67-4545910b351e,A,2023-6-28,"GLOBAL MARKETS-US stock futures tip lower, yen stumbles and euro shines",Reuters,https://finance.yahoo.com/news/global-markets-us-stock-futures-121255998.html,1687954375,STORY
ccbbba80-34bd-3581-8432-1cc91ad31081,A,2023-6-28,ShaMaran Petroleum Corp. (CVE:SNM) Screens Well But There Might Be A Catch,Simply Wall St.,https://finance.yahoo.com/news/shamaran-petroleum-corp-cve-snm-113009293.html,1687951809,STORY
2889b483-2f7a-36c3-9412-9e6341581c86,A,2023-6-28,"UPDATE 1-Rouble weakens on dwindling tax support, political risk",Reuters,https://finance.yahoo.com/news/1-rouble-weakens-dwindling-tax-094123226.html,1687945283,STORY
72f54cff-e255-3e72-adad-521b3d198b2c,A,2023-6-28,"GLOBAL MARKETS-European shares climb, yen stumbles and euro shines",Reuters,https://finance.yahoo.com/news/global-markets-european-shares-climb-093259087.html,1687944779,STORY
69a0ae41-153c-3885-9090-e00640fb24aa,A,2023-6-28,"Norway approves 19 oil and gas projects, saying the resulting investments are worth over $19 billion",AP Finance,https://finance.yahoo.com/news/norway-approves-19-oil-gas-083013393.html,1687941013,STORY
37c2951a-ee30-3e1e-843d-14225f0ee21c,A,2023-6-28,"GLOBAL MARKETS-Asia shares subdued, yen shunned as euro shines",Reuters,https://finance.yahoo.com/news/global-markets-asia-shares-subdued-052935328.html,1687930175,STORY
f00ab01c-7a5b-3091-a26b-ce0b165284d3,A,2023-6-28,20 Countries With Highest Gold Consumption By Year,Insider Monkey,https://finance.yahoo.com/news/20-countries-highest-gold-consumption-040517033.html,1687925117,STORY
2a2b73d0-56a1-3ad6-b93b-fc450ff8df08,A,2023-6-28,Nigeria’s oil and gas industry fails to cash in on global energy hunger,Financial Times,https://finance.yahoo.com/m/2a2b73d0-56a1-3ad6-b93b-fc450ff8df08/nigeria%E2%80%99s-oil-and-gas.html,1687924809,STORY
6548d5ab-d839-36f0-9a17-8fdd3925d0c5,A,2023-6-29,"CANADA STOCKS-TSX futures flat on rate hike jitters, lower copper prices",Reuters,https://finance.yahoo.com/news/canada-stocks-tsx-futures-flat-114403905.html,1688039043,STORY
fe7dc2ff-5b0a-3104-90d8-d397153f3534,A,2023-6-29,Environmentalists sue Norway over new oil projects,AFP,https://finance.yahoo.com/m/fe7dc2ff-5b0a-3104-90d8-d397153f3534/environmentalists-sue-norway.html,1688031333,STORY
db5097b7-ecd4-3703-943a-c5a04001894a,A,2023-6-29,Gold Fields sees growth from new mines as it pivots to Americas,Reuters,https://finance.yahoo.com/news/gold-fields-sees-growth-mines-092732219.html,1688030852,STORY
5560dff2-2ecd-37ad-ae45-0f40cbda9850,A,2023-6-29,Vitol Asia to purchase LNG from Indonesia's Bontang sellers,Reuters,https://finance.yahoo.com/news/vitol-asia-purchase-lng-indonesias-092546009.html,1688030746,STORY
4eed36d8-4529-3a58-a9bd-55cb9d5bc2c7,A,2023-6-29,"GLOBAL MARKETS-Stocks shrug off inflation angst, yen bows to dollar",Reuters,https://finance.yahoo.com/news/global-markets-stocks-shrug-off-092011464.html,1688030411,STORY
0066d938-e9da-3191-9dec-f993d5ddb37a,A,2023-6-29,"Zacks Industry Outlook Highlights Warrior Met Coal, SunCoke Energy and Hallador Energy",Zacks,https://finance.yahoo.com/news/zacks-industry-outlook-highlights-warrior-090000356.html,1688029200,STORY
54463096-5e0f-3dee-951a-f610843de82a,A,2023-6-29,"Yara, BASF assess low-carbon blue ammonia project on US Gulf coast",Reuters,https://finance.yahoo.com/news/yara-basf-assess-low-carbon-065410643.html,1688021650,STORY
a502b317-5301-3e81-a9e0-1fb43e5b8154,A,2023-6-29,"TABLE-LNG tankers heading to Britain, Belgium, the Netherlands and Germany",Reuters,https://finance.yahoo.com/news/table-lng-tankers-heading-britain-063228677.html,1688020348,STORY
4024efbc-2e22-3812-a879-a870adecfe3a,A,2023-6-30,GLOBAL LNG-Asia spot LNG prices flat as demand remains tepid,Reuters,https://finance.yahoo.com/news/global-lng-asia-spot-lng-120632580.html,1688126792,STORY
c9d6274f-1091-39ce-87eb-2d260aafaa7b,A,2023-6-30,"GLOBAL MARKETS-Stocks firmer after dip in euro zone inflation, dollar firm",Reuters,https://finance.yahoo.com/news/global-markets-stocks-firmer-dip-114924945.html,1688125764,STORY
de51938b-e6bc-3c9a-84b3-86951d557a7e,A,2023-6-30,"CANADA STOCKS-TSX futures rise on higher commodity prices, US economic data on deck",Reuters,https://finance.yahoo.com/news/canada-stocks-tsx-futures-rise-111704858.html,1688123824,STORY
643258bd-3698-38a5-a007-ddd10c51f70f,A,2023-6-30,Oil Traders Transfixed as Activity Jumps on Key Mideast Platform,Bloomberg,https://finance.yahoo.com/news/oil-traders-transfixed-activity-jumps-100208884.html,1688119328,STORY
c11432c5-3420-370d-a969-18c550adc728,A,2023-6-30,GLOBAL MARKETS-Stocks show resilience to wall of rates and inflation worries,Reuters,https://finance.yahoo.com/news/global-markets-stocks-show-resilience-082531941.html,1688113531,STORY
4df866f9-246e-3828-b1ac-693c90453ece,A,2023-6-30,"TABLE-LNG tankers heading to Britain, Belgium, the Netherlands and Germany",Reuters,https://finance.yahoo.com/news/table-lng-tankers-heading-britain-070342999.html,1688108622,STORY
655b6a02-2d74-3df3-bcd6-ca8f9e3d4f3f,A,2023-6-30,GRAPHIC-Global markets in H1: Banks vs the machines,Reuters,https://finance.yahoo.com/news/graphic-global-markets-h1-banks-063126983.html,1688106686,STORY
914ddb6c-5db8-3593-8056-3f4a61b4cb4a,A,2023-6-30,First Mover Asia: Large Bitcoin Holders Content to Hold Long Positions Amid Regulatory Turmoil,CoinDesk,https://finance.yahoo.com/news/first-mover-asia-large-bitcoin-021414622.html,1688091254,STORY
7545850e-abe1-3c51-ace8-a9f7c0896e47,A,2023-7-1,"Warren Buffett's Berkshire Hathaway snaps up another $123 million in Occidental Petroleum stock, now owns 25% of the oil company",Business Insider,https://finance.yahoo.com/m/7545850e-abe1-3c51-ace8-a9f7c0896e47/warren-buffett%27s-berkshire.html,1688165110,STORY
33f63c4a-d966-3646-8a08-c77e60e96444,A,2023-7-1,"Alaska regulators propose $914,000 fine against ConocoPhillips for North Slope gas blowout and leak","Anchorage Daily News, Alaska",https://finance.yahoo.com/m/33f63c4a-d966-3646-8a08-c77e60e96444/alaska-regulators-propose.html,1688162460,STORY
57a6867c-a881-3404-8736-036d78a71068,A,2023-7-1,Barrick Gold (GOLD) Outpaces Stock Market Gains: What You Should Know,Zacks,https://finance.yahoo.com/news/barrick-gold-gold-outpaces-stock-214519648.html,1688161519,STORY
10fccdbb-df5c-3dba-9e7c-80a1e7da039b,A,2023-7-1,"GLOBAL MARKETS-Wall St ends strong quarter with broad rally, dollar dips as inflation cools",Reuters,https://finance.yahoo.com/news/global-markets-wall-st-ends-205238196.html,1688158358,STORY
bda86dc9-bff8-38cd-aa46-16ff475ed3b0,A,2023-7-1,"GLOBAL MARKETS-Wall St jumps, dollar dips as cooler inflation data closes book on strong quarter",Reuters,https://finance.yahoo.com/news/global-markets-wall-st-jumps-192748739.html,1688153268,STORY
ee29a1d0-436c-3d90-987a-0b95364d1ce8,A,2023-7-1,"Brazil Mining Regulator Squeezed by Staffing, Budget Cuts, Labor Leader Says",Bloomberg,https://finance.yahoo.com/news/brazil-mining-regulator-squeezed-staffing-192649118.html,1688153209,STORY
0ce55bb9-3f61-343d-8e06-c126e1d5a61c,A,2023-7-1,"Closing prices for crude oil, gold and other commodities",AP Finance,https://finance.yahoo.com/news/closing-prices-crude-oil-gold-192118855.html,1688152878,STORY
a99bb528-52a9-3b8f-b878-5f2c720e5a33,A,2023-7-1,"UPDATE 1-US natgas prices up 4% to 17-week high on rising LNG feedgas, hot weather",Reuters,https://finance.yahoo.com/news/1-us-natgas-prices-4-191955433.html,1688152795,STORY
7c12b0b7-cd99-3c79-8730-8260cdfa0f7f,A,2023-7-2,China Is Buying Gas Like There’s Still an Energy Crisis,Bloomberg,https://finance.yahoo.com/news/china-buying-natural-gas-still-010000661.html,1688289583,STORY
b282446c-4049-3dd7-92d3-6ef4817ab445,A,2023-7-2,UPDATE 2-Leviathan partners in Israel to invest $568 mln in third gas pipeline,Reuters,https://finance.yahoo.com/news/1-leviathan-partners-israel-invest-065228863.html,1688280748,STORY
fd263654-71d3-3aac-85bb-cdff96be5c22,A,2023-7-2,Leviathan partners in Israel to invest $568 million in 3rd natgas pipeline,Reuters,https://finance.yahoo.com/news/leviathan-partners-israel-invest-568-054521018.html,1688276721,STORY
bbabf450-e4e8-371c-860b-286a6d705a46,A,2023-7-2,Energy & precious metals - weekly review and outlook,Investing.com,https://finance.yahoo.com/news/energy-precious-metals-weekly-review-051218179.html,1688274738,STORY
0ab81d56-d0cc-37e9-9259-7a2c0f911d37,A,2023-7-2,"Market Bets on Cheaper Oil, Dashing Saudi Hopes for a Price Rebound",The Wall Street Journal,https://finance.yahoo.com/m/0ab81d56-d0cc-37e9-9259-7a2c0f911d37/market-bets-on-cheaper-oil%2C.html,1688270460,STORY
69a3d9b3-2b83-359e-99e4-cc79231c3271,A,2023-7-2,Miner ACG to raise $300mn in test of London’s capital markets,Financial Times,https://finance.yahoo.com/m/69a3d9b3-2b83-359e-99e4-cc79231c3271/miner-acg-to-raise-%24300mn-in.html,1688270436,STORY
675327cd-b0d1-38f6-83df-69a49baa5a50,A,2023-7-2,Nestle steps up reforestation project in Ivory Coast,AFP,https://finance.yahoo.com/m/675327cd-b0d1-38f6-83df-69a49baa5a50/nestle-steps-up-reforestation.html,1688267960,STORY
7545850e-abe1-3c51-ace8-a9f7c0896e47,A,2023-7-2,"Warren Buffett's Berkshire Hathaway snaps up another $123 million in Occidental Petroleum stock, now owns 25% of the oil company",Business Insider,https://finance.yahoo.com/m/7545850e-abe1-3c51-ace8-a9f7c0896e47/warren-buffett%27s-berkshire.html,1688165110,STORY
e7b89d05-8415-316f-b051-ec76f56162ee,A,2023-7-3,Oil prices advance on output cutbacks; equities rise,AFP,https://finance.yahoo.com/m/e7b89d05-8415-316f-b051-ec76f56162ee/oil-prices-advance-on-output.html,1688385713,STORY
355701d6-66fa-3c29-9100-3477179300dd,A,2023-7-3,"GLOBAL MARKETS-World stocks rally, Nikkei closes at 33-year peak",Reuters,https://finance.yahoo.com/news/global-markets-world-stocks-rally-112143405.html,1688383303,STORY
c261b315-017d-32cd-9f85-1bd359d6decb,A,2023-7-3,"Saudis and Russia Extend Oil Supply Cuts, Bolstering Prices",Bloomberg,https://finance.yahoo.com/news/saudis-russia-extend-oil-supply-104539415.html,1688381139,STORY
ad5366f0-d162-31e2-8c48-447dc16103ee,A,2023-7-3,"EU official sees 'contradiction' between China's climate goals, coal plants",AFP,https://finance.yahoo.com/m/ad5366f0-d162-31e2-8c48-447dc16103ee/eu-official-sees.html,1688381063,STORY
16533855-bc00-3d31-bf45-2b069a241841,A,2023-7-3,"Russia, Saudi Arabia Pledge to Constrain Oil Supply Further",The Wall Street Journal,https://finance.yahoo.com/m/16533855-bc00-3d31-bf45-2b069a241841/russia%2C-saudi-arabia-pledge.html,1688380463,STORY
fb1cb1a0-0e34-37d7-89f2-a90c614391c2,A,2023-7-3,Saudi Arabia prolongs oil supply cut as global demand looks weak,CNN Business,https://finance.yahoo.com/m/fb1cb1a0-0e34-37d7-89f2-a90c614391c2/saudi-arabia-prolongs-oil.html,1688379550,STORY
31891256-ed5c-38b3-9303-f02ab28fa3a8,A,2023-7-3,"Oil Rises as Saudis Pledge to Cut Output, Russia to Curb Exports",Bloomberg,https://finance.yahoo.com/news/oil-steadies-record-losing-run-223757001.html,1688379296,STORY
8c7f6fba-4eb7-3aeb-bde4-aabcbb02411b,A,2023-7-3,"TABLE-LNG tankers heading to Britain, Belgium, the Netherlands and Germany",Reuters,https://finance.yahoo.com/news/table-lng-tankers-heading-britain-100126844.html,1688378486,STORY
8bd53cfb-6c2b-30d5-81c3-7fb2a76c6e12,A,2023-7-4,"TABLE-LNG tankers heading to Britain, Belgium, the Netherlands and Germany",Reuters,https://finance.yahoo.com/news/table-lng-tankers-heading-britain-114801789.html,1688471281,STORY
63cf15d0-feaf-3c17-8717-b503eaf43b3c,A,2023-7-4,Opec is pushing oil uphill,Financial Times,https://finance.yahoo.com/m/63cf15d0-feaf-3c17-8717-b503eaf43b3c/opec-is-pushing-oil-uphill.html,1688468460,STORY
8655fe79-2077-37e0-95f8-a98e7a8a17f8,A,2023-7-4,Shell (SHEL) Trades Russian Gas Despite Withdrawal Pledge,Zacks,https://finance.yahoo.com/news/shell-shel-trades-russian-gas-105800876.html,1688468280,STORY
618128d2-0cd2-3116-a2ef-2c129e31a4c9,A,2023-7-4,Oil Prices Have Stalled Despite Saudi and Russian Production Cuts. Here’s Why.,Barrons.com,https://finance.yahoo.com/m/618128d2-0cd2-3116-a2ef-2c129e31a4c9/oil-prices-have-stalled.html,1688463480,STORY
666ee719-6e60-304b-aaa9-df975e90814d,A,2023-7-4,Oil Edges Higher After Saudi Arabia and Russia Curb Supplies,Bloomberg,https://finance.yahoo.com/news/oil-edges-higher-saudi-arabia-000300687.html,1688463277,STORY
5cd6d982-c5c3-35fc-81b4-a94385b92b52,A,2023-7-4,GLOBAL MARKETS-Stocks strengthen after Australian central bank holds rates,Reuters,https://finance.yahoo.com/news/global-markets-stocks-strengthen-australian-055943644.html,1688450383,STORY
dda73ba7-c14d-300f-a7d3-f0f0785a8e10,A,2023-7-4,Crude oil higher; U.S. holiday limits trading ranges,Investing.com,https://finance.yahoo.com/news/crude-oil-higher-u-holiday-050318817.html,1688446998,STORY
22361362-41e5-3ce1-9c09-1a74f11155ee,A,2023-7-4,Stocks drift as investors balance peak rate hopes with oil price rise,Reuters,https://finance.yahoo.com/news/stocks-dip-dollar-steadies-investors-025113030.html,1688439073,STORY
4f25e743-732d-32b2-bbdf-b20eba99865b,A,2023-7-5,Summer Gas Prices: How the Unrest in Russia Could Impact What You Pay at the Pump,GOBankingRates,https://finance.yahoo.com/news/summer-gas-prices-unrest-russia-120459398.html,1688558699,STORY
b6dce3ec-5b5c-3164-a1f3-40107b47794a,A,2023-7-5,Osisko Gold Royalties names Paul Martin interim CEO,Reuters,https://finance.yahoo.com/news/osisko-gold-royalties-names-paul-115850407.html,1688558330,STORY
0af3fe29-2d45-39a2-8090-a499cf08c8ac,A,2023-7-5,Saudi Arabia says new oil cuts show teamwork with Russia is strong,Reuters,https://finance.yahoo.com/news/saudi-arabia-says-oil-cuts-101402596.html,1688552042,STORY
65d08557-9f63-3daa-942e-2930aa64bf6c,A,2023-7-5,Investors Continue Waiting On Sidelines For Harmony Gold Mining Company Limited (JSE:HAR),Simply Wall St.,https://finance.yahoo.com/news/investors-continue-waiting-sidelines-harmony-101031684.html,1688551831,STORY
bcfef4da-4e44-3ece-a972-5f628b4167c4,A,2023-7-5,"MORNING BID AMERICAS-Minutes meted, China crunch",Reuters,https://finance.yahoo.com/news/morning-bid-americas-minutes-meted-100000401.html,1688551200,STORY
d44a2485-fb8d-3438-9d36-77e8f834c836,A,2023-7-5,"US June LNG exports fall 10% on maintenance cuts, weaker demand",Reuters,https://finance.yahoo.com/news/us-june-lng-exports-fall-100000727.html,1688551200,STORY
58172a6c-d527-3fd9-ae74-0d91db01bbcf,A,2023-7-5,Hibiscus Petroleum Berhad (KLSE:HIBISCS) shareholders have earned a 13% CAGR over the last three years,Simply Wall St.,https://finance.yahoo.com/news/hibiscus-petroleum-berhad-klse-hibiscs-072133037.html,1688541693,STORY
592e23e9-d4bd-3480-9c64-c5f59a8367c6,A,2023-7-5,Former net zero tsar fights for Rishi Sunak to impose coal ban,The Telegraph,https://finance.yahoo.com/m/592e23e9-d4bd-3480-9c64-c5f59a8367c6/former-net-zero-tsar-fights.html,1688540400,STORY
accc9cf0-dd33-38f5-9ec5-4935eea5992e,A,2023-7-6,Exclusive - OPEC upbeat over 2024 oil demand outlook despite slowdown,Reuters,https://finance.yahoo.com/news/exclusive-opec-upbeat-over-2024-121351855.html,1688645631,STORY
8bfea4a2-0bd7-3ced-9e6c-b0f921bb4c40,A,2023-7-6,"Tackle demand, not supply, to cut emissions, oil bosses say",Reuters,https://finance.yahoo.com/news/tackle-demand-not-supply-cut-120356692.html,1688645036,STORY
7b080cf7-b067-3750-96be-fcc87d9656ac,A,2023-7-6,17 dead in gas leak at South African slum,AFP,https://finance.yahoo.com/m/7b080cf7-b067-3750-96be-fcc87d9656ac/17-dead-in-gas-leak-at-south.html,1688644727,STORY
b98fd41d-2214-3624-a8cb-ae00b09782bd,A,2023-7-6,CANADA STOCKS-TSX futures slip on Fed rate hike worries,Reuters,https://finance.yahoo.com/news/canada-stocks-tsx-futures-slip-114927411.html,1688644167,STORY
a9aed833-6f3a-3ee9-8642-08eacd12386f,A,2023-7-6,UAE climate chair urges oil firms to slash emissions,AFP,https://finance.yahoo.com/m/a9aed833-6f3a-3ee9-8642-08eacd12386f/uae-climate-chair-urges-oil.html,1688640475,STORY
34e3a75c-377e-3ba3-bfdb-418173a26a2f,A,2023-7-6,New gold discoveries to extend Barrick's Ivory Coast mine operations,Reuters,https://finance.yahoo.com/news/gold-discoveries-extend-barricks-ivory-102539277.html,1688639139,STORY
2ce92b46-94df-30ba-9d1d-bb51e4ba8ef7,A,2023-7-6,Climate talks chief urges oil producing states to slash emissions,AP Finance,https://finance.yahoo.com/news/climate-talks-chief-urges-oil-095431454.html,1688637271,STORY
127e1b8c-a1a4-361c-a2ac-101ef63d0e6a,A,2023-7-6,Oil Gains as Traders Turn Focus to Decline in Inventories,Bloomberg,https://finance.yahoo.com/news/oil-holds-gain-traders-turn-013431300.html,1688636918,STORY
6714c253-9b99-3bef-9d6d-dd3403f3653e,A,2023-7-7,CANADA STOCKS-TSX futures fall ahead of crucial US jobs data,Reuters,https://finance.yahoo.com/news/canada-stocks-tsx-futures-fall-113058757.html,1688729458,STORY
27cf3615-ac96-37d1-92f8-1ed57e425556,A,2023-7-7,GLOBAL LNG-Asia spot prices hold steady on summer demand,Reuters,https://finance.yahoo.com/news/global-lng-asia-spot-prices-104139264.html,1688726499,STORY
2ca5bce9-ef6a-3f91-b2a5-dc8d40f6600b,A,2023-7-7,"TABLE-LNG tankers heading to Britain, Belgium, the Netherlands and Germany",Reuters,https://finance.yahoo.com/news/table-lng-tankers-heading-britain-103938422.html,1688726378,STORY
100cc5e3-60b5-35d9-aa10-79c14458140e,A,2023-7-7,Analysis-Peru copper miners say red tape snarling red metal production ramp-up,Reuters,https://finance.yahoo.com/news/analysis-peru-copper-miners-red-100641905.html,1688724401,STORY
ae26332a-a1b0-3f1e-8f62-6b9067adc4c3,A,2023-7-7,Hudbay Minerals CEO says company open to acquisition offers at right price,Reuters,https://finance.yahoo.com/news/hudbay-minerals-ceo-says-company-100000558.html,1688724000,STORY
aed9f110-6cb8-39f7-b76d-3aafd1308e66,A,2023-7-7,UPDATE 2-Russian budget deficit narrows to $28 bln on June spending dip,Reuters,https://finance.yahoo.com/news/1-russias-budget-deficit-narrows-095211037.html,1688723531,STORY
2aca86b5-d169-3dbe-bf3b-286a6b8603bb,A,2023-7-7,"Shell Follows Exxon, Warning Profits Are Falling Amid Oil and Gas Prices Slump",Barrons.com,https://finance.yahoo.com/m/2aca86b5-d169-3dbe-bf3b-286a6b8603bb/shell-follows-exxon%2C-warning.html,1688722839,STORY
23967c89-7017-36e5-8bea-d26a7d3dbf3d,A,2023-7-7,"Bitcoin Retakes $30K, Asian Stocks Hit 5-Week Low Ahead of U.S. Jobs Report",CoinDesk,https://finance.yahoo.com/news/bitcoin-retakes-30k-asian-stocks-092520820.html,1688721920,STORY
5d273588-3ad1-3999-b35c-0380f7a31d91,A,2023-7-8,"The Commodity Rally Has Paused. What’s Next for Oil, Copper, and Producers’ Stocks.",Barrons.com,https://finance.yahoo.com/m/5d273588-3ad1-3999-b35c-0380f7a31d91/the-commodity-rally-has.html,1688801400,STORY
d6ec0a11-8cb9-39bf-803f-5c5610da39c3,A,2023-7-8,Barrick Gold (GOLD) Gains As Market Dips: What You Should Know,Zacks,https://finance.yahoo.com/news/barrick-gold-gold-gains-market-215018685.html,1688766618,STORY
a349bcf6-7561-3e56-b0f7-be31d55c1d9b,A,2023-7-8,"GLOBAL MARKETS-Global stocks index flat, Dollar falls on mixed U.S. jobs data",Reuters,https://finance.yahoo.com/news/global-markets-global-stocks-index-211004099.html,1688764204,STORY
71fc5374-f4bd-3b54-b442-1201e2a692e2,A,2023-7-8,"Russia To Slash Oil Output By Another 500,000 Bpd",Oilprice.com,https://finance.yahoo.com/news/russia-slash-oil-output-another-203000033.html,1688761800,STORY
00e13c5c-a91e-348d-9176-7607f65a6bf9,A,2023-7-8,"BlackRock CEO’s Turnabout on Bitcoin Elicits Cheers, Skepticism of Crypto Cred",CoinDesk,https://finance.yahoo.com/news/blackrock-ceo-turnabout-bitcoin-elicits-195046992.html,1688759446,STORY
9415452b-55f7-3b96-808c-8078c21b731a,A,2023-7-8,"Closing prices for crude oil, gold and other commodities",AP Finance,https://finance.yahoo.com/news/closing-prices-crude-oil-gold-192010516.html,1688757610,STORY
a5d191fa-9efd-3945-9330-bbd25395851d,A,2023-7-8,Oil Reaches Monthly High as OPEC+ Leaders Tighten Crude Exports,Bloomberg,https://finance.yahoo.com/news/oil-set-second-weekly-gain-235850995.html,1688757575,STORY
441d19de-871a-323e-9d63-007316732a67,A,2023-7-8,U.S. Crude Hits Its Highest Price Since May,The Wall Street Journal,https://finance.yahoo.com/m/441d19de-871a-323e-9d63-007316732a67/u.s.-crude-hits-its-highest.html,1688757301,STORY
d353db91-0f77-3b3f-ae0c-16140c60c8de,A,2023-7-9,Energy & precious metals - weekly review and outlook,Investing.com,https://finance.yahoo.com/news/energy-precious-metals-weekly-review-050633958.html,1688879193,STORY
aed1c6c3-33ad-3941-88b2-de856ad0aee9,A,2023-7-9,China's LNG Imports Soar Despite Global Price Dip,Oilprice.com,https://finance.yahoo.com/news/chinas-lng-imports-soar-despite-230000869.html,1688857200,STORY
208c9189-9398-3443-a446-0227ffd81c63,A,2023-7-9,20 Largest Silver Producing Countries In The World,Insider Monkey,https://finance.yahoo.com/news/20-largest-silver-producing-countries-192026259.html,1688843983,STORY
5d273588-3ad1-3999-b35c-0380f7a31d91,A,2023-7-9,"The Commodity Rally Has Paused. What’s Next for Oil, Copper, and Producers’ Stocks.",Barrons.com,https://finance.yahoo.com/m/5d273588-3ad1-3999-b35c-0380f7a31d91/the-commodity-rally-has.html,1688801400,STORY
d6ec0a11-8cb9-39bf-803f-5c5610da39c3,A,2023-7-9,Barrick Gold (GOLD) Gains As Market Dips: What You Should Know,Zacks,https://finance.yahoo.com/news/barrick-gold-gold-gains-market-215018685.html,1688766618,STORY
a349bcf6-7561-3e56-b0f7-be31d55c1d9b,A,2023-7-9,"GLOBAL MARKETS-Global stocks index flat, Dollar falls on mixed U.S. jobs data",Reuters,https://finance.yahoo.com/news/global-markets-global-stocks-index-211004099.html,1688764204,STORY
71fc5374-f4bd-3b54-b442-1201e2a692e2,A,2023-7-9,"Russia To Slash Oil Output By Another 500,000 Bpd",Oilprice.com,https://finance.yahoo.com/news/russia-slash-oil-output-another-203000033.html,1688761800,STORY
00e13c5c-a91e-348d-9176-7607f65a6bf9,A,2023-7-9,"BlackRock CEO’s Turnabout on Bitcoin Elicits Cheers, Skepticism of Crypto Cred",CoinDesk,https://finance.yahoo.com/news/blackrock-ceo-turnabout-bitcoin-elicits-195046992.html,1688759446,STORY
24ae518b-da09-36c3-935c-23b2e48737a7,A,2023-7-10,CANADA STOCKS-TSX futures fall as weak China data drive commodity prices lower,Reuters,https://finance.yahoo.com/news/canada-stocks-tsx-futures-fall-114232258.html,1688989352,STORY
9f1b7374-0c72-334f-a29b-d9a0cf088a7c,A,2023-7-10,UPDATE 1-Russian rouble steadies vs dollar after recent slump on abortive mutiny,Reuters,https://finance.yahoo.com/news/1-russian-rouble-steadies-vs-113747212.html,1688989067,STORY
d152d33c-0d97-323a-86eb-cebaf64b3b76,A,2023-7-10,Fertilizer company OCI bets big on climate-friendly ammonia,Reuters,https://finance.yahoo.com/news/fertilizer-company-oci-bets-big-112021553.html,1688988021,STORY
955533b6-62cd-33dc-83b5-15bab26824c2,A,2023-7-10,HRW says TotalEnergies oil project 'a disaster' for Ugandans,AFP,https://finance.yahoo.com/m/955533b6-62cd-33dc-83b5-15bab26824c2/hrw-says-totalenergies-oil.html,1688987866,STORY
f5416498-a5ad-39e4-926f-4b763bdea892,A,2023-7-10,FOCUS-Fertilizer company OCI bets big on climate-friendly ammonia,Reuters,https://finance.yahoo.com/news/focus-fertilizer-company-oci-bets-110000071.html,1688986800,STORY
5622763d-1e20-3feb-b854-233a9bc3c9e1,A,2023-7-10,25 Largest Exporters in the World,Insider Monkey,https://finance.yahoo.com/news/25-largest-exporters-world-104752488.html,1688986072,STORY
6bbdc111-f81c-3326-b861-b80383ed4172,A,2023-7-10,Next wave of North American LNG export projects to face labor challenges,Reuters,https://finance.yahoo.com/news/next-wave-north-american-lng-102549458.html,1688984749,STORY
25afdd4c-9ed4-33d5-b590-874f39a1cced,A,2023-7-10,EUROPE POWER-Spot prices firm on higher demand,Reuters,https://finance.yahoo.com/news/europe-power-spot-prices-firm-095457513.html,1688982897,STORY
5f158322-fe3f-3110-bcea-19997a8f27ed,A,2023-7-11,"GLOBAL MARKETS-Stocks rise, dollar retreats ahead of inflation data",Reuters,https://finance.yahoo.com/news/global-markets-stocks-rise-dollar-121019938.html,1689077419,STORY
3f265dd5-94f3-37f8-b4ae-505aefa11f4e,A,2023-7-11,CPC adopts new regulations on tanker loadings in its marine terminal,Reuters,https://finance.yahoo.com/news/cpc-adopts-regulations-tanker-loadings-115449694.html,1689076489,STORY
58776e12-aa88-3152-bf1e-c77c82292e93,A,2023-7-11,Indonesia seizes Iran-flagged tanker over suspected crude oil transfer,AFP,https://finance.yahoo.com/m/58776e12-aa88-3152-bf1e-c77c82292e93/indonesia-seizes-iran-flagged.html,1689075682,STORY
6cb90047-9743-3f68-a6d5-f7f11c140b88,A,2023-7-11,"CANADA STOCKS-TSX futures inch higher on rising commodity prices, BoC decision eyed",Reuters,https://finance.yahoo.com/news/canada-stocks-tsx-futures-inch-112919546.html,1689074959,STORY
25ae9896-8c3a-3683-b9e8-6d7431567291,A,2023-7-11,The key to unlocking European gas supplies,Financial Times,https://finance.yahoo.com/m/25ae9896-8c3a-3683-b9e8-6d7431567291/the-key-to-unlocking-european.html,1689073255,STORY
7384d49f-a971-378d-9b86-fc466fb48455,A,2023-7-11,Centrica strikes $8bn deal to import more gas from US,Financial Times,https://finance.yahoo.com/m/7384d49f-a971-378d-9b86-fc466fb48455/centrica-strikes-%248bn-deal-to.html,1689062421,STORY
6ebf2be8-09b0-3c7b-9e76-f0b06c5ce918,A,2023-7-11,"TABLE-LNG tankers heading to Britain, Belgium, the Netherlands and Germany",Reuters,https://finance.yahoo.com/news/table-lng-tankers-heading-britain-063628512.html,1689057388,STORY
bf060952-ae93-3f4f-8be2-dde316b55596,A,2023-7-11,"GLOBAL MARKETS-Asian shares rise as investors eye end to Fed hikes, China stimulus",Reuters,https://finance.yahoo.com/news/global-markets-asian-shares-rise-054436198.html,1689054276,STORY
3d99af4e-2a7c-31a2-85f3-d79f7b7873f1,A,2023-7-12,GLOBAL MARKETS-Dollar hits 2-month low before US inflation data,Reuters,https://finance.yahoo.com/news/global-markets-dollar-hits-2-120918259.html,1689163758,STORY
4c3c8891-d89c-3b21-8ce3-89a287b0edce,A,2023-7-12,Indonesia seizes Iranian tanker for suspected illegal oil transfer in its territorial waters,AP Finance,https://finance.yahoo.com/news/indonesia-seizes-iranian-tanker-suspected-120210007.html,1689163330,STORY
6ee6d531-0c0f-358d-9e11-adbdfa78e2ce,A,2023-7-12,Sanctions Face Test as Russia's Flagship Oil Flirts With Price Cap,The Wall Street Journal,https://finance.yahoo.com/m/6ee6d531-0c0f-358d-9e11-adbdfa78e2ce/sanctions-face-test-as.html,1689161198,STORY
fe038db1-19b6-303f-a903-9e3fd215e020,A,2023-7-12,Oil Steadies Ahead of US Inflation Data as Russian Flows Drop,Bloomberg,https://finance.yahoo.com/news/oil-holds-gain-signs-russian-000115953.html,1689156543,STORY
892f35f6-fc6b-399f-a10a-ef65ba74dcaa,A,2023-7-12,Warren Buffett Is Betting Another $3.3 Billion on a Fossil Fuel-Filled Future,Motley Fool,https://finance.yahoo.com/m/892f35f6-fc6b-399f-a10a-ef65ba74dcaa/warren-buffett-is-betting.html,1689156480,STORY
d698b38b-ce3c-3263-83c0-81a87afc0c66,A,2023-7-12,Oil Is Bottoming Out—Finally,Barrons.com,https://finance.yahoo.com/m/d698b38b-ce3c-3263-83c0-81a87afc0c66/oil-is-bottoming-out%E2%80%94finally.html,1689147000,STORY
089fc9b7-5033-3484-8244-63806a24a224,A,2023-7-12,"TABLE-LNG tankers heading to Britain, Belgium, the Netherlands and Germany",Reuters,https://finance.yahoo.com/news/table-lng-tankers-heading-britain-062146581.html,1689142906,STORY
181a5302-0279-3363-8fc3-2c7e47034e4e,A,2023-7-12,Deep-sea mining is a watery wild west,Financial Times,https://finance.yahoo.com/m/181a5302-0279-3363-8fc3-2c7e47034e4e/deep-sea-mining-is-a-watery.html,1689134431,STORY
310744bd-29b7-37af-aa11-0eb6531e0a49,A,2023-7-13,Global Markets Today While US Was Sleeping,Benzinga,https://finance.yahoo.com/news/global-markets-today-while-us-115456878.html,1689249296,STORY
cfb45260-f78a-3677-bd5c-7a1ddfa26d7e,A,2023-7-13,OPEC Sees Even Tighter Oil Market in 2024 as Demand Climbs,Bloomberg,https://finance.yahoo.com/news/opec-sees-even-tighter-oil-113000495.html,1689247800,STORY
1ecadf60-2be5-39d4-93ee-50cbb094cfc4,A,2023-7-13,CANADA STOCKS-TSX futures gain on higher commodity prices,Reuters,https://finance.yahoo.com/news/canada-stocks-tsx-futures-gain-110540690.html,1689246340,STORY
6da91acd-0777-31f4-9002-908288cee57f,A,2023-7-13,Is oil ‘back from the dregs’?,Financial Times,https://finance.yahoo.com/m/6da91acd-0777-31f4-9002-908288cee57f/is-oil-%E2%80%98back-from-the-dregs%E2%80%99%3F.html,1689246033,STORY
05e57c90-e21a-3f79-a537-16973dcd93ab,A,2023-7-13,Oil Gains on Easing US Inflation as IEA Still Sees Record Demand,Bloomberg,https://finance.yahoo.com/news/oil-holds-gains-cooling-us-000201110.html,1689245017,STORY
3e6161e9-e25d-34ea-9a9b-91e9dbf0373b,A,2023-7-13,The mystery of gold prices,The Economist,https://finance.yahoo.com/news/mystery-gold-prices-103738344.html,1689244658,STORY
bac0ff07-d595-35bd-8e5a-f2611cf29290,A,2023-7-13,"Lipsticks, shampoo from algae: Woods Hole company intends to disrupt personal care market",Cape Cod Times,https://finance.yahoo.com/m/bac0ff07-d595-35bd-8e5a-f2611cf29290/lipsticks%2C-shampoo-from.html,1689238902,STORY
ece3f68c-3ace-3bf0-a271-e1fab31cccdf,A,2023-7-13,GLOBAL MARKETS-Stocks around 2023 highs as disinflation signal brings some relief,Reuters,https://finance.yahoo.com/news/global-markets-stocks-around-2023-085724159.html,1689238644,STORY
99136bfd-fd0a-357f-9df3-19a068ebca05,A,2023-7-14,Chinese Oil Demand Doesn’t Make Sense,The Wall Street Journal,https://finance.yahoo.com/m/99136bfd-fd0a-357f-9df3-19a068ebca05/chinese-oil-demand-doesn%E2%80%99t.html,1689336960,STORY
dfed1d2d-9816-3dd5-a084-20a5c3f105f4,A,2023-7-14,CANADA STOCKS-TSX futures gain on bets Fed nearing end of rate hikes,Reuters,https://finance.yahoo.com/news/canada-stocks-tsx-futures-gain-120909597.html,1689336549,STORY
c4ffe722-6fdd-35f3-a6f2-8b4961f9600c,A,2023-7-14,GLOBAL MARKETS-World stocks set for best week since November 2022,Reuters,https://finance.yahoo.com/news/global-markets-world-stocks-set-120820428.html,1689336500,STORY
1b98fa89-c54c-3072-8e7a-d26e03640afd,A,2023-7-14,Daily Infographic: Biofuels are displacing petroleum-based distillate fuel oil consumption on the West Coast,FreightWaves,https://finance.yahoo.com/news/daily-infographic-biofuels-displacing-petroleum-120000554.html,1689336000,STORY
a1db8a36-2f23-39cc-9c5d-7febc1217d02,A,2023-7-14,"GLOBAL LNG-Asia spot LNG prices slip on muted demand, high EU stocks",Reuters,https://finance.yahoo.com/news/global-lng-asia-spot-lng-115359484.html,1689335639,STORY
d9252952-f34c-3aec-b031-3695efa77d81,A,2023-7-14,"Oil Heads for Third Weekly Gain as Africa, Russia Crimp Supply",Bloomberg,https://finance.yahoo.com/news/oil-set-third-weekly-gain-000547256.html,1689334557,STORY
bac8f918-fc13-397b-86cf-788dbce32530,A,2023-7-14,"UPDATE 1-Investors pile into stocks, bonds as 'mission accomplished' on inflation-BofA",Reuters,https://finance.yahoo.com/news/1-investors-pile-stocks-bonds-110057808.html,1689332457,STORY
0fd28f43-a97d-3a67-8bd6-8c2744095611,A,2023-7-14,"UPDATE 1-Pakistan LNG gets bids to buy spot LNG from Trafigura, first in a year",Reuters,https://finance.yahoo.com/news/1-pakistan-lng-gets-bids-104912296.html,1689331752,STORY
08311cd1-4344-3737-a80a-109320a0267e,A,2023-7-15,China's clean energy demands fuel Zimbabwe's charge up the mining value chain,South China Morning Post,https://finance.yahoo.com/news/chinas-clean-energy-demands-fuel-093000772.html,1689413400,STORY
b14a5bf0-25d0-3e3c-9ff3-5a6928af1ff0,A,2023-7-15,"Japan, Saudi Arabia set to agree on rare earth resources joint development - Nikkei",Reuters,https://finance.yahoo.com/news/japan-saudi-arabia-set-agree-031208215.html,1689390728,STORY
839b83e1-5bd5-3c2d-9237-0888f9f511cf,A,2023-7-15,Discover Odessa meeting to address the future of the oil and gas industry,"Odessa American, Texas",https://finance.yahoo.com/m/839b83e1-5bd5-3c2d-9237-0888f9f511cf/discover-odessa-meeting-to.html,1689379320,STORY
ba9741c6-9c9e-3ecd-a8e0-0abdf3c69f1a,A,2023-7-15,"The curious cases of the nonexistent silver coins, vanishing crypto, and stones in place of nickel – 3 bizarre investment frauds of 2023",Business Insider,https://finance.yahoo.com/m/ba9741c6-9c9e-3ecd-a8e0-0abdf3c69f1a/the-curious-cases-of-the.html,1689377100,STORY
6ccbd65f-9bfd-30dc-8f68-7302bc20db02,A,2023-7-15,3 Reasons Big Oil Might Turn Down Biden’s Arctic Bonanza,Oilprice.com,https://finance.yahoo.com/news/3-reasons-big-oil-might-230000586.html,1689375600,STORY
8922b7fc-f549-3db1-a52a-405eab50a8b1,A,2023-7-15,UPDATE 2-Mountain Valley asks US Supreme Court to vacate stays halting pipeline,Reuters,https://finance.yahoo.com/news/1-mountain-valley-asks-supreme-212809352.html,1689370089,STORY
ba8de66f-8331-3505-b09e-cada8007f2f7,A,2023-7-15,Russian crude prices have breached the G-7 price cap. Now what?,FreightWaves,https://finance.yahoo.com/news/russian-crude-prices-breached-g-212429885.html,1689369869,STORY
f47b1fa4-dd12-3c33-8866-546083c89a43,A,2023-7-15,Chevron opted to buy vs build US LNG processing - gas executive,Reuters,https://finance.yahoo.com/news/chevron-opted-buy-vs-build-211819544.html,1689369499,STORY
189f06e2-7bfa-37b3-9052-2474711ed0e4,A,2023-7-16,Yemen's stricken oil tanker: defusing a 'ticking time bomb',AFP,https://finance.yahoo.com/m/189f06e2-7bfa-37b3-9052-2474711ed0e4/yemen%27s-stricken-oil-tanker%3A.html,1689506122,STORY
35716b7f-4262-3486-b2e1-6e0c014b05b4,A,2023-7-16,'Risk is high': ship arrives to pump oil from Yemen tanker,AFP,https://finance.yahoo.com/m/35716b7f-4262-3486-b2e1-6e0c014b05b4/%27risk-is-high%27%3A-ship-arrives.html,1689503972,STORY
26eb5153-ec7c-3a6b-b740-cb5c04136975,A,2023-7-16,Energy & precious metals - weekly review and outlook,Investing.com,https://finance.yahoo.com/news/energy-precious-metals-weekly-review-044706998.html,1689482826,STORY
41d20319-abe4-387c-8372-8ed705a845b3,A,2023-7-16,Investors Lose Over $100 Million in Silver Coin Scam. How to Buy Gold and Silver Safely,Motley Fool,https://finance.yahoo.com/m/41d20319-abe4-387c-8372-8ed705a845b3/investors-lose-over-%24100.html,1689447609,STORY
08311cd1-4344-3737-a80a-109320a0267e,A,2023-7-16,China's clean energy demands fuel Zimbabwe's charge up the mining value chain,South China Morning Post,https://finance.yahoo.com/news/chinas-clean-energy-demands-fuel-093000772.html,1689413400,STORY
b14a5bf0-25d0-3e3c-9ff3-5a6928af1ff0,A,2023-7-16,"Japan, Saudi Arabia set to agree on rare earth resources joint development - Nikkei",Reuters,https://finance.yahoo.com/news/japan-saudi-arabia-set-agree-031208215.html,1689390728,STORY
839b83e1-5bd5-3c2d-9237-0888f9f511cf,A,2023-7-16,Discover Odessa meeting to address the future of the oil and gas industry,"Odessa American, Texas",https://finance.yahoo.com/m/839b83e1-5bd5-3c2d-9237-0888f9f511cf/discover-odessa-meeting-to.html,1689379320,STORY
ba9741c6-9c9e-3ecd-a8e0-0abdf3c69f1a,A,2023-7-16,"The curious cases of the nonexistent silver coins, vanishing crypto, and stones in place of nickel – 3 bizarre investment frauds of 2023",Business Insider,https://finance.yahoo.com/m/ba9741c6-9c9e-3ecd-a8e0-0abdf3c69f1a/the-curious-cases-of-the.html,1689377100,STORY
22afdccb-c0e6-3831-b2f0-249ae76ec0e7,A,2023-7-17,Canadian miner B2Gold hunting for more assets after Sabina Gold deal,Reuters,https://finance.yahoo.com/news/canadian-miner-b2gold-hunting-more-114824336.html,1689594504,STORY
bcf05648-0333-3cf5-a91d-638c5613888f,A,2023-7-17,GLOBAL MARKETS-Global shares dip after China data; traders bet on Fed sea change,Reuters,https://finance.yahoo.com/news/global-markets-global-shares-dip-111753840.html,1689592673,STORY
3c1ff42b-75eb-385a-8707-4814097edf28,A,2023-7-17,Oil Prices Slip on Outlook for Slower Growth,Barrons.com,https://finance.yahoo.com/m/3c1ff42b-75eb-385a-8707-4814097edf28/oil-prices-slip-on-outlook.html,1689591865,STORY
808677b3-c28c-3c56-8962-cdd2290b9547,A,2023-7-17,"Coal India, port and agency plan $1.46 bln water transport corridor - sources",Reuters,https://finance.yahoo.com/news/coal-india-port-agency-plan-093652288.html,1689586612,STORY
fc3ac5d9-6a7e-3f21-bda1-048035dbf4dd,A,2023-7-17,Massive US Oil Caverns Sit Empty and Will Take Years to Refill,Bloomberg,https://finance.yahoo.com/news/massive-us-oil-caverns-sit-090000493.html,1689584400,STORY
51fa7fe1-89ed-3878-8595-0c0931777c6c,A,2023-7-17,"GLOBAL MARKETS-Global shares, dollar sag after China data; traders bet on Fed sea change",Reuters,https://finance.yahoo.com/news/global-markets-global-shares-dollar-085631198.html,1689584191,STORY
a37467a4-9eaa-3680-b6b5-d5c419976951,A,2023-7-17,European stocks follow Asia lower on weak Chinese economic data,Financial Times,https://finance.yahoo.com/m/a37467a4-9eaa-3680-b6b5-d5c419976951/european-stocks-follow-asia.html,1689580327,STORY
aa7df6bb-4950-3736-8c26-1e035f8abb8e,A,2023-7-17,"TABLE-LNG tankers heading to Britain, Belgium, the Netherlands and Germany",Reuters,https://finance.yahoo.com/news/table-lng-tankers-heading-britain-062641789.html,1689575201,STORY
d5b2ea20-1d36-3340-8f6a-38c2f1bbecb0,A,2023-7-20,CANADA STOCKS-TSX futures rise on strength in commodity prices,Reuters,https://finance.yahoo.com/news/canada-stocks-tsx-futures-rise-121646003.html,1689855406,STORY
6ac6a681-df7c-3634-b280-f4ee3bbcf3d3,A,2023-7-20,This Arkansas Town Could Become the Epicenter of a U.S. Lithium Boom,The Wall Street Journal,https://finance.yahoo.com/m/6ac6a681-df7c-3634-b280-f4ee3bbcf3d3/this-arkansas-town-could.html,1689850800,STORY
9f707e4d-ead4-3c65-ada7-cd18238e9002,A,2023-7-20,That Extreme Heat Hasn’t Budged Natural-Gas Prices,The Wall Street Journal,https://finance.yahoo.com/m/9f707e4d-ead4-3c65-ada7-cd18238e9002/that-extreme-heat-hasn%E2%80%99t.html,1689845400,STORY
93f31f0b-ec27-32b3-a449-8f154b426dae,A,2023-7-20,"Bitcoin Spot ETFs Could Bring $30B in New Demand, Crypto Trader NYDIG Says",CoinDesk,https://finance.yahoo.com/news/bitcoin-spot-etfs-could-bring-063956571.html,1689835196,STORY
52bcc317-4a18-3907-87bd-adf540e3d3bb,A,2023-7-20,"TABLE-LNG tankers heading to Britain, Belgium, the Netherlands and Germany",Reuters,https://finance.yahoo.com/news/table-lng-tankers-heading-britain-063642433.html,1689835002,STORY
5de8f147-e51b-35e7-aec3-b79b1b5c5ecd,A,2023-7-20,Thousands of ships could use LNG as fuel. Is that a good thing?,FreightWaves,https://finance.yahoo.com/news/thousands-ships-could-lng-fuel-005050474.html,1689814250,STORY
142ca045-1cde-332c-95c8-a55bea3456bd,A,2023-7-20,"Oil edges higher on lower U.S. crude stocks, cautious outlook",Reuters,https://finance.yahoo.com/news/oil-prices-open-lower-dollar-004939917.html,1689814179,STORY
e6e2aa7f-316e-3c1f-aeb4-62a17865061a,A,2023-7-20,"Gold hits 2-mth high, $2,000 in sight as inflation cools",Investing.com,https://finance.yahoo.com/news/gold-hits-2-mth-high-004254106.html,1689813774,STORY
4d7478b0-890a-3225-961a-90c8a68ce46f,A,2023-7-21,GLOBAL LNG-Asia spot LNG prices remain flat on limited demand for summer supply,Reuters,https://finance.yahoo.com/news/global-lng-asia-spot-lng-115946968.html,1689940786,STORY
9838058a-c012-3ab9-930a-4a1342f2144d,A,2023-7-21,America’s Rise as an Energy Export Powerhouse Hinges on One Town,The Wall Street Journal,https://finance.yahoo.com/m/9838058a-c012-3ab9-930a-4a1342f2144d/america%E2%80%99s-rise-as-an-energy.html,1689931800,STORY
cabd4ad7-da29-364a-88f7-b52e7ec78d09,A,2023-7-21,Q2 2023 Newmont Corporation Earnings Call,Thomson Reuters StreetEvents,https://finance.yahoo.com/news/q2-2023-newmont-corporation-earnings-073553886.html,1689924953,STORY
a0525cca-228f-36b0-a028-3b7c1d95cdcd,A,2023-7-21,"TABLE-LNG tankers heading to Britain, Belgium, the Netherlands and Germany",Reuters,https://finance.yahoo.com/news/table-lng-tankers-heading-britain-063536177.html,1689921336,STORY
59a3230b-faab-39d2-b6aa-eb8f8b1b4f1a,A,2023-7-21,"UPDATE 1-California ends emergency energy alert, secures adequate power",Reuters,https://finance.yahoo.com/news/1-california-ends-emergency-energy-044542693.html,1689914742,STORY
7e492bb5-219e-3b3d-a1d4-ede051b56239,A,2023-7-21,"McIntosh, Marchand tipped to shine at swimming world championships",AFP,https://finance.yahoo.com/m/7e492bb5-219e-3b3d-a1d4-ede051b56239/mcintosh%2C-marchand-tipped-to.html,1689908138,STORY
a4cb9627-91fd-3897-a90a-f1f4549607fe,A,2023-7-21,"First Mover Asia: Bitcoin Fear and Greed Index Sinks Into Neutral Territory, a Sign of Investor Uncertainty",CoinDesk,https://finance.yahoo.com/news/first-mover-asia-bitcoin-fear-000722559.html,1689898042,STORY
d6a1bb09-7f2d-3bf7-97e7-be826421031a,A,2023-7-21,"Gold prices rise amid Fed pause bets, copper gains on China stimulus",Investing.com,https://finance.yahoo.com/news/gold-prices-rise-amid-fed-223702742.html,1689892622,STORY
3c45d3b5-1854-3024-b8e9-85c0fec15eca,A,2023-7-22,UPDATE 2-US court sets Oct. 23 start for Citgo share auction process,Reuters,https://finance.yahoo.com/news/1-delaware-court-sets-oct-224320540.html,1689979400,STORY
a7344a61-73a5-32dd-b0a0-2cbefae23e1c,A,2023-7-22,US court sets Oct. 23 start for Citgo share auction process,Reuters,https://finance.yahoo.com/news/delaware-court-sets-oct-23-221310933.html,1689977590,STORY
b3c5a014-2870-3bd2-a322-967090cafeef,A,2023-7-22,Delaware court sets start of Citgo share auction for Oct. 23,Reuters,https://finance.yahoo.com/news/delaware-court-sets-start-citgo-215903466.html,1689976743,STORY
3a971658-4ca0-382f-a41f-c0b131307b41,A,2023-7-22,"GLOBAL MARKETS-Global shares slip, dollar soars vs yen on BoJ policy expectations",Reuters,https://finance.yahoo.com/news/global-markets-global-shares-slip-203842670.html,1689971922,STORY
86fc74cb-f770-314e-b914-788b92435f21,A,2023-7-22,Which plumbing pipes cost the most money?,Bankrate,https://finance.yahoo.com/news/plumbing-pipes-cost-most-money-201946153.html,1689970786,STORY
e48681ed-397c-35d1-a657-1c35940f6c91,A,2023-7-22,"Closing prices for crude oil, gold and other commodities",AP Finance,https://finance.yahoo.com/news/closing-prices-crude-oil-gold-193428908.html,1689968068,STORY
a3e1ce73-58b6-3a74-bd83-6d292ac66183,A,2023-7-22,Vladimir Putin's latest economic assault on the West is fueling fears of a global food crisis,Business Insider,https://finance.yahoo.com/m/a3e1ce73-58b6-3a74-bd83-6d292ac66183/vladimir-putin%27s-latest.html,1689967355,STORY
b4361ae2-95f2-3af0-bfaf-a4e9d8ed8cdb,A,2023-7-22,UPDATE 1-US natgas prices slip 2% on forecasts for less demand next week,Reuters,https://finance.yahoo.com/news/1-us-natgas-prices-slip-190001230.html,1689966001,STORY
aedf7c69-18a6-3c0e-b49c-0a2926553c1a,A,2023-7-23,Deadly School Fire Casts Light on Sexual Exploitation in Guyana Mining Town,The Wall Street Journal,https://finance.yahoo.com/m/aedf7c69-18a6-3c0e-b49c-0a2926553c1a/deadly-school-fire-casts.html,1690104600,STORY
089a28f1-b5da-3fda-98cc-ac67f74ebe10,A,2023-7-23,Energy & precious metals - weekly review and outlook,Investing.com,https://finance.yahoo.com/news/energy-precious-metals-weekly-review-052014079.html,1690089614,STORY
e812c927-7e7b-3ac3-bd91-53d74e0e258c,A,2023-7-23,Queensland's $62 Billion Green Energy SuperGrid Gambit,Oilprice.com,https://finance.yahoo.com/news/queenslands-62-billion-green-energy-210000684.html,1690059600,STORY
e890c271-d039-3bea-8709-0f94e96c568a,A,2023-7-23,Will The Bullish Momentum In Gold And Silver Markets Continue?,Oilprice.com,https://finance.yahoo.com/news/bullish-momentum-gold-silver-markets-150000011.html,1690038000,STORY
3c45d3b5-1854-3024-b8e9-85c0fec15eca,A,2023-7-23,UPDATE 2-US court sets Oct. 23 start for Citgo share auction process,Reuters,https://finance.yahoo.com/news/1-delaware-court-sets-oct-224320540.html,1689979400,STORY
a7344a61-73a5-32dd-b0a0-2cbefae23e1c,A,2023-7-23,US court sets Oct. 23 start for Citgo share auction process,Reuters,https://finance.yahoo.com/news/delaware-court-sets-oct-23-221310933.html,1689977590,STORY
b3c5a014-2870-3bd2-a322-967090cafeef,A,2023-7-23,Delaware court sets start of Citgo share auction for Oct. 23,Reuters,https://finance.yahoo.com/news/delaware-court-sets-start-citgo-215903466.html,1689976743,STORY
3a971658-4ca0-382f-a41f-c0b131307b41,A,2023-7-23,"GLOBAL MARKETS-Global shares slip, dollar soars vs yen on BoJ policy expectations",Reuters,https://finance.yahoo.com/news/global-markets-global-shares-slip-203842670.html,1689971922,STORY
fa716363-8e1a-3c0f-b4ae-f7caaa1f547e,A,2023-7-24,UPDATE 1-TC Energy to sell 40% interest in Columbia Gas and Columbia Gulf pipelines for C$5.2 bln,Reuters,https://finance.yahoo.com/news/1-tc-energy-sell-40-115743220.html,1690199863,STORY
3ff043ca-380d-31fc-98e0-286f7a8dd484,A,2023-7-24,Five Key Charts to Watch in Global Commodities This Week,Bloomberg,https://finance.yahoo.com/news/five-key-charts-watch-global-210006175.html,1690198766,STORY
b3452ad0-cfce-37e4-96e7-d1a4bc6cbc0b,A,2023-7-24,CANADA STOCKS-TSX futures rise on higher crude prices ahead of major c.banks rate meetings,Reuters,https://finance.yahoo.com/news/canada-stocks-tsx-futures-rise-110659576.html,1690196819,STORY
c6246de0-175a-3a5f-a37b-f98dc4be76f6,A,2023-7-24,"Smaller miners' hunger for cash grows as copper prices fall, sparking M&A bets",Reuters,https://finance.yahoo.com/news/smaller-miners-hunger-cash-grows-100510001.html,1690193110,STORY
67d688a7-c8f8-39b9-a812-abee0c3e9975,A,2023-7-24,"FOCUS-Smaller miners' hunger for cash grows as copper prices fall, sparking M&A bets",Reuters,https://finance.yahoo.com/news/focus-smaller-miners-hunger-cash-100000241.html,1690192800,STORY
ea9c2139-bc7e-3fae-893f-9bd3a0f1cea2,A,2023-7-24,Implications of Ripple-SEC Court Ruling for Wider Crypto Industry Are Unclear: Bank of America,CoinDesk,https://finance.yahoo.com/news/implications-ripple-sec-court-ruling-090242684.html,1690189362,STORY
fbe0670f-83e4-3751-af54-2cbafd780633,A,2023-7-24,"TABLE-LNG tankers heading to Britain, Belgium, the Netherlands and Germany",Reuters,https://finance.yahoo.com/news/table-lng-tankers-heading-britain-063307107.html,1690180387,STORY
aa8d44fd-9202-38d1-93f9-03bd571b11a4,A,2023-7-24,Meet the Hong Kong Lawmaker Who Invited Coinbase to Town,CoinDesk,https://finance.yahoo.com/news/meet-hong-kong-lawmaker-invited-054117401.html,1690177277,STORY
c5944659-dce0-34ba-a502-f573b3b62f69,A,2023-7-25,WRAPUP 1-Indonesia's big gas projects to proceed after global majors sell stakes,Reuters,https://finance.yahoo.com/news/wrapup-1-indonesias-big-gas-120139401.html,1690286499,STORY
3450ca55-d000-33d5-8f6c-6ada0d4cd5cb,A,2023-7-25,U.S. Allies in Asia Snub Natural Gas From Alaska Project,The Wall Street Journal,https://finance.yahoo.com/m/3450ca55-d000-33d5-8f6c-6ada0d4cd5cb/u.s.-allies-in-asia-snub.html,1690286400,STORY
ec620cb9-989c-32bd-abe6-d1e97a0aabb7,A,2023-7-25,Germany's plan for credit guarantees violates climate commitments - environmentalists,Reuters,https://finance.yahoo.com/news/germanys-plan-credit-guarantees-violates-113104046.html,1690284664,STORY
6244ff37-d9a8-3886-84b1-186d89a66ce5,A,2023-7-25,Analyst Report: Newmont Corp,Argus Research,https://finance.yahoo.com/m/6244ff37-d9a8-3886-84b1-186d89a66ce5/analyst-report%3A-newmont-corp.html,1690284621,STORY
a83ed4a5-eaf4-3e1f-9845-db8bf8a509da,A,2023-7-25,CANADA STOCKS-TSX futures rise on higher metal prices after China's policy support bid,Reuters,https://finance.yahoo.com/news/canada-stocks-tsx-futures-rise-112600854.html,1690284360,STORY
fe817fa2-2d9f-3a9f-9942-44af7f33bb80,A,2023-7-25,Magellan says confident sale to ONEOK will gain sufficient investor backing,Reuters,https://finance.yahoo.com/news/magellan-says-confident-sale-oneok-103017691.html,1690281017,STORY
b3cca28f-bd04-3a08-901d-b8302f824774,A,2023-7-25,"EUROPE GAS-Prices rise on Norway outage worries, low LNG arrivals",Reuters,https://finance.yahoo.com/news/europe-gas-prices-rise-norway-092541627.html,1690277141,STORY
9930acc6-3b07-3a22-981b-d1031339099b,A,2023-7-25,"China’s Gas Reform Seen Boosting Distributors, LNG Imports",Bloomberg,https://finance.yahoo.com/news/china-gas-price-reform-seen-060057288.html,1690267850,STORY
9391f972-a691-36a6-91cc-304a2ad198b0,A,2023-7-26,JPMorgan Sees Gold Charging to Records in 2024 as Fed Cuts Rates,Bloomberg,https://finance.yahoo.com/news/jpmorgan-sees-gold-charging-records-103152065.html,1690367512,STORY
f2401c0b-cb7d-3054-9cb3-429259568a55,A,2023-7-26,"EUROPE GAS-Prices mixed on concerns over Norwegian outage, healthy inventories",Reuters,https://finance.yahoo.com/news/europe-gas-prices-mixed-concerns-083908545.html,1690360748,STORY
71555acf-d892-3d12-82a8-179ca2e74422,A,2023-7-26,"TABLE-LNG tankers heading to Britain, Belgium, the Netherlands and Germany",Reuters,https://finance.yahoo.com/news/table-lng-tankers-heading-britain-063134954.html,1690353094,STORY
f55dd3ff-2e78-3453-8b90-c0695674ddab,A,2023-7-26,McEwen Mining Leveraging Updated Strategy for Los Azules Project,NewMediaWire,https://finance.yahoo.com/news/mcewen-mining-leveraging-updated-strategy-042821425.html,1690345701,STORY
c3aaf56a-7ef0-37a0-8e13-df473c78c203,A,2023-7-26,RPT-WRAPUP 1-Indonesia's big gas projects to proceed after global majors sell stakes,Reuters,https://finance.yahoo.com/news/rpt-wrapup-1-indonesias-big-024321553.html,1690339401,STORY
6fb0dc51-7ef8-3173-b1f3-a3c89e97629f,A,2023-7-26,First Mover Asia: Bitcoin Awaits Its Spot ETF in Absence of a Macro Catalyst: Crypto CEO,CoinDesk,https://finance.yahoo.com/news/first-mover-asia-bitcoin-awaits-014703859.html,1690336023,STORY
e5a18944-4c63-3c31-adec-9834b7223715,A,2023-7-26,"GLOBAL MARKETS-Global equities, US yields gain ahead of Fed, corporate results",Reuters,https://finance.yahoo.com/news/global-markets-global-equities-us-210154320.html,1690318914,STORY
6c8385e8-279d-39fb-a3cc-77528cd240ef,A,2023-7-26,"Gold steadies ahead of Fed decision, copper cools from China boost",Investing.com,https://finance.yahoo.com/news/gold-steadies-ahead-fed-decision-204737880.html,1690318057,STORY
851f66ce-41d0-33f0-9167-6ab751433894,A,2023-7-27,Analysts trim gold outlook in absence of fresh spur: Reuters poll,Reuters,https://finance.yahoo.com/news/analysts-trim-gold-outlook-absence-120628391.html,1690459588,STORY
c30ec498-9ccf-3e0f-854c-bb761de59c6c,A,2023-7-27,"CANADA STOCKS-TSX futures gain on higher commodity prices, Fed pause optimism",Reuters,https://finance.yahoo.com/news/canada-stocks-tsx-futures-gain-113106525.html,1690457466,STORY
408691a9-5ad6-3b77-83c2-2f4a1b1e9a51,A,2023-7-27,GLOBAL MARKETS-Shares and euro climb ahead of ECB rate meeting,Reuters,https://finance.yahoo.com/news/global-markets-shares-euro-climb-111537703.html,1690456537,STORY
b8eaa33a-e6a0-391d-aa0d-19c1a98ff158,A,2023-7-27,"TABLE-LNG tankers heading to Britain, Belgium, the Netherlands and Germany",Reuters,https://finance.yahoo.com/news/table-lng-tankers-heading-britain-105611993.html,1690455371,STORY
79599394-089f-3cc3-86eb-ce6c359bed05,A,2023-7-27,"Oil, gas majors post sliding profits on weaker prices",AFP,https://finance.yahoo.com/m/79599394-089f-3cc3-86eb-ce6c359bed05/oil%2C-gas-majors-post-sliding.html,1690453501,STORY
bd486b84-e5e3-35da-bd9b-f68b0952bb1a,A,2023-7-27,UPDATE 1-Shell CEO says Europe heading into next winter in 'a good place',Reuters,https://finance.yahoo.com/news/1-shell-ceo-says-europe-102147072.html,1690453307,STORY
d51871ce-f476-328a-b98d-6053d40ec4b8,A,2023-7-27,"EUROPE GAS-Prices edge lower on healthy supply, high storage levels",Reuters,https://finance.yahoo.com/news/europe-gas-prices-edge-lower-093657368.html,1690450617,STORY
6db5b586-3578-375f-8c1c-73e24a76a3f0,A,2023-7-27,"Zacks Industry Outlook Highlights MAG Silver, Endeavour Silver and Avino Silver Mines",Zacks,https://finance.yahoo.com/news/zacks-industry-outlook-highlights-mag-090000249.html,1690448400,STORY
b1d250f9-17be-3981-b895-92aa8051a4e5,A,2023-7-28,Analysis-China's gasoline demand peak nears as EV boom hastens transition,Reuters,https://finance.yahoo.com/news/analysis-chinas-gasoline-demand-peak-010328192.html,1690506208,STORY
084890fc-2a4f-381a-b059-c29603c7134b,A,2023-7-28,"Gasoline Prices Hit 8-Month High, With No Relief in Sight",Barrons.com,https://finance.yahoo.com/m/084890fc-2a4f-381a-b059-c29603c7134b/gasoline-prices-hit-8-month.html,1690497360,STORY
db904af4-c55e-39e3-ad65-43fcccf9a3f6,A,2023-7-28,"Closing prices for crude oil, gold and other commodities",AP Finance,https://finance.yahoo.com/news/closing-prices-crude-oil-gold-192848343.html,1690486128,STORY
13c75baf-b5cb-3717-8f85-07d1074de48d,A,2023-7-28,Gasoline Prices in US Hit Eight-Month High in Biden Setback,Bloomberg,https://finance.yahoo.com/news/gasoline-prices-us-hit-eight-154949324.html,1690478211,STORY
c36c16cb-8604-3f0a-aad3-9e9074d80c9a,A,2023-7-28,Gasoline Is Surging All Over World in Fresh Inflation Blow,Bloomberg,https://finance.yahoo.com/news/gasoline-surging-over-world-fresh-155447647.html,1690430166,STORY
2fc9a246-5641-3186-8e03-d68c6a52c69d,A,2023-7-28,Mark Zuckerberg says Meta will 'pour enough gasoline' on Threads to make it grow when it's ready for prime time,Business Insider,https://finance.yahoo.com/m/2fc9a246-5641-3186-8e03-d68c6a52c69d/mark-zuckerberg-says-meta.html,1690415438,STORY
732ac284-5de3-356e-bed8-d2e22959be45,A,2023-7-28,National average gas prices climb to 3-month high,Yahoo Finance Video,https://finance.yahoo.com/video/national-average-gas-prices-climb-203653917.html,1690403813,VIDEO
925cbdd1-f913-3661-bd71-c3513e9bbd26,A,2023-7-28,Gasoline prices are spiking. That’s a problem for Powell and the Fed,CNN Business,https://finance.yahoo.com/m/925cbdd1-f913-3661-bd71-c3513e9bbd26/gasoline-prices-are-spiking..html,1690387267,STORY
2321e80b-202e-3472-9a48-9c93adb5eb80,A,2023-7-29,"Closing prices for crude oil, gold and other commodities",AP Finance,https://finance.yahoo.com/news/closing-prices-crude-oil-gold-191758748.html,1690571878,STORY
084890fc-2a4f-381a-b059-c29603c7134b,A,2023-7-29,"Gasoline Prices Hit 8-Month High, With No Relief in Sight",Barrons.com,https://finance.yahoo.com/m/084890fc-2a4f-381a-b059-c29603c7134b/gasoline-prices-hit-8-month.html,1690548480,STORY
b1d250f9-17be-3981-b895-92aa8051a4e5,A,2023-7-29,Analysis-China's gasoline demand peak nears as EV boom hastens transition,Reuters,https://finance.yahoo.com/news/analysis-chinas-gasoline-demand-peak-010328192.html,1690506208,STORY
13c75baf-b5cb-3717-8f85-07d1074de48d,A,2023-7-29,Gasoline Prices in US Hit Eight-Month High in Biden Setback,Bloomberg,https://finance.yahoo.com/news/gasoline-prices-us-hit-eight-154949324.html,1690478211,STORY
c36c16cb-8604-3f0a-aad3-9e9074d80c9a,A,2023-7-29,Gasoline Is Surging All Over World in Fresh Inflation Blow,Bloomberg,https://finance.yahoo.com/news/gasoline-surging-over-world-fresh-155447647.html,1690430166,STORY
2fc9a246-5641-3186-8e03-d68c6a52c69d,A,2023-7-29,Mark Zuckerberg says Meta will 'pour enough gasoline' on Threads to make it grow when it's ready for prime time,Business Insider,https://finance.yahoo.com/m/2fc9a246-5641-3186-8e03-d68c6a52c69d/mark-zuckerberg-says-meta.html,1690415438,STORY
732ac284-5de3-356e-bed8-d2e22959be45,A,2023-7-29,National average gas prices climb to 3-month high,Yahoo Finance Video,https://finance.yahoo.com/video/national-average-gas-prices-climb-203653917.html,1690403813,VIDEO
925cbdd1-f913-3661-bd71-c3513e9bbd26,A,2023-7-29,Gasoline prices are spiking. That’s a problem for Powell and the Fed,CNN Business,https://finance.yahoo.com/m/925cbdd1-f913-3661-bd71-c3513e9bbd26/gasoline-prices-are-spiking..html,1690387267,STORY
0873bc55-6f78-3f56-b523-74dd536059cc,A,2023-7-30,Energy & precious metals - weekly review and outlook,Investing.com,https://finance.yahoo.com/news/energy-precious-metals-weekly-review-032858564.html,1690687738,STORY
fe66ab8f-5b06-3745-b4ae-d73b9085edad,A,2023-7-30,"12 Best Energy ETFs: Top Oil, Gas and Renewable Energy Funds",Insider Monkey,https://finance.yahoo.com/news/12-best-energy-etfs-top-150508431.html,1690643108,STORY
2321e80b-202e-3472-9a48-9c93adb5eb80,A,2023-7-30,"Closing prices for crude oil, gold and other commodities",AP Finance,https://finance.yahoo.com/news/closing-prices-crude-oil-gold-191758748.html,1690571878,STORY
084890fc-2a4f-381a-b059-c29603c7134b,A,2023-7-30,"Gasoline Prices Hit 8-Month High, With No Relief in Sight",Barrons.com,https://finance.yahoo.com/m/084890fc-2a4f-381a-b059-c29603c7134b/gasoline-prices-hit-8-month.html,1690548480,STORY
b1d250f9-17be-3981-b895-92aa8051a4e5,A,2023-7-30,Analysis-China's gasoline demand peak nears as EV boom hastens transition,Reuters,https://finance.yahoo.com/news/analysis-chinas-gasoline-demand-peak-010328192.html,1690506208,STORY
13c75baf-b5cb-3717-8f85-07d1074de48d,A,2023-7-30,Gasoline Prices in US Hit Eight-Month High in Biden Setback,Bloomberg,https://finance.yahoo.com/news/gasoline-prices-us-hit-eight-154949324.html,1690478211,STORY
c36c16cb-8604-3f0a-aad3-9e9074d80c9a,A,2023-7-30,Gasoline Is Surging All Over World in Fresh Inflation Blow,Bloomberg,https://finance.yahoo.com/news/gasoline-surging-over-world-fresh-155447647.html,1690430166,STORY
2fc9a246-5641-3186-8e03-d68c6a52c69d,A,2023-7-30,Mark Zuckerberg says Meta will 'pour enough gasoline' on Threads to make it grow when it's ready for prime time,Business Insider,https://finance.yahoo.com/m/2fc9a246-5641-3186-8e03-d68c6a52c69d/mark-zuckerberg-says-meta.html,1690415438,STORY
0873bc55-6f78-3f56-b523-74dd536059cc,A,2023-7-31,Energy & precious metals - weekly review and outlook,Investing.com,https://finance.yahoo.com/news/energy-precious-metals-weekly-review-032858564.html,1690687738,STORY
fe66ab8f-5b06-3745-b4ae-d73b9085edad,A,2023-7-31,"12 Best Energy ETFs: Top Oil, Gas and Renewable Energy Funds",Insider Monkey,https://finance.yahoo.com/news/12-best-energy-etfs-top-150508431.html,1690643108,STORY
2321e80b-202e-3472-9a48-9c93adb5eb80,A,2023-7-31,"Closing prices for crude oil, gold and other commodities",AP Finance,https://finance.yahoo.com/news/closing-prices-crude-oil-gold-191758748.html,1690571878,STORY
084890fc-2a4f-381a-b059-c29603c7134b,A,2023-7-31,"Gasoline Prices Hit 8-Month High, With No Relief in Sight",Barrons.com,https://finance.yahoo.com/m/084890fc-2a4f-381a-b059-c29603c7134b/gasoline-prices-hit-8-month.html,1690548480,STORY
b1d250f9-17be-3981-b895-92aa8051a4e5,A,2023-7-31,Analysis-China's gasoline demand peak nears as EV boom hastens transition,Reuters,https://finance.yahoo.com/news/analysis-chinas-gasoline-demand-peak-010328192.html,1690506208,STORY
13c75baf-b5cb-3717-8f85-07d1074de48d,A,2023-7-31,Gasoline Prices in US Hit Eight-Month High in Biden Setback,Bloomberg,https://finance.yahoo.com/news/gasoline-prices-us-hit-eight-154949324.html,1690478211,STORY
c36c16cb-8604-3f0a-aad3-9e9074d80c9a,A,2023-7-31,Gasoline Is Surging All Over World in Fresh Inflation Blow,Bloomberg,https://finance.yahoo.com/news/gasoline-surging-over-world-fresh-155447647.html,1690430166,STORY
2fc9a246-5641-3186-8e03-d68c6a52c69d,A,2023-7-31,Mark Zuckerberg says Meta will 'pour enough gasoline' on Threads to make it grow when it's ready for prime time,Business Insider,https://finance.yahoo.com/m/2fc9a246-5641-3186-8e03-d68c6a52c69d/mark-zuckerberg-says-meta.html,1690415438,STORY
a2a0da50-e186-348a-bb51-5e8413ca2f4b,A,2023-8-1,3 Stocks That Are Fantastic Deals Right Now,Motley Fool,https://finance.yahoo.com/m/a2a0da50-e186-348a-bb51-5e8413ca2f4b/3-stocks-that-are-fantastic.html,1690891500,STORY
aca2940f-07d7-3693-aeaf-a6d47ae48ced,A,2023-8-1,Apple Stock: Headed to $220?,Motley Fool,https://finance.yahoo.com/m/aca2940f-07d7-3693-aeaf-a6d47ae48ced/apple-stock%3A-headed-to-%24220%3F.html,1690890300,STORY
f19e2eed-9631-3b48-812d-30f600ff1064,A,2023-8-1,"Dow Jones Futures: Microsoft, Tesla At Key Support Levels; 5 Big Earnings Movers",Investor's Business Daily,https://finance.yahoo.com/m/f19e2eed-9631-3b48-812d-30f600ff1064/dow-jones-futures%3A-microsoft%2C.html,1690889195,STORY
fd386d24-32ac-350d-8b2a-d77ded07c66d,A,2023-8-1,"Apple, Microsoft remain world's top 2 companies by market cap",Reuters,https://finance.yahoo.com/news/apple-microsoft-remain-worlds-top-101752148.html,1690885072,STORY
9cbac106-753e-3537-b4c3-046bb9f805f1,A,2023-8-1,3 Growth Stocks to Buy Before the Big Bull Rally,Motley Fool,https://finance.yahoo.com/m/9cbac106-753e-3537-b4c3-046bb9f805f1/3-growth-stocks-to-buy-before.html,1690881420,STORY
1bcbca3a-27d2-37e5-ab2d-a1f16a9328ed,A,2023-8-1,Apple Supplier Foxconn Plans $500 Million Component Plants in India,Bloomberg,https://finance.yahoo.com/news/apple-supplier-foxconn-plans-500-032248797.html,1690860168,STORY
e91d2515-75de-4beb-8db1-c1df402307e6,A,2023-8-1,The 2023 stock market rally got a lot healthier in June and July,Yahoo Finance,https://finance.yahoo.com/news/the-2023-stock-market-rally-got-a-lot-healthier-in-june-and-july-210139678.html,1690837299,STORY
c9d00b37-c1ba-3960-8591-48c8bf8eca6e,A,2023-8-1,"Apple, Amazon: 'The setup is perfect for Big Tech earnings,' analyst says",Yahoo Finance Video,https://finance.yahoo.com/video/apple-amazon-setup-perfect-big-210127338.html,1690837287,VIDEO
a5666997-6958-3504-9331-e308f06e10f5,A,2023-8-2,Dow Jones Futures Fall On U.S. Debt Downgrade; Key Jobs Data Next; AMD Rallies On Earnings,Investor's Business Daily,https://finance.yahoo.com/m/a5666997-6958-3504-9331-e308f06e10f5/dow-jones-futures-fall-on.html,1690978348,STORY
ae06002c-9277-3012-b1fa-5aff89d3f3c3,A,2023-8-2,"Dow Jones Futures Fall On U.S. Debt Downgrade; AMD, ELF Lead 7 Earnings Movers",Investor's Business Daily,https://finance.yahoo.com/m/ae06002c-9277-3012-b1fa-5aff89d3f3c3/dow-jones-futures-fall-on.html,1690978313,STORY
1c93cc9a-2137-395b-bcc1-c423d9acd063,A,2023-8-2,"AMD Stock Pops on Earnings Beat, AI Chip Progress",Motley Fool,https://finance.yahoo.com/m/1c93cc9a-2137-395b-bcc1-c423d9acd063/amd-stock-pops-on-earnings.html,1690978262,STORY
61d7fd1a-b08a-3fe0-b8a6-ba50865dd2a0,A,2023-8-2,"These Stocks Are Moving the Most Today: AMD, Starbucks, Generac, EA, SolarEdge, Match, Humana, and More",Barrons.com,https://finance.yahoo.com/m/61d7fd1a-b08a-3fe0-b8a6-ba50865dd2a0/these-stocks-are-moving-the.html,1690978020,STORY
d28ddbb2-fb49-3868-a088-18140926a71f,A,2023-8-2,US Stock Futures Drop as Fitch Cuts Credit Rating: Markets Wrap,Bloomberg,https://finance.yahoo.com/news/treasury-futures-dollar-slips-fitch-220515670.html,1690976724,STORY
4f7492b2-7f21-36a0-8df2-b37527e8867e,A,2023-8-2,5 Things to Know Before Markets Open,Investopedia,https://finance.yahoo.com/m/4f7492b2-7f21-36a0-8df2-b37527e8867e/5-things-to-know-before.html,1690974767,STORY
da847753-106b-32d4-87f4-a3a695c3e9e9,A,2023-8-2,3 Things About AMD That Smart Investors Know,Motley Fool,https://finance.yahoo.com/m/da847753-106b-32d4-87f4-a3a695c3e9e9/3-things-about-amd-that-smart.html,1690974720,STORY
a68fabe0-4b86-380b-8459-daad4ba808a4,A,2023-8-2,Fitch’s U.S. Credit Downgrade Is a Bad Look. Why It’s Not a Disaster.,Barrons.com,https://finance.yahoo.com/m/a68fabe0-4b86-380b-8459-daad4ba808a4/fitch%E2%80%99s-u.s.-credit-downgrade.html,1690972380,STORY
b63a32f6-fed1-3073-8709-daf31b435fc3,A,2023-8-3,Agilent Announces Thought Leader Award to Peter Neubauer,Business Wire,https://finance.yahoo.com/news/agilent-announces-thought-leader-award-120000858.html,1691064000,STORY
10ce56b6-7f79-38e9-a759-dc6ac88f9b12,A,2023-8-3,Is It Too Late to Buy Intel Stock?,Motley Fool,https://finance.yahoo.com/m/10ce56b6-7f79-38e9-a759-dc6ac88f9b12/is-it-too-late-to-buy-intel.html,1691063929,STORY
f566b939-ecdf-30c5-a31a-aa460a512426,A,2023-8-3,"Fitch Downgrade, Wall Street Reaction, Debt's Destructive Path, Treasury Auction",TheStreet.com,https://finance.yahoo.com/m/f566b939-ecdf-30c5-a31a-aa460a512426/fitch-downgrade%2C-wall-street.html,1691063040,STORY
a2909529-f146-38cb-a094-d5c6e0d23e58,A,2023-8-3,"Market Digest: NLY, AMD, ETN, FIS, HP, PEG, SBUX, SON, IGT",Argus Research,https://finance.yahoo.com/m/a2909529-f146-38cb-a094-d5c6e0d23e58/market-digest%3A-nly%2C-amd%2C-etn%2C.html,1691061233,STORY
eeed96ba-9bc2-3efa-81ac-34206ec9bd09,A,2023-8-3,Analyst Report: Advanced Micro Devices Inc.,Argus Research,https://finance.yahoo.com/m/eeed96ba-9bc2-3efa-81ac-34206ec9bd09/analyst-report%3A-advanced.html,1691061233,STORY
cc6df819-5ae9-3808-8e7e-89cbc499c798,A,2023-8-3,AMD Sees Strong Interest for Its AI Products -- Should Nvidia Stock Investors Be Worried?,Motley Fool,https://finance.yahoo.com/m/cc6df819-5ae9-3808-8e7e-89cbc499c798/amd-sees-strong-interest-for.html,1691059155,STORY
e7442961-575e-34c8-af2c-37a972d5c0a4,A,2023-8-3,AMD's PC Business Bottoms Out,Motley Fool,https://finance.yahoo.com/m/e7442961-575e-34c8-af2c-37a972d5c0a4/amd%27s-pc-business-bottoms-out.html,1691058300,STORY
702d0a1f-8c4a-35ef-8201-770d62e08d3a,A,2023-8-3,3 AI Stocks That Could Go Parabolic,Motley Fool,https://finance.yahoo.com/m/702d0a1f-8c4a-35ef-8201-770d62e08d3a/3-ai-stocks-that-could-go.html,1691019000,STORY
d429dab6-2dd2-30c8-a709-eac0f390bd23,A,2023-8-4,"Dow Jones Futures Dip Ahead Of Jobs Report; Amazon Surges On Earnings, But Apple Falls",Investor's Business Daily,https://finance.yahoo.com/m/d429dab6-2dd2-30c8-a709-eac0f390bd23/dow-jones-futures-dip-ahead.html,1691151129,STORY
c091c459-9810-3e32-a480-116ee9292c56,A,2023-8-4,"Dow Jones Futures Await Jobs Report; Amazon Soars On Earnings, AI Outlook As Apple Falls",Investor's Business Daily,https://finance.yahoo.com/m/c091c459-9810-3e32-a480-116ee9292c56/dow-jones-futures-await-jobs.html,1691151096,STORY
f7d7d490-5163-3a1d-a40c-4fc13ee97620,A,2023-8-4,Apple Stock Falls After Earnings. 2 Good Reasons Not to Buy the Dip.,Barrons.com,https://finance.yahoo.com/m/f7d7d490-5163-3a1d-a40c-4fc13ee97620/apple-stock-falls-after.html,1691151060,STORY
96a0a9da-369f-3e99-970a-7edc1fdbdc3a,A,2023-8-4,Apple Stock Dips After Earnings. Quarterly Sales Fell 1%.,Barrons.com,https://finance.yahoo.com/m/96a0a9da-369f-3e99-970a-7edc1fdbdc3a/apple-stock-dips-after.html,1691150760,STORY
a6f36ddd-ab56-3752-9491-705c5994d4b3,A,2023-8-4,"These Stocks Are Moving the Most Today: Apple, Amazon, Atlassian, Fortinet, Booking,  and More",Barrons.com,https://finance.yahoo.com/m/a6f36ddd-ab56-3752-9491-705c5994d4b3/these-stocks-are-moving-the.html,1691150451,STORY
a9cf6ee6-80d3-3e3b-bb0c-402057ee1527,A,2023-8-4,"Amazon Gains, Apple Doesn't With Jobs Report on Tap",TheStreet.com,https://finance.yahoo.com/m/a9cf6ee6-80d3-3e3b-bb0c-402057ee1527/amazon-gains%2C-apple-doesn%27t.html,1691149800,STORY
b9d95d55-7d12-3104-ac89-11f7b8111bfa,A,2023-8-4,Apple to Relinquish Historic $3 Trillion Value as Sales Fall,Bloomberg,https://finance.yahoo.com/news/apple-set-relinquish-historic-3-085149210.html,1691149526,STORY
54d9a6c6-36a3-3a87-946f-bc20e1c662c7,A,2023-8-4,5 Things to Know Before Markets Open,Investopedia,https://finance.yahoo.com/m/54d9a6c6-36a3-3a87-946f-bc20e1c662c7/5-things-to-know-before.html,1691147639,STORY
29d05327-1008-3c9c-9ffd-986fecc7039d,A,2023-8-5,2 Warren Buffett Super Stocks to Buy Hand Over Fist in August,Motley Fool,https://finance.yahoo.com/m/29d05327-1008-3c9c-9ffd-986fecc7039d/2-warren-buffett-super-stocks.html,1691229660,STORY
3eb78617-a15a-3fe4-b617-280b1d5f0a86,A,2023-8-5,Why I Just Loaded Up on Warren Buffett's Second-Biggest Holding,Motley Fool,https://finance.yahoo.com/m/3eb78617-a15a-3fe4-b617-280b1d5f0a86/why-i-just-loaded-up-on.html,1691229000,STORY
6bdcfb75-91c9-3b11-89b2-7248285033f9,A,2023-8-5,Weekly Roundup,TheStreet.com,https://finance.yahoo.com/m/6bdcfb75-91c9-3b11-89b2-7248285033f9/weekly-roundup.html,1691190900,STORY
6c47fd3a-d4a6-39f8-8982-8d4a9a75c64a,A,2023-8-5,"PayPal Stock Falls for 4th Day. Analyst Raises Concern Over Margins, Apple.",Barrons.com,https://finance.yahoo.com/m/6c47fd3a-d4a6-39f8-8982-8d4a9a75c64a/paypal-stock-falls-for-4th.html,1691182260,STORY
3a0f4fad-8bb8-3774-ae4b-9fd4123745ee,A,2023-8-5,"Apple falls, Icahn slides, Google court victory: Top stories",Yahoo Finance Video,https://finance.yahoo.com/video/apple-falls-icahn-slides-google-204947711.html,1691182187,VIDEO
a65bb620-8ce8-3cd1-b0fb-e6a2937a4f6f,A,2023-8-5,US STOCKS-Wall Street ends lower after US jobs report; Apple weighs,Reuters,https://finance.yahoo.com/news/us-stocks-wall-street-ends-204220382.html,1691181740,STORY
0bcaf9f0-3825-3281-9c42-ba23eff6a347,A,2023-8-5,Apple Faces Longest Sales Drop in Decades as iPhone Slumps,Bloomberg,https://finance.yahoo.com/news/apple-sluggish-iphone-sales-overshadow-210600655.html,1691180923,STORY
571df705-e208-307e-9f34-e9a0be23c335,A,2023-8-5,"Apple, Amazon, Icahn Enterprises, Fortinet, Block, and More Stock Market Movers",Barrons.com,https://finance.yahoo.com/m/571df705-e208-307e-9f34-e9a0be23c335/apple%2C-amazon%2C-icahn.html,1691180820,STORY
352eafc8-c07c-376d-95ca-cc57a52af27f,A,2023-8-6,The Brilliant Reason Apple's Profits Are Still Growing,Motley Fool,https://finance.yahoo.com/m/352eafc8-c07c-376d-95ca-cc57a52af27f/the-brilliant-reason-apple%27s.html,1691323620,STORY
e73ef4a7-6ec8-36cb-9f1e-63d630667f2b,A,2023-8-6,"Giant Fund Slashed Apple Stock Investment, Bought Tesla, Nvidia",Barrons.com,https://finance.yahoo.com/m/e73ef4a7-6ec8-36cb-9f1e-63d630667f2b/giant-fund-slashed-apple.html,1691323200,STORY
64cd1d9d-6148-37c6-a5b1-3c9f2ab30c33,A,2023-8-6,iPhone Sales Are Slowing. Here's Why Apple Doesn't Really Care.,Motley Fool,https://finance.yahoo.com/m/64cd1d9d-6148-37c6-a5b1-3c9f2ab30c33/iphone-sales-are-slowing..html,1691322300,STORY
f01eb743-7802-3058-ae79-ac4b2766262b,A,2023-8-6,2 Warren Buffett Stocks to Hold Forever,Motley Fool,https://finance.yahoo.com/m/f01eb743-7802-3058-ae79-ac4b2766262b/2-warren-buffett-stocks-to.html,1691321400,STORY
54defbf9-a5da-312a-a611-49492df822cd,A,2023-8-6,"This week in tech: Amazon 'fired on all cylinders' in Q2; Apple, PayPal sink",Investing.com,https://finance.yahoo.com/news/week-tech-amazon-fired-cylinders-035455115.html,1691294095,STORY
3d5df4d4-e620-3e22-a56d-1961753f8190,A,2023-8-6,"Buffett's Berkshire Hathaway Swings to $36B Profit, Apple Stake Swells in Q2",Investopedia,https://finance.yahoo.com/m/3d5df4d4-e620-3e22-a56d-1961753f8190/buffett%27s-berkshire-hathaway.html,1691253602,STORY
221cca91-8a0d-3b7e-a7e0-d5292c82a01a,A,2023-8-6,Investors had largely ignored Apple’s valuation problem. Then in a single day they erased $130 billion in market cap.,Fortune,https://finance.yahoo.com/news/investors-had-largely-ignored-apple-151647758.html,1691248607,STORY
b6d4981e-a217-3140-871e-54bf9ada14be,A,2023-8-6,Apple seeks to bolster expertise in generative AI on mobile devices,Financial Times,https://finance.yahoo.com/m/b6d4981e-a217-3140-871e-54bf9ada14be/apple-seeks-to-bolster.html,1691240410,STORY
1da7f87c-1202-452d-a6fa-f9969c006468,A,2023-8-7,The current bull market is actually very sensitive: Morning Brief,Yahoo Finance,https://finance.yahoo.com/news/the-current-bull-market-is-actually-very-sensitive-morning-brief-100050598.html,1691402450,STORY
b3163391-d277-3232-95e5-7a790fe2f77f,A,2023-8-7,Bulls Will Need a Little Patience as the Summer Winds Down,TheStreet.com,https://finance.yahoo.com/m/b3163391-d277-3232-95e5-7a790fe2f77f/bulls-will-need-a-little.html,1691402400,STORY
8ffc74e7-1613-3316-aeff-42328e5199ac,A,2023-8-7,3 Best Warren Buffett Stocks to Buy and Hold in a New Bull Market,Motley Fool,https://finance.yahoo.com/m/8ffc74e7-1613-3316-aeff-42328e5199ac/3-best-warren-buffett-stocks.html,1691401800,STORY
cb2f6819-fac8-3ae6-a60a-15bac34d9a89,A,2023-8-7,47% of Warren Buffett's $375 Billion Portfolio Is Invested in 3 Artificial Intelligence (AI) Stocks,Motley Fool,https://finance.yahoo.com/m/cb2f6819-fac8-3ae6-a60a-15bac34d9a89/47%25-of-warren-buffett%27s-%24375.html,1691400060,STORY
a1883242-3b05-39e8-810c-2cc768556ac8,A,2023-8-7,How Britain lost its quirky tech champion to the US,The Telegraph,https://finance.yahoo.com/m/a1883242-3b05-39e8-810c-2cc768556ac8/how-britain-lost-its-quirky.html,1691384400,STORY
352eafc8-c07c-376d-95ca-cc57a52af27f,A,2023-8-7,The Brilliant Reason Apple's Profits Are Still Growing,Motley Fool,https://finance.yahoo.com/m/352eafc8-c07c-376d-95ca-cc57a52af27f/the-brilliant-reason-apple%27s.html,1691323620,STORY
e73ef4a7-6ec8-36cb-9f1e-63d630667f2b,A,2023-8-7,"Giant Fund Slashed Apple Stock Investment, Bought Tesla, Nvidia",Barrons.com,https://finance.yahoo.com/m/e73ef4a7-6ec8-36cb-9f1e-63d630667f2b/giant-fund-slashed-apple.html,1691323200,STORY
64cd1d9d-6148-37c6-a5b1-3c9f2ab30c33,A,2023-8-7,iPhone Sales Are Slowing. Here's Why Apple Doesn't Really Care.,Motley Fool,https://finance.yahoo.com/m/64cd1d9d-6148-37c6-a5b1-3c9f2ab30c33/iphone-sales-are-slowing..html,1691322300,STORY
f9cd17b1-15cd-3294-84a0-e26d872b6d1f,A,2023-8-8,Apple and Samsung to invest in SoftBank's Arm at IPO -Nikkei,Reuters,https://finance.yahoo.com/news/apple-samsung-invest-softbanks-arm-114009468.html,1691494809,STORY
414d42bb-1fa3-347a-bb8b-3acce27ecc32,A,2023-8-8,UPDATE 1-Apple and Samsung to invest in SoftBank's Arm at IPO -Nikkei,Reuters,https://finance.yahoo.com/news/1-apple-samsung-invest-softbanks-112815723.html,1691494095,STORY
bc4e8526-2c14-31b6-814a-c5bd493c9d64,A,2023-8-8,"Dow Jones Surges 400 Points As Apple, Tesla Stock Slide; Palantir Rallies As AI Demand Grows",Investor's Business Daily,https://finance.yahoo.com/m/bc4e8526-2c14-31b6-814a-c5bd493c9d64/dow-jones-surges-400-points.html,1691494069,STORY
638086f4-1458-375e-a118-0667b629effb,A,2023-8-8,Are the Good Times Over for Apple Stock?,Motley Fool,https://finance.yahoo.com/m/638086f4-1458-375e-a118-0667b629effb/are-the-good-times-over-for.html,1691488200,STORY
d04ee638-a4c8-3497-8371-c437ec2cd7e5,A,2023-8-8,3 Stocks to Buy in August That Show No Signs of Slowing Down,Motley Fool,https://finance.yahoo.com/m/d04ee638-a4c8-3497-8371-c437ec2cd7e5/3-stocks-to-buy-in-august.html,1691487900,STORY
d95f78ee-2da2-3076-bc7a-42d4efd7825b,A,2023-8-8,Apple Stock Deserves the Big Selloff. The iPhone 15 Needs to Come to the Rescue.,Barrons.com,https://finance.yahoo.com/m/d95f78ee-2da2-3076-bc7a-42d4efd7825b/apple-stock-deserves-the-big.html,1691487000,STORY
af29a736-c1f4-3cff-8f2c-4a7d987abd27,A,2023-8-8,1 Billion Reasons to Buy Apple Stock Hand Over Fist Now and Never Sell,Motley Fool,https://finance.yahoo.com/m/af29a736-c1f4-3cff-8f2c-4a7d987abd27/1-billion-reasons-to-buy.html,1691486580,STORY
ec810d57-50af-350b-a753-564f9f2191cf,A,2023-8-8,Time to Bite on the Dip in Apple Stock After Earnings?,Zacks,https://finance.yahoo.com/news/time-bite-dip-apple-stock-231100200.html,1691449860,STORY
91f11b97-2e85-3127-a66b-69bb012b3e16,A,2023-8-9,1 Massive Reason to Buy Apple Stock After Its Latest Pullback,Motley Fool,https://finance.yahoo.com/m/91f11b97-2e85-3127-a66b-69bb012b3e16/1-massive-reason-to-buy-apple.html,1691583257,STORY
6be7a7e5-c311-383c-952b-1ea8d94f7c33,A,2023-8-9,A Bull Market Is Coming: 2 Warren Buffett Stocks to Buy and Hold Forever,Motley Fool,https://finance.yahoo.com/m/6be7a7e5-c311-383c-952b-1ea8d94f7c33/a-bull-market-is-coming%3A-2.html,1691582400,STORY
cb3fb834-e666-3566-b8da-e48bc6339b60,A,2023-8-9,Agilent 2023 Early Career Professor Award Presented to Ajit Divakaruni,Business Wire,https://finance.yahoo.com/news/agilent-2023-early-career-professor-120000771.html,1691582400,STORY
dfa759e7-7c9e-3d99-9a13-16e8f1ccfc26,A,2023-8-9,"Tim Cook Was Denied Getting an Apple Card -- Wait, What?",Motley Fool,https://finance.yahoo.com/m/dfa759e7-7c9e-3d99-9a13-16e8f1ccfc26/tim-cook-was-denied-getting.html,1691580613,STORY
3046139b-b444-3877-8fd4-fde0ddd50f84,A,2023-8-9,This Warren Buffett Stock Is a Screaming Buy. Here's Why.,Motley Fool,https://finance.yahoo.com/m/3046139b-b444-3877-8fd4-fde0ddd50f84/this-warren-buffett-stock-is.html,1691580600,STORY
5ccc8b72-840e-3b5b-90a6-db87b0f3b0f6,A,2023-8-9,Opinion: These Will Be the 5 Biggest Stocks by 2030,Motley Fool,https://finance.yahoo.com/m/5ccc8b72-840e-3b5b-90a6-db87b0f3b0f6/opinion%3A-these-will-be-the-5.html,1691575200,STORY
642688f0-9340-3d42-9b3a-326b90084222,A,2023-8-9,"1 Green Flag for Apple in 2023, and 1 Red Flag",Motley Fool,https://finance.yahoo.com/m/642688f0-9340-3d42-9b3a-326b90084222/1-green-flag-for-apple-in.html,1691572500,STORY
68adba81-5f91-3e87-b8dd-badf3e2d2fb8,A,2023-8-9,Better Buy: Amazon vs. Apple,Motley Fool,https://finance.yahoo.com/m/68adba81-5f91-3e87-b8dd-badf3e2d2fb8/better-buy%3A-amazon-vs.-apple.html,1691572020,STORY
d8834911-22a7-39f5-b5a4-948f39b25c1e,A,2023-8-10,Apple Stock: Buy the Dip?,Motley Fool,https://finance.yahoo.com/m/d8834911-22a7-39f5-b5a4-948f39b25c1e/apple-stock%3A-buy-the-dip%3F.html,1691666760,STORY
751e56cf-2fbf-3c3a-ae6a-2b63b3d6262a,A,2023-8-10,"1 ""Magnificent Seven"" Stock to Buy Hand Over Fist in August and 1 to Avoid Like the Plague",Motley Fool,https://finance.yahoo.com/m/751e56cf-2fbf-3c3a-ae6a-2b63b3d6262a/1-%22magnificent-seven%22-stock.html,1691658360,STORY
3af58521-aa5a-3ac4-8af8-4dd77e9ef858,A,2023-8-10,Agilent Technologies (A) Stock Moves -0.56%: What You Should Know,Zacks,https://finance.yahoo.com/news/agilent-technologies-stock-moves-0-221515546.html,1691619315,STORY
add44664-1841-3deb-b939-03622143ab97,A,2023-8-10,Apple Stock Fell Again. Where It Might Be Headed Next.,Barrons.com,https://finance.yahoo.com/m/add44664-1841-3deb-b939-03622143ab97/apple-stock-fell-again.-where.html,1691617080,STORY
e3329cf7-c056-39f0-acb8-0054a20ff98e,A,2023-8-10,"Supreme Court Says Apple Can Keep Its Store Payment Rules, For Now",Investopedia,https://finance.yahoo.com/m/e3329cf7-c056-39f0-acb8-0054a20ff98e/supreme-court-says-apple-can.html,1691616799,STORY
5398d426-f428-3c12-a452-58cb98519316,A,2023-8-10,Supreme Court rules in Apple's favor in Epic Games appeal,Yahoo Finance Video,https://finance.yahoo.com/video/supreme-court-rules-apples-favor-195542494.html,1691610942,VIDEO
65b53896-faf4-3a06-9d0d-a63cf3c83192,A,2023-8-10,"Best Dow Jones Stocks To Buy And Watch In August 2023: Apple, Microsoft Drop",Investor's Business Daily,https://finance.yahoo.com/m/65b53896-faf4-3a06-9d0d-a63cf3c83192/best-dow-jones-stocks-to-buy.html,1691606673,STORY
c959c4ca-0175-3d92-b0fb-aea08705109b,A,2023-8-10,Apple Can Keep App Store Rules for Now as Top Court Spurns Epic,Bloomberg,https://finance.yahoo.com/news/apple-keep-app-store-rules-183409978.html,1691606049,STORY
98f052e9-3d7e-39c7-b446-93397cd184ee,A,2023-8-11,Warren Buffett says the ‘best business to own’ can do this 1 special thing over an extended period of time — here are 3 prime examples in his current portfolio to build your own riches,Moneywise,https://finance.yahoo.com/news/warren-buffett-says-best-business-120000590.html,1691755200,STORY
74cd5fc8-92b8-3707-aed7-079cf8d5f857,A,2023-8-11,Better Buy: Apple vs. Alphabet,Motley Fool,https://finance.yahoo.com/m/74cd5fc8-92b8-3707-aed7-079cf8d5f857/better-buy%3A-apple-vs.-alphabet.html,1691752500,STORY
36f7024c-eabc-312a-9802-30ac34ed7aaa,A,2023-8-11,Warren Buffett's Favorite Stock Just Did Something It Hasn't Done Since 2016,Motley Fool,https://finance.yahoo.com/m/36f7024c-eabc-312a-9802-30ac34ed7aaa/warren-buffett%27s-favorite.html,1691750700,STORY
ae191f3c-2412-3fec-90c7-9666e38e4075,A,2023-8-11,"This Cheap Nasdaq Stock Could Double, and It Is a Screaming Buy Right Now",Motley Fool,https://finance.yahoo.com/m/ae191f3c-2412-3fec-90c7-9666e38e4075/this-cheap-nasdaq-stock-could.html,1691747100,STORY
ecbfc52b-38be-30d7-b49a-2773d61a5a07,A,2023-8-11,Alphabet’s $118 Billion Cash Pile Poses a New Problem,Bloomberg,https://finance.yahoo.com/news/alphabet-118-billion-cash-pile-092957812.html,1691746197,STORY
569d3465-c14a-35e8-87b5-f4ddda8f1b68,A,2023-8-11,Warren Buffett's Latest $1.3 Billion Buy Brings His Total Investment in This Stock to More Than $71 Billion in 5 Years,Motley Fool,https://finance.yahoo.com/m/569d3465-c14a-35e8-87b5-f4ddda8f1b68/warren-buffett%27s-latest-%241.3.html,1691744760,STORY
6ec273b6-f812-3651-9410-c89d53c1e404,A,2023-8-11,"Caltech reaches 'potential settlement' in Apple, Broadcom patent case",Reuters,https://finance.yahoo.com/news/caltech-reaches-potential-settlement-apple-234825425.html,1691711305,STORY
ad7352ce-609d-3099-a96f-f3b800ab1012,A,2023-8-11,5 Signs a Market Bounce May Be Imminent,Zacks,https://finance.yahoo.com/news/5-signs-market-bounce-may-232900586.html,1691710140,STORY
d64fa082-66ab-38be-a2c8-051ec69094c8,A,2023-8-12,20 Countries With Highest Rate of Economic Growth in 5 Years,Insider Monkey,https://finance.yahoo.com/news/20-countries-highest-rate-economic-121800158.html,1691842680,STORY
bb4303b1-b36e-3ac3-907a-03651e7cc1ad,A,2023-8-12,1 Apple Chip Supplier Might Hold the Key to Understanding When iPhone Sales Rebound,Motley Fool,https://finance.yahoo.com/m/bb4303b1-b36e-3ac3-907a-03651e7cc1ad/1-apple-chip-supplier-might.html,1691838600,STORY
0bf1c871-7c07-3853-bab3-33cf41b04c36,A,2023-8-12,Amazon Wants You to Pay With Your Palm. It’s a Sneak Attack on Apple and Google.,The Wall Street Journal,https://finance.yahoo.com/m/0bf1c871-7c07-3853-bab3-33cf41b04c36/amazon-wants-you-to-pay-with.html,1691802000,STORY
21e772ec-ddb2-3cc2-b725-4f27c4c607ca,A,2023-8-12,12 Undervalued Blue Chip Stocks To Buy According to Wall Street Analysts,Insider Monkey,https://finance.yahoo.com/news/12-undervalued-blue-chip-stocks-215945675.html,1691791185,STORY
cbdb96a5-130f-38bd-9842-cf6451430657,A,2023-8-12,Top 12 Undervalued Tech Stocks According to Wall Street Analysts,Insider Monkey,https://finance.yahoo.com/news/top-12-undervalued-tech-stocks-215426244.html,1691790866,STORY
dc96ff34-bd7e-3ced-ba39-fd282365e643,A,2023-8-12,Russian ministry bans employees from using iPhones for work - Ifax,Reuters,https://finance.yahoo.com/news/russian-ministry-bans-employees-using-214621911.html,1691790381,STORY
8df60ffc-6910-35e9-9d17-086864fb2907,A,2023-8-12,"Tech Pullback Will Be Short-Lived, Analyst Says. AI Will Drive Nvidia, Microsoft, Apple.",Barrons.com,https://finance.yahoo.com/m/8df60ffc-6910-35e9-9d17-086864fb2907/tech-pullback-will-be.html,1691777460,STORY
65b53896-faf4-3a06-9d0d-a63cf3c83192,A,2023-8-12,"Best Dow Jones Stocks To Buy And Watch In August 2023: Apple, Microsoft Drop",Investor's Business Daily,https://finance.yahoo.com/m/65b53896-faf4-3a06-9d0d-a63cf3c83192/best-dow-jones-stocks-to-buy.html,1691774553,STORY
51732720-2272-3b51-9201-d904e7efe21e,A,2023-8-13,"1 Magnificent Warren Buffett Stock That Turned $10,000 Into $68,000",Motley Fool,https://finance.yahoo.com/m/51732720-2272-3b51-9201-d904e7efe21e/1-magnificent-warren-buffett.html,1691925060,STORY
4424e735-a518-3fbc-87be-dc4124010dc0,A,2023-8-13,Here's the 1 Warren Buffett Stock That's Most Likely to Join Apple and Microsoft in the $2 Trillion Club,Motley Fool,https://finance.yahoo.com/m/4424e735-a518-3fbc-87be-dc4124010dc0/here%27s-the-1-warren-buffett.html,1691920500,STORY
e40db924-9014-394b-92f9-7018e347faac,A,2023-8-13,I Took a $200 Test to Measure My Fitness. The Results Surprised Me.,Barrons.com,https://finance.yahoo.com/m/e40db924-9014-394b-92f9-7018e347faac/i-took-a-%24200-test-to-measure.html,1691904600,STORY
8d1aa278-81a1-4e9e-9ea7-f4de62402a62,A,2023-8-13,Samsung Galaxy Z Flip 5 review: Foldables are here to stay,Yahoo Finance,https://finance.yahoo.com/news/samsung-galaxy-z-flip-5-review-foldables-are-here-to-stay-190932780.html,1691867372,STORY
eb4295bd-563c-35b7-ba8e-1272174e168f,A,2023-8-13,6 Cheapest Costco Deals on Electronics for Back to School 2023,GOBankingRates,https://finance.yahoo.com/news/6-cheapest-costco-deals-electronics-160007606.html,1691856007,STORY
d64fa082-66ab-38be-a2c8-051ec69094c8,A,2023-8-13,20 Countries With Highest Rate of Economic Growth in 5 Years,Insider Monkey,https://finance.yahoo.com/news/20-countries-highest-rate-economic-121800158.html,1691842680,STORY
bb4303b1-b36e-3ac3-907a-03651e7cc1ad,A,2023-8-13,1 Apple Chip Supplier Might Hold the Key to Understanding When iPhone Sales Rebound,Motley Fool,https://finance.yahoo.com/m/bb4303b1-b36e-3ac3-907a-03651e7cc1ad/1-apple-chip-supplier-might.html,1691838600,STORY
0bf1c871-7c07-3853-bab3-33cf41b04c36,A,2023-8-13,Amazon Wants You to Pay With Your Palm. It’s a Sneak Attack on Apple and Google.,The Wall Street Journal,https://finance.yahoo.com/m/0bf1c871-7c07-3853-bab3-33cf41b04c36/amazon-wants-you-to-pay-with.html,1691802000,STORY
973f8f05-0447-3fed-ad58-cd7ed66bb073,A,2023-8-14,Prediction: These 2 Artificial Intelligence (AI) Growth Stocks Will Join Apple and Microsoft in the $2 Trillion Club by 2033,Motley Fool,https://finance.yahoo.com/m/973f8f05-0447-3fed-ad58-cd7ed66bb073/prediction%3A-these-2.html,1692015300,STORY
027b2fc6-4da3-3898-a683-e79739518e59,A,2023-8-14,Investors Load Up On 3 Stocks Beyond The 'Magnificent Seven',Investor's Business Daily,https://finance.yahoo.com/m/027b2fc6-4da3-3898-a683-e79739518e59/investors-load-up-on-3-stocks.html,1692014441,STORY
3b1134f6-50e6-30c7-b75b-9c7c3d587845,A,2023-8-14,Enphase Energy Stock Just Reminded Investors of This Timeless Lesson,Motley Fool,https://finance.yahoo.com/m/3b1134f6-50e6-30c7-b75b-9c7c3d587845/enphase-energy-stock-just.html,1692013500,STORY
4b16446e-5979-37a3-a6b1-5550da8031aa,A,2023-8-14,5 Things to Know Before Markets Open,Investopedia,https://finance.yahoo.com/m/4b16446e-5979-37a3-a6b1-5550da8031aa/5-things-to-know-before.html,1692011781,STORY
e62e7ab4-66c6-35b5-9258-613f47020105,A,2023-8-14,iPhone Maker Foxconn Beats Expectations. Apple Stock Edges Higher.,Barrons.com,https://finance.yahoo.com/m/e62e7ab4-66c6-35b5-9258-613f47020105/iphone-maker-foxconn-beats.html,1692011160,STORY
7e83694b-d816-4cba-98ab-5c26a17cdce9,A,2023-8-14,Tech stocks have a yield problem: Morning Brief,Yahoo Finance,https://finance.yahoo.com/news/tech-stocks-have-a-yield-problem-morning-brief-100009783.html,1692007209,STORY
33902466-8275-33f0-862d-5c0c4810cacc,A,2023-8-14,IPhone Maker Hon Hai Cuts Outlook After Mobile Demand Sags,Bloomberg,https://finance.yahoo.com/news/iphone-maker-hon-hai-cuts-064519519.html,1692002348,STORY
1d8a0ca9-a41a-3ea9-9d25-539a27a044be,A,2023-8-14,"Home Depot, Target, Cisco, Deere, Walmart, and More Stocks to Watch This Week",Barrons.com,https://finance.yahoo.com/m/1d8a0ca9-a41a-3ea9-9d25-539a27a044be/home-depot%2C-target%2C-cisco%2C.html,1691949600,STORY
bb35c476-b063-356b-9b10-dd069a09e38f,A,2023-8-15,Meme Stock Investors Derail Wall Street Bets on AMC Legal Fight,Bloomberg,https://finance.yahoo.com/news/meme-stock-investors-derail-wall-100000315.html,1692093600,STORY
79c2f7fc-9108-392f-8abe-8920fb7df932,A,2023-8-15,15 Big Companies that Stopped Paying Dividends,Insider Monkey,https://finance.yahoo.com/news/15-big-companies-stopped-paying-230001519.html,1692054001,STORY
5ae7d8bb-6878-37cf-87f3-2a790ddae64d,A,2023-8-15,"Is AMC Stock A Buy Or Sell Now? Here's What Fundamentals, Chart Action, Fund Ownership Metrics Say",Investor's Business Daily,https://finance.yahoo.com/m/5ae7d8bb-6878-37cf-87f3-2a790ddae64d/is-amc-stock-a-buy-or-sell.html,1692051309,STORY
6a9ef03e-2908-39e4-abeb-1eaa0fc22ac2,A,2023-8-15,AMC Can Sell Nearly 400 Million New Shares Following Court Approval,The Wall Street Journal,https://finance.yahoo.com/m/6a9ef03e-2908-39e4-abeb-1eaa0fc22ac2/amc-can-sell-nearly-400.html,1692045600,STORY
151c2743-5df1-3501-9b8e-b42836f0469c,A,2023-8-15,"These Stocks Are Moving the Most Today: U.S. Steel, Hawaiian Electric, Tesla, AMC, Oddity, Nvidia, and More",Barrons.com,https://finance.yahoo.com/m/151c2743-5df1-3501-9b8e-b42836f0469c/these-stocks-are-moving-the.html,1692044760,STORY
b00c1af4-941c-37c9-b1d6-d047d4d0249e,A,2023-8-15,AMC Stock Tumbles After Ruling Paves Way for Conversion of APE Units,The Wall Street Journal,https://finance.yahoo.com/m/b00c1af4-941c-37c9-b1d6-d047d4d0249e/amc-stock-tumbles-after.html,1692040044,STORY
09a2e7b5-fe80-34a6-b170-243c88131107,A,2023-8-15,"US STOCKS-S&P 500, Nasdaq gain as Nvidia jumps 6%, leading megacap stocks higher",Reuters,https://finance.yahoo.com/news/us-stocks-p-500-nasdaq-184140915.html,1692038500,STORY
9296675d-1d2d-3e86-8fdd-91dae93a65f9,A,2023-8-15,"AMC Gets Go-Ahead for APE Stock Conversion, Shares Plunge",Investopedia,https://finance.yahoo.com/m/9296675d-1d2d-3e86-8fdd-91dae93a65f9/amc-gets-go-ahead-for-ape.html,1692034722,STORY
5343bf64-6195-3a69-8528-4588b9fe82ba,A,2023-8-16,"Analyst Report: Agilent Technologies, Inc.",Morningstar Research,https://finance.yahoo.com/m/5343bf64-6195-3a69-8528-4588b9fe82ba/analyst-report%3A-agilent.html,1692144256,STORY
72d7ec36-2189-380e-928c-b9335e1620fe,A,2023-8-16,Agilent Technologies cuts annual forecasts on China weakness,Reuters,https://finance.yahoo.com/news/agilent-technologies-cuts-annual-forecasts-223127068.html,1692138687,STORY
3d41f4dc-7cee-39e6-bbd2-e14ae125fffc,A,2023-8-16,"Markets Remain Sold; H&R Block (HRB), Agilent (A) Beat",Zacks,https://finance.yahoo.com/news/markets-remain-sold-h-r-222700074.html,1692138420,STORY
c59ba83a-f175-3b64-a2f7-ee3ee69f225a,A,2023-8-16,Agilent (A) Reports Q3 Earnings: What Key Metrics Have to Say,Zacks,https://finance.yahoo.com/news/agilent-reports-q3-earnings-key-220003412.html,1692136803,STORY
3101758e-54ff-36a6-b909-c0c589857318,A,2023-8-16,Agilent: Fiscal Q3 Earnings Snapshot,AP Finance,https://finance.yahoo.com/news/agilent-fiscal-q3-earnings-snapshot-201553720.html,1692130553,STORY
e10ab93a-3e3b-3646-8de7-1abd03ca1103,A,2023-8-16,Agilent Reports Third-Quarter Fiscal Year 2023 Financial Results,Business Wire,https://finance.yahoo.com/news/agilent-reports-third-quarter-fiscal-200500610.html,1692129900,STORY
1d8a0ca9-a41a-3ea9-9d25-539a27a044be,A,2023-8-16,"Home Depot, Target, Cisco, Deere, Walmart, and More Stocks to Watch This Week",Barrons.com,https://finance.yahoo.com/m/1d8a0ca9-a41a-3ea9-9d25-539a27a044be/home-depot%2C-target%2C-cisco%2C.html,1691949600,STORY
545a151a-cd7e-3c7f-acdd-6496da988b48,A,2023-8-16,Agilent Technologies (A) to Post Q3 Earnings: What's in Store?,Zacks,https://finance.yahoo.com/news/agilent-technologies-post-q3-earnings-155600380.html,1691769360,STORY
b1708438-cbb8-3d66-9fc5-3ca7a699ef23,A,2023-8-17,"Agilent Technologies, Inc.'s (NYSE:A) latest 4.9% decline adds to one-year losses, institutional investors may consider drastic measures",Simply Wall St.,https://finance.yahoo.com/news/agilent-technologies-inc-nyse-latest-104445043.html,1692269085,STORY
0c2274ae-5c4f-31a3-abb5-7d76decabf18,A,2023-8-17,S&P 500 Gains and Losses Today: Intel Shares Fall After Ending Tower Semiconductor Deal,Investopedia,https://finance.yahoo.com/m/0c2274ae-5c4f-31a3-abb5-7d76decabf18/s%26p-500-gains-and-losses.html,1692220034,STORY
def3d4f5-b695-3c7b-8a2c-19959897cc0f,A,2023-8-17,Agilent Stock Is Falling. China Weakness Hurt Guidance.,Barrons.com,https://finance.yahoo.com/m/def3d4f5-b695-3c7b-8a2c-19959897cc0f/agilent-stock-is-falling..html,1692208080,STORY
eae3f141-4ea6-3d73-8edd-f9b77a100fb1,A,2023-8-17,"Agilent (A) Q3 Earnings Beat Estimates, Revenues Fall Y/Y",Zacks,https://finance.yahoo.com/news/agilent-q3-earnings-beat-estimates-165900086.html,1692205140,STORY
93ae5c52-4ba5-3343-8722-6a1812eef866,A,2023-8-17,Is Agilent Technologies Inc (A) Modestly Undervalued? A Comprehensive Valuation Analysis,GuruFocus.com,https://finance.yahoo.com/news/agilent-technologies-inc-modestly-undervalued-163719795.html,1692203839,STORY
5343bf64-6195-3a69-8528-4588b9fe82ba,A,2023-8-17,"Analyst Report: Agilent Technologies, Inc.",Morningstar Research,https://finance.yahoo.com/m/5343bf64-6195-3a69-8528-4588b9fe82ba/analyst-report%3A-agilent.html,1692144256,STORY
72d7ec36-2189-380e-928c-b9335e1620fe,A,2023-8-17,Agilent Technologies cuts annual forecasts on China weakness,Reuters,https://finance.yahoo.com/news/agilent-technologies-cuts-annual-forecasts-223127068.html,1692138687,STORY
3d41f4dc-7cee-39e6-bbd2-e14ae125fffc,A,2023-8-17,"Markets Remain Sold; H&R Block (HRB), Agilent (A) Beat",Zacks,https://finance.yahoo.com/news/markets-remain-sold-h-r-222700074.html,1692138420,STORY
454ea587-9107-3684-aa88-126af9b957de,A,2023-8-18,The EV Startup Worth More Than GM Had Troubled U.S. Rollout,The Wall Street Journal,https://finance.yahoo.com/m/454ea587-9107-3684-aa88-126af9b957de/the-ev-startup-worth-more.html,1692305400,STORY
b12506cf-3f49-3d14-ba65-2cbfa3872c09,A,2023-8-18,VinFast Stock Has a Big Valuation. It’s Still a Risky Short.,Barrons.com,https://finance.yahoo.com/m/b12506cf-3f49-3d14-ba65-2cbfa3872c09/vinfast-stock-has-a-big.html,1692297033,STORY
c621f296-e6ae-3995-83e4-285c5aee4475,A,2023-8-18,VinFast Stock Falls for Second Day; Chinese EV Shares Rise,The Wall Street Journal,https://finance.yahoo.com/m/c621f296-e6ae-3995-83e4-285c5aee4475/vinfast-stock-falls-for.html,1692293598,STORY
4270bdbb-a857-355d-a2fe-80aab9e6a1d4,A,2023-8-18,"Stocks To Watch Thursday: Cisco, Walmart, VinFast, CVS, Hawaiian Electric",The Wall Street Journal,https://finance.yahoo.com/m/4270bdbb-a857-355d-a2fe-80aab9e6a1d4/stocks-to-watch-thursday%3A.html,1692291060,STORY
ce774c1d-486d-3562-95d6-fceee6babbd6,A,2023-8-18,"Agilent Technologies, Inc. (NYSE:A) Q3 2023 Earnings Call Transcript",Insider Monkey,https://finance.yahoo.com/news/agilent-technologies-inc-nyse-q3-153809672.html,1692286689,STORY
66ef983c-bc6c-319f-9e9c-60dcb5c0cd84,A,2023-8-18,"Investors bid VinFast Auto (NASDAQ:VFS) up US$32m despite increasing losses YoY, taking one-year return to 209%",Simply Wall St.,https://finance.yahoo.com/news/investors-bid-vinfast-auto-nasdaq-112355655.html,1692271435,STORY
b1708438-cbb8-3d66-9fc5-3ca7a699ef23,A,2023-8-18,"Agilent Technologies, Inc.'s (NYSE:A) latest 4.9% decline adds to one-year losses, institutional investors may consider drastic measures",Simply Wall St.,https://finance.yahoo.com/news/agilent-technologies-inc-nyse-latest-104445043.html,1692269085,STORY
0c2274ae-5c4f-31a3-abb5-7d76decabf18,A,2023-8-18,S&P 500 Gains and Losses Today: Intel Shares Fall After Ending Tower Semiconductor Deal,Investopedia,https://finance.yahoo.com/m/0c2274ae-5c4f-31a3-abb5-7d76decabf18/s%26p-500-gains-and-losses.html,1692220034,STORY
bb60c6a9-1a8a-3a8d-8500-f7e03944aaf9,A,2023-8-19,These 3 Tech Stocks Are Building the Future,Motley Fool,https://finance.yahoo.com/m/bb60c6a9-1a8a-3a8d-8500-f7e03944aaf9/these-3-tech-stocks-are.html,1692445500,STORY
9d11b807-da42-3d5e-90cb-26935a0e93c3,A,2023-8-19,Opinion: These Will Be the 5 Largest Stocks by 2030,Motley Fool,https://finance.yahoo.com/m/9d11b807-da42-3d5e-90cb-26935a0e93c3/opinion%3A-these-will-be-the-5.html,1692438600,STORY
692d6a49-0ae3-30d2-b549-e27a27bd7bf9,A,2023-8-19,Elon Musk says X will strip ability to block accounts,Reuters,https://finance.yahoo.com/news/elon-musk-says-x-strip-044328877.html,1692420208,STORY
efd85579-c3f3-30f9-b207-b8ce613b6868,A,2023-8-19,1 Top Tech Stock to Buy During a Recession,Motley Fool,https://finance.yahoo.com/m/efd85579-c3f3-30f9-b207-b8ce613b6868/1-top-tech-stock-to-buy.html,1692393300,STORY
0e97b8cd-90f3-3c9e-882a-ba1647673376,A,2023-8-19,Top 20 Spotify Users by Country,Insider Monkey,https://finance.yahoo.com/news/top-20-spotify-users-country-190010495.html,1692385210,STORY
65b53896-faf4-3a06-9d0d-a63cf3c83192,A,2023-8-19,Best Dow Jones Stocks To Buy And Watch In August 2023: Apple Reverses,Investor's Business Daily,https://finance.yahoo.com/m/65b53896-faf4-3a06-9d0d-a63cf3c83192/best-dow-jones-stocks-to-buy.html,1692384933,STORY
b7db461a-be46-3905-a7c2-37b75f908280,A,2023-8-19,12 Best NASDAQ ETFs,Insider Monkey,https://finance.yahoo.com/news/12-best-nasdaq-etfs-181757437.html,1692382677,STORY
85978b1c-c78f-3ada-bea5-28dffe74978d,A,2023-8-19,4 Sectors Warren Buffett Binges On: ETFs in Focus,Zacks,https://finance.yahoo.com/news/4-sectors-warren-buffett-binges-180000354.html,1692381600,STORY
e302546f-72d6-313d-96e5-4fda998d5256,A,2023-8-20,3 Tech Stocks With More Potential Than Any Cryptocurrency,Motley Fool,https://finance.yahoo.com/m/e302546f-72d6-313d-96e5-4fda998d5256/3-tech-stocks-with-more.html,1692532500,STORY
a8659129-67fb-352a-80da-c45b581935eb,A,2023-8-20,"Should Apple Buy ESPN From Disney? Wall Street Analyst Dan Ives Thinks It's a ""No-Brainer""",Motley Fool,https://finance.yahoo.com/m/a8659129-67fb-352a-80da-c45b581935eb/should-apple-buy-espn-from.html,1692525180,STORY
bdb8ea33-7096-3c4b-acee-b2a9364bf473,A,2023-8-20,2 Artificial Intelligence (AI) Growth Stocks That Could Join Apple Stock in the $3 Trillion Club by 2030,Motley Fool,https://finance.yahoo.com/m/bdb8ea33-7096-3c4b-acee-b2a9364bf473/2-artificial-intelligence.html,1692458100,STORY
2cef67dc-3b16-3786-8a17-18d0880aec63,A,2023-8-20,How Much Money Could You Get for Your Old iPhone?,Motley Fool,https://finance.yahoo.com/m/2cef67dc-3b16-3786-8a17-18d0880aec63/how-much-money-could-you-get.html,1692453619,STORY
e20199db-5e04-3c0c-bd5d-1f46c3ed2856,A,2023-8-20,Almost Half of Warren Buffett's $354 Billion Portfolio Is Invested in Only 1 Stock,Motley Fool,https://finance.yahoo.com/m/e20199db-5e04-3c0c-bd5d-1f46c3ed2856/almost-half-of-warren.html,1692450300,STORY
bb60c6a9-1a8a-3a8d-8500-f7e03944aaf9,A,2023-8-20,These 3 Tech Stocks Are Building the Future,Motley Fool,https://finance.yahoo.com/m/bb60c6a9-1a8a-3a8d-8500-f7e03944aaf9/these-3-tech-stocks-are.html,1692445500,STORY
9d11b807-da42-3d5e-90cb-26935a0e93c3,A,2023-8-20,Opinion: These Will Be the 5 Largest Stocks by 2030,Motley Fool,https://finance.yahoo.com/m/9d11b807-da42-3d5e-90cb-26935a0e93c3/opinion%3A-these-will-be-the-5.html,1692438600,STORY
692d6a49-0ae3-30d2-b549-e27a27bd7bf9,A,2023-8-20,Elon Musk says X will strip ability to block accounts,Reuters,https://finance.yahoo.com/news/elon-musk-says-x-strip-044328877.html,1692420208,STORY
20e6edd7-1891-379a-8a78-ec10125df8f3,A,2023-8-21,3 Risks Investors Should Know Before Buying Roku Stock,Motley Fool,https://finance.yahoo.com/m/20e6edd7-1891-379a-8a78-ec10125df8f3/3-risks-investors-should-know.html,1692620100,STORY
2cc5f63d-f556-32ae-8aab-3878d8ebf164,A,2023-8-21,9 Plunging Stocks Suffer 50% Of S&P 500's $2 Trillion Meltdown,Investor's Business Daily,https://finance.yahoo.com/m/2cc5f63d-f556-32ae-8aab-3878d8ebf164/9-plunging-stocks-suffer-50%25.html,1692619230,STORY
556868a3-8539-32e5-aaaa-dd6a6ab659d0,A,2023-8-21,It's Time to Load Up on Apple Stock,Motley Fool,https://finance.yahoo.com/m/556868a3-8539-32e5-aaaa-dd6a6ab659d0/it%27s-time-to-load-up-on-apple.html,1692616560,STORY
3c11c768-0d90-445d-b9e7-b5b612e6242b,A,2023-8-21,First Republican presidential debate means it's time to pay attention to 2024: Morning Brief,Yahoo Finance,https://finance.yahoo.com/news/first-republican-presidential-debate-means-its-time-to-pay-attention-to-2024-morning-brief-100011989.html,1692612011,STORY
5ab07694-9da7-320d-bf6b-a51044b80e44,A,2023-8-21,10 Stocks ChatGPT Said Will Make Me Rich in 10 Years,Insider Monkey,https://finance.yahoo.com/news/10-stocks-chatgpt-said-rich-202351994.html,1692563031,STORY
ba5c1c75-7757-3b1a-bf57-3bc176c84947,A,2023-8-21,3 Top Stocks To Buy if There Is a Market Pullback,Motley Fool,https://finance.yahoo.com/m/ba5c1c75-7757-3b1a-bf57-3bc176c84947/3-top-stocks-to-buy-if-there.html,1692550800,STORY
e302546f-72d6-313d-96e5-4fda998d5256,A,2023-8-21,3 Tech Stocks With More Potential Than Any Cryptocurrency,Motley Fool,https://finance.yahoo.com/m/e302546f-72d6-313d-96e5-4fda998d5256/3-tech-stocks-with-more.html,1692532500,STORY
a8659129-67fb-352a-80da-c45b581935eb,A,2023-8-21,"Should Apple Buy ESPN From Disney? Wall Street Analyst Dan Ives Thinks It's a ""No-Brainer""",Motley Fool,https://finance.yahoo.com/m/a8659129-67fb-352a-80da-c45b581935eb/should-apple-buy-espn-from.html,1692525180,STORY
6156c64d-59f2-3af5-b85e-590079104479,A,2023-8-22,You Don't Have to Pick a Winner in Digital Advertising. Here's Why.,Motley Fool,https://finance.yahoo.com/m/6156c64d-59f2-3af5-b85e-590079104479/you-don%27t-have-to-pick-a.html,1692702600,STORY
a8e82dc2-8e21-3a66-8120-da0a8398dd18,A,2023-8-22,Tech Stocks and Bond Yields Don’t Often Rise Together. Why It Won’t Last.,Barrons.com,https://finance.yahoo.com/m/a8e82dc2-8e21-3a66-8120-da0a8398dd18/tech-stocks-and-bond-yields.html,1692700560,STORY
9a0132d9-4fbe-3530-b160-0bb9985e5535,A,2023-8-22,2 Stocks to Invest in Virtual Reality,Motley Fool,https://finance.yahoo.com/m/9a0132d9-4fbe-3530-b160-0bb9985e5535/2-stocks-to-invest-in-virtual.html,1692699600,STORY
0dc9bdf6-ca43-3d01-9cbe-509b1c37441f,A,2023-8-22,"Prediction: 3 Unstoppable Stocks Set to Join Apple, Microsoft, Amazon, Alphabet, and Nvidia in the $1 Trillion Club by 2030",Motley Fool,https://finance.yahoo.com/m/0dc9bdf6-ca43-3d01-9cbe-509b1c37441f/prediction%3A-3-unstoppable.html,1692697860,STORY
c8491cda-be49-3f81-9bab-81628a7dfa84,A,2023-8-22,Buying These 3 Stocks Could Be the Smartest Investing Move You Ever Make,Motley Fool,https://finance.yahoo.com/m/c8491cda-be49-3f81-9bab-81628a7dfa84/buying-these-3-stocks-could.html,1692695400,STORY
a1b865dc-30bc-36b4-9d6b-ce56f567d63f,A,2023-8-22,Lawsuit claiming Apple Watch sensor exhibits 'racial bias' is dismissed,Reuters,https://finance.yahoo.com/news/lawsuit-claiming-apple-watch-sensor-220434005.html,1692655474,STORY
6734ed80-53b5-35cc-81bc-ee1789040a56,A,2023-8-22,Lionel Messi is bringing an absolutely enormous pile of money into American soccer and MLS,Fortune,https://finance.yahoo.com/news/don-t-know-much-money-203713535.html,1692650233,STORY
4d0d7b67-8013-3bf7-bdb7-c564d017ea6c,A,2023-8-22,20 Biggest Augmented Reality And VR Companies In The World,Insider Monkey,https://finance.yahoo.com/news/20-biggest-augmented-reality-vr-195138941.html,1692647498,STORY
0376265b-d817-3c71-9ea6-906a8bbe133f,A,2023-8-23,Think Markets Are Efficient? You Won't After You Look at VinFast.,Motley Fool,https://finance.yahoo.com/m/0376265b-d817-3c71-9ea6-906a8bbe133f/think-markets-are-efficient%3F.html,1692741017,STORY
22144177-80b0-3a86-a439-d89e3ff44e56,A,2023-8-23,Why New IPO Stock VinFast Surged 94% Today,Motley Fool,https://finance.yahoo.com/m/22144177-80b0-3a86-a439-d89e3ff44e56/why-new-ipo-stock-vinfast.html,1692721678,STORY
73c1dddc-abd5-3a0b-849a-1533896e9dbf,A,2023-8-23,11 Most Profitable Biotech Stocks Today,Insider Monkey,https://finance.yahoo.com/news/11-most-profitable-biotech-stocks-144940582.html,1692629380,STORY
8b16585b-dd65-3142-8242-0e6f819ba478,A,2023-8-23,Tesla continues waging price war; VinFast makes U.S. debut: This week in EVs,Investing.com,https://finance.yahoo.com/news/tesla-continues-waging-price-war-061507908.html,1692512107,STORY
53f6d8b4-b166-319f-924a-e846aeb12e9b,A,2023-8-23,VinFast slumps for third straight day after eye-popping market debut,Investing.com,https://finance.yahoo.com/news/vinfast-slumps-third-straight-day-104300376.html,1692355380,STORY
454ea587-9107-3684-aa88-126af9b957de,A,2023-8-23,The EV Startup Worth More Than GM Had Troubled U.S. Rollout,The Wall Street Journal,https://finance.yahoo.com/m/454ea587-9107-3684-aa88-126af9b957de/the-ev-startup-worth-more.html,1692305400,STORY
b12506cf-3f49-3d14-ba65-2cbfa3872c09,A,2023-8-23,VinFast Stock Has a Big Valuation. It’s Still a Risky Short.,Barrons.com,https://finance.yahoo.com/m/b12506cf-3f49-3d14-ba65-2cbfa3872c09/vinfast-stock-has-a-big.html,1692297033,STORY
c621f296-e6ae-3995-83e4-285c5aee4475,A,2023-8-23,VinFast Stock Falls for Second Day; Chinese EV Shares Rise,The Wall Street Journal,https://finance.yahoo.com/m/c621f296-e6ae-3995-83e4-285c5aee4475/vinfast-stock-falls-for.html,1692293598,STORY
64c5589c-6fe1-3484-8ce1-c02ef1c6b2e1,A,2023-8-24,Agilent Receives European IVDR Certification for Companion Diagnostic Assay,Business Wire,https://finance.yahoo.com/news/agilent-receives-european-ivdr-certification-120000888.html,1692878400,STORY
a57dcca6-217e-32c6-8fd8-3df8f7eaa444,A,2023-8-24,VinFast stock rebounds on Star Group's plans to open Vietnamese plant,Yahoo Finance Video,https://finance.yahoo.com/video/vinfast-stock-rebounds-star-groups-143959433.html,1692801599,VIDEO
887a4da6-c8cc-32c9-9a36-7cddc1abaf8e,A,2023-8-24,Why VinFast Auto Stock Swung Wildly Today After Doubling Yesterday,Motley Fool,https://finance.yahoo.com/m/887a4da6-c8cc-32c9-9a36-7cddc1abaf8e/why-vinfast-auto-stock-swung.html,1692800456,STORY
0376265b-d817-3c71-9ea6-906a8bbe133f,A,2023-8-24,Think Markets Are Efficient? You Won't After You Look at VinFast.,Motley Fool,https://finance.yahoo.com/m/0376265b-d817-3c71-9ea6-906a8bbe133f/think-markets-are-efficient%3F.html,1692741017,STORY
22144177-80b0-3a86-a439-d89e3ff44e56,A,2023-8-24,Why New IPO Stock VinFast Surged 94% Today,Motley Fool,https://finance.yahoo.com/m/22144177-80b0-3a86-a439-d89e3ff44e56/why-new-ipo-stock-vinfast.html,1692721678,STORY
73c1dddc-abd5-3a0b-849a-1533896e9dbf,A,2023-8-24,11 Most Profitable Biotech Stocks Today,Insider Monkey,https://finance.yahoo.com/news/11-most-profitable-biotech-stocks-144940582.html,1692629380,STORY
8b16585b-dd65-3142-8242-0e6f819ba478,A,2023-8-24,Tesla continues waging price war; VinFast makes U.S. debut: This week in EVs,Investing.com,https://finance.yahoo.com/news/tesla-continues-waging-price-war-061507908.html,1692512107,STORY
53f6d8b4-b166-319f-924a-e846aeb12e9b,A,2023-8-24,VinFast slumps for third straight day after eye-popping market debut,Investing.com,https://finance.yahoo.com/news/vinfast-slumps-third-straight-day-104300376.html,1692355380,STORY
5003a2d2-926c-3c66-ac29-249718b7f86b,A,2023-8-25,4 big analyst picks: AMC upgraded to Neutral after reverse split and conversion,Investing.com,https://finance.yahoo.com/news/4-big-analyst-picks-amc-050306824.html,1692939786,STORY
6f1ca1d6-0fc7-3fad-bad4-774af50fa3a3,A,2023-8-25,AMC Stock Conversion to Happen Today. What to Expect.,Barrons.com,https://finance.yahoo.com/m/6f1ca1d6-0fc7-3fad-bad4-774af50fa3a3/amc-stock-conversion-to.html,1692939600,STORY
3b9d620e-6a43-326f-b576-43e2c3d01898,A,2023-8-25,"Jackson Hole, consumer sentiment, AMC, Facebook: What to watch",Yahoo Finance Video,https://finance.yahoo.com/video/jackson-hole-consumer-sentiment-amc-211833202.html,1692911913,VIDEO
a1e4f2d4-173c-318f-8179-ce12242a5f49,A,2023-8-25,"Disney falls further, AMC drops as market awaits stock conversion",Yahoo Finance Video,https://finance.yahoo.com/video/disney-falls-further-amc-drops-195007846.html,1692906607,VIDEO
b823f167-783c-3308-953c-1994287731fd,A,2023-8-25,"AMC Stock: Behind the Memes, APEs, Conversions, and Splits",Barrons.com,https://finance.yahoo.com/m/b823f167-783c-3308-953c-1994287731fd/amc-stock%3A-behind-the-memes%2C.html,1692902925,STORY
b530c3d7-9849-3450-bee2-838a0ad51bcb,A,2023-8-25,AMC's Reverse Stock Split Takes Effect,The Wall Street Journal,https://finance.yahoo.com/m/b530c3d7-9849-3450-bee2-838a0ad51bcb/amc%27s-reverse-stock-split.html,1692895035,STORY
ed500f89-cb14-34b6-9942-20dd4e09aeee,A,2023-8-25,Is AMC Entertainment Holdings a Hidden Gem or a Value Trap?,GuruFocus.com,https://finance.yahoo.com/news/amc-entertainment-holdings-hidden-gem-163310238.html,1692894790,STORY
5ae7d8bb-6878-37cf-87f3-2a790ddae64d,A,2023-8-25,"Is AMC Stock A Buy Or Sell Now? Here's What Fundamentals, Chart Action, Fund Ownership Metrics Say",Investor's Business Daily,https://finance.yahoo.com/m/5ae7d8bb-6878-37cf-87f3-2a790ddae64d/is-amc-stock-a-buy-or-sell.html,1692892509,STORY
cb6a3e2a-0faa-3c04-8ff3-48462a3f425f,A,2023-8-26,Wedbush upgrades AMC amid stock conversion,Yahoo Finance Video,https://finance.yahoo.com/video/wedbush-upgrades-amc-amid-stock-201404408.html,1692994444,VIDEO
b41f44f8-59e3-365b-9c11-4b27b26ed3af,A,2023-8-26,AMC’s Stock Conversion Is Over But Strategists Predict More Dilution,Bloomberg,https://finance.yahoo.com/news/amc-stock-conversion-over-strategists-174154309.html,1692985314,STORY
6f1ca1d6-0fc7-3fad-bad4-774af50fa3a3,A,2023-8-26,What to Expect From AMC’s Stock Conversion Today,Barrons.com,https://finance.yahoo.com/m/6f1ca1d6-0fc7-3fad-bad4-774af50fa3a3/what-to-expect-from-amc%E2%80%99s.html,1692971940,STORY
5003a2d2-926c-3c66-ac29-249718b7f86b,A,2023-8-26,4 big analyst picks: AMC upgraded to Neutral after reverse split and conversion,Investing.com,https://finance.yahoo.com/news/4-big-analyst-picks-amc-050306824.html,1692939786,STORY
3b9d620e-6a43-326f-b576-43e2c3d01898,A,2023-8-26,"Jackson Hole, consumer sentiment, AMC, Facebook: What to watch",Yahoo Finance Video,https://finance.yahoo.com/video/jackson-hole-consumer-sentiment-amc-211833202.html,1692911913,VIDEO
a1e4f2d4-173c-318f-8179-ce12242a5f49,A,2023-8-26,"Disney falls further, AMC drops as market awaits stock conversion",Yahoo Finance Video,https://finance.yahoo.com/video/disney-falls-further-amc-drops-195007846.html,1692906607,VIDEO
b823f167-783c-3308-953c-1994287731fd,A,2023-8-26,"AMC Stock: Behind the Memes, APEs, Conversions, and Splits",Barrons.com,https://finance.yahoo.com/m/b823f167-783c-3308-953c-1994287731fd/amc-stock%3A-behind-the-memes%2C.html,1692902925,STORY
b530c3d7-9849-3450-bee2-838a0ad51bcb,A,2023-8-26,AMC's Reverse Stock Split Takes Effect,The Wall Street Journal,https://finance.yahoo.com/m/b530c3d7-9849-3450-bee2-838a0ad51bcb/amc%27s-reverse-stock-split.html,1692895035,STORY
4b037ba9-3c14-34f9-b078-981e3493cee4,A,2023-8-27,Why VinFast Auto Stock Surged 312% This Week,Motley Fool,https://finance.yahoo.com/m/4b037ba9-3c14-34f9-b078-981e3493cee4/why-vinfast-auto-stock-surged.html,1692979205,STORY
fe1e7d23-7634-3fd0-ba71-bce497140ab2,A,2023-8-27,Why VinFast Auto Jumped Today and Nearly Quadrupled This Week,Motley Fool,https://finance.yahoo.com/m/fe1e7d23-7634-3fd0-ba71-bce497140ab2/why-vinfast-auto-jumped-today.html,1692978287,STORY
b786a837-0fdf-3306-a801-d10df7a55443,A,2023-8-27,What Is VinFast Auto and Why Is the Stock Up Over 240% in 5 Days?,Motley Fool,https://finance.yahoo.com/m/b786a837-0fdf-3306-a801-d10df7a55443/what-is-vinfast-auto-and-why.html,1692971721,STORY
628171bb-2c97-34e2-9267-0c1329b34166,A,2023-8-27,"VinFast, Arm and Other Index Orphans Miss Out on Billions From Passive Investors",The Wall Street Journal,https://finance.yahoo.com/m/628171bb-2c97-34e2-9267-0c1329b34166/vinfast%2C-arm-and-other-index.html,1692932400,STORY
002880de-b472-33f8-b6e7-718faa00eab0,A,2023-8-27,Why VinFast Auto Stock Surged Another 53% Today,Motley Fool,https://finance.yahoo.com/m/002880de-b472-33f8-b6e7-718faa00eab0/why-vinfast-auto-stock-surged.html,1692892393,STORY
64c5589c-6fe1-3484-8ce1-c02ef1c6b2e1,A,2023-8-27,Agilent Receives European IVDR Certification for Companion Diagnostic Assay,Business Wire,https://finance.yahoo.com/news/agilent-receives-european-ivdr-certification-120000888.html,1692878400,STORY
a57dcca6-217e-32c6-8fd8-3df8f7eaa444,A,2023-8-27,VinFast stock rebounds on Star Group's plans to open Vietnamese plant,Yahoo Finance Video,https://finance.yahoo.com/video/vinfast-stock-rebounds-star-groups-143959433.html,1692801599,VIDEO
887a4da6-c8cc-32c9-9a36-7cddc1abaf8e,A,2023-8-27,Why VinFast Auto Stock Swung Wildly Today After Doubling Yesterday,Motley Fool,https://finance.yahoo.com/m/887a4da6-c8cc-32c9-9a36-7cddc1abaf8e/why-vinfast-auto-stock-swung.html,1692800456,STORY
fee2d714-7a65-49a2-aa6f-ef0b60311b0e,A,2023-8-28,Nvidia stock surge faces not-so-subtle risk from China,Yahoo Finance,https://finance.yahoo.com/news/nvidia-stock-surge-faces-not-so-subtle-risk-from-china-100057351.html,1693216857,STORY
653749b3-54d4-3d1f-849c-8ee420af9861,A,2023-8-28,"Terry Gou Says Apple, Tesla Links Mean China Can’t Pressure His Business",Bloomberg,https://finance.yahoo.com/news/terry-gou-says-apple-tesla-053707512.html,1693216005,STORY
c8fa9b29-3504-358b-ab0f-abf233c9ec92,A,2023-8-28,3 No-Brainer Stocks That Genius Investors Are Scooping Up Now,Motley Fool,https://finance.yahoo.com/m/c8fa9b29-3504-358b-ab0f-abf233c9ec92/3-no-brainer-stocks-that.html,1693213500,STORY
c2b7d1f0-19c8-36dc-85c0-58e88631df83,A,2023-8-28,"China cuts trading tax, 3M's reported earplugs settlement - what's moving markets",Investing.com,https://finance.yahoo.com/news/china-cuts-trading-tax-3ms-051907833.html,1693199947,STORY
1e2acc36-e425-377d-bd7b-9414fcdb3bdf,A,2023-8-28,BYD’s iPad-Making Arm Pays $2.2 Billion for Jabil China Unit,Bloomberg,https://finance.yahoo.com/news/apple-ipad-maker-byd-pays-005551939.html,1693188732,STORY
a67a423b-30aa-3529-a4e4-354d82e1f712,A,2023-8-28,30 Biggest Companies in the World by 2023 Revenue,Insider Monkey,https://finance.yahoo.com/news/30-biggest-companies-world-2023-214330618.html,1693172610,STORY
61f6c039-52ba-38e8-94b7-5d73fd72dd4d,A,2023-8-28,"Another Trump court date, US GDP update and pioneering moonshot",Financial Times,https://finance.yahoo.com/m/61f6c039-52ba-38e8-94b7-5d73fd72dd4d/another-trump-court-date%2C-us.html,1693156508,STORY
d02ff91c-e2fc-3361-8edb-cb68a58b66d9,A,2023-8-28,Better Growth Stock: Apple vs. AMD,Motley Fool,https://finance.yahoo.com/m/d02ff91c-e2fc-3361-8edb-cb68a58b66d9/better-growth-stock%3A-apple.html,1693155600,STORY
7751ffc1-ff46-3106-868e-d4cdc789a6d1,A,2023-8-29,"XPeng, VinFast, Hostess Brands: Trending Stocks",Yahoo Finance Video,https://finance.yahoo.com/video/xpeng-vinfast-hostess-brands-trending-204501123.html,1693255501,VIDEO
90fd5c6d-5b4a-3a13-b126-e1665638e193,A,2023-8-29,Why VinFast Auto Stock Jumped Again Today,Motley Fool,https://finance.yahoo.com/m/90fd5c6d-5b4a-3a13-b126-e1665638e193/why-vinfast-auto-stock-jumped.html,1693247820,STORY
43545cca-5045-3af8-b730-0a70960918ac,A,2023-8-29,"The Next Big EV Stock Could Be Here, And You May Have Never Heard Its Name",Motley Fool,https://finance.yahoo.com/m/43545cca-5045-3af8-b730-0a70960918ac/the-next-big-ev-stock-could.html,1693227600,STORY
4b037ba9-3c14-34f9-b078-981e3493cee4,A,2023-8-29,Why VinFast Auto Stock Surged 312% This Week,Motley Fool,https://finance.yahoo.com/m/4b037ba9-3c14-34f9-b078-981e3493cee4/why-vinfast-auto-stock-surged.html,1692979205,STORY
fe1e7d23-7634-3fd0-ba71-bce497140ab2,A,2023-8-29,Why VinFast Auto Jumped Today and Nearly Quadrupled This Week,Motley Fool,https://finance.yahoo.com/m/fe1e7d23-7634-3fd0-ba71-bce497140ab2/why-vinfast-auto-jumped-today.html,1692978287,STORY
b786a837-0fdf-3306-a801-d10df7a55443,A,2023-8-29,What Is VinFast Auto and Why Is the Stock Up Over 240% in 5 Days?,Motley Fool,https://finance.yahoo.com/m/b786a837-0fdf-3306-a801-d10df7a55443/what-is-vinfast-auto-and-why.html,1692971721,STORY
628171bb-2c97-34e2-9267-0c1329b34166,A,2023-8-29,"VinFast, Arm and Other Index Orphans Miss Out on Billions From Passive Investors",The Wall Street Journal,https://finance.yahoo.com/m/628171bb-2c97-34e2-9267-0c1329b34166/vinfast%2C-arm-and-other-index.html,1692932400,STORY
002880de-b472-33f8-b6e7-718faa00eab0,A,2023-8-29,Why VinFast Auto Stock Surged Another 53% Today,Motley Fool,https://finance.yahoo.com/m/002880de-b472-33f8-b6e7-718faa00eab0/why-vinfast-auto-stock-surged.html,1692892393,STORY
c6bb08cc-40a0-3d37-9dea-c7c71d2f74fb,A,2023-8-30,"Stocks to Watch Tuesday: Hawaiian Electric, Best Buy, NIO, Alphabet",The Wall Street Journal,https://finance.yahoo.com/m/c6bb08cc-40a0-3d37-9dea-c7c71d2f74fb/stocks-to-watch-tuesday%3A.html,1693329760,STORY
88079000-0971-3d84-9b80-54cd76e008f0,A,2023-8-30,"Calculating The Intrinsic Value Of Agilent Technologies, Inc. (NYSE:A)",Simply Wall St.,https://finance.yahoo.com/news/calculating-intrinsic-value-agilent-technologies-140025091.html,1693317625,STORY
7751ffc1-ff46-3106-868e-d4cdc789a6d1,A,2023-8-30,"XPeng, VinFast, Hostess Brands: Trending Stocks",Yahoo Finance Video,https://finance.yahoo.com/video/xpeng-vinfast-hostess-brands-trending-204501123.html,1693255501,VIDEO
90fd5c6d-5b4a-3a13-b126-e1665638e193,A,2023-8-30,Why VinFast Auto Stock Jumped Again Today,Motley Fool,https://finance.yahoo.com/m/90fd5c6d-5b4a-3a13-b126-e1665638e193/why-vinfast-auto-stock-jumped.html,1693247820,STORY
43545cca-5045-3af8-b730-0a70960918ac,A,2023-8-30,"The Next Big EV Stock Could Be Here, And You May Have Never Heard Its Name",Motley Fool,https://finance.yahoo.com/m/43545cca-5045-3af8-b730-0a70960918ac/the-next-big-ev-stock-could.html,1693227600,STORY
4b037ba9-3c14-34f9-b078-981e3493cee4,A,2023-8-30,Why VinFast Auto Stock Surged 312% This Week,Motley Fool,https://finance.yahoo.com/m/4b037ba9-3c14-34f9-b078-981e3493cee4/why-vinfast-auto-stock-surged.html,1692979205,STORY
fe1e7d23-7634-3fd0-ba71-bce497140ab2,A,2023-8-30,Why VinFast Auto Jumped Today and Nearly Quadrupled This Week,Motley Fool,https://finance.yahoo.com/m/fe1e7d23-7634-3fd0-ba71-bce497140ab2/why-vinfast-auto-jumped-today.html,1692978287,STORY
b786a837-0fdf-3306-a801-d10df7a55443,A,2023-8-30,What Is VinFast Auto and Why Is the Stock Up Over 240% in 5 Days?,Motley Fool,https://finance.yahoo.com/m/b786a837-0fdf-3306-a801-d10df7a55443/what-is-vinfast-auto-and-why.html,1692971721,STORY
fc3085d1-cb7e-30da-9396-de504f3e9a94,A,2023-8-31,Vinfast 'certainly is' a new meme stock: Here's why,Yahoo Finance Video,https://finance.yahoo.com/video/vinfast-certainly-meme-stock-heres-212529953.html,1693430729,VIDEO
9afe67cd-ca3d-44f7-aa83-d14355cd2ea6,A,2023-8-31,VinFast: The Vietnamese EV maker with a sky-high valuation and volatile trading,Yahoo Finance,https://finance.yahoo.com/news/vinfast-the-vietnamese-ev-maker-with-a-sky-high-valuation-and-volatile-trading-185855846.html,1693421935,STORY
bf8b0128-b99b-394c-89b9-c296ffe42a6b,A,2023-8-31,"Sunrun, HP Enterprise, VinFast: Trending Tickers",Yahoo Finance Video,https://finance.yahoo.com/video/sunrun-hp-enterprise-vinfast-trending-143955022.html,1693406395,VIDEO
508bf129-4bb6-32c7-8dee-b25b7695526f,A,2023-8-31,Short-seller Jim Chanos called Vietnamese carmaker VinFast a $200 billion ‘meme stock’—the price collapsed hours later,Fortune,https://finance.yahoo.com/news/short-seller-jim-chanos-called-122724674.html,1693398444,STORY
c6bb08cc-40a0-3d37-9dea-c7c71d2f74fb,A,2023-8-31,"Stocks to Watch Tuesday: Hawaiian Electric, Best Buy, NIO, Alphabet",The Wall Street Journal,https://finance.yahoo.com/m/c6bb08cc-40a0-3d37-9dea-c7c71d2f74fb/stocks-to-watch-tuesday%3A.html,1693329760,STORY
88079000-0971-3d84-9b80-54cd76e008f0,A,2023-8-31,"Calculating The Intrinsic Value Of Agilent Technologies, Inc. (NYSE:A)",Simply Wall St.,https://finance.yahoo.com/news/calculating-intrinsic-value-agilent-technologies-140025091.html,1693317625,STORY
7751ffc1-ff46-3106-868e-d4cdc789a6d1,A,2023-8-31,"XPeng, VinFast, Hostess Brands: Trending Stocks",Yahoo Finance Video,https://finance.yahoo.com/video/xpeng-vinfast-hostess-brands-trending-204501123.html,1693255501,VIDEO
90fd5c6d-5b4a-3a13-b126-e1665638e193,A,2023-8-31,Why VinFast Auto Stock Jumped Again Today,Motley Fool,https://finance.yahoo.com/m/90fd5c6d-5b4a-3a13-b126-e1665638e193/why-vinfast-auto-stock-jumped.html,1693247820,STORY
52fe4ec9-f746-3233-9ab3-cf0120b8dab7,A,2023-9-1,Nvidia's market cap climbs amid tech turbulence in August,Reuters,https://finance.yahoo.com/news/nvidias-market-cap-climbs-amid-120309337.html,1693569789,STORY
cfeb4b32-8598-35c1-abe9-d615c79efa67,A,2023-9-1,"These Stocks Are Moving the Most Today: Dell, Broadcom, Tesla, Apple, Nutanix, MongoDB, PagerDuty, and More",Barrons.com,https://finance.yahoo.com/m/cfeb4b32-8598-35c1-abe9-d615c79efa67/these-stocks-are-moving-the.html,1693565100,STORY
fa667bef-bf15-3d71-9ee7-360506fb9c6b,A,2023-9-1,"2 Warren Buffett Stocks That Are Screaming Buys in September, and 1 to Avoid Like the Plague",Motley Fool,https://finance.yahoo.com/m/fa667bef-bf15-3d71-9ee7-360506fb9c6b/2-warren-buffett-stocks-that.html,1693559160,STORY
d7261150-ea55-3fae-aba0-977ca1ed5409,A,2023-9-1,Apple Ends Historic Winning Streak. The iPhone 15 Can’t Come Soon Enough.,Barrons.com,https://finance.yahoo.com/m/d7261150-ea55-3fae-aba0-977ca1ed5409/apple-ends-historic-winning.html,1693558020,STORY
31611787-3eb0-3431-8b81-c8e5e91add2e,A,2023-9-1,Long-Term Returns of David Einhorn’s Activist Targets,Insider Monkey,https://finance.yahoo.com/news/long-term-returns-david-einhorn-032002417.html,1693538402,STORY
e5f4c288-5e6f-3551-9d45-6d86672ec1c3,A,2023-9-1,Goldman Sachs Growth Stocks: Top 12 Stocks,Insider Monkey,https://finance.yahoo.com/news/goldman-sachs-growth-stocks-top-030336914.html,1693537416,STORY
68a67bf6-84fe-3ab9-a59f-8bdf30b1ac89,A,2023-9-1,Apple reportedly doing 3D printing trials for watches,Fox Business,https://finance.yahoo.com/news/apple-reportedly-doing-3d-printing-220715796.html,1693519635,STORY
62f859e4-98c8-4218-8e73-49fa71057384,A,2023-9-1,'Magnificent Seven' investing playbook: Meta stock's path to $350 probably runs through AI,Yahoo Finance,https://finance.yahoo.com/news/magnificent-seven-investing-playbook-meta-stocks-path-to-350-probably-runs-through-ai-205639438.html,1693515399,STORY
129f405f-62a0-3f88-9b4b-31d04bbd3e78,A,2023-9-2,Is It Time To Consider Buying Broadcom Inc. (NASDAQ:AVGO)?,Simply Wall St.,https://finance.yahoo.com/news/time-consider-buying-broadcom-inc-120042917.html,1693656042,STORY
cfeb4b32-8598-35c1-abe9-d615c79efa67,A,2023-9-2,"These Stocks Moved the Most Today: Dell, Elastic, Nutanix, Warner Bros. Discovery, Samsara, Broadcom, and More",Barrons.com,https://finance.yahoo.com/m/cfeb4b32-8598-35c1-abe9-d615c79efa67/these-stocks-moved-the-most.html,1693599960,STORY
7e5719b4-18a6-3127-8c5f-beec15a204dc,A,2023-9-2,US STOCKS-S&P 500 ends higher as jobs data fuels rate-hike optimism,Reuters,https://finance.yahoo.com/news/us-stocks-p-500-ends-201938458.html,1693599578,STORY
da79d3d1-2559-35f6-b4bc-f62b00f93f96,A,2023-9-2,Broadcom Beats Quarterly Estimates But Offers In-Line Outlook,Investor's Business Daily,https://finance.yahoo.com/m/da79d3d1-2559-35f6-b4bc-f62b00f93f96/broadcom-beats-quarterly.html,1693598935,STORY
aa958625-7e69-3146-8220-3bca248100e7,A,2023-9-2,Why Broadcom Stock Turned Tail Today,Motley Fool,https://finance.yahoo.com/m/aa958625-7e69-3146-8220-3bca248100e7/why-broadcom-stock-turned.html,1693595640,STORY
2dabb452-aa08-3106-aa49-8ed0b29f86dd,A,2023-9-2,US STOCKS-Wall Street mixed as jobs data fuels rate-hike optimism,Reuters,https://finance.yahoo.com/news/us-stocks-wall-street-mixed-182641762.html,1693592801,STORY
7020b6e4-5869-3612-95f3-c8d59bbd7f7b,A,2023-9-2,Broadcom and Nvidia Stocks Fall,The Wall Street Journal,https://finance.yahoo.com/m/7020b6e4-5869-3612-95f3-c8d59bbd7f7b/broadcom-and-nvidia-stocks.html,1693591456,STORY
73736489-8438-3390-b499-2ff63b43e83f,A,2023-9-2,"Broadcom's Guidance Falls Short on Phone Chip Sales, Less-Than-Expected AI Boost",Investopedia,https://finance.yahoo.com/m/73736489-8438-3390-b499-2ff63b43e83f/broadcom%27s-guidance-falls.html,1693589644,STORY
9f345fa9-e135-34be-b4df-1187bee3ee2e,A,2023-9-3,Agilent Technologies Insiders Sold US$12m Of Shares Suggesting Hesitancy,Simply Wall St.,https://finance.yahoo.com/news/agilent-technologies-insiders-sold-us-120016473.html,1693742416,STORY
70f3b228-84bc-3783-8fad-3f863574bf05,A,2023-9-3,Why You Should—or Shouldn’t—Upgrade to the iPhone 15,The Wall Street Journal,https://finance.yahoo.com/m/70f3b228-84bc-3783-8fad-3f863574bf05/why-you-should%E2%80%94or.html,1693733400,STORY
c6c760f1-28f9-3eef-82a7-97a52b172dcb,A,2023-9-3,"SoftBank Lines Up Apple, Nvidia as Strategic Arm IPO Backers",Bloomberg,https://finance.yahoo.com/news/softbank-lines-apple-nvidia-strategic-223156138.html,1693674594,STORY
3d327bb4-a200-40d9-8d17-724b3b309950,A,2023-9-3,Here's why stocks may surprise to the upside in September,Yahoo Finance,https://finance.yahoo.com/news/heres-why-stocks-may-surprise-to-the-upside-in-september-140009459.html,1693663209,STORY
84b914e9-8073-3bfe-b0e0-ada4b173054d,A,2023-9-3,"Fitbits, Apple Watches and Other Fitness Trackers Really Do Make You Healthier",The Wall Street Journal,https://finance.yahoo.com/m/84b914e9-8073-3bfe-b0e0-ada4b173054d/fitbits%2C-apple-watches-and.html,1693659600,STORY
c3c796e8-f5c5-3934-988f-8ab137060333,A,2023-9-3,People Seem to Think AI Is the Best Investing Opportunity of Our Lifetime. How True Is That?,Motley Fool,https://finance.yahoo.com/m/c3c796e8-f5c5-3934-988f-8ab137060333/people-seem-to-think-ai-is.html,1693651320,STORY
3da5de4c-4a72-343d-81d2-b5beb7f624e1,A,2023-9-3,20 Best Companies to Work For in 2023,Insider Monkey,https://finance.yahoo.com/news/20-best-companies-2023-103808139.html,1693651088,STORY
446df7af-b81a-3010-83c3-4cf7d85f39ae,A,2023-9-3,2 Spectacular Warren Buffett Stocks to Buy in September,Motley Fool,https://finance.yahoo.com/m/446df7af-b81a-3010-83c3-4cf7d85f39ae/2-spectacular-warren-buffett.html,1693649760,STORY
9f345fa9-e135-34be-b4df-1187bee3ee2e,A,2023-9-4,Agilent Technologies Insiders Sold US$12m Of Shares Suggesting Hesitancy,Simply Wall St.,https://finance.yahoo.com/news/agilent-technologies-insiders-sold-us-120016473.html,1693742416,STORY
70f3b228-84bc-3783-8fad-3f863574bf05,A,2023-9-4,Why You Should—or Shouldn’t—Upgrade to the iPhone 15,The Wall Street Journal,https://finance.yahoo.com/m/70f3b228-84bc-3783-8fad-3f863574bf05/why-you-should%E2%80%94or.html,1693733400,STORY
c6c760f1-28f9-3eef-82a7-97a52b172dcb,A,2023-9-4,"SoftBank Lines Up Apple, Nvidia as Strategic Arm IPO Backers",Bloomberg,https://finance.yahoo.com/news/softbank-lines-apple-nvidia-strategic-223156138.html,1693674594,STORY
3d327bb4-a200-40d9-8d17-724b3b309950,A,2023-9-4,Here's why stocks may surprise to the upside in September,Yahoo Finance,https://finance.yahoo.com/news/heres-why-stocks-may-surprise-to-the-upside-in-september-140009459.html,1693663209,STORY
84b914e9-8073-3bfe-b0e0-ada4b173054d,A,2023-9-4,"Fitbits, Apple Watches and Other Fitness Trackers Really Do Make You Healthier",The Wall Street Journal,https://finance.yahoo.com/m/84b914e9-8073-3bfe-b0e0-ada4b173054d/fitbits%2C-apple-watches-and.html,1693659600,STORY
c3c796e8-f5c5-3934-988f-8ab137060333,A,2023-9-4,People Seem to Think AI Is the Best Investing Opportunity of Our Lifetime. How True Is That?,Motley Fool,https://finance.yahoo.com/m/c3c796e8-f5c5-3934-988f-8ab137060333/people-seem-to-think-ai-is.html,1693651320,STORY
3da5de4c-4a72-343d-81d2-b5beb7f624e1,A,2023-9-4,20 Best Companies to Work For in 2023,Insider Monkey,https://finance.yahoo.com/news/20-best-companies-2023-103808139.html,1693651088,STORY
446df7af-b81a-3010-83c3-4cf7d85f39ae,A,2023-9-4,2 Spectacular Warren Buffett Stocks to Buy in September,Motley Fool,https://finance.yahoo.com/m/446df7af-b81a-3010-83c3-4cf7d85f39ae/2-spectacular-warren-buffett.html,1693649760,STORY
459f20c6-4e42-3a50-9c10-5618af7eaf39,A,2023-9-5,UPDATE 1-Illumina names Agilent exec Jacob Thaysen as CEO,Reuters,https://finance.yahoo.com/news/1-illumina-names-agilent-exec-114547984.html,1693914347,STORY
fc77f163-a73f-3327-b1e2-9f198b4b2f70,A,2023-9-5,Illumina names Agilent exec Jacob Thaysen as CEO,Reuters,https://finance.yahoo.com/news/illumina-names-agilent-exec-jacob-114049578.html,1693914049,STORY
a914b0a3-8716-3a7c-9009-719aad174dba,A,2023-9-5,Agilent Names Philip Binns to Lead Life Sciences and Applied Markets Group,Business Wire,https://finance.yahoo.com/news/agilent-names-philip-binns-lead-112000201.html,1693912800,STORY
be637550-f72c-320a-bd56-4d2c84800258,A,2023-9-5,Messi Drives Jump in Apple TV+ and MLS Subscriptions,The Wall Street Journal,https://finance.yahoo.com/m/be637550-f72c-320a-bd56-4d2c84800258/messi-drives-jump-in-apple.html,1693911600,STORY
ce647462-3a2c-35d6-85f9-ba68c51d4e72,A,2023-9-5,Meta Platforms' Growth Is Being Driven by Chinese E-Commerce Companies. Here's Why It's a Red Flag for Amazon's Future.,Motley Fool,https://finance.yahoo.com/m/ce647462-3a2c-35d6-85f9-ba68c51d4e72/meta-platforms%27-growth-is.html,1693905000,STORY
75911923-498f-3a28-90e7-0d8410f05192,A,2023-9-5,PRESS DIGEST- Financial Times - Sept. 5,Reuters,https://finance.yahoo.com/news/press-digest-financial-times-sept-002549874.html,1693873549,STORY
801fee39-7dcb-3b52-9e01-ecc9ce9383d4,A,2023-9-5,"Apple and Microsoft say some services not popular to be ""gatekeepers"" under EU's new Digital Market Act- FT",Reuters,https://finance.yahoo.com/news/apple-microsoft-services-not-popular-202009396.html,1693858809,STORY
fb8849c7-292b-3c13-a140-e4cf4a8d295a,A,2023-9-5,Apple and Microsoft fight Brussels over ‘gatekeeper’ label for iMessage and Bing,Financial Times,https://finance.yahoo.com/m/fb8849c7-292b-3c13-a140-e4cf4a8d295a/apple-and-microsoft-fight.html,1693857624,STORY
5daa500c-3147-3dc9-8f5e-d508fa140873,A,2023-9-6,The best GPS running watches for 2023,Engadget,https://finance.yahoo.com/m/5daa500c-3147-3dc9-8f5e-d508fa140873/the-best-gps-running-watches.html,1694001006,STORY
b3e5b6db-a365-3b46-8c51-0c11b10f1d02,A,2023-9-6,Apple’s iPhone 15 Faces a Hurdle in China. It Shouldn’t Hurt Revenue Growth.,Barrons.com,https://finance.yahoo.com/m/b3e5b6db-a365-3b46-8c51-0c11b10f1d02/apple%E2%80%99s-iphone-15-faces-a.html,1693999140,STORY
b13b130e-aac2-35ce-af2c-57871b39fd35,A,2023-9-6,UPDATE 2-Big Tech's core businesses face overhaul under EU tech rules,Reuters,https://finance.yahoo.com/news/1-big-techs-core-businesses-105941059.html,1693997981,STORY
c8e72816-69d8-3b50-805c-cc800906b215,A,2023-9-6,Big Tech faces fresh legal obligations as Brussels lists services bound by new rules,Financial Times,https://finance.yahoo.com/m/c8e72816-69d8-3b50-805c-cc800906b215/big-tech-faces-fresh-legal.html,1693996204,STORY
ef6d9f3e-6407-32da-8c5e-a97f4952ef7f,A,2023-9-6,Apple slips lower on report of China government iPhone ban,TheStreet.com,https://finance.yahoo.com/m/ef6d9f3e-6407-32da-8c5e-a97f4952ef7f/apple-slips-lower-on-report.html,1693995960,STORY
9ed0aa7b-f5da-3831-8d92-487c229a9f47,A,2023-9-6,FirstFT: US to investigate chips used in Huawei’s new smartphone,Financial Times,https://finance.yahoo.com/m/9ed0aa7b-f5da-3831-8d92-487c229a9f47/firstft%3A-us-to-investigate.html,1693995140,STORY
15ae7ea4-9462-31ff-acaa-ab9532154f9d,A,2023-9-6,China Bans iPhone Use for Government Officials at Work,The Wall Street Journal,https://finance.yahoo.com/m/15ae7ea4-9462-31ff-acaa-ab9532154f9d/china-bans-iphone-use-for.html,1693993620,STORY
e9e77f91-e532-3d45-a4ed-d3961d004844,A,2023-9-6,"EU targets Apple, Amazon, Alphabet, ByteDance, Meta, Microsoft in next phase of digital crackdown",AP Finance,https://finance.yahoo.com/news/eu-targets-apple-amazon-alphabet-094347485.html,1693993427,STORY
148e9e10-a8a4-327a-91a5-1bfb2cb33e70,A,2023-9-7,Dow Jones Futures Fall Ahead Of Jobless Claims; Apple Sells Off On Expanded China Ban,Investor's Business Daily,https://finance.yahoo.com/m/148e9e10-a8a4-327a-91a5-1bfb2cb33e70/dow-jones-futures-fall-ahead.html,1694088399,STORY
6a8b7573-19a6-351e-b106-eb7423c9a2fe,A,2023-9-7,"Dow Jones Futures Fall: S&P 500 Breaks Key Level On Fed Fears, Apple Woes; What To Do Now",Investor's Business Daily,https://finance.yahoo.com/m/6a8b7573-19a6-351e-b106-eb7423c9a2fe/dow-jones-futures-fall%3A-s%26p.html,1694088306,STORY
5e9d82a7-0e1f-3216-b36b-72c1167f4cbe,A,2023-9-7,"September Slide, China Dunks Apple, Trading a Weak Nvidia, Defense Gut Punch",TheStreet.com,https://finance.yahoo.com/m/5e9d82a7-0e1f-3216-b36b-72c1167f4cbe/september-slide%2C-china-dunks.html,1694087220,STORY
d76759f2-ad66-30d5-b9bd-ff585f4e0346,A,2023-9-7,5 Things to Know Before Markets Open,Investopedia,https://finance.yahoo.com/m/d76759f2-ad66-30d5-b9bd-ff585f4e0346/5-things-to-know-before.html,1694086879,STORY
159dc88c-dc42-3dc9-a9b2-35b29bf0bf8d,A,2023-9-7,Apple Poised to Shed $194 Billion as China Broadens iPhone Ban,Bloomberg,https://finance.yahoo.com/news/apple-poised-shed-194-billion-113425267.html,1694086465,STORY
b3e5b6db-a365-3b46-8c51-0c11b10f1d02,A,2023-9-7,The iPhone 15 Faces a New Hurdle. What It Means for Apple’s Revenue Growth.,Barrons.com,https://finance.yahoo.com/m/b3e5b6db-a365-3b46-8c51-0c11b10f1d02/the-iphone-15-faces-a-new.html,1694083800,STORY
53fdebcb-1f48-3a2e-92b0-ce6031cbabea,A,2023-9-7,Apple Stock Is Under Pressure. How China Is Killing the iPhone 15 Hype.,Barrons.com,https://finance.yahoo.com/m/53fdebcb-1f48-3a2e-92b0-ce6031cbabea/apple-stock-is-under.html,1694083260,STORY
faab03af-0b49-3078-add6-5bee492c519e,A,2023-9-7,China moves to widen state employee iPhone curbs - sources,Reuters,https://finance.yahoo.com/news/china-moves-widen-state-employee-103305828.html,1694082785,STORY
a3dc9d2b-1e6a-3e0e-b7d2-359c6e0a4606,A,2023-9-8,Analysts Just Trimmed Price Targets for These 10 Stocks,Insider Monkey,https://finance.yahoo.com/news/analysts-just-trimmed-price-targets-121344124.html,1694175224,STORY
4ecaeeba-80f0-3b70-a147-517d5a58fc29,A,2023-9-8,Dow Jones Futures Fall As Market Rally Nears Big Test; Meta Leads 4 Stocks Near Buy Points,Investor's Business Daily,https://finance.yahoo.com/m/4ecaeeba-80f0-3b70-a147-517d5a58fc29/dow-jones-futures-fall-as.html,1694175014,STORY
1a177407-a97b-355c-958d-87cec8d91860,A,2023-9-8,A Look At The Intrinsic Value Of Apple Inc. (NASDAQ:AAPL),Simply Wall St.,https://finance.yahoo.com/news/look-intrinsic-value-apple-inc-120012318.html,1694174412,STORY
c1ff3369-f4b5-3c1b-947e-850771c6e91d,A,2023-9-8,Apple issues emergency patch after Pegasus spyware breach,Financial Times,https://finance.yahoo.com/m/c1ff3369-f4b5-3c1b-947e-850771c6e91d/apple-issues-emergency-patch.html,1694173500,STORY
a4a2c197-2503-3114-9043-bbbc264b7bdc,A,2023-9-8,"Market Blame Game, Apple, China and Huawei, Intel and GlobalFoundries Heat Up",TheStreet.com,https://finance.yahoo.com/m/a4a2c197-2503-3114-9043-bbbc264b7bdc/market-blame-game%2C-apple%2C.html,1694172780,STORY
28c9eb98-05a5-3a33-af40-2bdf3a3e3c64,A,2023-9-8,EXPLAINER-What is in Huawei's new smartphone challenger to Apple?,Reuters,https://finance.yahoo.com/news/explainer-huaweis-smartphone-challenger-apple-113007779.html,1694172607,STORY
32dde103-2953-3619-bc5a-5e35ec9e2080,A,2023-9-8,Apple Stock Halts Slide. What Analysts Say About Its Recovery Chances.,Barrons.com,https://finance.yahoo.com/m/32dde103-2953-3619-bc5a-5e35ec9e2080/apple-stock-halts-slide.-what.html,1694172595,STORY
1f2d05fa-9c0e-3e47-9c23-f6f8eabf0a2b,A,2023-9-8,Dollar Slips From Six-Month High; Stocks Fluctuate: Markets Wrap,Bloomberg,https://finance.yahoo.com/news/asia-stocks-wall-street-apple-222748580.html,1694171138,STORY
adf86857-6fcf-31e1-aae0-fab15e31db5c,A,2023-9-9,"Dow Jones Futures: Rally Battered, Not Broken; Apple, 6 Cathie Wood Stocks Near Buy Points",Investor's Business Daily,https://finance.yahoo.com/m/adf86857-6fcf-31e1-aae0-fab15e31db5c/dow-jones-futures%3A-rally.html,1694260862,STORY
787bc92a-0976-3b67-b578-08a6dbd3c73d,A,2023-9-9,Is Apple Stock Overvalued?,Motley Fool,https://finance.yahoo.com/m/787bc92a-0976-3b67-b578-08a6dbd3c73d/is-apple-stock-overvalued%3F.html,1694252700,STORY
1dcd653f-423a-320f-be21-2b19cd1449a7,A,2023-9-9,Apple faces tough test with iPhone 15 launch in China amid government use ban and as Huawei fights back with Mate 60 Pro,South China Morning Post,https://finance.yahoo.com/news/apple-faces-tough-test-iphone-093000759.html,1694251800,STORY
bd701d4b-62ea-31a4-a372-ac1442d9e380,A,2023-9-9,Apple’s China Dependency Spooks Investors After Ban,The Wall Street Journal,https://finance.yahoo.com/m/bd701d4b-62ea-31a4-a372-ac1442d9e380/apple%E2%80%99s-china-dependency.html,1694232060,STORY
b130c8ee-6875-3d95-9728-33e3b15ca9df,A,2023-9-9,He Took On the World’s Most Valuable Company—and Won,The Wall Street Journal,https://finance.yahoo.com/m/b130c8ee-6875-3d95-9728-33e3b15ca9df/he-took-on-the-world%E2%80%99s-most.html,1694221200,STORY
d9ba0267-671b-3f3d-9691-9013c91a0d53,A,2023-9-9,"Apple Stock Should Climb, Despite Move by China. Plus, the Case for CME Group.",Barrons.com,https://finance.yahoo.com/m/d9ba0267-671b-3f3d-9691-9013c91a0d53/apple-stock-should-climb%2C.html,1694215200,STORY
7b9d582d-114e-32bf-946c-23ce26a4ce53,A,2023-9-9,"VOO And SPY Up, IVV And VGT Down -  ETF Winners And Losers: Large-Cap Fund Flows",Benzinga,https://finance.yahoo.com/news/voo-spy-ivv-vgt-down-224931285.html,1694213371,STORY
3407fe01-b89b-3070-aca5-52e7a4760949,A,2023-9-9,Weekly Roundup,TheStreet.com,https://finance.yahoo.com/m/3407fe01-b89b-3070-aca5-52e7a4760949/weekly-roundup.html,1694212860,STORY
2e54b317-d730-37eb-8e84-51525845f1e7,A,2023-9-10,Swiss Bank Doubled Down on EV Stock Rivian and Won Big,Barrons.com,https://finance.yahoo.com/m/2e54b317-d730-37eb-8e84-51525845f1e7/swiss-bank-doubled-down-on-ev.html,1694347200,STORY
aa5e9d25-fb49-32d2-ad55-d886ba0e0336,A,2023-9-10,Beleaguered Google faces day in court as Biden cracks down on monopolies,The Telegraph,https://finance.yahoo.com/m/aa5e9d25-fb49-32d2-ad55-d886ba0e0336/beleaguered-google-faces-day.html,1694344301,STORY
8755f197-b0a1-388e-a77e-584d5df4cda9,A,2023-9-10,Apple Just Shed More Than $230 Billion In Market Cap. Here's Why It's a Buying Opportunity.,Motley Fool,https://finance.yahoo.com/m/8755f197-b0a1-388e-a77e-584d5df4cda9/apple-just-shed-more-than.html,1694344200,STORY
adf86857-6fcf-31e1-aae0-fab15e31db5c,A,2023-9-10,"Dow Jones Futures: Market Rally Battered; Apple iPhone, AI Giants Oracle, Adobe Loom",Investor's Business Daily,https://finance.yahoo.com/m/adf86857-6fcf-31e1-aae0-fab15e31db5c/dow-jones-futures%3A-market.html,1694319482,STORY
1ceb26ba-ef1b-4f5e-b2b1-54f7d4be9e18,A,2023-9-10,Apple event: Everything we expect from the company’s Sept. 12 showcase,Yahoo Finance,https://finance.yahoo.com/news/apple-event-everything-we-expect-from-the-companys-sept-12-showcase-153015904.html,1694272669,STORY
10f3810a-e8f0-3aa6-8d72-86a456966d8b,A,2023-9-10,iOS vs Android Market Share by Country: Top 30 Countries Using iPhones,Insider Monkey,https://finance.yahoo.com/news/ios-vs-android-market-share-135251641.html,1694267571,STORY
e800abb0-7321-360a-bf76-608266b3383b,A,2023-9-10,Could Intel's Mystery Foundry Customer Be Apple?,Motley Fool,https://finance.yahoo.com/m/e800abb0-7321-360a-bf76-608266b3383b/could-intel%27s-mystery-foundry.html,1694263800,STORY
63c36803-15d4-3176-b782-1ba7475f4a85,A,2023-9-10,This Warren Buffett Stock Looks Too Good to Pass Up Right Now,Motley Fool,https://finance.yahoo.com/m/63c36803-15d4-3176-b782-1ba7475f4a85/this-warren-buffett-stock.html,1694262060,STORY
f86b6958-3fc8-302d-824e-9d9eaf5b63b1,A,2023-9-11,Apple Has a $74 Billion Problem,Motley Fool,https://finance.yahoo.com/m/f86b6958-3fc8-302d-824e-9d9eaf5b63b1/apple-has-a-%2474-billion.html,1694434500,STORY
adf86857-6fcf-31e1-aae0-fab15e31db5c,A,2023-9-11,Dow Jones Futures Rise; Tesla Stock Eyes Buy Signal On Huge Price Target Hike,Investor's Business Daily,https://finance.yahoo.com/m/adf86857-6fcf-31e1-aae0-fab15e31db5c/dow-jones-futures-rise%3B-tesla.html,1694434082,STORY
a10aa54c-d304-3da8-8a15-b1844cbf0dbd,A,2023-9-11,"These Stocks Are Moving the Most Today: Tesla, Qualcomm, Alibaba, Hostess Brands, Apple, and More",Barrons.com,https://finance.yahoo.com/m/a10aa54c-d304-3da8-8a15-b1844cbf0dbd/these-stocks-are-moving-the.html,1694433780,STORY
134ce0ec-188f-3f3d-82d5-afd8dca66a1b,A,2023-9-11,Dow Jones Futures Rise As Inflation Data Looms; Tesla Stock Surges On Upgrade,Investor's Business Daily,https://finance.yahoo.com/m/134ce0ec-188f-3f3d-82d5-afd8dca66a1b/dow-jones-futures-rise-as.html,1694433580,STORY
b6a90adb-7cdd-3baa-a5c5-7162ce33aa10,A,2023-9-11,Qualcomm to Supply Apple With iPhone Chips Through 2026. The Stock Is Flying.,Barrons.com,https://finance.yahoo.com/m/b6a90adb-7cdd-3baa-a5c5-7162ce33aa10/qualcomm-to-supply-apple-with.html,1694433540,STORY
fce55a1d-da21-34e2-b092-d893239e0415,A,2023-9-11,Google Antitrust Case: Why Apple Will Be Part Of The Courtroom Drama,Investor's Business Daily,https://finance.yahoo.com/m/fce55a1d-da21-34e2-b092-d893239e0415/google-antitrust-case%3A-why.html,1694433513,STORY
44c308aa-393e-3c47-a992-e9417aa59304,A,2023-9-11,Qualcomm surges after signing 3-year 5G-chip-supply deal with Apple,TheStreet.com,https://finance.yahoo.com/m/44c308aa-393e-3c47-a992-e9417aa59304/qualcomm-surges-after-signing.html,1694433180,STORY
fcff5db5-acdc-439c-91b7-dafc2910b8bd,A,2023-9-11,"Apple strikes chip supply agreement with Qualcomm, suggesting it isn't yet ready to go it alone",Yahoo Finance,https://finance.yahoo.com/news/apple-strikes-chip-supply-agreement-with-qualcomm-suggesting-it-isnt-yet-ready-to-go-it-alone-114830164.html,1694432910,STORY
a21be840-3d37-3575-a945-3f8975bdd202,A,2023-9-12,"iPhone 15 launch today: Release date, price, and new features",The Telegraph,https://finance.yahoo.com/m/a21be840-3d37-3575-a945-3f8975bdd202/iphone-15-launch-today%3A.html,1694520879,STORY
d9756dbd-9d99-3076-a47c-a5a941eace67,A,2023-9-12,Apple Stock: Time to Buy the Dip?,Motley Fool,https://finance.yahoo.com/m/d9756dbd-9d99-3076-a47c-a5a941eace67/apple-stock%3A-time-to-buy-the.html,1694520752,STORY
69b41a48-5d8e-3656-96ae-070f3f34bdd5,A,2023-9-12,Dow Jones Futures Fall As Oracle Plunges On Earnings; Apple iPhone 15 Event To Start,Investor's Business Daily,https://finance.yahoo.com/m/69b41a48-5d8e-3656-96ae-070f3f34bdd5/dow-jones-futures-fall-as.html,1694520004,STORY
7274d717-f5fc-3551-9bbe-b7a651fc0cbb,A,2023-9-12,"Dow Jones Futures Fall: Tesla Stock Breaks Out; Key Inflation Reports, Apple iPhone 15 Event Next",Investor's Business Daily,https://finance.yahoo.com/m/7274d717-f5fc-3551-9bbe-b7a651fc0cbb/dow-jones-futures-fall%3A-tesla.html,1694519194,STORY
8df4b891-5541-3aeb-a978-00b35919dd42,A,2023-9-12,25 Biggest Countries Where You Can Use Google Wallet,Insider Monkey,https://finance.yahoo.com/news/25-biggest-countries-where-google-112620893.html,1694517980,STORY
bf7759de-544e-3ff9-b496-1c0039068a76,A,2023-9-12,5 Things to Know Before Markets Open,Investopedia,https://finance.yahoo.com/m/bf7759de-544e-3ff9-b496-1c0039068a76/5-things-to-know-before.html,1694517664,STORY
a62a049b-2eab-3a0b-8454-2a72df5227a0,A,2023-9-12,"These Stocks Are Moving the Most Today: Oracle, Apple, Tesla, WestRock, Acelyrin, and More",Barrons.com,https://finance.yahoo.com/m/a62a049b-2eab-3a0b-8454-2a72df5227a0/these-stocks-are-moving-the.html,1694517360,STORY
724b792a-d559-3dc9-bcff-6a6b5be77230,A,2023-9-12,Tech Stocks Fall After Oracle Results; Euro Slides: Markets Wrap,Bloomberg,https://finance.yahoo.com/news/asia-futures-mixed-tech-stocks-222125150.html,1694515889,STORY
301181a0-3a82-3526-9133-f0b2aac88b44,A,2023-9-13,Apple Investors Already Hate The New iPhone 15 More Than Ever,Investor's Business Daily,https://finance.yahoo.com/m/301181a0-3a82-3526-9133-f0b2aac88b44/apple-investors-already-hate.html,1694606402,STORY
e4a16442-e688-3fba-ab76-130378473be8,A,2023-9-13,Apple’s New Lineup Fails to Create a Stir in China,The Wall Street Journal,https://finance.yahoo.com/m/e4a16442-e688-3fba-ab76-130378473be8/apple%E2%80%99s-new-lineup-fails-to.html,1694606280,STORY
e64d699a-cbb2-36ca-bc80-b79aee2897cc,A,2023-9-13,Chinese titanium producers expect boost from new iPhone,Reuters,https://finance.yahoo.com/news/chinese-titanium-producers-expect-boost-114923262.html,1694605763,STORY
86e7cf25-5c8b-3122-ab2d-5fd0a66ba239,A,2023-9-13,China Flags ‘Security Incidents’ With Apple’s iPhones,Bloomberg,https://finance.yahoo.com/news/china-flags-security-incidents-apple-094700520.html,1694605602,STORY
1e78f327-a7f0-30eb-8593-2467a3dafa56,A,2023-9-13,These Stocks Are Moving the Most Today,Barrons.com,https://finance.yahoo.com/m/1e78f327-a7f0-30eb-8593-2467a3dafa56/these-stocks-are-moving-the.html,1694605042,STORY
ba35283f-f188-3ac3-ad2b-74e2f73ecbb1,A,2023-9-13,"These Stocks Are Moving the Most Today: Apple, Ford, NIO, Moderna, BP, Rocket Pharmaceuticals, and More",Barrons.com,https://finance.yahoo.com/m/ba35283f-f188-3ac3-ad2b-74e2f73ecbb1/these-stocks-are-moving-the.html,1694604960,STORY
5a500071-2378-3bc9-a2aa-0f684471953b,A,2023-9-13,Apple iPhone 15 Launch Fails to Excite Investors. What Wall Street Is Saying.,Barrons.com,https://finance.yahoo.com/m/5a500071-2378-3bc9-a2aa-0f684471953b/apple-iphone-15-launch-fails.html,1694604180,STORY
258535cf-ad38-385d-9c31-7f72143e9467,A,2023-9-13,Dow Jones Futures Fall; S&P 500 Struggles At Key Level As Apple Unveils iPhone 15,Investor's Business Daily,https://finance.yahoo.com/m/258535cf-ad38-385d-9c31-7f72143e9467/dow-jones-futures-fall%3B-s%26p.html,1694602264,STORY
aed42458-b410-39b6-bfc9-f9e29726544e,A,2023-9-14,18 Countries with GDPR-like Data Privacy Laws,Insider Monkey,https://finance.yahoo.com/news/18-countries-gdpr-data-privacy-121428321.html,1694693668,STORY
48edf662-a6d8-3887-b059-d4af905350a9,A,2023-9-14,Apple is only the latest casualty of the Sino-American tech war,The Economist,https://finance.yahoo.com/news/apple-only-latest-casualty-sino-115518888.html,1694692518,STORY
f991d66a-fc43-33ba-9ef0-2dca046e362e,A,2023-9-14,"Uncomfortable CPI, Inflation Bogeymen, Arm IPO, Trading Apple and Berkshire",TheStreet.com,https://finance.yahoo.com/m/f991d66a-fc43-33ba-9ef0-2dca046e362e/uncomfortable-cpi%2C-inflation.html,1694692260,STORY
0f39adbb-8537-3d61-9e5c-dbb50f80ba3f,A,2023-9-14,"Tech, Media & Telecom Roundup: Market Talk",The Wall Street Journal,https://finance.yahoo.com/m/0f39adbb-8537-3d61-9e5c-dbb50f80ba3f/tech%2C-media-%26-telecom.html,1694687640,STORY
9ac628a5-2419-30b3-8679-8bb3f517fcc3,A,2023-9-14,Nearly Half of Warren Buffett's $354 Billion Portfolio Is Invested in Just 1 Stock,Motley Fool,https://finance.yahoo.com/m/9ac628a5-2419-30b3-8679-8bb3f517fcc3/nearly-half-of-warren.html,1694686200,STORY
9294593c-4509-3c80-98bd-3d30b097effe,A,2023-9-14,China Becoming Third Rail for US Megacap Investors,Bloomberg,https://finance.yahoo.com/news/china-becoming-third-rail-us-094311802.html,1694684591,STORY
83079b37-974a-3ff9-b0b4-5991bb422ace,A,2023-9-14,Apple's new iPhone 15 series gets mixed reaction from some Chinese consumers amid hype over Huawei's latest 5G handsets and government use ban,South China Morning Post,https://finance.yahoo.com/news/apples-iphone-15-series-gets-093000233.html,1694683800,STORY
382640b9-8125-3589-a92d-f2399bec511d,A,2023-9-14,"The Zacks Analyst Blog Highlights Apple, Technology Select Sector SPDR Fund, Vanguard Information Technology ETF, MSCI Information Technology Index ETF and iShares US Technology ETF",Zacks,https://finance.yahoo.com/news/zacks-analyst-blog-highlights-apple-091800089.html,1694683080,STORY
5e31838c-bef5-30cb-ad1f-3c4b1a99dae4,A,2023-9-15,Arm Stock Keeps Rising Premarket as Buzz Over 2023's Biggest IPO Continues,The Wall Street Journal,https://finance.yahoo.com/m/5e31838c-bef5-30cb-ad1f-3c4b1a99dae4/arm-stock-keeps-rising.html,1694775113,STORY
eec9976a-63a1-320d-8f0f-1dc05eea7ad0,A,2023-9-15,"Tech, Media & Telecom Roundup: Market Talk",The Wall Street Journal,https://finance.yahoo.com/m/eec9976a-63a1-320d-8f0f-1dc05eea7ad0/tech%2C-media-%26-telecom.html,1694774880,STORY
bebd613e-0302-322e-9285-18f01fb2864e,A,2023-9-15,Instacart Set to Raise IPO Price Target After Successful Arm Debut,The Wall Street Journal,https://finance.yahoo.com/m/bebd613e-0302-322e-9285-18f01fb2864e/instacart-set-to-raise-ipo.html,1694764887,STORY
efc11ee9-496d-37fb-abdd-41102e1ac9cf,A,2023-9-15,Heard on the Street Recap: Up in Arms,The Wall Street Journal,https://finance.yahoo.com/m/efc11ee9-496d-37fb-abdd-41102e1ac9cf/heard-on-the-street-recap%3A-up.html,1694762520,STORY
4b0ce6e5-8c49-3010-8333-0158721ae53a,A,2023-9-15,"UAW strike, Arm stock, iPhone 15 preorders: What to watch",Yahoo Finance Video,https://finance.yahoo.com/video/uaw-strike-arm-stock-iphone-212734996.html,1694726854,VIDEO
b10ca8ca-29de-3b8a-9144-3b0d4b6204d0,A,2023-9-15,"Arm IPO, mortgage rates, Hunter Biden indicted: Top Stories",Yahoo Finance Video,https://finance.yahoo.com/video/arm-ipo-mortgage-rates-hunter-212447105.html,1694726687,VIDEO
dfe817c1-f249-44c1-bf77-53f113348061,A,2023-9-15,Arm stock surges 24% over IPO price after Nasdaq debut,Yahoo Finance,https://finance.yahoo.com/news/arm-stock-surges-24-over-ipo-price-after-nasdaq-debut-162614427.html,1694725332,STORY
d892924b-bacc-35c7-9025-1e015365bca6,A,2023-9-15,"Arm IPO, Delta Air Lines, Yum China Investor Day: Top Stocks",Yahoo Finance Video,https://finance.yahoo.com/video/arm-ipo-delta-air-lines-203635470.html,1694723795,VIDEO
eec9976a-63a1-320d-8f0f-1dc05eea7ad0,A,2023-9-16,"Tech, Media & Telecom Roundup: Market Talk",The Wall Street Journal,https://finance.yahoo.com/m/eec9976a-63a1-320d-8f0f-1dc05eea7ad0/tech%2C-media-%26-telecom.html,1694811180,STORY
d61fb7d9-a789-3d7c-a311-e8011ad755f0,A,2023-9-16,Arm debut gives hope for Instacart IPO,Yahoo Finance Video,https://finance.yahoo.com/video/arm-debut-gives-hope-instacart-200151015.html,1694808111,VIDEO
5e31838c-bef5-30cb-ad1f-3c4b1a99dae4,A,2023-9-16,Arm Stock Loses Steam in Friday Trading,The Wall Street Journal,https://finance.yahoo.com/m/5e31838c-bef5-30cb-ad1f-3c4b1a99dae4/arm-stock-loses-steam-in.html,1694803146,STORY
55b45039-89c1-3054-816a-3133745d3516,A,2023-9-16,Agilent Technologies Inc (A): A Deep Dive into Financial Metrics and Competitive Strengths,GuruFocus.com,https://finance.yahoo.com/news/agilent-technologies-inc-deep-dive-171103537.html,1694797863,STORY
f9cd6ae0-6bc1-3c81-af1a-0367c0f29abf,A,2023-9-16,Why this analyst says Arm stock is overvalued,Yahoo Finance Video,https://finance.yahoo.com/video/why-analyst-says-arm-stock-151557477.html,1694790957,VIDEO
e6909d23-9ea8-3867-8163-e5857cf21705,A,2023-9-16,Arm stock continues run from yesterday's IPO gains,Yahoo Finance Video,https://finance.yahoo.com/video/arm-stock-continues-run-yesterdays-140035920.html,1694786435,VIDEO
ca62cecf-ff15-3ba6-9f38-cc8ccdf9e88b,A,2023-9-16,"Shake Shack upgraded, DoorDash downgraded: Wall Street's top analyst calls",The Fly,https://finance.yahoo.com/news/shake-shack-upgraded-doordash-downgraded-133256806.html,1694784776,STORY
8b438e60-c8b9-3c2c-9337-bb640c50fcee,A,2023-9-16,"UAW strike, Arm stock, rising oil prices: 3 Things",Yahoo Finance Video,https://finance.yahoo.com/video/uaw-strike-arm-stock-rising-132204529.html,1694784124,VIDEO
e84b6023-d37b-39c0-a4a9-b49a03ea2c08,A,2023-9-17,"Arm IPO Excites Wall Street, but Challenges Loom",The Wall Street Journal,https://finance.yahoo.com/m/e84b6023-d37b-39c0-a4a9-b49a03ea2c08/arm-ipo-excites-wall-street%2C.html,1694943000,STORY
eec9976a-63a1-320d-8f0f-1dc05eea7ad0,A,2023-9-17,"Tech, Media & Telecom Roundup: Market Talk",The Wall Street Journal,https://finance.yahoo.com/m/eec9976a-63a1-320d-8f0f-1dc05eea7ad0/tech%2C-media-%26-telecom.html,1694811180,STORY
d61fb7d9-a789-3d7c-a311-e8011ad755f0,A,2023-9-17,Arm debut gives hope for Instacart IPO,Yahoo Finance Video,https://finance.yahoo.com/video/arm-debut-gives-hope-instacart-200151015.html,1694808111,VIDEO
5e31838c-bef5-30cb-ad1f-3c4b1a99dae4,A,2023-9-17,Arm Stock Loses Steam in Friday Trading,The Wall Street Journal,https://finance.yahoo.com/m/5e31838c-bef5-30cb-ad1f-3c4b1a99dae4/arm-stock-loses-steam-in.html,1694803146,STORY
55b45039-89c1-3054-816a-3133745d3516,A,2023-9-17,Agilent Technologies Inc (A): A Deep Dive into Financial Metrics and Competitive Strengths,GuruFocus.com,https://finance.yahoo.com/news/agilent-technologies-inc-deep-dive-171103537.html,1694797863,STORY
f9cd6ae0-6bc1-3c81-af1a-0367c0f29abf,A,2023-9-17,Why this analyst says Arm stock is overvalued,Yahoo Finance Video,https://finance.yahoo.com/video/why-analyst-says-arm-stock-151557477.html,1694790957,VIDEO
e6909d23-9ea8-3867-8163-e5857cf21705,A,2023-9-17,Arm stock continues run from yesterday's IPO gains,Yahoo Finance Video,https://finance.yahoo.com/video/arm-stock-continues-run-yesterdays-140035920.html,1694786435,VIDEO
ca62cecf-ff15-3ba6-9f38-cc8ccdf9e88b,A,2023-9-17,"Shake Shack upgraded, DoorDash downgraded: Wall Street's top analyst calls",The Fly,https://finance.yahoo.com/news/shake-shack-upgraded-doordash-downgraded-133256806.html,1694784776,STORY
d87ddbff-e7ef-3296-a1f5-15b5427f0b3a,A,2023-9-18,Apple Stock Hasn’t Had a New iPhone Boost. These Data Could Help.,Barrons.com,https://finance.yahoo.com/m/d87ddbff-e7ef-3296-a1f5-15b5427f0b3a/apple-stock-hasn%E2%80%99t-had-a-new.html,1695039240,STORY
9836537f-7a97-381d-a174-390a21c586d8,A,2023-9-18,Apple Supplier Imagination Tech Dubbed ‘Mini Arm’ May be Next AI Chip Name to IPO,Barrons.com,https://finance.yahoo.com/m/9836537f-7a97-381d-a174-390a21c586d8/apple-supplier-imagination.html,1695037800,STORY
d618eeec-f549-31bf-9677-898bf1861f6c,A,2023-9-18,Apple's iPhone 15 Probably Won't Spark Sales Growth. That's Starting to Become a Problem for the Stock.,Motley Fool,https://finance.yahoo.com/m/d618eeec-f549-31bf-9677-898bf1861f6c/apple%27s-iphone-15-probably.html,1695037500,STORY
ea4e865e-e386-3d59-a5e4-9bb059ff2e97,A,2023-9-18,The 1 and Only Stock Warren Buffett Loves Even More Than Apple,Motley Fool,https://finance.yahoo.com/m/ea4e865e-e386-3d59-a5e4-9bb059ff2e97/the-1-and-only-stock-warren.html,1695027960,STORY
95224cea-98be-3d1c-abc3-59962d3c4ff2,A,2023-9-18,"iPhone 15: Release date, price specs and features revealed",The Telegraph,https://finance.yahoo.com/m/95224cea-98be-3d1c-abc3-59962d3c4ff2/iphone-15%3A-release-date%2C.html,1695021134,STORY
f21cb01d-a782-3f9c-8dc7-91d0aefe5590,A,2023-9-18,Buffett's Berkshire Hathaway shows strong faith in Apple and itself,Investing.com,https://finance.yahoo.com/news/buffetts-berkshire-hathaway-shows-strong-061206127.html,1695017526,STORY
f56d3b66-299e-34a8-98a8-d5d935dae449,A,2023-9-18,Rival banks unite to take on Big Tech,Financial Times,https://finance.yahoo.com/m/f56d3b66-299e-34a8-98a8-d5d935dae449/rival-banks-unite-to-take-on.html,1695009617,STORY
6639ff43-6f4f-3390-83c3-acfb9339473e,A,2023-9-18,"Arm's grand debut, glee for Tesla's dojo, Oracle's dour news: Weekly tech roundup",Investing.com,https://finance.yahoo.com/news/arms-grand-debut-glee-teslas-035430541.html,1695009270,STORY
7c66194e-24f9-3ffe-bb29-a4dea96f7065,A,2023-9-19,Is Apple Stock A Buy After iPhone 15 Introduction?,Investor's Business Daily,https://finance.yahoo.com/m/7c66194e-24f9-3ffe-bb29-a4dea96f7065/is-apple-stock-a-buy-after.html,1695123330,STORY
45231f22-097a-3dde-ae0e-6d0f5dbd3c21,A,2023-9-19,Microsoft eyes Apple’s spot as world’s largest stock,Bloomberg,https://finance.yahoo.com/news/microsoft-eyes-apple-spot-world-111103613.html,1695121863,STORY
c645edc2-76dd-3689-82a9-78f63f318f0c,A,2023-9-19,"ZIRP: good, actually!",Financial Times,https://finance.yahoo.com/m/c645edc2-76dd-3689-82a9-78f63f318f0c/zirp%3A-good%2C-actually%21.html,1695117264,STORY
bcc71733-d278-3331-b201-edfa87824e21,A,2023-9-19,11 Best Vanguard Funds to Buy for Retirees,Insider Monkey,https://finance.yahoo.com/news/11-best-vanguard-funds-buy-081834439.html,1695111514,STORY
a00c8bee-d3b5-30be-9d7b-8b8c2adaced3,A,2023-9-19,"Apple iPhone 15 Deals Are Out. What They Mean for T-Mobile, AT&T, Verizon Stocks.",Barrons.com,https://finance.yahoo.com/m/a00c8bee-d3b5-30be-9d7b-8b8c2adaced3/apple-iphone-15-deals-are.html,1695099600,STORY
a13b89fd-efbf-398c-8f92-86438e4e7b83,A,2023-9-19,TSMC and Arizona Discussing Advanced Chip Packaging Investment,Bloomberg,https://finance.yahoo.com/news/tsmc-arizona-discussing-advanced-chip-043118954.html,1695097878,STORY
fa3f233b-1cb7-31dd-a0d7-ed924921b86c,A,2023-9-19,Apple iPhone 15 launch sees major carriers offer hefty promotions,Investing.com,https://finance.yahoo.com/news/apple-iphone-15-launch-sees-043103132.html,1695097863,STORY
e1edcf1a-c921-3219-b292-d7abbdceeb54,A,2023-9-19,UPDATE 4-Arizona governor says state in talks with TSMC on advanced packaging,Reuters,https://finance.yahoo.com/news/1-arizona-governor-says-state-040100397.html,1695096060,STORY
eada88c6-6fee-3fc8-8b17-defeab589c4f,A,2023-9-20,UPDATE 1-Apple France workers call strike ahead of iPhone 15 launch,Reuters,https://finance.yahoo.com/news/1-apple-france-workers-call-113350953.html,1695209630,STORY
6e0447d8-7ce6-3c4a-adce-30370d653c97,A,2023-9-20,Apple France workers call strike ahead of iPhone 15 launch,Reuters,https://finance.yahoo.com/news/apple-france-workers-call-strike-111130840.html,1695208290,STORY
f1fca435-6d59-3abc-8d8b-0ada88da25a0,A,2023-9-20,Big Seven Face Test on How Far Rally Can Run,Bloomberg,https://finance.yahoo.com/news/big-seven-face-test-far-110005363.html,1695207605,STORY
1e71e00b-c731-3a19-8887-1a5fd75a1589,A,2023-9-20,2 Warren Buffett Artificial Intelligence (AI) Growth Stocks to Buy Now and Hold Forever (Hint: Not Apple),Motley Fool,https://finance.yahoo.com/m/1e71e00b-c731-3a19-8887-1a5fd75a1589/2-warren-buffett-artificial.html,1695204300,STORY
3d8cee04-036f-3d82-b051-06b213272e26,A,2023-9-20,53% of Warren Buffett's $353 Billion Portfolio Is Invested in Just 1 Stock Market Sector,Motley Fool,https://finance.yahoo.com/m/3d8cee04-036f-3d82-b051-06b213272e26/53%25-of-warren-buffett%27s-%24353.html,1695201900,STORY
d91e063e-023c-3a45-a647-95d280882290,A,2023-9-20,88% of Warren Buffett's $352 Billion Portfolio Is Invested in Just 4 Sectors,Motley Fool,https://finance.yahoo.com/m/d91e063e-023c-3a45-a647-95d280882290/88%25-of-warren-buffett%27s-%24352.html,1695200760,STORY
5fd33c36-3620-3563-b944-1ca63fa2be9b,A,2023-9-20,"iPhone 15: Release date, price specs and features revealed",The Telegraph,https://finance.yahoo.com/m/5fd33c36-3620-3563-b944-1ca63fa2be9b/iphone-15%3A-release-date%2C.html,1695193820,STORY
ea04c566-b7ee-32bb-a0ec-1a728a9abeb1,A,2023-9-20,10 Best Large-Cap Growth ETFs,Insider Monkey,https://finance.yahoo.com/news/10-best-large-cap-growth-062019493.html,1695190819,STORY
4646ea62-84b8-3a94-8179-03a5494da3c4,A,2023-9-21,Should you buy the iPhone 15 Pro Max?,Financial Times,https://finance.yahoo.com/m/4646ea62-84b8-3a94-8179-03a5494da3c4/should-you-buy-the-iphone-15.html,1695294033,STORY
98e00520-80a7-33c6-9f8a-c8c39167bfb4,A,2023-9-21,"iPhone 15: Release date, price specs and features revealed",The Telegraph,https://finance.yahoo.com/m/98e00520-80a7-33c6-9f8a-c8c39167bfb4/iphone-15%3A-release-date%2C.html,1695280265,STORY
b16d6219-3c29-3551-afff-88b929128660,A,2023-9-21,Apple's Taiwanese suppliers face another sales dip amid sluggish electronics demand,Investing.com,https://finance.yahoo.com/news/apples-taiwanese-suppliers-face-another-043544158.html,1695270944,STORY
27e854b1-db17-3011-9ed7-0808b9229e5f,A,2023-9-21,Apple’s Taiwan Suppliers Resume Double-Digit Decline in August,Bloomberg,https://finance.yahoo.com/news/apple-taiwan-suppliers-resume-double-031044619.html,1695265844,STORY
d477cf96-6d1e-3f59-8897-1a9abab67277,A,2023-9-21,Inside Apple’s Spectacular Failure to Build a Key Part for Its New iPhones,The Wall Street Journal,https://finance.yahoo.com/m/d477cf96-6d1e-3f59-8897-1a9abab67277/inside-apple%E2%80%99s-spectacular.html,1695258000,STORY
6ce6874f-5d65-3d52-85c5-ce192807e489,A,2023-9-21,Apple Watch series 9 launches with new 'double tap' feature: How it works,Yahoo Finance Video,https://finance.yahoo.com/video/apple-watch-series-9-launches-213048396.html,1695245448,VIDEO
1af0792d-b50f-34e8-856e-93023bf557fa,A,2023-9-21,Apple puts emphasis on gaming with the latest iPhone 15 release,Yahoo Finance Video,https://finance.yahoo.com/video/apple-puts-emphasis-gaming-latest-211411729.html,1695244451,VIDEO
a7b01f52-9d6b-313b-8a1c-b070bdf48947,A,2023-9-21,Initial Demand For Apple's iPhone 15 Handsets Called 'Mixed At Best',Investor's Business Daily,https://finance.yahoo.com/m/a7b01f52-9d6b-313b-8a1c-b070bdf48947/initial-demand-for-apple%27s.html,1695241224,STORY
e0af9532-708d-3832-a602-9be73eb182ab,A,2023-9-22,UPDATE 1-Apple workers in France stage strike on iPhone 15 launch day,Reuters,https://finance.yahoo.com/news/1-apple-workers-france-stage-121505592.html,1695384905,STORY
d3df82e4-d39c-3d7d-bc91-6025cdcfc6b9,A,2023-9-22,5 Things to Know Before Markets Open,Investopedia,https://finance.yahoo.com/m/d3df82e4-d39c-3d7d-bc91-6025cdcfc6b9/5-things-to-know-before.html,1695381536,STORY
5d3a51f1-9d2f-3e7b-b35f-a8012c347391,A,2023-9-22,Apple's Superpower? It's About the Ecosystem.,Motley Fool,https://finance.yahoo.com/m/5d3a51f1-9d2f-3e7b-b35f-a8012c347391/apple%27s-superpower%3F-it%27s.html,1695381300,STORY
72a197cd-0952-3216-b09f-054751568b0c,A,2023-9-22,"Stocks mixed, Apple iPhone launch, Amazon ad plan, Activision-Microsoft deal, UAW strike deadline - 5 Things To Know",TheStreet.com,https://finance.yahoo.com/m/72a197cd-0952-3216-b09f-054751568b0c/stocks-mixed%2C-apple-iphone.html,1695380640,STORY
0ae647b1-87b0-33be-88fa-234814d35643,A,2023-9-22,"Apple iPhone 15 launch day lifts stock, but demand questions remain",TheStreet.com,https://finance.yahoo.com/m/0ae647b1-87b0-33be-88fa-234814d35643/apple-iphone-15-launch-day.html,1695379560,STORY
380c06d4-53f7-465f-965e-5bab9be87a2a,A,2023-9-22,The Fed's 'plausible' economic outcome leaves little margin for investors,Yahoo Finance,https://finance.yahoo.com/news/the-feds-plausible-economic-outcome-leaves-little-margin-for-investors-220022932.html,1695376822,STORY
7c746025-d861-3bbb-b044-42067b5bb1c5,A,2023-9-22,Apple workers in France stage strike on iPhone 15 launch day,Reuters,https://finance.yahoo.com/news/apple-workers-france-stage-strike-095217928.html,1695376337,STORY
afe5b6ce-16b5-32ae-953f-cf87a9076df2,A,2023-9-22,Apple workers in France stage strike over work conditions on iPhone 15 launch day,Reuters,https://finance.yahoo.com/news/apple-workers-france-stage-strike-094939268.html,1695376179,STORY
a1148040-ebb7-3e24-a711-c8cd102ee632,A,2023-9-23,Google's Startling Admission Confirms What Investors Have Long Suspected,Motley Fool,https://finance.yahoo.com/m/a1148040-ebb7-3e24-a711-c8cd102ee632/google%27s-startling-admission.html,1695468900,STORY
863a5dda-f2cd-312b-8824-f56f046f0ec8,A,2023-9-23,25 Most Mentally Stimulating Jobs According to Reddit,Insider Monkey,https://finance.yahoo.com/news/25-most-mentally-stimulating-jobs-101459903.html,1695464099,STORY
065f053d-795a-3d0f-b2f0-46fea79dd2dd,A,2023-9-23,Which Top Artificial Intelligence (AI) Stock Could Make Investors the Most Money This Decade? Here's Why It Just Might Be Google.,Motley Fool,https://finance.yahoo.com/m/065f053d-795a-3d0f-b2f0-46fea79dd2dd/which-top-artificial.html,1695462600,STORY
710c0128-63e9-3611-9c38-b944062ca813,A,2023-9-23,"2 Artificial Intelligence (AI) Growth Stocks Could Eclipse Apple's Value Twice Over, According to This Wall Street Analyst",Motley Fool,https://finance.yahoo.com/m/710c0128-63e9-3611-9c38-b944062ca813/2-artificial-intelligence.html,1695461100,STORY
526dec25-24fd-3fea-87c7-83020881e33a,A,2023-9-23,FTC may file antitrust suit against Amazon next week: report,Fox Business,https://finance.yahoo.com/news/ftc-may-file-antitrust-suit-222621898.html,1695421581,STORY
7c07fcb2-44b9-3fec-a0ef-d7a895210615,A,2023-9-23,"Boost partners with Apple, Amazon in new wireless service",Yahoo Finance Video,https://finance.yahoo.com/video/boost-partners-apple-amazon-wireless-215950838.html,1695419990,VIDEO
eed98324-9fd7-35fe-bfb1-194b9ec498dc,A,2023-9-23,Why Shopify Stock Slumped 15% This Week,Motley Fool,https://finance.yahoo.com/m/eed98324-9fd7-35fe-bfb1-194b9ec498dc/why-shopify-stock-slumped-15%25.html,1695417054,STORY
ce144ff2-be31-3ed1-a749-4668d6194175,A,2023-9-23,3 Large-Cap Stocks to Buy Now During the September Pullback,Zacks,https://finance.yahoo.com/news/3-large-cap-stocks-buy-210800398.html,1695416880,STORY
ce9d1476-08b4-35ba-aa8f-837bd7a32cf5,A,2023-9-24,'I get a little bit worried': Warren Buffett compares AI technology to the atom bomb — but he's still betting big on these 3 artificial intelligence stocks,Moneywise,https://finance.yahoo.com/news/little-bit-worried-warren-buffett-113000654.html,1695555000,STORY
c9b846d5-36f6-3763-a592-58aa37ac7380,A,2023-9-24,3 Warren Buffett Stocks to See Skyrocketing AI Growth,Motley Fool,https://finance.yahoo.com/m/c9b846d5-36f6-3763-a592-58aa37ac7380/3-warren-buffett-stocks-to.html,1695554460,STORY
a8a57694-8bdd-368c-b1d8-5919dddbc7bb,A,2023-9-24,"1 Super Stock Just 28% Away From Joining Apple, Microsoft, Amazon, Alphabet, and Nvidia in the $1 Trillion Club",Motley Fool,https://finance.yahoo.com/m/a8a57694-8bdd-368c-b1d8-5919dddbc7bb/1-super-stock-just-28%25-away.html,1695553800,STORY
839cbea3-c118-3b96-83a2-3cd1ef2348e1,A,2023-9-24,"1 Reason Apple Stock Is a Screaming Buy, and 1 Reason to Avoid It Like the Plague",Motley Fool,https://finance.yahoo.com/m/839cbea3-c118-3b96-83a2-3cd1ef2348e1/1-reason-apple-stock-is-a.html,1695552000,STORY
471bf591-b679-3e35-ab97-6535ee6535c3,A,2023-9-24,"iPhone 15: Release date, price specs and features revealed",The Telegraph,https://finance.yahoo.com/m/471bf591-b679-3e35-ab97-6535ee6535c3/iphone-15%3A-release-date%2C.html,1695551564,STORY
546b0c5c-e9a8-3c98-97a9-0b906a92aaeb,A,2023-9-24,Prediction: Here's How Much Apple Will Be Worth in 2030,Motley Fool,https://finance.yahoo.com/m/546b0c5c-e9a8-3c98-97a9-0b906a92aaeb/prediction%3A-here%27s-how-much.html,1695549000,STORY
cd779881-8456-3858-b374-def7f127c6be,A,2023-9-24,"Leading Egyptian opposition politician targeted with spyware, researchers find",AP Finance,https://finance.yahoo.com/news/researchers-discover-attempt-infect-leading-180935102.html,1695492575,STORY
2d55eec3-2864-34a0-9491-980a171df3d7,A,2023-9-24,Back-to-School Stocks,Motley Fool,https://finance.yahoo.com/m/2d55eec3-2864-34a0-9491-980a171df3d7/back-to-school-stocks.html,1695482340,STORY
cd0a27e8-7d9f-35ab-914b-efb3c5b953f6,A,2023-9-25,"Bollywood, Cricket Hold Promise for Indian Media Stocks After Rally Boosts Valuations",Bloomberg,https://finance.yahoo.com/news/pricey-valuations-threaten-best-indian-060818548.html,1695635654,STORY
defe0d1e-8fc1-37f5-a487-2ce540d005a5,A,2023-9-25,1 Massive Overlooked Risk for Intel and AMD,Motley Fool,https://finance.yahoo.com/m/defe0d1e-8fc1-37f5-a487-2ce540d005a5/1-massive-overlooked-risk-for.html,1695633300,STORY
2680f24f-624a-3886-92c5-8fc54bbe6832,A,2023-9-25,Warren Buffett Has Put $150 Billion of Berkshire Hathaway's Cash to Work in These 4 Stocks,Motley Fool,https://finance.yahoo.com/m/2680f24f-624a-3886-92c5-8fc54bbe6832/warren-buffett-has-put-%24150.html,1695632760,STORY
4a2550de-ba55-300b-a4e5-5124c0284fa7,A,2023-9-25,UPDATE 4-Apple supplier Pegatron halts iPhone assembly at India facility after fire,Reuters,https://finance.yahoo.com/news/1-apples-indian-contract-facility-085816957.html,1695632296,STORY
3e7f1103-7e97-3f30-9956-e5befd240fbb,A,2023-9-25,Apple supplier Pegatron halts iPhone assembly at India facility after fire,Reuters,https://finance.yahoo.com/news/apples-indian-contract-facility-temporarily-083955925.html,1695631195,STORY
40452234-88ef-3b1b-b367-9740fddb22c1,A,2023-9-25,Apple’s Cheapest iPhone 15 Is Winning Buyers After Upgrades,Bloomberg,https://finance.yahoo.com/news/apple-cheapest-iphone-surges-popularity-062145865.html,1695629941,STORY
876c50a7-88d3-3b09-bc44-bb732e38d08f,A,2023-9-25,"India Loosens Planned Restrictions on Laptop, Tablet Imports",Bloomberg,https://finance.yahoo.com/news/india-loosens-planned-restrictions-laptop-051155328.html,1695618715,STORY
869ecb58-b81a-3f92-857e-689e3b57ed13,A,2023-9-25,Record-breaking pre-order waiting times for new iPhone models,Investing.com,https://finance.yahoo.com/news/record-breaking-pre-order-waiting-040710044.html,1695614830,STORY
6bd3b77c-22a9-38c4-ac63-b641706090f9,A,2023-9-26,"At US$112, Is Agilent Technologies, Inc. (NYSE:A) Worth Looking At Closely?",Simply Wall St.,https://finance.yahoo.com/news/us-112-agilent-technologies-inc-120025184.html,1695729625,STORY
347281e0-d4ac-334c-8f36-faed59fa4fdd,A,2023-9-26,Apple's software update on iPhone 12 limited to France - Belgian regulator,Reuters,https://finance.yahoo.com/news/apples-software-iphone-12-limited-113508978.html,1695728108,STORY
60ca9917-7700-3826-af0f-978afe20df53,A,2023-9-26,EU's Breton tells Apple CEO to open its ecosystem to rivals,Reuters,https://finance.yahoo.com/news/eus-breton-tells-apple-ceo-110117831.html,1695726077,STORY
5a343e8e-6ba3-3106-9c73-5173b386d096,A,2023-9-26,UPDATE 2-French authorities received a software update for Apple's iPhone 12 - ministry source,Reuters,https://finance.yahoo.com/news/1-french-authorities-received-software-093141034.html,1695720701,STORY
3d360444-4fd4-306a-88ff-5d2720048d51,A,2023-9-26,"Google Trial Spills Details on Search Engine’s Deals With Apple, Samsung",The Wall Street Journal,https://finance.yahoo.com/m/3d360444-4fd4-306a-88ff-5d2720048d51/google-trial-spills-details.html,1695720600,STORY
14dbeedc-f8bc-3d7d-ba60-6a19dec9cf75,A,2023-9-26,French authorities received a software update for Apple's iPhone 12 - ministry source,Reuters,https://finance.yahoo.com/news/french-authorities-received-software-apples-091301712.html,1695719581,STORY
49c1a319-0721-3ae0-ac85-3613d414d485,A,2023-9-26,Why there may be less content coming to your streaming service,Yahoo Finance Video,https://finance.yahoo.com/video/why-may-less-content-coming-220727770.html,1695679647,VIDEO
b10ac730-d31f-3bf7-9ec8-2008bd110aa8,A,2023-9-26,Doug Kass: My Real Money Pal Just Picked Berkshire for Q4. I Disagree,TheStreet.com,https://finance.yahoo.com/m/b10ac730-d31f-3bf7-9ec8-2008bd110aa8/doug-kass%3A-my-real-money-pal.html,1695666840,STORY
febb1ea2-7952-37f0-9633-d067fd0b7828,A,2023-9-28,A Bull Market Is Coming: Buy This Asian E-commerce Giant Before It's Too Late,Motley Fool,https://finance.yahoo.com/m/febb1ea2-7952-37f0-9633-d067fd0b7828/a-bull-market-is-coming%3A-buy.html,1695899760,STORY
8760c15a-66ad-3621-8c8d-0ca81321c18f,A,2023-9-28,Is It Too Late to Buy Amazon Stock?,Motley Fool,https://finance.yahoo.com/m/8760c15a-66ad-3621-8c8d-0ca81321c18f/is-it-too-late-to-buy-amazon.html,1695899700,STORY
9c56c985-3d6b-3a93-baa9-de055d57e0c9,A,2023-9-28,2 Top Growth Stocks Up 50% and 10% to Buy Whether a 2023 Bull Market Happens or Not,Motley Fool,https://finance.yahoo.com/m/9c56c985-3d6b-3a93-baa9-de055d57e0c9/2-top-growth-stocks-up-50%25.html,1695898620,STORY
c5980c9b-d05a-3950-b02a-e092df92b0a1,A,2023-9-28,"Column: The FTC is right about Amazon's monopolistic practices, but struggles with what to do about them",LA Times,https://finance.yahoo.com/news/column-ftc-amazons-monopolistic-practices-100017395.html,1695895217,STORY
6efaae6a-616f-4db4-8b77-1cc9d494d313,A,2023-9-28,Microsoft exec remains tight-lipped about making in-house AI chips,Yahoo Finance,https://finance.yahoo.com/news/microsoft-exec-remains-tight-lipped-about-making-in-house-ai-chips-100005444.html,1695895205,STORY
6fdf12da-79c7-352d-bab1-16c57123496b,A,2023-9-28,2 Ultra-Growth Stocks That Are Leading the Market Recovery,Motley Fool,https://finance.yahoo.com/m/6fdf12da-79c7-352d-bab1-16c57123496b/2-ultra-growth-stocks-that.html,1695895200,STORY
434a9a98-a8c3-38e3-9506-b05aa13bc194,A,2023-9-28,Amazon's Anthropic Investment Shows Who the Real Winners in AI Are,Motley Fool,https://finance.yahoo.com/m/434a9a98-a8c3-38e3-9506-b05aa13bc194/amazon%27s-anthropic-investment.html,1695894240,STORY
5ab7365a-0e56-3b5d-aefe-6b894cb04d60,A,2023-9-28,How Apple could be affected by Amazon's antitrust ruling,Yahoo Finance Video,https://finance.yahoo.com/video/apple-could-affected-amazons-antitrust-093021621.html,1695893421,VIDEO
d64c4b40-b187-39fc-9728-96acc36da8b9,A,2023-9-29,Apple’s Latest China Challenge: A Crackdown That Could Shrink Its App Store,The Wall Street Journal,https://finance.yahoo.com/m/d64c4b40-b187-39fc-9728-96acc36da8b9/apple%E2%80%99s-latest-china.html,1695986460,STORY
5e373fe0-98ac-35cb-97f0-d597577ec487,A,2023-9-29,5 Things to Know Before Markets Open,Investopedia,https://finance.yahoo.com/m/5e373fe0-98ac-35cb-97f0-d597577ec487/5-things-to-know-before.html,1695986305,STORY
724f53b1-647c-3877-9f5f-9c149ac09603,A,2023-9-29,"Is Meta Stock A Buy? Facebook Parent Wows With AI Glasses, Clears Key Level",Investor's Business Daily,https://finance.yahoo.com/m/724f53b1-647c-3877-9f5f-9c149ac09603/is-meta-stock-a-buy%3F-facebook.html,1695985204,STORY
5e8c7e25-33b9-3e76-b323-2d507c3cf14f,A,2023-9-29,Megacap Slump Is Testing Apple’s Safe-Haven Status,Bloomberg,https://finance.yahoo.com/news/megacap-slump-testing-apple-safe-105302207.html,1695984782,STORY
b94cd4dd-f485-3eec-8b30-696955507849,A,2023-9-29,Better Buy: Amazon vs Apple,Motley Fool,https://finance.yahoo.com/m/b94cd4dd-f485-3eec-8b30-696955507849/better-buy%3A-amazon-vs-apple.html,1695982200,STORY
c46df2ea-6a73-35ba-b4fc-cccbdcfc8463,A,2023-9-29,"1 Green Flag for Apple in 2023, and 1 Red Flag",Motley Fool,https://finance.yahoo.com/m/c46df2ea-6a73-35ba-b4fc-cccbdcfc8463/1-green-flag-for-apple-in.html,1695981720,STORY
bfe9e54b-7d77-3ac3-9feb-e8a1d88aff27,A,2023-9-29,"UPDATE 1-Apple, China met to discuss Beijing's crackdown on western apps- WSJ",Reuters,https://finance.yahoo.com/news/1-apple-china-met-discuss-093701118.html,1695980221,STORY
02c05a81-53ac-441f-ab3d-99644219fdd0,A,2023-9-29,Why stocks may just roll into an October correction,Yahoo Finance,https://finance.yahoo.com/news/why-stocks-may-just-roll-into-an-october-correction-093023069.html,1695979823,STORY
56402155-7888-3418-93b8-7d255af58ec4,A,2023-9-30,Apple Has an iPhone Problem,Motley Fool,https://finance.yahoo.com/m/56402155-7888-3418-93b8-7d255af58ec4/apple-has-an-iphone-problem.html,1696075200,STORY
0a597002-b01b-3b19-a8c9-4a4107d72c83,A,2023-9-30,Talking Digital Privacy With Cybersecurity Expert and Author Tom Kemp,Motley Fool,https://finance.yahoo.com/m/0a597002-b01b-3b19-a8c9-4a4107d72c83/talking-digital-privacy-with.html,1696075200,STORY
a68e62b3-32b9-3d3f-8467-44a2f7842aeb,A,2023-9-30,Can AI Imitate the 50 Greatest Classical Music Composers of All Time?,Insider Monkey,https://finance.yahoo.com/news/ai-imitate-50-greatest-classical-110647085.html,1696072007,STORY
560b748d-2b12-39fa-a8cd-5b1877ec390e,A,2023-9-30,"Every Artificial Intelligence (AI) Stock Warren Buffett Owns, Ranked From Best to Worst",Motley Fool,https://finance.yahoo.com/m/560b748d-2b12-39fa-a8cd-5b1877ec390e/every-artificial-intelligence.html,1696067400,STORY
724f53b1-647c-3877-9f5f-9c149ac09603,A,2023-9-30,Is Meta Stock A Buy? Facebook Parent Wows With AI Glasses And Bullish Pattern,Investor's Business Daily,https://finance.yahoo.com/m/724f53b1-647c-3877-9f5f-9c149ac09603/is-meta-stock-a-buy%3F-facebook.html,1696021804,STORY
cf133c77-720c-3ab3-8786-0eac2ae3abaf,A,2023-9-30,Deep Value Stocks ETFs: Top 10 Picks,Insider Monkey,https://finance.yahoo.com/news/deep-value-stocks-etfs-top-183836841.html,1696012716,STORY
598cc5d6-07b5-3032-bc8f-2c011339f262,A,2023-9-30,Apple finally solves a very urgent iPhone issue,TheStreet.com,https://finance.yahoo.com/m/598cc5d6-07b5-3032-bc8f-2c011339f262/apple-finally-solves-a-very.html,1696011300,STORY
bb1fffb3-eb81-3a0a-9cc4-5ccfc4d93e84,A,2023-9-30,"Microsoft revealed this week that Apple used Bing as a ‘bargaining chip’ with Google, but it reportedly considered buying it and bringing search in-house",Fortune,https://finance.yahoo.com/news/microsoft-revealed-week-apple-used-173341871.html,1696008821,STORY
fd8eef8b-f398-381a-ae77-3a807df91334,A,2023-10-1,AP Top Financial News at 7:44 a.m. EDT,AP Finance,https://finance.yahoo.com/news/ap-top-financial-news-7-040000958.html,1696132800,STORY
934099d5-0f5e-36c4-9d30-d7b906dc8dcb,A,2023-10-1,AP Top Extended Financial Headlines at 7:44 a.m. EDT,AP Finance,https://finance.yahoo.com/news/ap-top-extended-financial-headlines-040000293.html,1696132800,STORY
7bb363e6-18f1-3808-b2ed-2b1abe56edde,A,2023-10-1,Meta's AI gambits; Amazon's  antitrust fight with FTC: Weekly tech roundup,Investing.com,https://finance.yahoo.com/news/metas-ai-gambits-amazons-antitrust-023909226.html,1696127949,STORY
a5089911-fc72-387e-88e7-b1fd8a03848b,A,2023-10-1,Apple identifies issues causing overheating in the iPhone 15,Reuters,https://finance.yahoo.com/news/apple-identifies-issues-causing-overheating-220320182.html,1696111400,STORY
6a65c8fc-3b06-3cb8-9f81-bbbd42c9f2b0,A,2023-10-1,Apple says it will fix software problems blamed for making iPhone 15 models too hot to handle,AP Finance,https://finance.yahoo.com/news/apple-says-fix-software-problems-160157527.html,1696089717,STORY
724f53b1-647c-3877-9f5f-9c149ac09603,A,2023-10-1,"Is Meta Stock A Buy? Facebook Parent Wows With AI Glasses, Avatars And Chart Pattern",Investor's Business Daily,https://finance.yahoo.com/m/724f53b1-647c-3877-9f5f-9c149ac09603/is-meta-stock-a-buy%3F-facebook.html,1696089604,STORY
56402155-7888-3418-93b8-7d255af58ec4,A,2023-10-1,Apple Has an iPhone Problem,Motley Fool,https://finance.yahoo.com/m/56402155-7888-3418-93b8-7d255af58ec4/apple-has-an-iphone-problem.html,1696075200,STORY
0a597002-b01b-3b19-a8c9-4a4107d72c83,A,2023-10-1,Talking Digital Privacy With Cybersecurity Expert and Author Tom Kemp,Motley Fool,https://finance.yahoo.com/m/0a597002-b01b-3b19-a8c9-4a4107d72c83/talking-digital-privacy-with.html,1696075200,STORY
58913fa3-5e47-3091-845f-823355a2bc1a,A,2023-10-2,"These Stocks Are Moving the Most Today: Tesla, NIO, Rivian, AMC, Insulet, and More",Barrons.com,https://finance.yahoo.com/m/58913fa3-5e47-3091-845f-823355a2bc1a/these-stocks-are-moving-the.html,1696248480,STORY
c116d171-b2a0-3b0e-9dc4-d12b0480c402,A,2023-10-2,5 Things to Know Before Markets Open,Investopedia,https://finance.yahoo.com/m/c116d171-b2a0-3b0e-9dc4-d12b0480c402/5-things-to-know-before.html,1696246978,STORY
6244ec49-4ca6-3b90-961d-897f1192c46f,A,2023-10-2,46% of Warren Buffett's Portfolio Is Invested in This Stock. Does That Mean You Should Buy Now?,Motley Fool,https://finance.yahoo.com/m/6244ec49-4ca6-3b90-961d-897f1192c46f/46%25-of-warren-buffett%27s.html,1696245300,STORY
1b285cec-1b20-3dee-bf7a-37e40922af6c,A,2023-10-2,"Calculating The Intrinsic Value Of Agilent Technologies, Inc. (NYSE:A)",Simply Wall St.,https://finance.yahoo.com/news/calculating-intrinsic-value-agilent-technologies-110020356.html,1696244420,STORY
1de412f9-76e7-3e47-91d7-050e6fb669fd,A,2023-10-2,Wall Street Thinks This Top Stock Will Join the $2 Trillion Club Next Year. Time to Buy?,Motley Fool,https://finance.yahoo.com/m/1de412f9-76e7-3e47-91d7-050e6fb669fd/wall-street-thinks-this-top.html,1696244400,STORY
3315bf59-ac6f-3f96-9d33-d842e908889d,A,2023-10-2,Apple and 4 More Quality Stocks to Buy After the Selloff,Barrons.com,https://finance.yahoo.com/m/3315bf59-ac6f-3f96-9d33-d842e908889d/apple-and-4-more-quality.html,1696226400,STORY
eb1a18e7-67a6-3937-a831-7379940c92c3,A,2023-10-2,Spotify boss urges UK to enact tougher regulation of tech gatekeepers,Financial Times,https://finance.yahoo.com/m/eb1a18e7-67a6-3937-a831-7379940c92c3/spotify-boss-urges-uk-to.html,1696219209,STORY
914a2514-58bb-3063-9c5c-2ff2dcb28810,A,2023-10-2,Apple iPhone 15 users complain about overheating issues as Apple prepares fix,Fox Business,https://finance.yahoo.com/news/apple-iphone-15-users-complain-202233089.html,1696191753,STORY
cfd228d8-b630-3594-9591-e2c5234b5a42,A,2023-10-3,10 high conviction stocks: Goldman Sachs,TheStreet.com,https://finance.yahoo.com/m/cfd228d8-b630-3594-9591-e2c5234b5a42/10-high-conviction-stocks%3A.html,1696334400,STORY
724f53b1-647c-3877-9f5f-9c149ac09603,A,2023-10-3,"Is Meta Stock A Buy? Facebook Parent Wows With AI Glasses, Avatars And Chart Pattern",Investor's Business Daily,https://finance.yahoo.com/m/724f53b1-647c-3877-9f5f-9c149ac09603/is-meta-stock-a-buy%3F-facebook.html,1696329004,STORY
cdd0256a-951b-376f-8e57-56b9640a7052,A,2023-10-3,"U.S.-China Chip War Over Taiwan Nears Moment Of Truth For S&P 500, Nvidia, Apple And The World",Investor's Business Daily,https://finance.yahoo.com/m/cdd0256a-951b-376f-8e57-56b9640a7052/u.s.-china-chip-war-over.html,1696328124,STORY
6ea153da-5385-3188-a8d5-caccb52d4f56,A,2023-10-3,3 Things About Apple That Smart Investors Know,Motley Fool,https://finance.yahoo.com/m/6ea153da-5385-3188-a8d5-caccb52d4f56/3-things-about-apple-that.html,1696327020,STORY
16a21ff7-e075-36f0-9a28-5677eae7f3aa,A,2023-10-3,Factbox-European regulators crack down on Big Tech,Reuters,https://finance.yahoo.com/news/factbox-european-regulators-crack-down-093422117.html,1696325662,STORY
2858f496-4ef0-306b-94b2-f125a766126d,A,2023-10-3,Better Buy: Amazon vs. Apple,Motley Fool,https://finance.yahoo.com/m/2858f496-4ef0-306b-94b2-f125a766126d/better-buy%3A-amazon-vs.-apple.html,1696323900,STORY
2c670dfe-705e-3e51-9c17-72d6d625ab75,A,2023-10-3,Apple enforces new check on apps in China as Beijing tightens oversight,Reuters,https://finance.yahoo.com/news/apple-enforces-check-apps-china-080218535.html,1696320138,STORY
f0b53d1c-f74d-3461-b693-fce1abead476,A,2023-10-3,Nvidia & Apple: What the charts show about the tech giants,Yahoo Finance Video,https://finance.yahoo.com/video/nvidia-apple-charts-show-tech-211303264.html,1696281183,VIDEO
97136577-f4d5-3cc0-90be-59fa6939193a,A,2023-10-4,Dow Jones Futures Rise After Weak ADP Jobs Data; Apple Slides On Downgrade,Investor's Business Daily,https://finance.yahoo.com/m/97136577-f4d5-3cc0-90be-59fa6939193a/dow-jones-futures-rise-after.html,1696421897,STORY
aa9dd03f-a085-3b06-8c4c-0c987d572628,A,2023-10-4,Apple stock slides after rare KeyBanc downgrade on iPhone sales concern,TheStreet.com,https://finance.yahoo.com/m/aa9dd03f-a085-3b06-8c4c-0c987d572628/apple-stock-slides-after-rare.html,1696421580,STORY
60f15bf9-f5ce-310e-a5fd-21c6da5e45a0,A,2023-10-4,"These Stocks Are Moving the Most Today: Apple, Intel, Moderna, Cal-Maine Foods, A10 Networks, and More",Barrons.com,https://finance.yahoo.com/m/60f15bf9-f5ce-310e-a5fd-21c6da5e45a0/these-stocks-are-moving-the.html,1696419240,STORY
f4b3806b-d9d5-3c46-830e-c88b44d2a12a,A,2023-10-4,Apple CEO Tim Cook Gets $41 Million From Biggest Share Sale Since 2021,Bloomberg,https://finance.yahoo.com/news/apple-ceo-tim-cook-gets-105342302.html,1696416822,STORY
06d4bfd6-150e-3180-833a-00a7fb9132a0,A,2023-10-4,1 Easily Overlooked Reason Apple Is the Most Attractive FAANG Stock,Motley Fool,https://finance.yahoo.com/m/06d4bfd6-150e-3180-833a-00a7fb9132a0/1-easily-overlooked-reason.html,1696416660,STORY
8b296a8f-6391-3d9e-9ead-ed9a7369671e,A,2023-10-4,"4 Reasons to Buy Unity Software Stock, and 4 Reasons to Sell",Motley Fool,https://finance.yahoo.com/m/8b296a8f-6391-3d9e-9ead-ed9a7369671e/4-reasons-to-buy-unity.html,1696416300,STORY
27ead1b5-29f1-39a0-9e34-ef8196a9e174,A,2023-10-4,"Own Apple, Don't Trade It? I Find That Reasoning Flawed",TheStreet.com,https://finance.yahoo.com/m/27ead1b5-29f1-39a0-9e34-ef8196a9e174/own-apple%2C-don%27t-trade-it%3F-i.html,1696415700,STORY
a640e830-d8f8-3bca-a47e-519722b4f252,A,2023-10-4,Apple Stock Is Falling After a Downgrade. Four Reasons for Caution.,Barrons.com,https://finance.yahoo.com/m/a640e830-d8f8-3bca-a47e-519722b4f252/apple-stock-is-falling-after.html,1696415580,STORY
724f53b1-647c-3877-9f5f-9c149ac09603,A,2023-10-5,"Is Meta Stock A Buy? Facebook Parent Wows With AI Glasses, Avatars And Chart Pattern",Investor's Business Daily,https://finance.yahoo.com/m/724f53b1-647c-3877-9f5f-9c149ac09603/is-meta-stock-a-buy%3F-facebook.html,1696505404,STORY
20bb9a4e-73ac-3bf2-a94b-cba7575aa636,A,2023-10-5,Where Will Apple Stock Be in 10 Years?,Motley Fool,https://finance.yahoo.com/m/20bb9a4e-73ac-3bf2-a94b-cba7575aa636/where-will-apple-stock-be-in.html,1696502700,STORY
5dd72db0-e343-32d9-a71e-4d2a801447ee,A,2023-10-5,Bulls Bet Megacap Stocks Primed For Buyback Boost,Bloomberg,https://finance.yahoo.com/news/bulls-bet-megacap-stocks-primed-104220163.html,1696502540,STORY
e1f03ee8-02da-32e3-9e11-c8b632271b70,A,2023-10-5,An Orange County entrepreneur's $60-million legal battle to stop Apple from steamrolling startups,LA Times,https://finance.yahoo.com/news/orange-county-entrepreneurs-60-million-103033949.html,1696501833,STORY
ed754333-afd2-38fc-b584-e3570b658323,A,2023-10-5,Meta Quest 3 Is Coming: Is Meta Stock a Better Buy Than Apple?,Motley Fool,https://finance.yahoo.com/m/ed754333-afd2-38fc-b584-e3570b658323/meta-quest-3-is-coming%3A-is.html,1696501200,STORY
aae341d0-dbf8-37bb-bb2a-27eb7bc0ccac,A,2023-10-5,‘This Is a False Advertisement’: X Ads Are Being Challenged by Reader Context,The Wall Street Journal,https://finance.yahoo.com/m/aae341d0-dbf8-37bb-bb2a-27eb7bc0ccac/%E2%80%98this-is-a-false.html,1696500000,STORY
cbf17e1e-a633-3268-8b13-de2d05314658,A,2023-10-5,Here's 1 Key Investing Metric Where Apple and Google Trounce the Other Stocks in the $1 Trillion Club,Motley Fool,https://finance.yahoo.com/m/cbf17e1e-a633-3268-8b13-de2d05314658/here%27s-1-key-investing-metric.html,1696499280,STORY
2c7d24ce-719a-335f-bde8-3e7bcc1a3e22,A,2023-10-5,3 Things About Arm Holdings That Smart Investors Know,Motley Fool,https://finance.yahoo.com/m/2c7d24ce-719a-335f-bde8-3e7bcc1a3e22/3-things-about-arm-holdings.html,1696498800,STORY
deb7e549-2d3b-3fe4-afb3-e512c12377a5,A,2023-10-6,"EV Maker Lucid’s $338,000 Loss Per Car Is Turning Investors Off",Bloomberg,https://finance.yahoo.com/news/ev-maker-lucid-338-000-113355345.html,1696592035,STORY
77f4c2e3-c4b6-34b9-806b-f16d583fa524,A,2023-10-6,Possible Bearish Signals With Agilent Technologies Insiders Disposing Stock,Simply Wall St.,https://finance.yahoo.com/news/possible-bearish-signals-agilent-technologies-110055791.html,1696590055,STORY
4e6fcce8-c7f4-39f9-a52d-52db773b4c41,A,2023-10-6,Rivian Prices Convertible Debt Offering After RIVN Stock Dives,Investor's Business Daily,https://finance.yahoo.com/m/4e6fcce8-c7f4-39f9-a52d-52db773b4c41/rivian-prices-convertible.html,1696589728,STORY
c77a1de4-a3b8-3040-8142-b10f2fae9509,A,2023-10-6,"These Stocks Are Moving the Most Today: Pioneer Natural, Exxon, Tesla, Rivian, Levi Strauss, and More",Barrons.com,https://finance.yahoo.com/m/c77a1de4-a3b8-3040-8142-b10f2fae9509/these-stocks-are-moving-the.html,1696586400,STORY
26eafb4e-14f2-3135-adee-2edf0009adc2,A,2023-10-6,Agilent and Sarawak Infectious Disease Centre Partner to Boost Neglected Tropical Diseases Research in East Malaysia,PR Newswire,https://finance.yahoo.com/news/agilent-sarawak-infectious-disease-centre-052600560.html,1696569960,STORY
f6ef5305-3718-3ca4-b2cb-d40305ce4477,A,2023-10-6,Dow Jones Dips; Elon Musk Says This Amid SEC Lawsuit; Fed Official Speaks Out As Jobs Report Looms,Investor's Business Daily,https://finance.yahoo.com/m/f6ef5305-3718-3ca4-b2cb-d40305ce4477/dow-jones-dips%3B-elon-musk.html,1696552830,STORY
e51fde81-6a2a-3f4e-a263-0aac8a62fe14,A,2023-10-6,"Rivian Automotive, Inc. Prices $1.5 Billion Green Convertible Senior Notes Offering",Business Wire,https://finance.yahoo.com/news/rivian-automotive-inc-prices-1-230400252.html,1696547040,STORY
7c567be6-5b43-370a-9f2d-8e5d8244cf0d,A,2023-10-6,"Why Lucid, Fisker, and Canoo Stocks Got Hit Today",Motley Fool,https://finance.yahoo.com/m/7c567be6-5b43-370a-9f2d-8e5d8244cf0d/why-lucid%2C-fisker%2C-and-canoo.html,1696538778,STORY
4e6fcce8-c7f4-39f9-a52d-52db773b4c41,A,2023-10-7,Rivian Prices Convertible Debt Offering After RIVN Stock Dives,Investor's Business Daily,https://finance.yahoo.com/m/4e6fcce8-c7f4-39f9-a52d-52db773b4c41/rivian-prices-convertible.html,1696625668,STORY
c77a1de4-a3b8-3040-8142-b10f2fae9509,A,2023-10-7,"Pioneer Natural, Exxon, MGM, Walmart, Aehr Test Systems, Levi Strauss, and More of Today’s Stock Market Movers",Barrons.com,https://finance.yahoo.com/m/c77a1de4-a3b8-3040-8142-b10f2fae9509/pioneer-natural%2C-exxon%2C-mgm%2C.html,1696623060,STORY
68fbfa20-7714-34c2-84cb-5cd748cbb248,A,2023-10-7,Rivian Stock Downgraded. Its Bond Sale Is a Canary in the Coal Mine.,Barrons.com,https://finance.yahoo.com/m/68fbfa20-7714-34c2-84cb-5cd748cbb248/rivian-stock-downgraded.-its.html,1696614900,STORY
b7cd1262-e75b-3907-a49b-07533f95d8f6,A,2023-10-7,Why Rivian Stock Is Plunging This Week,Motley Fool,https://finance.yahoo.com/m/b7cd1262-e75b-3907-a49b-07533f95d8f6/why-rivian-stock-is-plunging.html,1696605733,STORY
deb7e549-2d3b-3fe4-afb3-e512c12377a5,A,2023-10-7,"EV Maker Lucid’s $338,000 Loss Per Car Turns Investors Off",Bloomberg,https://finance.yahoo.com/news/ev-maker-lucid-338-000-113355345.html,1696601222,STORY
77f4c2e3-c4b6-34b9-806b-f16d583fa524,A,2023-10-7,Possible Bearish Signals With Agilent Technologies Insiders Disposing Stock,Simply Wall St.,https://finance.yahoo.com/news/possible-bearish-signals-agilent-technologies-110055791.html,1696590055,STORY
26eafb4e-14f2-3135-adee-2edf0009adc2,A,2023-10-7,Agilent and Sarawak Infectious Disease Centre Partner to Boost Neglected Tropical Diseases Research in East Malaysia,PR Newswire,https://finance.yahoo.com/news/agilent-sarawak-infectious-disease-centre-052600560.html,1696569960,STORY
f6ef5305-3718-3ca4-b2cb-d40305ce4477,A,2023-10-7,Dow Jones Dips; Elon Musk Says This Amid SEC Lawsuit; Fed Official Speaks Out On Yields,Investor's Business Daily,https://finance.yahoo.com/m/f6ef5305-3718-3ca4-b2cb-d40305ce4477/dow-jones-dips%3B-elon-musk.html,1696552830,STORY
d38f3bf2-149d-37b9-a455-e091bce44935,A,2023-10-8,3 Stocks to Add to Your Portfolio in a Market Pullback,Motley Fool,https://finance.yahoo.com/m/d38f3bf2-149d-37b9-a455-e091bce44935/3-stocks-to-add-to-your.html,1696764000,STORY
c47457be-c63e-3300-b232-451e817174a5,A,2023-10-8,"These Stocks Turned $10,000 Into $13 Million (or More) and Are Not Done Rising Yet",Motley Fool,https://finance.yahoo.com/m/c47457be-c63e-3300-b232-451e817174a5/these-stocks-turned-%2410%2C000.html,1696762800,STORY
477fb6cb-6876-3eba-ad2e-3378ec816a24,A,2023-10-8,"Warren Buffett Has More Invested in This Than He Does in Bank of America, American Express, Coca-Cola, and Chevron Combined -- and It's Not Apple",Motley Fool,https://finance.yahoo.com/m/477fb6cb-6876-3eba-ad2e-3378ec816a24/warren-buffett-has-more.html,1696758600,STORY
f9675949-d04b-3915-98c9-d5948689c2b0,A,2023-10-8,Is It Too Late to Buy Apple Stock?,Motley Fool,https://finance.yahoo.com/m/f9675949-d04b-3915-98c9-d5948689c2b0/is-it-too-late-to-buy-apple.html,1696692600,STORY
dd3b423b-e7db-3855-99de-07769a01998a,A,2023-10-8,Smartphones Are Stuck in a Rut. AI Could Be the Cure.,Barrons.com,https://finance.yahoo.com/m/dd3b423b-e7db-3855-99de-07769a01998a/smartphones-are-stuck-in-a.html,1696680000,STORY
81df0524-0255-3a12-9a43-8e68df5ab0d4,A,2023-10-8,5 Top Buffett Stocks to Buy and Hold for the Long Haul,Motley Fool,https://finance.yahoo.com/m/81df0524-0255-3a12-9a43-8e68df5ab0d4/5-top-buffett-stocks-to-buy.html,1696680000,STORY
56a9add7-daee-3ca2-9201-3362aa02d733,A,2023-10-8,10 Best Rugged Smartphones in 2023,Insider Monkey,https://finance.yahoo.com/news/10-best-rugged-smartphones-2023-100252439.html,1696672972,STORY
69e0f0a0-c635-3eac-abcd-08d2f9020c8b,A,2023-10-8,Apple reportedly seeking Formula 1 streaming rights,Yahoo Finance Video,https://finance.yahoo.com/video/apple-reportedly-seeking-formula-1-211626974.html,1696626986,VIDEO
73d1c4e0-71c6-3966-94e1-aa844bc5a547,A,2023-10-9,Almost Half of Warren Buffett's $337 Billion Portfolio Is Invested in Only 1 Stock,Motley Fool,https://finance.yahoo.com/m/73d1c4e0-71c6-3966-94e1-aa844bc5a547/almost-half-of-warren.html,1696853100,STORY
08648894-7696-4a40-b472-5a3bf27f6e7c,A,2023-10-9,Apple is trying to make your devices less distracting,Yahoo Finance,https://finance.yahoo.com/news/apple-is-trying-to-make-your-devices-less-distracting-103227955.html,1696847547,STORY
773c2c5d-927f-381d-9f92-c42b86377f8c,A,2023-10-9,Apple’s Easy Google Money May Get Harder to Keep,The Wall Street Journal,https://finance.yahoo.com/m/773c2c5d-927f-381d-9f92-c42b86377f8c/apple%E2%80%99s-easy-google-money-may.html,1696847400,STORY
30e548bf-63ff-4e55-a43c-d5baab5ee12c,A,2023-10-9,Why battered tech stocks could now be a great buy despite blowout jobs report,Yahoo Finance,https://finance.yahoo.com/news/why-battered-tech-stocks-could-now-be-a-great-buy-despite-blowout-jobs-report-100024078.html,1696845624,STORY
2598338a-d940-3cc2-919e-b74484025fea,A,2023-10-9,"Apple Is Blowing Away Amazon, Google, Microsoft, and Nvidia on This Key Metric",Motley Fool,https://finance.yahoo.com/m/2598338a-d940-3cc2-919e-b74484025fea/apple-is-blowing-away-amazon%2C.html,1696845060,STORY
d9735a87-859c-3b89-85b7-5675103b4851,A,2023-10-9,1 FAANG Stock That's a No-Brainer Buy in October and 1 to Avoid Like the Plague,Motley Fool,https://finance.yahoo.com/m/d9735a87-859c-3b89-85b7-5675103b4851/1-faang-stock-that%27s-a.html,1696842360,STORY
9b439c28-99f7-3b93-ab21-cc9cd1820f6f,A,2023-10-9,"The Nasdaq Might Bottom in October, According to This Wall Street Veteran -- 2 Super Stocks to Buy Hand Over Fist",Motley Fool,https://finance.yahoo.com/m/9b439c28-99f7-3b93-ab21-cc9cd1820f6f/the-nasdaq-might-bottom-in.html,1696768200,STORY
d38f3bf2-149d-37b9-a455-e091bce44935,A,2023-10-9,3 Stocks to Add to Your Portfolio in a Market Pullback,Motley Fool,https://finance.yahoo.com/m/d38f3bf2-149d-37b9-a455-e091bce44935/3-stocks-to-add-to-your.html,1696764000,STORY
cc69a47f-1b6a-39bf-80e1-1895a2a803e7,A,2023-10-10,Are The Magnificent Seven Gearing Up For A Fantastic Finish To The Year?,Investor's Business Daily,https://finance.yahoo.com/m/cc69a47f-1b6a-39bf-80e1-1895a2a803e7/are-the-magnificent-seven.html,1696939222,STORY
f42c2319-590b-3e2f-855c-389a2bae5acb,A,2023-10-10,Investors in Agilent Technologies (NYSE:A) have seen notable returns of 76% over the past five years,Simply Wall St.,https://finance.yahoo.com/news/investors-agilent-technologies-nyse-seen-110018346.html,1696935618,STORY
56488262-8ae5-346d-8502-fc8457808f41,A,2023-10-10,"Amazon, Walmart court early holiday shoppers in US with limited-time deals",Reuters,https://finance.yahoo.com/news/amazon-walmart-court-early-holiday-100000814.html,1696932000,STORY
cd81b985-ea7c-35e4-ad0d-c35abb964196,A,2023-10-10,Apple (AAPL) Rises Higher Than Market: Key Facts,Zacks,https://finance.yahoo.com/news/apple-aapl-rises-higher-market-214519624.html,1696887919,STORY
3a77bf83-6491-4522-8cab-5dc2f03601ec,A,2023-10-10,"After 2 years of declines, the PC market is showing signs of life",Yahoo Finance,https://finance.yahoo.com/news/after-2-years-of-declines-the-pc-market-is-showing-signs-of-life-210307655.html,1696885387,STORY
24f65732-d87c-31cc-a568-8529a0c43894,A,2023-10-10,Apple Could See a Hit to Profit if Google Loses DOJ Search Lawsuit: Analyst,Barrons.com,https://finance.yahoo.com/m/24f65732-d87c-31cc-a568-8529a0c43894/apple-could-see-a-hit-to.html,1696882320,STORY
ed4afd2e-81d3-3fb2-8acb-23d683bc344b,A,2023-10-10,Apple is working on making devices less distracting,Yahoo Finance Video,https://finance.yahoo.com/video/apple-working-making-devices-less-181754519.html,1696875474,VIDEO
1d658bcf-25ae-34f3-a0b9-df0935bf6374,A,2023-10-10,Apple iPhone 15 Pro Demand May Be Fading: J.P. Morgan,Barrons.com,https://finance.yahoo.com/m/1d658bcf-25ae-34f3-a0b9-df0935bf6374/apple-iphone-15-pro-demand.html,1696869720,STORY
9a677da7-f1c1-3ed6-b7ac-04730dc08a06,A,2023-10-11,"Dow Jones Futures Rise Ahead Of Inflation Data, Fed Minutes; Nvidia Rallies On Price-Target Hike",Investor's Business Daily,https://finance.yahoo.com/m/9a677da7-f1c1-3ed6-b7ac-04730dc08a06/dow-jones-futures-rise-ahead.html,1697026443,STORY
a28a3657-07ba-3ae5-9f2b-bdbfa5c6a342,A,2023-10-11,A Look At The Intrinsic Value Of Apple Inc. (NASDAQ:AAPL),Simply Wall St.,https://finance.yahoo.com/news/look-intrinsic-value-apple-inc-110025379.html,1697022025,STORY
6d82175c-b689-38b4-8b3e-9b04f737dcd2,A,2023-10-11,16 Best Growth Stocks To Buy According To Hedge Funds,Insider Monkey,https://finance.yahoo.com/news/16-best-growth-stocks-buy-101804908.html,1697019484,STORY
fba48d09-1187-3293-b20b-19988a0c504e,A,2023-10-11,Better Growth Stock: Apple vs. AMD,Motley Fool,https://finance.yahoo.com/m/fba48d09-1187-3293-b20b-19988a0c504e/better-growth-stock%3A-apple.html,1697015520,STORY
7b501e46-9b50-31f8-837a-85ec44c149c1,A,2023-10-11,"Insider Sell: Apple Inc's Senior Vice President, CFO Luca Maestri Sells 63,695 Shares",GuruFocus.com,https://finance.yahoo.com/news/insider-sell-apple-incs-senior-090148374.html,1697014908,STORY
ab32162b-a2b5-34ac-9bd1-e052e515ade6,A,2023-10-11,20 Most Socially Advanced Countries in the World,Insider Monkey,https://finance.yahoo.com/news/20-most-socially-advanced-countries-064840032.html,1697006920,STORY
269d0df5-175b-3e06-9cd4-a7bd0b8f53fa,A,2023-10-11,Why China ‘de-risking’ brings its own business risks,Financial Times,https://finance.yahoo.com/m/269d0df5-175b-3e06-9cd4-a7bd0b8f53fa/why-china-%E2%80%98de-risking%E2%80%99-brings.html,1696995038,STORY
564712fd-dfa9-378f-b74e-909d3c286ff0,A,2023-10-11,Australia unveils draft law to regulate digital payment providers,Reuters,https://finance.yahoo.com/news/australia-unveils-draft-law-regulate-005243598.html,1696985563,STORY
1d5cb413-7e45-3efa-bbde-7f5b1eddd3c5,A,2023-10-12,How Global Conflict Led to a Surprising Plan to Make Apple Chips in a Desert,Barrons.com,https://finance.yahoo.com/m/1d5cb413-7e45-3efa-bbde-7f5b1eddd3c5/how-global-conflict-led-to-a.html,1697109600,STORY
86bf3253-6f39-3779-ad1c-853173545949,A,2023-10-12,2 Stocks to Invest in Virtual Reality,Motley Fool,https://finance.yahoo.com/m/86bf3253-6f39-3779-ad1c-853173545949/2-stocks-to-invest-in-virtual.html,1697108100,STORY
174860f0-83e2-3b98-b44e-5c671e5381ab,A,2023-10-12,"1 Green Flag for Apple in 2023, and 1 Red Flag",Motley Fool,https://finance.yahoo.com/m/174860f0-83e2-3b98-b44e-5c671e5381ab/1-green-flag-for-apple-in.html,1697104920,STORY
bb08db43-d063-32ba-b1eb-0b44bb497dca,A,2023-10-12,Corporate Giants Are the New Hedge Funds of the Global FX Market,Bloomberg,https://finance.yahoo.com/news/corporate-giants-hedge-funds-global-100000792.html,1697104800,STORY
9a600fe4-802d-3da2-a9cf-df66fd77f8e6,A,2023-10-12,A Bull Market is Coming: 2 Warren Buffett Favorites to Buy Now,Motley Fool,https://finance.yahoo.com/m/9a600fe4-802d-3da2-a9cf-df66fd77f8e6/a-bull-market-is-coming%3A-2.html,1697101200,STORY
7cbd1778-6db6-33e1-b001-cbf28c8381fa,A,2023-10-12,Google: searching scrutiny poses $20bn threat to Apple payouts,Financial Times,https://finance.yahoo.com/m/7cbd1778-6db6-33e1-b001-cbf28c8381fa/google%3A-searching-scrutiny.html,1697098507,STORY
b801fc88-bf70-3796-bfa6-e612fc6e93a4,A,2023-10-12,Apple’s Top Suppliers in Taiwan Weather Worst Month Since June,Bloomberg,https://finance.yahoo.com/news/apple-top-suppliers-taiwan-weather-022251283.html,1697077371,STORY
91f2cdf4-ee82-34c9-be5b-04e0f0977ca7,A,2023-10-12,"Microsoft And Google Tease A New ""Tech For Good"" Era",Benzinga,https://finance.yahoo.com/news/microsoft-google-tease-tech-good-202326327.html,1697055806,STORY
540ca30f-07b6-37d7-b2e9-9c968eae6891,A,2023-10-13,"Wait, Is the DOJ Lawsuit Actually Bullish For Alphabet?",Motley Fool,https://finance.yahoo.com/m/540ca30f-07b6-37d7-b2e9-9c968eae6891/wait%2C-is-the-doj-lawsuit.html,1697198700,STORY
724f53b1-647c-3877-9f5f-9c149ac09603,A,2023-10-13,"Is Meta Stock A Buy? Facebook Parent Breaks Out On AI Buzz, Earnings Optimism",Investor's Business Daily,https://finance.yahoo.com/m/724f53b1-647c-3877-9f5f-9c149ac09603/is-meta-stock-a-buy%3F-facebook.html,1697198404,STORY
12ea80ec-8db7-3efb-8607-ee32d94b5ec7,A,2023-10-13,3 Artificial Intelligence (AI) Stocks With More Potential Than Any Cryptocurrency,Motley Fool,https://finance.yahoo.com/m/12ea80ec-8db7-3efb-8607-ee32d94b5ec7/3-artificial-intelligence.html,1697195700,STORY
833c227b-a6f7-339a-9e1f-2067f52f977b,A,2023-10-13,2 Under-the-Radar Gaming Stocks You Can Buy and Hold for the Next Decade,Motley Fool,https://finance.yahoo.com/m/833c227b-a6f7-339a-9e1f-2067f52f977b/2-under-the-radar-gaming.html,1697194680,STORY
075f17d4-ce19-3bfa-a24d-3a98c0621af4,A,2023-10-13,Apple CEO Tim Cook Just Sold $88 Million Worth of Stock. Has the Stock Peaked?,Motley Fool,https://finance.yahoo.com/m/075f17d4-ce19-3bfa-a24d-3a98c0621af4/apple-ceo-tim-cook-just-sold.html,1697189700,STORY
0f00b70d-510f-3e50-9651-32b8a16cd77d,A,2023-10-13,The 4 Most Commonly Held Stocks Among Retail Investors,Motley Fool,https://finance.yahoo.com/m/0f00b70d-510f-3e50-9651-32b8a16cd77d/the-4-most-commonly-held.html,1697188860,STORY
f230975f-932b-3f9c-b1ff-f1769fefd9fb,A,2023-10-13,56% of Warren Buffett's $341 Billion Portfolio Is Invested in These 2 Stocks,Motley Fool,https://finance.yahoo.com/m/f230975f-932b-3f9c-b1ff-f1769fefd9fb/56%25-of-warren-buffett%27s-%24341.html,1697187960,STORY
ba9b9a61-bd6a-3b0f-a425-a6385db6515b,A,2023-10-13,UPDATE 1-Australia unveils draft law to regulate digital payment providers,Reuters,https://finance.yahoo.com/news/1-australia-unveils-draft-law-232903005.html,1697153343,STORY
f06a4069-b0be-304c-92f1-50d59a781845,A,2023-10-14,"Dozens join lawsuit alleging Apple AirTags are 'weapon of choice' of stalkers, abusers",Fox Business,https://finance.yahoo.com/news/dozens-join-lawsuit-alleging-apple-011618962.html,1697246178,STORY
23e36269-3921-31d3-b5b4-7d14a3bbb9a3,A,2023-10-14,10 Smartphones with the Best Audio Quality,Insider Monkey,https://finance.yahoo.com/news/10-smartphones-best-audio-quality-201256139.html,1697227976,STORY
6b463fac-3a69-3a26-8fa1-81841c09f6f1,A,2023-10-14,TD Ameritrade's Investor Movement Index showing a 'rotation' from investors,Yahoo Finance Video,https://finance.yahoo.com/video/analysts-biggest-takeaway-td-ameritrades-164235833.html,1697215355,VIDEO
b8bf882f-ce48-33dd-9780-03ca6caa1897,A,2023-10-14,Apple (AAPL) Unveils Trailer of For All Mankind Season 4,Zacks,https://finance.yahoo.com/news/apple-aapl-unveils-trailer-mankind-154800784.html,1697212080,STORY
ce2ffe06-f882-3e0d-8b97-fa77d137e8bb,A,2023-10-14,Warren Buffett Stocks: What's Inside Berkshire Hathaway's Portfolio?,Investor's Business Daily,https://finance.yahoo.com/m/ce2ffe06-f882-3e0d-8b97-fa77d137e8bb/warren-buffett-stocks%3A-what%27s.html,1697209755,STORY
74e5fa61-574e-3034-ba82-ceaf6b564376,A,2023-10-14,Is Apple a Buy Now?,Motley Fool,https://finance.yahoo.com/m/74e5fa61-574e-3034-ba82-ceaf6b564376/is-apple-a-buy-now%3F.html,1697205600,STORY
fd50e1ef-dfdd-38bf-a4ec-5b3fe53b6a71,A,2023-10-14,Microsoft Completes $69 Billion Activision Blizzard Purchase,Bloomberg,https://finance.yahoo.com/news/microsoft-completes-69-billion-activision-124004812.html,1697204542,STORY
540ca30f-07b6-37d7-b2e9-9c968eae6891,A,2023-10-14,"Wait, Is the DOJ Lawsuit Actually Bullish For Alphabet?",Motley Fool,https://finance.yahoo.com/m/540ca30f-07b6-37d7-b2e9-9c968eae6891/wait%2C-is-the-doj-lawsuit.html,1697198700,STORY
2e68d3ca-4548-3e13-824c-b942146c8867,A,2023-10-15,Apple Inc. (NASDAQ:AAPL) is largely controlled by institutional shareholders who own 55% of the company,Simply Wall St.,https://finance.yahoo.com/news/apple-inc-nasdaq-aapl-largely-120109823.html,1697371269,STORY
f96b3a40-f8e8-379e-bf2e-5e1342db508d,A,2023-10-15,"Experts talk NBA's next media deal, whether ESPN can fend off Amazon and Apple",TheStreet.com,https://finance.yahoo.com/m/f96b3a40-f8e8-379e-bf2e-5e1342db508d/experts-talk-nba%27s-next-media.html,1697371200,STORY
ce9d1476-08b4-35ba-aa8f-837bd7a32cf5,A,2023-10-15,"'We won't be able to uninvent it': Warren Buffett is 'worried' about AI technology, comparing it to the atom bomb — but he's still betting big on these 3 artificial intelligence stocks",Moneywise,https://finance.yahoo.com/news/little-bit-worried-warren-buffett-113000654.html,1697369400,STORY
fa16bc22-d6b9-3360-afc4-667d543ac1b9,A,2023-10-15,2 Growth Stocks to Buy in October,Motley Fool,https://finance.yahoo.com/m/fa16bc22-d6b9-3360-afc4-667d543ac1b9/2-growth-stocks-to-buy-in.html,1697367900,STORY
08960913-4bd1-3168-8f1f-a40bb754ec14,A,2023-10-15,2 Top Growth Stocks to Buy Right Now and Hold for the Long Term,Motley Fool,https://finance.yahoo.com/m/08960913-4bd1-3168-8f1f-a40bb754ec14/2-top-growth-stocks-to-buy.html,1697367300,STORY
bb017c59-7a25-39fe-8608-84c2619d2b43,A,2023-10-15,"Veteran Tech Analyst Dan Ives Says AI Tech Stocks Set to ""Rip Higher."" 7 Best-Quality Growth Stocks to Buy Now.",Motley Fool,https://finance.yahoo.com/m/bb017c59-7a25-39fe-8608-84c2619d2b43/veteran-tech-analyst-dan-ives.html,1697367000,STORY
b1fea559-635d-38b7-8601-bacbcce49b8d,A,2023-10-15,4 Timeless Lessons From Warren Buffett's Favorite Stock,Motley Fool,https://finance.yahoo.com/m/b1fea559-635d-38b7-8601-bacbcce49b8d/4-timeless-lessons-from.html,1697365800,STORY
f3eda07c-57eb-3a23-8b12-4f70d4508811,A,2023-10-15,"Apple's compliance with China app rules plugs censorship loophole, creates new obstacles for developers",South China Morning Post,https://finance.yahoo.com/news/apples-compliance-china-app-rules-093000868.html,1697362200,STORY
5554c37c-4433-363e-8324-49fd367f0df4,A,2023-10-16,"Dow Jones Futures Rise As Netflix, Tesla Earnings Loom; Lululemon Surges On S&P News",Investor's Business Daily,https://finance.yahoo.com/m/5554c37c-4433-363e-8324-49fd367f0df4/dow-jones-futures-rise-as.html,1697458672,STORY
fa1e1a28-ff1b-3761-88fd-0a23dea67ddd,A,2023-10-16,A Bull Market Is Coming: 3 Low-Risk Stocks That Could Help You Safely Profit From the Next Stock Market Rally,Motley Fool,https://finance.yahoo.com/m/fa1e1a28-ff1b-3761-88fd-0a23dea67ddd/a-bull-market-is-coming%3A-3.html,1697452380,STORY
7d9fb43f-1c3d-379a-905a-4ce939436546,A,2023-10-16,"Apple’s IPhones Off to Disappointing Start in China, Study Shows",Bloomberg,https://finance.yahoo.com/news/apple-iphones-off-disappointing-start-102104686.html,1697451664,STORY
14ae5e4e-40b2-35e7-bcae-bbdefb242db3,A,2023-10-16,Big Tech’s Profit Machine Is Propping Up S&P 500 Earnings,Bloomberg,https://finance.yahoo.com/news/big-tech-profit-machine-propping-160000107.html,1697450685,STORY
31815ae0-24c8-3575-8ce3-9f4812c74e7d,A,2023-10-16,3 Stocks I Want to Own for the Rest of My Life,Motley Fool,https://finance.yahoo.com/m/31815ae0-24c8-3575-8ce3-9f4812c74e7d/3-stocks-i-want-to-own-for.html,1697448600,STORY
b88f3f0b-bd6e-3a6c-99a1-2db5356ee3bd,A,2023-10-16,Goldman Sachs Wants Out of Consumer Lending. Employees Say It Can’t Happen Fast Enough.,The Wall Street Journal,https://finance.yahoo.com/m/b88f3f0b-bd6e-3a6c-99a1-2db5356ee3bd/goldman-sachs-wants-out-of.html,1697448600,STORY
b36dae55-f70c-3dad-88ba-0445c6f1178b,A,2023-10-16,Charlie Munger Says AI Is Overhyped. But Berkshire Hathaway's $345 Billion Portfolio Is Packed With (at Least) 8 AI Stocks!,Motley Fool,https://finance.yahoo.com/m/b36dae55-f70c-3dad-88ba-0445c6f1178b/charlie-munger-says-ai-is.html,1697397180,STORY
bc21f0fa-4fee-3964-9ed6-267871cc8ff5,A,2023-10-16,"Will Weakness in Agilent Technologies, Inc.'s (NYSE:A) Stock Prove Temporary Given Strong Fundamentals?",Simply Wall St.,https://finance.yahoo.com/news/weakness-agilent-technologies-inc-nyse-140020663.html,1697378420,STORY
56ce9949-5dac-3136-8776-26bd37bd773f,A,2023-10-17,5 Things to Know Before Markets Open,Investopedia,https://finance.yahoo.com/m/56ce9949-5dac-3136-8776-26bd37bd773f/5-things-to-know-before.html,1697542139,STORY
c7fed514-91ec-38cb-92a7-b238e59db540,A,2023-10-17,Tech Bellwether Murata Sees Smartphone Market Growing This Year,Bloomberg,https://finance.yahoo.com/news/tech-bellwether-murata-sees-smartphone-090740818.html,1697537509,STORY
47ca4894-bd13-3783-b48e-c15475487296,A,2023-10-17,You Don't Have to Pick a Winner in Digital Advertising. Here's Why,Motley Fool,https://finance.yahoo.com/m/47ca4894-bd13-3783-b48e-c15475487296/you-don%27t-have-to-pick-a.html,1697536500,STORY
38fabef0-fec7-3755-9bc0-c720c903abbb,A,2023-10-17,Tim Cook crashes a Chinese e-sports tournament as Apple faces competition and censorship in its most important non-U.S. market,Fortune,https://finance.yahoo.com/news/tim-cook-crashes-chinese-e-084402850.html,1697532242,STORY
0a42ff48-46e8-3e2f-84c3-3a86b03f2021,A,2023-10-17,Apple’s Cook Cheers on Tencent Game Gala in Rare China Visit,Bloomberg,https://finance.yahoo.com/news/apple-cook-cheers-tencent-game-004043073.html,1697522334,STORY
dbd51860-d586-3d33-90f8-f5bc3a44dc77,A,2023-10-17,Apple (AAPL) Stock Sinks As Market Gains: What You Should Know,Zacks,https://finance.yahoo.com/news/apple-aapl-stock-sinks-market-214519439.html,1697492719,STORY
653b5cf2-f4b8-3766-8756-377a71b023e1,A,2023-10-17,Apple's iPhone can help you understand risk level of two common health issues,TheStreet.com,https://finance.yahoo.com/m/653b5cf2-f4b8-3766-8756-377a71b023e1/apple%27s-iphone-can-help-you.html,1697492280,STORY
48f9f075-19ae-3aed-8236-775449beebb6,A,2023-10-17,Apple's iPhone 15 underperforms in China compared to last model,Yahoo Finance Video,https://finance.yahoo.com/video/apples-iphone-15-underperforms-china-205142261.html,1697489502,VIDEO
f4c28ca3-b0f6-3d84-81f3-526086b11c48,A,2023-10-18,53.7% of Warren Buffett's $344 Billion Berkshire Hathaway Portfolio Is Invested in These 2 Dividend Stocks,Motley Fool,https://finance.yahoo.com/m/f4c28ca3-b0f6-3d84-81f3-526086b11c48/53.7%25-of-warren-buffett%27s.html,1697622960,STORY
126c450f-333c-34f2-bed5-5112068f878a,A,2023-10-18,Looking for Growth? These 2 Stocks are No-Brainer Buys Before a New Bull Market,Motley Fool,https://finance.yahoo.com/m/126c450f-333c-34f2-bed5-5112068f878a/looking-for-growth%3F-these-2.html,1697619600,STORY
9d22caf5-a927-35c8-8aae-2b43c45fa91d,A,2023-10-18,Nvidia and iPhone maker Foxconn tie-up to build ‘AI factories’,Financial Times,https://finance.yahoo.com/m/9d22caf5-a927-35c8-8aae-2b43c45fa91d/nvidia-and-iphone-maker.html,1697608300,STORY
8d72183e-3107-3d3a-af8d-49e0006cfa6d,A,2023-10-18,"Tim Cook goes to China, where early iPhone 15 sales are reportedly sluggish",Fox Business,https://finance.yahoo.com/news/tim-cook-goes-china-where-234148290.html,1697586108,STORY
be27a974-4841-3014-8d2e-50401f91e705,A,2023-10-18,20 Most Innovative States in the US,Insider Monkey,https://finance.yahoo.com/news/20-most-innovative-states-us-223456444.html,1697582096,STORY
aa382e73-42e4-3552-ab3e-b38e8088ad2b,A,2023-10-18,ChatGPT: Everything you need to know about the AI-powered chatbot,TechCrunch,https://finance.yahoo.com/m/aa382e73-42e4-3552-ab3e-b38e8088ad2b/chatgpt%3A-everything-you-need.html,1697576619,STORY
7863670f-32b7-3cad-8fe2-70349994a646,A,2023-10-18,"Odd Mix of Action on Tuesday as Nvidia, Apple, Moderna Drag on Nasdaq",TheStreet.com,https://finance.yahoo.com/m/7863670f-32b7-3cad-8fe2-70349994a646/odd-mix-of-action-on-tuesday.html,1697574600,STORY
3c988c0a-a156-35a7-8a5e-d4910ae183d0,A,2023-10-18,Apple to offer USB-C equipped Apple Pencil with new pricing,Fox Business,https://finance.yahoo.com/news/apple-offer-usb-c-equipped-200949745.html,1697573389,STORY
