02d023b8-efd1-3a1c-9b0e-31b406e9b233,AJG,2022-9-20,Arthur J. Gallagher (AJG) Gains 23% in a Year: More Upside Left?,Zacks,https://finance.yahoo.com/news/arthur-j-gallagher-ajg-gains-154403131.html,1663602243,STORY
b1afca16-1698-36df-8ff0-246b53279b9e,AJG,2022-9-20,"Institutional investors in Arthur J. Gallagher & Co. (NYSE:AJG) see US$1.9b decrease in market cap last week, although long-term gains have benefitted them.",Simply Wall St.,https://finance.yahoo.com/news/institutional-investors-arthur-j-gallagher-145444675.html,1663599284,STORY
faa7f29a-449d-3d86-be9b-d31d43750cfc,AJG,2022-9-20,"Zacks Industry Outlook Highlights Marsh & McLennan, Aon, Arthur J. Gallagher, Willis Tower Watson and Hannover Ruck",Zacks,https://finance.yahoo.com/news/zacks-industry-outlook-highlights-marsh-092409425.html,1663320249,STORY
fec1a31c-aeae-35d9-b5b5-f79389d7086e,AJG,2022-9-20,5 Insurance Brokers to Watch Amid High Technological Investment,Zacks,https://finance.yahoo.com/news/5-insurance-brokers-watch-amid-173605299.html,1663263365,STORY
296b454c-9c18-3387-b3cf-f91a4b799f5c,AJG,2022-9-20,Brown & Brown (BRO) Expands Global Presence With Buyout,Zacks,https://finance.yahoo.com/news/brown-brown-bro-expands-global-171905646.html,1663175945,STORY
91b1ccdf-5815-3d5a-b91b-ce497b25fd6e,AJG,2022-9-20,Gallagher Report Reveals Employers Expect to Spend Less on Compensation in 2023,PR Newswire,https://finance.yahoo.com/news/gallagher-report-reveals-employers-expect-130000989.html,1662555600,STORY
9447ce8f-66c3-3256-918e-a7cb15ca9656,AJG,2022-9-20,Arthur J. Gallagher & Co. To Host Regularly Scheduled Quarterly Investor Meeting With Management,PR Newswire,https://finance.yahoo.com/news/arthur-j-gallagher-co-host-201500158.html,1662495300,STORY
f4d5ed5f-c9a0-380d-89d1-17c82f62a649,AJG,2022-9-20,"Sun Life (SLF) to Acquire AAM, Boost Alternative Products",Zacks,https://finance.yahoo.com/news/sun-life-slf-acquire-aam-163904815.html,1662136744,STORY
65c5b815-bc11-3143-afe4-da4cfe3bf231,AJG,2022-9-22,10 Stocks to Buy for Interest Rate Hikes,Insider Monkey,https://finance.yahoo.com/news/10-stocks-buy-interest-rate-132529365.html,1663766729,STORY
cd84d471-3fab-3002-97bf-fa4a8df181a3,AJG,2022-9-22,This Overlooked Stock Has Doubled the Market's Returns Over the Past Decade,Motley Fool,https://finance.yahoo.com/m/cd84d471-3fab-3002-97bf-fa4a8df181a3/this-overlooked-stock-has.html,1663685580,STORY
02d023b8-efd1-3a1c-9b0e-31b406e9b233,AJG,2022-9-22,Arthur J. Gallagher (AJG) Gains 23% in a Year: More Upside Left?,Zacks,https://finance.yahoo.com/news/arthur-j-gallagher-ajg-gains-154403131.html,1663602243,STORY
b1afca16-1698-36df-8ff0-246b53279b9e,AJG,2022-9-22,"Institutional investors in Arthur J. Gallagher & Co. (NYSE:AJG) see US$1.9b decrease in market cap last week, although long-term gains have benefitted them.",Simply Wall St.,https://finance.yahoo.com/news/institutional-investors-arthur-j-gallagher-145444675.html,1663599284,STORY
faa7f29a-449d-3d86-be9b-d31d43750cfc,AJG,2022-9-22,"Zacks Industry Outlook Highlights Marsh & McLennan, Aon, Arthur J. Gallagher, Willis Tower Watson and Hannover Ruck",Zacks,https://finance.yahoo.com/news/zacks-industry-outlook-highlights-marsh-092409425.html,1663320249,STORY
fec1a31c-aeae-35d9-b5b5-f79389d7086e,AJG,2022-9-22,5 Insurance Brokers to Watch Amid High Technological Investment,Zacks,https://finance.yahoo.com/news/5-insurance-brokers-watch-amid-173605299.html,1663263365,STORY
296b454c-9c18-3387-b3cf-f91a4b799f5c,AJG,2022-9-22,Brown & Brown (BRO) Expands Global Presence With Buyout,Zacks,https://finance.yahoo.com/news/brown-brown-bro-expands-global-171905646.html,1663175945,STORY
91b1ccdf-5815-3d5a-b91b-ce497b25fd6e,AJG,2022-9-22,Gallagher Report Reveals Employers Expect to Spend Less on Compensation in 2023,PR Newswire,https://finance.yahoo.com/news/gallagher-report-reveals-employers-expect-130000989.html,1662555600,STORY
65c5b815-bc11-3143-afe4-da4cfe3bf231,AJG,2022-9-23,10 Stocks to Buy for Interest Rate Hikes,Insider Monkey,https://finance.yahoo.com/news/10-stocks-buy-interest-rate-132529365.html,1663766729,STORY
cd84d471-3fab-3002-97bf-fa4a8df181a3,AJG,2022-9-23,This Overlooked Stock Has Doubled the Market's Returns Over the Past Decade,Motley Fool,https://finance.yahoo.com/m/cd84d471-3fab-3002-97bf-fa4a8df181a3/this-overlooked-stock-has.html,1663685580,STORY
02d023b8-efd1-3a1c-9b0e-31b406e9b233,AJG,2022-9-23,Arthur J. Gallagher (AJG) Gains 23% in a Year: More Upside Left?,Zacks,https://finance.yahoo.com/news/arthur-j-gallagher-ajg-gains-154403131.html,1663602243,STORY
b1afca16-1698-36df-8ff0-246b53279b9e,AJG,2022-9-23,"Institutional investors in Arthur J. Gallagher & Co. (NYSE:AJG) see US$1.9b decrease in market cap last week, although long-term gains have benefitted them.",Simply Wall St.,https://finance.yahoo.com/news/institutional-investors-arthur-j-gallagher-145444675.html,1663599284,STORY
faa7f29a-449d-3d86-be9b-d31d43750cfc,AJG,2022-9-23,"Zacks Industry Outlook Highlights Marsh & McLennan, Aon, Arthur J. Gallagher, Willis Tower Watson and Hannover Ruck",Zacks,https://finance.yahoo.com/news/zacks-industry-outlook-highlights-marsh-092409425.html,1663320249,STORY
fec1a31c-aeae-35d9-b5b5-f79389d7086e,AJG,2022-9-23,5 Insurance Brokers to Watch Amid High Technological Investment,Zacks,https://finance.yahoo.com/news/5-insurance-brokers-watch-amid-173605299.html,1663263365,STORY
296b454c-9c18-3387-b3cf-f91a4b799f5c,AJG,2022-9-23,Brown & Brown (BRO) Expands Global Presence With Buyout,Zacks,https://finance.yahoo.com/news/brown-brown-bro-expands-global-171905646.html,1663175945,STORY
91b1ccdf-5815-3d5a-b91b-ce497b25fd6e,AJG,2022-9-23,Gallagher Report Reveals Employers Expect to Spend Less on Compensation in 2023,PR Newswire,https://finance.yahoo.com/news/gallagher-report-reveals-employers-expect-130000989.html,1662555600,STORY
65c5b815-bc11-3143-afe4-da4cfe3bf231,AJG,2022-9-24,10 Stocks to Buy for Interest Rate Hikes,Insider Monkey,https://finance.yahoo.com/news/10-stocks-buy-interest-rate-132529365.html,1663766729,STORY
cd84d471-3fab-3002-97bf-fa4a8df181a3,AJG,2022-9-24,This Overlooked Stock Has Doubled the Market's Returns Over the Past Decade,Motley Fool,https://finance.yahoo.com/m/cd84d471-3fab-3002-97bf-fa4a8df181a3/this-overlooked-stock-has.html,1663685580,STORY
02d023b8-efd1-3a1c-9b0e-31b406e9b233,AJG,2022-9-24,Arthur J. Gallagher (AJG) Gains 23% in a Year: More Upside Left?,Zacks,https://finance.yahoo.com/news/arthur-j-gallagher-ajg-gains-154403131.html,1663602243,STORY
b1afca16-1698-36df-8ff0-246b53279b9e,AJG,2022-9-24,"Institutional investors in Arthur J. Gallagher & Co. (NYSE:AJG) see US$1.9b decrease in market cap last week, although long-term gains have benefitted them.",Simply Wall St.,https://finance.yahoo.com/news/institutional-investors-arthur-j-gallagher-145444675.html,1663599284,STORY
faa7f29a-449d-3d86-be9b-d31d43750cfc,AJG,2022-9-24,"Zacks Industry Outlook Highlights Marsh & McLennan, Aon, Arthur J. Gallagher, Willis Tower Watson and Hannover Ruck",Zacks,https://finance.yahoo.com/news/zacks-industry-outlook-highlights-marsh-092409425.html,1663320249,STORY
fec1a31c-aeae-35d9-b5b5-f79389d7086e,AJG,2022-9-24,5 Insurance Brokers to Watch Amid High Technological Investment,Zacks,https://finance.yahoo.com/news/5-insurance-brokers-watch-amid-173605299.html,1663263365,STORY
296b454c-9c18-3387-b3cf-f91a4b799f5c,AJG,2022-9-24,Brown & Brown (BRO) Expands Global Presence With Buyout,Zacks,https://finance.yahoo.com/news/brown-brown-bro-expands-global-171905646.html,1663175945,STORY
91b1ccdf-5815-3d5a-b91b-ce497b25fd6e,AJG,2022-9-24,Gallagher Report Reveals Employers Expect to Spend Less on Compensation in 2023,PR Newswire,https://finance.yahoo.com/news/gallagher-report-reveals-employers-expect-130000989.html,1662555600,STORY
65c5b815-bc11-3143-afe4-da4cfe3bf231,AJG,2022-9-25,10 Stocks to Buy for Interest Rate Hikes,Insider Monkey,https://finance.yahoo.com/news/10-stocks-buy-interest-rate-132529365.html,1663766729,STORY
cd84d471-3fab-3002-97bf-fa4a8df181a3,AJG,2022-9-25,This Overlooked Stock Has Doubled the Market's Returns Over the Past Decade,Motley Fool,https://finance.yahoo.com/m/cd84d471-3fab-3002-97bf-fa4a8df181a3/this-overlooked-stock-has.html,1663685580,STORY
02d023b8-efd1-3a1c-9b0e-31b406e9b233,AJG,2022-9-25,Arthur J. Gallagher (AJG) Gains 23% in a Year: More Upside Left?,Zacks,https://finance.yahoo.com/news/arthur-j-gallagher-ajg-gains-154403131.html,1663602243,STORY
b1afca16-1698-36df-8ff0-246b53279b9e,AJG,2022-9-25,"Institutional investors in Arthur J. Gallagher & Co. (NYSE:AJG) see US$1.9b decrease in market cap last week, although long-term gains have benefitted them.",Simply Wall St.,https://finance.yahoo.com/news/institutional-investors-arthur-j-gallagher-145444675.html,1663599284,STORY
faa7f29a-449d-3d86-be9b-d31d43750cfc,AJG,2022-9-25,"Zacks Industry Outlook Highlights Marsh & McLennan, Aon, Arthur J. Gallagher, Willis Tower Watson and Hannover Ruck",Zacks,https://finance.yahoo.com/news/zacks-industry-outlook-highlights-marsh-092409425.html,1663320249,STORY
fec1a31c-aeae-35d9-b5b5-f79389d7086e,AJG,2022-9-25,5 Insurance Brokers to Watch Amid High Technological Investment,Zacks,https://finance.yahoo.com/news/5-insurance-brokers-watch-amid-173605299.html,1663263365,STORY
296b454c-9c18-3387-b3cf-f91a4b799f5c,AJG,2022-9-25,Brown & Brown (BRO) Expands Global Presence With Buyout,Zacks,https://finance.yahoo.com/news/brown-brown-bro-expands-global-171905646.html,1663175945,STORY
91b1ccdf-5815-3d5a-b91b-ce497b25fd6e,AJG,2022-9-25,Gallagher Report Reveals Employers Expect to Spend Less on Compensation in 2023,PR Newswire,https://finance.yahoo.com/news/gallagher-report-reveals-employers-expect-130000989.html,1662555600,STORY
65c5b815-bc11-3143-afe4-da4cfe3bf231,AJG,2022-9-26,10 Stocks to Buy for Interest Rate Hikes,Insider Monkey,https://finance.yahoo.com/news/10-stocks-buy-interest-rate-132529365.html,1663766729,STORY
cd84d471-3fab-3002-97bf-fa4a8df181a3,AJG,2022-9-26,This Overlooked Stock Has Doubled the Market's Returns Over the Past Decade,Motley Fool,https://finance.yahoo.com/m/cd84d471-3fab-3002-97bf-fa4a8df181a3/this-overlooked-stock-has.html,1663685580,STORY
02d023b8-efd1-3a1c-9b0e-31b406e9b233,AJG,2022-9-26,Arthur J. Gallagher (AJG) Gains 23% in a Year: More Upside Left?,Zacks,https://finance.yahoo.com/news/arthur-j-gallagher-ajg-gains-154403131.html,1663602243,STORY
b1afca16-1698-36df-8ff0-246b53279b9e,AJG,2022-9-26,"Institutional investors in Arthur J. Gallagher & Co. (NYSE:AJG) see US$1.9b decrease in market cap last week, although long-term gains have benefitted them.",Simply Wall St.,https://finance.yahoo.com/news/institutional-investors-arthur-j-gallagher-145444675.html,1663599284,STORY
faa7f29a-449d-3d86-be9b-d31d43750cfc,AJG,2022-9-26,"Zacks Industry Outlook Highlights Marsh & McLennan, Aon, Arthur J. Gallagher, Willis Tower Watson and Hannover Ruck",Zacks,https://finance.yahoo.com/news/zacks-industry-outlook-highlights-marsh-092409425.html,1663320249,STORY
fec1a31c-aeae-35d9-b5b5-f79389d7086e,AJG,2022-9-26,5 Insurance Brokers to Watch Amid High Technological Investment,Zacks,https://finance.yahoo.com/news/5-insurance-brokers-watch-amid-173605299.html,1663263365,STORY
296b454c-9c18-3387-b3cf-f91a4b799f5c,AJG,2022-9-26,Brown & Brown (BRO) Expands Global Presence With Buyout,Zacks,https://finance.yahoo.com/news/brown-brown-bro-expands-global-171905646.html,1663175945,STORY
91b1ccdf-5815-3d5a-b91b-ce497b25fd6e,AJG,2022-9-26,Gallagher Report Reveals Employers Expect to Spend Less on Compensation in 2023,PR Newswire,https://finance.yahoo.com/news/gallagher-report-reveals-employers-expect-130000989.html,1662555600,STORY
65c5b815-bc11-3143-afe4-da4cfe3bf231,AJG,2022-9-27,10 Stocks to Buy for Interest Rate Hikes,Insider Monkey,https://finance.yahoo.com/news/10-stocks-buy-interest-rate-132529365.html,1663766729,STORY
cd84d471-3fab-3002-97bf-fa4a8df181a3,AJG,2022-9-27,This Overlooked Stock Has Doubled the Market's Returns Over the Past Decade,Motley Fool,https://finance.yahoo.com/m/cd84d471-3fab-3002-97bf-fa4a8df181a3/this-overlooked-stock-has.html,1663685580,STORY
02d023b8-efd1-3a1c-9b0e-31b406e9b233,AJG,2022-9-27,Arthur J. Gallagher (AJG) Gains 23% in a Year: More Upside Left?,Zacks,https://finance.yahoo.com/news/arthur-j-gallagher-ajg-gains-154403131.html,1663602243,STORY
b1afca16-1698-36df-8ff0-246b53279b9e,AJG,2022-9-27,"Institutional investors in Arthur J. Gallagher & Co. (NYSE:AJG) see US$1.9b decrease in market cap last week, although long-term gains have benefitted them.",Simply Wall St.,https://finance.yahoo.com/news/institutional-investors-arthur-j-gallagher-145444675.html,1663599284,STORY
faa7f29a-449d-3d86-be9b-d31d43750cfc,AJG,2022-9-27,"Zacks Industry Outlook Highlights Marsh & McLennan, Aon, Arthur J. Gallagher, Willis Tower Watson and Hannover Ruck",Zacks,https://finance.yahoo.com/news/zacks-industry-outlook-highlights-marsh-092409425.html,1663320249,STORY
fec1a31c-aeae-35d9-b5b5-f79389d7086e,AJG,2022-9-27,5 Insurance Brokers to Watch Amid High Technological Investment,Zacks,https://finance.yahoo.com/news/5-insurance-brokers-watch-amid-173605299.html,1663263365,STORY
296b454c-9c18-3387-b3cf-f91a4b799f5c,AJG,2022-9-27,Brown & Brown (BRO) Expands Global Presence With Buyout,Zacks,https://finance.yahoo.com/news/brown-brown-bro-expands-global-171905646.html,1663175945,STORY
91b1ccdf-5815-3d5a-b91b-ce497b25fd6e,AJG,2022-9-27,Gallagher Report Reveals Employers Expect to Spend Less on Compensation in 2023,PR Newswire,https://finance.yahoo.com/news/gallagher-report-reveals-employers-expect-130000989.html,1662555600,STORY
65c5b815-bc11-3143-afe4-da4cfe3bf231,AJG,2022-9-28,10 Stocks to Buy for Interest Rate Hikes,Insider Monkey,https://finance.yahoo.com/news/10-stocks-buy-interest-rate-132529365.html,1663766729,STORY
cd84d471-3fab-3002-97bf-fa4a8df181a3,AJG,2022-9-28,This Overlooked Stock Has Doubled the Market's Returns Over the Past Decade,Motley Fool,https://finance.yahoo.com/m/cd84d471-3fab-3002-97bf-fa4a8df181a3/this-overlooked-stock-has.html,1663685580,STORY
02d023b8-efd1-3a1c-9b0e-31b406e9b233,AJG,2022-9-28,Arthur J. Gallagher (AJG) Gains 23% in a Year: More Upside Left?,Zacks,https://finance.yahoo.com/news/arthur-j-gallagher-ajg-gains-154403131.html,1663602243,STORY
b1afca16-1698-36df-8ff0-246b53279b9e,AJG,2022-9-28,"Institutional investors in Arthur J. Gallagher & Co. (NYSE:AJG) see US$1.9b decrease in market cap last week, although long-term gains have benefitted them.",Simply Wall St.,https://finance.yahoo.com/news/institutional-investors-arthur-j-gallagher-145444675.html,1663599284,STORY
faa7f29a-449d-3d86-be9b-d31d43750cfc,AJG,2022-9-28,"Zacks Industry Outlook Highlights Marsh & McLennan, Aon, Arthur J. Gallagher, Willis Tower Watson and Hannover Ruck",Zacks,https://finance.yahoo.com/news/zacks-industry-outlook-highlights-marsh-092409425.html,1663320249,STORY
fec1a31c-aeae-35d9-b5b5-f79389d7086e,AJG,2022-9-28,5 Insurance Brokers to Watch Amid High Technological Investment,Zacks,https://finance.yahoo.com/news/5-insurance-brokers-watch-amid-173605299.html,1663263365,STORY
296b454c-9c18-3387-b3cf-f91a4b799f5c,AJG,2022-9-28,Brown & Brown (BRO) Expands Global Presence With Buyout,Zacks,https://finance.yahoo.com/news/brown-brown-bro-expands-global-171905646.html,1663175945,STORY
91b1ccdf-5815-3d5a-b91b-ce497b25fd6e,AJG,2022-9-28,Gallagher Report Reveals Employers Expect to Spend Less on Compensation in 2023,PR Newswire,https://finance.yahoo.com/news/gallagher-report-reveals-employers-expect-130000989.html,1662555600,STORY
65c5b815-bc11-3143-afe4-da4cfe3bf231,AJG,2022-9-29,10 Stocks to Buy for Interest Rate Hikes,Insider Monkey,https://finance.yahoo.com/news/10-stocks-buy-interest-rate-132529365.html,1663766729,STORY
cd84d471-3fab-3002-97bf-fa4a8df181a3,AJG,2022-9-29,This Overlooked Stock Has Doubled the Market's Returns Over the Past Decade,Motley Fool,https://finance.yahoo.com/m/cd84d471-3fab-3002-97bf-fa4a8df181a3/this-overlooked-stock-has.html,1663685580,STORY
02d023b8-efd1-3a1c-9b0e-31b406e9b233,AJG,2022-9-29,Arthur J. Gallagher (AJG) Gains 23% in a Year: More Upside Left?,Zacks,https://finance.yahoo.com/news/arthur-j-gallagher-ajg-gains-154403131.html,1663602243,STORY
b1afca16-1698-36df-8ff0-246b53279b9e,AJG,2022-9-29,"Institutional investors in Arthur J. Gallagher & Co. (NYSE:AJG) see US$1.9b decrease in market cap last week, although long-term gains have benefitted them.",Simply Wall St.,https://finance.yahoo.com/news/institutional-investors-arthur-j-gallagher-145444675.html,1663599284,STORY
faa7f29a-449d-3d86-be9b-d31d43750cfc,AJG,2022-9-29,"Zacks Industry Outlook Highlights Marsh & McLennan, Aon, Arthur J. Gallagher, Willis Tower Watson and Hannover Ruck",Zacks,https://finance.yahoo.com/news/zacks-industry-outlook-highlights-marsh-092409425.html,1663320249,STORY
fec1a31c-aeae-35d9-b5b5-f79389d7086e,AJG,2022-9-29,5 Insurance Brokers to Watch Amid High Technological Investment,Zacks,https://finance.yahoo.com/news/5-insurance-brokers-watch-amid-173605299.html,1663263365,STORY
296b454c-9c18-3387-b3cf-f91a4b799f5c,AJG,2022-9-29,Brown & Brown (BRO) Expands Global Presence With Buyout,Zacks,https://finance.yahoo.com/news/brown-brown-bro-expands-global-171905646.html,1663175945,STORY
91b1ccdf-5815-3d5a-b91b-ce497b25fd6e,AJG,2022-9-29,Gallagher Report Reveals Employers Expect to Spend Less on Compensation in 2023,PR Newswire,https://finance.yahoo.com/news/gallagher-report-reveals-employers-expect-130000989.html,1662555600,STORY
1ecb7206-fa9e-384a-a814-b8ea7ed62221,AJG,2022-9-30,"Arthur J. Gallagher & Co. Signs Agreement to Acquire M&T Insurance Agency, Inc.",PR Newswire,https://finance.yahoo.com/news/arthur-j-gallagher-co-signs-201000352.html,1664482200,STORY
39ea5e52-e2c8-3f2e-9edf-130af8e57b15,AJG,2022-9-30,M&T Bank Corporation Announces Agreement to Sell M&T Insurance Agency to Arthur J. Gallagher & Co.,PR Newswire,https://finance.yahoo.com/news/m-t-bank-corporation-announces-200200022.html,1664481720,STORY
65c5b815-bc11-3143-afe4-da4cfe3bf231,AJG,2022-9-30,10 Stocks to Buy for Interest Rate Hikes,Insider Monkey,https://finance.yahoo.com/news/10-stocks-buy-interest-rate-132529365.html,1663766729,STORY
cd84d471-3fab-3002-97bf-fa4a8df181a3,AJG,2022-9-30,This Overlooked Stock Has Doubled the Market's Returns Over the Past Decade,Motley Fool,https://finance.yahoo.com/m/cd84d471-3fab-3002-97bf-fa4a8df181a3/this-overlooked-stock-has.html,1663685580,STORY
02d023b8-efd1-3a1c-9b0e-31b406e9b233,AJG,2022-9-30,Arthur J. Gallagher (AJG) Gains 23% in a Year: More Upside Left?,Zacks,https://finance.yahoo.com/news/arthur-j-gallagher-ajg-gains-154403131.html,1663602243,STORY
b1afca16-1698-36df-8ff0-246b53279b9e,AJG,2022-9-30,"Institutional investors in Arthur J. Gallagher & Co. (NYSE:AJG) see US$1.9b decrease in market cap last week, although long-term gains have benefitted them.",Simply Wall St.,https://finance.yahoo.com/news/institutional-investors-arthur-j-gallagher-145444675.html,1663599284,STORY
faa7f29a-449d-3d86-be9b-d31d43750cfc,AJG,2022-9-30,"Zacks Industry Outlook Highlights Marsh & McLennan, Aon, Arthur J. Gallagher, Willis Tower Watson and Hannover Ruck",Zacks,https://finance.yahoo.com/news/zacks-industry-outlook-highlights-marsh-092409425.html,1663320249,STORY
fec1a31c-aeae-35d9-b5b5-f79389d7086e,AJG,2022-9-30,5 Insurance Brokers to Watch Amid High Technological Investment,Zacks,https://finance.yahoo.com/news/5-insurance-brokers-watch-amid-173605299.html,1663263365,STORY
0eae95e9-87bb-379f-bd22-e6fad3ef7d23,AJG,2022-10-1,Arthur J. Gallagher (AJG) Expands in New York With MTIA Buyout,Zacks,https://finance.yahoo.com/news/arthur-j-gallagher-ajg-expands-151803512.html,1664551083,STORY
1ecb7206-fa9e-384a-a814-b8ea7ed62221,AJG,2022-10-1,"Arthur J. Gallagher & Co. Signs Agreement to Acquire M&T Insurance Agency, Inc.",PR Newswire,https://finance.yahoo.com/news/arthur-j-gallagher-co-signs-201000352.html,1664482200,STORY
39ea5e52-e2c8-3f2e-9edf-130af8e57b15,AJG,2022-10-1,M&T Bank Corporation Announces Agreement to Sell M&T Insurance Agency to Arthur J. Gallagher & Co.,PR Newswire,https://finance.yahoo.com/news/m-t-bank-corporation-announces-200200022.html,1664481720,STORY
cd84d471-3fab-3002-97bf-fa4a8df181a3,AJG,2022-10-1,This Overlooked Stock Has Doubled the Market's Returns Over the Past Decade,Motley Fool,https://finance.yahoo.com/m/cd84d471-3fab-3002-97bf-fa4a8df181a3/this-overlooked-stock-has.html,1663685580,STORY
02d023b8-efd1-3a1c-9b0e-31b406e9b233,AJG,2022-10-1,Arthur J. Gallagher (AJG) Gains 23% in a Year: More Upside Left?,Zacks,https://finance.yahoo.com/news/arthur-j-gallagher-ajg-gains-154403131.html,1663602243,STORY
b1afca16-1698-36df-8ff0-246b53279b9e,AJG,2022-10-1,"Institutional investors in Arthur J. Gallagher & Co. (NYSE:AJG) see US$1.9b decrease in market cap last week, although long-term gains have benefitted them.",Simply Wall St.,https://finance.yahoo.com/news/institutional-investors-arthur-j-gallagher-145444675.html,1663599284,STORY
faa7f29a-449d-3d86-be9b-d31d43750cfc,AJG,2022-10-1,"Zacks Industry Outlook Highlights Marsh & McLennan, Aon, Arthur J. Gallagher, Willis Tower Watson and Hannover Ruck",Zacks,https://finance.yahoo.com/news/zacks-industry-outlook-highlights-marsh-092409425.html,1663320249,STORY
fec1a31c-aeae-35d9-b5b5-f79389d7086e,AJG,2022-10-1,5 Insurance Brokers to Watch Amid High Technological Investment,Zacks,https://finance.yahoo.com/news/5-insurance-brokers-watch-amid-173605299.html,1663263365,STORY
0eae95e9-87bb-379f-bd22-e6fad3ef7d23,AJG,2022-10-2,Arthur J. Gallagher (AJG) Expands in New York With MTIA Buyout,Zacks,https://finance.yahoo.com/news/arthur-j-gallagher-ajg-expands-151803512.html,1664551083,STORY
1ecb7206-fa9e-384a-a814-b8ea7ed62221,AJG,2022-10-2,"Arthur J. Gallagher & Co. Signs Agreement to Acquire M&T Insurance Agency, Inc.",PR Newswire,https://finance.yahoo.com/news/arthur-j-gallagher-co-signs-201000352.html,1664482200,STORY
39ea5e52-e2c8-3f2e-9edf-130af8e57b15,AJG,2022-10-2,M&T Bank Corporation Announces Agreement to Sell M&T Insurance Agency to Arthur J. Gallagher & Co.,PR Newswire,https://finance.yahoo.com/news/m-t-bank-corporation-announces-200200022.html,1664481720,STORY
cd84d471-3fab-3002-97bf-fa4a8df181a3,AJG,2022-10-2,This Overlooked Stock Has Doubled the Market's Returns Over the Past Decade,Motley Fool,https://finance.yahoo.com/m/cd84d471-3fab-3002-97bf-fa4a8df181a3/this-overlooked-stock-has.html,1663685580,STORY
02d023b8-efd1-3a1c-9b0e-31b406e9b233,AJG,2022-10-2,Arthur J. Gallagher (AJG) Gains 23% in a Year: More Upside Left?,Zacks,https://finance.yahoo.com/news/arthur-j-gallagher-ajg-gains-154403131.html,1663602243,STORY
b1afca16-1698-36df-8ff0-246b53279b9e,AJG,2022-10-2,"Institutional investors in Arthur J. Gallagher & Co. (NYSE:AJG) see US$1.9b decrease in market cap last week, although long-term gains have benefitted them.",Simply Wall St.,https://finance.yahoo.com/news/institutional-investors-arthur-j-gallagher-145444675.html,1663599284,STORY
faa7f29a-449d-3d86-be9b-d31d43750cfc,AJG,2022-10-2,"Zacks Industry Outlook Highlights Marsh & McLennan, Aon, Arthur J. Gallagher, Willis Tower Watson and Hannover Ruck",Zacks,https://finance.yahoo.com/news/zacks-industry-outlook-highlights-marsh-092409425.html,1663320249,STORY
fec1a31c-aeae-35d9-b5b5-f79389d7086e,AJG,2022-10-2,5 Insurance Brokers to Watch Amid High Technological Investment,Zacks,https://finance.yahoo.com/news/5-insurance-brokers-watch-amid-173605299.html,1663263365,STORY
0eae95e9-87bb-379f-bd22-e6fad3ef7d23,AJG,2022-10-3,Arthur J. Gallagher (AJG) Expands in New York With MTIA Buyout,Zacks,https://finance.yahoo.com/news/arthur-j-gallagher-ajg-expands-151803512.html,1664551083,STORY
1ecb7206-fa9e-384a-a814-b8ea7ed62221,AJG,2022-10-3,"Arthur J. Gallagher & Co. Signs Agreement to Acquire M&T Insurance Agency, Inc.",PR Newswire,https://finance.yahoo.com/news/arthur-j-gallagher-co-signs-201000352.html,1664482200,STORY
39ea5e52-e2c8-3f2e-9edf-130af8e57b15,AJG,2022-10-3,M&T Bank Corporation Announces Agreement to Sell M&T Insurance Agency to Arthur J. Gallagher & Co.,PR Newswire,https://finance.yahoo.com/news/m-t-bank-corporation-announces-200200022.html,1664481720,STORY
cd84d471-3fab-3002-97bf-fa4a8df181a3,AJG,2022-10-3,This Overlooked Stock Has Doubled the Market's Returns Over the Past Decade,Motley Fool,https://finance.yahoo.com/m/cd84d471-3fab-3002-97bf-fa4a8df181a3/this-overlooked-stock-has.html,1663685580,STORY
02d023b8-efd1-3a1c-9b0e-31b406e9b233,AJG,2022-10-3,Arthur J. Gallagher (AJG) Gains 23% in a Year: More Upside Left?,Zacks,https://finance.yahoo.com/news/arthur-j-gallagher-ajg-gains-154403131.html,1663602243,STORY
b1afca16-1698-36df-8ff0-246b53279b9e,AJG,2022-10-3,"Institutional investors in Arthur J. Gallagher & Co. (NYSE:AJG) see US$1.9b decrease in market cap last week, although long-term gains have benefitted them.",Simply Wall St.,https://finance.yahoo.com/news/institutional-investors-arthur-j-gallagher-145444675.html,1663599284,STORY
faa7f29a-449d-3d86-be9b-d31d43750cfc,AJG,2022-10-3,"Zacks Industry Outlook Highlights Marsh & McLennan, Aon, Arthur J. Gallagher, Willis Tower Watson and Hannover Ruck",Zacks,https://finance.yahoo.com/news/zacks-industry-outlook-highlights-marsh-092409425.html,1663320249,STORY
fec1a31c-aeae-35d9-b5b5-f79389d7086e,AJG,2022-10-3,5 Insurance Brokers to Watch Amid High Technological Investment,Zacks,https://finance.yahoo.com/news/5-insurance-brokers-watch-amid-173605299.html,1663263365,STORY
0eae95e9-87bb-379f-bd22-e6fad3ef7d23,AJG,2022-10-4,Arthur J. Gallagher (AJG) Expands in New York With MTIA Buyout,Zacks,https://finance.yahoo.com/news/arthur-j-gallagher-ajg-expands-151803512.html,1664551083,STORY
1ecb7206-fa9e-384a-a814-b8ea7ed62221,AJG,2022-10-4,"Arthur J. Gallagher & Co. Signs Agreement to Acquire M&T Insurance Agency, Inc.",PR Newswire,https://finance.yahoo.com/news/arthur-j-gallagher-co-signs-201000352.html,1664482200,STORY
39ea5e52-e2c8-3f2e-9edf-130af8e57b15,AJG,2022-10-4,M&T Bank Corporation Announces Agreement to Sell M&T Insurance Agency to Arthur J. Gallagher & Co.,PR Newswire,https://finance.yahoo.com/news/m-t-bank-corporation-announces-200200022.html,1664481720,STORY
65c5b815-bc11-3143-afe4-da4cfe3bf231,AJG,2022-10-4,10 Stocks to Buy for Interest Rate Hikes,Insider Monkey,https://finance.yahoo.com/news/10-stocks-buy-interest-rate-132529365.html,1663766729,STORY
cd84d471-3fab-3002-97bf-fa4a8df181a3,AJG,2022-10-4,This Overlooked Stock Has Doubled the Market's Returns Over the Past Decade,Motley Fool,https://finance.yahoo.com/m/cd84d471-3fab-3002-97bf-fa4a8df181a3/this-overlooked-stock-has.html,1663685580,STORY
02d023b8-efd1-3a1c-9b0e-31b406e9b233,AJG,2022-10-4,Arthur J. Gallagher (AJG) Gains 23% in a Year: More Upside Left?,Zacks,https://finance.yahoo.com/news/arthur-j-gallagher-ajg-gains-154403131.html,1663602243,STORY
b1afca16-1698-36df-8ff0-246b53279b9e,AJG,2022-10-4,"Institutional investors in Arthur J. Gallagher & Co. (NYSE:AJG) see US$1.9b decrease in market cap last week, although long-term gains have benefitted them.",Simply Wall St.,https://finance.yahoo.com/news/institutional-investors-arthur-j-gallagher-145444675.html,1663599284,STORY
faa7f29a-449d-3d86-be9b-d31d43750cfc,AJG,2022-10-4,"Zacks Industry Outlook Highlights Marsh & McLennan, Aon, Arthur J. Gallagher, Willis Tower Watson and Hannover Ruck",Zacks,https://finance.yahoo.com/news/zacks-industry-outlook-highlights-marsh-092409425.html,1663320249,STORY
0eae95e9-87bb-379f-bd22-e6fad3ef7d23,AJG,2022-10-5,Arthur J. Gallagher (AJG) Expands in New York With MTIA Buyout,Zacks,https://finance.yahoo.com/news/arthur-j-gallagher-ajg-expands-151803512.html,1664551083,STORY
1ecb7206-fa9e-384a-a814-b8ea7ed62221,AJG,2022-10-5,"Arthur J. Gallagher & Co. Signs Agreement to Acquire M&T Insurance Agency, Inc.",PR Newswire,https://finance.yahoo.com/news/arthur-j-gallagher-co-signs-201000352.html,1664482200,STORY
39ea5e52-e2c8-3f2e-9edf-130af8e57b15,AJG,2022-10-5,M&T Bank Corporation Announces Agreement to Sell M&T Insurance Agency to Arthur J. Gallagher & Co.,PR Newswire,https://finance.yahoo.com/news/m-t-bank-corporation-announces-200200022.html,1664481720,STORY
65c5b815-bc11-3143-afe4-da4cfe3bf231,AJG,2022-10-5,10 Stocks to Buy for Interest Rate Hikes,Insider Monkey,https://finance.yahoo.com/news/10-stocks-buy-interest-rate-132529365.html,1663766729,STORY
cd84d471-3fab-3002-97bf-fa4a8df181a3,AJG,2022-10-5,This Overlooked Stock Has Doubled the Market's Returns Over the Past Decade,Motley Fool,https://finance.yahoo.com/m/cd84d471-3fab-3002-97bf-fa4a8df181a3/this-overlooked-stock-has.html,1663685580,STORY
02d023b8-efd1-3a1c-9b0e-31b406e9b233,AJG,2022-10-5,Arthur J. Gallagher (AJG) Gains 23% in a Year: More Upside Left?,Zacks,https://finance.yahoo.com/news/arthur-j-gallagher-ajg-gains-154403131.html,1663602243,STORY
b1afca16-1698-36df-8ff0-246b53279b9e,AJG,2022-10-5,"Institutional investors in Arthur J. Gallagher & Co. (NYSE:AJG) see US$1.9b decrease in market cap last week, although long-term gains have benefitted them.",Simply Wall St.,https://finance.yahoo.com/news/institutional-investors-arthur-j-gallagher-145444675.html,1663599284,STORY
faa7f29a-449d-3d86-be9b-d31d43750cfc,AJG,2022-10-5,"Zacks Industry Outlook Highlights Marsh & McLennan, Aon, Arthur J. Gallagher, Willis Tower Watson and Hannover Ruck",Zacks,https://finance.yahoo.com/news/zacks-industry-outlook-highlights-marsh-092409425.html,1663320249,STORY
90a5e541-be69-358c-b8e1-99bea2db0f20,AJG,2022-10-6,Brown & Brown (BRO) Banks on Strategic Buyouts Amid Cost Woes,Zacks,https://finance.yahoo.com/news/brown-brown-bro-banks-strategic-145902199.html,1664981942,STORY
0eae95e9-87bb-379f-bd22-e6fad3ef7d23,AJG,2022-10-6,Arthur J. Gallagher (AJG) Expands in New York With MTIA Buyout,Zacks,https://finance.yahoo.com/news/arthur-j-gallagher-ajg-expands-151803512.html,1664551083,STORY
1ecb7206-fa9e-384a-a814-b8ea7ed62221,AJG,2022-10-6,"Arthur J. Gallagher & Co. Signs Agreement to Acquire M&T Insurance Agency, Inc.",PR Newswire,https://finance.yahoo.com/news/arthur-j-gallagher-co-signs-201000352.html,1664482200,STORY
39ea5e52-e2c8-3f2e-9edf-130af8e57b15,AJG,2022-10-6,M&T Bank Corporation Announces Agreement to Sell M&T Insurance Agency to Arthur J. Gallagher & Co.,PR Newswire,https://finance.yahoo.com/news/m-t-bank-corporation-announces-200200022.html,1664481720,STORY
65c5b815-bc11-3143-afe4-da4cfe3bf231,AJG,2022-10-6,10 Stocks to Buy for Interest Rate Hikes,Insider Monkey,https://finance.yahoo.com/news/10-stocks-buy-interest-rate-132529365.html,1663766729,STORY
cd84d471-3fab-3002-97bf-fa4a8df181a3,AJG,2022-10-6,This Overlooked Stock Has Doubled the Market's Returns Over the Past Decade,Motley Fool,https://finance.yahoo.com/m/cd84d471-3fab-3002-97bf-fa4a8df181a3/this-overlooked-stock-has.html,1663685580,STORY
02d023b8-efd1-3a1c-9b0e-31b406e9b233,AJG,2022-10-6,Arthur J. Gallagher (AJG) Gains 23% in a Year: More Upside Left?,Zacks,https://finance.yahoo.com/news/arthur-j-gallagher-ajg-gains-154403131.html,1663602243,STORY
b1afca16-1698-36df-8ff0-246b53279b9e,AJG,2022-10-6,"Institutional investors in Arthur J. Gallagher & Co. (NYSE:AJG) see US$1.9b decrease in market cap last week, although long-term gains have benefitted them.",Simply Wall St.,https://finance.yahoo.com/news/institutional-investors-arthur-j-gallagher-145444675.html,1663599284,STORY
2791263c-6cf7-351d-9e43-1a84d050d880,AJG,2022-10-7,Arthur J. Gallagher & Co. Announces Third Quarter 2022 Earnings Release and Conference Call Date,PR Newswire,https://finance.yahoo.com/news/arthur-j-gallagher-co-announces-201500421.html,1665087300,STORY
90a5e541-be69-358c-b8e1-99bea2db0f20,AJG,2022-10-7,Brown & Brown (BRO) Banks on Strategic Buyouts Amid Cost Woes,Zacks,https://finance.yahoo.com/news/brown-brown-bro-banks-strategic-145902199.html,1664981942,STORY
0eae95e9-87bb-379f-bd22-e6fad3ef7d23,AJG,2022-10-7,Arthur J. Gallagher (AJG) Expands in New York With MTIA Buyout,Zacks,https://finance.yahoo.com/news/arthur-j-gallagher-ajg-expands-151803512.html,1664551083,STORY
1ecb7206-fa9e-384a-a814-b8ea7ed62221,AJG,2022-10-7,"Arthur J. Gallagher & Co. Signs Agreement to Acquire M&T Insurance Agency, Inc.",PR Newswire,https://finance.yahoo.com/news/arthur-j-gallagher-co-signs-201000352.html,1664482200,STORY
39ea5e52-e2c8-3f2e-9edf-130af8e57b15,AJG,2022-10-7,M&T Bank Corporation Announces Agreement to Sell M&T Insurance Agency to Arthur J. Gallagher & Co.,PR Newswire,https://finance.yahoo.com/news/m-t-bank-corporation-announces-200200022.html,1664481720,STORY
65c5b815-bc11-3143-afe4-da4cfe3bf231,AJG,2022-10-7,10 Stocks to Buy for Interest Rate Hikes,Insider Monkey,https://finance.yahoo.com/news/10-stocks-buy-interest-rate-132529365.html,1663766729,STORY
cd84d471-3fab-3002-97bf-fa4a8df181a3,AJG,2022-10-7,This Overlooked Stock Has Doubled the Market's Returns Over the Past Decade,Motley Fool,https://finance.yahoo.com/m/cd84d471-3fab-3002-97bf-fa4a8df181a3/this-overlooked-stock-has.html,1663685580,STORY
02d023b8-efd1-3a1c-9b0e-31b406e9b233,AJG,2022-10-7,Arthur J. Gallagher (AJG) Gains 23% in a Year: More Upside Left?,Zacks,https://finance.yahoo.com/news/arthur-j-gallagher-ajg-gains-154403131.html,1663602243,STORY
2791263c-6cf7-351d-9e43-1a84d050d880,AJG,2022-10-8,Arthur J. Gallagher & Co. Announces Third Quarter 2022 Earnings Release and Conference Call Date,PR Newswire,https://finance.yahoo.com/news/arthur-j-gallagher-co-announces-201500421.html,1665087300,STORY
90a5e541-be69-358c-b8e1-99bea2db0f20,AJG,2022-10-8,Brown & Brown (BRO) Banks on Strategic Buyouts Amid Cost Woes,Zacks,https://finance.yahoo.com/news/brown-brown-bro-banks-strategic-145902199.html,1664981942,STORY
0eae95e9-87bb-379f-bd22-e6fad3ef7d23,AJG,2022-10-8,Arthur J. Gallagher (AJG) Expands in New York With MTIA Buyout,Zacks,https://finance.yahoo.com/news/arthur-j-gallagher-ajg-expands-151803512.html,1664551083,STORY
1ecb7206-fa9e-384a-a814-b8ea7ed62221,AJG,2022-10-8,"Arthur J. Gallagher & Co. Signs Agreement to Acquire M&T Insurance Agency, Inc.",PR Newswire,https://finance.yahoo.com/news/arthur-j-gallagher-co-signs-201000352.html,1664482200,STORY
39ea5e52-e2c8-3f2e-9edf-130af8e57b15,AJG,2022-10-8,M&T Bank Corporation Announces Agreement to Sell M&T Insurance Agency to Arthur J. Gallagher & Co.,PR Newswire,https://finance.yahoo.com/news/m-t-bank-corporation-announces-200200022.html,1664481720,STORY
65c5b815-bc11-3143-afe4-da4cfe3bf231,AJG,2022-10-8,10 Stocks to Buy for Interest Rate Hikes,Insider Monkey,https://finance.yahoo.com/news/10-stocks-buy-interest-rate-132529365.html,1663766729,STORY
cd84d471-3fab-3002-97bf-fa4a8df181a3,AJG,2022-10-8,This Overlooked Stock Has Doubled the Market's Returns Over the Past Decade,Motley Fool,https://finance.yahoo.com/m/cd84d471-3fab-3002-97bf-fa4a8df181a3/this-overlooked-stock-has.html,1663685580,STORY
02d023b8-efd1-3a1c-9b0e-31b406e9b233,AJG,2022-10-8,Arthur J. Gallagher (AJG) Gains 23% in a Year: More Upside Left?,Zacks,https://finance.yahoo.com/news/arthur-j-gallagher-ajg-gains-154403131.html,1663602243,STORY
2791263c-6cf7-351d-9e43-1a84d050d880,AJG,2022-10-9,Arthur J. Gallagher & Co. Announces Third Quarter 2022 Earnings Release and Conference Call Date,PR Newswire,https://finance.yahoo.com/news/arthur-j-gallagher-co-announces-201500421.html,1665087300,STORY
90a5e541-be69-358c-b8e1-99bea2db0f20,AJG,2022-10-9,Brown & Brown (BRO) Banks on Strategic Buyouts Amid Cost Woes,Zacks,https://finance.yahoo.com/news/brown-brown-bro-banks-strategic-145902199.html,1664981942,STORY
0eae95e9-87bb-379f-bd22-e6fad3ef7d23,AJG,2022-10-9,Arthur J. Gallagher (AJG) Expands in New York With MTIA Buyout,Zacks,https://finance.yahoo.com/news/arthur-j-gallagher-ajg-expands-151803512.html,1664551083,STORY
1ecb7206-fa9e-384a-a814-b8ea7ed62221,AJG,2022-10-9,"Arthur J. Gallagher & Co. Signs Agreement to Acquire M&T Insurance Agency, Inc.",PR Newswire,https://finance.yahoo.com/news/arthur-j-gallagher-co-signs-201000352.html,1664482200,STORY
39ea5e52-e2c8-3f2e-9edf-130af8e57b15,AJG,2022-10-9,M&T Bank Corporation Announces Agreement to Sell M&T Insurance Agency to Arthur J. Gallagher & Co.,PR Newswire,https://finance.yahoo.com/news/m-t-bank-corporation-announces-200200022.html,1664481720,STORY
65c5b815-bc11-3143-afe4-da4cfe3bf231,AJG,2022-10-9,10 Stocks to Buy for Interest Rate Hikes,Insider Monkey,https://finance.yahoo.com/news/10-stocks-buy-interest-rate-132529365.html,1663766729,STORY
cd84d471-3fab-3002-97bf-fa4a8df181a3,AJG,2022-10-9,This Overlooked Stock Has Doubled the Market's Returns Over the Past Decade,Motley Fool,https://finance.yahoo.com/m/cd84d471-3fab-3002-97bf-fa4a8df181a3/this-overlooked-stock-has.html,1663685580,STORY
02d023b8-efd1-3a1c-9b0e-31b406e9b233,AJG,2022-10-9,Arthur J. Gallagher (AJG) Gains 23% in a Year: More Upside Left?,Zacks,https://finance.yahoo.com/news/arthur-j-gallagher-ajg-gains-154403131.html,1663602243,STORY
2791263c-6cf7-351d-9e43-1a84d050d880,AJG,2022-10-10,Arthur J. Gallagher & Co. Announces Third Quarter 2022 Earnings Release and Conference Call Date,PR Newswire,https://finance.yahoo.com/news/arthur-j-gallagher-co-announces-201500421.html,1665087300,STORY
90a5e541-be69-358c-b8e1-99bea2db0f20,AJG,2022-10-10,Brown & Brown (BRO) Banks on Strategic Buyouts Amid Cost Woes,Zacks,https://finance.yahoo.com/news/brown-brown-bro-banks-strategic-145902199.html,1664981942,STORY
0eae95e9-87bb-379f-bd22-e6fad3ef7d23,AJG,2022-10-10,Arthur J. Gallagher (AJG) Expands in New York With MTIA Buyout,Zacks,https://finance.yahoo.com/news/arthur-j-gallagher-ajg-expands-151803512.html,1664551083,STORY
1ecb7206-fa9e-384a-a814-b8ea7ed62221,AJG,2022-10-10,"Arthur J. Gallagher & Co. Signs Agreement to Acquire M&T Insurance Agency, Inc.",PR Newswire,https://finance.yahoo.com/news/arthur-j-gallagher-co-signs-201000352.html,1664482200,STORY
39ea5e52-e2c8-3f2e-9edf-130af8e57b15,AJG,2022-10-10,M&T Bank Corporation Announces Agreement to Sell M&T Insurance Agency to Arthur J. Gallagher & Co.,PR Newswire,https://finance.yahoo.com/news/m-t-bank-corporation-announces-200200022.html,1664481720,STORY
65c5b815-bc11-3143-afe4-da4cfe3bf231,AJG,2022-10-10,10 Stocks to Buy for Interest Rate Hikes,Insider Monkey,https://finance.yahoo.com/news/10-stocks-buy-interest-rate-132529365.html,1663766729,STORY
cd84d471-3fab-3002-97bf-fa4a8df181a3,AJG,2022-10-10,This Overlooked Stock Has Doubled the Market's Returns Over the Past Decade,Motley Fool,https://finance.yahoo.com/m/cd84d471-3fab-3002-97bf-fa4a8df181a3/this-overlooked-stock-has.html,1663685580,STORY
02d023b8-efd1-3a1c-9b0e-31b406e9b233,AJG,2022-10-10,Arthur J. Gallagher (AJG) Gains 23% in a Year: More Upside Left?,Zacks,https://finance.yahoo.com/news/arthur-j-gallagher-ajg-gains-154403131.html,1663602243,STORY
03965bb8-8d48-3b31-966c-9f94fa5425c8,AJG,2022-10-11,10 Best Stocks to Buy According to Angela Aldrich’s Bayberry Capital Partners,Insider Monkey,https://finance.yahoo.com/news/10-best-stocks-buy-according-191207648.html,1665429127,STORY
2791263c-6cf7-351d-9e43-1a84d050d880,AJG,2022-10-11,Arthur J. Gallagher & Co. Announces Third Quarter 2022 Earnings Release and Conference Call Date,PR Newswire,https://finance.yahoo.com/news/arthur-j-gallagher-co-announces-201500421.html,1665087300,STORY
90a5e541-be69-358c-b8e1-99bea2db0f20,AJG,2022-10-11,Brown & Brown (BRO) Banks on Strategic Buyouts Amid Cost Woes,Zacks,https://finance.yahoo.com/news/brown-brown-bro-banks-strategic-145902199.html,1664981942,STORY
0eae95e9-87bb-379f-bd22-e6fad3ef7d23,AJG,2022-10-11,Arthur J. Gallagher (AJG) Expands in New York With MTIA Buyout,Zacks,https://finance.yahoo.com/news/arthur-j-gallagher-ajg-expands-151803512.html,1664551083,STORY
1ecb7206-fa9e-384a-a814-b8ea7ed62221,AJG,2022-10-11,"Arthur J. Gallagher & Co. Signs Agreement to Acquire M&T Insurance Agency, Inc.",PR Newswire,https://finance.yahoo.com/news/arthur-j-gallagher-co-signs-201000352.html,1664482200,STORY
39ea5e52-e2c8-3f2e-9edf-130af8e57b15,AJG,2022-10-11,M&T Bank Corporation Announces Agreement to Sell M&T Insurance Agency to Arthur J. Gallagher & Co.,PR Newswire,https://finance.yahoo.com/news/m-t-bank-corporation-announces-200200022.html,1664481720,STORY
65c5b815-bc11-3143-afe4-da4cfe3bf231,AJG,2022-10-11,10 Stocks to Buy for Interest Rate Hikes,Insider Monkey,https://finance.yahoo.com/news/10-stocks-buy-interest-rate-132529365.html,1663766729,STORY
cd84d471-3fab-3002-97bf-fa4a8df181a3,AJG,2022-10-11,This Overlooked Stock Has Doubled the Market's Returns Over the Past Decade,Motley Fool,https://finance.yahoo.com/m/cd84d471-3fab-3002-97bf-fa4a8df181a3/this-overlooked-stock-has.html,1663685580,STORY
03965bb8-8d48-3b31-966c-9f94fa5425c8,AJG,2022-10-12,10 Best Stocks to Buy According to Angela Aldrich’s Bayberry Capital Partners,Insider Monkey,https://finance.yahoo.com/news/10-best-stocks-buy-according-191207648.html,1665429127,STORY
2791263c-6cf7-351d-9e43-1a84d050d880,AJG,2022-10-12,Arthur J. Gallagher & Co. Announces Third Quarter 2022 Earnings Release and Conference Call Date,PR Newswire,https://finance.yahoo.com/news/arthur-j-gallagher-co-announces-201500421.html,1665087300,STORY
90a5e541-be69-358c-b8e1-99bea2db0f20,AJG,2022-10-12,Brown & Brown (BRO) Banks on Strategic Buyouts Amid Cost Woes,Zacks,https://finance.yahoo.com/news/brown-brown-bro-banks-strategic-145902199.html,1664981942,STORY
0eae95e9-87bb-379f-bd22-e6fad3ef7d23,AJG,2022-10-12,Arthur J. Gallagher (AJG) Expands in New York With MTIA Buyout,Zacks,https://finance.yahoo.com/news/arthur-j-gallagher-ajg-expands-151803512.html,1664551083,STORY
1ecb7206-fa9e-384a-a814-b8ea7ed62221,AJG,2022-10-12,"Arthur J. Gallagher & Co. Signs Agreement to Acquire M&T Insurance Agency, Inc.",PR Newswire,https://finance.yahoo.com/news/arthur-j-gallagher-co-signs-201000352.html,1664482200,STORY
39ea5e52-e2c8-3f2e-9edf-130af8e57b15,AJG,2022-10-12,M&T Bank Corporation Announces Agreement to Sell M&T Insurance Agency to Arthur J. Gallagher & Co.,PR Newswire,https://finance.yahoo.com/news/m-t-bank-corporation-announces-200200022.html,1664481720,STORY
65c5b815-bc11-3143-afe4-da4cfe3bf231,AJG,2022-10-12,10 Stocks to Buy for Interest Rate Hikes,Insider Monkey,https://finance.yahoo.com/news/10-stocks-buy-interest-rate-132529365.html,1663766729,STORY
cd84d471-3fab-3002-97bf-fa4a8df181a3,AJG,2022-10-12,This Overlooked Stock Has Doubled the Market's Returns Over the Past Decade,Motley Fool,https://finance.yahoo.com/m/cd84d471-3fab-3002-97bf-fa4a8df181a3/this-overlooked-stock-has.html,1663685580,STORY
03965bb8-8d48-3b31-966c-9f94fa5425c8,AJG,2022-10-13,10 Best Stocks to Buy According to Angela Aldrich’s Bayberry Capital Partners,Insider Monkey,https://finance.yahoo.com/news/10-best-stocks-buy-according-191207648.html,1665429127,STORY
2791263c-6cf7-351d-9e43-1a84d050d880,AJG,2022-10-13,Arthur J. Gallagher & Co. Announces Third Quarter 2022 Earnings Release and Conference Call Date,PR Newswire,https://finance.yahoo.com/news/arthur-j-gallagher-co-announces-201500421.html,1665087300,STORY
90a5e541-be69-358c-b8e1-99bea2db0f20,AJG,2022-10-13,Brown & Brown (BRO) Banks on Strategic Buyouts Amid Cost Woes,Zacks,https://finance.yahoo.com/news/brown-brown-bro-banks-strategic-145902199.html,1664981942,STORY
0eae95e9-87bb-379f-bd22-e6fad3ef7d23,AJG,2022-10-13,Arthur J. Gallagher (AJG) Expands in New York With MTIA Buyout,Zacks,https://finance.yahoo.com/news/arthur-j-gallagher-ajg-expands-151803512.html,1664551083,STORY
1ecb7206-fa9e-384a-a814-b8ea7ed62221,AJG,2022-10-13,"Arthur J. Gallagher & Co. Signs Agreement to Acquire M&T Insurance Agency, Inc.",PR Newswire,https://finance.yahoo.com/news/arthur-j-gallagher-co-signs-201000352.html,1664482200,STORY
39ea5e52-e2c8-3f2e-9edf-130af8e57b15,AJG,2022-10-13,M&T Bank Corporation Announces Agreement to Sell M&T Insurance Agency to Arthur J. Gallagher & Co.,PR Newswire,https://finance.yahoo.com/news/m-t-bank-corporation-announces-200200022.html,1664481720,STORY
65c5b815-bc11-3143-afe4-da4cfe3bf231,AJG,2022-10-13,10 Stocks to Buy for Interest Rate Hikes,Insider Monkey,https://finance.yahoo.com/news/10-stocks-buy-interest-rate-132529365.html,1663766729,STORY
cd84d471-3fab-3002-97bf-fa4a8df181a3,AJG,2022-10-13,This Overlooked Stock Has Doubled the Market's Returns Over the Past Decade,Motley Fool,https://finance.yahoo.com/m/cd84d471-3fab-3002-97bf-fa4a8df181a3/this-overlooked-stock-has.html,1663685580,STORY
9f9fd109-7ac4-38fd-bcf5-60ece388371f,AJG,2022-10-14,10 Best Stocks to Buy According to Angela Aldrich’s Bayberry Capital Partners,Insider Monkey,https://finance.yahoo.com/news/10-best-stocks-buy-according-124103222.html,1665664863,STORY
da8cf84f-a4d9-3bdb-b3b4-d7f0cc3254fa,AJG,2022-10-14,Implied Volatility Surging for Arthur J. Gallagher (AJG) Stock Options,Zacks,https://finance.yahoo.com/news/implied-volatility-surging-arthur-j-123812626.html,1665664692,STORY
2791263c-6cf7-351d-9e43-1a84d050d880,AJG,2022-10-14,Arthur J. Gallagher & Co. Announces Third Quarter 2022 Earnings Release and Conference Call Date,PR Newswire,https://finance.yahoo.com/news/arthur-j-gallagher-co-announces-201500421.html,1665087300,STORY
90a5e541-be69-358c-b8e1-99bea2db0f20,AJG,2022-10-14,Brown & Brown (BRO) Banks on Strategic Buyouts Amid Cost Woes,Zacks,https://finance.yahoo.com/news/brown-brown-bro-banks-strategic-145902199.html,1664981942,STORY
0eae95e9-87bb-379f-bd22-e6fad3ef7d23,AJG,2022-10-14,Arthur J. Gallagher (AJG) Expands in New York With MTIA Buyout,Zacks,https://finance.yahoo.com/news/arthur-j-gallagher-ajg-expands-151803512.html,1664551083,STORY
1ecb7206-fa9e-384a-a814-b8ea7ed62221,AJG,2022-10-14,"Arthur J. Gallagher & Co. Signs Agreement to Acquire M&T Insurance Agency, Inc.",PR Newswire,https://finance.yahoo.com/news/arthur-j-gallagher-co-signs-201000352.html,1664482200,STORY
39ea5e52-e2c8-3f2e-9edf-130af8e57b15,AJG,2022-10-14,M&T Bank Corporation Announces Agreement to Sell M&T Insurance Agency to Arthur J. Gallagher & Co.,PR Newswire,https://finance.yahoo.com/news/m-t-bank-corporation-announces-200200022.html,1664481720,STORY
65c5b815-bc11-3143-afe4-da4cfe3bf231,AJG,2022-10-14,10 Stocks to Buy for Interest Rate Hikes,Insider Monkey,https://finance.yahoo.com/news/10-stocks-buy-interest-rate-132529365.html,1663766729,STORY
5e066032-6eff-3418-aa94-f426b65f898d,AJG,2022-10-15,Recession Fears Rise Amid Mixed Data,Argus Research,https://finance.yahoo.com/m/5e066032-6eff-3418-aa94-f426b65f898d/recession-fears-rise-amid.html,1665763719,STORY
9f9fd109-7ac4-38fd-bcf5-60ece388371f,AJG,2022-10-15,10 Best Stocks to Buy According to Angela Aldrich’s Bayberry Capital Partners,Insider Monkey,https://finance.yahoo.com/news/10-best-stocks-buy-according-124103222.html,1665664863,STORY
da8cf84f-a4d9-3bdb-b3b4-d7f0cc3254fa,AJG,2022-10-15,Implied Volatility Surging for Arthur J. Gallagher (AJG) Stock Options,Zacks,https://finance.yahoo.com/news/implied-volatility-surging-arthur-j-123812626.html,1665664692,STORY
2791263c-6cf7-351d-9e43-1a84d050d880,AJG,2022-10-15,Arthur J. Gallagher & Co. Announces Third Quarter 2022 Earnings Release and Conference Call Date,PR Newswire,https://finance.yahoo.com/news/arthur-j-gallagher-co-announces-201500421.html,1665087300,STORY
90a5e541-be69-358c-b8e1-99bea2db0f20,AJG,2022-10-15,Brown & Brown (BRO) Banks on Strategic Buyouts Amid Cost Woes,Zacks,https://finance.yahoo.com/news/brown-brown-bro-banks-strategic-145902199.html,1664981942,STORY
0eae95e9-87bb-379f-bd22-e6fad3ef7d23,AJG,2022-10-15,Arthur J. Gallagher (AJG) Expands in New York With MTIA Buyout,Zacks,https://finance.yahoo.com/news/arthur-j-gallagher-ajg-expands-151803512.html,1664551083,STORY
1ecb7206-fa9e-384a-a814-b8ea7ed62221,AJG,2022-10-15,"Arthur J. Gallagher & Co. Signs Agreement to Acquire M&T Insurance Agency, Inc.",PR Newswire,https://finance.yahoo.com/news/arthur-j-gallagher-co-signs-201000352.html,1664482200,STORY
39ea5e52-e2c8-3f2e-9edf-130af8e57b15,AJG,2022-10-15,M&T Bank Corporation Announces Agreement to Sell M&T Insurance Agency to Arthur J. Gallagher & Co.,PR Newswire,https://finance.yahoo.com/news/m-t-bank-corporation-announces-200200022.html,1664481720,STORY
5e066032-6eff-3418-aa94-f426b65f898d,AJG,2022-10-16,Recession Fears Rise Amid Mixed Data,Argus Research,https://finance.yahoo.com/m/5e066032-6eff-3418-aa94-f426b65f898d/recession-fears-rise-amid.html,1665763719,STORY
9f9fd109-7ac4-38fd-bcf5-60ece388371f,AJG,2022-10-16,10 Best Stocks to Buy According to Angela Aldrich’s Bayberry Capital Partners,Insider Monkey,https://finance.yahoo.com/news/10-best-stocks-buy-according-124103222.html,1665664863,STORY
da8cf84f-a4d9-3bdb-b3b4-d7f0cc3254fa,AJG,2022-10-16,Implied Volatility Surging for Arthur J. Gallagher (AJG) Stock Options,Zacks,https://finance.yahoo.com/news/implied-volatility-surging-arthur-j-123812626.html,1665664692,STORY
2791263c-6cf7-351d-9e43-1a84d050d880,AJG,2022-10-16,Arthur J. Gallagher & Co. Announces Third Quarter 2022 Earnings Release and Conference Call Date,PR Newswire,https://finance.yahoo.com/news/arthur-j-gallagher-co-announces-201500421.html,1665087300,STORY
90a5e541-be69-358c-b8e1-99bea2db0f20,AJG,2022-10-16,Brown & Brown (BRO) Banks on Strategic Buyouts Amid Cost Woes,Zacks,https://finance.yahoo.com/news/brown-brown-bro-banks-strategic-145902199.html,1664981942,STORY
0eae95e9-87bb-379f-bd22-e6fad3ef7d23,AJG,2022-10-16,Arthur J. Gallagher (AJG) Expands in New York With MTIA Buyout,Zacks,https://finance.yahoo.com/news/arthur-j-gallagher-ajg-expands-151803512.html,1664551083,STORY
1ecb7206-fa9e-384a-a814-b8ea7ed62221,AJG,2022-10-16,"Arthur J. Gallagher & Co. Signs Agreement to Acquire M&T Insurance Agency, Inc.",PR Newswire,https://finance.yahoo.com/news/arthur-j-gallagher-co-signs-201000352.html,1664482200,STORY
39ea5e52-e2c8-3f2e-9edf-130af8e57b15,AJG,2022-10-16,M&T Bank Corporation Announces Agreement to Sell M&T Insurance Agency to Arthur J. Gallagher & Co.,PR Newswire,https://finance.yahoo.com/news/m-t-bank-corporation-announces-200200022.html,1664481720,STORY
9f9fd109-7ac4-38fd-bcf5-60ece388371f,AJG,2022-10-17,10 Best Stocks to Buy According to Angela Aldrich’s Bayberry Capital Partners,Insider Monkey,https://finance.yahoo.com/news/10-best-stocks-buy-according-124103222.html,1665664863,STORY
da8cf84f-a4d9-3bdb-b3b4-d7f0cc3254fa,AJG,2022-10-17,Implied Volatility Surging for Arthur J. Gallagher (AJG) Stock Options,Zacks,https://finance.yahoo.com/news/implied-volatility-surging-arthur-j-123812626.html,1665664692,STORY
2791263c-6cf7-351d-9e43-1a84d050d880,AJG,2022-10-17,Arthur J. Gallagher & Co. Announces Third Quarter 2022 Earnings Release and Conference Call Date,PR Newswire,https://finance.yahoo.com/news/arthur-j-gallagher-co-announces-201500421.html,1665087300,STORY
90a5e541-be69-358c-b8e1-99bea2db0f20,AJG,2022-10-17,Brown & Brown (BRO) Banks on Strategic Buyouts Amid Cost Woes,Zacks,https://finance.yahoo.com/news/brown-brown-bro-banks-strategic-145902199.html,1664981942,STORY
0eae95e9-87bb-379f-bd22-e6fad3ef7d23,AJG,2022-10-17,Arthur J. Gallagher (AJG) Expands in New York With MTIA Buyout,Zacks,https://finance.yahoo.com/news/arthur-j-gallagher-ajg-expands-151803512.html,1664551083,STORY
1ecb7206-fa9e-384a-a814-b8ea7ed62221,AJG,2022-10-17,"Arthur J. Gallagher & Co. Signs Agreement to Acquire M&T Insurance Agency, Inc.",PR Newswire,https://finance.yahoo.com/news/arthur-j-gallagher-co-signs-201000352.html,1664482200,STORY
39ea5e52-e2c8-3f2e-9edf-130af8e57b15,AJG,2022-10-17,M&T Bank Corporation Announces Agreement to Sell M&T Insurance Agency to Arthur J. Gallagher & Co.,PR Newswire,https://finance.yahoo.com/news/m-t-bank-corporation-announces-200200022.html,1664481720,STORY
65c5b815-bc11-3143-afe4-da4cfe3bf231,AJG,2022-10-17,10 Stocks to Buy for Interest Rate Hikes,Insider Monkey,https://finance.yahoo.com/news/10-stocks-buy-interest-rate-132529365.html,1663766729,STORY
dbb2ac4b-c7d2-3d00-a758-cb8658505bc8,AJG,2022-10-18,Why Should You Stay Invested in Arthur J. Gallagher (AJG)?,Zacks,https://finance.yahoo.com/news/why-stay-invested-arthur-j-150103234.html,1666018863,STORY
759f5cdc-6c3e-38f5-92d4-8d9b59687280,AJG,2022-10-18,Weekly Stock List,Argus Research,https://finance.yahoo.com/m/759f5cdc-6c3e-38f5-92d4-8d9b59687280/weekly-stock-list.html,1666006325,STORY
9f9fd109-7ac4-38fd-bcf5-60ece388371f,AJG,2022-10-18,10 Best Stocks to Buy According to Angela Aldrich’s Bayberry Capital Partners,Insider Monkey,https://finance.yahoo.com/news/10-best-stocks-buy-according-124103222.html,1665664863,STORY
da8cf84f-a4d9-3bdb-b3b4-d7f0cc3254fa,AJG,2022-10-18,Implied Volatility Surging for Arthur J. Gallagher (AJG) Stock Options,Zacks,https://finance.yahoo.com/news/implied-volatility-surging-arthur-j-123812626.html,1665664692,STORY
2791263c-6cf7-351d-9e43-1a84d050d880,AJG,2022-10-18,Arthur J. Gallagher & Co. Announces Third Quarter 2022 Earnings Release and Conference Call Date,PR Newswire,https://finance.yahoo.com/news/arthur-j-gallagher-co-announces-201500421.html,1665087300,STORY
90a5e541-be69-358c-b8e1-99bea2db0f20,AJG,2022-10-18,Brown & Brown (BRO) Banks on Strategic Buyouts Amid Cost Woes,Zacks,https://finance.yahoo.com/news/brown-brown-bro-banks-strategic-145902199.html,1664981942,STORY
0eae95e9-87bb-379f-bd22-e6fad3ef7d23,AJG,2022-10-18,Arthur J. Gallagher (AJG) Expands in New York With MTIA Buyout,Zacks,https://finance.yahoo.com/news/arthur-j-gallagher-ajg-expands-151803512.html,1664551083,STORY
1ecb7206-fa9e-384a-a814-b8ea7ed62221,AJG,2022-10-18,"Arthur J. Gallagher & Co. Signs Agreement to Acquire M&T Insurance Agency, Inc.",PR Newswire,https://finance.yahoo.com/news/arthur-j-gallagher-co-signs-201000352.html,1664482200,STORY
ffb257b6-f41e-3d8d-880a-064976a2e68d,AJG,2022-10-19,Investors in Arthur J. Gallagher (NYSE:AJG) have made a strong return of 204% over the past five years,Simply Wall St.,https://finance.yahoo.com/news/investors-arthur-j-gallagher-nyse-155224630.html,1666108344,STORY
dbb2ac4b-c7d2-3d00-a758-cb8658505bc8,AJG,2022-10-19,Why Should You Stay Invested in Arthur J. Gallagher (AJG)?,Zacks,https://finance.yahoo.com/news/why-stay-invested-arthur-j-150103234.html,1666018863,STORY
9f9fd109-7ac4-38fd-bcf5-60ece388371f,AJG,2022-10-19,10 Best Stocks to Buy According to Angela Aldrich’s Bayberry Capital Partners,Insider Monkey,https://finance.yahoo.com/news/10-best-stocks-buy-according-124103222.html,1665664863,STORY
da8cf84f-a4d9-3bdb-b3b4-d7f0cc3254fa,AJG,2022-10-19,Implied Volatility Surging for Arthur J. Gallagher (AJG) Stock Options,Zacks,https://finance.yahoo.com/news/implied-volatility-surging-arthur-j-123812626.html,1665664692,STORY
2791263c-6cf7-351d-9e43-1a84d050d880,AJG,2022-10-19,Arthur J. Gallagher & Co. Announces Third Quarter 2022 Earnings Release and Conference Call Date,PR Newswire,https://finance.yahoo.com/news/arthur-j-gallagher-co-announces-201500421.html,1665087300,STORY
90a5e541-be69-358c-b8e1-99bea2db0f20,AJG,2022-10-19,Brown & Brown (BRO) Banks on Strategic Buyouts Amid Cost Woes,Zacks,https://finance.yahoo.com/news/brown-brown-bro-banks-strategic-145902199.html,1664981942,STORY
0eae95e9-87bb-379f-bd22-e6fad3ef7d23,AJG,2022-10-19,Arthur J. Gallagher (AJG) Expands in New York With MTIA Buyout,Zacks,https://finance.yahoo.com/news/arthur-j-gallagher-ajg-expands-151803512.html,1664551083,STORY
1ecb7206-fa9e-384a-a814-b8ea7ed62221,AJG,2022-10-19,"Arthur J. Gallagher & Co. Signs Agreement to Acquire M&T Insurance Agency, Inc.",PR Newswire,https://finance.yahoo.com/news/arthur-j-gallagher-co-signs-201000352.html,1664482200,STORY
ffb257b6-f41e-3d8d-880a-064976a2e68d,AJG,2022-10-20,Investors in Arthur J. Gallagher (NYSE:AJG) have made a strong return of 204% over the past five years,Simply Wall St.,https://finance.yahoo.com/news/investors-arthur-j-gallagher-nyse-155224630.html,1666108344,STORY
dbb2ac4b-c7d2-3d00-a758-cb8658505bc8,AJG,2022-10-20,Why Should You Stay Invested in Arthur J. Gallagher (AJG)?,Zacks,https://finance.yahoo.com/news/why-stay-invested-arthur-j-150103234.html,1666018863,STORY
9f9fd109-7ac4-38fd-bcf5-60ece388371f,AJG,2022-10-20,10 Best Stocks to Buy According to Angela Aldrich’s Bayberry Capital Partners,Insider Monkey,https://finance.yahoo.com/news/10-best-stocks-buy-according-124103222.html,1665664863,STORY
da8cf84f-a4d9-3bdb-b3b4-d7f0cc3254fa,AJG,2022-10-20,Implied Volatility Surging for Arthur J. Gallagher (AJG) Stock Options,Zacks,https://finance.yahoo.com/news/implied-volatility-surging-arthur-j-123812626.html,1665664692,STORY
2791263c-6cf7-351d-9e43-1a84d050d880,AJG,2022-10-20,Arthur J. Gallagher & Co. Announces Third Quarter 2022 Earnings Release and Conference Call Date,PR Newswire,https://finance.yahoo.com/news/arthur-j-gallagher-co-announces-201500421.html,1665087300,STORY
90a5e541-be69-358c-b8e1-99bea2db0f20,AJG,2022-10-20,Brown & Brown (BRO) Banks on Strategic Buyouts Amid Cost Woes,Zacks,https://finance.yahoo.com/news/brown-brown-bro-banks-strategic-145902199.html,1664981942,STORY
0eae95e9-87bb-379f-bd22-e6fad3ef7d23,AJG,2022-10-20,Arthur J. Gallagher (AJG) Expands in New York With MTIA Buyout,Zacks,https://finance.yahoo.com/news/arthur-j-gallagher-ajg-expands-151803512.html,1664551083,STORY
1ecb7206-fa9e-384a-a814-b8ea7ed62221,AJG,2022-10-20,"Arthur J. Gallagher & Co. Signs Agreement to Acquire M&T Insurance Agency, Inc.",PR Newswire,https://finance.yahoo.com/news/arthur-j-gallagher-co-signs-201000352.html,1664482200,STORY
de6989e0-b8a5-32a5-929f-3f4fbb98a4cf,AJG,2022-10-21,"Arthur J. Gallagher & Co. Acquires Cason, Huff & Schlueter Insurance",PR Newswire,https://finance.yahoo.com/news/arthur-j-gallagher-co-acquires-161100479.html,1666282260,STORY
e194987e-7fe2-3002-a485-04b8e59ea8a4,AJG,2022-10-21,Arthur J. Gallagher (AJG) Reports Next Week: Wall Street Expects Earnings Growth,Zacks,https://finance.yahoo.com/news/arthur-j-gallagher-ajg-reports-140202042.html,1666274522,STORY
ffb257b6-f41e-3d8d-880a-064976a2e68d,AJG,2022-10-21,Investors in Arthur J. Gallagher (NYSE:AJG) have made a strong return of 204% over the past five years,Simply Wall St.,https://finance.yahoo.com/news/investors-arthur-j-gallagher-nyse-155224630.html,1666108344,STORY
dbb2ac4b-c7d2-3d00-a758-cb8658505bc8,AJG,2022-10-21,Why Should You Stay Invested in Arthur J. Gallagher (AJG)?,Zacks,https://finance.yahoo.com/news/why-stay-invested-arthur-j-150103234.html,1666018863,STORY
9f9fd109-7ac4-38fd-bcf5-60ece388371f,AJG,2022-10-21,10 Best Stocks to Buy According to Angela Aldrich’s Bayberry Capital Partners,Insider Monkey,https://finance.yahoo.com/news/10-best-stocks-buy-according-124103222.html,1665664863,STORY
da8cf84f-a4d9-3bdb-b3b4-d7f0cc3254fa,AJG,2022-10-21,Implied Volatility Surging for Arthur J. Gallagher (AJG) Stock Options,Zacks,https://finance.yahoo.com/news/implied-volatility-surging-arthur-j-123812626.html,1665664692,STORY
2791263c-6cf7-351d-9e43-1a84d050d880,AJG,2022-10-21,Arthur J. Gallagher & Co. Announces Third Quarter 2022 Earnings Release and Conference Call Date,PR Newswire,https://finance.yahoo.com/news/arthur-j-gallagher-co-announces-201500421.html,1665087300,STORY
90a5e541-be69-358c-b8e1-99bea2db0f20,AJG,2022-10-21,Brown & Brown (BRO) Banks on Strategic Buyouts Amid Cost Woes,Zacks,https://finance.yahoo.com/news/brown-brown-bro-banks-strategic-145902199.html,1664981942,STORY
633fd418-7c80-3429-89be-5942905b3d8f,AJG,2022-10-22,Aon (AON) Reports Next Week: Wall Street Expects Earnings Growth,Zacks,https://finance.yahoo.com/news/aon-aon-reports-next-week-140002384.html,1666360802,STORY
de6989e0-b8a5-32a5-929f-3f4fbb98a4cf,AJG,2022-10-22,"Arthur J. Gallagher & Co. Acquires Cason, Huff & Schlueter Insurance",PR Newswire,https://finance.yahoo.com/news/arthur-j-gallagher-co-acquires-161100479.html,1666282260,STORY
e194987e-7fe2-3002-a485-04b8e59ea8a4,AJG,2022-10-22,Arthur J. Gallagher (AJG) Reports Next Week: Wall Street Expects Earnings Growth,Zacks,https://finance.yahoo.com/news/arthur-j-gallagher-ajg-reports-140202042.html,1666274522,STORY
ffb257b6-f41e-3d8d-880a-064976a2e68d,AJG,2022-10-22,Investors in Arthur J. Gallagher (NYSE:AJG) have made a strong return of 204% over the past five years,Simply Wall St.,https://finance.yahoo.com/news/investors-arthur-j-gallagher-nyse-155224630.html,1666108344,STORY
dbb2ac4b-c7d2-3d00-a758-cb8658505bc8,AJG,2022-10-22,Why Should You Stay Invested in Arthur J. Gallagher (AJG)?,Zacks,https://finance.yahoo.com/news/why-stay-invested-arthur-j-150103234.html,1666018863,STORY
9f9fd109-7ac4-38fd-bcf5-60ece388371f,AJG,2022-10-22,10 Best Stocks to Buy According to Angela Aldrich’s Bayberry Capital Partners,Insider Monkey,https://finance.yahoo.com/news/10-best-stocks-buy-according-124103222.html,1665664863,STORY
da8cf84f-a4d9-3bdb-b3b4-d7f0cc3254fa,AJG,2022-10-22,Implied Volatility Surging for Arthur J. Gallagher (AJG) Stock Options,Zacks,https://finance.yahoo.com/news/implied-volatility-surging-arthur-j-123812626.html,1665664692,STORY
2791263c-6cf7-351d-9e43-1a84d050d880,AJG,2022-10-22,Arthur J. Gallagher & Co. Announces Third Quarter 2022 Earnings Release and Conference Call Date,PR Newswire,https://finance.yahoo.com/news/arthur-j-gallagher-co-announces-201500421.html,1665087300,STORY
633fd418-7c80-3429-89be-5942905b3d8f,AJG,2022-10-23,Aon (AON) Reports Next Week: Wall Street Expects Earnings Growth,Zacks,https://finance.yahoo.com/news/aon-aon-reports-next-week-140002384.html,1666360802,STORY
de6989e0-b8a5-32a5-929f-3f4fbb98a4cf,AJG,2022-10-23,"Arthur J. Gallagher & Co. Acquires Cason, Huff & Schlueter Insurance",PR Newswire,https://finance.yahoo.com/news/arthur-j-gallagher-co-acquires-161100479.html,1666282260,STORY
e194987e-7fe2-3002-a485-04b8e59ea8a4,AJG,2022-10-23,Arthur J. Gallagher (AJG) Reports Next Week: Wall Street Expects Earnings Growth,Zacks,https://finance.yahoo.com/news/arthur-j-gallagher-ajg-reports-140202042.html,1666274522,STORY
ffb257b6-f41e-3d8d-880a-064976a2e68d,AJG,2022-10-23,Investors in Arthur J. Gallagher (NYSE:AJG) have made a strong return of 204% over the past five years,Simply Wall St.,https://finance.yahoo.com/news/investors-arthur-j-gallagher-nyse-155224630.html,1666108344,STORY
dbb2ac4b-c7d2-3d00-a758-cb8658505bc8,AJG,2022-10-23,Why Should You Stay Invested in Arthur J. Gallagher (AJG)?,Zacks,https://finance.yahoo.com/news/why-stay-invested-arthur-j-150103234.html,1666018863,STORY
9f9fd109-7ac4-38fd-bcf5-60ece388371f,AJG,2022-10-23,10 Best Stocks to Buy According to Angela Aldrich’s Bayberry Capital Partners,Insider Monkey,https://finance.yahoo.com/news/10-best-stocks-buy-according-124103222.html,1665664863,STORY
da8cf84f-a4d9-3bdb-b3b4-d7f0cc3254fa,AJG,2022-10-23,Implied Volatility Surging for Arthur J. Gallagher (AJG) Stock Options,Zacks,https://finance.yahoo.com/news/implied-volatility-surging-arthur-j-123812626.html,1665664692,STORY
2791263c-6cf7-351d-9e43-1a84d050d880,AJG,2022-10-23,Arthur J. Gallagher & Co. Announces Third Quarter 2022 Earnings Release and Conference Call Date,PR Newswire,https://finance.yahoo.com/news/arthur-j-gallagher-co-announces-201500421.html,1665087300,STORY
633fd418-7c80-3429-89be-5942905b3d8f,AJG,2022-10-24,Aon (AON) Reports Next Week: Wall Street Expects Earnings Growth,Zacks,https://finance.yahoo.com/news/aon-aon-reports-next-week-140002384.html,1666360802,STORY
de6989e0-b8a5-32a5-929f-3f4fbb98a4cf,AJG,2022-10-24,"Arthur J. Gallagher & Co. Acquires Cason, Huff & Schlueter Insurance",PR Newswire,https://finance.yahoo.com/news/arthur-j-gallagher-co-acquires-161100479.html,1666282260,STORY
e194987e-7fe2-3002-a485-04b8e59ea8a4,AJG,2022-10-24,Arthur J. Gallagher (AJG) Reports Next Week: Wall Street Expects Earnings Growth,Zacks,https://finance.yahoo.com/news/arthur-j-gallagher-ajg-reports-140202042.html,1666274522,STORY
ffb257b6-f41e-3d8d-880a-064976a2e68d,AJG,2022-10-24,Investors in Arthur J. Gallagher (NYSE:AJG) have made a strong return of 204% over the past five years,Simply Wall St.,https://finance.yahoo.com/news/investors-arthur-j-gallagher-nyse-155224630.html,1666108344,STORY
dbb2ac4b-c7d2-3d00-a758-cb8658505bc8,AJG,2022-10-24,Why Should You Stay Invested in Arthur J. Gallagher (AJG)?,Zacks,https://finance.yahoo.com/news/why-stay-invested-arthur-j-150103234.html,1666018863,STORY
9f9fd109-7ac4-38fd-bcf5-60ece388371f,AJG,2022-10-24,10 Best Stocks to Buy According to Angela Aldrich’s Bayberry Capital Partners,Insider Monkey,https://finance.yahoo.com/news/10-best-stocks-buy-according-124103222.html,1665664863,STORY
da8cf84f-a4d9-3bdb-b3b4-d7f0cc3254fa,AJG,2022-10-24,Implied Volatility Surging for Arthur J. Gallagher (AJG) Stock Options,Zacks,https://finance.yahoo.com/news/implied-volatility-surging-arthur-j-123812626.html,1665664692,STORY
2791263c-6cf7-351d-9e43-1a84d050d880,AJG,2022-10-24,Arthur J. Gallagher & Co. Announces Third Quarter 2022 Earnings Release and Conference Call Date,PR Newswire,https://finance.yahoo.com/news/arthur-j-gallagher-co-announces-201500421.html,1665087300,STORY
a1f310cd-c890-3135-b6ed-e0af2d961abb,AJG,2022-10-25,Arthur J. Gallagher (AJG) to Post Q3 Earnings: What's in Store?,Zacks,https://finance.yahoo.com/news/arthur-j-gallagher-ajg-post-133001045.html,1666618201,STORY
633fd418-7c80-3429-89be-5942905b3d8f,AJG,2022-10-25,Aon (AON) Reports Next Week: Wall Street Expects Earnings Growth,Zacks,https://finance.yahoo.com/news/aon-aon-reports-next-week-140002384.html,1666360802,STORY
de6989e0-b8a5-32a5-929f-3f4fbb98a4cf,AJG,2022-10-25,"Arthur J. Gallagher & Co. Acquires Cason, Huff & Schlueter Insurance",PR Newswire,https://finance.yahoo.com/news/arthur-j-gallagher-co-acquires-161100479.html,1666282260,STORY
e194987e-7fe2-3002-a485-04b8e59ea8a4,AJG,2022-10-25,Arthur J. Gallagher (AJG) Reports Next Week: Wall Street Expects Earnings Growth,Zacks,https://finance.yahoo.com/news/arthur-j-gallagher-ajg-reports-140202042.html,1666274522,STORY
ffb257b6-f41e-3d8d-880a-064976a2e68d,AJG,2022-10-25,Investors in Arthur J. Gallagher (NYSE:AJG) have made a strong return of 204% over the past five years,Simply Wall St.,https://finance.yahoo.com/news/investors-arthur-j-gallagher-nyse-155224630.html,1666108344,STORY
dbb2ac4b-c7d2-3d00-a758-cb8658505bc8,AJG,2022-10-25,Why Should You Stay Invested in Arthur J. Gallagher (AJG)?,Zacks,https://finance.yahoo.com/news/why-stay-invested-arthur-j-150103234.html,1666018863,STORY
9f9fd109-7ac4-38fd-bcf5-60ece388371f,AJG,2022-10-25,10 Best Stocks to Buy According to Angela Aldrich’s Bayberry Capital Partners,Insider Monkey,https://finance.yahoo.com/news/10-best-stocks-buy-according-124103222.html,1665664863,STORY
da8cf84f-a4d9-3bdb-b3b4-d7f0cc3254fa,AJG,2022-10-25,Implied Volatility Surging for Arthur J. Gallagher (AJG) Stock Options,Zacks,https://finance.yahoo.com/news/implied-volatility-surging-arthur-j-123812626.html,1665664692,STORY
a1f310cd-c890-3135-b6ed-e0af2d961abb,AJG,2022-10-26,Arthur J. Gallagher (AJG) to Post Q3 Earnings: What's in Store?,Zacks,https://finance.yahoo.com/news/arthur-j-gallagher-ajg-post-133001045.html,1666618201,STORY
633fd418-7c80-3429-89be-5942905b3d8f,AJG,2022-10-26,Aon (AON) Reports Next Week: Wall Street Expects Earnings Growth,Zacks,https://finance.yahoo.com/news/aon-aon-reports-next-week-140002384.html,1666360802,STORY
de6989e0-b8a5-32a5-929f-3f4fbb98a4cf,AJG,2022-10-26,"Arthur J. Gallagher & Co. Acquires Cason, Huff & Schlueter Insurance",PR Newswire,https://finance.yahoo.com/news/arthur-j-gallagher-co-acquires-161100479.html,1666282260,STORY
e194987e-7fe2-3002-a485-04b8e59ea8a4,AJG,2022-10-26,Arthur J. Gallagher (AJG) Reports Next Week: Wall Street Expects Earnings Growth,Zacks,https://finance.yahoo.com/news/arthur-j-gallagher-ajg-reports-140202042.html,1666274522,STORY
ffb257b6-f41e-3d8d-880a-064976a2e68d,AJG,2022-10-26,Investors in Arthur J. Gallagher (NYSE:AJG) have made a strong return of 204% over the past five years,Simply Wall St.,https://finance.yahoo.com/news/investors-arthur-j-gallagher-nyse-155224630.html,1666108344,STORY
dbb2ac4b-c7d2-3d00-a758-cb8658505bc8,AJG,2022-10-26,Why Should You Stay Invested in Arthur J. Gallagher (AJG)?,Zacks,https://finance.yahoo.com/news/why-stay-invested-arthur-j-150103234.html,1666018863,STORY
9f9fd109-7ac4-38fd-bcf5-60ece388371f,AJG,2022-10-26,10 Best Stocks to Buy According to Angela Aldrich’s Bayberry Capital Partners,Insider Monkey,https://finance.yahoo.com/news/10-best-stocks-buy-according-124103222.html,1665664863,STORY
da8cf84f-a4d9-3bdb-b3b4-d7f0cc3254fa,AJG,2022-10-26,Implied Volatility Surging for Arthur J. Gallagher (AJG) Stock Options,Zacks,https://finance.yahoo.com/news/implied-volatility-surging-arthur-j-123812626.html,1665664692,STORY
48135157-6da8-3448-960a-96f73d31079d,AJG,2022-10-27,"Insurance Stocks' Q3 Earnings on Oct 27: AJG, HIG & More",Zacks,https://finance.yahoo.com/news/insurance-stocks-q3-earnings-oct-153503118.html,1666798503,STORY
a1f310cd-c890-3135-b6ed-e0af2d961abb,AJG,2022-10-27,Arthur J. Gallagher (AJG) to Post Q3 Earnings: What's in Store?,Zacks,https://finance.yahoo.com/news/arthur-j-gallagher-ajg-post-133001045.html,1666618201,STORY
633fd418-7c80-3429-89be-5942905b3d8f,AJG,2022-10-27,Aon (AON) Reports Next Week: Wall Street Expects Earnings Growth,Zacks,https://finance.yahoo.com/news/aon-aon-reports-next-week-140002384.html,1666360802,STORY
de6989e0-b8a5-32a5-929f-3f4fbb98a4cf,AJG,2022-10-27,"Arthur J. Gallagher & Co. Acquires Cason, Huff & Schlueter Insurance",PR Newswire,https://finance.yahoo.com/news/arthur-j-gallagher-co-acquires-161100479.html,1666282260,STORY
e194987e-7fe2-3002-a485-04b8e59ea8a4,AJG,2022-10-27,Arthur J. Gallagher (AJG) Reports Next Week: Wall Street Expects Earnings Growth,Zacks,https://finance.yahoo.com/news/arthur-j-gallagher-ajg-reports-140202042.html,1666274522,STORY
ffb257b6-f41e-3d8d-880a-064976a2e68d,AJG,2022-10-27,Investors in Arthur J. Gallagher (NYSE:AJG) have made a strong return of 204% over the past five years,Simply Wall St.,https://finance.yahoo.com/news/investors-arthur-j-gallagher-nyse-155224630.html,1666108344,STORY
dbb2ac4b-c7d2-3d00-a758-cb8658505bc8,AJG,2022-10-27,Why Should You Stay Invested in Arthur J. Gallagher (AJG)?,Zacks,https://finance.yahoo.com/news/why-stay-invested-arthur-j-150103234.html,1666018863,STORY
9f9fd109-7ac4-38fd-bcf5-60ece388371f,AJG,2022-10-27,10 Best Stocks to Buy According to Angela Aldrich’s Bayberry Capital Partners,Insider Monkey,https://finance.yahoo.com/news/10-best-stocks-buy-according-124103222.html,1665664863,STORY
0e2a2ba2-3c4a-33e9-a74b-0e493961bb35,AJG,2022-10-28,Arthur J. Gallagher (AJG) Q3 Earnings Surpass Estimates,Zacks,https://finance.yahoo.com/news/arthur-j-gallagher-ajg-q3-213509525.html,1666906509,STORY
90d33d56-4dde-3bae-bf26-57fa44e9bc20,AJG,2022-10-28,Arthur J. Gallagher & Co. Announces Third Quarter 2022 Financial Results,PR Newswire,https://finance.yahoo.com/news/arthur-j-gallagher-co-announces-201500726.html,1666901700,STORY
48135157-6da8-3448-960a-96f73d31079d,AJG,2022-10-28,"Insurance Stocks' Q3 Earnings on Oct 27: AJG, HIG & More",Zacks,https://finance.yahoo.com/news/insurance-stocks-q3-earnings-oct-153503118.html,1666798503,STORY
a1f310cd-c890-3135-b6ed-e0af2d961abb,AJG,2022-10-28,Arthur J. Gallagher (AJG) to Post Q3 Earnings: What's in Store?,Zacks,https://finance.yahoo.com/news/arthur-j-gallagher-ajg-post-133001045.html,1666618201,STORY
633fd418-7c80-3429-89be-5942905b3d8f,AJG,2022-10-28,Aon (AON) Reports Next Week: Wall Street Expects Earnings Growth,Zacks,https://finance.yahoo.com/news/aon-aon-reports-next-week-140002384.html,1666360802,STORY
de6989e0-b8a5-32a5-929f-3f4fbb98a4cf,AJG,2022-10-28,"Arthur J. Gallagher & Co. Acquires Cason, Huff & Schlueter Insurance",PR Newswire,https://finance.yahoo.com/news/arthur-j-gallagher-co-acquires-161100479.html,1666282260,STORY
e194987e-7fe2-3002-a485-04b8e59ea8a4,AJG,2022-10-28,Arthur J. Gallagher (AJG) Reports Next Week: Wall Street Expects Earnings Growth,Zacks,https://finance.yahoo.com/news/arthur-j-gallagher-ajg-reports-140202042.html,1666274522,STORY
ffb257b6-f41e-3d8d-880a-064976a2e68d,AJG,2022-10-28,Investors in Arthur J. Gallagher (NYSE:AJG) have made a strong return of 204% over the past five years,Simply Wall St.,https://finance.yahoo.com/news/investors-arthur-j-gallagher-nyse-155224630.html,1666108344,STORY
3e6e7481-1a37-3e66-8bc4-dfafa132f899,AJG,2022-10-29,"Arthur J. Gallagher (AJG) Q3 Earnings Top, Revenues Miss",Zacks,https://finance.yahoo.com/news/arthur-j-gallagher-ajg-q3-170305432.html,1666976585,STORY
0e2a2ba2-3c4a-33e9-a74b-0e493961bb35,AJG,2022-10-29,Arthur J. Gallagher (AJG) Q3 Earnings Surpass Estimates,Zacks,https://finance.yahoo.com/news/arthur-j-gallagher-ajg-q3-213509525.html,1666906509,STORY
90d33d56-4dde-3bae-bf26-57fa44e9bc20,AJG,2022-10-29,Arthur J. Gallagher & Co. Announces Third Quarter 2022 Financial Results,PR Newswire,https://finance.yahoo.com/news/arthur-j-gallagher-co-announces-201500726.html,1666901700,STORY
48135157-6da8-3448-960a-96f73d31079d,AJG,2022-10-29,"Insurance Stocks' Q3 Earnings on Oct 27: AJG, HIG & More",Zacks,https://finance.yahoo.com/news/insurance-stocks-q3-earnings-oct-153503118.html,1666798503,STORY
a1f310cd-c890-3135-b6ed-e0af2d961abb,AJG,2022-10-29,Arthur J. Gallagher (AJG) to Post Q3 Earnings: What's in Store?,Zacks,https://finance.yahoo.com/news/arthur-j-gallagher-ajg-post-133001045.html,1666618201,STORY
633fd418-7c80-3429-89be-5942905b3d8f,AJG,2022-10-29,Aon (AON) Reports Next Week: Wall Street Expects Earnings Growth,Zacks,https://finance.yahoo.com/news/aon-aon-reports-next-week-140002384.html,1666360802,STORY
de6989e0-b8a5-32a5-929f-3f4fbb98a4cf,AJG,2022-10-29,"Arthur J. Gallagher & Co. Acquires Cason, Huff & Schlueter Insurance",PR Newswire,https://finance.yahoo.com/news/arthur-j-gallagher-co-acquires-161100479.html,1666282260,STORY
e194987e-7fe2-3002-a485-04b8e59ea8a4,AJG,2022-10-29,Arthur J. Gallagher (AJG) Reports Next Week: Wall Street Expects Earnings Growth,Zacks,https://finance.yahoo.com/news/arthur-j-gallagher-ajg-reports-140202042.html,1666274522,STORY
3e6e7481-1a37-3e66-8bc4-dfafa132f899,AJG,2022-10-30,"Arthur J. Gallagher (AJG) Q3 Earnings Top, Revenues Miss",Zacks,https://finance.yahoo.com/news/arthur-j-gallagher-ajg-q3-170305432.html,1666976585,STORY
0e2a2ba2-3c4a-33e9-a74b-0e493961bb35,AJG,2022-10-30,Arthur J. Gallagher (AJG) Q3 Earnings Surpass Estimates,Zacks,https://finance.yahoo.com/news/arthur-j-gallagher-ajg-q3-213509525.html,1666906509,STORY
90d33d56-4dde-3bae-bf26-57fa44e9bc20,AJG,2022-10-30,Arthur J. Gallagher & Co. Announces Third Quarter 2022 Financial Results,PR Newswire,https://finance.yahoo.com/news/arthur-j-gallagher-co-announces-201500726.html,1666901700,STORY
48135157-6da8-3448-960a-96f73d31079d,AJG,2022-10-30,"Insurance Stocks' Q3 Earnings on Oct 27: AJG, HIG & More",Zacks,https://finance.yahoo.com/news/insurance-stocks-q3-earnings-oct-153503118.html,1666798503,STORY
a1f310cd-c890-3135-b6ed-e0af2d961abb,AJG,2022-10-30,Arthur J. Gallagher (AJG) to Post Q3 Earnings: What's in Store?,Zacks,https://finance.yahoo.com/news/arthur-j-gallagher-ajg-post-133001045.html,1666618201,STORY
633fd418-7c80-3429-89be-5942905b3d8f,AJG,2022-10-30,Aon (AON) Reports Next Week: Wall Street Expects Earnings Growth,Zacks,https://finance.yahoo.com/news/aon-aon-reports-next-week-140002384.html,1666360802,STORY
de6989e0-b8a5-32a5-929f-3f4fbb98a4cf,AJG,2022-10-30,"Arthur J. Gallagher & Co. Acquires Cason, Huff & Schlueter Insurance",PR Newswire,https://finance.yahoo.com/news/arthur-j-gallagher-co-acquires-161100479.html,1666282260,STORY
e194987e-7fe2-3002-a485-04b8e59ea8a4,AJG,2022-10-30,Arthur J. Gallagher (AJG) Reports Next Week: Wall Street Expects Earnings Growth,Zacks,https://finance.yahoo.com/news/arthur-j-gallagher-ajg-reports-140202042.html,1666274522,STORY
0d5cbfeb-e032-3544-8c43-5732a32de1a3,AJG,2022-10-31,Arthur J. Gallagher & Co. Acquires f3 Companies,PR Newswire,https://finance.yahoo.com/news/arthur-j-gallagher-co-acquires-130000586.html,1667221200,STORY
ed5a5b63-39da-3061-bf27-6b09993dd4f6,AJG,2022-10-31,A Recession Is Coming: These 3 Companies Can Weather an Economic Slowdown,Motley Fool,https://finance.yahoo.com/m/ed5a5b63-39da-3061-bf27-6b09993dd4f6/a-recession-is-coming%3A-these.html,1667208900,STORY
3e6e7481-1a37-3e66-8bc4-dfafa132f899,AJG,2022-10-31,"Arthur J. Gallagher (AJG) Q3 Earnings Top, Revenues Miss",Zacks,https://finance.yahoo.com/news/arthur-j-gallagher-ajg-q3-170305432.html,1666976585,STORY
0e2a2ba2-3c4a-33e9-a74b-0e493961bb35,AJG,2022-10-31,Arthur J. Gallagher (AJG) Q3 Earnings Surpass Estimates,Zacks,https://finance.yahoo.com/news/arthur-j-gallagher-ajg-q3-213509525.html,1666906509,STORY
90d33d56-4dde-3bae-bf26-57fa44e9bc20,AJG,2022-10-31,Arthur J. Gallagher & Co. Announces Third Quarter 2022 Financial Results,PR Newswire,https://finance.yahoo.com/news/arthur-j-gallagher-co-announces-201500726.html,1666901700,STORY
48135157-6da8-3448-960a-96f73d31079d,AJG,2022-10-31,"Insurance Stocks' Q3 Earnings on Oct 27: AJG, HIG & More",Zacks,https://finance.yahoo.com/news/insurance-stocks-q3-earnings-oct-153503118.html,1666798503,STORY
a1f310cd-c890-3135-b6ed-e0af2d961abb,AJG,2022-10-31,Arthur J. Gallagher (AJG) to Post Q3 Earnings: What's in Store?,Zacks,https://finance.yahoo.com/news/arthur-j-gallagher-ajg-post-133001045.html,1666618201,STORY
633fd418-7c80-3429-89be-5942905b3d8f,AJG,2022-10-31,Aon (AON) Reports Next Week: Wall Street Expects Earnings Growth,Zacks,https://finance.yahoo.com/news/aon-aon-reports-next-week-140002384.html,1666360802,STORY
00e462d0-413d-342a-b3a0-d32e0cc331a1,AJG,2022-11-1,"Arthur J. Gallagher & Co. Completes Acquisition of M&T Insurance Agency, Inc.",PR Newswire,https://finance.yahoo.com/news/arthur-j-gallagher-co-completes-130000845.html,1667307600,STORY
0d5cbfeb-e032-3544-8c43-5732a32de1a3,AJG,2022-11-1,Arthur J. Gallagher & Co. Acquires f3 Companies,PR Newswire,https://finance.yahoo.com/news/arthur-j-gallagher-co-acquires-130000586.html,1667221200,STORY
ed5a5b63-39da-3061-bf27-6b09993dd4f6,AJG,2022-11-1,A Recession Is Coming: These 3 Companies Can Weather an Economic Slowdown,Motley Fool,https://finance.yahoo.com/m/ed5a5b63-39da-3061-bf27-6b09993dd4f6/a-recession-is-coming%3A-these.html,1667208900,STORY
3e6e7481-1a37-3e66-8bc4-dfafa132f899,AJG,2022-11-1,"Arthur J. Gallagher (AJG) Q3 Earnings Top, Revenues Miss",Zacks,https://finance.yahoo.com/news/arthur-j-gallagher-ajg-q3-170305432.html,1666976585,STORY
0e2a2ba2-3c4a-33e9-a74b-0e493961bb35,AJG,2022-11-1,Arthur J. Gallagher (AJG) Q3 Earnings Surpass Estimates,Zacks,https://finance.yahoo.com/news/arthur-j-gallagher-ajg-q3-213509525.html,1666906509,STORY
90d33d56-4dde-3bae-bf26-57fa44e9bc20,AJG,2022-11-1,Arthur J. Gallagher & Co. Announces Third Quarter 2022 Financial Results,PR Newswire,https://finance.yahoo.com/news/arthur-j-gallagher-co-announces-201500726.html,1666901700,STORY
48135157-6da8-3448-960a-96f73d31079d,AJG,2022-11-1,"Insurance Stocks' Q3 Earnings on Oct 27: AJG, HIG & More",Zacks,https://finance.yahoo.com/news/insurance-stocks-q3-earnings-oct-153503118.html,1666798503,STORY
a1f310cd-c890-3135-b6ed-e0af2d961abb,AJG,2022-11-1,Arthur J. Gallagher (AJG) to Post Q3 Earnings: What's in Store?,Zacks,https://finance.yahoo.com/news/arthur-j-gallagher-ajg-post-133001045.html,1666618201,STORY
fa00004a-e0ab-3295-8e16-61e25b2af455,AJG,2022-11-2,"Arthur J. Gallagher & Co. Acquires Tejas American General Agency, LLC",PR Newswire,https://finance.yahoo.com/news/arthur-j-gallagher-co-acquires-130000014.html,1667394000,STORY
00e462d0-413d-342a-b3a0-d32e0cc331a1,AJG,2022-11-2,"Arthur J. Gallagher & Co. Completes Acquisition of M&T Insurance Agency, Inc.",PR Newswire,https://finance.yahoo.com/news/arthur-j-gallagher-co-completes-130000845.html,1667307600,STORY
0d5cbfeb-e032-3544-8c43-5732a32de1a3,AJG,2022-11-2,Arthur J. Gallagher & Co. Acquires f3 Companies,PR Newswire,https://finance.yahoo.com/news/arthur-j-gallagher-co-acquires-130000586.html,1667221200,STORY
ed5a5b63-39da-3061-bf27-6b09993dd4f6,AJG,2022-11-2,A Recession Is Coming: These 3 Companies Can Weather an Economic Slowdown,Motley Fool,https://finance.yahoo.com/m/ed5a5b63-39da-3061-bf27-6b09993dd4f6/a-recession-is-coming%3A-these.html,1667208900,STORY
3e6e7481-1a37-3e66-8bc4-dfafa132f899,AJG,2022-11-2,"Arthur J. Gallagher (AJG) Q3 Earnings Top, Revenues Miss",Zacks,https://finance.yahoo.com/news/arthur-j-gallagher-ajg-q3-170305432.html,1666976585,STORY
0e2a2ba2-3c4a-33e9-a74b-0e493961bb35,AJG,2022-11-2,Arthur J. Gallagher (AJG) Q3 Earnings Surpass Estimates,Zacks,https://finance.yahoo.com/news/arthur-j-gallagher-ajg-q3-213509525.html,1666906509,STORY
90d33d56-4dde-3bae-bf26-57fa44e9bc20,AJG,2022-11-2,Arthur J. Gallagher & Co. Announces Third Quarter 2022 Financial Results,PR Newswire,https://finance.yahoo.com/news/arthur-j-gallagher-co-announces-201500726.html,1666901700,STORY
48135157-6da8-3448-960a-96f73d31079d,AJG,2022-11-2,"Insurance Stocks' Q3 Earnings on Oct 27: AJG, HIG & More",Zacks,https://finance.yahoo.com/news/insurance-stocks-q3-earnings-oct-153503118.html,1666798503,STORY
32c4431d-c843-3b91-b69f-df0b1059d217,AJG,2022-11-3,Arthur J. Gallagher & Co. Acquires Doyle Mahon Insurances,PR Newswire,https://finance.yahoo.com/news/arthur-j-gallagher-co-acquires-104500095.html,1667472300,STORY
fa00004a-e0ab-3295-8e16-61e25b2af455,AJG,2022-11-3,"Arthur J. Gallagher & Co. Acquires Tejas American General Agency, LLC",PR Newswire,https://finance.yahoo.com/news/arthur-j-gallagher-co-acquires-130000014.html,1667394000,STORY
00e462d0-413d-342a-b3a0-d32e0cc331a1,AJG,2022-11-3,"Arthur J. Gallagher & Co. Completes Acquisition of M&T Insurance Agency, Inc.",PR Newswire,https://finance.yahoo.com/news/arthur-j-gallagher-co-completes-130000845.html,1667307600,STORY
0d5cbfeb-e032-3544-8c43-5732a32de1a3,AJG,2022-11-3,Arthur J. Gallagher & Co. Acquires f3 Companies,PR Newswire,https://finance.yahoo.com/news/arthur-j-gallagher-co-acquires-130000586.html,1667221200,STORY
ed5a5b63-39da-3061-bf27-6b09993dd4f6,AJG,2022-11-3,A Recession Is Coming: These 3 Companies Can Weather an Economic Slowdown,Motley Fool,https://finance.yahoo.com/m/ed5a5b63-39da-3061-bf27-6b09993dd4f6/a-recession-is-coming%3A-these.html,1667208900,STORY
3e6e7481-1a37-3e66-8bc4-dfafa132f899,AJG,2022-11-3,"Arthur J. Gallagher (AJG) Q3 Earnings Top, Revenues Miss",Zacks,https://finance.yahoo.com/news/arthur-j-gallagher-ajg-q3-170305432.html,1666976585,STORY
0e2a2ba2-3c4a-33e9-a74b-0e493961bb35,AJG,2022-11-3,Arthur J. Gallagher (AJG) Q3 Earnings Surpass Estimates,Zacks,https://finance.yahoo.com/news/arthur-j-gallagher-ajg-q3-213509525.html,1666906509,STORY
90d33d56-4dde-3bae-bf26-57fa44e9bc20,AJG,2022-11-3,Arthur J. Gallagher & Co. Announces Third Quarter 2022 Financial Results,PR Newswire,https://finance.yahoo.com/news/arthur-j-gallagher-co-announces-201500726.html,1666901700,STORY
32c4431d-c843-3b91-b69f-df0b1059d217,AJG,2022-11-4,Arthur J. Gallagher & Co. Acquires Doyle Mahon Insurances,PR Newswire,https://finance.yahoo.com/news/arthur-j-gallagher-co-acquires-104500095.html,1667472300,STORY
fa00004a-e0ab-3295-8e16-61e25b2af455,AJG,2022-11-4,"Arthur J. Gallagher & Co. Acquires Tejas American General Agency, LLC",PR Newswire,https://finance.yahoo.com/news/arthur-j-gallagher-co-acquires-130000014.html,1667394000,STORY
00e462d0-413d-342a-b3a0-d32e0cc331a1,AJG,2022-11-4,"Arthur J. Gallagher & Co. Completes Acquisition of M&T Insurance Agency, Inc.",PR Newswire,https://finance.yahoo.com/news/arthur-j-gallagher-co-completes-130000845.html,1667307600,STORY
0d5cbfeb-e032-3544-8c43-5732a32de1a3,AJG,2022-11-4,Arthur J. Gallagher & Co. Acquires f3 Companies,PR Newswire,https://finance.yahoo.com/news/arthur-j-gallagher-co-acquires-130000586.html,1667221200,STORY
ed5a5b63-39da-3061-bf27-6b09993dd4f6,AJG,2022-11-4,A Recession Is Coming: These 3 Companies Can Weather an Economic Slowdown,Motley Fool,https://finance.yahoo.com/m/ed5a5b63-39da-3061-bf27-6b09993dd4f6/a-recession-is-coming%3A-these.html,1667208900,STORY
3e6e7481-1a37-3e66-8bc4-dfafa132f899,AJG,2022-11-4,"Arthur J. Gallagher (AJG) Q3 Earnings Top, Revenues Miss",Zacks,https://finance.yahoo.com/news/arthur-j-gallagher-ajg-q3-170305432.html,1666976585,STORY
0e2a2ba2-3c4a-33e9-a74b-0e493961bb35,AJG,2022-11-4,Arthur J. Gallagher (AJG) Q3 Earnings Surpass Estimates,Zacks,https://finance.yahoo.com/news/arthur-j-gallagher-ajg-q3-213509525.html,1666906509,STORY
90d33d56-4dde-3bae-bf26-57fa44e9bc20,AJG,2022-11-4,Arthur J. Gallagher & Co. Announces Third Quarter 2022 Financial Results,PR Newswire,https://finance.yahoo.com/news/arthur-j-gallagher-co-announces-201500726.html,1666901700,STORY
6bc161f9-3e2a-30c4-b571-4bed155c2d39,AJG,2022-11-5,Insurance Broker Arthur J. Gallagher Subpoenaed by Justice Department’s Foreign Bribery Unit,The Wall Street Journal,https://finance.yahoo.com/m/6bc161f9-3e2a-30c4-b571-4bed155c2d39/insurance-broker-arthur-j..html,1667585340,STORY
32c4431d-c843-3b91-b69f-df0b1059d217,AJG,2022-11-5,Arthur J. Gallagher & Co. Acquires Doyle Mahon Insurances,PR Newswire,https://finance.yahoo.com/news/arthur-j-gallagher-co-acquires-104500095.html,1667472300,STORY
fa00004a-e0ab-3295-8e16-61e25b2af455,AJG,2022-11-5,"Arthur J. Gallagher & Co. Acquires Tejas American General Agency, LLC",PR Newswire,https://finance.yahoo.com/news/arthur-j-gallagher-co-acquires-130000014.html,1667394000,STORY
00e462d0-413d-342a-b3a0-d32e0cc331a1,AJG,2022-11-5,"Arthur J. Gallagher & Co. Completes Acquisition of M&T Insurance Agency, Inc.",PR Newswire,https://finance.yahoo.com/news/arthur-j-gallagher-co-completes-130000845.html,1667307600,STORY
0d5cbfeb-e032-3544-8c43-5732a32de1a3,AJG,2022-11-5,Arthur J. Gallagher & Co. Acquires f3 Companies,PR Newswire,https://finance.yahoo.com/news/arthur-j-gallagher-co-acquires-130000586.html,1667221200,STORY
ed5a5b63-39da-3061-bf27-6b09993dd4f6,AJG,2022-11-5,A Recession Is Coming: These 3 Companies Can Weather an Economic Slowdown,Motley Fool,https://finance.yahoo.com/m/ed5a5b63-39da-3061-bf27-6b09993dd4f6/a-recession-is-coming%3A-these.html,1667208900,STORY
3e6e7481-1a37-3e66-8bc4-dfafa132f899,AJG,2022-11-5,"Arthur J. Gallagher (AJG) Q3 Earnings Top, Revenues Miss",Zacks,https://finance.yahoo.com/news/arthur-j-gallagher-ajg-q3-170305432.html,1666976585,STORY
0e2a2ba2-3c4a-33e9-a74b-0e493961bb35,AJG,2022-11-5,Arthur J. Gallagher (AJG) Q3 Earnings Surpass Estimates,Zacks,https://finance.yahoo.com/news/arthur-j-gallagher-ajg-q3-213509525.html,1666906509,STORY
6bc161f9-3e2a-30c4-b571-4bed155c2d39,AJG,2022-11-6,Insurance Broker Arthur J. Gallagher Subpoenaed by Justice Department’s Foreign Bribery Unit,The Wall Street Journal,https://finance.yahoo.com/m/6bc161f9-3e2a-30c4-b571-4bed155c2d39/insurance-broker-arthur-j..html,1667585340,STORY
32c4431d-c843-3b91-b69f-df0b1059d217,AJG,2022-11-6,Arthur J. Gallagher & Co. Acquires Doyle Mahon Insurances,PR Newswire,https://finance.yahoo.com/news/arthur-j-gallagher-co-acquires-104500095.html,1667472300,STORY
fa00004a-e0ab-3295-8e16-61e25b2af455,AJG,2022-11-6,"Arthur J. Gallagher & Co. Acquires Tejas American General Agency, LLC",PR Newswire,https://finance.yahoo.com/news/arthur-j-gallagher-co-acquires-130000014.html,1667394000,STORY
00e462d0-413d-342a-b3a0-d32e0cc331a1,AJG,2022-11-6,"Arthur J. Gallagher & Co. Completes Acquisition of M&T Insurance Agency, Inc.",PR Newswire,https://finance.yahoo.com/news/arthur-j-gallagher-co-completes-130000845.html,1667307600,STORY
0d5cbfeb-e032-3544-8c43-5732a32de1a3,AJG,2022-11-6,Arthur J. Gallagher & Co. Acquires f3 Companies,PR Newswire,https://finance.yahoo.com/news/arthur-j-gallagher-co-acquires-130000586.html,1667221200,STORY
ed5a5b63-39da-3061-bf27-6b09993dd4f6,AJG,2022-11-6,A Recession Is Coming: These 3 Companies Can Weather an Economic Slowdown,Motley Fool,https://finance.yahoo.com/m/ed5a5b63-39da-3061-bf27-6b09993dd4f6/a-recession-is-coming%3A-these.html,1667208900,STORY
3e6e7481-1a37-3e66-8bc4-dfafa132f899,AJG,2022-11-6,"Arthur J. Gallagher (AJG) Q3 Earnings Top, Revenues Miss",Zacks,https://finance.yahoo.com/news/arthur-j-gallagher-ajg-q3-170305432.html,1666976585,STORY
0e2a2ba2-3c4a-33e9-a74b-0e493961bb35,AJG,2022-11-6,Arthur J. Gallagher (AJG) Q3 Earnings Surpass Estimates,Zacks,https://finance.yahoo.com/news/arthur-j-gallagher-ajg-q3-213509525.html,1666906509,STORY
6bc161f9-3e2a-30c4-b571-4bed155c2d39,AJG,2022-11-7,Insurance Broker Arthur J. Gallagher Subpoenaed by Justice Department’s Foreign Bribery Unit,The Wall Street Journal,https://finance.yahoo.com/m/6bc161f9-3e2a-30c4-b571-4bed155c2d39/insurance-broker-arthur-j..html,1667585340,STORY
32c4431d-c843-3b91-b69f-df0b1059d217,AJG,2022-11-7,Arthur J. Gallagher & Co. Acquires Doyle Mahon Insurances,PR Newswire,https://finance.yahoo.com/news/arthur-j-gallagher-co-acquires-104500095.html,1667472300,STORY
fa00004a-e0ab-3295-8e16-61e25b2af455,AJG,2022-11-7,"Arthur J. Gallagher & Co. Acquires Tejas American General Agency, LLC",PR Newswire,https://finance.yahoo.com/news/arthur-j-gallagher-co-acquires-130000014.html,1667394000,STORY
00e462d0-413d-342a-b3a0-d32e0cc331a1,AJG,2022-11-7,"Arthur J. Gallagher & Co. Completes Acquisition of M&T Insurance Agency, Inc.",PR Newswire,https://finance.yahoo.com/news/arthur-j-gallagher-co-completes-130000845.html,1667307600,STORY
0d5cbfeb-e032-3544-8c43-5732a32de1a3,AJG,2022-11-7,Arthur J. Gallagher & Co. Acquires f3 Companies,PR Newswire,https://finance.yahoo.com/news/arthur-j-gallagher-co-acquires-130000586.html,1667221200,STORY
ed5a5b63-39da-3061-bf27-6b09993dd4f6,AJG,2022-11-7,A Recession Is Coming: These 3 Companies Can Weather an Economic Slowdown,Motley Fool,https://finance.yahoo.com/m/ed5a5b63-39da-3061-bf27-6b09993dd4f6/a-recession-is-coming%3A-these.html,1667208900,STORY
3e6e7481-1a37-3e66-8bc4-dfafa132f899,AJG,2022-11-7,"Arthur J. Gallagher (AJG) Q3 Earnings Top, Revenues Miss",Zacks,https://finance.yahoo.com/news/arthur-j-gallagher-ajg-q3-170305432.html,1666976585,STORY
0e2a2ba2-3c4a-33e9-a74b-0e493961bb35,AJG,2022-11-7,Arthur J. Gallagher (AJG) Q3 Earnings Surpass Estimates,Zacks,https://finance.yahoo.com/news/arthur-j-gallagher-ajg-q3-213509525.html,1666906509,STORY
c7577fac-d9b1-3fc2-bc9f-4664b81dd696,AJG,2022-11-8,Arthur J. Gallagher (AJG) Expands in Ireland With Buyout,Zacks,https://finance.yahoo.com/news/arthur-j-gallagher-ajg-expands-152503548.html,1667834703,STORY
35b136f6-7df0-386f-8953-9bb1da6e038e,AJG,2022-11-8,Technical Assessment: Bullish in the Intermediate-Term,Argus Research,https://finance.yahoo.com/m/35b136f6-7df0-386f-8953-9bb1da6e038e/technical-assessment%3A-bullish.html,1667822887,STORY
6bc161f9-3e2a-30c4-b571-4bed155c2d39,AJG,2022-11-8,Insurance Broker Arthur J. Gallagher Subpoenaed by Justice Department’s Foreign Bribery Unit,The Wall Street Journal,https://finance.yahoo.com/m/6bc161f9-3e2a-30c4-b571-4bed155c2d39/insurance-broker-arthur-j..html,1667585340,STORY
32c4431d-c843-3b91-b69f-df0b1059d217,AJG,2022-11-8,Arthur J. Gallagher & Co. Acquires Doyle Mahon Insurances,PR Newswire,https://finance.yahoo.com/news/arthur-j-gallagher-co-acquires-104500095.html,1667472300,STORY
fa00004a-e0ab-3295-8e16-61e25b2af455,AJG,2022-11-8,"Arthur J. Gallagher & Co. Acquires Tejas American General Agency, LLC",PR Newswire,https://finance.yahoo.com/news/arthur-j-gallagher-co-acquires-130000014.html,1667394000,STORY
00e462d0-413d-342a-b3a0-d32e0cc331a1,AJG,2022-11-8,"Arthur J. Gallagher & Co. Completes Acquisition of M&T Insurance Agency, Inc.",PR Newswire,https://finance.yahoo.com/news/arthur-j-gallagher-co-completes-130000845.html,1667307600,STORY
0d5cbfeb-e032-3544-8c43-5732a32de1a3,AJG,2022-11-8,Arthur J. Gallagher & Co. Acquires f3 Companies,PR Newswire,https://finance.yahoo.com/news/arthur-j-gallagher-co-acquires-130000586.html,1667221200,STORY
ed5a5b63-39da-3061-bf27-6b09993dd4f6,AJG,2022-11-8,A Recession Is Coming: These 3 Companies Can Weather an Economic Slowdown,Motley Fool,https://finance.yahoo.com/m/ed5a5b63-39da-3061-bf27-6b09993dd4f6/a-recession-is-coming%3A-these.html,1667208900,STORY
c7577fac-d9b1-3fc2-bc9f-4664b81dd696,AJG,2022-11-9,Arthur J. Gallagher (AJG) Expands in Ireland With Buyout,Zacks,https://finance.yahoo.com/news/arthur-j-gallagher-ajg-expands-152503548.html,1667834703,STORY
6bc161f9-3e2a-30c4-b571-4bed155c2d39,AJG,2022-11-9,Insurance Broker Arthur J. Gallagher Subpoenaed by Justice Department’s Foreign Bribery Unit,The Wall Street Journal,https://finance.yahoo.com/m/6bc161f9-3e2a-30c4-b571-4bed155c2d39/insurance-broker-arthur-j..html,1667585340,STORY
32c4431d-c843-3b91-b69f-df0b1059d217,AJG,2022-11-9,Arthur J. Gallagher & Co. Acquires Doyle Mahon Insurances,PR Newswire,https://finance.yahoo.com/news/arthur-j-gallagher-co-acquires-104500095.html,1667472300,STORY
fa00004a-e0ab-3295-8e16-61e25b2af455,AJG,2022-11-9,"Arthur J. Gallagher & Co. Acquires Tejas American General Agency, LLC",PR Newswire,https://finance.yahoo.com/news/arthur-j-gallagher-co-acquires-130000014.html,1667394000,STORY
00e462d0-413d-342a-b3a0-d32e0cc331a1,AJG,2022-11-9,"Arthur J. Gallagher & Co. Completes Acquisition of M&T Insurance Agency, Inc.",PR Newswire,https://finance.yahoo.com/news/arthur-j-gallagher-co-completes-130000845.html,1667307600,STORY
0d5cbfeb-e032-3544-8c43-5732a32de1a3,AJG,2022-11-9,Arthur J. Gallagher & Co. Acquires f3 Companies,PR Newswire,https://finance.yahoo.com/news/arthur-j-gallagher-co-acquires-130000586.html,1667221200,STORY
ed5a5b63-39da-3061-bf27-6b09993dd4f6,AJG,2022-11-9,A Recession Is Coming: These 3 Companies Can Weather an Economic Slowdown,Motley Fool,https://finance.yahoo.com/m/ed5a5b63-39da-3061-bf27-6b09993dd4f6/a-recession-is-coming%3A-these.html,1667208900,STORY
3e6e7481-1a37-3e66-8bc4-dfafa132f899,AJG,2022-11-9,"Arthur J. Gallagher (AJG) Q3 Earnings Top, Revenues Miss",Zacks,https://finance.yahoo.com/news/arthur-j-gallagher-ajg-q3-170305432.html,1666976585,STORY
c604b312-086d-383c-9aeb-4b5266c3391a,AJG,2022-11-10,"Brown & Brown (BRO) Acquires Finance Builders, Boosts Portfolio",Zacks,https://finance.yahoo.com/news/brown-brown-bro-acquires-finance-153903542.html,1668008343,STORY
82904461-db9a-30f6-9f09-8b8997c29bce,AJG,2022-11-10,"Arthur J. Gallagher & Co. Acquires PIUS Limited, LLC",PR Newswire,https://finance.yahoo.com/news/arthur-j-gallagher-co-acquires-140000457.html,1668002400,STORY
c7577fac-d9b1-3fc2-bc9f-4664b81dd696,AJG,2022-11-10,Arthur J. Gallagher (AJG) Expands in Ireland With Buyout,Zacks,https://finance.yahoo.com/news/arthur-j-gallagher-ajg-expands-152503548.html,1667834703,STORY
6bc161f9-3e2a-30c4-b571-4bed155c2d39,AJG,2022-11-10,Insurance Broker Arthur J. Gallagher Subpoenaed by Justice Department’s Foreign Bribery Unit,The Wall Street Journal,https://finance.yahoo.com/m/6bc161f9-3e2a-30c4-b571-4bed155c2d39/insurance-broker-arthur-j..html,1667585340,STORY
32c4431d-c843-3b91-b69f-df0b1059d217,AJG,2022-11-10,Arthur J. Gallagher & Co. Acquires Doyle Mahon Insurances,PR Newswire,https://finance.yahoo.com/news/arthur-j-gallagher-co-acquires-104500095.html,1667472300,STORY
fa00004a-e0ab-3295-8e16-61e25b2af455,AJG,2022-11-10,"Arthur J. Gallagher & Co. Acquires Tejas American General Agency, LLC",PR Newswire,https://finance.yahoo.com/news/arthur-j-gallagher-co-acquires-130000014.html,1667394000,STORY
00e462d0-413d-342a-b3a0-d32e0cc331a1,AJG,2022-11-10,"Arthur J. Gallagher & Co. Completes Acquisition of M&T Insurance Agency, Inc.",PR Newswire,https://finance.yahoo.com/news/arthur-j-gallagher-co-completes-130000845.html,1667307600,STORY
0d5cbfeb-e032-3544-8c43-5732a32de1a3,AJG,2022-11-10,Arthur J. Gallagher & Co. Acquires f3 Companies,PR Newswire,https://finance.yahoo.com/news/arthur-j-gallagher-co-acquires-130000586.html,1667221200,STORY
c604b312-086d-383c-9aeb-4b5266c3391a,AJG,2022-11-11,"Brown & Brown (BRO) Acquires Finance Builders, Boosts Portfolio",Zacks,https://finance.yahoo.com/news/brown-brown-bro-acquires-finance-153903542.html,1668008343,STORY
82904461-db9a-30f6-9f09-8b8997c29bce,AJG,2022-11-11,"Arthur J. Gallagher & Co. Acquires PIUS Limited, LLC",PR Newswire,https://finance.yahoo.com/news/arthur-j-gallagher-co-acquires-140000457.html,1668002400,STORY
c7577fac-d9b1-3fc2-bc9f-4664b81dd696,AJG,2022-11-11,Arthur J. Gallagher (AJG) Expands in Ireland With Buyout,Zacks,https://finance.yahoo.com/news/arthur-j-gallagher-ajg-expands-152503548.html,1667834703,STORY
6bc161f9-3e2a-30c4-b571-4bed155c2d39,AJG,2022-11-11,Insurance Broker Arthur J. Gallagher Subpoenaed by Justice Department’s Foreign Bribery Unit,The Wall Street Journal,https://finance.yahoo.com/m/6bc161f9-3e2a-30c4-b571-4bed155c2d39/insurance-broker-arthur-j..html,1667585340,STORY
32c4431d-c843-3b91-b69f-df0b1059d217,AJG,2022-11-11,Arthur J. Gallagher & Co. Acquires Doyle Mahon Insurances,PR Newswire,https://finance.yahoo.com/news/arthur-j-gallagher-co-acquires-104500095.html,1667472300,STORY
fa00004a-e0ab-3295-8e16-61e25b2af455,AJG,2022-11-11,"Arthur J. Gallagher & Co. Acquires Tejas American General Agency, LLC",PR Newswire,https://finance.yahoo.com/news/arthur-j-gallagher-co-acquires-130000014.html,1667394000,STORY
00e462d0-413d-342a-b3a0-d32e0cc331a1,AJG,2022-11-11,"Arthur J. Gallagher & Co. Completes Acquisition of M&T Insurance Agency, Inc.",PR Newswire,https://finance.yahoo.com/news/arthur-j-gallagher-co-completes-130000845.html,1667307600,STORY
0d5cbfeb-e032-3544-8c43-5732a32de1a3,AJG,2022-11-11,Arthur J. Gallagher & Co. Acquires f3 Companies,PR Newswire,https://finance.yahoo.com/news/arthur-j-gallagher-co-acquires-130000586.html,1667221200,STORY
c604b312-086d-383c-9aeb-4b5266c3391a,AJG,2022-11-12,"Brown & Brown (BRO) Acquires Finance Builders, Boosts Portfolio",Zacks,https://finance.yahoo.com/news/brown-brown-bro-acquires-finance-153903542.html,1668008343,STORY
82904461-db9a-30f6-9f09-8b8997c29bce,AJG,2022-11-12,"Arthur J. Gallagher & Co. Acquires PIUS Limited, LLC",PR Newswire,https://finance.yahoo.com/news/arthur-j-gallagher-co-acquires-140000457.html,1668002400,STORY
c7577fac-d9b1-3fc2-bc9f-4664b81dd696,AJG,2022-11-12,Arthur J. Gallagher (AJG) Expands in Ireland With Buyout,Zacks,https://finance.yahoo.com/news/arthur-j-gallagher-ajg-expands-152503548.html,1667834703,STORY
6bc161f9-3e2a-30c4-b571-4bed155c2d39,AJG,2022-11-12,Insurance Broker Arthur J. Gallagher Subpoenaed by Justice Department’s Foreign Bribery Unit,The Wall Street Journal,https://finance.yahoo.com/m/6bc161f9-3e2a-30c4-b571-4bed155c2d39/insurance-broker-arthur-j..html,1667585340,STORY
32c4431d-c843-3b91-b69f-df0b1059d217,AJG,2022-11-12,Arthur J. Gallagher & Co. Acquires Doyle Mahon Insurances,PR Newswire,https://finance.yahoo.com/news/arthur-j-gallagher-co-acquires-104500095.html,1667472300,STORY
fa00004a-e0ab-3295-8e16-61e25b2af455,AJG,2022-11-12,"Arthur J. Gallagher & Co. Acquires Tejas American General Agency, LLC",PR Newswire,https://finance.yahoo.com/news/arthur-j-gallagher-co-acquires-130000014.html,1667394000,STORY
00e462d0-413d-342a-b3a0-d32e0cc331a1,AJG,2022-11-12,"Arthur J. Gallagher & Co. Completes Acquisition of M&T Insurance Agency, Inc.",PR Newswire,https://finance.yahoo.com/news/arthur-j-gallagher-co-completes-130000845.html,1667307600,STORY
0d5cbfeb-e032-3544-8c43-5732a32de1a3,AJG,2022-11-12,Arthur J. Gallagher & Co. Acquires f3 Companies,PR Newswire,https://finance.yahoo.com/news/arthur-j-gallagher-co-acquires-130000586.html,1667221200,STORY
c604b312-086d-383c-9aeb-4b5266c3391a,AJG,2022-11-13,"Brown & Brown (BRO) Acquires Finance Builders, Boosts Portfolio",Zacks,https://finance.yahoo.com/news/brown-brown-bro-acquires-finance-153903542.html,1668008343,STORY
82904461-db9a-30f6-9f09-8b8997c29bce,AJG,2022-11-13,"Arthur J. Gallagher & Co. Acquires PIUS Limited, LLC",PR Newswire,https://finance.yahoo.com/news/arthur-j-gallagher-co-acquires-140000457.html,1668002400,STORY
c7577fac-d9b1-3fc2-bc9f-4664b81dd696,AJG,2022-11-13,Arthur J. Gallagher (AJG) Expands in Ireland With Buyout,Zacks,https://finance.yahoo.com/news/arthur-j-gallagher-ajg-expands-152503548.html,1667834703,STORY
6bc161f9-3e2a-30c4-b571-4bed155c2d39,AJG,2022-11-13,Insurance Broker Arthur J. Gallagher Subpoenaed by Justice Department’s Foreign Bribery Unit,The Wall Street Journal,https://finance.yahoo.com/m/6bc161f9-3e2a-30c4-b571-4bed155c2d39/insurance-broker-arthur-j..html,1667585340,STORY
32c4431d-c843-3b91-b69f-df0b1059d217,AJG,2022-11-13,Arthur J. Gallagher & Co. Acquires Doyle Mahon Insurances,PR Newswire,https://finance.yahoo.com/news/arthur-j-gallagher-co-acquires-104500095.html,1667472300,STORY
fa00004a-e0ab-3295-8e16-61e25b2af455,AJG,2022-11-13,"Arthur J. Gallagher & Co. Acquires Tejas American General Agency, LLC",PR Newswire,https://finance.yahoo.com/news/arthur-j-gallagher-co-acquires-130000014.html,1667394000,STORY
00e462d0-413d-342a-b3a0-d32e0cc331a1,AJG,2022-11-13,"Arthur J. Gallagher & Co. Completes Acquisition of M&T Insurance Agency, Inc.",PR Newswire,https://finance.yahoo.com/news/arthur-j-gallagher-co-completes-130000845.html,1667307600,STORY
0d5cbfeb-e032-3544-8c43-5732a32de1a3,AJG,2022-11-13,Arthur J. Gallagher & Co. Acquires f3 Companies,PR Newswire,https://finance.yahoo.com/news/arthur-j-gallagher-co-acquires-130000586.html,1667221200,STORY
c604b312-086d-383c-9aeb-4b5266c3391a,AJG,2022-11-14,"Brown & Brown (BRO) Acquires Finance Builders, Boosts Portfolio",Zacks,https://finance.yahoo.com/news/brown-brown-bro-acquires-finance-153903542.html,1668008343,STORY
82904461-db9a-30f6-9f09-8b8997c29bce,AJG,2022-11-14,"Arthur J. Gallagher & Co. Acquires PIUS Limited, LLC",PR Newswire,https://finance.yahoo.com/news/arthur-j-gallagher-co-acquires-140000457.html,1668002400,STORY
c7577fac-d9b1-3fc2-bc9f-4664b81dd696,AJG,2022-11-14,Arthur J. Gallagher (AJG) Expands in Ireland With Buyout,Zacks,https://finance.yahoo.com/news/arthur-j-gallagher-ajg-expands-152503548.html,1667834703,STORY
6bc161f9-3e2a-30c4-b571-4bed155c2d39,AJG,2022-11-14,Insurance Broker Arthur J. Gallagher Subpoenaed by Justice Department’s Foreign Bribery Unit,The Wall Street Journal,https://finance.yahoo.com/m/6bc161f9-3e2a-30c4-b571-4bed155c2d39/insurance-broker-arthur-j..html,1667585340,STORY
32c4431d-c843-3b91-b69f-df0b1059d217,AJG,2022-11-14,Arthur J. Gallagher & Co. Acquires Doyle Mahon Insurances,PR Newswire,https://finance.yahoo.com/news/arthur-j-gallagher-co-acquires-104500095.html,1667472300,STORY
fa00004a-e0ab-3295-8e16-61e25b2af455,AJG,2022-11-14,"Arthur J. Gallagher & Co. Acquires Tejas American General Agency, LLC",PR Newswire,https://finance.yahoo.com/news/arthur-j-gallagher-co-acquires-130000014.html,1667394000,STORY
00e462d0-413d-342a-b3a0-d32e0cc331a1,AJG,2022-11-14,"Arthur J. Gallagher & Co. Completes Acquisition of M&T Insurance Agency, Inc.",PR Newswire,https://finance.yahoo.com/news/arthur-j-gallagher-co-completes-130000845.html,1667307600,STORY
0d5cbfeb-e032-3544-8c43-5732a32de1a3,AJG,2022-11-14,Arthur J. Gallagher & Co. Acquires f3 Companies,PR Newswire,https://finance.yahoo.com/news/arthur-j-gallagher-co-acquires-130000586.html,1667221200,STORY
c604b312-086d-383c-9aeb-4b5266c3391a,AJG,2022-11-15,"Brown & Brown (BRO) Acquires Finance Builders, Boosts Portfolio",Zacks,https://finance.yahoo.com/news/brown-brown-bro-acquires-finance-153903542.html,1668008343,STORY
82904461-db9a-30f6-9f09-8b8997c29bce,AJG,2022-11-15,"Arthur J. Gallagher & Co. Acquires PIUS Limited, LLC",PR Newswire,https://finance.yahoo.com/news/arthur-j-gallagher-co-acquires-140000457.html,1668002400,STORY
c7577fac-d9b1-3fc2-bc9f-4664b81dd696,AJG,2022-11-15,Arthur J. Gallagher (AJG) Expands in Ireland With Buyout,Zacks,https://finance.yahoo.com/news/arthur-j-gallagher-ajg-expands-152503548.html,1667834703,STORY
6bc161f9-3e2a-30c4-b571-4bed155c2d39,AJG,2022-11-15,Insurance Broker Arthur J. Gallagher Subpoenaed by Justice Department’s Foreign Bribery Unit,The Wall Street Journal,https://finance.yahoo.com/m/6bc161f9-3e2a-30c4-b571-4bed155c2d39/insurance-broker-arthur-j..html,1667585340,STORY
32c4431d-c843-3b91-b69f-df0b1059d217,AJG,2022-11-15,Arthur J. Gallagher & Co. Acquires Doyle Mahon Insurances,PR Newswire,https://finance.yahoo.com/news/arthur-j-gallagher-co-acquires-104500095.html,1667472300,STORY
fa00004a-e0ab-3295-8e16-61e25b2af455,AJG,2022-11-15,"Arthur J. Gallagher & Co. Acquires Tejas American General Agency, LLC",PR Newswire,https://finance.yahoo.com/news/arthur-j-gallagher-co-acquires-130000014.html,1667394000,STORY
00e462d0-413d-342a-b3a0-d32e0cc331a1,AJG,2022-11-15,"Arthur J. Gallagher & Co. Completes Acquisition of M&T Insurance Agency, Inc.",PR Newswire,https://finance.yahoo.com/news/arthur-j-gallagher-co-completes-130000845.html,1667307600,STORY
0d5cbfeb-e032-3544-8c43-5732a32de1a3,AJG,2022-11-15,Arthur J. Gallagher & Co. Acquires f3 Companies,PR Newswire,https://finance.yahoo.com/news/arthur-j-gallagher-co-acquires-130000586.html,1667221200,STORY
496028ad-1e9c-3f9d-8294-2481c2ece583,AJG,2022-11-16,Arthur J. Gallagher & Co. Renews Equity Program for Acquisitions,PR Newswire,https://finance.yahoo.com/news/arthur-j-gallagher-co-renews-130000766.html,1668603600,STORY
fed63b6c-f0ff-3c32-8773-9bbda7c3dfb0,AJG,2022-11-16,Insurance Giant Flashes Powerful 'Buy' Signal,Zacks,https://finance.yahoo.com/news/insurance-giant-flashes-powerful-buy-183406905.html,1668537246,STORY
c604b312-086d-383c-9aeb-4b5266c3391a,AJG,2022-11-16,"Brown & Brown (BRO) Acquires Finance Builders, Boosts Portfolio",Zacks,https://finance.yahoo.com/news/brown-brown-bro-acquires-finance-153903542.html,1668008343,STORY
82904461-db9a-30f6-9f09-8b8997c29bce,AJG,2022-11-16,"Arthur J. Gallagher & Co. Acquires PIUS Limited, LLC",PR Newswire,https://finance.yahoo.com/news/arthur-j-gallagher-co-acquires-140000457.html,1668002400,STORY
c7577fac-d9b1-3fc2-bc9f-4664b81dd696,AJG,2022-11-16,Arthur J. Gallagher (AJG) Expands in Ireland With Buyout,Zacks,https://finance.yahoo.com/news/arthur-j-gallagher-ajg-expands-152503548.html,1667834703,STORY
6bc161f9-3e2a-30c4-b571-4bed155c2d39,AJG,2022-11-16,Insurance Broker Arthur J. Gallagher Subpoenaed by Justice Department’s Foreign Bribery Unit,The Wall Street Journal,https://finance.yahoo.com/m/6bc161f9-3e2a-30c4-b571-4bed155c2d39/insurance-broker-arthur-j..html,1667585340,STORY
32c4431d-c843-3b91-b69f-df0b1059d217,AJG,2022-11-16,Arthur J. Gallagher & Co. Acquires Doyle Mahon Insurances,PR Newswire,https://finance.yahoo.com/news/arthur-j-gallagher-co-acquires-104500095.html,1667472300,STORY
fa00004a-e0ab-3295-8e16-61e25b2af455,AJG,2022-11-16,"Arthur J. Gallagher & Co. Acquires Tejas American General Agency, LLC",PR Newswire,https://finance.yahoo.com/news/arthur-j-gallagher-co-acquires-130000014.html,1667394000,STORY
3697ce2e-de9b-35dc-a77a-f9d13da7d65b,AJG,2022-11-17,Zacks Investment Ideas feature highlights: iShares U.S. Insurance ETF and Arthur J. Gallagher,Zacks,https://finance.yahoo.com/news/zacks-investment-ideas-feature-highlights-140902129.html,1668607742,STORY
496028ad-1e9c-3f9d-8294-2481c2ece583,AJG,2022-11-17,Arthur J. Gallagher & Co. Renews Equity Program for Acquisitions,PR Newswire,https://finance.yahoo.com/news/arthur-j-gallagher-co-renews-130000766.html,1668603600,STORY
fed63b6c-f0ff-3c32-8773-9bbda7c3dfb0,AJG,2022-11-17,Insurance Giant Flashes Powerful 'Buy' Signal,Zacks,https://finance.yahoo.com/news/insurance-giant-flashes-powerful-buy-183406905.html,1668537246,STORY
c604b312-086d-383c-9aeb-4b5266c3391a,AJG,2022-11-17,"Brown & Brown (BRO) Acquires Finance Builders, Boosts Portfolio",Zacks,https://finance.yahoo.com/news/brown-brown-bro-acquires-finance-153903542.html,1668008343,STORY
82904461-db9a-30f6-9f09-8b8997c29bce,AJG,2022-11-17,"Arthur J. Gallagher & Co. Acquires PIUS Limited, LLC",PR Newswire,https://finance.yahoo.com/news/arthur-j-gallagher-co-acquires-140000457.html,1668002400,STORY
c7577fac-d9b1-3fc2-bc9f-4664b81dd696,AJG,2022-11-17,Arthur J. Gallagher (AJG) Expands in Ireland With Buyout,Zacks,https://finance.yahoo.com/news/arthur-j-gallagher-ajg-expands-152503548.html,1667834703,STORY
6bc161f9-3e2a-30c4-b571-4bed155c2d39,AJG,2022-11-17,Insurance Broker Arthur J. Gallagher Subpoenaed by Justice Department’s Foreign Bribery Unit,The Wall Street Journal,https://finance.yahoo.com/m/6bc161f9-3e2a-30c4-b571-4bed155c2d39/insurance-broker-arthur-j..html,1667585340,STORY
32c4431d-c843-3b91-b69f-df0b1059d217,AJG,2022-11-17,Arthur J. Gallagher & Co. Acquires Doyle Mahon Insurances,PR Newswire,https://finance.yahoo.com/news/arthur-j-gallagher-co-acquires-104500095.html,1667472300,STORY
3697ce2e-de9b-35dc-a77a-f9d13da7d65b,AJG,2022-11-18,Zacks Investment Ideas feature highlights: iShares U.S. Insurance ETF and Arthur J. Gallagher,Zacks,https://finance.yahoo.com/news/zacks-investment-ideas-feature-highlights-140902129.html,1668607742,STORY
496028ad-1e9c-3f9d-8294-2481c2ece583,AJG,2022-11-18,Arthur J. Gallagher & Co. Renews Equity Program for Acquisitions,PR Newswire,https://finance.yahoo.com/news/arthur-j-gallagher-co-renews-130000766.html,1668603600,STORY
fed63b6c-f0ff-3c32-8773-9bbda7c3dfb0,AJG,2022-11-18,Insurance Giant Flashes Powerful 'Buy' Signal,Zacks,https://finance.yahoo.com/news/insurance-giant-flashes-powerful-buy-183406905.html,1668537246,STORY
c604b312-086d-383c-9aeb-4b5266c3391a,AJG,2022-11-18,"Brown & Brown (BRO) Acquires Finance Builders, Boosts Portfolio",Zacks,https://finance.yahoo.com/news/brown-brown-bro-acquires-finance-153903542.html,1668008343,STORY
82904461-db9a-30f6-9f09-8b8997c29bce,AJG,2022-11-18,"Arthur J. Gallagher & Co. Acquires PIUS Limited, LLC",PR Newswire,https://finance.yahoo.com/news/arthur-j-gallagher-co-acquires-140000457.html,1668002400,STORY
c7577fac-d9b1-3fc2-bc9f-4664b81dd696,AJG,2022-11-18,Arthur J. Gallagher (AJG) Expands in Ireland With Buyout,Zacks,https://finance.yahoo.com/news/arthur-j-gallagher-ajg-expands-152503548.html,1667834703,STORY
6bc161f9-3e2a-30c4-b571-4bed155c2d39,AJG,2022-11-18,Insurance Broker Arthur J. Gallagher Subpoenaed by Justice Department’s Foreign Bribery Unit,The Wall Street Journal,https://finance.yahoo.com/m/6bc161f9-3e2a-30c4-b571-4bed155c2d39/insurance-broker-arthur-j..html,1667585340,STORY
32c4431d-c843-3b91-b69f-df0b1059d217,AJG,2022-11-18,Arthur J. Gallagher & Co. Acquires Doyle Mahon Insurances,PR Newswire,https://finance.yahoo.com/news/arthur-j-gallagher-co-acquires-104500095.html,1667472300,STORY
1b300681-7ad5-36b1-86e2-c6820f33fef1,AJG,2022-11-19,Is Arthur J. Gallagher & Co.'s (NYSE:AJG) Recent Stock Performance Tethered To Its Strong Fundamentals?,Simply Wall St.,https://finance.yahoo.com/news/arthur-j-gallagher-co-nyse-142931281.html,1668781771,STORY
3697ce2e-de9b-35dc-a77a-f9d13da7d65b,AJG,2022-11-19,Zacks Investment Ideas feature highlights: iShares U.S. Insurance ETF and Arthur J. Gallagher,Zacks,https://finance.yahoo.com/news/zacks-investment-ideas-feature-highlights-140902129.html,1668607742,STORY
496028ad-1e9c-3f9d-8294-2481c2ece583,AJG,2022-11-19,Arthur J. Gallagher & Co. Renews Equity Program for Acquisitions,PR Newswire,https://finance.yahoo.com/news/arthur-j-gallagher-co-renews-130000766.html,1668603600,STORY
fed63b6c-f0ff-3c32-8773-9bbda7c3dfb0,AJG,2022-11-19,Insurance Giant Flashes Powerful 'Buy' Signal,Zacks,https://finance.yahoo.com/news/insurance-giant-flashes-powerful-buy-183406905.html,1668537246,STORY
c604b312-086d-383c-9aeb-4b5266c3391a,AJG,2022-11-19,"Brown & Brown (BRO) Acquires Finance Builders, Boosts Portfolio",Zacks,https://finance.yahoo.com/news/brown-brown-bro-acquires-finance-153903542.html,1668008343,STORY
82904461-db9a-30f6-9f09-8b8997c29bce,AJG,2022-11-19,"Arthur J. Gallagher & Co. Acquires PIUS Limited, LLC",PR Newswire,https://finance.yahoo.com/news/arthur-j-gallagher-co-acquires-140000457.html,1668002400,STORY
c7577fac-d9b1-3fc2-bc9f-4664b81dd696,AJG,2022-11-19,Arthur J. Gallagher (AJG) Expands in Ireland With Buyout,Zacks,https://finance.yahoo.com/news/arthur-j-gallagher-ajg-expands-152503548.html,1667834703,STORY
6bc161f9-3e2a-30c4-b571-4bed155c2d39,AJG,2022-11-19,Insurance Broker Arthur J. Gallagher Subpoenaed by Justice Department’s Foreign Bribery Unit,The Wall Street Journal,https://finance.yahoo.com/m/6bc161f9-3e2a-30c4-b571-4bed155c2d39/insurance-broker-arthur-j..html,1667585340,STORY
1b300681-7ad5-36b1-86e2-c6820f33fef1,AJG,2022-11-20,Is Arthur J. Gallagher & Co.'s (NYSE:AJG) Recent Stock Performance Tethered To Its Strong Fundamentals?,Simply Wall St.,https://finance.yahoo.com/news/arthur-j-gallagher-co-nyse-142931281.html,1668781771,STORY
3697ce2e-de9b-35dc-a77a-f9d13da7d65b,AJG,2022-11-20,Zacks Investment Ideas feature highlights: iShares U.S. Insurance ETF and Arthur J. Gallagher,Zacks,https://finance.yahoo.com/news/zacks-investment-ideas-feature-highlights-140902129.html,1668607742,STORY
496028ad-1e9c-3f9d-8294-2481c2ece583,AJG,2022-11-20,Arthur J. Gallagher & Co. Renews Equity Program for Acquisitions,PR Newswire,https://finance.yahoo.com/news/arthur-j-gallagher-co-renews-130000766.html,1668603600,STORY
fed63b6c-f0ff-3c32-8773-9bbda7c3dfb0,AJG,2022-11-20,Insurance Giant Flashes Powerful 'Buy' Signal,Zacks,https://finance.yahoo.com/news/insurance-giant-flashes-powerful-buy-183406905.html,1668537246,STORY
c604b312-086d-383c-9aeb-4b5266c3391a,AJG,2022-11-20,"Brown & Brown (BRO) Acquires Finance Builders, Boosts Portfolio",Zacks,https://finance.yahoo.com/news/brown-brown-bro-acquires-finance-153903542.html,1668008343,STORY
82904461-db9a-30f6-9f09-8b8997c29bce,AJG,2022-11-20,"Arthur J. Gallagher & Co. Acquires PIUS Limited, LLC",PR Newswire,https://finance.yahoo.com/news/arthur-j-gallagher-co-acquires-140000457.html,1668002400,STORY
c7577fac-d9b1-3fc2-bc9f-4664b81dd696,AJG,2022-11-20,Arthur J. Gallagher (AJG) Expands in Ireland With Buyout,Zacks,https://finance.yahoo.com/news/arthur-j-gallagher-ajg-expands-152503548.html,1667834703,STORY
6bc161f9-3e2a-30c4-b571-4bed155c2d39,AJG,2022-11-20,Insurance Broker Arthur J. Gallagher Subpoenaed by Justice Department’s Foreign Bribery Unit,The Wall Street Journal,https://finance.yahoo.com/m/6bc161f9-3e2a-30c4-b571-4bed155c2d39/insurance-broker-arthur-j..html,1667585340,STORY
1b300681-7ad5-36b1-86e2-c6820f33fef1,AJG,2022-11-21,Is Arthur J. Gallagher & Co.'s (NYSE:AJG) Recent Stock Performance Tethered To Its Strong Fundamentals?,Simply Wall St.,https://finance.yahoo.com/news/arthur-j-gallagher-co-nyse-142931281.html,1668781771,STORY
3697ce2e-de9b-35dc-a77a-f9d13da7d65b,AJG,2022-11-21,Zacks Investment Ideas feature highlights: iShares U.S. Insurance ETF and Arthur J. Gallagher,Zacks,https://finance.yahoo.com/news/zacks-investment-ideas-feature-highlights-140902129.html,1668607742,STORY
496028ad-1e9c-3f9d-8294-2481c2ece583,AJG,2022-11-21,Arthur J. Gallagher & Co. Renews Equity Program for Acquisitions,PR Newswire,https://finance.yahoo.com/news/arthur-j-gallagher-co-renews-130000766.html,1668603600,STORY
fed63b6c-f0ff-3c32-8773-9bbda7c3dfb0,AJG,2022-11-21,Insurance Giant Flashes Powerful 'Buy' Signal,Zacks,https://finance.yahoo.com/news/insurance-giant-flashes-powerful-buy-183406905.html,1668537246,STORY
c604b312-086d-383c-9aeb-4b5266c3391a,AJG,2022-11-21,"Brown & Brown (BRO) Acquires Finance Builders, Boosts Portfolio",Zacks,https://finance.yahoo.com/news/brown-brown-bro-acquires-finance-153903542.html,1668008343,STORY
82904461-db9a-30f6-9f09-8b8997c29bce,AJG,2022-11-21,"Arthur J. Gallagher & Co. Acquires PIUS Limited, LLC",PR Newswire,https://finance.yahoo.com/news/arthur-j-gallagher-co-acquires-140000457.html,1668002400,STORY
c7577fac-d9b1-3fc2-bc9f-4664b81dd696,AJG,2022-11-21,Arthur J. Gallagher (AJG) Expands in Ireland With Buyout,Zacks,https://finance.yahoo.com/news/arthur-j-gallagher-ajg-expands-152503548.html,1667834703,STORY
6bc161f9-3e2a-30c4-b571-4bed155c2d39,AJG,2022-11-21,Insurance Broker Arthur J. Gallagher Subpoenaed by Justice Department’s Foreign Bribery Unit,The Wall Street Journal,https://finance.yahoo.com/m/6bc161f9-3e2a-30c4-b571-4bed155c2d39/insurance-broker-arthur-j..html,1667585340,STORY
1b300681-7ad5-36b1-86e2-c6820f33fef1,AJG,2022-11-22,Is Arthur J. Gallagher & Co.'s (NYSE:AJG) Recent Stock Performance Tethered To Its Strong Fundamentals?,Simply Wall St.,https://finance.yahoo.com/news/arthur-j-gallagher-co-nyse-142931281.html,1668781771,STORY
3697ce2e-de9b-35dc-a77a-f9d13da7d65b,AJG,2022-11-22,Zacks Investment Ideas feature highlights: iShares U.S. Insurance ETF and Arthur J. Gallagher,Zacks,https://finance.yahoo.com/news/zacks-investment-ideas-feature-highlights-140902129.html,1668607742,STORY
496028ad-1e9c-3f9d-8294-2481c2ece583,AJG,2022-11-22,Arthur J. Gallagher & Co. Renews Equity Program for Acquisitions,PR Newswire,https://finance.yahoo.com/news/arthur-j-gallagher-co-renews-130000766.html,1668603600,STORY
fed63b6c-f0ff-3c32-8773-9bbda7c3dfb0,AJG,2022-11-22,Insurance Giant Flashes Powerful 'Buy' Signal,Zacks,https://finance.yahoo.com/news/insurance-giant-flashes-powerful-buy-183406905.html,1668537246,STORY
c604b312-086d-383c-9aeb-4b5266c3391a,AJG,2022-11-22,"Brown & Brown (BRO) Acquires Finance Builders, Boosts Portfolio",Zacks,https://finance.yahoo.com/news/brown-brown-bro-acquires-finance-153903542.html,1668008343,STORY
82904461-db9a-30f6-9f09-8b8997c29bce,AJG,2022-11-22,"Arthur J. Gallagher & Co. Acquires PIUS Limited, LLC",PR Newswire,https://finance.yahoo.com/news/arthur-j-gallagher-co-acquires-140000457.html,1668002400,STORY
c7577fac-d9b1-3fc2-bc9f-4664b81dd696,AJG,2022-11-22,Arthur J. Gallagher (AJG) Expands in Ireland With Buyout,Zacks,https://finance.yahoo.com/news/arthur-j-gallagher-ajg-expands-152503548.html,1667834703,STORY
6bc161f9-3e2a-30c4-b571-4bed155c2d39,AJG,2022-11-22,Insurance Broker Arthur J. Gallagher Subpoenaed by Justice Department’s Foreign Bribery Unit,The Wall Street Journal,https://finance.yahoo.com/m/6bc161f9-3e2a-30c4-b571-4bed155c2d39/insurance-broker-arthur-j..html,1667585340,STORY
50900bef-1682-36c1-bcef-e4eaf45615a0,AJG,2022-11-23,Fidelity National (FNF) Adds TitlePoint to Insurance Portfolio,Zacks,https://finance.yahoo.com/news/fidelity-national-fnf-adds-titlepoint-154403712.html,1669131843,STORY
1b300681-7ad5-36b1-86e2-c6820f33fef1,AJG,2022-11-23,Is Arthur J. Gallagher & Co.'s (NYSE:AJG) Recent Stock Performance Tethered To Its Strong Fundamentals?,Simply Wall St.,https://finance.yahoo.com/news/arthur-j-gallagher-co-nyse-142931281.html,1668781771,STORY
3697ce2e-de9b-35dc-a77a-f9d13da7d65b,AJG,2022-11-23,Zacks Investment Ideas feature highlights: iShares U.S. Insurance ETF and Arthur J. Gallagher,Zacks,https://finance.yahoo.com/news/zacks-investment-ideas-feature-highlights-140902129.html,1668607742,STORY
496028ad-1e9c-3f9d-8294-2481c2ece583,AJG,2022-11-23,Arthur J. Gallagher & Co. Renews Equity Program for Acquisitions,PR Newswire,https://finance.yahoo.com/news/arthur-j-gallagher-co-renews-130000766.html,1668603600,STORY
fed63b6c-f0ff-3c32-8773-9bbda7c3dfb0,AJG,2022-11-23,Insurance Giant Flashes Powerful 'Buy' Signal,Zacks,https://finance.yahoo.com/news/insurance-giant-flashes-powerful-buy-183406905.html,1668537246,STORY
c604b312-086d-383c-9aeb-4b5266c3391a,AJG,2022-11-23,"Brown & Brown (BRO) Acquires Finance Builders, Boosts Portfolio",Zacks,https://finance.yahoo.com/news/brown-brown-bro-acquires-finance-153903542.html,1668008343,STORY
82904461-db9a-30f6-9f09-8b8997c29bce,AJG,2022-11-23,"Arthur J. Gallagher & Co. Acquires PIUS Limited, LLC",PR Newswire,https://finance.yahoo.com/news/arthur-j-gallagher-co-acquires-140000457.html,1668002400,STORY
c7577fac-d9b1-3fc2-bc9f-4664b81dd696,AJG,2022-11-23,Arthur J. Gallagher (AJG) Expands in Ireland With Buyout,Zacks,https://finance.yahoo.com/news/arthur-j-gallagher-ajg-expands-152503548.html,1667834703,STORY
50900bef-1682-36c1-bcef-e4eaf45615a0,AJG,2022-11-24,Fidelity National (FNF) Adds TitlePoint to Insurance Portfolio,Zacks,https://finance.yahoo.com/news/fidelity-national-fnf-adds-titlepoint-154403712.html,1669131843,STORY
1b300681-7ad5-36b1-86e2-c6820f33fef1,AJG,2022-11-24,Is Arthur J. Gallagher & Co.'s (NYSE:AJG) Recent Stock Performance Tethered To Its Strong Fundamentals?,Simply Wall St.,https://finance.yahoo.com/news/arthur-j-gallagher-co-nyse-142931281.html,1668781771,STORY
3697ce2e-de9b-35dc-a77a-f9d13da7d65b,AJG,2022-11-24,Zacks Investment Ideas feature highlights: iShares U.S. Insurance ETF and Arthur J. Gallagher,Zacks,https://finance.yahoo.com/news/zacks-investment-ideas-feature-highlights-140902129.html,1668607742,STORY
496028ad-1e9c-3f9d-8294-2481c2ece583,AJG,2022-11-24,Arthur J. Gallagher & Co. Renews Equity Program for Acquisitions,PR Newswire,https://finance.yahoo.com/news/arthur-j-gallagher-co-renews-130000766.html,1668603600,STORY
fed63b6c-f0ff-3c32-8773-9bbda7c3dfb0,AJG,2022-11-24,Insurance Giant Flashes Powerful 'Buy' Signal,Zacks,https://finance.yahoo.com/news/insurance-giant-flashes-powerful-buy-183406905.html,1668537246,STORY
c604b312-086d-383c-9aeb-4b5266c3391a,AJG,2022-11-24,"Brown & Brown (BRO) Acquires Finance Builders, Boosts Portfolio",Zacks,https://finance.yahoo.com/news/brown-brown-bro-acquires-finance-153903542.html,1668008343,STORY
82904461-db9a-30f6-9f09-8b8997c29bce,AJG,2022-11-24,"Arthur J. Gallagher & Co. Acquires PIUS Limited, LLC",PR Newswire,https://finance.yahoo.com/news/arthur-j-gallagher-co-acquires-140000457.html,1668002400,STORY
c7577fac-d9b1-3fc2-bc9f-4664b81dd696,AJG,2022-11-24,Arthur J. Gallagher (AJG) Expands in Ireland With Buyout,Zacks,https://finance.yahoo.com/news/arthur-j-gallagher-ajg-expands-152503548.html,1667834703,STORY
50900bef-1682-36c1-bcef-e4eaf45615a0,AJG,2022-11-25,Fidelity National (FNF) Adds TitlePoint to Insurance Portfolio,Zacks,https://finance.yahoo.com/news/fidelity-national-fnf-adds-titlepoint-154403712.html,1669131843,STORY
1b300681-7ad5-36b1-86e2-c6820f33fef1,AJG,2022-11-25,Is Arthur J. Gallagher & Co.'s (NYSE:AJG) Recent Stock Performance Tethered To Its Strong Fundamentals?,Simply Wall St.,https://finance.yahoo.com/news/arthur-j-gallagher-co-nyse-142931281.html,1668781771,STORY
3697ce2e-de9b-35dc-a77a-f9d13da7d65b,AJG,2022-11-25,Zacks Investment Ideas feature highlights: iShares U.S. Insurance ETF and Arthur J. Gallagher,Zacks,https://finance.yahoo.com/news/zacks-investment-ideas-feature-highlights-140902129.html,1668607742,STORY
496028ad-1e9c-3f9d-8294-2481c2ece583,AJG,2022-11-25,Arthur J. Gallagher & Co. Renews Equity Program for Acquisitions,PR Newswire,https://finance.yahoo.com/news/arthur-j-gallagher-co-renews-130000766.html,1668603600,STORY
fed63b6c-f0ff-3c32-8773-9bbda7c3dfb0,AJG,2022-11-25,Insurance Giant Flashes Powerful 'Buy' Signal,Zacks,https://finance.yahoo.com/news/insurance-giant-flashes-powerful-buy-183406905.html,1668537246,STORY
c604b312-086d-383c-9aeb-4b5266c3391a,AJG,2022-11-25,"Brown & Brown (BRO) Acquires Finance Builders, Boosts Portfolio",Zacks,https://finance.yahoo.com/news/brown-brown-bro-acquires-finance-153903542.html,1668008343,STORY
82904461-db9a-30f6-9f09-8b8997c29bce,AJG,2022-11-25,"Arthur J. Gallagher & Co. Acquires PIUS Limited, LLC",PR Newswire,https://finance.yahoo.com/news/arthur-j-gallagher-co-acquires-140000457.html,1668002400,STORY
c7577fac-d9b1-3fc2-bc9f-4664b81dd696,AJG,2022-11-25,Arthur J. Gallagher (AJG) Expands in Ireland With Buyout,Zacks,https://finance.yahoo.com/news/arthur-j-gallagher-ajg-expands-152503548.html,1667834703,STORY
50900bef-1682-36c1-bcef-e4eaf45615a0,AJG,2022-11-26,Fidelity National (FNF) Adds TitlePoint to Insurance Portfolio,Zacks,https://finance.yahoo.com/news/fidelity-national-fnf-adds-titlepoint-154403712.html,1669131843,STORY
1b300681-7ad5-36b1-86e2-c6820f33fef1,AJG,2022-11-26,Is Arthur J. Gallagher & Co.'s (NYSE:AJG) Recent Stock Performance Tethered To Its Strong Fundamentals?,Simply Wall St.,https://finance.yahoo.com/news/arthur-j-gallagher-co-nyse-142931281.html,1668781771,STORY
3697ce2e-de9b-35dc-a77a-f9d13da7d65b,AJG,2022-11-26,Zacks Investment Ideas feature highlights: iShares U.S. Insurance ETF and Arthur J. Gallagher,Zacks,https://finance.yahoo.com/news/zacks-investment-ideas-feature-highlights-140902129.html,1668607742,STORY
496028ad-1e9c-3f9d-8294-2481c2ece583,AJG,2022-11-26,Arthur J. Gallagher & Co. Renews Equity Program for Acquisitions,PR Newswire,https://finance.yahoo.com/news/arthur-j-gallagher-co-renews-130000766.html,1668603600,STORY
fed63b6c-f0ff-3c32-8773-9bbda7c3dfb0,AJG,2022-11-26,Insurance Giant Flashes Powerful 'Buy' Signal,Zacks,https://finance.yahoo.com/news/insurance-giant-flashes-powerful-buy-183406905.html,1668537246,STORY
c604b312-086d-383c-9aeb-4b5266c3391a,AJG,2022-11-26,"Brown & Brown (BRO) Acquires Finance Builders, Boosts Portfolio",Zacks,https://finance.yahoo.com/news/brown-brown-bro-acquires-finance-153903542.html,1668008343,STORY
82904461-db9a-30f6-9f09-8b8997c29bce,AJG,2022-11-26,"Arthur J. Gallagher & Co. Acquires PIUS Limited, LLC",PR Newswire,https://finance.yahoo.com/news/arthur-j-gallagher-co-acquires-140000457.html,1668002400,STORY
c7577fac-d9b1-3fc2-bc9f-4664b81dd696,AJG,2022-11-26,Arthur J. Gallagher (AJG) Expands in Ireland With Buyout,Zacks,https://finance.yahoo.com/news/arthur-j-gallagher-ajg-expands-152503548.html,1667834703,STORY
762f87a4-f8c8-3865-ac6c-e8e5be2a3740,AJG,2022-11-27,Is It Smart To Buy Arthur J. Gallagher & Co. (NYSE:AJG) Before It Goes Ex-Dividend?,Simply Wall St.,https://finance.yahoo.com/news/smart-buy-arthur-j-gallagher-124010800.html,1669552810,STORY
50900bef-1682-36c1-bcef-e4eaf45615a0,AJG,2022-11-27,Fidelity National (FNF) Adds TitlePoint to Insurance Portfolio,Zacks,https://finance.yahoo.com/news/fidelity-national-fnf-adds-titlepoint-154403712.html,1669131843,STORY
1b300681-7ad5-36b1-86e2-c6820f33fef1,AJG,2022-11-27,Is Arthur J. Gallagher & Co.'s (NYSE:AJG) Recent Stock Performance Tethered To Its Strong Fundamentals?,Simply Wall St.,https://finance.yahoo.com/news/arthur-j-gallagher-co-nyse-142931281.html,1668781771,STORY
3697ce2e-de9b-35dc-a77a-f9d13da7d65b,AJG,2022-11-27,Zacks Investment Ideas feature highlights: iShares U.S. Insurance ETF and Arthur J. Gallagher,Zacks,https://finance.yahoo.com/news/zacks-investment-ideas-feature-highlights-140902129.html,1668607742,STORY
496028ad-1e9c-3f9d-8294-2481c2ece583,AJG,2022-11-27,Arthur J. Gallagher & Co. Renews Equity Program for Acquisitions,PR Newswire,https://finance.yahoo.com/news/arthur-j-gallagher-co-renews-130000766.html,1668603600,STORY
fed63b6c-f0ff-3c32-8773-9bbda7c3dfb0,AJG,2022-11-27,Insurance Giant Flashes Powerful 'Buy' Signal,Zacks,https://finance.yahoo.com/news/insurance-giant-flashes-powerful-buy-183406905.html,1668537246,STORY
c604b312-086d-383c-9aeb-4b5266c3391a,AJG,2022-11-27,"Brown & Brown (BRO) Acquires Finance Builders, Boosts Portfolio",Zacks,https://finance.yahoo.com/news/brown-brown-bro-acquires-finance-153903542.html,1668008343,STORY
82904461-db9a-30f6-9f09-8b8997c29bce,AJG,2022-11-27,"Arthur J. Gallagher & Co. Acquires PIUS Limited, LLC",PR Newswire,https://finance.yahoo.com/news/arthur-j-gallagher-co-acquires-140000457.html,1668002400,STORY
762f87a4-f8c8-3865-ac6c-e8e5be2a3740,AJG,2022-11-28,Is It Smart To Buy Arthur J. Gallagher & Co. (NYSE:AJG) Before It Goes Ex-Dividend?,Simply Wall St.,https://finance.yahoo.com/news/smart-buy-arthur-j-gallagher-124010800.html,1669552810,STORY
50900bef-1682-36c1-bcef-e4eaf45615a0,AJG,2022-11-28,Fidelity National (FNF) Adds TitlePoint to Insurance Portfolio,Zacks,https://finance.yahoo.com/news/fidelity-national-fnf-adds-titlepoint-154403712.html,1669131843,STORY
1b300681-7ad5-36b1-86e2-c6820f33fef1,AJG,2022-11-28,Is Arthur J. Gallagher & Co.'s (NYSE:AJG) Recent Stock Performance Tethered To Its Strong Fundamentals?,Simply Wall St.,https://finance.yahoo.com/news/arthur-j-gallagher-co-nyse-142931281.html,1668781771,STORY
3697ce2e-de9b-35dc-a77a-f9d13da7d65b,AJG,2022-11-28,Zacks Investment Ideas feature highlights: iShares U.S. Insurance ETF and Arthur J. Gallagher,Zacks,https://finance.yahoo.com/news/zacks-investment-ideas-feature-highlights-140902129.html,1668607742,STORY
496028ad-1e9c-3f9d-8294-2481c2ece583,AJG,2022-11-28,Arthur J. Gallagher & Co. Renews Equity Program for Acquisitions,PR Newswire,https://finance.yahoo.com/news/arthur-j-gallagher-co-renews-130000766.html,1668603600,STORY
fed63b6c-f0ff-3c32-8773-9bbda7c3dfb0,AJG,2022-11-28,Insurance Giant Flashes Powerful 'Buy' Signal,Zacks,https://finance.yahoo.com/news/insurance-giant-flashes-powerful-buy-183406905.html,1668537246,STORY
c604b312-086d-383c-9aeb-4b5266c3391a,AJG,2022-11-28,"Brown & Brown (BRO) Acquires Finance Builders, Boosts Portfolio",Zacks,https://finance.yahoo.com/news/brown-brown-bro-acquires-finance-153903542.html,1668008343,STORY
82904461-db9a-30f6-9f09-8b8997c29bce,AJG,2022-11-28,"Arthur J. Gallagher & Co. Acquires PIUS Limited, LLC",PR Newswire,https://finance.yahoo.com/news/arthur-j-gallagher-co-acquires-140000457.html,1668002400,STORY
107b6757-0844-3a3d-bc8e-f3628ebd752d,AJG,2022-11-29,Arthur J. Gallagher (AJG) Up 18% YTD: More Upside Left?,Zacks,https://finance.yahoo.com/news/arthur-j-gallagher-ajg-18-141202232.html,1669644722,STORY
1a9b9392-7555-3b36-9c31-1d429ec685b0,AJG,2022-11-29,"Arthur J. Gallagher & Co. Acquires Bulen & Associates Insurance Services, Inc.",PR Newswire,https://finance.yahoo.com/news/arthur-j-gallagher-co-acquires-140000015.html,1669644000,STORY
762f87a4-f8c8-3865-ac6c-e8e5be2a3740,AJG,2022-11-29,Is It Smart To Buy Arthur J. Gallagher & Co. (NYSE:AJG) Before It Goes Ex-Dividend?,Simply Wall St.,https://finance.yahoo.com/news/smart-buy-arthur-j-gallagher-124010800.html,1669552810,STORY
50900bef-1682-36c1-bcef-e4eaf45615a0,AJG,2022-11-29,Fidelity National (FNF) Adds TitlePoint to Insurance Portfolio,Zacks,https://finance.yahoo.com/news/fidelity-national-fnf-adds-titlepoint-154403712.html,1669131843,STORY
1b300681-7ad5-36b1-86e2-c6820f33fef1,AJG,2022-11-29,Is Arthur J. Gallagher & Co.'s (NYSE:AJG) Recent Stock Performance Tethered To Its Strong Fundamentals?,Simply Wall St.,https://finance.yahoo.com/news/arthur-j-gallagher-co-nyse-142931281.html,1668781771,STORY
3697ce2e-de9b-35dc-a77a-f9d13da7d65b,AJG,2022-11-29,Zacks Investment Ideas feature highlights: iShares U.S. Insurance ETF and Arthur J. Gallagher,Zacks,https://finance.yahoo.com/news/zacks-investment-ideas-feature-highlights-140902129.html,1668607742,STORY
496028ad-1e9c-3f9d-8294-2481c2ece583,AJG,2022-11-29,Arthur J. Gallagher & Co. Renews Equity Program for Acquisitions,PR Newswire,https://finance.yahoo.com/news/arthur-j-gallagher-co-renews-130000766.html,1668603600,STORY
fed63b6c-f0ff-3c32-8773-9bbda7c3dfb0,AJG,2022-11-29,Insurance Giant Flashes Powerful 'Buy' Signal,Zacks,https://finance.yahoo.com/news/insurance-giant-flashes-powerful-buy-183406905.html,1668537246,STORY
8753019a-3a40-376f-9d98-2b8534ca31ba,AJG,2022-11-30,Arthur J. Gallagher (AJG) Expands in California With Buyout,Zacks,https://finance.yahoo.com/news/arthur-j-gallagher-ajg-expands-132901677.html,1669728541,STORY
107b6757-0844-3a3d-bc8e-f3628ebd752d,AJG,2022-11-30,Arthur J. Gallagher (AJG) Up 18% YTD: More Upside Left?,Zacks,https://finance.yahoo.com/news/arthur-j-gallagher-ajg-18-141202232.html,1669644722,STORY
1a9b9392-7555-3b36-9c31-1d429ec685b0,AJG,2022-11-30,"Arthur J. Gallagher & Co. Acquires Bulen & Associates Insurance Services, Inc.",PR Newswire,https://finance.yahoo.com/news/arthur-j-gallagher-co-acquires-140000015.html,1669644000,STORY
762f87a4-f8c8-3865-ac6c-e8e5be2a3740,AJG,2022-11-30,Is It Smart To Buy Arthur J. Gallagher & Co. (NYSE:AJG) Before It Goes Ex-Dividend?,Simply Wall St.,https://finance.yahoo.com/news/smart-buy-arthur-j-gallagher-124010800.html,1669552810,STORY
50900bef-1682-36c1-bcef-e4eaf45615a0,AJG,2022-11-30,Fidelity National (FNF) Adds TitlePoint to Insurance Portfolio,Zacks,https://finance.yahoo.com/news/fidelity-national-fnf-adds-titlepoint-154403712.html,1669131843,STORY
1b300681-7ad5-36b1-86e2-c6820f33fef1,AJG,2022-11-30,Is Arthur J. Gallagher & Co.'s (NYSE:AJG) Recent Stock Performance Tethered To Its Strong Fundamentals?,Simply Wall St.,https://finance.yahoo.com/news/arthur-j-gallagher-co-nyse-142931281.html,1668781771,STORY
3697ce2e-de9b-35dc-a77a-f9d13da7d65b,AJG,2022-11-30,Zacks Investment Ideas feature highlights: iShares U.S. Insurance ETF and Arthur J. Gallagher,Zacks,https://finance.yahoo.com/news/zacks-investment-ideas-feature-highlights-140902129.html,1668607742,STORY
496028ad-1e9c-3f9d-8294-2481c2ece583,AJG,2022-11-30,Arthur J. Gallagher & Co. Renews Equity Program for Acquisitions,PR Newswire,https://finance.yahoo.com/news/arthur-j-gallagher-co-renews-130000766.html,1668603600,STORY
70aca498-607b-37be-94d3-4dc7c9ced30a,AJG,2022-12-1,Arthur J. Gallagher & Co. To Webcast Investor Meeting With Management,PR Newswire,https://finance.yahoo.com/news/arthur-j-gallagher-co-webcast-140000411.html,1669816800,STORY
d6885ab6-f58c-3a55-9c63-9f5f183a699c,AJG,2022-12-1,"De-SPACtivism and the 2023 Maturity Cliff – Join Virtual Panel with Jefferies, V&E, Morrow and ICR Dec. 6 at 10am ET",IPO-Edge.com,https://finance.yahoo.com/news/spactivism-2023-maturity-cliff-join-134310416.html,1669815790,STORY
8753019a-3a40-376f-9d98-2b8534ca31ba,AJG,2022-12-1,Arthur J. Gallagher (AJG) Expands in California With Buyout,Zacks,https://finance.yahoo.com/news/arthur-j-gallagher-ajg-expands-132901677.html,1669728541,STORY
107b6757-0844-3a3d-bc8e-f3628ebd752d,AJG,2022-12-1,Arthur J. Gallagher (AJG) Up 18% YTD: More Upside Left?,Zacks,https://finance.yahoo.com/news/arthur-j-gallagher-ajg-18-141202232.html,1669644722,STORY
1a9b9392-7555-3b36-9c31-1d429ec685b0,AJG,2022-12-1,"Arthur J. Gallagher & Co. Acquires Bulen & Associates Insurance Services, Inc.",PR Newswire,https://finance.yahoo.com/news/arthur-j-gallagher-co-acquires-140000015.html,1669644000,STORY
762f87a4-f8c8-3865-ac6c-e8e5be2a3740,AJG,2022-12-1,Is It Smart To Buy Arthur J. Gallagher & Co. (NYSE:AJG) Before It Goes Ex-Dividend?,Simply Wall St.,https://finance.yahoo.com/news/smart-buy-arthur-j-gallagher-124010800.html,1669552810,STORY
50900bef-1682-36c1-bcef-e4eaf45615a0,AJG,2022-12-1,Fidelity National (FNF) Adds TitlePoint to Insurance Portfolio,Zacks,https://finance.yahoo.com/news/fidelity-national-fnf-adds-titlepoint-154403712.html,1669131843,STORY
1b300681-7ad5-36b1-86e2-c6820f33fef1,AJG,2022-12-1,Is Arthur J. Gallagher & Co.'s (NYSE:AJG) Recent Stock Performance Tethered To Its Strong Fundamentals?,Simply Wall St.,https://finance.yahoo.com/news/arthur-j-gallagher-co-nyse-142931281.html,1668781771,STORY
70aca498-607b-37be-94d3-4dc7c9ced30a,AJG,2022-12-2,Arthur J. Gallagher & Co. To Webcast Investor Meeting With Management,PR Newswire,https://finance.yahoo.com/news/arthur-j-gallagher-co-webcast-140000411.html,1669816800,STORY
d6885ab6-f58c-3a55-9c63-9f5f183a699c,AJG,2022-12-2,"De-SPACtivism and the 2023 Maturity Cliff – Join Virtual Panel with Jefferies, V&E, Morrow and ICR Dec. 6 at 10am ET",IPO-Edge.com,https://finance.yahoo.com/news/spactivism-2023-maturity-cliff-join-134310416.html,1669815790,STORY
8753019a-3a40-376f-9d98-2b8534ca31ba,AJG,2022-12-2,Arthur J. Gallagher (AJG) Expands in California With Buyout,Zacks,https://finance.yahoo.com/news/arthur-j-gallagher-ajg-expands-132901677.html,1669728541,STORY
107b6757-0844-3a3d-bc8e-f3628ebd752d,AJG,2022-12-2,Arthur J. Gallagher (AJG) Up 18% YTD: More Upside Left?,Zacks,https://finance.yahoo.com/news/arthur-j-gallagher-ajg-18-141202232.html,1669644722,STORY
1a9b9392-7555-3b36-9c31-1d429ec685b0,AJG,2022-12-2,"Arthur J. Gallagher & Co. Acquires Bulen & Associates Insurance Services, Inc.",PR Newswire,https://finance.yahoo.com/news/arthur-j-gallagher-co-acquires-140000015.html,1669644000,STORY
762f87a4-f8c8-3865-ac6c-e8e5be2a3740,AJG,2022-12-2,Is It Smart To Buy Arthur J. Gallagher & Co. (NYSE:AJG) Before It Goes Ex-Dividend?,Simply Wall St.,https://finance.yahoo.com/news/smart-buy-arthur-j-gallagher-124010800.html,1669552810,STORY
50900bef-1682-36c1-bcef-e4eaf45615a0,AJG,2022-12-2,Fidelity National (FNF) Adds TitlePoint to Insurance Portfolio,Zacks,https://finance.yahoo.com/news/fidelity-national-fnf-adds-titlepoint-154403712.html,1669131843,STORY
1b300681-7ad5-36b1-86e2-c6820f33fef1,AJG,2022-12-2,Is Arthur J. Gallagher & Co.'s (NYSE:AJG) Recent Stock Performance Tethered To Its Strong Fundamentals?,Simply Wall St.,https://finance.yahoo.com/news/arthur-j-gallagher-co-nyse-142931281.html,1668781771,STORY
346171d1-d2de-3d55-b97d-85aef9d822cb,AJG,2022-12-3,Analyst Report: Arthur J. Gallagher & Co.,Argus Research,https://finance.yahoo.com/m/346171d1-d2de-3d55-b97d-85aef9d822cb/analyst-report%3A-arthur-j..html,1669983467,STORY
2e7c8efe-90dd-3543-8924-64320c288af8,AJG,2022-12-3,Technical Assessment: Bullish in the Intermediate-Term,Argus Research,https://finance.yahoo.com/m/2e7c8efe-90dd-3543-8924-64320c288af8/technical-assessment%3A-bullish.html,1669982591,STORY
7dcd215e-926f-34c8-9110-10d642692617,AJG,2022-12-3,"Market Digest: CRM, AJG, KSS, LNT",Argus Research,https://finance.yahoo.com/m/7dcd215e-926f-34c8-9110-10d642692617/market-digest%3A-crm%2C-ajg%2C-kss%2C.html,1669982567,STORY
70aca498-607b-37be-94d3-4dc7c9ced30a,AJG,2022-12-3,Arthur J. Gallagher & Co. To Webcast Investor Meeting With Management,PR Newswire,https://finance.yahoo.com/news/arthur-j-gallagher-co-webcast-140000411.html,1669816800,STORY
d6885ab6-f58c-3a55-9c63-9f5f183a699c,AJG,2022-12-3,"De-SPACtivism and the 2023 Maturity Cliff – Join Virtual Panel with Jefferies, V&E, Morrow and ICR Dec. 6 at 10am ET",IPO-Edge.com,https://finance.yahoo.com/news/spactivism-2023-maturity-cliff-join-134310416.html,1669815790,STORY
8753019a-3a40-376f-9d98-2b8534ca31ba,AJG,2022-12-3,Arthur J. Gallagher (AJG) Expands in California With Buyout,Zacks,https://finance.yahoo.com/news/arthur-j-gallagher-ajg-expands-132901677.html,1669728541,STORY
107b6757-0844-3a3d-bc8e-f3628ebd752d,AJG,2022-12-3,Arthur J. Gallagher (AJG) Up 18% YTD: More Upside Left?,Zacks,https://finance.yahoo.com/news/arthur-j-gallagher-ajg-18-141202232.html,1669644722,STORY
1a9b9392-7555-3b36-9c31-1d429ec685b0,AJG,2022-12-3,"Arthur J. Gallagher & Co. Acquires Bulen & Associates Insurance Services, Inc.",PR Newswire,https://finance.yahoo.com/news/arthur-j-gallagher-co-acquires-140000015.html,1669644000,STORY
70aca498-607b-37be-94d3-4dc7c9ced30a,AJG,2022-12-4,Arthur J. Gallagher & Co. To Webcast Investor Meeting With Management,PR Newswire,https://finance.yahoo.com/news/arthur-j-gallagher-co-webcast-140000411.html,1669816800,STORY
d6885ab6-f58c-3a55-9c63-9f5f183a699c,AJG,2022-12-4,"De-SPACtivism and the 2023 Maturity Cliff – Join Virtual Panel with Jefferies, V&E, Morrow and ICR Dec. 6 at 10am ET",IPO-Edge.com,https://finance.yahoo.com/news/spactivism-2023-maturity-cliff-join-134310416.html,1669815790,STORY
8753019a-3a40-376f-9d98-2b8534ca31ba,AJG,2022-12-4,Arthur J. Gallagher (AJG) Expands in California With Buyout,Zacks,https://finance.yahoo.com/news/arthur-j-gallagher-ajg-expands-132901677.html,1669728541,STORY
107b6757-0844-3a3d-bc8e-f3628ebd752d,AJG,2022-12-4,Arthur J. Gallagher (AJG) Up 18% YTD: More Upside Left?,Zacks,https://finance.yahoo.com/news/arthur-j-gallagher-ajg-18-141202232.html,1669644722,STORY
1a9b9392-7555-3b36-9c31-1d429ec685b0,AJG,2022-12-4,"Arthur J. Gallagher & Co. Acquires Bulen & Associates Insurance Services, Inc.",PR Newswire,https://finance.yahoo.com/news/arthur-j-gallagher-co-acquires-140000015.html,1669644000,STORY
762f87a4-f8c8-3865-ac6c-e8e5be2a3740,AJG,2022-12-4,Is It Smart To Buy Arthur J. Gallagher & Co. (NYSE:AJG) Before It Goes Ex-Dividend?,Simply Wall St.,https://finance.yahoo.com/news/smart-buy-arthur-j-gallagher-124010800.html,1669552810,STORY
50900bef-1682-36c1-bcef-e4eaf45615a0,AJG,2022-12-4,Fidelity National (FNF) Adds TitlePoint to Insurance Portfolio,Zacks,https://finance.yahoo.com/news/fidelity-national-fnf-adds-titlepoint-154403712.html,1669131843,STORY
1b300681-7ad5-36b1-86e2-c6820f33fef1,AJG,2022-12-4,Is Arthur J. Gallagher & Co.'s (NYSE:AJG) Recent Stock Performance Tethered To Its Strong Fundamentals?,Simply Wall St.,https://finance.yahoo.com/news/arthur-j-gallagher-co-nyse-142931281.html,1668781771,STORY
70aca498-607b-37be-94d3-4dc7c9ced30a,AJG,2022-12-5,Arthur J. Gallagher & Co. To Webcast Investor Meeting With Management,PR Newswire,https://finance.yahoo.com/news/arthur-j-gallagher-co-webcast-140000411.html,1669816800,STORY
d6885ab6-f58c-3a55-9c63-9f5f183a699c,AJG,2022-12-5,"De-SPACtivism and the 2023 Maturity Cliff – Join Virtual Panel with Jefferies, V&E, Morrow and ICR Dec. 6 at 10am ET",IPO-Edge.com,https://finance.yahoo.com/news/spactivism-2023-maturity-cliff-join-134310416.html,1669815790,STORY
8753019a-3a40-376f-9d98-2b8534ca31ba,AJG,2022-12-5,Arthur J. Gallagher (AJG) Expands in California With Buyout,Zacks,https://finance.yahoo.com/news/arthur-j-gallagher-ajg-expands-132901677.html,1669728541,STORY
107b6757-0844-3a3d-bc8e-f3628ebd752d,AJG,2022-12-5,Arthur J. Gallagher (AJG) Up 18% YTD: More Upside Left?,Zacks,https://finance.yahoo.com/news/arthur-j-gallagher-ajg-18-141202232.html,1669644722,STORY
1a9b9392-7555-3b36-9c31-1d429ec685b0,AJG,2022-12-5,"Arthur J. Gallagher & Co. Acquires Bulen & Associates Insurance Services, Inc.",PR Newswire,https://finance.yahoo.com/news/arthur-j-gallagher-co-acquires-140000015.html,1669644000,STORY
762f87a4-f8c8-3865-ac6c-e8e5be2a3740,AJG,2022-12-5,Is It Smart To Buy Arthur J. Gallagher & Co. (NYSE:AJG) Before It Goes Ex-Dividend?,Simply Wall St.,https://finance.yahoo.com/news/smart-buy-arthur-j-gallagher-124010800.html,1669552810,STORY
50900bef-1682-36c1-bcef-e4eaf45615a0,AJG,2022-12-5,Fidelity National (FNF) Adds TitlePoint to Insurance Portfolio,Zacks,https://finance.yahoo.com/news/fidelity-national-fnf-adds-titlepoint-154403712.html,1669131843,STORY
1b300681-7ad5-36b1-86e2-c6820f33fef1,AJG,2022-12-5,Is Arthur J. Gallagher & Co.'s (NYSE:AJG) Recent Stock Performance Tethered To Its Strong Fundamentals?,Simply Wall St.,https://finance.yahoo.com/news/arthur-j-gallagher-co-nyse-142931281.html,1668781771,STORY
70aca498-607b-37be-94d3-4dc7c9ced30a,AJG,2022-12-6,Arthur J. Gallagher & Co. To Webcast Investor Meeting With Management,PR Newswire,https://finance.yahoo.com/news/arthur-j-gallagher-co-webcast-140000411.html,1669816800,STORY
d6885ab6-f58c-3a55-9c63-9f5f183a699c,AJG,2022-12-6,"De-SPACtivism and the 2023 Maturity Cliff – Join Virtual Panel with Jefferies, V&E, Morrow and ICR Dec. 6 at 10am ET",IPO-Edge.com,https://finance.yahoo.com/news/spactivism-2023-maturity-cliff-join-134310416.html,1669815790,STORY
8753019a-3a40-376f-9d98-2b8534ca31ba,AJG,2022-12-6,Arthur J. Gallagher (AJG) Expands in California With Buyout,Zacks,https://finance.yahoo.com/news/arthur-j-gallagher-ajg-expands-132901677.html,1669728541,STORY
107b6757-0844-3a3d-bc8e-f3628ebd752d,AJG,2022-12-6,Arthur J. Gallagher (AJG) Up 18% YTD: More Upside Left?,Zacks,https://finance.yahoo.com/news/arthur-j-gallagher-ajg-18-141202232.html,1669644722,STORY
1a9b9392-7555-3b36-9c31-1d429ec685b0,AJG,2022-12-6,"Arthur J. Gallagher & Co. Acquires Bulen & Associates Insurance Services, Inc.",PR Newswire,https://finance.yahoo.com/news/arthur-j-gallagher-co-acquires-140000015.html,1669644000,STORY
762f87a4-f8c8-3865-ac6c-e8e5be2a3740,AJG,2022-12-6,Is It Smart To Buy Arthur J. Gallagher & Co. (NYSE:AJG) Before It Goes Ex-Dividend?,Simply Wall St.,https://finance.yahoo.com/news/smart-buy-arthur-j-gallagher-124010800.html,1669552810,STORY
50900bef-1682-36c1-bcef-e4eaf45615a0,AJG,2022-12-6,Fidelity National (FNF) Adds TitlePoint to Insurance Portfolio,Zacks,https://finance.yahoo.com/news/fidelity-national-fnf-adds-titlepoint-154403712.html,1669131843,STORY
1b300681-7ad5-36b1-86e2-c6820f33fef1,AJG,2022-12-6,Is Arthur J. Gallagher & Co.'s (NYSE:AJG) Recent Stock Performance Tethered To Its Strong Fundamentals?,Simply Wall St.,https://finance.yahoo.com/news/arthur-j-gallagher-co-nyse-142931281.html,1668781771,STORY
7052cabf-823b-34e7-866c-b0073e01e660,AJG,2022-12-7,"REPLAY: De-SPACtivism and the 2023 Maturity Cliff – Join Panel with Jefferies, Vinson & Elkins, Morrow, ICR",IPO-Edge.com,https://finance.yahoo.com/news/replay-spactivism-2023-maturity-cliff-162318115.html,1670343798,STORY
70aca498-607b-37be-94d3-4dc7c9ced30a,AJG,2022-12-7,Arthur J. Gallagher & Co. To Webcast Investor Meeting With Management,PR Newswire,https://finance.yahoo.com/news/arthur-j-gallagher-co-webcast-140000411.html,1669816800,STORY
d6885ab6-f58c-3a55-9c63-9f5f183a699c,AJG,2022-12-7,"De-SPACtivism and the 2023 Maturity Cliff – Join Virtual Panel with Jefferies, V&E, Morrow and ICR Dec. 6 at 10am ET",IPO-Edge.com,https://finance.yahoo.com/news/spactivism-2023-maturity-cliff-join-134310416.html,1669815790,STORY
8753019a-3a40-376f-9d98-2b8534ca31ba,AJG,2022-12-7,Arthur J. Gallagher (AJG) Expands in California With Buyout,Zacks,https://finance.yahoo.com/news/arthur-j-gallagher-ajg-expands-132901677.html,1669728541,STORY
107b6757-0844-3a3d-bc8e-f3628ebd752d,AJG,2022-12-7,Arthur J. Gallagher (AJG) Up 18% YTD: More Upside Left?,Zacks,https://finance.yahoo.com/news/arthur-j-gallagher-ajg-18-141202232.html,1669644722,STORY
1a9b9392-7555-3b36-9c31-1d429ec685b0,AJG,2022-12-7,"Arthur J. Gallagher & Co. Acquires Bulen & Associates Insurance Services, Inc.",PR Newswire,https://finance.yahoo.com/news/arthur-j-gallagher-co-acquires-140000015.html,1669644000,STORY
762f87a4-f8c8-3865-ac6c-e8e5be2a3740,AJG,2022-12-7,Is It Smart To Buy Arthur J. Gallagher & Co. (NYSE:AJG) Before It Goes Ex-Dividend?,Simply Wall St.,https://finance.yahoo.com/news/smart-buy-arthur-j-gallagher-124010800.html,1669552810,STORY
50900bef-1682-36c1-bcef-e4eaf45615a0,AJG,2022-12-7,Fidelity National (FNF) Adds TitlePoint to Insurance Portfolio,Zacks,https://finance.yahoo.com/news/fidelity-national-fnf-adds-titlepoint-154403712.html,1669131843,STORY
38b9fb4f-b8e9-37a2-a442-c261b1e926f0,AJG,2022-12-8,Arthur J. Gallagher & Co. Acquires Global Financial Brokers Limited and Total Benefits Specialists Limited,PR Newswire,https://finance.yahoo.com/news/arthur-j-gallagher-co-acquires-150000007.html,1670425200,STORY
7052cabf-823b-34e7-866c-b0073e01e660,AJG,2022-12-8,"REPLAY: De-SPACtivism and the 2023 Maturity Cliff – Join Panel with Jefferies, Vinson & Elkins, Morrow, ICR",IPO-Edge.com,https://finance.yahoo.com/news/replay-spactivism-2023-maturity-cliff-162318115.html,1670343798,STORY
70aca498-607b-37be-94d3-4dc7c9ced30a,AJG,2022-12-8,Arthur J. Gallagher & Co. To Webcast Investor Meeting With Management,PR Newswire,https://finance.yahoo.com/news/arthur-j-gallagher-co-webcast-140000411.html,1669816800,STORY
d6885ab6-f58c-3a55-9c63-9f5f183a699c,AJG,2022-12-8,"De-SPACtivism and the 2023 Maturity Cliff – Join Virtual Panel with Jefferies, V&E, Morrow and ICR Dec. 6 at 10am ET",IPO-Edge.com,https://finance.yahoo.com/news/spactivism-2023-maturity-cliff-join-134310416.html,1669815790,STORY
8753019a-3a40-376f-9d98-2b8534ca31ba,AJG,2022-12-8,Arthur J. Gallagher (AJG) Expands in California With Buyout,Zacks,https://finance.yahoo.com/news/arthur-j-gallagher-ajg-expands-132901677.html,1669728541,STORY
107b6757-0844-3a3d-bc8e-f3628ebd752d,AJG,2022-12-8,Arthur J. Gallagher (AJG) Up 18% YTD: More Upside Left?,Zacks,https://finance.yahoo.com/news/arthur-j-gallagher-ajg-18-141202232.html,1669644722,STORY
1a9b9392-7555-3b36-9c31-1d429ec685b0,AJG,2022-12-8,"Arthur J. Gallagher & Co. Acquires Bulen & Associates Insurance Services, Inc.",PR Newswire,https://finance.yahoo.com/news/arthur-j-gallagher-co-acquires-140000015.html,1669644000,STORY
762f87a4-f8c8-3865-ac6c-e8e5be2a3740,AJG,2022-12-8,Is It Smart To Buy Arthur J. Gallagher & Co. (NYSE:AJG) Before It Goes Ex-Dividend?,Simply Wall St.,https://finance.yahoo.com/news/smart-buy-arthur-j-gallagher-124010800.html,1669552810,STORY
6901a22a-04c7-30da-90b1-3961583cb45c,AJG,2022-12-9,Arthur J. Gallagher (AJG) Expands in the Caribbean With Buyout,Zacks,https://finance.yahoo.com/news/arthur-j-gallagher-ajg-expands-160904743.html,1670515744,STORY
38b9fb4f-b8e9-37a2-a442-c261b1e926f0,AJG,2022-12-9,Arthur J. Gallagher & Co. Acquires Global Financial Brokers Limited and Total Benefits Specialists Limited,PR Newswire,https://finance.yahoo.com/news/arthur-j-gallagher-co-acquires-150000007.html,1670425200,STORY
7052cabf-823b-34e7-866c-b0073e01e660,AJG,2022-12-9,"REPLAY: De-SPACtivism and the 2023 Maturity Cliff – Join Panel with Jefferies, Vinson & Elkins, Morrow, ICR",IPO-Edge.com,https://finance.yahoo.com/news/replay-spactivism-2023-maturity-cliff-162318115.html,1670343798,STORY
70aca498-607b-37be-94d3-4dc7c9ced30a,AJG,2022-12-9,Arthur J. Gallagher & Co. To Webcast Investor Meeting With Management,PR Newswire,https://finance.yahoo.com/news/arthur-j-gallagher-co-webcast-140000411.html,1669816800,STORY
d6885ab6-f58c-3a55-9c63-9f5f183a699c,AJG,2022-12-9,"De-SPACtivism and the 2023 Maturity Cliff – Join Virtual Panel with Jefferies, V&E, Morrow and ICR Dec. 6 at 10am ET",IPO-Edge.com,https://finance.yahoo.com/news/spactivism-2023-maturity-cliff-join-134310416.html,1669815790,STORY
8753019a-3a40-376f-9d98-2b8534ca31ba,AJG,2022-12-9,Arthur J. Gallagher (AJG) Expands in California With Buyout,Zacks,https://finance.yahoo.com/news/arthur-j-gallagher-ajg-expands-132901677.html,1669728541,STORY
107b6757-0844-3a3d-bc8e-f3628ebd752d,AJG,2022-12-9,Arthur J. Gallagher (AJG) Up 18% YTD: More Upside Left?,Zacks,https://finance.yahoo.com/news/arthur-j-gallagher-ajg-18-141202232.html,1669644722,STORY
1a9b9392-7555-3b36-9c31-1d429ec685b0,AJG,2022-12-9,"Arthur J. Gallagher & Co. Acquires Bulen & Associates Insurance Services, Inc.",PR Newswire,https://finance.yahoo.com/news/arthur-j-gallagher-co-acquires-140000015.html,1669644000,STORY
6901a22a-04c7-30da-90b1-3961583cb45c,AJG,2022-12-10,Arthur J. Gallagher (AJG) Expands in the Caribbean With Buyout,Zacks,https://finance.yahoo.com/news/arthur-j-gallagher-ajg-expands-160904743.html,1670515744,STORY
38b9fb4f-b8e9-37a2-a442-c261b1e926f0,AJG,2022-12-10,Arthur J. Gallagher & Co. Acquires Global Financial Brokers Limited and Total Benefits Specialists Limited,PR Newswire,https://finance.yahoo.com/news/arthur-j-gallagher-co-acquires-150000007.html,1670425200,STORY
7052cabf-823b-34e7-866c-b0073e01e660,AJG,2022-12-10,"REPLAY: De-SPACtivism and the 2023 Maturity Cliff – Join Panel with Jefferies, Vinson & Elkins, Morrow, ICR",IPO-Edge.com,https://finance.yahoo.com/news/replay-spactivism-2023-maturity-cliff-162318115.html,1670343798,STORY
70aca498-607b-37be-94d3-4dc7c9ced30a,AJG,2022-12-10,Arthur J. Gallagher & Co. To Webcast Investor Meeting With Management,PR Newswire,https://finance.yahoo.com/news/arthur-j-gallagher-co-webcast-140000411.html,1669816800,STORY
d6885ab6-f58c-3a55-9c63-9f5f183a699c,AJG,2022-12-10,"De-SPACtivism and the 2023 Maturity Cliff – Join Virtual Panel with Jefferies, V&E, Morrow and ICR Dec. 6 at 10am ET",IPO-Edge.com,https://finance.yahoo.com/news/spactivism-2023-maturity-cliff-join-134310416.html,1669815790,STORY
8753019a-3a40-376f-9d98-2b8534ca31ba,AJG,2022-12-10,Arthur J. Gallagher (AJG) Expands in California With Buyout,Zacks,https://finance.yahoo.com/news/arthur-j-gallagher-ajg-expands-132901677.html,1669728541,STORY
107b6757-0844-3a3d-bc8e-f3628ebd752d,AJG,2022-12-10,Arthur J. Gallagher (AJG) Up 18% YTD: More Upside Left?,Zacks,https://finance.yahoo.com/news/arthur-j-gallagher-ajg-18-141202232.html,1669644722,STORY
1a9b9392-7555-3b36-9c31-1d429ec685b0,AJG,2022-12-10,"Arthur J. Gallagher & Co. Acquires Bulen & Associates Insurance Services, Inc.",PR Newswire,https://finance.yahoo.com/news/arthur-j-gallagher-co-acquires-140000015.html,1669644000,STORY
6901a22a-04c7-30da-90b1-3961583cb45c,AJG,2022-12-11,Arthur J. Gallagher (AJG) Expands in the Caribbean With Buyout,Zacks,https://finance.yahoo.com/news/arthur-j-gallagher-ajg-expands-160904743.html,1670515744,STORY
38b9fb4f-b8e9-37a2-a442-c261b1e926f0,AJG,2022-12-11,Arthur J. Gallagher & Co. Acquires Global Financial Brokers Limited and Total Benefits Specialists Limited,PR Newswire,https://finance.yahoo.com/news/arthur-j-gallagher-co-acquires-150000007.html,1670425200,STORY
7052cabf-823b-34e7-866c-b0073e01e660,AJG,2022-12-11,"REPLAY: De-SPACtivism and the 2023 Maturity Cliff – Join Panel with Jefferies, Vinson & Elkins, Morrow, ICR",IPO-Edge.com,https://finance.yahoo.com/news/replay-spactivism-2023-maturity-cliff-162318115.html,1670343798,STORY
70aca498-607b-37be-94d3-4dc7c9ced30a,AJG,2022-12-11,Arthur J. Gallagher & Co. To Webcast Investor Meeting With Management,PR Newswire,https://finance.yahoo.com/news/arthur-j-gallagher-co-webcast-140000411.html,1669816800,STORY
d6885ab6-f58c-3a55-9c63-9f5f183a699c,AJG,2022-12-11,"De-SPACtivism and the 2023 Maturity Cliff – Join Virtual Panel with Jefferies, V&E, Morrow and ICR Dec. 6 at 10am ET",IPO-Edge.com,https://finance.yahoo.com/news/spactivism-2023-maturity-cliff-join-134310416.html,1669815790,STORY
8753019a-3a40-376f-9d98-2b8534ca31ba,AJG,2022-12-11,Arthur J. Gallagher (AJG) Expands in California With Buyout,Zacks,https://finance.yahoo.com/news/arthur-j-gallagher-ajg-expands-132901677.html,1669728541,STORY
107b6757-0844-3a3d-bc8e-f3628ebd752d,AJG,2022-12-11,Arthur J. Gallagher (AJG) Up 18% YTD: More Upside Left?,Zacks,https://finance.yahoo.com/news/arthur-j-gallagher-ajg-18-141202232.html,1669644722,STORY
1a9b9392-7555-3b36-9c31-1d429ec685b0,AJG,2022-12-11,"Arthur J. Gallagher & Co. Acquires Bulen & Associates Insurance Services, Inc.",PR Newswire,https://finance.yahoo.com/news/arthur-j-gallagher-co-acquires-140000015.html,1669644000,STORY
6901a22a-04c7-30da-90b1-3961583cb45c,AJG,2022-12-12,Arthur J. Gallagher (AJG) Expands in the Caribbean With Buyout,Zacks,https://finance.yahoo.com/news/arthur-j-gallagher-ajg-expands-160904743.html,1670515744,STORY
38b9fb4f-b8e9-37a2-a442-c261b1e926f0,AJG,2022-12-12,Arthur J. Gallagher & Co. Acquires Global Financial Brokers Limited and Total Benefits Specialists Limited,PR Newswire,https://finance.yahoo.com/news/arthur-j-gallagher-co-acquires-150000007.html,1670425200,STORY
7052cabf-823b-34e7-866c-b0073e01e660,AJG,2022-12-12,"REPLAY: De-SPACtivism and the 2023 Maturity Cliff – Join Panel with Jefferies, Vinson & Elkins, Morrow, ICR",IPO-Edge.com,https://finance.yahoo.com/news/replay-spactivism-2023-maturity-cliff-162318115.html,1670343798,STORY
70aca498-607b-37be-94d3-4dc7c9ced30a,AJG,2022-12-12,Arthur J. Gallagher & Co. To Webcast Investor Meeting With Management,PR Newswire,https://finance.yahoo.com/news/arthur-j-gallagher-co-webcast-140000411.html,1669816800,STORY
d6885ab6-f58c-3a55-9c63-9f5f183a699c,AJG,2022-12-12,"De-SPACtivism and the 2023 Maturity Cliff – Join Virtual Panel with Jefferies, V&E, Morrow and ICR Dec. 6 at 10am ET",IPO-Edge.com,https://finance.yahoo.com/news/spactivism-2023-maturity-cliff-join-134310416.html,1669815790,STORY
8753019a-3a40-376f-9d98-2b8534ca31ba,AJG,2022-12-12,Arthur J. Gallagher (AJG) Expands in California With Buyout,Zacks,https://finance.yahoo.com/news/arthur-j-gallagher-ajg-expands-132901677.html,1669728541,STORY
107b6757-0844-3a3d-bc8e-f3628ebd752d,AJG,2022-12-12,Arthur J. Gallagher (AJG) Up 18% YTD: More Upside Left?,Zacks,https://finance.yahoo.com/news/arthur-j-gallagher-ajg-18-141202232.html,1669644722,STORY
1a9b9392-7555-3b36-9c31-1d429ec685b0,AJG,2022-12-12,"Arthur J. Gallagher & Co. Acquires Bulen & Associates Insurance Services, Inc.",PR Newswire,https://finance.yahoo.com/news/arthur-j-gallagher-co-acquires-140000015.html,1669644000,STORY
6090f580-753f-3e8e-abac-9de198b0bbbe,AJG,2022-12-13,"Arthur J. Gallagher & Co. Acquires Mahowald Insurance, LLC",PR Newswire,https://finance.yahoo.com/news/arthur-j-gallagher-co-acquires-140000919.html,1670853600,STORY
6901a22a-04c7-30da-90b1-3961583cb45c,AJG,2022-12-13,Arthur J. Gallagher (AJG) Expands in the Caribbean With Buyout,Zacks,https://finance.yahoo.com/news/arthur-j-gallagher-ajg-expands-160904743.html,1670515744,STORY
38b9fb4f-b8e9-37a2-a442-c261b1e926f0,AJG,2022-12-13,Arthur J. Gallagher & Co. Acquires Global Financial Brokers Limited and Total Benefits Specialists Limited,PR Newswire,https://finance.yahoo.com/news/arthur-j-gallagher-co-acquires-150000007.html,1670425200,STORY
7052cabf-823b-34e7-866c-b0073e01e660,AJG,2022-12-13,"REPLAY: De-SPACtivism and the 2023 Maturity Cliff – Join Panel with Jefferies, Vinson & Elkins, Morrow, ICR",IPO-Edge.com,https://finance.yahoo.com/news/replay-spactivism-2023-maturity-cliff-162318115.html,1670343798,STORY
70aca498-607b-37be-94d3-4dc7c9ced30a,AJG,2022-12-13,Arthur J. Gallagher & Co. To Webcast Investor Meeting With Management,PR Newswire,https://finance.yahoo.com/news/arthur-j-gallagher-co-webcast-140000411.html,1669816800,STORY
d6885ab6-f58c-3a55-9c63-9f5f183a699c,AJG,2022-12-13,"De-SPACtivism and the 2023 Maturity Cliff – Join Virtual Panel with Jefferies, V&E, Morrow and ICR Dec. 6 at 10am ET",IPO-Edge.com,https://finance.yahoo.com/news/spactivism-2023-maturity-cliff-join-134310416.html,1669815790,STORY
8753019a-3a40-376f-9d98-2b8534ca31ba,AJG,2022-12-13,Arthur J. Gallagher (AJG) Expands in California With Buyout,Zacks,https://finance.yahoo.com/news/arthur-j-gallagher-ajg-expands-132901677.html,1669728541,STORY
107b6757-0844-3a3d-bc8e-f3628ebd752d,AJG,2022-12-13,Arthur J. Gallagher (AJG) Up 18% YTD: More Upside Left?,Zacks,https://finance.yahoo.com/news/arthur-j-gallagher-ajg-18-141202232.html,1669644722,STORY
e5752eff-c501-39dd-bc1b-7ddb8509c89d,AJG,2022-12-14,"Zacks Industry Outlook Highlights Marsh & McLennan, Aon, Arthur J. Gallagher, Willis Tower Watson and Brown & Brown",Zacks,https://finance.yahoo.com/news/zacks-industry-outlook-highlights-marsh-100010830.html,1671012010,STORY
a94eb64b-f394-3d29-a298-b60e56c2a244,AJG,2022-12-14,Arthur J. Gallagher & Co. Acquires Aviation Insurance Australia,PR Newswire,https://finance.yahoo.com/news/arthur-j-gallagher-co-acquires-230000052.html,1670972400,STORY
63186326-0760-3d58-80e7-6ec44252a2c5,AJG,2022-12-14,5 Insurance Brokers to Watch Amid Industry Headwinds,Zacks,https://finance.yahoo.com/news/5-insurance-brokers-watch-amid-165004717.html,1670950204,STORY
07c2a2ae-6870-34f1-afcc-ca5c7e206bbc,AJG,2022-12-14,Arthur J. Gallagher (AJG) Expands in Midwest With Mahowald,Zacks,https://finance.yahoo.com/news/arthur-j-gallagher-ajg-expands-140802996.html,1670940482,STORY
6090f580-753f-3e8e-abac-9de198b0bbbe,AJG,2022-12-14,"Arthur J. Gallagher & Co. Acquires Mahowald Insurance, LLC",PR Newswire,https://finance.yahoo.com/news/arthur-j-gallagher-co-acquires-140000919.html,1670853600,STORY
6901a22a-04c7-30da-90b1-3961583cb45c,AJG,2022-12-14,Arthur J. Gallagher (AJG) Expands in the Caribbean With Buyout,Zacks,https://finance.yahoo.com/news/arthur-j-gallagher-ajg-expands-160904743.html,1670515744,STORY
38b9fb4f-b8e9-37a2-a442-c261b1e926f0,AJG,2022-12-14,Arthur J. Gallagher & Co. Acquires Global Financial Brokers Limited and Total Benefits Specialists Limited,PR Newswire,https://finance.yahoo.com/news/arthur-j-gallagher-co-acquires-150000007.html,1670425200,STORY
7052cabf-823b-34e7-866c-b0073e01e660,AJG,2022-12-14,"REPLAY: De-SPACtivism and the 2023 Maturity Cliff – Join Panel with Jefferies, Vinson & Elkins, Morrow, ICR",IPO-Edge.com,https://finance.yahoo.com/news/replay-spactivism-2023-maturity-cliff-162318115.html,1670343798,STORY
a327f599-5d08-3d13-8626-73b275e71421,AJG,2022-12-15,Arthur J. Gallagher (AJG) Expands in Australia With Buyout,Zacks,https://finance.yahoo.com/news/arthur-j-gallagher-ajg-expands-151903058.html,1671031143,STORY
e5752eff-c501-39dd-bc1b-7ddb8509c89d,AJG,2022-12-15,"Zacks Industry Outlook Highlights Marsh & McLennan, Aon, Arthur J. Gallagher, Willis Tower Watson and Brown & Brown",Zacks,https://finance.yahoo.com/news/zacks-industry-outlook-highlights-marsh-100010830.html,1671012010,STORY
a94eb64b-f394-3d29-a298-b60e56c2a244,AJG,2022-12-15,Arthur J. Gallagher & Co. Acquires Aviation Insurance Australia,PR Newswire,https://finance.yahoo.com/news/arthur-j-gallagher-co-acquires-230000052.html,1670972400,STORY
63186326-0760-3d58-80e7-6ec44252a2c5,AJG,2022-12-15,5 Insurance Brokers to Watch Amid Industry Headwinds,Zacks,https://finance.yahoo.com/news/5-insurance-brokers-watch-amid-165004717.html,1670950204,STORY
07c2a2ae-6870-34f1-afcc-ca5c7e206bbc,AJG,2022-12-15,Arthur J. Gallagher (AJG) Expands in Midwest With Mahowald,Zacks,https://finance.yahoo.com/news/arthur-j-gallagher-ajg-expands-140802996.html,1670940482,STORY
6090f580-753f-3e8e-abac-9de198b0bbbe,AJG,2022-12-15,"Arthur J. Gallagher & Co. Acquires Mahowald Insurance, LLC",PR Newswire,https://finance.yahoo.com/news/arthur-j-gallagher-co-acquires-140000919.html,1670853600,STORY
6901a22a-04c7-30da-90b1-3961583cb45c,AJG,2022-12-15,Arthur J. Gallagher (AJG) Expands in the Caribbean With Buyout,Zacks,https://finance.yahoo.com/news/arthur-j-gallagher-ajg-expands-160904743.html,1670515744,STORY
38b9fb4f-b8e9-37a2-a442-c261b1e926f0,AJG,2022-12-15,Arthur J. Gallagher & Co. Acquires Global Financial Brokers Limited and Total Benefits Specialists Limited,PR Newswire,https://finance.yahoo.com/news/arthur-j-gallagher-co-acquires-150000007.html,1670425200,STORY
a327f599-5d08-3d13-8626-73b275e71421,AJG,2022-12-16,Arthur J. Gallagher (AJG) Expands in Australia With Buyout,Zacks,https://finance.yahoo.com/news/arthur-j-gallagher-ajg-expands-151903058.html,1671031143,STORY
e5752eff-c501-39dd-bc1b-7ddb8509c89d,AJG,2022-12-16,"Zacks Industry Outlook Highlights Marsh & McLennan, Aon, Arthur J. Gallagher, Willis Tower Watson and Brown & Brown",Zacks,https://finance.yahoo.com/news/zacks-industry-outlook-highlights-marsh-100010830.html,1671012010,STORY
a94eb64b-f394-3d29-a298-b60e56c2a244,AJG,2022-12-16,Arthur J. Gallagher & Co. Acquires Aviation Insurance Australia,PR Newswire,https://finance.yahoo.com/news/arthur-j-gallagher-co-acquires-230000052.html,1670972400,STORY
63186326-0760-3d58-80e7-6ec44252a2c5,AJG,2022-12-16,5 Insurance Brokers to Watch Amid Industry Headwinds,Zacks,https://finance.yahoo.com/news/5-insurance-brokers-watch-amid-165004717.html,1670950204,STORY
07c2a2ae-6870-34f1-afcc-ca5c7e206bbc,AJG,2022-12-16,Arthur J. Gallagher (AJG) Expands in Midwest With Mahowald,Zacks,https://finance.yahoo.com/news/arthur-j-gallagher-ajg-expands-140802996.html,1670940482,STORY
6090f580-753f-3e8e-abac-9de198b0bbbe,AJG,2022-12-16,"Arthur J. Gallagher & Co. Acquires Mahowald Insurance, LLC",PR Newswire,https://finance.yahoo.com/news/arthur-j-gallagher-co-acquires-140000919.html,1670853600,STORY
6901a22a-04c7-30da-90b1-3961583cb45c,AJG,2022-12-16,Arthur J. Gallagher (AJG) Expands in the Caribbean With Buyout,Zacks,https://finance.yahoo.com/news/arthur-j-gallagher-ajg-expands-160904743.html,1670515744,STORY
38b9fb4f-b8e9-37a2-a442-c261b1e926f0,AJG,2022-12-16,Arthur J. Gallagher & Co. Acquires Global Financial Brokers Limited and Total Benefits Specialists Limited,PR Newswire,https://finance.yahoo.com/news/arthur-j-gallagher-co-acquires-150000007.html,1670425200,STORY
a327f599-5d08-3d13-8626-73b275e71421,AJG,2022-12-17,Arthur J. Gallagher (AJG) Expands in Australia With Buyout,Zacks,https://finance.yahoo.com/news/arthur-j-gallagher-ajg-expands-151903058.html,1671031143,STORY
e5752eff-c501-39dd-bc1b-7ddb8509c89d,AJG,2022-12-17,"Zacks Industry Outlook Highlights Marsh & McLennan, Aon, Arthur J. Gallagher, Willis Tower Watson and Brown & Brown",Zacks,https://finance.yahoo.com/news/zacks-industry-outlook-highlights-marsh-100010830.html,1671012010,STORY
a94eb64b-f394-3d29-a298-b60e56c2a244,AJG,2022-12-17,Arthur J. Gallagher & Co. Acquires Aviation Insurance Australia,PR Newswire,https://finance.yahoo.com/news/arthur-j-gallagher-co-acquires-230000052.html,1670972400,STORY
63186326-0760-3d58-80e7-6ec44252a2c5,AJG,2022-12-17,5 Insurance Brokers to Watch Amid Industry Headwinds,Zacks,https://finance.yahoo.com/news/5-insurance-brokers-watch-amid-165004717.html,1670950204,STORY
07c2a2ae-6870-34f1-afcc-ca5c7e206bbc,AJG,2022-12-17,Arthur J. Gallagher (AJG) Expands in Midwest With Mahowald,Zacks,https://finance.yahoo.com/news/arthur-j-gallagher-ajg-expands-140802996.html,1670940482,STORY
6090f580-753f-3e8e-abac-9de198b0bbbe,AJG,2022-12-17,"Arthur J. Gallagher & Co. Acquires Mahowald Insurance, LLC",PR Newswire,https://finance.yahoo.com/news/arthur-j-gallagher-co-acquires-140000919.html,1670853600,STORY
6901a22a-04c7-30da-90b1-3961583cb45c,AJG,2022-12-17,Arthur J. Gallagher (AJG) Expands in the Caribbean With Buyout,Zacks,https://finance.yahoo.com/news/arthur-j-gallagher-ajg-expands-160904743.html,1670515744,STORY
38b9fb4f-b8e9-37a2-a442-c261b1e926f0,AJG,2022-12-17,Arthur J. Gallagher & Co. Acquires Global Financial Brokers Limited and Total Benefits Specialists Limited,PR Newswire,https://finance.yahoo.com/news/arthur-j-gallagher-co-acquires-150000007.html,1670425200,STORY
a327f599-5d08-3d13-8626-73b275e71421,AJG,2022-12-18,Arthur J. Gallagher (AJG) Expands in Australia With Buyout,Zacks,https://finance.yahoo.com/news/arthur-j-gallagher-ajg-expands-151903058.html,1671031143,STORY
e5752eff-c501-39dd-bc1b-7ddb8509c89d,AJG,2022-12-18,"Zacks Industry Outlook Highlights Marsh & McLennan, Aon, Arthur J. Gallagher, Willis Tower Watson and Brown & Brown",Zacks,https://finance.yahoo.com/news/zacks-industry-outlook-highlights-marsh-100010830.html,1671012010,STORY
a94eb64b-f394-3d29-a298-b60e56c2a244,AJG,2022-12-18,Arthur J. Gallagher & Co. Acquires Aviation Insurance Australia,PR Newswire,https://finance.yahoo.com/news/arthur-j-gallagher-co-acquires-230000052.html,1670972400,STORY
63186326-0760-3d58-80e7-6ec44252a2c5,AJG,2022-12-18,5 Insurance Brokers to Watch Amid Industry Headwinds,Zacks,https://finance.yahoo.com/news/5-insurance-brokers-watch-amid-165004717.html,1670950204,STORY
07c2a2ae-6870-34f1-afcc-ca5c7e206bbc,AJG,2022-12-18,Arthur J. Gallagher (AJG) Expands in Midwest With Mahowald,Zacks,https://finance.yahoo.com/news/arthur-j-gallagher-ajg-expands-140802996.html,1670940482,STORY
6090f580-753f-3e8e-abac-9de198b0bbbe,AJG,2022-12-18,"Arthur J. Gallagher & Co. Acquires Mahowald Insurance, LLC",PR Newswire,https://finance.yahoo.com/news/arthur-j-gallagher-co-acquires-140000919.html,1670853600,STORY
6901a22a-04c7-30da-90b1-3961583cb45c,AJG,2022-12-18,Arthur J. Gallagher (AJG) Expands in the Caribbean With Buyout,Zacks,https://finance.yahoo.com/news/arthur-j-gallagher-ajg-expands-160904743.html,1670515744,STORY
38b9fb4f-b8e9-37a2-a442-c261b1e926f0,AJG,2022-12-18,Arthur J. Gallagher & Co. Acquires Global Financial Brokers Limited and Total Benefits Specialists Limited,PR Newswire,https://finance.yahoo.com/news/arthur-j-gallagher-co-acquires-150000007.html,1670425200,STORY
a327f599-5d08-3d13-8626-73b275e71421,AJG,2022-12-19,Arthur J. Gallagher (AJG) Expands in Australia With Buyout,Zacks,https://finance.yahoo.com/news/arthur-j-gallagher-ajg-expands-151903058.html,1671031143,STORY
e5752eff-c501-39dd-bc1b-7ddb8509c89d,AJG,2022-12-19,"Zacks Industry Outlook Highlights Marsh & McLennan, Aon, Arthur J. Gallagher, Willis Tower Watson and Brown & Brown",Zacks,https://finance.yahoo.com/news/zacks-industry-outlook-highlights-marsh-100010830.html,1671012010,STORY
a94eb64b-f394-3d29-a298-b60e56c2a244,AJG,2022-12-19,Arthur J. Gallagher & Co. Acquires Aviation Insurance Australia,PR Newswire,https://finance.yahoo.com/news/arthur-j-gallagher-co-acquires-230000052.html,1670972400,STORY
63186326-0760-3d58-80e7-6ec44252a2c5,AJG,2022-12-19,5 Insurance Brokers to Watch Amid Industry Headwinds,Zacks,https://finance.yahoo.com/news/5-insurance-brokers-watch-amid-165004717.html,1670950204,STORY
07c2a2ae-6870-34f1-afcc-ca5c7e206bbc,AJG,2022-12-19,Arthur J. Gallagher (AJG) Expands in Midwest With Mahowald,Zacks,https://finance.yahoo.com/news/arthur-j-gallagher-ajg-expands-140802996.html,1670940482,STORY
6090f580-753f-3e8e-abac-9de198b0bbbe,AJG,2022-12-19,"Arthur J. Gallagher & Co. Acquires Mahowald Insurance, LLC",PR Newswire,https://finance.yahoo.com/news/arthur-j-gallagher-co-acquires-140000919.html,1670853600,STORY
6901a22a-04c7-30da-90b1-3961583cb45c,AJG,2022-12-19,Arthur J. Gallagher (AJG) Expands in the Caribbean With Buyout,Zacks,https://finance.yahoo.com/news/arthur-j-gallagher-ajg-expands-160904743.html,1670515744,STORY
38b9fb4f-b8e9-37a2-a442-c261b1e926f0,AJG,2022-12-19,Arthur J. Gallagher & Co. Acquires Global Financial Brokers Limited and Total Benefits Specialists Limited,PR Newswire,https://finance.yahoo.com/news/arthur-j-gallagher-co-acquires-150000007.html,1670425200,STORY
8101314d-97d1-3134-8a47-ad388dfe1b7e,AJG,2022-12-20,"Arthur J. Gallagher & Co. Acquires NEK Insurance, Inc.",PR Newswire,https://finance.yahoo.com/news/arthur-j-gallagher-co-acquires-140000010.html,1671458400,STORY
a327f599-5d08-3d13-8626-73b275e71421,AJG,2022-12-20,Arthur J. Gallagher (AJG) Expands in Australia With Buyout,Zacks,https://finance.yahoo.com/news/arthur-j-gallagher-ajg-expands-151903058.html,1671031143,STORY
e5752eff-c501-39dd-bc1b-7ddb8509c89d,AJG,2022-12-20,"Zacks Industry Outlook Highlights Marsh & McLennan, Aon, Arthur J. Gallagher, Willis Tower Watson and Brown & Brown",Zacks,https://finance.yahoo.com/news/zacks-industry-outlook-highlights-marsh-100010830.html,1671012010,STORY
a94eb64b-f394-3d29-a298-b60e56c2a244,AJG,2022-12-20,Arthur J. Gallagher & Co. Acquires Aviation Insurance Australia,PR Newswire,https://finance.yahoo.com/news/arthur-j-gallagher-co-acquires-230000052.html,1670972400,STORY
63186326-0760-3d58-80e7-6ec44252a2c5,AJG,2022-12-20,5 Insurance Brokers to Watch Amid Industry Headwinds,Zacks,https://finance.yahoo.com/news/5-insurance-brokers-watch-amid-165004717.html,1670950204,STORY
07c2a2ae-6870-34f1-afcc-ca5c7e206bbc,AJG,2022-12-20,Arthur J. Gallagher (AJG) Expands in Midwest With Mahowald,Zacks,https://finance.yahoo.com/news/arthur-j-gallagher-ajg-expands-140802996.html,1670940482,STORY
6090f580-753f-3e8e-abac-9de198b0bbbe,AJG,2022-12-20,"Arthur J. Gallagher & Co. Acquires Mahowald Insurance, LLC",PR Newswire,https://finance.yahoo.com/news/arthur-j-gallagher-co-acquires-140000919.html,1670853600,STORY
6901a22a-04c7-30da-90b1-3961583cb45c,AJG,2022-12-20,Arthur J. Gallagher (AJG) Expands in the Caribbean With Buyout,Zacks,https://finance.yahoo.com/news/arthur-j-gallagher-ajg-expands-160904743.html,1670515744,STORY
0f6972f7-f1df-3240-ae4f-3080ad2a533f,AJG,2022-12-21,Arthur J. Gallagher & Co. Acquires Interbrok Group,PR Newswire,https://finance.yahoo.com/news/arthur-j-gallagher-co-acquires-130000855.html,1671627600,STORY
58eb0e14-0410-3fc8-a3b7-930fee25cc27,AJG,2022-12-21,"Arthur J. Gallagher (AJG) Buys NEK Insurance, Boosts Portfolio",Zacks,https://finance.yahoo.com/news/arthur-j-gallagher-ajg-buys-141402526.html,1671545642,STORY
8e6b6735-38b0-3f48-9d14-af2137190072,AJG,2022-12-21,Arthur J. Gallagher & Co. Announces Agreement To Acquire Buck,CNW Group,https://finance.yahoo.com/news/arthur-j-gallagher-co-announces-140900964.html,1671545340,STORY
8101314d-97d1-3134-8a47-ad388dfe1b7e,AJG,2022-12-21,"Arthur J. Gallagher & Co. Acquires NEK Insurance, Inc.",PR Newswire,https://finance.yahoo.com/news/arthur-j-gallagher-co-acquires-140000010.html,1671458400,STORY
a327f599-5d08-3d13-8626-73b275e71421,AJG,2022-12-21,Arthur J. Gallagher (AJG) Expands in Australia With Buyout,Zacks,https://finance.yahoo.com/news/arthur-j-gallagher-ajg-expands-151903058.html,1671031143,STORY
e5752eff-c501-39dd-bc1b-7ddb8509c89d,AJG,2022-12-21,"Zacks Industry Outlook Highlights Marsh & McLennan, Aon, Arthur J. Gallagher, Willis Tower Watson and Brown & Brown",Zacks,https://finance.yahoo.com/news/zacks-industry-outlook-highlights-marsh-100010830.html,1671012010,STORY
a94eb64b-f394-3d29-a298-b60e56c2a244,AJG,2022-12-21,Arthur J. Gallagher & Co. Acquires Aviation Insurance Australia,PR Newswire,https://finance.yahoo.com/news/arthur-j-gallagher-co-acquires-230000052.html,1670972400,STORY
63186326-0760-3d58-80e7-6ec44252a2c5,AJG,2022-12-21,5 Insurance Brokers to Watch Amid Industry Headwinds,Zacks,https://finance.yahoo.com/news/5-insurance-brokers-watch-amid-165004717.html,1670950204,STORY
0f6972f7-f1df-3240-ae4f-3080ad2a533f,AJG,2022-12-22,Arthur J. Gallagher & Co. Acquires Interbrok Group,PR Newswire,https://finance.yahoo.com/news/arthur-j-gallagher-co-acquires-130000855.html,1671627600,STORY
58eb0e14-0410-3fc8-a3b7-930fee25cc27,AJG,2022-12-22,"Arthur J. Gallagher (AJG) Buys NEK Insurance, Boosts Portfolio",Zacks,https://finance.yahoo.com/news/arthur-j-gallagher-ajg-buys-141402526.html,1671545642,STORY
8e6b6735-38b0-3f48-9d14-af2137190072,AJG,2022-12-22,Arthur J. Gallagher & Co. Announces Agreement To Acquire Buck,CNW Group,https://finance.yahoo.com/news/arthur-j-gallagher-co-announces-140900964.html,1671545340,STORY
8101314d-97d1-3134-8a47-ad388dfe1b7e,AJG,2022-12-22,"Arthur J. Gallagher & Co. Acquires NEK Insurance, Inc.",PR Newswire,https://finance.yahoo.com/news/arthur-j-gallagher-co-acquires-140000010.html,1671458400,STORY
a327f599-5d08-3d13-8626-73b275e71421,AJG,2022-12-22,Arthur J. Gallagher (AJG) Expands in Australia With Buyout,Zacks,https://finance.yahoo.com/news/arthur-j-gallagher-ajg-expands-151903058.html,1671031143,STORY
e5752eff-c501-39dd-bc1b-7ddb8509c89d,AJG,2022-12-22,"Zacks Industry Outlook Highlights Marsh & McLennan, Aon, Arthur J. Gallagher, Willis Tower Watson and Brown & Brown",Zacks,https://finance.yahoo.com/news/zacks-industry-outlook-highlights-marsh-100010830.html,1671012010,STORY
a94eb64b-f394-3d29-a298-b60e56c2a244,AJG,2022-12-22,Arthur J. Gallagher & Co. Acquires Aviation Insurance Australia,PR Newswire,https://finance.yahoo.com/news/arthur-j-gallagher-co-acquires-230000052.html,1670972400,STORY
63186326-0760-3d58-80e7-6ec44252a2c5,AJG,2022-12-22,5 Insurance Brokers to Watch Amid Industry Headwinds,Zacks,https://finance.yahoo.com/news/5-insurance-brokers-watch-amid-165004717.html,1670950204,STORY
0f6972f7-f1df-3240-ae4f-3080ad2a533f,AJG,2022-12-23,Arthur J. Gallagher & Co. Acquires Interbrok Group,PR Newswire,https://finance.yahoo.com/news/arthur-j-gallagher-co-acquires-130000855.html,1671627600,STORY
58eb0e14-0410-3fc8-a3b7-930fee25cc27,AJG,2022-12-23,"Arthur J. Gallagher (AJG) Buys NEK Insurance, Boosts Portfolio",Zacks,https://finance.yahoo.com/news/arthur-j-gallagher-ajg-buys-141402526.html,1671545642,STORY
8e6b6735-38b0-3f48-9d14-af2137190072,AJG,2022-12-23,Arthur J. Gallagher & Co. Announces Agreement To Acquire Buck,CNW Group,https://finance.yahoo.com/news/arthur-j-gallagher-co-announces-140900964.html,1671545340,STORY
8101314d-97d1-3134-8a47-ad388dfe1b7e,AJG,2022-12-23,"Arthur J. Gallagher & Co. Acquires NEK Insurance, Inc.",PR Newswire,https://finance.yahoo.com/news/arthur-j-gallagher-co-acquires-140000010.html,1671458400,STORY
a327f599-5d08-3d13-8626-73b275e71421,AJG,2022-12-23,Arthur J. Gallagher (AJG) Expands in Australia With Buyout,Zacks,https://finance.yahoo.com/news/arthur-j-gallagher-ajg-expands-151903058.html,1671031143,STORY
e5752eff-c501-39dd-bc1b-7ddb8509c89d,AJG,2022-12-23,"Zacks Industry Outlook Highlights Marsh & McLennan, Aon, Arthur J. Gallagher, Willis Tower Watson and Brown & Brown",Zacks,https://finance.yahoo.com/news/zacks-industry-outlook-highlights-marsh-100010830.html,1671012010,STORY
a94eb64b-f394-3d29-a298-b60e56c2a244,AJG,2022-12-23,Arthur J. Gallagher & Co. Acquires Aviation Insurance Australia,PR Newswire,https://finance.yahoo.com/news/arthur-j-gallagher-co-acquires-230000052.html,1670972400,STORY
63186326-0760-3d58-80e7-6ec44252a2c5,AJG,2022-12-23,5 Insurance Brokers to Watch Amid Industry Headwinds,Zacks,https://finance.yahoo.com/news/5-insurance-brokers-watch-amid-165004717.html,1670950204,STORY
0f6972f7-f1df-3240-ae4f-3080ad2a533f,AJG,2022-12-24,Arthur J. Gallagher & Co. Acquires Interbrok Group,PR Newswire,https://finance.yahoo.com/news/arthur-j-gallagher-co-acquires-130000855.html,1671627600,STORY
58eb0e14-0410-3fc8-a3b7-930fee25cc27,AJG,2022-12-24,"Arthur J. Gallagher (AJG) Buys NEK Insurance, Boosts Portfolio",Zacks,https://finance.yahoo.com/news/arthur-j-gallagher-ajg-buys-141402526.html,1671545642,STORY
8e6b6735-38b0-3f48-9d14-af2137190072,AJG,2022-12-24,Arthur J. Gallagher & Co. Announces Agreement To Acquire Buck,CNW Group,https://finance.yahoo.com/news/arthur-j-gallagher-co-announces-140900964.html,1671545340,STORY
8101314d-97d1-3134-8a47-ad388dfe1b7e,AJG,2022-12-24,"Arthur J. Gallagher & Co. Acquires NEK Insurance, Inc.",PR Newswire,https://finance.yahoo.com/news/arthur-j-gallagher-co-acquires-140000010.html,1671458400,STORY
a327f599-5d08-3d13-8626-73b275e71421,AJG,2022-12-24,Arthur J. Gallagher (AJG) Expands in Australia With Buyout,Zacks,https://finance.yahoo.com/news/arthur-j-gallagher-ajg-expands-151903058.html,1671031143,STORY
e5752eff-c501-39dd-bc1b-7ddb8509c89d,AJG,2022-12-24,"Zacks Industry Outlook Highlights Marsh & McLennan, Aon, Arthur J. Gallagher, Willis Tower Watson and Brown & Brown",Zacks,https://finance.yahoo.com/news/zacks-industry-outlook-highlights-marsh-100010830.html,1671012010,STORY
a94eb64b-f394-3d29-a298-b60e56c2a244,AJG,2022-12-24,Arthur J. Gallagher & Co. Acquires Aviation Insurance Australia,PR Newswire,https://finance.yahoo.com/news/arthur-j-gallagher-co-acquires-230000052.html,1670972400,STORY
63186326-0760-3d58-80e7-6ec44252a2c5,AJG,2022-12-24,5 Insurance Brokers to Watch Amid Industry Headwinds,Zacks,https://finance.yahoo.com/news/5-insurance-brokers-watch-amid-165004717.html,1670950204,STORY
0f6972f7-f1df-3240-ae4f-3080ad2a533f,AJG,2022-12-25,Arthur J. Gallagher & Co. Acquires Interbrok Group,PR Newswire,https://finance.yahoo.com/news/arthur-j-gallagher-co-acquires-130000855.html,1671627600,STORY
58eb0e14-0410-3fc8-a3b7-930fee25cc27,AJG,2022-12-25,"Arthur J. Gallagher (AJG) Buys NEK Insurance, Boosts Portfolio",Zacks,https://finance.yahoo.com/news/arthur-j-gallagher-ajg-buys-141402526.html,1671545642,STORY
8e6b6735-38b0-3f48-9d14-af2137190072,AJG,2022-12-25,Arthur J. Gallagher & Co. Announces Agreement To Acquire Buck,CNW Group,https://finance.yahoo.com/news/arthur-j-gallagher-co-announces-140900964.html,1671545340,STORY
8101314d-97d1-3134-8a47-ad388dfe1b7e,AJG,2022-12-25,"Arthur J. Gallagher & Co. Acquires NEK Insurance, Inc.",PR Newswire,https://finance.yahoo.com/news/arthur-j-gallagher-co-acquires-140000010.html,1671458400,STORY
a327f599-5d08-3d13-8626-73b275e71421,AJG,2022-12-25,Arthur J. Gallagher (AJG) Expands in Australia With Buyout,Zacks,https://finance.yahoo.com/news/arthur-j-gallagher-ajg-expands-151903058.html,1671031143,STORY
e5752eff-c501-39dd-bc1b-7ddb8509c89d,AJG,2022-12-25,"Zacks Industry Outlook Highlights Marsh & McLennan, Aon, Arthur J. Gallagher, Willis Tower Watson and Brown & Brown",Zacks,https://finance.yahoo.com/news/zacks-industry-outlook-highlights-marsh-100010830.html,1671012010,STORY
a94eb64b-f394-3d29-a298-b60e56c2a244,AJG,2022-12-25,Arthur J. Gallagher & Co. Acquires Aviation Insurance Australia,PR Newswire,https://finance.yahoo.com/news/arthur-j-gallagher-co-acquires-230000052.html,1670972400,STORY
63186326-0760-3d58-80e7-6ec44252a2c5,AJG,2022-12-25,5 Insurance Brokers to Watch Amid Industry Headwinds,Zacks,https://finance.yahoo.com/news/5-insurance-brokers-watch-amid-165004717.html,1670950204,STORY
0f6972f7-f1df-3240-ae4f-3080ad2a533f,AJG,2022-12-26,Arthur J. Gallagher & Co. Acquires Interbrok Group,PR Newswire,https://finance.yahoo.com/news/arthur-j-gallagher-co-acquires-130000855.html,1671627600,STORY
58eb0e14-0410-3fc8-a3b7-930fee25cc27,AJG,2022-12-26,"Arthur J. Gallagher (AJG) Buys NEK Insurance, Boosts Portfolio",Zacks,https://finance.yahoo.com/news/arthur-j-gallagher-ajg-buys-141402526.html,1671545642,STORY
8e6b6735-38b0-3f48-9d14-af2137190072,AJG,2022-12-26,Arthur J. Gallagher & Co. Announces Agreement To Acquire Buck,CNW Group,https://finance.yahoo.com/news/arthur-j-gallagher-co-announces-140900964.html,1671545340,STORY
8101314d-97d1-3134-8a47-ad388dfe1b7e,AJG,2022-12-26,"Arthur J. Gallagher & Co. Acquires NEK Insurance, Inc.",PR Newswire,https://finance.yahoo.com/news/arthur-j-gallagher-co-acquires-140000010.html,1671458400,STORY
a327f599-5d08-3d13-8626-73b275e71421,AJG,2022-12-26,Arthur J. Gallagher (AJG) Expands in Australia With Buyout,Zacks,https://finance.yahoo.com/news/arthur-j-gallagher-ajg-expands-151903058.html,1671031143,STORY
e5752eff-c501-39dd-bc1b-7ddb8509c89d,AJG,2022-12-26,"Zacks Industry Outlook Highlights Marsh & McLennan, Aon, Arthur J. Gallagher, Willis Tower Watson and Brown & Brown",Zacks,https://finance.yahoo.com/news/zacks-industry-outlook-highlights-marsh-100010830.html,1671012010,STORY
a94eb64b-f394-3d29-a298-b60e56c2a244,AJG,2022-12-26,Arthur J. Gallagher & Co. Acquires Aviation Insurance Australia,PR Newswire,https://finance.yahoo.com/news/arthur-j-gallagher-co-acquires-230000052.html,1670972400,STORY
63186326-0760-3d58-80e7-6ec44252a2c5,AJG,2022-12-26,5 Insurance Brokers to Watch Amid Industry Headwinds,Zacks,https://finance.yahoo.com/news/5-insurance-brokers-watch-amid-165004717.html,1670950204,STORY
0f6972f7-f1df-3240-ae4f-3080ad2a533f,AJG,2022-12-27,Arthur J. Gallagher & Co. Acquires Interbrok Group,PR Newswire,https://finance.yahoo.com/news/arthur-j-gallagher-co-acquires-130000855.html,1671627600,STORY
58eb0e14-0410-3fc8-a3b7-930fee25cc27,AJG,2022-12-27,"Arthur J. Gallagher (AJG) Buys NEK Insurance, Boosts Portfolio",Zacks,https://finance.yahoo.com/news/arthur-j-gallagher-ajg-buys-141402526.html,1671545642,STORY
8e6b6735-38b0-3f48-9d14-af2137190072,AJG,2022-12-27,Arthur J. Gallagher & Co. Announces Agreement To Acquire Buck,CNW Group,https://finance.yahoo.com/news/arthur-j-gallagher-co-announces-140900964.html,1671545340,STORY
8101314d-97d1-3134-8a47-ad388dfe1b7e,AJG,2022-12-27,"Arthur J. Gallagher & Co. Acquires NEK Insurance, Inc.",PR Newswire,https://finance.yahoo.com/news/arthur-j-gallagher-co-acquires-140000010.html,1671458400,STORY
a327f599-5d08-3d13-8626-73b275e71421,AJG,2022-12-27,Arthur J. Gallagher (AJG) Expands in Australia With Buyout,Zacks,https://finance.yahoo.com/news/arthur-j-gallagher-ajg-expands-151903058.html,1671031143,STORY
e5752eff-c501-39dd-bc1b-7ddb8509c89d,AJG,2022-12-27,"Zacks Industry Outlook Highlights Marsh & McLennan, Aon, Arthur J. Gallagher, Willis Tower Watson and Brown & Brown",Zacks,https://finance.yahoo.com/news/zacks-industry-outlook-highlights-marsh-100010830.html,1671012010,STORY
a94eb64b-f394-3d29-a298-b60e56c2a244,AJG,2022-12-27,Arthur J. Gallagher & Co. Acquires Aviation Insurance Australia,PR Newswire,https://finance.yahoo.com/news/arthur-j-gallagher-co-acquires-230000052.html,1670972400,STORY
63186326-0760-3d58-80e7-6ec44252a2c5,AJG,2022-12-27,5 Insurance Brokers to Watch Amid Industry Headwinds,Zacks,https://finance.yahoo.com/news/5-insurance-brokers-watch-amid-165004717.html,1670950204,STORY
bea30214-beeb-3280-a45e-26fc3d55ffe5,AJG,2022-12-28,Arthur J. Gallagher buys ROC Group,American City Business Journals,https://finance.yahoo.com/m/bea30214-beeb-3280-a45e-26fc3d55ffe5/arthur-j.-gallagher-buys-roc.html,1672222688,STORY
5cf8c19b-01da-31cb-a0a4-72edf0beb50a,AJG,2022-12-28,Arthur J. Gallagher & Co. Acquires ROC Group,PR Newswire,https://finance.yahoo.com/news/arthur-j-gallagher-co-acquires-140000255.html,1672149600,STORY
0f6972f7-f1df-3240-ae4f-3080ad2a533f,AJG,2022-12-28,Arthur J. Gallagher & Co. Acquires Interbrok Group,PR Newswire,https://finance.yahoo.com/news/arthur-j-gallagher-co-acquires-130000855.html,1671627600,STORY
58eb0e14-0410-3fc8-a3b7-930fee25cc27,AJG,2022-12-28,"Arthur J. Gallagher (AJG) Buys NEK Insurance, Boosts Portfolio",Zacks,https://finance.yahoo.com/news/arthur-j-gallagher-ajg-buys-141402526.html,1671545642,STORY
8e6b6735-38b0-3f48-9d14-af2137190072,AJG,2022-12-28,Arthur J. Gallagher & Co. Announces Agreement To Acquire Buck,CNW Group,https://finance.yahoo.com/news/arthur-j-gallagher-co-announces-140900964.html,1671545340,STORY
8101314d-97d1-3134-8a47-ad388dfe1b7e,AJG,2022-12-28,"Arthur J. Gallagher & Co. Acquires NEK Insurance, Inc.",PR Newswire,https://finance.yahoo.com/news/arthur-j-gallagher-co-acquires-140000010.html,1671458400,STORY
a327f599-5d08-3d13-8626-73b275e71421,AJG,2022-12-28,Arthur J. Gallagher (AJG) Expands in Australia With Buyout,Zacks,https://finance.yahoo.com/news/arthur-j-gallagher-ajg-expands-151903058.html,1671031143,STORY
e5752eff-c501-39dd-bc1b-7ddb8509c89d,AJG,2022-12-28,"Zacks Industry Outlook Highlights Marsh & McLennan, Aon, Arthur J. Gallagher, Willis Tower Watson and Brown & Brown",Zacks,https://finance.yahoo.com/news/zacks-industry-outlook-highlights-marsh-100010830.html,1671012010,STORY
b9e28f26-dbd2-36bf-ad40-1fbb22721ef2,AJG,2022-12-29,"Arthur J. Gallagher (AJG) Acquires ROC Group, Boosts Portfolio",Zacks,https://finance.yahoo.com/news/arthur-j-gallagher-ajg-acquires-123712207.html,1672231032,STORY
bea30214-beeb-3280-a45e-26fc3d55ffe5,AJG,2022-12-29,Arthur J. Gallagher buys ROC Group,American City Business Journals,https://finance.yahoo.com/m/bea30214-beeb-3280-a45e-26fc3d55ffe5/arthur-j.-gallagher-buys-roc.html,1672222688,STORY
5cf8c19b-01da-31cb-a0a4-72edf0beb50a,AJG,2022-12-29,Arthur J. Gallagher & Co. Acquires ROC Group,PR Newswire,https://finance.yahoo.com/news/arthur-j-gallagher-co-acquires-140000255.html,1672149600,STORY
0f6972f7-f1df-3240-ae4f-3080ad2a533f,AJG,2022-12-29,Arthur J. Gallagher & Co. Acquires Interbrok Group,PR Newswire,https://finance.yahoo.com/news/arthur-j-gallagher-co-acquires-130000855.html,1671627600,STORY
58eb0e14-0410-3fc8-a3b7-930fee25cc27,AJG,2022-12-29,"Arthur J. Gallagher (AJG) Buys NEK Insurance, Boosts Portfolio",Zacks,https://finance.yahoo.com/news/arthur-j-gallagher-ajg-buys-141402526.html,1671545642,STORY
8e6b6735-38b0-3f48-9d14-af2137190072,AJG,2022-12-29,Arthur J. Gallagher & Co. Announces Agreement To Acquire Buck,CNW Group,https://finance.yahoo.com/news/arthur-j-gallagher-co-announces-140900964.html,1671545340,STORY
8101314d-97d1-3134-8a47-ad388dfe1b7e,AJG,2022-12-29,"Arthur J. Gallagher & Co. Acquires NEK Insurance, Inc.",PR Newswire,https://finance.yahoo.com/news/arthur-j-gallagher-co-acquires-140000010.html,1671458400,STORY
a327f599-5d08-3d13-8626-73b275e71421,AJG,2022-12-29,Arthur J. Gallagher (AJG) Expands in Australia With Buyout,Zacks,https://finance.yahoo.com/news/arthur-j-gallagher-ajg-expands-151903058.html,1671031143,STORY
2750967d-5221-39d8-bf22-738c3496d1f2,AJG,2022-12-30,Why You Should Stay Invested in Arthur J. Gallagher (AJG) Stock,Zacks,https://finance.yahoo.com/news/why-stay-invested-arthur-j-130001347.html,1672318801,STORY
b9e28f26-dbd2-36bf-ad40-1fbb22721ef2,AJG,2022-12-30,"Arthur J. Gallagher (AJG) Acquires ROC Group, Boosts Portfolio",Zacks,https://finance.yahoo.com/news/arthur-j-gallagher-ajg-acquires-123712207.html,1672231032,STORY
bea30214-beeb-3280-a45e-26fc3d55ffe5,AJG,2022-12-30,Arthur J. Gallagher buys ROC Group,American City Business Journals,https://finance.yahoo.com/m/bea30214-beeb-3280-a45e-26fc3d55ffe5/arthur-j.-gallagher-buys-roc.html,1672222688,STORY
5cf8c19b-01da-31cb-a0a4-72edf0beb50a,AJG,2022-12-30,Arthur J. Gallagher & Co. Acquires ROC Group,PR Newswire,https://finance.yahoo.com/news/arthur-j-gallagher-co-acquires-140000255.html,1672149600,STORY
0f6972f7-f1df-3240-ae4f-3080ad2a533f,AJG,2022-12-30,Arthur J. Gallagher & Co. Acquires Interbrok Group,PR Newswire,https://finance.yahoo.com/news/arthur-j-gallagher-co-acquires-130000855.html,1671627600,STORY
58eb0e14-0410-3fc8-a3b7-930fee25cc27,AJG,2022-12-30,"Arthur J. Gallagher (AJG) Buys NEK Insurance, Boosts Portfolio",Zacks,https://finance.yahoo.com/news/arthur-j-gallagher-ajg-buys-141402526.html,1671545642,STORY
8e6b6735-38b0-3f48-9d14-af2137190072,AJG,2022-12-30,Arthur J. Gallagher & Co. Announces Agreement To Acquire Buck,CNW Group,https://finance.yahoo.com/news/arthur-j-gallagher-co-announces-140900964.html,1671545340,STORY
8101314d-97d1-3134-8a47-ad388dfe1b7e,AJG,2022-12-30,"Arthur J. Gallagher & Co. Acquires NEK Insurance, Inc.",PR Newswire,https://finance.yahoo.com/news/arthur-j-gallagher-co-acquires-140000010.html,1671458400,STORY
2750967d-5221-39d8-bf22-738c3496d1f2,AJG,2022-12-31,Why You Should Stay Invested in Arthur J. Gallagher (AJG) Stock,Zacks,https://finance.yahoo.com/news/why-stay-invested-arthur-j-130001347.html,1672318801,STORY
b9e28f26-dbd2-36bf-ad40-1fbb22721ef2,AJG,2022-12-31,"Arthur J. Gallagher (AJG) Acquires ROC Group, Boosts Portfolio",Zacks,https://finance.yahoo.com/news/arthur-j-gallagher-ajg-acquires-123712207.html,1672231032,STORY
bea30214-beeb-3280-a45e-26fc3d55ffe5,AJG,2022-12-31,Arthur J. Gallagher buys ROC Group,American City Business Journals,https://finance.yahoo.com/m/bea30214-beeb-3280-a45e-26fc3d55ffe5/arthur-j.-gallagher-buys-roc.html,1672222688,STORY
5cf8c19b-01da-31cb-a0a4-72edf0beb50a,AJG,2022-12-31,Arthur J. Gallagher & Co. Acquires ROC Group,PR Newswire,https://finance.yahoo.com/news/arthur-j-gallagher-co-acquires-140000255.html,1672149600,STORY
0f6972f7-f1df-3240-ae4f-3080ad2a533f,AJG,2022-12-31,Arthur J. Gallagher & Co. Acquires Interbrok Group,PR Newswire,https://finance.yahoo.com/news/arthur-j-gallagher-co-acquires-130000855.html,1671627600,STORY
58eb0e14-0410-3fc8-a3b7-930fee25cc27,AJG,2022-12-31,"Arthur J. Gallagher (AJG) Buys NEK Insurance, Boosts Portfolio",Zacks,https://finance.yahoo.com/news/arthur-j-gallagher-ajg-buys-141402526.html,1671545642,STORY
8e6b6735-38b0-3f48-9d14-af2137190072,AJG,2022-12-31,Arthur J. Gallagher & Co. Announces Agreement To Acquire Buck,CNW Group,https://finance.yahoo.com/news/arthur-j-gallagher-co-announces-140900964.html,1671545340,STORY
8101314d-97d1-3134-8a47-ad388dfe1b7e,AJG,2022-12-31,"Arthur J. Gallagher & Co. Acquires NEK Insurance, Inc.",PR Newswire,https://finance.yahoo.com/news/arthur-j-gallagher-co-acquires-140000010.html,1671458400,STORY
2750967d-5221-39d8-bf22-738c3496d1f2,AJG,2023-1-1,Why You Should Stay Invested in Arthur J. Gallagher (AJG) Stock,Zacks,https://finance.yahoo.com/news/why-stay-invested-arthur-j-130001347.html,1672318801,STORY
b9e28f26-dbd2-36bf-ad40-1fbb22721ef2,AJG,2023-1-1,"Arthur J. Gallagher (AJG) Acquires ROC Group, Boosts Portfolio",Zacks,https://finance.yahoo.com/news/arthur-j-gallagher-ajg-acquires-123712207.html,1672231032,STORY
bea30214-beeb-3280-a45e-26fc3d55ffe5,AJG,2023-1-1,Arthur J. Gallagher buys ROC Group,American City Business Journals,https://finance.yahoo.com/m/bea30214-beeb-3280-a45e-26fc3d55ffe5/arthur-j.-gallagher-buys-roc.html,1672222688,STORY
5cf8c19b-01da-31cb-a0a4-72edf0beb50a,AJG,2023-1-1,Arthur J. Gallagher & Co. Acquires ROC Group,PR Newswire,https://finance.yahoo.com/news/arthur-j-gallagher-co-acquires-140000255.html,1672149600,STORY
0f6972f7-f1df-3240-ae4f-3080ad2a533f,AJG,2023-1-1,Arthur J. Gallagher & Co. Acquires Interbrok Group,PR Newswire,https://finance.yahoo.com/news/arthur-j-gallagher-co-acquires-130000855.html,1671627600,STORY
58eb0e14-0410-3fc8-a3b7-930fee25cc27,AJG,2023-1-1,"Arthur J. Gallagher (AJG) Buys NEK Insurance, Boosts Portfolio",Zacks,https://finance.yahoo.com/news/arthur-j-gallagher-ajg-buys-141402526.html,1671545642,STORY
8e6b6735-38b0-3f48-9d14-af2137190072,AJG,2023-1-1,Arthur J. Gallagher & Co. Announces Agreement To Acquire Buck,CNW Group,https://finance.yahoo.com/news/arthur-j-gallagher-co-announces-140900964.html,1671545340,STORY
8101314d-97d1-3134-8a47-ad388dfe1b7e,AJG,2023-1-1,"Arthur J. Gallagher & Co. Acquires NEK Insurance, Inc.",PR Newswire,https://finance.yahoo.com/news/arthur-j-gallagher-co-acquires-140000010.html,1671458400,STORY
2750967d-5221-39d8-bf22-738c3496d1f2,AJG,2023-1-2,Why You Should Stay Invested in Arthur J. Gallagher (AJG) Stock,Zacks,https://finance.yahoo.com/news/why-stay-invested-arthur-j-130001347.html,1672318801,STORY
b9e28f26-dbd2-36bf-ad40-1fbb22721ef2,AJG,2023-1-2,"Arthur J. Gallagher (AJG) Acquires ROC Group, Boosts Portfolio",Zacks,https://finance.yahoo.com/news/arthur-j-gallagher-ajg-acquires-123712207.html,1672231032,STORY
bea30214-beeb-3280-a45e-26fc3d55ffe5,AJG,2023-1-2,Arthur J. Gallagher buys ROC Group,American City Business Journals,https://finance.yahoo.com/m/bea30214-beeb-3280-a45e-26fc3d55ffe5/arthur-j.-gallagher-buys-roc.html,1672222688,STORY
5cf8c19b-01da-31cb-a0a4-72edf0beb50a,AJG,2023-1-2,Arthur J. Gallagher & Co. Acquires ROC Group,PR Newswire,https://finance.yahoo.com/news/arthur-j-gallagher-co-acquires-140000255.html,1672149600,STORY
0f6972f7-f1df-3240-ae4f-3080ad2a533f,AJG,2023-1-2,Arthur J. Gallagher & Co. Acquires Interbrok Group,PR Newswire,https://finance.yahoo.com/news/arthur-j-gallagher-co-acquires-130000855.html,1671627600,STORY
58eb0e14-0410-3fc8-a3b7-930fee25cc27,AJG,2023-1-2,"Arthur J. Gallagher (AJG) Buys NEK Insurance, Boosts Portfolio",Zacks,https://finance.yahoo.com/news/arthur-j-gallagher-ajg-buys-141402526.html,1671545642,STORY
8e6b6735-38b0-3f48-9d14-af2137190072,AJG,2023-1-2,Arthur J. Gallagher & Co. Announces Agreement To Acquire Buck,CNW Group,https://finance.yahoo.com/news/arthur-j-gallagher-co-announces-140900964.html,1671545340,STORY
8101314d-97d1-3134-8a47-ad388dfe1b7e,AJG,2023-1-2,"Arthur J. Gallagher & Co. Acquires NEK Insurance, Inc.",PR Newswire,https://finance.yahoo.com/news/arthur-j-gallagher-co-acquires-140000010.html,1671458400,STORY
2750967d-5221-39d8-bf22-738c3496d1f2,AJG,2023-1-3,Why You Should Stay Invested in Arthur J. Gallagher (AJG) Stock,Zacks,https://finance.yahoo.com/news/why-stay-invested-arthur-j-130001347.html,1672318801,STORY
b9e28f26-dbd2-36bf-ad40-1fbb22721ef2,AJG,2023-1-3,"Arthur J. Gallagher (AJG) Acquires ROC Group, Boosts Portfolio",Zacks,https://finance.yahoo.com/news/arthur-j-gallagher-ajg-acquires-123712207.html,1672231032,STORY
bea30214-beeb-3280-a45e-26fc3d55ffe5,AJG,2023-1-3,Arthur J. Gallagher buys ROC Group,American City Business Journals,https://finance.yahoo.com/m/bea30214-beeb-3280-a45e-26fc3d55ffe5/arthur-j.-gallagher-buys-roc.html,1672222688,STORY
5cf8c19b-01da-31cb-a0a4-72edf0beb50a,AJG,2023-1-3,Arthur J. Gallagher & Co. Acquires ROC Group,PR Newswire,https://finance.yahoo.com/news/arthur-j-gallagher-co-acquires-140000255.html,1672149600,STORY
0f6972f7-f1df-3240-ae4f-3080ad2a533f,AJG,2023-1-3,Arthur J. Gallagher & Co. Acquires Interbrok Group,PR Newswire,https://finance.yahoo.com/news/arthur-j-gallagher-co-acquires-130000855.html,1671627600,STORY
58eb0e14-0410-3fc8-a3b7-930fee25cc27,AJG,2023-1-3,"Arthur J. Gallagher (AJG) Buys NEK Insurance, Boosts Portfolio",Zacks,https://finance.yahoo.com/news/arthur-j-gallagher-ajg-buys-141402526.html,1671545642,STORY
8e6b6735-38b0-3f48-9d14-af2137190072,AJG,2023-1-3,Arthur J. Gallagher & Co. Announces Agreement To Acquire Buck,CNW Group,https://finance.yahoo.com/news/arthur-j-gallagher-co-announces-140900964.html,1671545340,STORY
8101314d-97d1-3134-8a47-ad388dfe1b7e,AJG,2023-1-3,"Arthur J. Gallagher & Co. Acquires NEK Insurance, Inc.",PR Newswire,https://finance.yahoo.com/news/arthur-j-gallagher-co-acquires-140000010.html,1671458400,STORY
29d5aea2-6ded-31e3-ae04-30703fc4d1b3,AJG,2023-1-4,Arthur J. Gallagher & Co. (NYSE:AJG) insiders sold US$1.6m worth of stock suggesting impending weakness.,Simply Wall St.,https://finance.yahoo.com/news/arthur-j-gallagher-co-nyse-130042932.html,1672837242,STORY
2cc3cf44-9cc3-3e3c-bef2-7df1c1353f55,AJG,2023-1-4,"Arthur J. Gallagher & Co. Acquires CBS Insurance, LLP",PR Newswire,https://finance.yahoo.com/news/arthur-j-gallagher-co-acquires-140000169.html,1672754400,STORY
ab7c93a3-0dcf-3abd-b5f1-28c23e14631c,AJG,2023-1-4,Technical Assessment: Neutral in the Intermediate-Term,Argus Research,https://finance.yahoo.com/m/ab7c93a3-0dcf-3abd-b5f1-28c23e14631c/technical-assessment%3A-neutral.html,1672747593,STORY
2750967d-5221-39d8-bf22-738c3496d1f2,AJG,2023-1-4,Why You Should Stay Invested in Arthur J. Gallagher (AJG) Stock,Zacks,https://finance.yahoo.com/news/why-stay-invested-arthur-j-130001347.html,1672318801,STORY
b9e28f26-dbd2-36bf-ad40-1fbb22721ef2,AJG,2023-1-4,"Arthur J. Gallagher (AJG) Acquires ROC Group, Boosts Portfolio",Zacks,https://finance.yahoo.com/news/arthur-j-gallagher-ajg-acquires-123712207.html,1672231032,STORY
bea30214-beeb-3280-a45e-26fc3d55ffe5,AJG,2023-1-4,Arthur J. Gallagher buys ROC Group,American City Business Journals,https://finance.yahoo.com/m/bea30214-beeb-3280-a45e-26fc3d55ffe5/arthur-j.-gallagher-buys-roc.html,1672222688,STORY
5cf8c19b-01da-31cb-a0a4-72edf0beb50a,AJG,2023-1-4,Arthur J. Gallagher & Co. Acquires ROC Group,PR Newswire,https://finance.yahoo.com/news/arthur-j-gallagher-co-acquires-140000255.html,1672149600,STORY
0f6972f7-f1df-3240-ae4f-3080ad2a533f,AJG,2023-1-4,Arthur J. Gallagher & Co. Acquires Interbrok Group,PR Newswire,https://finance.yahoo.com/news/arthur-j-gallagher-co-acquires-130000855.html,1671627600,STORY
78a20848-12a6-3b84-bb03-66977e45c85d,AJG,2023-1-5,Arthur J. Gallagher (AJG) Expands in Texas With CBS Buyout,Zacks,https://finance.yahoo.com/news/arthur-j-gallagher-ajg-expands-162904448.html,1672849744,STORY
53ddf113-4e64-3c6b-91b5-116baa9db951,AJG,2023-1-5,Arthur J. Gallagher & Co. Acquires MGC Group and AAFBC,PR Newswire,https://finance.yahoo.com/news/arthur-j-gallagher-co-acquires-140000165.html,1672840800,STORY
29d5aea2-6ded-31e3-ae04-30703fc4d1b3,AJG,2023-1-5,Arthur J. Gallagher & Co. (NYSE:AJG) insiders sold US$1.6m worth of stock suggesting impending weakness.,Simply Wall St.,https://finance.yahoo.com/news/arthur-j-gallagher-co-nyse-130042932.html,1672837242,STORY
2cc3cf44-9cc3-3e3c-bef2-7df1c1353f55,AJG,2023-1-5,"Arthur J. Gallagher & Co. Acquires CBS Insurance, LLP",PR Newswire,https://finance.yahoo.com/news/arthur-j-gallagher-co-acquires-140000169.html,1672754400,STORY
2750967d-5221-39d8-bf22-738c3496d1f2,AJG,2023-1-5,Why You Should Stay Invested in Arthur J. Gallagher (AJG) Stock,Zacks,https://finance.yahoo.com/news/why-stay-invested-arthur-j-130001347.html,1672318801,STORY
b9e28f26-dbd2-36bf-ad40-1fbb22721ef2,AJG,2023-1-5,"Arthur J. Gallagher (AJG) Acquires ROC Group, Boosts Portfolio",Zacks,https://finance.yahoo.com/news/arthur-j-gallagher-ajg-acquires-123712207.html,1672231032,STORY
bea30214-beeb-3280-a45e-26fc3d55ffe5,AJG,2023-1-5,Arthur J. Gallagher buys ROC Group,American City Business Journals,https://finance.yahoo.com/m/bea30214-beeb-3280-a45e-26fc3d55ffe5/arthur-j.-gallagher-buys-roc.html,1672222688,STORY
5cf8c19b-01da-31cb-a0a4-72edf0beb50a,AJG,2023-1-5,Arthur J. Gallagher & Co. Acquires ROC Group,PR Newswire,https://finance.yahoo.com/news/arthur-j-gallagher-co-acquires-140000255.html,1672149600,STORY
78a20848-12a6-3b84-bb03-66977e45c85d,AJG,2023-1-6,Arthur J. Gallagher (AJG) Expands in Texas With CBS Buyout,Zacks,https://finance.yahoo.com/news/arthur-j-gallagher-ajg-expands-162904448.html,1672849744,STORY
53ddf113-4e64-3c6b-91b5-116baa9db951,AJG,2023-1-6,Arthur J. Gallagher & Co. Acquires MGC Group and AAFBC,PR Newswire,https://finance.yahoo.com/news/arthur-j-gallagher-co-acquires-140000165.html,1672840800,STORY
29d5aea2-6ded-31e3-ae04-30703fc4d1b3,AJG,2023-1-6,Arthur J. Gallagher & Co. (NYSE:AJG) insiders sold US$1.6m worth of stock suggesting impending weakness.,Simply Wall St.,https://finance.yahoo.com/news/arthur-j-gallagher-co-nyse-130042932.html,1672837242,STORY
2cc3cf44-9cc3-3e3c-bef2-7df1c1353f55,AJG,2023-1-6,"Arthur J. Gallagher & Co. Acquires CBS Insurance, LLP",PR Newswire,https://finance.yahoo.com/news/arthur-j-gallagher-co-acquires-140000169.html,1672754400,STORY
2750967d-5221-39d8-bf22-738c3496d1f2,AJG,2023-1-6,Why You Should Stay Invested in Arthur J. Gallagher (AJG) Stock,Zacks,https://finance.yahoo.com/news/why-stay-invested-arthur-j-130001347.html,1672318801,STORY
b9e28f26-dbd2-36bf-ad40-1fbb22721ef2,AJG,2023-1-6,"Arthur J. Gallagher (AJG) Acquires ROC Group, Boosts Portfolio",Zacks,https://finance.yahoo.com/news/arthur-j-gallagher-ajg-acquires-123712207.html,1672231032,STORY
bea30214-beeb-3280-a45e-26fc3d55ffe5,AJG,2023-1-6,Arthur J. Gallagher buys ROC Group,American City Business Journals,https://finance.yahoo.com/m/bea30214-beeb-3280-a45e-26fc3d55ffe5/arthur-j.-gallagher-buys-roc.html,1672222688,STORY
5cf8c19b-01da-31cb-a0a4-72edf0beb50a,AJG,2023-1-6,Arthur J. Gallagher & Co. Acquires ROC Group,PR Newswire,https://finance.yahoo.com/news/arthur-j-gallagher-co-acquires-140000255.html,1672149600,STORY
35f90623-1068-3e10-9c99-ca5aa8a7b858,AJG,2023-1-7,Arthur J. Gallagher & Co. Announces Fourth Quarter 2022 Earnings Release and Conference Call Date,PR Newswire,https://finance.yahoo.com/news/arthur-j-gallagher-co-announces-140000368.html,1673013600,STORY
78a20848-12a6-3b84-bb03-66977e45c85d,AJG,2023-1-7,Arthur J. Gallagher (AJG) Expands in Texas With CBS Buyout,Zacks,https://finance.yahoo.com/news/arthur-j-gallagher-ajg-expands-162904448.html,1672849744,STORY
53ddf113-4e64-3c6b-91b5-116baa9db951,AJG,2023-1-7,Arthur J. Gallagher & Co. Acquires MGC Group and AAFBC,PR Newswire,https://finance.yahoo.com/news/arthur-j-gallagher-co-acquires-140000165.html,1672840800,STORY
29d5aea2-6ded-31e3-ae04-30703fc4d1b3,AJG,2023-1-7,Arthur J. Gallagher & Co. (NYSE:AJG) insiders sold US$1.6m worth of stock suggesting impending weakness.,Simply Wall St.,https://finance.yahoo.com/news/arthur-j-gallagher-co-nyse-130042932.html,1672837242,STORY
2cc3cf44-9cc3-3e3c-bef2-7df1c1353f55,AJG,2023-1-7,"Arthur J. Gallagher & Co. Acquires CBS Insurance, LLP",PR Newswire,https://finance.yahoo.com/news/arthur-j-gallagher-co-acquires-140000169.html,1672754400,STORY
2750967d-5221-39d8-bf22-738c3496d1f2,AJG,2023-1-7,Why You Should Stay Invested in Arthur J. Gallagher (AJG) Stock,Zacks,https://finance.yahoo.com/news/why-stay-invested-arthur-j-130001347.html,1672318801,STORY
b9e28f26-dbd2-36bf-ad40-1fbb22721ef2,AJG,2023-1-7,"Arthur J. Gallagher (AJG) Acquires ROC Group, Boosts Portfolio",Zacks,https://finance.yahoo.com/news/arthur-j-gallagher-ajg-acquires-123712207.html,1672231032,STORY
bea30214-beeb-3280-a45e-26fc3d55ffe5,AJG,2023-1-7,Arthur J. Gallagher buys ROC Group,American City Business Journals,https://finance.yahoo.com/m/bea30214-beeb-3280-a45e-26fc3d55ffe5/arthur-j.-gallagher-buys-roc.html,1672222688,STORY
35f90623-1068-3e10-9c99-ca5aa8a7b858,AJG,2023-1-8,Arthur J. Gallagher & Co. Announces Fourth Quarter 2022 Earnings Release and Conference Call Date,PR Newswire,https://finance.yahoo.com/news/arthur-j-gallagher-co-announces-140000368.html,1673013600,STORY
78a20848-12a6-3b84-bb03-66977e45c85d,AJG,2023-1-8,Arthur J. Gallagher (AJG) Expands in Texas With CBS Buyout,Zacks,https://finance.yahoo.com/news/arthur-j-gallagher-ajg-expands-162904448.html,1672849744,STORY
53ddf113-4e64-3c6b-91b5-116baa9db951,AJG,2023-1-8,Arthur J. Gallagher & Co. Acquires MGC Group and AAFBC,PR Newswire,https://finance.yahoo.com/news/arthur-j-gallagher-co-acquires-140000165.html,1672840800,STORY
29d5aea2-6ded-31e3-ae04-30703fc4d1b3,AJG,2023-1-8,Arthur J. Gallagher & Co. (NYSE:AJG) insiders sold US$1.6m worth of stock suggesting impending weakness.,Simply Wall St.,https://finance.yahoo.com/news/arthur-j-gallagher-co-nyse-130042932.html,1672837242,STORY
2cc3cf44-9cc3-3e3c-bef2-7df1c1353f55,AJG,2023-1-8,"Arthur J. Gallagher & Co. Acquires CBS Insurance, LLP",PR Newswire,https://finance.yahoo.com/news/arthur-j-gallagher-co-acquires-140000169.html,1672754400,STORY
2750967d-5221-39d8-bf22-738c3496d1f2,AJG,2023-1-8,Why You Should Stay Invested in Arthur J. Gallagher (AJG) Stock,Zacks,https://finance.yahoo.com/news/why-stay-invested-arthur-j-130001347.html,1672318801,STORY
b9e28f26-dbd2-36bf-ad40-1fbb22721ef2,AJG,2023-1-8,"Arthur J. Gallagher (AJG) Acquires ROC Group, Boosts Portfolio",Zacks,https://finance.yahoo.com/news/arthur-j-gallagher-ajg-acquires-123712207.html,1672231032,STORY
bea30214-beeb-3280-a45e-26fc3d55ffe5,AJG,2023-1-8,Arthur J. Gallagher buys ROC Group,American City Business Journals,https://finance.yahoo.com/m/bea30214-beeb-3280-a45e-26fc3d55ffe5/arthur-j.-gallagher-buys-roc.html,1672222688,STORY
1ac457eb-49f5-3cdc-afe8-6a2ff4645f5c,AJG,2023-1-9,"With 86% ownership, Arthur J. Gallagher & Co. (NYSE:AJG) boasts of strong institutional backing",Simply Wall St.,https://finance.yahoo.com/news/86-ownership-arthur-j-gallagher-140025018.html,1673186425,STORY
35f90623-1068-3e10-9c99-ca5aa8a7b858,AJG,2023-1-9,Arthur J. Gallagher & Co. Announces Fourth Quarter 2022 Earnings Release and Conference Call Date,PR Newswire,https://finance.yahoo.com/news/arthur-j-gallagher-co-announces-140000368.html,1673013600,STORY
78a20848-12a6-3b84-bb03-66977e45c85d,AJG,2023-1-9,Arthur J. Gallagher (AJG) Expands in Texas With CBS Buyout,Zacks,https://finance.yahoo.com/news/arthur-j-gallagher-ajg-expands-162904448.html,1672849744,STORY
53ddf113-4e64-3c6b-91b5-116baa9db951,AJG,2023-1-9,Arthur J. Gallagher & Co. Acquires MGC Group and AAFBC,PR Newswire,https://finance.yahoo.com/news/arthur-j-gallagher-co-acquires-140000165.html,1672840800,STORY
29d5aea2-6ded-31e3-ae04-30703fc4d1b3,AJG,2023-1-9,Arthur J. Gallagher & Co. (NYSE:AJG) insiders sold US$1.6m worth of stock suggesting impending weakness.,Simply Wall St.,https://finance.yahoo.com/news/arthur-j-gallagher-co-nyse-130042932.html,1672837242,STORY
2cc3cf44-9cc3-3e3c-bef2-7df1c1353f55,AJG,2023-1-9,"Arthur J. Gallagher & Co. Acquires CBS Insurance, LLP",PR Newswire,https://finance.yahoo.com/news/arthur-j-gallagher-co-acquires-140000169.html,1672754400,STORY
2750967d-5221-39d8-bf22-738c3496d1f2,AJG,2023-1-9,Why You Should Stay Invested in Arthur J. Gallagher (AJG) Stock,Zacks,https://finance.yahoo.com/news/why-stay-invested-arthur-j-130001347.html,1672318801,STORY
b9e28f26-dbd2-36bf-ad40-1fbb22721ef2,AJG,2023-1-9,"Arthur J. Gallagher (AJG) Acquires ROC Group, Boosts Portfolio",Zacks,https://finance.yahoo.com/news/arthur-j-gallagher-ajg-acquires-123712207.html,1672231032,STORY
1ac457eb-49f5-3cdc-afe8-6a2ff4645f5c,AJG,2023-1-10,"With 86% ownership, Arthur J. Gallagher & Co. (NYSE:AJG) boasts of strong institutional backing",Simply Wall St.,https://finance.yahoo.com/news/86-ownership-arthur-j-gallagher-140025018.html,1673186425,STORY
35f90623-1068-3e10-9c99-ca5aa8a7b858,AJG,2023-1-10,Arthur J. Gallagher & Co. Announces Fourth Quarter 2022 Earnings Release and Conference Call Date,PR Newswire,https://finance.yahoo.com/news/arthur-j-gallagher-co-announces-140000368.html,1673013600,STORY
78a20848-12a6-3b84-bb03-66977e45c85d,AJG,2023-1-10,Arthur J. Gallagher (AJG) Expands in Texas With CBS Buyout,Zacks,https://finance.yahoo.com/news/arthur-j-gallagher-ajg-expands-162904448.html,1672849744,STORY
53ddf113-4e64-3c6b-91b5-116baa9db951,AJG,2023-1-10,Arthur J. Gallagher & Co. Acquires MGC Group and AAFBC,PR Newswire,https://finance.yahoo.com/news/arthur-j-gallagher-co-acquires-140000165.html,1672840800,STORY
29d5aea2-6ded-31e3-ae04-30703fc4d1b3,AJG,2023-1-10,Arthur J. Gallagher & Co. (NYSE:AJG) insiders sold US$1.6m worth of stock suggesting impending weakness.,Simply Wall St.,https://finance.yahoo.com/news/arthur-j-gallagher-co-nyse-130042932.html,1672837242,STORY
2cc3cf44-9cc3-3e3c-bef2-7df1c1353f55,AJG,2023-1-10,"Arthur J. Gallagher & Co. Acquires CBS Insurance, LLP",PR Newswire,https://finance.yahoo.com/news/arthur-j-gallagher-co-acquires-140000169.html,1672754400,STORY
2750967d-5221-39d8-bf22-738c3496d1f2,AJG,2023-1-10,Why You Should Stay Invested in Arthur J. Gallagher (AJG) Stock,Zacks,https://finance.yahoo.com/news/why-stay-invested-arthur-j-130001347.html,1672318801,STORY
b9e28f26-dbd2-36bf-ad40-1fbb22721ef2,AJG,2023-1-10,"Arthur J. Gallagher (AJG) Acquires ROC Group, Boosts Portfolio",Zacks,https://finance.yahoo.com/news/arthur-j-gallagher-ajg-acquires-123712207.html,1672231032,STORY
118c442d-9795-3af4-ab87-80d7e0092c3e,AJG,2023-1-11,SPAC D&O – The Myth of the Magic Bullet,IPO-Edge.com,https://finance.yahoo.com/news/spac-d-o-myth-magic-220052505.html,1673388052,STORY
1ac457eb-49f5-3cdc-afe8-6a2ff4645f5c,AJG,2023-1-11,"With 86% ownership, Arthur J. Gallagher & Co. (NYSE:AJG) boasts of strong institutional backing",Simply Wall St.,https://finance.yahoo.com/news/86-ownership-arthur-j-gallagher-140025018.html,1673186425,STORY
35f90623-1068-3e10-9c99-ca5aa8a7b858,AJG,2023-1-11,Arthur J. Gallagher & Co. Announces Fourth Quarter 2022 Earnings Release and Conference Call Date,PR Newswire,https://finance.yahoo.com/news/arthur-j-gallagher-co-announces-140000368.html,1673013600,STORY
78a20848-12a6-3b84-bb03-66977e45c85d,AJG,2023-1-11,Arthur J. Gallagher (AJG) Expands in Texas With CBS Buyout,Zacks,https://finance.yahoo.com/news/arthur-j-gallagher-ajg-expands-162904448.html,1672849744,STORY
53ddf113-4e64-3c6b-91b5-116baa9db951,AJG,2023-1-11,Arthur J. Gallagher & Co. Acquires MGC Group and AAFBC,PR Newswire,https://finance.yahoo.com/news/arthur-j-gallagher-co-acquires-140000165.html,1672840800,STORY
29d5aea2-6ded-31e3-ae04-30703fc4d1b3,AJG,2023-1-11,Arthur J. Gallagher & Co. (NYSE:AJG) insiders sold US$1.6m worth of stock suggesting impending weakness.,Simply Wall St.,https://finance.yahoo.com/news/arthur-j-gallagher-co-nyse-130042932.html,1672837242,STORY
2cc3cf44-9cc3-3e3c-bef2-7df1c1353f55,AJG,2023-1-11,"Arthur J. Gallagher & Co. Acquires CBS Insurance, LLP",PR Newswire,https://finance.yahoo.com/news/arthur-j-gallagher-co-acquires-140000169.html,1672754400,STORY
2750967d-5221-39d8-bf22-738c3496d1f2,AJG,2023-1-11,Why You Should Stay Invested in Arthur J. Gallagher (AJG) Stock,Zacks,https://finance.yahoo.com/news/why-stay-invested-arthur-j-130001347.html,1672318801,STORY
5dfb9719-0906-37b2-9410-e66b602bd3a7,AJG,2023-1-12,"Arthur J. Gallagher & Co. Acquires John C. Breckenridge Insurance Solutions, Inc.",PR Newswire,https://finance.yahoo.com/news/arthur-j-gallagher-co-acquires-140000706.html,1673445600,STORY
118c442d-9795-3af4-ab87-80d7e0092c3e,AJG,2023-1-12,SPAC D&O – The Myth of the Magic Bullet,IPO-Edge.com,https://finance.yahoo.com/news/spac-d-o-myth-magic-220052505.html,1673388052,STORY
1ac457eb-49f5-3cdc-afe8-6a2ff4645f5c,AJG,2023-1-12,"With 86% ownership, Arthur J. Gallagher & Co. (NYSE:AJG) boasts of strong institutional backing",Simply Wall St.,https://finance.yahoo.com/news/86-ownership-arthur-j-gallagher-140025018.html,1673186425,STORY
35f90623-1068-3e10-9c99-ca5aa8a7b858,AJG,2023-1-12,Arthur J. Gallagher & Co. Announces Fourth Quarter 2022 Earnings Release and Conference Call Date,PR Newswire,https://finance.yahoo.com/news/arthur-j-gallagher-co-announces-140000368.html,1673013600,STORY
78a20848-12a6-3b84-bb03-66977e45c85d,AJG,2023-1-12,Arthur J. Gallagher (AJG) Expands in Texas With CBS Buyout,Zacks,https://finance.yahoo.com/news/arthur-j-gallagher-ajg-expands-162904448.html,1672849744,STORY
53ddf113-4e64-3c6b-91b5-116baa9db951,AJG,2023-1-12,Arthur J. Gallagher & Co. Acquires MGC Group and AAFBC,PR Newswire,https://finance.yahoo.com/news/arthur-j-gallagher-co-acquires-140000165.html,1672840800,STORY
29d5aea2-6ded-31e3-ae04-30703fc4d1b3,AJG,2023-1-12,Arthur J. Gallagher & Co. (NYSE:AJG) insiders sold US$1.6m worth of stock suggesting impending weakness.,Simply Wall St.,https://finance.yahoo.com/news/arthur-j-gallagher-co-nyse-130042932.html,1672837242,STORY
2cc3cf44-9cc3-3e3c-bef2-7df1c1353f55,AJG,2023-1-12,"Arthur J. Gallagher & Co. Acquires CBS Insurance, LLP",PR Newswire,https://finance.yahoo.com/news/arthur-j-gallagher-co-acquires-140000169.html,1672754400,STORY
e35b816a-3b51-3357-954c-81af04ef04d6,AJG,2023-1-13,Arthur J. Gallagher (AJG) Aids Health Insurance Market With JCB,Zacks,https://finance.yahoo.com/news/arthur-j-gallagher-ajg-aids-133801879.html,1673530681,STORY
5dfb9719-0906-37b2-9410-e66b602bd3a7,AJG,2023-1-13,"Arthur J. Gallagher & Co. Acquires John C. Breckenridge Insurance Solutions, Inc.",PR Newswire,https://finance.yahoo.com/news/arthur-j-gallagher-co-acquires-140000706.html,1673445600,STORY
118c442d-9795-3af4-ab87-80d7e0092c3e,AJG,2023-1-13,SPAC D&O – The Myth of the Magic Bullet,IPO-Edge.com,https://finance.yahoo.com/news/spac-d-o-myth-magic-220052505.html,1673388052,STORY
1ac457eb-49f5-3cdc-afe8-6a2ff4645f5c,AJG,2023-1-13,"With 86% ownership, Arthur J. Gallagher & Co. (NYSE:AJG) boasts of strong institutional backing",Simply Wall St.,https://finance.yahoo.com/news/86-ownership-arthur-j-gallagher-140025018.html,1673186425,STORY
35f90623-1068-3e10-9c99-ca5aa8a7b858,AJG,2023-1-13,Arthur J. Gallagher & Co. Announces Fourth Quarter 2022 Earnings Release and Conference Call Date,PR Newswire,https://finance.yahoo.com/news/arthur-j-gallagher-co-announces-140000368.html,1673013600,STORY
78a20848-12a6-3b84-bb03-66977e45c85d,AJG,2023-1-13,Arthur J. Gallagher (AJG) Expands in Texas With CBS Buyout,Zacks,https://finance.yahoo.com/news/arthur-j-gallagher-ajg-expands-162904448.html,1672849744,STORY
53ddf113-4e64-3c6b-91b5-116baa9db951,AJG,2023-1-13,Arthur J. Gallagher & Co. Acquires MGC Group and AAFBC,PR Newswire,https://finance.yahoo.com/news/arthur-j-gallagher-co-acquires-140000165.html,1672840800,STORY
29d5aea2-6ded-31e3-ae04-30703fc4d1b3,AJG,2023-1-13,Arthur J. Gallagher & Co. (NYSE:AJG) insiders sold US$1.6m worth of stock suggesting impending weakness.,Simply Wall St.,https://finance.yahoo.com/news/arthur-j-gallagher-co-nyse-130042932.html,1672837242,STORY
e35b816a-3b51-3357-954c-81af04ef04d6,AJG,2023-1-14,Arthur J. Gallagher (AJG) Aids Health Insurance Market With JCB,Zacks,https://finance.yahoo.com/news/arthur-j-gallagher-ajg-aids-133801879.html,1673530681,STORY
5dfb9719-0906-37b2-9410-e66b602bd3a7,AJG,2023-1-14,"Arthur J. Gallagher & Co. Acquires John C. Breckenridge Insurance Solutions, Inc.",PR Newswire,https://finance.yahoo.com/news/arthur-j-gallagher-co-acquires-140000706.html,1673445600,STORY
118c442d-9795-3af4-ab87-80d7e0092c3e,AJG,2023-1-14,SPAC D&O – The Myth of the Magic Bullet,IPO-Edge.com,https://finance.yahoo.com/news/spac-d-o-myth-magic-220052505.html,1673388052,STORY
1ac457eb-49f5-3cdc-afe8-6a2ff4645f5c,AJG,2023-1-14,"With 86% ownership, Arthur J. Gallagher & Co. (NYSE:AJG) boasts of strong institutional backing",Simply Wall St.,https://finance.yahoo.com/news/86-ownership-arthur-j-gallagher-140025018.html,1673186425,STORY
35f90623-1068-3e10-9c99-ca5aa8a7b858,AJG,2023-1-14,Arthur J. Gallagher & Co. Announces Fourth Quarter 2022 Earnings Release and Conference Call Date,PR Newswire,https://finance.yahoo.com/news/arthur-j-gallagher-co-announces-140000368.html,1673013600,STORY
78a20848-12a6-3b84-bb03-66977e45c85d,AJG,2023-1-14,Arthur J. Gallagher (AJG) Expands in Texas With CBS Buyout,Zacks,https://finance.yahoo.com/news/arthur-j-gallagher-ajg-expands-162904448.html,1672849744,STORY
53ddf113-4e64-3c6b-91b5-116baa9db951,AJG,2023-1-14,Arthur J. Gallagher & Co. Acquires MGC Group and AAFBC,PR Newswire,https://finance.yahoo.com/news/arthur-j-gallagher-co-acquires-140000165.html,1672840800,STORY
29d5aea2-6ded-31e3-ae04-30703fc4d1b3,AJG,2023-1-14,Arthur J. Gallagher & Co. (NYSE:AJG) insiders sold US$1.6m worth of stock suggesting impending weakness.,Simply Wall St.,https://finance.yahoo.com/news/arthur-j-gallagher-co-nyse-130042932.html,1672837242,STORY
e35b816a-3b51-3357-954c-81af04ef04d6,AJG,2023-1-15,Arthur J. Gallagher (AJG) Aids Health Insurance Market With JCB,Zacks,https://finance.yahoo.com/news/arthur-j-gallagher-ajg-aids-133801879.html,1673530681,STORY
5dfb9719-0906-37b2-9410-e66b602bd3a7,AJG,2023-1-15,"Arthur J. Gallagher & Co. Acquires John C. Breckenridge Insurance Solutions, Inc.",PR Newswire,https://finance.yahoo.com/news/arthur-j-gallagher-co-acquires-140000706.html,1673445600,STORY
118c442d-9795-3af4-ab87-80d7e0092c3e,AJG,2023-1-15,SPAC D&O – The Myth of the Magic Bullet,IPO-Edge.com,https://finance.yahoo.com/news/spac-d-o-myth-magic-220052505.html,1673388052,STORY
1ac457eb-49f5-3cdc-afe8-6a2ff4645f5c,AJG,2023-1-15,"With 86% ownership, Arthur J. Gallagher & Co. (NYSE:AJG) boasts of strong institutional backing",Simply Wall St.,https://finance.yahoo.com/news/86-ownership-arthur-j-gallagher-140025018.html,1673186425,STORY
35f90623-1068-3e10-9c99-ca5aa8a7b858,AJG,2023-1-15,Arthur J. Gallagher & Co. Announces Fourth Quarter 2022 Earnings Release and Conference Call Date,PR Newswire,https://finance.yahoo.com/news/arthur-j-gallagher-co-announces-140000368.html,1673013600,STORY
78a20848-12a6-3b84-bb03-66977e45c85d,AJG,2023-1-15,Arthur J. Gallagher (AJG) Expands in Texas With CBS Buyout,Zacks,https://finance.yahoo.com/news/arthur-j-gallagher-ajg-expands-162904448.html,1672849744,STORY
53ddf113-4e64-3c6b-91b5-116baa9db951,AJG,2023-1-15,Arthur J. Gallagher & Co. Acquires MGC Group and AAFBC,PR Newswire,https://finance.yahoo.com/news/arthur-j-gallagher-co-acquires-140000165.html,1672840800,STORY
29d5aea2-6ded-31e3-ae04-30703fc4d1b3,AJG,2023-1-15,Arthur J. Gallagher & Co. (NYSE:AJG) insiders sold US$1.6m worth of stock suggesting impending weakness.,Simply Wall St.,https://finance.yahoo.com/news/arthur-j-gallagher-co-nyse-130042932.html,1672837242,STORY
e35b816a-3b51-3357-954c-81af04ef04d6,AJG,2023-1-16,Arthur J. Gallagher (AJG) Aids Health Insurance Market With JCB,Zacks,https://finance.yahoo.com/news/arthur-j-gallagher-ajg-aids-133801879.html,1673530681,STORY
5dfb9719-0906-37b2-9410-e66b602bd3a7,AJG,2023-1-16,"Arthur J. Gallagher & Co. Acquires John C. Breckenridge Insurance Solutions, Inc.",PR Newswire,https://finance.yahoo.com/news/arthur-j-gallagher-co-acquires-140000706.html,1673445600,STORY
118c442d-9795-3af4-ab87-80d7e0092c3e,AJG,2023-1-16,SPAC D&O – The Myth of the Magic Bullet,IPO-Edge.com,https://finance.yahoo.com/news/spac-d-o-myth-magic-220052505.html,1673388052,STORY
1ac457eb-49f5-3cdc-afe8-6a2ff4645f5c,AJG,2023-1-16,"With 86% ownership, Arthur J. Gallagher & Co. (NYSE:AJG) boasts of strong institutional backing",Simply Wall St.,https://finance.yahoo.com/news/86-ownership-arthur-j-gallagher-140025018.html,1673186425,STORY
35f90623-1068-3e10-9c99-ca5aa8a7b858,AJG,2023-1-16,Arthur J. Gallagher & Co. Announces Fourth Quarter 2022 Earnings Release and Conference Call Date,PR Newswire,https://finance.yahoo.com/news/arthur-j-gallagher-co-announces-140000368.html,1673013600,STORY
78a20848-12a6-3b84-bb03-66977e45c85d,AJG,2023-1-16,Arthur J. Gallagher (AJG) Expands in Texas With CBS Buyout,Zacks,https://finance.yahoo.com/news/arthur-j-gallagher-ajg-expands-162904448.html,1672849744,STORY
53ddf113-4e64-3c6b-91b5-116baa9db951,AJG,2023-1-16,Arthur J. Gallagher & Co. Acquires MGC Group and AAFBC,PR Newswire,https://finance.yahoo.com/news/arthur-j-gallagher-co-acquires-140000165.html,1672840800,STORY
29d5aea2-6ded-31e3-ae04-30703fc4d1b3,AJG,2023-1-16,Arthur J. Gallagher & Co. (NYSE:AJG) insiders sold US$1.6m worth of stock suggesting impending weakness.,Simply Wall St.,https://finance.yahoo.com/news/arthur-j-gallagher-co-nyse-130042932.html,1672837242,STORY
9b062253-96ce-39e1-8e93-774fa28ac60b,AJG,2023-1-17,Arthur J. Gallagher & Co. Acquires First Ireland Risk Management Limited,PR Newswire,https://finance.yahoo.com/news/arthur-j-gallagher-co-acquires-103000268.html,1673951400,STORY
f37fd5a7-ae49-3d84-93a2-964c3680d61c,AJG,2023-1-17,Why Arthur J. Gallagher (AJG) is Poised to Beat Earnings Estimates Again,Zacks,https://finance.yahoo.com/news/why-arthur-j-gallagher-ajg-171005574.html,1673889005,STORY
e35b816a-3b51-3357-954c-81af04ef04d6,AJG,2023-1-17,Arthur J. Gallagher (AJG) Aids Health Insurance Market With JCB,Zacks,https://finance.yahoo.com/news/arthur-j-gallagher-ajg-aids-133801879.html,1673530681,STORY
5dfb9719-0906-37b2-9410-e66b602bd3a7,AJG,2023-1-17,"Arthur J. Gallagher & Co. Acquires John C. Breckenridge Insurance Solutions, Inc.",PR Newswire,https://finance.yahoo.com/news/arthur-j-gallagher-co-acquires-140000706.html,1673445600,STORY
118c442d-9795-3af4-ab87-80d7e0092c3e,AJG,2023-1-17,SPAC D&O – The Myth of the Magic Bullet,IPO-Edge.com,https://finance.yahoo.com/news/spac-d-o-myth-magic-220052505.html,1673388052,STORY
1ac457eb-49f5-3cdc-afe8-6a2ff4645f5c,AJG,2023-1-17,"With 86% ownership, Arthur J. Gallagher & Co. (NYSE:AJG) boasts of strong institutional backing",Simply Wall St.,https://finance.yahoo.com/news/86-ownership-arthur-j-gallagher-140025018.html,1673186425,STORY
35f90623-1068-3e10-9c99-ca5aa8a7b858,AJG,2023-1-17,Arthur J. Gallagher & Co. Announces Fourth Quarter 2022 Earnings Release and Conference Call Date,PR Newswire,https://finance.yahoo.com/news/arthur-j-gallagher-co-announces-140000368.html,1673013600,STORY
78a20848-12a6-3b84-bb03-66977e45c85d,AJG,2023-1-17,Arthur J. Gallagher (AJG) Expands in Texas With CBS Buyout,Zacks,https://finance.yahoo.com/news/arthur-j-gallagher-ajg-expands-162904448.html,1672849744,STORY
9b062253-96ce-39e1-8e93-774fa28ac60b,AJG,2023-1-18,Arthur J. Gallagher & Co. Acquires First Ireland Risk Management Limited,PR Newswire,https://finance.yahoo.com/news/arthur-j-gallagher-co-acquires-103000268.html,1673951400,STORY
f37fd5a7-ae49-3d84-93a2-964c3680d61c,AJG,2023-1-18,Why Arthur J. Gallagher (AJG) is Poised to Beat Earnings Estimates Again,Zacks,https://finance.yahoo.com/news/why-arthur-j-gallagher-ajg-171005574.html,1673889005,STORY
e35b816a-3b51-3357-954c-81af04ef04d6,AJG,2023-1-18,Arthur J. Gallagher (AJG) Aids Health Insurance Market With JCB,Zacks,https://finance.yahoo.com/news/arthur-j-gallagher-ajg-aids-133801879.html,1673530681,STORY
5dfb9719-0906-37b2-9410-e66b602bd3a7,AJG,2023-1-18,"Arthur J. Gallagher & Co. Acquires John C. Breckenridge Insurance Solutions, Inc.",PR Newswire,https://finance.yahoo.com/news/arthur-j-gallagher-co-acquires-140000706.html,1673445600,STORY
118c442d-9795-3af4-ab87-80d7e0092c3e,AJG,2023-1-18,SPAC D&O – The Myth of the Magic Bullet,IPO-Edge.com,https://finance.yahoo.com/news/spac-d-o-myth-magic-220052505.html,1673388052,STORY
1ac457eb-49f5-3cdc-afe8-6a2ff4645f5c,AJG,2023-1-18,"With 86% ownership, Arthur J. Gallagher & Co. (NYSE:AJG) boasts of strong institutional backing",Simply Wall St.,https://finance.yahoo.com/news/86-ownership-arthur-j-gallagher-140025018.html,1673186425,STORY
35f90623-1068-3e10-9c99-ca5aa8a7b858,AJG,2023-1-18,Arthur J. Gallagher & Co. Announces Fourth Quarter 2022 Earnings Release and Conference Call Date,PR Newswire,https://finance.yahoo.com/news/arthur-j-gallagher-co-announces-140000368.html,1673013600,STORY
78a20848-12a6-3b84-bb03-66977e45c85d,AJG,2023-1-18,Arthur J. Gallagher (AJG) Expands in Texas With CBS Buyout,Zacks,https://finance.yahoo.com/news/arthur-j-gallagher-ajg-expands-162904448.html,1672849744,STORY
fce8b813-d557-3bdf-a695-5aa617c2fce2,AJG,2023-1-19,Arthur J. Gallagher (AJG) Expands in Ireland With Buyout,Zacks,https://finance.yahoo.com/news/arthur-j-gallagher-ajg-expands-154103642.html,1674056463,STORY
9b062253-96ce-39e1-8e93-774fa28ac60b,AJG,2023-1-19,Arthur J. Gallagher & Co. Acquires First Ireland Risk Management Limited,PR Newswire,https://finance.yahoo.com/news/arthur-j-gallagher-co-acquires-103000268.html,1673951400,STORY
f37fd5a7-ae49-3d84-93a2-964c3680d61c,AJG,2023-1-19,Why Arthur J. Gallagher (AJG) is Poised to Beat Earnings Estimates Again,Zacks,https://finance.yahoo.com/news/why-arthur-j-gallagher-ajg-171005574.html,1673889005,STORY
e35b816a-3b51-3357-954c-81af04ef04d6,AJG,2023-1-19,Arthur J. Gallagher (AJG) Aids Health Insurance Market With JCB,Zacks,https://finance.yahoo.com/news/arthur-j-gallagher-ajg-aids-133801879.html,1673530681,STORY
5dfb9719-0906-37b2-9410-e66b602bd3a7,AJG,2023-1-19,"Arthur J. Gallagher & Co. Acquires John C. Breckenridge Insurance Solutions, Inc.",PR Newswire,https://finance.yahoo.com/news/arthur-j-gallagher-co-acquires-140000706.html,1673445600,STORY
118c442d-9795-3af4-ab87-80d7e0092c3e,AJG,2023-1-19,SPAC D&O – The Myth of the Magic Bullet,IPO-Edge.com,https://finance.yahoo.com/news/spac-d-o-myth-magic-220052505.html,1673388052,STORY
1ac457eb-49f5-3cdc-afe8-6a2ff4645f5c,AJG,2023-1-19,"With 86% ownership, Arthur J. Gallagher & Co. (NYSE:AJG) boasts of strong institutional backing",Simply Wall St.,https://finance.yahoo.com/news/86-ownership-arthur-j-gallagher-140025018.html,1673186425,STORY
35f90623-1068-3e10-9c99-ca5aa8a7b858,AJG,2023-1-19,Arthur J. Gallagher & Co. Announces Fourth Quarter 2022 Earnings Release and Conference Call Date,PR Newswire,https://finance.yahoo.com/news/arthur-j-gallagher-co-announces-140000368.html,1673013600,STORY
67ff6bf0-26c5-3997-abe3-7268e1613096,AJG,2023-1-20,Arthur J. Gallagher (AJG) Reports Next Week: Wall Street Expects Earnings Growth,Zacks,https://finance.yahoo.com/news/arthur-j-gallagher-ajg-reports-150003989.html,1674140403,STORY
fce8b813-d557-3bdf-a695-5aa617c2fce2,AJG,2023-1-20,Arthur J. Gallagher (AJG) Expands in Ireland With Buyout,Zacks,https://finance.yahoo.com/news/arthur-j-gallagher-ajg-expands-154103642.html,1674056463,STORY
9b062253-96ce-39e1-8e93-774fa28ac60b,AJG,2023-1-20,Arthur J. Gallagher & Co. Acquires First Ireland Risk Management Limited,PR Newswire,https://finance.yahoo.com/news/arthur-j-gallagher-co-acquires-103000268.html,1673951400,STORY
f37fd5a7-ae49-3d84-93a2-964c3680d61c,AJG,2023-1-20,Why Arthur J. Gallagher (AJG) is Poised to Beat Earnings Estimates Again,Zacks,https://finance.yahoo.com/news/why-arthur-j-gallagher-ajg-171005574.html,1673889005,STORY
e35b816a-3b51-3357-954c-81af04ef04d6,AJG,2023-1-20,Arthur J. Gallagher (AJG) Aids Health Insurance Market With JCB,Zacks,https://finance.yahoo.com/news/arthur-j-gallagher-ajg-aids-133801879.html,1673530681,STORY
5dfb9719-0906-37b2-9410-e66b602bd3a7,AJG,2023-1-20,"Arthur J. Gallagher & Co. Acquires John C. Breckenridge Insurance Solutions, Inc.",PR Newswire,https://finance.yahoo.com/news/arthur-j-gallagher-co-acquires-140000706.html,1673445600,STORY
118c442d-9795-3af4-ab87-80d7e0092c3e,AJG,2023-1-20,SPAC D&O – The Myth of the Magic Bullet,IPO-Edge.com,https://finance.yahoo.com/news/spac-d-o-myth-magic-220052505.html,1673388052,STORY
1ac457eb-49f5-3cdc-afe8-6a2ff4645f5c,AJG,2023-1-20,"With 86% ownership, Arthur J. Gallagher & Co. (NYSE:AJG) boasts of strong institutional backing",Simply Wall St.,https://finance.yahoo.com/news/86-ownership-arthur-j-gallagher-140025018.html,1673186425,STORY
67ff6bf0-26c5-3997-abe3-7268e1613096,AJG,2023-1-21,Arthur J. Gallagher (AJG) Reports Next Week: Wall Street Expects Earnings Growth,Zacks,https://finance.yahoo.com/news/arthur-j-gallagher-ajg-reports-150003989.html,1674140403,STORY
fce8b813-d557-3bdf-a695-5aa617c2fce2,AJG,2023-1-21,Arthur J. Gallagher (AJG) Expands in Ireland With Buyout,Zacks,https://finance.yahoo.com/news/arthur-j-gallagher-ajg-expands-154103642.html,1674056463,STORY
9b062253-96ce-39e1-8e93-774fa28ac60b,AJG,2023-1-21,Arthur J. Gallagher & Co. Acquires First Ireland Risk Management Limited,PR Newswire,https://finance.yahoo.com/news/arthur-j-gallagher-co-acquires-103000268.html,1673951400,STORY
f37fd5a7-ae49-3d84-93a2-964c3680d61c,AJG,2023-1-21,Why Arthur J. Gallagher (AJG) is Poised to Beat Earnings Estimates Again,Zacks,https://finance.yahoo.com/news/why-arthur-j-gallagher-ajg-171005574.html,1673889005,STORY
e35b816a-3b51-3357-954c-81af04ef04d6,AJG,2023-1-21,Arthur J. Gallagher (AJG) Aids Health Insurance Market With JCB,Zacks,https://finance.yahoo.com/news/arthur-j-gallagher-ajg-aids-133801879.html,1673530681,STORY
5dfb9719-0906-37b2-9410-e66b602bd3a7,AJG,2023-1-21,"Arthur J. Gallagher & Co. Acquires John C. Breckenridge Insurance Solutions, Inc.",PR Newswire,https://finance.yahoo.com/news/arthur-j-gallagher-co-acquires-140000706.html,1673445600,STORY
118c442d-9795-3af4-ab87-80d7e0092c3e,AJG,2023-1-21,SPAC D&O – The Myth of the Magic Bullet,IPO-Edge.com,https://finance.yahoo.com/news/spac-d-o-myth-magic-220052505.html,1673388052,STORY
1ac457eb-49f5-3cdc-afe8-6a2ff4645f5c,AJG,2023-1-21,"With 86% ownership, Arthur J. Gallagher & Co. (NYSE:AJG) boasts of strong institutional backing",Simply Wall St.,https://finance.yahoo.com/news/86-ownership-arthur-j-gallagher-140025018.html,1673186425,STORY
67ff6bf0-26c5-3997-abe3-7268e1613096,AJG,2023-1-22,Arthur J. Gallagher (AJG) Reports Next Week: Wall Street Expects Earnings Growth,Zacks,https://finance.yahoo.com/news/arthur-j-gallagher-ajg-reports-150003989.html,1674140403,STORY
fce8b813-d557-3bdf-a695-5aa617c2fce2,AJG,2023-1-22,Arthur J. Gallagher (AJG) Expands in Ireland With Buyout,Zacks,https://finance.yahoo.com/news/arthur-j-gallagher-ajg-expands-154103642.html,1674056463,STORY
9b062253-96ce-39e1-8e93-774fa28ac60b,AJG,2023-1-22,Arthur J. Gallagher & Co. Acquires First Ireland Risk Management Limited,PR Newswire,https://finance.yahoo.com/news/arthur-j-gallagher-co-acquires-103000268.html,1673951400,STORY
f37fd5a7-ae49-3d84-93a2-964c3680d61c,AJG,2023-1-22,Why Arthur J. Gallagher (AJG) is Poised to Beat Earnings Estimates Again,Zacks,https://finance.yahoo.com/news/why-arthur-j-gallagher-ajg-171005574.html,1673889005,STORY
e35b816a-3b51-3357-954c-81af04ef04d6,AJG,2023-1-22,Arthur J. Gallagher (AJG) Aids Health Insurance Market With JCB,Zacks,https://finance.yahoo.com/news/arthur-j-gallagher-ajg-aids-133801879.html,1673530681,STORY
5dfb9719-0906-37b2-9410-e66b602bd3a7,AJG,2023-1-22,"Arthur J. Gallagher & Co. Acquires John C. Breckenridge Insurance Solutions, Inc.",PR Newswire,https://finance.yahoo.com/news/arthur-j-gallagher-co-acquires-140000706.html,1673445600,STORY
118c442d-9795-3af4-ab87-80d7e0092c3e,AJG,2023-1-22,SPAC D&O – The Myth of the Magic Bullet,IPO-Edge.com,https://finance.yahoo.com/news/spac-d-o-myth-magic-220052505.html,1673388052,STORY
1ac457eb-49f5-3cdc-afe8-6a2ff4645f5c,AJG,2023-1-22,"With 86% ownership, Arthur J. Gallagher & Co. (NYSE:AJG) boasts of strong institutional backing",Simply Wall St.,https://finance.yahoo.com/news/86-ownership-arthur-j-gallagher-140025018.html,1673186425,STORY
67ff6bf0-26c5-3997-abe3-7268e1613096,AJG,2023-1-23,Arthur J. Gallagher (AJG) Reports Next Week: Wall Street Expects Earnings Growth,Zacks,https://finance.yahoo.com/news/arthur-j-gallagher-ajg-reports-150003989.html,1674140403,STORY
fce8b813-d557-3bdf-a695-5aa617c2fce2,AJG,2023-1-23,Arthur J. Gallagher (AJG) Expands in Ireland With Buyout,Zacks,https://finance.yahoo.com/news/arthur-j-gallagher-ajg-expands-154103642.html,1674056463,STORY
9b062253-96ce-39e1-8e93-774fa28ac60b,AJG,2023-1-23,Arthur J. Gallagher & Co. Acquires First Ireland Risk Management Limited,PR Newswire,https://finance.yahoo.com/news/arthur-j-gallagher-co-acquires-103000268.html,1673951400,STORY
f37fd5a7-ae49-3d84-93a2-964c3680d61c,AJG,2023-1-23,Why Arthur J. Gallagher (AJG) is Poised to Beat Earnings Estimates Again,Zacks,https://finance.yahoo.com/news/why-arthur-j-gallagher-ajg-171005574.html,1673889005,STORY
e35b816a-3b51-3357-954c-81af04ef04d6,AJG,2023-1-23,Arthur J. Gallagher (AJG) Aids Health Insurance Market With JCB,Zacks,https://finance.yahoo.com/news/arthur-j-gallagher-ajg-aids-133801879.html,1673530681,STORY
5dfb9719-0906-37b2-9410-e66b602bd3a7,AJG,2023-1-23,"Arthur J. Gallagher & Co. Acquires John C. Breckenridge Insurance Solutions, Inc.",PR Newswire,https://finance.yahoo.com/news/arthur-j-gallagher-co-acquires-140000706.html,1673445600,STORY
118c442d-9795-3af4-ab87-80d7e0092c3e,AJG,2023-1-23,SPAC D&O – The Myth of the Magic Bullet,IPO-Edge.com,https://finance.yahoo.com/news/spac-d-o-myth-magic-220052505.html,1673388052,STORY
1ac457eb-49f5-3cdc-afe8-6a2ff4645f5c,AJG,2023-1-23,"With 86% ownership, Arthur J. Gallagher & Co. (NYSE:AJG) boasts of strong institutional backing",Simply Wall St.,https://finance.yahoo.com/news/86-ownership-arthur-j-gallagher-140025018.html,1673186425,STORY
77cbd6b2-380e-3ee1-ada4-f591d1a3a42f,AJG,2023-1-24,Brown & Brown (BRO) Surpasses Q4 Earnings and Revenue Estimates,Zacks,https://finance.yahoo.com/news/brown-brown-bro-surpasses-q4-234511632.html,1674517511,STORY
f808082b-cc65-374a-85c0-4af199382a1a,AJG,2023-1-24,"Arthur J. Gallagher & Co. Acquires Remco Insurance Agencies, Inc.",PR Newswire,https://finance.yahoo.com/news/arthur-j-gallagher-co-acquires-140000585.html,1674482400,STORY
4f101200-a022-38af-be5f-d0cb460f514a,AJG,2023-1-24,What's in Store for Arthur J. Gallagher (AJG) in Q4 Earnings?,Zacks,https://finance.yahoo.com/news/whats-store-arthur-j-gallagher-113111045.html,1674473471,STORY
67ff6bf0-26c5-3997-abe3-7268e1613096,AJG,2023-1-24,Arthur J. Gallagher (AJG) Reports Next Week: Wall Street Expects Earnings Growth,Zacks,https://finance.yahoo.com/news/arthur-j-gallagher-ajg-reports-150003989.html,1674140403,STORY
fce8b813-d557-3bdf-a695-5aa617c2fce2,AJG,2023-1-24,Arthur J. Gallagher (AJG) Expands in Ireland With Buyout,Zacks,https://finance.yahoo.com/news/arthur-j-gallagher-ajg-expands-154103642.html,1674056463,STORY
9b062253-96ce-39e1-8e93-774fa28ac60b,AJG,2023-1-24,Arthur J. Gallagher & Co. Acquires First Ireland Risk Management Limited,PR Newswire,https://finance.yahoo.com/news/arthur-j-gallagher-co-acquires-103000268.html,1673951400,STORY
f37fd5a7-ae49-3d84-93a2-964c3680d61c,AJG,2023-1-24,Why Arthur J. Gallagher (AJG) is Poised to Beat Earnings Estimates Again,Zacks,https://finance.yahoo.com/news/why-arthur-j-gallagher-ajg-171005574.html,1673889005,STORY
e35b816a-3b51-3357-954c-81af04ef04d6,AJG,2023-1-24,Arthur J. Gallagher (AJG) Aids Health Insurance Market With JCB,Zacks,https://finance.yahoo.com/news/arthur-j-gallagher-ajg-aids-133801879.html,1673530681,STORY
e9a5e72a-d9c5-3e7e-8301-77c596c42771,AJG,2023-1-25,Here's Why Arthur J. Gallagher (NYSE:AJG) Has Caught The Eye Of Investors,Simply Wall St.,https://finance.yahoo.com/news/heres-why-arthur-j-gallagher-102754442.html,1674642474,STORY
77cbd6b2-380e-3ee1-ada4-f591d1a3a42f,AJG,2023-1-25,Brown & Brown (BRO) Surpasses Q4 Earnings and Revenue Estimates,Zacks,https://finance.yahoo.com/news/brown-brown-bro-surpasses-q4-234511632.html,1674517511,STORY
f808082b-cc65-374a-85c0-4af199382a1a,AJG,2023-1-25,"Arthur J. Gallagher & Co. Acquires Remco Insurance Agencies, Inc.",PR Newswire,https://finance.yahoo.com/news/arthur-j-gallagher-co-acquires-140000585.html,1674482400,STORY
4f101200-a022-38af-be5f-d0cb460f514a,AJG,2023-1-25,What's in Store for Arthur J. Gallagher (AJG) in Q4 Earnings?,Zacks,https://finance.yahoo.com/news/whats-store-arthur-j-gallagher-113111045.html,1674473471,STORY
67ff6bf0-26c5-3997-abe3-7268e1613096,AJG,2023-1-25,Arthur J. Gallagher (AJG) Reports Next Week: Wall Street Expects Earnings Growth,Zacks,https://finance.yahoo.com/news/arthur-j-gallagher-ajg-reports-150003989.html,1674140403,STORY
fce8b813-d557-3bdf-a695-5aa617c2fce2,AJG,2023-1-25,Arthur J. Gallagher (AJG) Expands in Ireland With Buyout,Zacks,https://finance.yahoo.com/news/arthur-j-gallagher-ajg-expands-154103642.html,1674056463,STORY
9b062253-96ce-39e1-8e93-774fa28ac60b,AJG,2023-1-25,Arthur J. Gallagher & Co. Acquires First Ireland Risk Management Limited,PR Newswire,https://finance.yahoo.com/news/arthur-j-gallagher-co-acquires-103000268.html,1673951400,STORY
f37fd5a7-ae49-3d84-93a2-964c3680d61c,AJG,2023-1-25,Why Arthur J. Gallagher (AJG) is Poised to Beat Earnings Estimates Again,Zacks,https://finance.yahoo.com/news/why-arthur-j-gallagher-ajg-171005574.html,1673889005,STORY
aefae8e6-009d-3f5e-b026-7e3d94d73477,AJG,2023-1-26,Why This Top Insurance CEO Was Embarrassed To Win A Company Car,Investor's Business Daily,https://finance.yahoo.com/m/aefae8e6-009d-3f5e-b026-7e3d94d73477/why-this-top-insurance-ceo.html,1674734415,STORY
ae1e4a9a-d8cc-3fe8-8857-2b0e80c6a468,AJG,2023-1-26,"Insurance Stocks' Q4 Earnings on Jan 26: AJG, MMC and WRB",Zacks,https://finance.yahoo.com/news/insurance-stocks-q4-earnings-jan-144602010.html,1674657962,STORY
e9a5e72a-d9c5-3e7e-8301-77c596c42771,AJG,2023-1-26,Here's Why Arthur J. Gallagher (NYSE:AJG) Has Caught The Eye Of Investors,Simply Wall St.,https://finance.yahoo.com/news/heres-why-arthur-j-gallagher-102754442.html,1674642474,STORY
77cbd6b2-380e-3ee1-ada4-f591d1a3a42f,AJG,2023-1-26,Brown & Brown (BRO) Surpasses Q4 Earnings and Revenue Estimates,Zacks,https://finance.yahoo.com/news/brown-brown-bro-surpasses-q4-234511632.html,1674517511,STORY
f808082b-cc65-374a-85c0-4af199382a1a,AJG,2023-1-26,"Arthur J. Gallagher & Co. Acquires Remco Insurance Agencies, Inc.",PR Newswire,https://finance.yahoo.com/news/arthur-j-gallagher-co-acquires-140000585.html,1674482400,STORY
4f101200-a022-38af-be5f-d0cb460f514a,AJG,2023-1-26,What's in Store for Arthur J. Gallagher (AJG) in Q4 Earnings?,Zacks,https://finance.yahoo.com/news/whats-store-arthur-j-gallagher-113111045.html,1674473471,STORY
67ff6bf0-26c5-3997-abe3-7268e1613096,AJG,2023-1-26,Arthur J. Gallagher (AJG) Reports Next Week: Wall Street Expects Earnings Growth,Zacks,https://finance.yahoo.com/news/arthur-j-gallagher-ajg-reports-150003989.html,1674140403,STORY
fce8b813-d557-3bdf-a695-5aa617c2fce2,AJG,2023-1-26,Arthur J. Gallagher (AJG) Expands in Ireland With Buyout,Zacks,https://finance.yahoo.com/news/arthur-j-gallagher-ajg-expands-154103642.html,1674056463,STORY
03e564dd-2493-3746-a618-3578bec167ea,AJG,2023-1-27,Arthur J. Gallagher (AJG) Q4 Earnings and Revenues Top Estimates,Zacks,https://finance.yahoo.com/news/arthur-j-gallagher-ajg-q4-224510852.html,1674773110,STORY
44f8dcb1-f3c8-31fa-9930-50bed3ab7fda,AJG,2023-1-27,Arthur J. Gallagher & Co. Announces Fourth Quarter and Full Year 2022 Financial Results,PR Newswire,https://finance.yahoo.com/news/arthur-j-gallagher-co-announces-211500936.html,1674767700,STORY
505ec5d9-fc28-3e8f-a364-ebf70c2a6d92,AJG,2023-1-27,The Argus Min Vol Model Portfolio,Argus Research,https://finance.yahoo.com/m/505ec5d9-fc28-3e8f-a364-ebf70c2a6d92/the-argus-min-vol-model.html,1674748218,STORY
a19aa05f-77ed-371f-88cd-4329f7d6bbd9,AJG,2023-1-27,Technical Assessment: Neutral in the Intermediate-Term,Argus Research,https://finance.yahoo.com/m/a19aa05f-77ed-371f-88cd-4329f7d6bbd9/technical-assessment%3A-neutral.html,1674735185,STORY
aefae8e6-009d-3f5e-b026-7e3d94d73477,AJG,2023-1-27,Why This Top Insurance CEO Was Embarrassed To Win A Company Car,Investor's Business Daily,https://finance.yahoo.com/m/aefae8e6-009d-3f5e-b026-7e3d94d73477/why-this-top-insurance-ceo.html,1674734415,STORY
ae1e4a9a-d8cc-3fe8-8857-2b0e80c6a468,AJG,2023-1-27,"Insurance Stocks' Q4 Earnings on Jan 26: AJG, MMC and WRB",Zacks,https://finance.yahoo.com/news/insurance-stocks-q4-earnings-jan-144602010.html,1674657962,STORY
e9a5e72a-d9c5-3e7e-8301-77c596c42771,AJG,2023-1-27,Here's Why Arthur J. Gallagher (NYSE:AJG) Has Caught The Eye Of Investors,Simply Wall St.,https://finance.yahoo.com/news/heres-why-arthur-j-gallagher-102754442.html,1674642474,STORY
77cbd6b2-380e-3ee1-ada4-f591d1a3a42f,AJG,2023-1-27,Brown & Brown (BRO) Surpasses Q4 Earnings and Revenue Estimates,Zacks,https://finance.yahoo.com/news/brown-brown-bro-surpasses-q4-234511632.html,1674517511,STORY
7a9381af-a1cd-391e-98a1-2467fe379bf9,AJG,2023-1-28,Arthur J. Gallagher Full Year 2022 Earnings: EPS Misses Expectations,Simply Wall St.,https://finance.yahoo.com/news/arthur-j-gallagher-full-2022-123741743.html,1674909461,STORY
df34e12e-ff06-3595-bf64-47789dbe343a,AJG,2023-1-28,"Arthur J. Gallagher (AJG) Q4 Earnings Beat, Increase Y/Y",Zacks,https://finance.yahoo.com/news/arthur-j-gallagher-ajg-q4-140202674.html,1674828122,STORY
03e564dd-2493-3746-a618-3578bec167ea,AJG,2023-1-28,Arthur J. Gallagher (AJG) Q4 Earnings and Revenues Top Estimates,Zacks,https://finance.yahoo.com/news/arthur-j-gallagher-ajg-q4-224510852.html,1674773110,STORY
44f8dcb1-f3c8-31fa-9930-50bed3ab7fda,AJG,2023-1-28,Arthur J. Gallagher & Co. Announces Fourth Quarter and Full Year 2022 Financial Results,PR Newswire,https://finance.yahoo.com/news/arthur-j-gallagher-co-announces-211500936.html,1674767700,STORY
505ec5d9-fc28-3e8f-a364-ebf70c2a6d92,AJG,2023-1-28,The Argus Min Vol Model Portfolio,Argus Research,https://finance.yahoo.com/m/505ec5d9-fc28-3e8f-a364-ebf70c2a6d92/the-argus-min-vol-model.html,1674748218,STORY
aefae8e6-009d-3f5e-b026-7e3d94d73477,AJG,2023-1-28,Why This Top Insurance CEO Was Embarrassed To Win A Company Car,Investor's Business Daily,https://finance.yahoo.com/m/aefae8e6-009d-3f5e-b026-7e3d94d73477/why-this-top-insurance-ceo.html,1674734415,STORY
ae1e4a9a-d8cc-3fe8-8857-2b0e80c6a468,AJG,2023-1-28,"Insurance Stocks' Q4 Earnings on Jan 26: AJG, MMC and WRB",Zacks,https://finance.yahoo.com/news/insurance-stocks-q4-earnings-jan-144602010.html,1674657962,STORY
e9a5e72a-d9c5-3e7e-8301-77c596c42771,AJG,2023-1-28,Here's Why Arthur J. Gallagher (NYSE:AJG) Has Caught The Eye Of Investors,Simply Wall St.,https://finance.yahoo.com/news/heres-why-arthur-j-gallagher-102754442.html,1674642474,STORY
fea43f95-f16c-3544-abce-15a2a5c6ce82,AJG,2023-1-29,Arthur J. Gallagher's (NYSE:AJG) Dividend Will Be Increased To $0.55,Simply Wall St.,https://finance.yahoo.com/news/arthur-j-gallaghers-nyse-ajg-123812049.html,1674995892,STORY
7a9381af-a1cd-391e-98a1-2467fe379bf9,AJG,2023-1-29,Arthur J. Gallagher Full Year 2022 Earnings: EPS Misses Expectations,Simply Wall St.,https://finance.yahoo.com/news/arthur-j-gallagher-full-2022-123741743.html,1674909461,STORY
df34e12e-ff06-3595-bf64-47789dbe343a,AJG,2023-1-29,"Arthur J. Gallagher (AJG) Q4 Earnings Beat, Increase Y/Y",Zacks,https://finance.yahoo.com/news/arthur-j-gallagher-ajg-q4-140202674.html,1674828122,STORY
03e564dd-2493-3746-a618-3578bec167ea,AJG,2023-1-29,Arthur J. Gallagher (AJG) Q4 Earnings and Revenues Top Estimates,Zacks,https://finance.yahoo.com/news/arthur-j-gallagher-ajg-q4-224510852.html,1674773110,STORY
44f8dcb1-f3c8-31fa-9930-50bed3ab7fda,AJG,2023-1-29,Arthur J. Gallagher & Co. Announces Fourth Quarter and Full Year 2022 Financial Results,PR Newswire,https://finance.yahoo.com/news/arthur-j-gallagher-co-announces-211500936.html,1674767700,STORY
aefae8e6-009d-3f5e-b026-7e3d94d73477,AJG,2023-1-29,Why This Top Insurance CEO Was Embarrassed To Win A Company Car,Investor's Business Daily,https://finance.yahoo.com/m/aefae8e6-009d-3f5e-b026-7e3d94d73477/why-this-top-insurance-ceo.html,1674734415,STORY
ae1e4a9a-d8cc-3fe8-8857-2b0e80c6a468,AJG,2023-1-29,"Insurance Stocks' Q4 Earnings on Jan 26: AJG, MMC and WRB",Zacks,https://finance.yahoo.com/news/insurance-stocks-q4-earnings-jan-144602010.html,1674657962,STORY
e9a5e72a-d9c5-3e7e-8301-77c596c42771,AJG,2023-1-29,Here's Why Arthur J. Gallagher (NYSE:AJG) Has Caught The Eye Of Investors,Simply Wall St.,https://finance.yahoo.com/news/heres-why-arthur-j-gallagher-102754442.html,1674642474,STORY
fea43f95-f16c-3544-abce-15a2a5c6ce82,AJG,2023-1-30,Arthur J. Gallagher's (NYSE:AJG) Dividend Will Be Increased To $0.55,Simply Wall St.,https://finance.yahoo.com/news/arthur-j-gallaghers-nyse-ajg-123812049.html,1674995892,STORY
7a9381af-a1cd-391e-98a1-2467fe379bf9,AJG,2023-1-30,Arthur J. Gallagher Full Year 2022 Earnings: EPS Misses Expectations,Simply Wall St.,https://finance.yahoo.com/news/arthur-j-gallagher-full-2022-123741743.html,1674909461,STORY
df34e12e-ff06-3595-bf64-47789dbe343a,AJG,2023-1-30,"Arthur J. Gallagher (AJG) Q4 Earnings Beat, Increase Y/Y",Zacks,https://finance.yahoo.com/news/arthur-j-gallagher-ajg-q4-140202674.html,1674828122,STORY
03e564dd-2493-3746-a618-3578bec167ea,AJG,2023-1-30,Arthur J. Gallagher (AJG) Q4 Earnings and Revenues Top Estimates,Zacks,https://finance.yahoo.com/news/arthur-j-gallagher-ajg-q4-224510852.html,1674773110,STORY
44f8dcb1-f3c8-31fa-9930-50bed3ab7fda,AJG,2023-1-30,Arthur J. Gallagher & Co. Announces Fourth Quarter and Full Year 2022 Financial Results,PR Newswire,https://finance.yahoo.com/news/arthur-j-gallagher-co-announces-211500936.html,1674767700,STORY
aefae8e6-009d-3f5e-b026-7e3d94d73477,AJG,2023-1-30,Why This Top Insurance CEO Was Embarrassed To Win A Company Car,Investor's Business Daily,https://finance.yahoo.com/m/aefae8e6-009d-3f5e-b026-7e3d94d73477/why-this-top-insurance-ceo.html,1674734415,STORY
ae1e4a9a-d8cc-3fe8-8857-2b0e80c6a468,AJG,2023-1-30,"Insurance Stocks' Q4 Earnings on Jan 26: AJG, MMC and WRB",Zacks,https://finance.yahoo.com/news/insurance-stocks-q4-earnings-jan-144602010.html,1674657962,STORY
e9a5e72a-d9c5-3e7e-8301-77c596c42771,AJG,2023-1-30,Here's Why Arthur J. Gallagher (NYSE:AJG) Has Caught The Eye Of Investors,Simply Wall St.,https://finance.yahoo.com/news/heres-why-arthur-j-gallagher-102754442.html,1674642474,STORY
6a57e5e0-7401-3362-9242-374fb913fab0,AJG,2023-1-31,Arthur J. Gallagher & Co. (NYSE:AJG) Q4 2022 Earnings Call Transcript,Insider Monkey,https://finance.yahoo.com/news/arthur-j-gallagher-co-nyse-144736190.html,1675090056,STORY
fea43f95-f16c-3544-abce-15a2a5c6ce82,AJG,2023-1-31,Arthur J. Gallagher's (NYSE:AJG) Dividend Will Be Increased To $0.55,Simply Wall St.,https://finance.yahoo.com/news/arthur-j-gallaghers-nyse-ajg-123812049.html,1674995892,STORY
7a9381af-a1cd-391e-98a1-2467fe379bf9,AJG,2023-1-31,Arthur J. Gallagher Full Year 2022 Earnings: EPS Misses Expectations,Simply Wall St.,https://finance.yahoo.com/news/arthur-j-gallagher-full-2022-123741743.html,1674909461,STORY
df34e12e-ff06-3595-bf64-47789dbe343a,AJG,2023-1-31,"Arthur J. Gallagher (AJG) Q4 Earnings Beat, Increase Y/Y",Zacks,https://finance.yahoo.com/news/arthur-j-gallagher-ajg-q4-140202674.html,1674828122,STORY
03e564dd-2493-3746-a618-3578bec167ea,AJG,2023-1-31,Arthur J. Gallagher (AJG) Q4 Earnings and Revenues Top Estimates,Zacks,https://finance.yahoo.com/news/arthur-j-gallagher-ajg-q4-224510852.html,1674773110,STORY
44f8dcb1-f3c8-31fa-9930-50bed3ab7fda,AJG,2023-1-31,Arthur J. Gallagher & Co. Announces Fourth Quarter and Full Year 2022 Financial Results,PR Newswire,https://finance.yahoo.com/news/arthur-j-gallagher-co-announces-211500936.html,1674767700,STORY
aefae8e6-009d-3f5e-b026-7e3d94d73477,AJG,2023-1-31,Why This Top Insurance CEO Was Embarrassed To Win A Company Car,Investor's Business Daily,https://finance.yahoo.com/m/aefae8e6-009d-3f5e-b026-7e3d94d73477/why-this-top-insurance-ceo.html,1674734415,STORY
ae1e4a9a-d8cc-3fe8-8857-2b0e80c6a468,AJG,2023-1-31,"Insurance Stocks' Q4 Earnings on Jan 26: AJG, MMC and WRB",Zacks,https://finance.yahoo.com/news/insurance-stocks-q4-earnings-jan-144602010.html,1674657962,STORY
e94e4ac8-ee33-35e4-840a-b6810048703e,AJG,2023-2-1,"Market Digest: AJG, CMCSA, GLW, UPS",Argus Research,https://finance.yahoo.com/m/e94e4ac8-ee33-35e4-840a-b6810048703e/market-digest%3A-ajg%2C-cmcsa%2C.html,1675252376,STORY
6a57e5e0-7401-3362-9242-374fb913fab0,AJG,2023-2-1,Arthur J. Gallagher & Co. (NYSE:AJG) Q4 2022 Earnings Call Transcript,Insider Monkey,https://finance.yahoo.com/news/arthur-j-gallagher-co-nyse-144736190.html,1675090056,STORY
fea43f95-f16c-3544-abce-15a2a5c6ce82,AJG,2023-2-1,Arthur J. Gallagher's (NYSE:AJG) Dividend Will Be Increased To $0.55,Simply Wall St.,https://finance.yahoo.com/news/arthur-j-gallaghers-nyse-ajg-123812049.html,1674995892,STORY
7a9381af-a1cd-391e-98a1-2467fe379bf9,AJG,2023-2-1,Arthur J. Gallagher Full Year 2022 Earnings: EPS Misses Expectations,Simply Wall St.,https://finance.yahoo.com/news/arthur-j-gallagher-full-2022-123741743.html,1674909461,STORY
df34e12e-ff06-3595-bf64-47789dbe343a,AJG,2023-2-1,"Arthur J. Gallagher (AJG) Q4 Earnings Beat, Increase Y/Y",Zacks,https://finance.yahoo.com/news/arthur-j-gallagher-ajg-q4-140202674.html,1674828122,STORY
03e564dd-2493-3746-a618-3578bec167ea,AJG,2023-2-1,Arthur J. Gallagher (AJG) Q4 Earnings and Revenues Top Estimates,Zacks,https://finance.yahoo.com/news/arthur-j-gallagher-ajg-q4-224510852.html,1674773110,STORY
44f8dcb1-f3c8-31fa-9930-50bed3ab7fda,AJG,2023-2-1,Arthur J. Gallagher & Co. Announces Fourth Quarter and Full Year 2022 Financial Results,PR Newswire,https://finance.yahoo.com/news/arthur-j-gallagher-co-announces-211500936.html,1674767700,STORY
aefae8e6-009d-3f5e-b026-7e3d94d73477,AJG,2023-2-1,Why This Top Insurance CEO Was Embarrassed To Win A Company Car,Investor's Business Daily,https://finance.yahoo.com/m/aefae8e6-009d-3f5e-b026-7e3d94d73477/why-this-top-insurance-ceo.html,1674734415,STORY
6da7fc0f-5c91-3835-929b-5365e6d30774,AJG,2023-2-2,Public company aims to scale 90-year-old Denver insurance agency's approach,American City Business Journals,https://finance.yahoo.com/m/6da7fc0f-5c91-3835-929b-5365e6d30774/public-company-aims-to-scale.html,1675265053,STORY
2e76aaba-121f-3462-b972-3fb5ba30787d,AJG,2023-2-2,Analyst Report: Arthur J. Gallagher & Co.,Argus Research,https://finance.yahoo.com/m/2e76aaba-121f-3462-b972-3fb5ba30787d/analyst-report%3A-arthur-j..html,1675253276,STORY
e94e4ac8-ee33-35e4-840a-b6810048703e,AJG,2023-2-2,"Market Digest: AJG, CMCSA, GLW, UPS",Argus Research,https://finance.yahoo.com/m/e94e4ac8-ee33-35e4-840a-b6810048703e/market-digest%3A-ajg%2C-cmcsa%2C.html,1675252376,STORY
6a57e5e0-7401-3362-9242-374fb913fab0,AJG,2023-2-2,Arthur J. Gallagher & Co. (NYSE:AJG) Q4 2022 Earnings Call Transcript,Insider Monkey,https://finance.yahoo.com/news/arthur-j-gallagher-co-nyse-144736190.html,1675090056,STORY
fea43f95-f16c-3544-abce-15a2a5c6ce82,AJG,2023-2-2,Arthur J. Gallagher's (NYSE:AJG) Dividend Will Be Increased To $0.55,Simply Wall St.,https://finance.yahoo.com/news/arthur-j-gallaghers-nyse-ajg-123812049.html,1674995892,STORY
7a9381af-a1cd-391e-98a1-2467fe379bf9,AJG,2023-2-2,Arthur J. Gallagher Full Year 2022 Earnings: EPS Misses Expectations,Simply Wall St.,https://finance.yahoo.com/news/arthur-j-gallagher-full-2022-123741743.html,1674909461,STORY
df34e12e-ff06-3595-bf64-47789dbe343a,AJG,2023-2-2,"Arthur J. Gallagher (AJG) Q4 Earnings Beat, Increase Y/Y",Zacks,https://finance.yahoo.com/news/arthur-j-gallagher-ajg-q4-140202674.html,1674828122,STORY
03e564dd-2493-3746-a618-3578bec167ea,AJG,2023-2-2,Arthur J. Gallagher (AJG) Q4 Earnings and Revenues Top Estimates,Zacks,https://finance.yahoo.com/news/arthur-j-gallagher-ajg-q4-224510852.html,1674773110,STORY
6da7fc0f-5c91-3835-929b-5365e6d30774,AJG,2023-2-3,Public company aims to scale 90-year-old Denver insurance agency's approach,American City Business Journals,https://finance.yahoo.com/m/6da7fc0f-5c91-3835-929b-5365e6d30774/public-company-aims-to-scale.html,1675265053,STORY
6a57e5e0-7401-3362-9242-374fb913fab0,AJG,2023-2-3,Arthur J. Gallagher & Co. (NYSE:AJG) Q4 2022 Earnings Call Transcript,Insider Monkey,https://finance.yahoo.com/news/arthur-j-gallagher-co-nyse-144736190.html,1675090056,STORY
fea43f95-f16c-3544-abce-15a2a5c6ce82,AJG,2023-2-3,Arthur J. Gallagher's (NYSE:AJG) Dividend Will Be Increased To $0.55,Simply Wall St.,https://finance.yahoo.com/news/arthur-j-gallaghers-nyse-ajg-123812049.html,1674995892,STORY
7a9381af-a1cd-391e-98a1-2467fe379bf9,AJG,2023-2-3,Arthur J. Gallagher Full Year 2022 Earnings: EPS Misses Expectations,Simply Wall St.,https://finance.yahoo.com/news/arthur-j-gallagher-full-2022-123741743.html,1674909461,STORY
df34e12e-ff06-3595-bf64-47789dbe343a,AJG,2023-2-3,"Arthur J. Gallagher (AJG) Q4 Earnings Beat, Increase Y/Y",Zacks,https://finance.yahoo.com/news/arthur-j-gallagher-ajg-q4-140202674.html,1674828122,STORY
03e564dd-2493-3746-a618-3578bec167ea,AJG,2023-2-3,Arthur J. Gallagher (AJG) Q4 Earnings and Revenues Top Estimates,Zacks,https://finance.yahoo.com/news/arthur-j-gallagher-ajg-q4-224510852.html,1674773110,STORY
44f8dcb1-f3c8-31fa-9930-50bed3ab7fda,AJG,2023-2-3,Arthur J. Gallagher & Co. Announces Fourth Quarter and Full Year 2022 Financial Results,PR Newswire,https://finance.yahoo.com/news/arthur-j-gallagher-co-announces-211500936.html,1674767700,STORY
aefae8e6-009d-3f5e-b026-7e3d94d73477,AJG,2023-2-3,Why This Top Insurance CEO Was Embarrassed To Win A Company Car,Investor's Business Daily,https://finance.yahoo.com/m/aefae8e6-009d-3f5e-b026-7e3d94d73477/why-this-top-insurance-ceo.html,1674734415,STORY
6da7fc0f-5c91-3835-929b-5365e6d30774,AJG,2023-2-4,Public company aims to scale 90-year-old Denver insurance agency's approach,American City Business Journals,https://finance.yahoo.com/m/6da7fc0f-5c91-3835-929b-5365e6d30774/public-company-aims-to-scale.html,1675265053,STORY
6a57e5e0-7401-3362-9242-374fb913fab0,AJG,2023-2-4,Arthur J. Gallagher & Co. (NYSE:AJG) Q4 2022 Earnings Call Transcript,Insider Monkey,https://finance.yahoo.com/news/arthur-j-gallagher-co-nyse-144736190.html,1675090056,STORY
fea43f95-f16c-3544-abce-15a2a5c6ce82,AJG,2023-2-4,Arthur J. Gallagher's (NYSE:AJG) Dividend Will Be Increased To $0.55,Simply Wall St.,https://finance.yahoo.com/news/arthur-j-gallaghers-nyse-ajg-123812049.html,1674995892,STORY
7a9381af-a1cd-391e-98a1-2467fe379bf9,AJG,2023-2-4,Arthur J. Gallagher Full Year 2022 Earnings: EPS Misses Expectations,Simply Wall St.,https://finance.yahoo.com/news/arthur-j-gallagher-full-2022-123741743.html,1674909461,STORY
df34e12e-ff06-3595-bf64-47789dbe343a,AJG,2023-2-4,"Arthur J. Gallagher (AJG) Q4 Earnings Beat, Increase Y/Y",Zacks,https://finance.yahoo.com/news/arthur-j-gallagher-ajg-q4-140202674.html,1674828122,STORY
03e564dd-2493-3746-a618-3578bec167ea,AJG,2023-2-4,Arthur J. Gallagher (AJG) Q4 Earnings and Revenues Top Estimates,Zacks,https://finance.yahoo.com/news/arthur-j-gallagher-ajg-q4-224510852.html,1674773110,STORY
44f8dcb1-f3c8-31fa-9930-50bed3ab7fda,AJG,2023-2-4,Arthur J. Gallagher & Co. Announces Fourth Quarter and Full Year 2022 Financial Results,PR Newswire,https://finance.yahoo.com/news/arthur-j-gallagher-co-announces-211500936.html,1674767700,STORY
aefae8e6-009d-3f5e-b026-7e3d94d73477,AJG,2023-2-4,Why This Top Insurance CEO Was Embarrassed To Win A Company Car,Investor's Business Daily,https://finance.yahoo.com/m/aefae8e6-009d-3f5e-b026-7e3d94d73477/why-this-top-insurance-ceo.html,1674734415,STORY
6da7fc0f-5c91-3835-929b-5365e6d30774,AJG,2023-2-5,Public company aims to scale 90-year-old Denver insurance agency's approach,American City Business Journals,https://finance.yahoo.com/m/6da7fc0f-5c91-3835-929b-5365e6d30774/public-company-aims-to-scale.html,1675265053,STORY
6a57e5e0-7401-3362-9242-374fb913fab0,AJG,2023-2-5,Arthur J. Gallagher & Co. (NYSE:AJG) Q4 2022 Earnings Call Transcript,Insider Monkey,https://finance.yahoo.com/news/arthur-j-gallagher-co-nyse-144736190.html,1675090056,STORY
fea43f95-f16c-3544-abce-15a2a5c6ce82,AJG,2023-2-5,Arthur J. Gallagher's (NYSE:AJG) Dividend Will Be Increased To $0.55,Simply Wall St.,https://finance.yahoo.com/news/arthur-j-gallaghers-nyse-ajg-123812049.html,1674995892,STORY
7a9381af-a1cd-391e-98a1-2467fe379bf9,AJG,2023-2-5,Arthur J. Gallagher Full Year 2022 Earnings: EPS Misses Expectations,Simply Wall St.,https://finance.yahoo.com/news/arthur-j-gallagher-full-2022-123741743.html,1674909461,STORY
df34e12e-ff06-3595-bf64-47789dbe343a,AJG,2023-2-5,"Arthur J. Gallagher (AJG) Q4 Earnings Beat, Increase Y/Y",Zacks,https://finance.yahoo.com/news/arthur-j-gallagher-ajg-q4-140202674.html,1674828122,STORY
03e564dd-2493-3746-a618-3578bec167ea,AJG,2023-2-5,Arthur J. Gallagher (AJG) Q4 Earnings and Revenues Top Estimates,Zacks,https://finance.yahoo.com/news/arthur-j-gallagher-ajg-q4-224510852.html,1674773110,STORY
44f8dcb1-f3c8-31fa-9930-50bed3ab7fda,AJG,2023-2-5,Arthur J. Gallagher & Co. Announces Fourth Quarter and Full Year 2022 Financial Results,PR Newswire,https://finance.yahoo.com/news/arthur-j-gallagher-co-announces-211500936.html,1674767700,STORY
aefae8e6-009d-3f5e-b026-7e3d94d73477,AJG,2023-2-5,Why This Top Insurance CEO Was Embarrassed To Win A Company Car,Investor's Business Daily,https://finance.yahoo.com/m/aefae8e6-009d-3f5e-b026-7e3d94d73477/why-this-top-insurance-ceo.html,1674734415,STORY
6da7fc0f-5c91-3835-929b-5365e6d30774,AJG,2023-2-6,Public company aims to scale 90-year-old Denver insurance agency's approach,American City Business Journals,https://finance.yahoo.com/m/6da7fc0f-5c91-3835-929b-5365e6d30774/public-company-aims-to-scale.html,1675265053,STORY
6a57e5e0-7401-3362-9242-374fb913fab0,AJG,2023-2-6,Arthur J. Gallagher & Co. (NYSE:AJG) Q4 2022 Earnings Call Transcript,Insider Monkey,https://finance.yahoo.com/news/arthur-j-gallagher-co-nyse-144736190.html,1675090056,STORY
fea43f95-f16c-3544-abce-15a2a5c6ce82,AJG,2023-2-6,Arthur J. Gallagher's (NYSE:AJG) Dividend Will Be Increased To $0.55,Simply Wall St.,https://finance.yahoo.com/news/arthur-j-gallaghers-nyse-ajg-123812049.html,1674995892,STORY
7a9381af-a1cd-391e-98a1-2467fe379bf9,AJG,2023-2-6,Arthur J. Gallagher Full Year 2022 Earnings: EPS Misses Expectations,Simply Wall St.,https://finance.yahoo.com/news/arthur-j-gallagher-full-2022-123741743.html,1674909461,STORY
df34e12e-ff06-3595-bf64-47789dbe343a,AJG,2023-2-6,"Arthur J. Gallagher (AJG) Q4 Earnings Beat, Increase Y/Y",Zacks,https://finance.yahoo.com/news/arthur-j-gallagher-ajg-q4-140202674.html,1674828122,STORY
03e564dd-2493-3746-a618-3578bec167ea,AJG,2023-2-6,Arthur J. Gallagher (AJG) Q4 Earnings and Revenues Top Estimates,Zacks,https://finance.yahoo.com/news/arthur-j-gallagher-ajg-q4-224510852.html,1674773110,STORY
44f8dcb1-f3c8-31fa-9930-50bed3ab7fda,AJG,2023-2-6,Arthur J. Gallagher & Co. Announces Fourth Quarter and Full Year 2022 Financial Results,PR Newswire,https://finance.yahoo.com/news/arthur-j-gallagher-co-announces-211500936.html,1674767700,STORY
aefae8e6-009d-3f5e-b026-7e3d94d73477,AJG,2023-2-6,Why This Top Insurance CEO Was Embarrassed To Win A Company Car,Investor's Business Daily,https://finance.yahoo.com/m/aefae8e6-009d-3f5e-b026-7e3d94d73477/why-this-top-insurance-ceo.html,1674734415,STORY
6da7fc0f-5c91-3835-929b-5365e6d30774,AJG,2023-2-7,Public company aims to scale 90-year-old Denver insurance agency's approach,American City Business Journals,https://finance.yahoo.com/m/6da7fc0f-5c91-3835-929b-5365e6d30774/public-company-aims-to-scale.html,1675265053,STORY
6a57e5e0-7401-3362-9242-374fb913fab0,AJG,2023-2-7,Arthur J. Gallagher & Co. (NYSE:AJG) Q4 2022 Earnings Call Transcript,Insider Monkey,https://finance.yahoo.com/news/arthur-j-gallagher-co-nyse-144736190.html,1675090056,STORY
fea43f95-f16c-3544-abce-15a2a5c6ce82,AJG,2023-2-7,Arthur J. Gallagher's (NYSE:AJG) Dividend Will Be Increased To $0.55,Simply Wall St.,https://finance.yahoo.com/news/arthur-j-gallaghers-nyse-ajg-123812049.html,1674995892,STORY
7a9381af-a1cd-391e-98a1-2467fe379bf9,AJG,2023-2-7,Arthur J. Gallagher Full Year 2022 Earnings: EPS Misses Expectations,Simply Wall St.,https://finance.yahoo.com/news/arthur-j-gallagher-full-2022-123741743.html,1674909461,STORY
df34e12e-ff06-3595-bf64-47789dbe343a,AJG,2023-2-7,"Arthur J. Gallagher (AJG) Q4 Earnings Beat, Increase Y/Y",Zacks,https://finance.yahoo.com/news/arthur-j-gallagher-ajg-q4-140202674.html,1674828122,STORY
03e564dd-2493-3746-a618-3578bec167ea,AJG,2023-2-7,Arthur J. Gallagher (AJG) Q4 Earnings and Revenues Top Estimates,Zacks,https://finance.yahoo.com/news/arthur-j-gallagher-ajg-q4-224510852.html,1674773110,STORY
44f8dcb1-f3c8-31fa-9930-50bed3ab7fda,AJG,2023-2-7,Arthur J. Gallagher & Co. Announces Fourth Quarter and Full Year 2022 Financial Results,PR Newswire,https://finance.yahoo.com/news/arthur-j-gallagher-co-announces-211500936.html,1674767700,STORY
aefae8e6-009d-3f5e-b026-7e3d94d73477,AJG,2023-2-7,Why This Top Insurance CEO Was Embarrassed To Win A Company Car,Investor's Business Daily,https://finance.yahoo.com/m/aefae8e6-009d-3f5e-b026-7e3d94d73477/why-this-top-insurance-ceo.html,1674734415,STORY
6da7fc0f-5c91-3835-929b-5365e6d30774,AJG,2023-2-8,Public company aims to scale 90-year-old Denver insurance agency's approach,American City Business Journals,https://finance.yahoo.com/m/6da7fc0f-5c91-3835-929b-5365e6d30774/public-company-aims-to-scale.html,1675265053,STORY
6a57e5e0-7401-3362-9242-374fb913fab0,AJG,2023-2-8,Arthur J. Gallagher & Co. (NYSE:AJG) Q4 2022 Earnings Call Transcript,Insider Monkey,https://finance.yahoo.com/news/arthur-j-gallagher-co-nyse-144736190.html,1675090056,STORY
fea43f95-f16c-3544-abce-15a2a5c6ce82,AJG,2023-2-8,Arthur J. Gallagher's (NYSE:AJG) Dividend Will Be Increased To $0.55,Simply Wall St.,https://finance.yahoo.com/news/arthur-j-gallaghers-nyse-ajg-123812049.html,1674995892,STORY
7a9381af-a1cd-391e-98a1-2467fe379bf9,AJG,2023-2-8,Arthur J. Gallagher Full Year 2022 Earnings: EPS Misses Expectations,Simply Wall St.,https://finance.yahoo.com/news/arthur-j-gallagher-full-2022-123741743.html,1674909461,STORY
df34e12e-ff06-3595-bf64-47789dbe343a,AJG,2023-2-8,"Arthur J. Gallagher (AJG) Q4 Earnings Beat, Increase Y/Y",Zacks,https://finance.yahoo.com/news/arthur-j-gallagher-ajg-q4-140202674.html,1674828122,STORY
03e564dd-2493-3746-a618-3578bec167ea,AJG,2023-2-8,Arthur J. Gallagher (AJG) Q4 Earnings and Revenues Top Estimates,Zacks,https://finance.yahoo.com/news/arthur-j-gallagher-ajg-q4-224510852.html,1674773110,STORY
44f8dcb1-f3c8-31fa-9930-50bed3ab7fda,AJG,2023-2-8,Arthur J. Gallagher & Co. Announces Fourth Quarter and Full Year 2022 Financial Results,PR Newswire,https://finance.yahoo.com/news/arthur-j-gallagher-co-announces-211500936.html,1674767700,STORY
aefae8e6-009d-3f5e-b026-7e3d94d73477,AJG,2023-2-8,Why This Top Insurance CEO Was Embarrassed To Win A Company Car,Investor's Business Daily,https://finance.yahoo.com/m/aefae8e6-009d-3f5e-b026-7e3d94d73477/why-this-top-insurance-ceo.html,1674734415,STORY
6da7fc0f-5c91-3835-929b-5365e6d30774,AJG,2023-2-9,Public company aims to scale 90-year-old Denver insurance agency's approach,American City Business Journals,https://finance.yahoo.com/m/6da7fc0f-5c91-3835-929b-5365e6d30774/public-company-aims-to-scale.html,1675265053,STORY
6a57e5e0-7401-3362-9242-374fb913fab0,AJG,2023-2-9,Arthur J. Gallagher & Co. (NYSE:AJG) Q4 2022 Earnings Call Transcript,Insider Monkey,https://finance.yahoo.com/news/arthur-j-gallagher-co-nyse-144736190.html,1675090056,STORY
fea43f95-f16c-3544-abce-15a2a5c6ce82,AJG,2023-2-9,Arthur J. Gallagher's (NYSE:AJG) Dividend Will Be Increased To $0.55,Simply Wall St.,https://finance.yahoo.com/news/arthur-j-gallaghers-nyse-ajg-123812049.html,1674995892,STORY
7a9381af-a1cd-391e-98a1-2467fe379bf9,AJG,2023-2-9,Arthur J. Gallagher Full Year 2022 Earnings: EPS Misses Expectations,Simply Wall St.,https://finance.yahoo.com/news/arthur-j-gallagher-full-2022-123741743.html,1674909461,STORY
df34e12e-ff06-3595-bf64-47789dbe343a,AJG,2023-2-9,"Arthur J. Gallagher (AJG) Q4 Earnings Beat, Increase Y/Y",Zacks,https://finance.yahoo.com/news/arthur-j-gallagher-ajg-q4-140202674.html,1674828122,STORY
03e564dd-2493-3746-a618-3578bec167ea,AJG,2023-2-9,Arthur J. Gallagher (AJG) Q4 Earnings and Revenues Top Estimates,Zacks,https://finance.yahoo.com/news/arthur-j-gallagher-ajg-q4-224510852.html,1674773110,STORY
44f8dcb1-f3c8-31fa-9930-50bed3ab7fda,AJG,2023-2-9,Arthur J. Gallagher & Co. Announces Fourth Quarter and Full Year 2022 Financial Results,PR Newswire,https://finance.yahoo.com/news/arthur-j-gallagher-co-announces-211500936.html,1674767700,STORY
aefae8e6-009d-3f5e-b026-7e3d94d73477,AJG,2023-2-9,Why This Top Insurance CEO Was Embarrassed To Win A Company Car,Investor's Business Daily,https://finance.yahoo.com/m/aefae8e6-009d-3f5e-b026-7e3d94d73477/why-this-top-insurance-ceo.html,1674734415,STORY
5dab1d32-f491-360e-89a1-e44ad954c753,AJG,2023-2-10,"Willis Towers (WTW) Q4 Earnings Top Estimates, Increase Y/Y",Zacks,https://finance.yahoo.com/news/willis-towers-wtw-q4-earnings-154903047.html,1675957743,STORY
6da7fc0f-5c91-3835-929b-5365e6d30774,AJG,2023-2-10,Public company aims to scale 90-year-old Denver insurance agency's approach,American City Business Journals,https://finance.yahoo.com/m/6da7fc0f-5c91-3835-929b-5365e6d30774/public-company-aims-to-scale.html,1675265053,STORY
6a57e5e0-7401-3362-9242-374fb913fab0,AJG,2023-2-10,Arthur J. Gallagher & Co. (NYSE:AJG) Q4 2022 Earnings Call Transcript,Insider Monkey,https://finance.yahoo.com/news/arthur-j-gallagher-co-nyse-144736190.html,1675090056,STORY
fea43f95-f16c-3544-abce-15a2a5c6ce82,AJG,2023-2-10,Arthur J. Gallagher's (NYSE:AJG) Dividend Will Be Increased To $0.55,Simply Wall St.,https://finance.yahoo.com/news/arthur-j-gallaghers-nyse-ajg-123812049.html,1674995892,STORY
7a9381af-a1cd-391e-98a1-2467fe379bf9,AJG,2023-2-10,Arthur J. Gallagher Full Year 2022 Earnings: EPS Misses Expectations,Simply Wall St.,https://finance.yahoo.com/news/arthur-j-gallagher-full-2022-123741743.html,1674909461,STORY
df34e12e-ff06-3595-bf64-47789dbe343a,AJG,2023-2-10,"Arthur J. Gallagher (AJG) Q4 Earnings Beat, Increase Y/Y",Zacks,https://finance.yahoo.com/news/arthur-j-gallagher-ajg-q4-140202674.html,1674828122,STORY
03e564dd-2493-3746-a618-3578bec167ea,AJG,2023-2-10,Arthur J. Gallagher (AJG) Q4 Earnings and Revenues Top Estimates,Zacks,https://finance.yahoo.com/news/arthur-j-gallagher-ajg-q4-224510852.html,1674773110,STORY
44f8dcb1-f3c8-31fa-9930-50bed3ab7fda,AJG,2023-2-10,Arthur J. Gallagher & Co. Announces Fourth Quarter and Full Year 2022 Financial Results,PR Newswire,https://finance.yahoo.com/news/arthur-j-gallagher-co-announces-211500936.html,1674767700,STORY
5dab1d32-f491-360e-89a1-e44ad954c753,AJG,2023-2-11,"Willis Towers (WTW) Q4 Earnings Top Estimates, Increase Y/Y",Zacks,https://finance.yahoo.com/news/willis-towers-wtw-q4-earnings-154903047.html,1675957743,STORY
6da7fc0f-5c91-3835-929b-5365e6d30774,AJG,2023-2-11,Public company aims to scale 90-year-old Denver insurance agency's approach,American City Business Journals,https://finance.yahoo.com/m/6da7fc0f-5c91-3835-929b-5365e6d30774/public-company-aims-to-scale.html,1675265053,STORY
6a57e5e0-7401-3362-9242-374fb913fab0,AJG,2023-2-11,Arthur J. Gallagher & Co. (NYSE:AJG) Q4 2022 Earnings Call Transcript,Insider Monkey,https://finance.yahoo.com/news/arthur-j-gallagher-co-nyse-144736190.html,1675090056,STORY
fea43f95-f16c-3544-abce-15a2a5c6ce82,AJG,2023-2-11,Arthur J. Gallagher's (NYSE:AJG) Dividend Will Be Increased To $0.55,Simply Wall St.,https://finance.yahoo.com/news/arthur-j-gallaghers-nyse-ajg-123812049.html,1674995892,STORY
7a9381af-a1cd-391e-98a1-2467fe379bf9,AJG,2023-2-11,Arthur J. Gallagher Full Year 2022 Earnings: EPS Misses Expectations,Simply Wall St.,https://finance.yahoo.com/news/arthur-j-gallagher-full-2022-123741743.html,1674909461,STORY
df34e12e-ff06-3595-bf64-47789dbe343a,AJG,2023-2-11,"Arthur J. Gallagher (AJG) Q4 Earnings Beat, Increase Y/Y",Zacks,https://finance.yahoo.com/news/arthur-j-gallagher-ajg-q4-140202674.html,1674828122,STORY
03e564dd-2493-3746-a618-3578bec167ea,AJG,2023-2-11,Arthur J. Gallagher (AJG) Q4 Earnings and Revenues Top Estimates,Zacks,https://finance.yahoo.com/news/arthur-j-gallagher-ajg-q4-224510852.html,1674773110,STORY
44f8dcb1-f3c8-31fa-9930-50bed3ab7fda,AJG,2023-2-11,Arthur J. Gallagher & Co. Announces Fourth Quarter and Full Year 2022 Financial Results,PR Newswire,https://finance.yahoo.com/news/arthur-j-gallagher-co-announces-211500936.html,1674767700,STORY
5dab1d32-f491-360e-89a1-e44ad954c753,AJG,2023-2-12,"Willis Towers (WTW) Q4 Earnings Top Estimates, Increase Y/Y",Zacks,https://finance.yahoo.com/news/willis-towers-wtw-q4-earnings-154903047.html,1675957743,STORY
6da7fc0f-5c91-3835-929b-5365e6d30774,AJG,2023-2-12,Public company aims to scale 90-year-old Denver insurance agency's approach,American City Business Journals,https://finance.yahoo.com/m/6da7fc0f-5c91-3835-929b-5365e6d30774/public-company-aims-to-scale.html,1675265053,STORY
6a57e5e0-7401-3362-9242-374fb913fab0,AJG,2023-2-12,Arthur J. Gallagher & Co. (NYSE:AJG) Q4 2022 Earnings Call Transcript,Insider Monkey,https://finance.yahoo.com/news/arthur-j-gallagher-co-nyse-144736190.html,1675090056,STORY
fea43f95-f16c-3544-abce-15a2a5c6ce82,AJG,2023-2-12,Arthur J. Gallagher's (NYSE:AJG) Dividend Will Be Increased To $0.55,Simply Wall St.,https://finance.yahoo.com/news/arthur-j-gallaghers-nyse-ajg-123812049.html,1674995892,STORY
7a9381af-a1cd-391e-98a1-2467fe379bf9,AJG,2023-2-12,Arthur J. Gallagher Full Year 2022 Earnings: EPS Misses Expectations,Simply Wall St.,https://finance.yahoo.com/news/arthur-j-gallagher-full-2022-123741743.html,1674909461,STORY
df34e12e-ff06-3595-bf64-47789dbe343a,AJG,2023-2-12,"Arthur J. Gallagher (AJG) Q4 Earnings Beat, Increase Y/Y",Zacks,https://finance.yahoo.com/news/arthur-j-gallagher-ajg-q4-140202674.html,1674828122,STORY
03e564dd-2493-3746-a618-3578bec167ea,AJG,2023-2-12,Arthur J. Gallagher (AJG) Q4 Earnings and Revenues Top Estimates,Zacks,https://finance.yahoo.com/news/arthur-j-gallagher-ajg-q4-224510852.html,1674773110,STORY
44f8dcb1-f3c8-31fa-9930-50bed3ab7fda,AJG,2023-2-12,Arthur J. Gallagher & Co. Announces Fourth Quarter and Full Year 2022 Financial Results,PR Newswire,https://finance.yahoo.com/news/arthur-j-gallagher-co-announces-211500936.html,1674767700,STORY
5dab1d32-f491-360e-89a1-e44ad954c753,AJG,2023-2-13,"Willis Towers (WTW) Q4 Earnings Top Estimates, Increase Y/Y",Zacks,https://finance.yahoo.com/news/willis-towers-wtw-q4-earnings-154903047.html,1675957743,STORY
6da7fc0f-5c91-3835-929b-5365e6d30774,AJG,2023-2-13,Public company aims to scale 90-year-old Denver insurance agency's approach,American City Business Journals,https://finance.yahoo.com/m/6da7fc0f-5c91-3835-929b-5365e6d30774/public-company-aims-to-scale.html,1675265053,STORY
6a57e5e0-7401-3362-9242-374fb913fab0,AJG,2023-2-13,Arthur J. Gallagher & Co. (NYSE:AJG) Q4 2022 Earnings Call Transcript,Insider Monkey,https://finance.yahoo.com/news/arthur-j-gallagher-co-nyse-144736190.html,1675090056,STORY
fea43f95-f16c-3544-abce-15a2a5c6ce82,AJG,2023-2-13,Arthur J. Gallagher's (NYSE:AJG) Dividend Will Be Increased To $0.55,Simply Wall St.,https://finance.yahoo.com/news/arthur-j-gallaghers-nyse-ajg-123812049.html,1674995892,STORY
7a9381af-a1cd-391e-98a1-2467fe379bf9,AJG,2023-2-13,Arthur J. Gallagher Full Year 2022 Earnings: EPS Misses Expectations,Simply Wall St.,https://finance.yahoo.com/news/arthur-j-gallagher-full-2022-123741743.html,1674909461,STORY
df34e12e-ff06-3595-bf64-47789dbe343a,AJG,2023-2-13,"Arthur J. Gallagher (AJG) Q4 Earnings Beat, Increase Y/Y",Zacks,https://finance.yahoo.com/news/arthur-j-gallagher-ajg-q4-140202674.html,1674828122,STORY
03e564dd-2493-3746-a618-3578bec167ea,AJG,2023-2-13,Arthur J. Gallagher (AJG) Q4 Earnings and Revenues Top Estimates,Zacks,https://finance.yahoo.com/news/arthur-j-gallagher-ajg-q4-224510852.html,1674773110,STORY
44f8dcb1-f3c8-31fa-9930-50bed3ab7fda,AJG,2023-2-13,Arthur J. Gallagher & Co. Announces Fourth Quarter and Full Year 2022 Financial Results,PR Newswire,https://finance.yahoo.com/news/arthur-j-gallagher-co-announces-211500936.html,1674767700,STORY
5dab1d32-f491-360e-89a1-e44ad954c753,AJG,2023-2-14,"Willis Towers (WTW) Q4 Earnings Top Estimates, Increase Y/Y",Zacks,https://finance.yahoo.com/news/willis-towers-wtw-q4-earnings-154903047.html,1675957743,STORY
6da7fc0f-5c91-3835-929b-5365e6d30774,AJG,2023-2-14,Public company aims to scale 90-year-old Denver insurance agency's approach,American City Business Journals,https://finance.yahoo.com/m/6da7fc0f-5c91-3835-929b-5365e6d30774/public-company-aims-to-scale.html,1675265053,STORY
6a57e5e0-7401-3362-9242-374fb913fab0,AJG,2023-2-14,Arthur J. Gallagher & Co. (NYSE:AJG) Q4 2022 Earnings Call Transcript,Insider Monkey,https://finance.yahoo.com/news/arthur-j-gallagher-co-nyse-144736190.html,1675090056,STORY
fea43f95-f16c-3544-abce-15a2a5c6ce82,AJG,2023-2-14,Arthur J. Gallagher's (NYSE:AJG) Dividend Will Be Increased To $0.55,Simply Wall St.,https://finance.yahoo.com/news/arthur-j-gallaghers-nyse-ajg-123812049.html,1674995892,STORY
7a9381af-a1cd-391e-98a1-2467fe379bf9,AJG,2023-2-14,Arthur J. Gallagher Full Year 2022 Earnings: EPS Misses Expectations,Simply Wall St.,https://finance.yahoo.com/news/arthur-j-gallagher-full-2022-123741743.html,1674909461,STORY
df34e12e-ff06-3595-bf64-47789dbe343a,AJG,2023-2-14,"Arthur J. Gallagher (AJG) Q4 Earnings Beat, Increase Y/Y",Zacks,https://finance.yahoo.com/news/arthur-j-gallagher-ajg-q4-140202674.html,1674828122,STORY
03e564dd-2493-3746-a618-3578bec167ea,AJG,2023-2-14,Arthur J. Gallagher (AJG) Q4 Earnings and Revenues Top Estimates,Zacks,https://finance.yahoo.com/news/arthur-j-gallagher-ajg-q4-224510852.html,1674773110,STORY
44f8dcb1-f3c8-31fa-9930-50bed3ab7fda,AJG,2023-2-14,Arthur J. Gallagher & Co. Announces Fourth Quarter and Full Year 2022 Financial Results,PR Newswire,https://finance.yahoo.com/news/arthur-j-gallagher-co-announces-211500936.html,1674767700,STORY
5dab1d32-f491-360e-89a1-e44ad954c753,AJG,2023-2-15,"Willis Towers (WTW) Q4 Earnings Top Estimates, Increase Y/Y",Zacks,https://finance.yahoo.com/news/willis-towers-wtw-q4-earnings-154903047.html,1675957743,STORY
6da7fc0f-5c91-3835-929b-5365e6d30774,AJG,2023-2-15,Public company aims to scale 90-year-old Denver insurance agency's approach,American City Business Journals,https://finance.yahoo.com/m/6da7fc0f-5c91-3835-929b-5365e6d30774/public-company-aims-to-scale.html,1675265053,STORY
6a57e5e0-7401-3362-9242-374fb913fab0,AJG,2023-2-15,Arthur J. Gallagher & Co. (NYSE:AJG) Q4 2022 Earnings Call Transcript,Insider Monkey,https://finance.yahoo.com/news/arthur-j-gallagher-co-nyse-144736190.html,1675090056,STORY
fea43f95-f16c-3544-abce-15a2a5c6ce82,AJG,2023-2-15,Arthur J. Gallagher's (NYSE:AJG) Dividend Will Be Increased To $0.55,Simply Wall St.,https://finance.yahoo.com/news/arthur-j-gallaghers-nyse-ajg-123812049.html,1674995892,STORY
7a9381af-a1cd-391e-98a1-2467fe379bf9,AJG,2023-2-15,Arthur J. Gallagher Full Year 2022 Earnings: EPS Misses Expectations,Simply Wall St.,https://finance.yahoo.com/news/arthur-j-gallagher-full-2022-123741743.html,1674909461,STORY
df34e12e-ff06-3595-bf64-47789dbe343a,AJG,2023-2-15,"Arthur J. Gallagher (AJG) Q4 Earnings Beat, Increase Y/Y",Zacks,https://finance.yahoo.com/news/arthur-j-gallagher-ajg-q4-140202674.html,1674828122,STORY
03e564dd-2493-3746-a618-3578bec167ea,AJG,2023-2-15,Arthur J. Gallagher (AJG) Q4 Earnings and Revenues Top Estimates,Zacks,https://finance.yahoo.com/news/arthur-j-gallagher-ajg-q4-224510852.html,1674773110,STORY
44f8dcb1-f3c8-31fa-9930-50bed3ab7fda,AJG,2023-2-15,Arthur J. Gallagher & Co. Announces Fourth Quarter and Full Year 2022 Financial Results,PR Newswire,https://finance.yahoo.com/news/arthur-j-gallagher-co-announces-211500936.html,1674767700,STORY
9cbbe74a-ddab-39a6-97b3-b2a4e1828802,AJG,2023-2-16,Arthur J. Gallagher (NYSE:AJG) Will Pay A Larger Dividend Than Last Year At $0.55,Simply Wall St.,https://finance.yahoo.com/news/arthur-j-gallagher-nyse-ajg-133357121.html,1676468037,STORY
5dab1d32-f491-360e-89a1-e44ad954c753,AJG,2023-2-16,"Willis Towers (WTW) Q4 Earnings Top Estimates, Increase Y/Y",Zacks,https://finance.yahoo.com/news/willis-towers-wtw-q4-earnings-154903047.html,1675957743,STORY
6da7fc0f-5c91-3835-929b-5365e6d30774,AJG,2023-2-16,Public company aims to scale 90-year-old Denver insurance agency's approach,American City Business Journals,https://finance.yahoo.com/m/6da7fc0f-5c91-3835-929b-5365e6d30774/public-company-aims-to-scale.html,1675265053,STORY
6a57e5e0-7401-3362-9242-374fb913fab0,AJG,2023-2-16,Arthur J. Gallagher & Co. (NYSE:AJG) Q4 2022 Earnings Call Transcript,Insider Monkey,https://finance.yahoo.com/news/arthur-j-gallagher-co-nyse-144736190.html,1675090056,STORY
fea43f95-f16c-3544-abce-15a2a5c6ce82,AJG,2023-2-16,Arthur J. Gallagher's (NYSE:AJG) Dividend Will Be Increased To $0.55,Simply Wall St.,https://finance.yahoo.com/news/arthur-j-gallaghers-nyse-ajg-123812049.html,1674995892,STORY
7a9381af-a1cd-391e-98a1-2467fe379bf9,AJG,2023-2-16,Arthur J. Gallagher Full Year 2022 Earnings: EPS Misses Expectations,Simply Wall St.,https://finance.yahoo.com/news/arthur-j-gallagher-full-2022-123741743.html,1674909461,STORY
df34e12e-ff06-3595-bf64-47789dbe343a,AJG,2023-2-16,"Arthur J. Gallagher (AJG) Q4 Earnings Beat, Increase Y/Y",Zacks,https://finance.yahoo.com/news/arthur-j-gallagher-ajg-q4-140202674.html,1674828122,STORY
03e564dd-2493-3746-a618-3578bec167ea,AJG,2023-2-16,Arthur J. Gallagher (AJG) Q4 Earnings and Revenues Top Estimates,Zacks,https://finance.yahoo.com/news/arthur-j-gallagher-ajg-q4-224510852.html,1674773110,STORY
8f7f8a69-c5d1-36ab-9141-713f251a6c59,AJG,2023-2-17,Are You a Growth Investor? This 1 Stock Could Be the Perfect Pick,Zacks,https://finance.yahoo.com/news/growth-investor-1-stock-could-144502816.html,1676558702,STORY
9cbbe74a-ddab-39a6-97b3-b2a4e1828802,AJG,2023-2-17,Arthur J. Gallagher (NYSE:AJG) Will Pay A Larger Dividend Than Last Year At $0.55,Simply Wall St.,https://finance.yahoo.com/news/arthur-j-gallagher-nyse-ajg-133357121.html,1676468037,STORY
5dab1d32-f491-360e-89a1-e44ad954c753,AJG,2023-2-17,"Willis Towers (WTW) Q4 Earnings Top Estimates, Increase Y/Y",Zacks,https://finance.yahoo.com/news/willis-towers-wtw-q4-earnings-154903047.html,1675957743,STORY
6da7fc0f-5c91-3835-929b-5365e6d30774,AJG,2023-2-17,Public company aims to scale 90-year-old Denver insurance agency's approach,American City Business Journals,https://finance.yahoo.com/m/6da7fc0f-5c91-3835-929b-5365e6d30774/public-company-aims-to-scale.html,1675265053,STORY
6a57e5e0-7401-3362-9242-374fb913fab0,AJG,2023-2-17,Arthur J. Gallagher & Co. (NYSE:AJG) Q4 2022 Earnings Call Transcript,Insider Monkey,https://finance.yahoo.com/news/arthur-j-gallagher-co-nyse-144736190.html,1675090056,STORY
fea43f95-f16c-3544-abce-15a2a5c6ce82,AJG,2023-2-17,Arthur J. Gallagher's (NYSE:AJG) Dividend Will Be Increased To $0.55,Simply Wall St.,https://finance.yahoo.com/news/arthur-j-gallaghers-nyse-ajg-123812049.html,1674995892,STORY
7a9381af-a1cd-391e-98a1-2467fe379bf9,AJG,2023-2-17,Arthur J. Gallagher Full Year 2022 Earnings: EPS Misses Expectations,Simply Wall St.,https://finance.yahoo.com/news/arthur-j-gallagher-full-2022-123741743.html,1674909461,STORY
df34e12e-ff06-3595-bf64-47789dbe343a,AJG,2023-2-17,"Arthur J. Gallagher (AJG) Q4 Earnings Beat, Increase Y/Y",Zacks,https://finance.yahoo.com/news/arthur-j-gallagher-ajg-q4-140202674.html,1674828122,STORY
8f7f8a69-c5d1-36ab-9141-713f251a6c59,AJG,2023-2-18,Are You a Growth Investor? This 1 Stock Could Be the Perfect Pick,Zacks,https://finance.yahoo.com/news/growth-investor-1-stock-could-144502816.html,1676558702,STORY
9cbbe74a-ddab-39a6-97b3-b2a4e1828802,AJG,2023-2-18,Arthur J. Gallagher (NYSE:AJG) Will Pay A Larger Dividend Than Last Year At $0.55,Simply Wall St.,https://finance.yahoo.com/news/arthur-j-gallagher-nyse-ajg-133357121.html,1676468037,STORY
5dab1d32-f491-360e-89a1-e44ad954c753,AJG,2023-2-18,"Willis Towers (WTW) Q4 Earnings Top Estimates, Increase Y/Y",Zacks,https://finance.yahoo.com/news/willis-towers-wtw-q4-earnings-154903047.html,1675957743,STORY
6da7fc0f-5c91-3835-929b-5365e6d30774,AJG,2023-2-18,Public company aims to scale 90-year-old Denver insurance agency's approach,American City Business Journals,https://finance.yahoo.com/m/6da7fc0f-5c91-3835-929b-5365e6d30774/public-company-aims-to-scale.html,1675265053,STORY
6a57e5e0-7401-3362-9242-374fb913fab0,AJG,2023-2-18,Arthur J. Gallagher & Co. (NYSE:AJG) Q4 2022 Earnings Call Transcript,Insider Monkey,https://finance.yahoo.com/news/arthur-j-gallagher-co-nyse-144736190.html,1675090056,STORY
fea43f95-f16c-3544-abce-15a2a5c6ce82,AJG,2023-2-18,Arthur J. Gallagher's (NYSE:AJG) Dividend Will Be Increased To $0.55,Simply Wall St.,https://finance.yahoo.com/news/arthur-j-gallaghers-nyse-ajg-123812049.html,1674995892,STORY
7a9381af-a1cd-391e-98a1-2467fe379bf9,AJG,2023-2-18,Arthur J. Gallagher Full Year 2022 Earnings: EPS Misses Expectations,Simply Wall St.,https://finance.yahoo.com/news/arthur-j-gallagher-full-2022-123741743.html,1674909461,STORY
df34e12e-ff06-3595-bf64-47789dbe343a,AJG,2023-2-18,"Arthur J. Gallagher (AJG) Q4 Earnings Beat, Increase Y/Y",Zacks,https://finance.yahoo.com/news/arthur-j-gallagher-ajg-q4-140202674.html,1674828122,STORY
8f7f8a69-c5d1-36ab-9141-713f251a6c59,AJG,2023-2-19,Are You a Growth Investor? This 1 Stock Could Be the Perfect Pick,Zacks,https://finance.yahoo.com/news/growth-investor-1-stock-could-144502816.html,1676558702,STORY
9cbbe74a-ddab-39a6-97b3-b2a4e1828802,AJG,2023-2-19,Arthur J. Gallagher (NYSE:AJG) Will Pay A Larger Dividend Than Last Year At $0.55,Simply Wall St.,https://finance.yahoo.com/news/arthur-j-gallagher-nyse-ajg-133357121.html,1676468037,STORY
5dab1d32-f491-360e-89a1-e44ad954c753,AJG,2023-2-19,"Willis Towers (WTW) Q4 Earnings Top Estimates, Increase Y/Y",Zacks,https://finance.yahoo.com/news/willis-towers-wtw-q4-earnings-154903047.html,1675957743,STORY
6da7fc0f-5c91-3835-929b-5365e6d30774,AJG,2023-2-19,Public company aims to scale 90-year-old Denver insurance agency's approach,American City Business Journals,https://finance.yahoo.com/m/6da7fc0f-5c91-3835-929b-5365e6d30774/public-company-aims-to-scale.html,1675265053,STORY
6a57e5e0-7401-3362-9242-374fb913fab0,AJG,2023-2-19,Arthur J. Gallagher & Co. (NYSE:AJG) Q4 2022 Earnings Call Transcript,Insider Monkey,https://finance.yahoo.com/news/arthur-j-gallagher-co-nyse-144736190.html,1675090056,STORY
fea43f95-f16c-3544-abce-15a2a5c6ce82,AJG,2023-2-19,Arthur J. Gallagher's (NYSE:AJG) Dividend Will Be Increased To $0.55,Simply Wall St.,https://finance.yahoo.com/news/arthur-j-gallaghers-nyse-ajg-123812049.html,1674995892,STORY
7a9381af-a1cd-391e-98a1-2467fe379bf9,AJG,2023-2-19,Arthur J. Gallagher Full Year 2022 Earnings: EPS Misses Expectations,Simply Wall St.,https://finance.yahoo.com/news/arthur-j-gallagher-full-2022-123741743.html,1674909461,STORY
df34e12e-ff06-3595-bf64-47789dbe343a,AJG,2023-2-19,"Arthur J. Gallagher (AJG) Q4 Earnings Beat, Increase Y/Y",Zacks,https://finance.yahoo.com/news/arthur-j-gallagher-ajg-q4-140202674.html,1674828122,STORY
8f7f8a69-c5d1-36ab-9141-713f251a6c59,AJG,2023-2-20,Are You a Growth Investor? This 1 Stock Could Be the Perfect Pick,Zacks,https://finance.yahoo.com/news/growth-investor-1-stock-could-144502816.html,1676558702,STORY
9cbbe74a-ddab-39a6-97b3-b2a4e1828802,AJG,2023-2-20,Arthur J. Gallagher (NYSE:AJG) Will Pay A Larger Dividend Than Last Year At $0.55,Simply Wall St.,https://finance.yahoo.com/news/arthur-j-gallagher-nyse-ajg-133357121.html,1676468037,STORY
5dab1d32-f491-360e-89a1-e44ad954c753,AJG,2023-2-20,"Willis Towers (WTW) Q4 Earnings Top Estimates, Increase Y/Y",Zacks,https://finance.yahoo.com/news/willis-towers-wtw-q4-earnings-154903047.html,1675957743,STORY
6da7fc0f-5c91-3835-929b-5365e6d30774,AJG,2023-2-20,Public company aims to scale 90-year-old Denver insurance agency's approach,American City Business Journals,https://finance.yahoo.com/m/6da7fc0f-5c91-3835-929b-5365e6d30774/public-company-aims-to-scale.html,1675265053,STORY
6a57e5e0-7401-3362-9242-374fb913fab0,AJG,2023-2-20,Arthur J. Gallagher & Co. (NYSE:AJG) Q4 2022 Earnings Call Transcript,Insider Monkey,https://finance.yahoo.com/news/arthur-j-gallagher-co-nyse-144736190.html,1675090056,STORY
fea43f95-f16c-3544-abce-15a2a5c6ce82,AJG,2023-2-20,Arthur J. Gallagher's (NYSE:AJG) Dividend Will Be Increased To $0.55,Simply Wall St.,https://finance.yahoo.com/news/arthur-j-gallaghers-nyse-ajg-123812049.html,1674995892,STORY
7a9381af-a1cd-391e-98a1-2467fe379bf9,AJG,2023-2-20,Arthur J. Gallagher Full Year 2022 Earnings: EPS Misses Expectations,Simply Wall St.,https://finance.yahoo.com/news/arthur-j-gallagher-full-2022-123741743.html,1674909461,STORY
df34e12e-ff06-3595-bf64-47789dbe343a,AJG,2023-2-20,"Arthur J. Gallagher (AJG) Q4 Earnings Beat, Increase Y/Y",Zacks,https://finance.yahoo.com/news/arthur-j-gallagher-ajg-q4-140202674.html,1674828122,STORY
8f7f8a69-c5d1-36ab-9141-713f251a6c59,AJG,2023-2-21,Are You a Growth Investor? This 1 Stock Could Be the Perfect Pick,Zacks,https://finance.yahoo.com/news/growth-investor-1-stock-could-144502816.html,1676558702,STORY
9cbbe74a-ddab-39a6-97b3-b2a4e1828802,AJG,2023-2-21,Arthur J. Gallagher (NYSE:AJG) Will Pay A Larger Dividend Than Last Year At $0.55,Simply Wall St.,https://finance.yahoo.com/news/arthur-j-gallagher-nyse-ajg-133357121.html,1676468037,STORY
5dab1d32-f491-360e-89a1-e44ad954c753,AJG,2023-2-21,"Willis Towers (WTW) Q4 Earnings Top Estimates, Increase Y/Y",Zacks,https://finance.yahoo.com/news/willis-towers-wtw-q4-earnings-154903047.html,1675957743,STORY
6da7fc0f-5c91-3835-929b-5365e6d30774,AJG,2023-2-21,Public company aims to scale 90-year-old Denver insurance agency's approach,American City Business Journals,https://finance.yahoo.com/m/6da7fc0f-5c91-3835-929b-5365e6d30774/public-company-aims-to-scale.html,1675265053,STORY
6a57e5e0-7401-3362-9242-374fb913fab0,AJG,2023-2-21,Arthur J. Gallagher & Co. (NYSE:AJG) Q4 2022 Earnings Call Transcript,Insider Monkey,https://finance.yahoo.com/news/arthur-j-gallagher-co-nyse-144736190.html,1675090056,STORY
fea43f95-f16c-3544-abce-15a2a5c6ce82,AJG,2023-2-21,Arthur J. Gallagher's (NYSE:AJG) Dividend Will Be Increased To $0.55,Simply Wall St.,https://finance.yahoo.com/news/arthur-j-gallaghers-nyse-ajg-123812049.html,1674995892,STORY
7a9381af-a1cd-391e-98a1-2467fe379bf9,AJG,2023-2-21,Arthur J. Gallagher Full Year 2022 Earnings: EPS Misses Expectations,Simply Wall St.,https://finance.yahoo.com/news/arthur-j-gallagher-full-2022-123741743.html,1674909461,STORY
df34e12e-ff06-3595-bf64-47789dbe343a,AJG,2023-2-21,"Arthur J. Gallagher (AJG) Q4 Earnings Beat, Increase Y/Y",Zacks,https://finance.yahoo.com/news/arthur-j-gallagher-ajg-q4-140202674.html,1674828122,STORY
6363ca67-b539-31ef-ab17-739f719f3578,AJG,2023-2-22,"Employers Plan to Hit Reset on Internal Communication Strategies in 2023, Gallagher Study Shows",PR Newswire,https://finance.yahoo.com/news/employers-plan-hit-reset-internal-140000848.html,1676988000,STORY
8f7f8a69-c5d1-36ab-9141-713f251a6c59,AJG,2023-2-22,Are You a Growth Investor? This 1 Stock Could Be the Perfect Pick,Zacks,https://finance.yahoo.com/news/growth-investor-1-stock-could-144502816.html,1676558702,STORY
9cbbe74a-ddab-39a6-97b3-b2a4e1828802,AJG,2023-2-22,Arthur J. Gallagher (NYSE:AJG) Will Pay A Larger Dividend Than Last Year At $0.55,Simply Wall St.,https://finance.yahoo.com/news/arthur-j-gallagher-nyse-ajg-133357121.html,1676468037,STORY
5dab1d32-f491-360e-89a1-e44ad954c753,AJG,2023-2-22,"Willis Towers (WTW) Q4 Earnings Top Estimates, Increase Y/Y",Zacks,https://finance.yahoo.com/news/willis-towers-wtw-q4-earnings-154903047.html,1675957743,STORY
6da7fc0f-5c91-3835-929b-5365e6d30774,AJG,2023-2-22,Public company aims to scale 90-year-old Denver insurance agency's approach,American City Business Journals,https://finance.yahoo.com/m/6da7fc0f-5c91-3835-929b-5365e6d30774/public-company-aims-to-scale.html,1675265053,STORY
6a57e5e0-7401-3362-9242-374fb913fab0,AJG,2023-2-22,Arthur J. Gallagher & Co. (NYSE:AJG) Q4 2022 Earnings Call Transcript,Insider Monkey,https://finance.yahoo.com/news/arthur-j-gallagher-co-nyse-144736190.html,1675090056,STORY
fea43f95-f16c-3544-abce-15a2a5c6ce82,AJG,2023-2-22,Arthur J. Gallagher's (NYSE:AJG) Dividend Will Be Increased To $0.55,Simply Wall St.,https://finance.yahoo.com/news/arthur-j-gallaghers-nyse-ajg-123812049.html,1674995892,STORY
7a9381af-a1cd-391e-98a1-2467fe379bf9,AJG,2023-2-22,Arthur J. Gallagher Full Year 2022 Earnings: EPS Misses Expectations,Simply Wall St.,https://finance.yahoo.com/news/arthur-j-gallagher-full-2022-123741743.html,1674909461,STORY
8173b557-6153-34bf-a522-9bf318c01229,AJG,2023-2-23,SPACs: SEC Rules and Liquidation Deadlines Panel at Palm Beach CorpGov Forum,CorpGov.com,https://finance.yahoo.com/news/spacs-sec-rules-liquidation-deadlines-184136116.html,1677091296,STORY
fe312f45-9500-3838-8674-bdeb87ce09f9,AJG,2023-2-23,Factors That Make Marsh & McLennan (MMC) Stock A Lucrative Bet,Zacks,https://finance.yahoo.com/news/factors-marsh-mclennan-mmc-stock-183806986.html,1677091086,STORY
6363ca67-b539-31ef-ab17-739f719f3578,AJG,2023-2-23,"Employers Plan to Hit Reset on Internal Communication Strategies in 2023, Gallagher Study Shows",PR Newswire,https://finance.yahoo.com/news/employers-plan-hit-reset-internal-140000848.html,1676988000,STORY
8f7f8a69-c5d1-36ab-9141-713f251a6c59,AJG,2023-2-23,Are You a Growth Investor? This 1 Stock Could Be the Perfect Pick,Zacks,https://finance.yahoo.com/news/growth-investor-1-stock-could-144502816.html,1676558702,STORY
9cbbe74a-ddab-39a6-97b3-b2a4e1828802,AJG,2023-2-23,Arthur J. Gallagher (NYSE:AJG) Will Pay A Larger Dividend Than Last Year At $0.55,Simply Wall St.,https://finance.yahoo.com/news/arthur-j-gallagher-nyse-ajg-133357121.html,1676468037,STORY
5dab1d32-f491-360e-89a1-e44ad954c753,AJG,2023-2-23,"Willis Towers (WTW) Q4 Earnings Top Estimates, Increase Y/Y",Zacks,https://finance.yahoo.com/news/willis-towers-wtw-q4-earnings-154903047.html,1675957743,STORY
6da7fc0f-5c91-3835-929b-5365e6d30774,AJG,2023-2-23,Public company aims to scale 90-year-old Denver insurance agency's approach,American City Business Journals,https://finance.yahoo.com/m/6da7fc0f-5c91-3835-929b-5365e6d30774/public-company-aims-to-scale.html,1675265053,STORY
6a57e5e0-7401-3362-9242-374fb913fab0,AJG,2023-2-23,Arthur J. Gallagher & Co. (NYSE:AJG) Q4 2022 Earnings Call Transcript,Insider Monkey,https://finance.yahoo.com/news/arthur-j-gallagher-co-nyse-144736190.html,1675090056,STORY
8173b557-6153-34bf-a522-9bf318c01229,AJG,2023-2-24,SPACs: SEC Rules and Liquidation Deadlines Panel at Palm Beach CorpGov Forum,CorpGov.com,https://finance.yahoo.com/news/spacs-sec-rules-liquidation-deadlines-184136116.html,1677091296,STORY
fe312f45-9500-3838-8674-bdeb87ce09f9,AJG,2023-2-24,Factors That Make Marsh & McLennan (MMC) Stock A Lucrative Bet,Zacks,https://finance.yahoo.com/news/factors-marsh-mclennan-mmc-stock-183806986.html,1677091086,STORY
6363ca67-b539-31ef-ab17-739f719f3578,AJG,2023-2-24,"Employers Plan to Hit Reset on Internal Communication Strategies in 2023, Gallagher Study Shows",PR Newswire,https://finance.yahoo.com/news/employers-plan-hit-reset-internal-140000848.html,1676988000,STORY
8f7f8a69-c5d1-36ab-9141-713f251a6c59,AJG,2023-2-24,Are You a Growth Investor? This 1 Stock Could Be the Perfect Pick,Zacks,https://finance.yahoo.com/news/growth-investor-1-stock-could-144502816.html,1676558702,STORY
9cbbe74a-ddab-39a6-97b3-b2a4e1828802,AJG,2023-2-24,Arthur J. Gallagher (NYSE:AJG) Will Pay A Larger Dividend Than Last Year At $0.55,Simply Wall St.,https://finance.yahoo.com/news/arthur-j-gallagher-nyse-ajg-133357121.html,1676468037,STORY
5dab1d32-f491-360e-89a1-e44ad954c753,AJG,2023-2-24,"Willis Towers (WTW) Q4 Earnings Top Estimates, Increase Y/Y",Zacks,https://finance.yahoo.com/news/willis-towers-wtw-q4-earnings-154903047.html,1675957743,STORY
6da7fc0f-5c91-3835-929b-5365e6d30774,AJG,2023-2-24,Public company aims to scale 90-year-old Denver insurance agency's approach,American City Business Journals,https://finance.yahoo.com/m/6da7fc0f-5c91-3835-929b-5365e6d30774/public-company-aims-to-scale.html,1675265053,STORY
6a57e5e0-7401-3362-9242-374fb913fab0,AJG,2023-2-24,Arthur J. Gallagher & Co. (NYSE:AJG) Q4 2022 Earnings Call Transcript,Insider Monkey,https://finance.yahoo.com/news/arthur-j-gallagher-co-nyse-144736190.html,1675090056,STORY
77d8d1f6-8516-311f-b90e-3b1c7f1b6e37,AJG,2023-2-25,Be Sure To Check Out Arthur J. Gallagher & Co. (NYSE:AJG) Before It Goes Ex-Dividend,Simply Wall St.,https://finance.yahoo.com/news/sure-check-arthur-j-gallagher-122907983.html,1677328147,STORY
8173b557-6153-34bf-a522-9bf318c01229,AJG,2023-2-25,SPACs: SEC Rules and Liquidation Deadlines Panel at Palm Beach CorpGov Forum,CorpGov.com,https://finance.yahoo.com/news/spacs-sec-rules-liquidation-deadlines-184136116.html,1677091296,STORY
fe312f45-9500-3838-8674-bdeb87ce09f9,AJG,2023-2-25,Factors That Make Marsh & McLennan (MMC) Stock A Lucrative Bet,Zacks,https://finance.yahoo.com/news/factors-marsh-mclennan-mmc-stock-183806986.html,1677091086,STORY
6363ca67-b539-31ef-ab17-739f719f3578,AJG,2023-2-25,"Employers Plan to Hit Reset on Internal Communication Strategies in 2023, Gallagher Study Shows",PR Newswire,https://finance.yahoo.com/news/employers-plan-hit-reset-internal-140000848.html,1676988000,STORY
8f7f8a69-c5d1-36ab-9141-713f251a6c59,AJG,2023-2-25,Are You a Growth Investor? This 1 Stock Could Be the Perfect Pick,Zacks,https://finance.yahoo.com/news/growth-investor-1-stock-could-144502816.html,1676558702,STORY
9cbbe74a-ddab-39a6-97b3-b2a4e1828802,AJG,2023-2-25,Arthur J. Gallagher (NYSE:AJG) Will Pay A Larger Dividend Than Last Year At $0.55,Simply Wall St.,https://finance.yahoo.com/news/arthur-j-gallagher-nyse-ajg-133357121.html,1676468037,STORY
5dab1d32-f491-360e-89a1-e44ad954c753,AJG,2023-2-25,"Willis Towers (WTW) Q4 Earnings Top Estimates, Increase Y/Y",Zacks,https://finance.yahoo.com/news/willis-towers-wtw-q4-earnings-154903047.html,1675957743,STORY
6da7fc0f-5c91-3835-929b-5365e6d30774,AJG,2023-2-25,Public company aims to scale 90-year-old Denver insurance agency's approach,American City Business Journals,https://finance.yahoo.com/m/6da7fc0f-5c91-3835-929b-5365e6d30774/public-company-aims-to-scale.html,1675265053,STORY
77d8d1f6-8516-311f-b90e-3b1c7f1b6e37,AJG,2023-2-26,Be Sure To Check Out Arthur J. Gallagher & Co. (NYSE:AJG) Before It Goes Ex-Dividend,Simply Wall St.,https://finance.yahoo.com/news/sure-check-arthur-j-gallagher-122907983.html,1677328147,STORY
8173b557-6153-34bf-a522-9bf318c01229,AJG,2023-2-26,SPACs: SEC Rules and Liquidation Deadlines Panel at Palm Beach CorpGov Forum,CorpGov.com,https://finance.yahoo.com/news/spacs-sec-rules-liquidation-deadlines-184136116.html,1677091296,STORY
fe312f45-9500-3838-8674-bdeb87ce09f9,AJG,2023-2-26,Factors That Make Marsh & McLennan (MMC) Stock A Lucrative Bet,Zacks,https://finance.yahoo.com/news/factors-marsh-mclennan-mmc-stock-183806986.html,1677091086,STORY
6363ca67-b539-31ef-ab17-739f719f3578,AJG,2023-2-26,"Employers Plan to Hit Reset on Internal Communication Strategies in 2023, Gallagher Study Shows",PR Newswire,https://finance.yahoo.com/news/employers-plan-hit-reset-internal-140000848.html,1676988000,STORY
8f7f8a69-c5d1-36ab-9141-713f251a6c59,AJG,2023-2-26,Are You a Growth Investor? This 1 Stock Could Be the Perfect Pick,Zacks,https://finance.yahoo.com/news/growth-investor-1-stock-could-144502816.html,1676558702,STORY
9cbbe74a-ddab-39a6-97b3-b2a4e1828802,AJG,2023-2-26,Arthur J. Gallagher (NYSE:AJG) Will Pay A Larger Dividend Than Last Year At $0.55,Simply Wall St.,https://finance.yahoo.com/news/arthur-j-gallagher-nyse-ajg-133357121.html,1676468037,STORY
5dab1d32-f491-360e-89a1-e44ad954c753,AJG,2023-2-26,"Willis Towers (WTW) Q4 Earnings Top Estimates, Increase Y/Y",Zacks,https://finance.yahoo.com/news/willis-towers-wtw-q4-earnings-154903047.html,1675957743,STORY
6da7fc0f-5c91-3835-929b-5365e6d30774,AJG,2023-2-26,Public company aims to scale 90-year-old Denver insurance agency's approach,American City Business Journals,https://finance.yahoo.com/m/6da7fc0f-5c91-3835-929b-5365e6d30774/public-company-aims-to-scale.html,1675265053,STORY
77d8d1f6-8516-311f-b90e-3b1c7f1b6e37,AJG,2023-2-27,Be Sure To Check Out Arthur J. Gallagher & Co. (NYSE:AJG) Before It Goes Ex-Dividend,Simply Wall St.,https://finance.yahoo.com/news/sure-check-arthur-j-gallagher-122907983.html,1677328147,STORY
8173b557-6153-34bf-a522-9bf318c01229,AJG,2023-2-27,SPACs: SEC Rules and Liquidation Deadlines Panel at Palm Beach CorpGov Forum,CorpGov.com,https://finance.yahoo.com/news/spacs-sec-rules-liquidation-deadlines-184136116.html,1677091296,STORY
fe312f45-9500-3838-8674-bdeb87ce09f9,AJG,2023-2-27,Factors That Make Marsh & McLennan (MMC) Stock A Lucrative Bet,Zacks,https://finance.yahoo.com/news/factors-marsh-mclennan-mmc-stock-183806986.html,1677091086,STORY
6363ca67-b539-31ef-ab17-739f719f3578,AJG,2023-2-27,"Employers Plan to Hit Reset on Internal Communication Strategies in 2023, Gallagher Study Shows",PR Newswire,https://finance.yahoo.com/news/employers-plan-hit-reset-internal-140000848.html,1676988000,STORY
8f7f8a69-c5d1-36ab-9141-713f251a6c59,AJG,2023-2-27,Are You a Growth Investor? This 1 Stock Could Be the Perfect Pick,Zacks,https://finance.yahoo.com/news/growth-investor-1-stock-could-144502816.html,1676558702,STORY
9cbbe74a-ddab-39a6-97b3-b2a4e1828802,AJG,2023-2-27,Arthur J. Gallagher (NYSE:AJG) Will Pay A Larger Dividend Than Last Year At $0.55,Simply Wall St.,https://finance.yahoo.com/news/arthur-j-gallagher-nyse-ajg-133357121.html,1676468037,STORY
5dab1d32-f491-360e-89a1-e44ad954c753,AJG,2023-2-27,"Willis Towers (WTW) Q4 Earnings Top Estimates, Increase Y/Y",Zacks,https://finance.yahoo.com/news/willis-towers-wtw-q4-earnings-154903047.html,1675957743,STORY
6da7fc0f-5c91-3835-929b-5365e6d30774,AJG,2023-2-27,Public company aims to scale 90-year-old Denver insurance agency's approach,American City Business Journals,https://finance.yahoo.com/m/6da7fc0f-5c91-3835-929b-5365e6d30774/public-company-aims-to-scale.html,1675265053,STORY
77d8d1f6-8516-311f-b90e-3b1c7f1b6e37,AJG,2023-2-28,Be Sure To Check Out Arthur J. Gallagher & Co. (NYSE:AJG) Before It Goes Ex-Dividend,Simply Wall St.,https://finance.yahoo.com/news/sure-check-arthur-j-gallagher-122907983.html,1677328147,STORY
8173b557-6153-34bf-a522-9bf318c01229,AJG,2023-2-28,SPACs: SEC Rules and Liquidation Deadlines Panel at Palm Beach CorpGov Forum,CorpGov.com,https://finance.yahoo.com/news/spacs-sec-rules-liquidation-deadlines-184136116.html,1677091296,STORY
fe312f45-9500-3838-8674-bdeb87ce09f9,AJG,2023-2-28,Factors That Make Marsh & McLennan (MMC) Stock A Lucrative Bet,Zacks,https://finance.yahoo.com/news/factors-marsh-mclennan-mmc-stock-183806986.html,1677091086,STORY
6363ca67-b539-31ef-ab17-739f719f3578,AJG,2023-2-28,"Employers Plan to Hit Reset on Internal Communication Strategies in 2023, Gallagher Study Shows",PR Newswire,https://finance.yahoo.com/news/employers-plan-hit-reset-internal-140000848.html,1676988000,STORY
8f7f8a69-c5d1-36ab-9141-713f251a6c59,AJG,2023-2-28,Are You a Growth Investor? This 1 Stock Could Be the Perfect Pick,Zacks,https://finance.yahoo.com/news/growth-investor-1-stock-could-144502816.html,1676558702,STORY
9cbbe74a-ddab-39a6-97b3-b2a4e1828802,AJG,2023-2-28,Arthur J. Gallagher (NYSE:AJG) Will Pay A Larger Dividend Than Last Year At $0.55,Simply Wall St.,https://finance.yahoo.com/news/arthur-j-gallagher-nyse-ajg-133357121.html,1676468037,STORY
5dab1d32-f491-360e-89a1-e44ad954c753,AJG,2023-2-28,"Willis Towers (WTW) Q4 Earnings Top Estimates, Increase Y/Y",Zacks,https://finance.yahoo.com/news/willis-towers-wtw-q4-earnings-154903047.html,1675957743,STORY
6da7fc0f-5c91-3835-929b-5365e6d30774,AJG,2023-2-28,Public company aims to scale 90-year-old Denver insurance agency's approach,American City Business Journals,https://finance.yahoo.com/m/6da7fc0f-5c91-3835-929b-5365e6d30774/public-company-aims-to-scale.html,1675265053,STORY
77d8d1f6-8516-311f-b90e-3b1c7f1b6e37,AJG,2023-3-1,Be Sure To Check Out Arthur J. Gallagher & Co. (NYSE:AJG) Before It Goes Ex-Dividend,Simply Wall St.,https://finance.yahoo.com/news/sure-check-arthur-j-gallagher-122907983.html,1677328147,STORY
8173b557-6153-34bf-a522-9bf318c01229,AJG,2023-3-1,SPACs: SEC Rules and Liquidation Deadlines Panel at Palm Beach CorpGov Forum,CorpGov.com,https://finance.yahoo.com/news/spacs-sec-rules-liquidation-deadlines-184136116.html,1677091296,STORY
fe312f45-9500-3838-8674-bdeb87ce09f9,AJG,2023-3-1,Factors That Make Marsh & McLennan (MMC) Stock A Lucrative Bet,Zacks,https://finance.yahoo.com/news/factors-marsh-mclennan-mmc-stock-183806986.html,1677091086,STORY
6363ca67-b539-31ef-ab17-739f719f3578,AJG,2023-3-1,"Employers Plan to Hit Reset on Internal Communication Strategies in 2023, Gallagher Study Shows",PR Newswire,https://finance.yahoo.com/news/employers-plan-hit-reset-internal-140000848.html,1676988000,STORY
8f7f8a69-c5d1-36ab-9141-713f251a6c59,AJG,2023-3-1,Are You a Growth Investor? This 1 Stock Could Be the Perfect Pick,Zacks,https://finance.yahoo.com/news/growth-investor-1-stock-could-144502816.html,1676558702,STORY
9cbbe74a-ddab-39a6-97b3-b2a4e1828802,AJG,2023-3-1,Arthur J. Gallagher (NYSE:AJG) Will Pay A Larger Dividend Than Last Year At $0.55,Simply Wall St.,https://finance.yahoo.com/news/arthur-j-gallagher-nyse-ajg-133357121.html,1676468037,STORY
5dab1d32-f491-360e-89a1-e44ad954c753,AJG,2023-3-1,"Willis Towers (WTW) Q4 Earnings Top Estimates, Increase Y/Y",Zacks,https://finance.yahoo.com/news/willis-towers-wtw-q4-earnings-154903047.html,1675957743,STORY
6da7fc0f-5c91-3835-929b-5365e6d30774,AJG,2023-3-1,Public company aims to scale 90-year-old Denver insurance agency's approach,American City Business Journals,https://finance.yahoo.com/m/6da7fc0f-5c91-3835-929b-5365e6d30774/public-company-aims-to-scale.html,1675265053,STORY
40083c6f-df41-3e1f-ad61-f15cf58a50b1,AJG,2023-3-2,Arthur J. Gallagher & Co. Acquires Anderson Benson,PR Newswire,https://finance.yahoo.com/news/arthur-j-gallagher-co-acquires-140000073.html,1677679200,STORY
77d8d1f6-8516-311f-b90e-3b1c7f1b6e37,AJG,2023-3-2,Be Sure To Check Out Arthur J. Gallagher & Co. (NYSE:AJG) Before It Goes Ex-Dividend,Simply Wall St.,https://finance.yahoo.com/news/sure-check-arthur-j-gallagher-122907983.html,1677328147,STORY
8173b557-6153-34bf-a522-9bf318c01229,AJG,2023-3-2,SPACs: SEC Rules and Liquidation Deadlines Panel at Palm Beach CorpGov Forum,CorpGov.com,https://finance.yahoo.com/news/spacs-sec-rules-liquidation-deadlines-184136116.html,1677091296,STORY
fe312f45-9500-3838-8674-bdeb87ce09f9,AJG,2023-3-2,Factors That Make Marsh & McLennan (MMC) Stock A Lucrative Bet,Zacks,https://finance.yahoo.com/news/factors-marsh-mclennan-mmc-stock-183806986.html,1677091086,STORY
6363ca67-b539-31ef-ab17-739f719f3578,AJG,2023-3-2,"Employers Plan to Hit Reset on Internal Communication Strategies in 2023, Gallagher Study Shows",PR Newswire,https://finance.yahoo.com/news/employers-plan-hit-reset-internal-140000848.html,1676988000,STORY
8f7f8a69-c5d1-36ab-9141-713f251a6c59,AJG,2023-3-2,Are You a Growth Investor? This 1 Stock Could Be the Perfect Pick,Zacks,https://finance.yahoo.com/news/growth-investor-1-stock-could-144502816.html,1676558702,STORY
9cbbe74a-ddab-39a6-97b3-b2a4e1828802,AJG,2023-3-2,Arthur J. Gallagher (NYSE:AJG) Will Pay A Larger Dividend Than Last Year At $0.55,Simply Wall St.,https://finance.yahoo.com/news/arthur-j-gallagher-nyse-ajg-133357121.html,1676468037,STORY
5dab1d32-f491-360e-89a1-e44ad954c753,AJG,2023-3-2,"Willis Towers (WTW) Q4 Earnings Top Estimates, Increase Y/Y",Zacks,https://finance.yahoo.com/news/willis-towers-wtw-q4-earnings-154903047.html,1675957743,STORY
b970befc-45bc-3256-8d6d-e011e8870577,AJG,2023-3-3,Arthur J. Gallagher & Co. to Host Regularly Scheduled Quarterly Investor Meeting with Management,PR Newswire,https://finance.yahoo.com/news/arthur-j-gallagher-co-host-211500538.html,1677791700,STORY
ee85c382-3a7e-300f-9ebc-69d8c254e2d0,AJG,2023-3-3,AON Unit Launches New IP-Backed Lending Investment Vehicle,Zacks,https://finance.yahoo.com/news/aon-unit-launches-ip-backed-154003314.html,1677771603,STORY
86cf6a26-1f84-3e3f-bced-c3fb518b5bdb,AJG,2023-3-3,Arthur J. Gallagher (AJG) Consolidates Portfolio With Buyout,Zacks,https://finance.yahoo.com/news/arthur-j-gallagher-ajg-consolidates-145102440.html,1677768662,STORY
40083c6f-df41-3e1f-ad61-f15cf58a50b1,AJG,2023-3-3,Arthur J. Gallagher & Co. Acquires Anderson Benson,PR Newswire,https://finance.yahoo.com/news/arthur-j-gallagher-co-acquires-140000073.html,1677679200,STORY
77d8d1f6-8516-311f-b90e-3b1c7f1b6e37,AJG,2023-3-3,Be Sure To Check Out Arthur J. Gallagher & Co. (NYSE:AJG) Before It Goes Ex-Dividend,Simply Wall St.,https://finance.yahoo.com/news/sure-check-arthur-j-gallagher-122907983.html,1677328147,STORY
8173b557-6153-34bf-a522-9bf318c01229,AJG,2023-3-3,SPACs: SEC Rules and Liquidation Deadlines Panel at Palm Beach CorpGov Forum,CorpGov.com,https://finance.yahoo.com/news/spacs-sec-rules-liquidation-deadlines-184136116.html,1677091296,STORY
fe312f45-9500-3838-8674-bdeb87ce09f9,AJG,2023-3-3,Factors That Make Marsh & McLennan (MMC) Stock A Lucrative Bet,Zacks,https://finance.yahoo.com/news/factors-marsh-mclennan-mmc-stock-183806986.html,1677091086,STORY
6363ca67-b539-31ef-ab17-739f719f3578,AJG,2023-3-3,"Employers Plan to Hit Reset on Internal Communication Strategies in 2023, Gallagher Study Shows",PR Newswire,https://finance.yahoo.com/news/employers-plan-hit-reset-internal-140000848.html,1676988000,STORY
49683f43-c966-377b-a249-d8c024edcf9c,AJG,2023-3-4,Daily Spotlight: Raising GDP Forecast for 1Q23,Argus Research,https://finance.yahoo.com/m/49683f43-c966-377b-a249-d8c024edcf9c/daily-spotlight%3A-raising-gdp.html,1677846541,STORY
b970befc-45bc-3256-8d6d-e011e8870577,AJG,2023-3-4,Arthur J. Gallagher & Co. to Host Regularly Scheduled Quarterly Investor Meeting with Management,PR Newswire,https://finance.yahoo.com/news/arthur-j-gallagher-co-host-211500538.html,1677791700,STORY
ee85c382-3a7e-300f-9ebc-69d8c254e2d0,AJG,2023-3-4,AON Unit Launches New IP-Backed Lending Investment Vehicle,Zacks,https://finance.yahoo.com/news/aon-unit-launches-ip-backed-154003314.html,1677771603,STORY
86cf6a26-1f84-3e3f-bced-c3fb518b5bdb,AJG,2023-3-4,Arthur J. Gallagher (AJG) Consolidates Portfolio With Buyout,Zacks,https://finance.yahoo.com/news/arthur-j-gallagher-ajg-consolidates-145102440.html,1677768662,STORY
40083c6f-df41-3e1f-ad61-f15cf58a50b1,AJG,2023-3-4,Arthur J. Gallagher & Co. Acquires Anderson Benson,PR Newswire,https://finance.yahoo.com/news/arthur-j-gallagher-co-acquires-140000073.html,1677679200,STORY
77d8d1f6-8516-311f-b90e-3b1c7f1b6e37,AJG,2023-3-4,Be Sure To Check Out Arthur J. Gallagher & Co. (NYSE:AJG) Before It Goes Ex-Dividend,Simply Wall St.,https://finance.yahoo.com/news/sure-check-arthur-j-gallagher-122907983.html,1677328147,STORY
8173b557-6153-34bf-a522-9bf318c01229,AJG,2023-3-4,SPACs: SEC Rules and Liquidation Deadlines Panel at Palm Beach CorpGov Forum,CorpGov.com,https://finance.yahoo.com/news/spacs-sec-rules-liquidation-deadlines-184136116.html,1677091296,STORY
fe312f45-9500-3838-8674-bdeb87ce09f9,AJG,2023-3-4,Factors That Make Marsh & McLennan (MMC) Stock A Lucrative Bet,Zacks,https://finance.yahoo.com/news/factors-marsh-mclennan-mmc-stock-183806986.html,1677091086,STORY
b970befc-45bc-3256-8d6d-e011e8870577,AJG,2023-3-5,Arthur J. Gallagher & Co. to Host Regularly Scheduled Quarterly Investor Meeting with Management,PR Newswire,https://finance.yahoo.com/news/arthur-j-gallagher-co-host-211500538.html,1677791700,STORY
ee85c382-3a7e-300f-9ebc-69d8c254e2d0,AJG,2023-3-5,AON Unit Launches New IP-Backed Lending Investment Vehicle,Zacks,https://finance.yahoo.com/news/aon-unit-launches-ip-backed-154003314.html,1677771603,STORY
86cf6a26-1f84-3e3f-bced-c3fb518b5bdb,AJG,2023-3-5,Arthur J. Gallagher (AJG) Consolidates Portfolio With Buyout,Zacks,https://finance.yahoo.com/news/arthur-j-gallagher-ajg-consolidates-145102440.html,1677768662,STORY
40083c6f-df41-3e1f-ad61-f15cf58a50b1,AJG,2023-3-5,Arthur J. Gallagher & Co. Acquires Anderson Benson,PR Newswire,https://finance.yahoo.com/news/arthur-j-gallagher-co-acquires-140000073.html,1677679200,STORY
77d8d1f6-8516-311f-b90e-3b1c7f1b6e37,AJG,2023-3-5,Be Sure To Check Out Arthur J. Gallagher & Co. (NYSE:AJG) Before It Goes Ex-Dividend,Simply Wall St.,https://finance.yahoo.com/news/sure-check-arthur-j-gallagher-122907983.html,1677328147,STORY
8173b557-6153-34bf-a522-9bf318c01229,AJG,2023-3-5,SPACs: SEC Rules and Liquidation Deadlines Panel at Palm Beach CorpGov Forum,CorpGov.com,https://finance.yahoo.com/news/spacs-sec-rules-liquidation-deadlines-184136116.html,1677091296,STORY
fe312f45-9500-3838-8674-bdeb87ce09f9,AJG,2023-3-5,Factors That Make Marsh & McLennan (MMC) Stock A Lucrative Bet,Zacks,https://finance.yahoo.com/news/factors-marsh-mclennan-mmc-stock-183806986.html,1677091086,STORY
6363ca67-b539-31ef-ab17-739f719f3578,AJG,2023-3-5,"Employers Plan to Hit Reset on Internal Communication Strategies in 2023, Gallagher Study Shows",PR Newswire,https://finance.yahoo.com/news/employers-plan-hit-reset-internal-140000848.html,1676988000,STORY
206794a1-b669-346c-ad1a-40208449346d,AJG,2023-3-6,Arthur J. Gallagher & Co. Acquires Bay Risk Services Limited,PR Newswire,https://finance.yahoo.com/news/arthur-j-gallagher-co-acquires-100000884.html,1678096800,STORY
b970befc-45bc-3256-8d6d-e011e8870577,AJG,2023-3-6,Arthur J. Gallagher & Co. to Host Regularly Scheduled Quarterly Investor Meeting with Management,PR Newswire,https://finance.yahoo.com/news/arthur-j-gallagher-co-host-211500538.html,1677791700,STORY
ee85c382-3a7e-300f-9ebc-69d8c254e2d0,AJG,2023-3-6,AON Unit Launches New IP-Backed Lending Investment Vehicle,Zacks,https://finance.yahoo.com/news/aon-unit-launches-ip-backed-154003314.html,1677771603,STORY
86cf6a26-1f84-3e3f-bced-c3fb518b5bdb,AJG,2023-3-6,Arthur J. Gallagher (AJG) Consolidates Portfolio With Buyout,Zacks,https://finance.yahoo.com/news/arthur-j-gallagher-ajg-consolidates-145102440.html,1677768662,STORY
40083c6f-df41-3e1f-ad61-f15cf58a50b1,AJG,2023-3-6,Arthur J. Gallagher & Co. Acquires Anderson Benson,PR Newswire,https://finance.yahoo.com/news/arthur-j-gallagher-co-acquires-140000073.html,1677679200,STORY
77d8d1f6-8516-311f-b90e-3b1c7f1b6e37,AJG,2023-3-6,Be Sure To Check Out Arthur J. Gallagher & Co. (NYSE:AJG) Before It Goes Ex-Dividend,Simply Wall St.,https://finance.yahoo.com/news/sure-check-arthur-j-gallagher-122907983.html,1677328147,STORY
8173b557-6153-34bf-a522-9bf318c01229,AJG,2023-3-6,SPACs: SEC Rules and Liquidation Deadlines Panel at Palm Beach CorpGov Forum,CorpGov.com,https://finance.yahoo.com/news/spacs-sec-rules-liquidation-deadlines-184136116.html,1677091296,STORY
fe312f45-9500-3838-8674-bdeb87ce09f9,AJG,2023-3-6,Factors That Make Marsh & McLennan (MMC) Stock A Lucrative Bet,Zacks,https://finance.yahoo.com/news/factors-marsh-mclennan-mmc-stock-183806986.html,1677091086,STORY
ec8a11fc-e397-33f0-8bdd-46fe6fb62b34,AJG,2023-3-9,"Zacks Industry Outlook Highlights Marsh & McLennan, Aon, Arthur J. Gallagher and Ryan Specialty Holdings",Zacks,https://finance.yahoo.com/news/zacks-industry-outlook-highlights-marsh-095309889.html,1678355589,STORY
1994b0c6-6a5d-3ee3-844c-7d693f5e60a6,AJG,2023-3-9,4 Insurance Brokers to Watch Despite Industry Challenges,Zacks,https://finance.yahoo.com/news/4-insurance-brokers-watch-despite-142702954.html,1678285622,STORY
45bbf03e-e965-3b05-8505-3125633ed1e5,AJG,2023-3-9,Arthur J. Gallagher (AJG) Boosts Portfolio With Bay Risk,Zacks,https://finance.yahoo.com/news/arthur-j-gallagher-ajg-boosts-130601865.html,1678280761,STORY
206794a1-b669-346c-ad1a-40208449346d,AJG,2023-3-9,Arthur J. Gallagher & Co. Acquires Bay Risk Services Limited,PR Newswire,https://finance.yahoo.com/news/arthur-j-gallagher-co-acquires-100000884.html,1678096800,STORY
b970befc-45bc-3256-8d6d-e011e8870577,AJG,2023-3-9,Arthur J. Gallagher & Co. to Host Regularly Scheduled Quarterly Investor Meeting with Management,PR Newswire,https://finance.yahoo.com/news/arthur-j-gallagher-co-host-211500538.html,1677791700,STORY
ee85c382-3a7e-300f-9ebc-69d8c254e2d0,AJG,2023-3-9,AON Unit Launches New IP-Backed Lending Investment Vehicle,Zacks,https://finance.yahoo.com/news/aon-unit-launches-ip-backed-154003314.html,1677771603,STORY
86cf6a26-1f84-3e3f-bced-c3fb518b5bdb,AJG,2023-3-9,Arthur J. Gallagher (AJG) Consolidates Portfolio With Buyout,Zacks,https://finance.yahoo.com/news/arthur-j-gallagher-ajg-consolidates-145102440.html,1677768662,STORY
40083c6f-df41-3e1f-ad61-f15cf58a50b1,AJG,2023-3-9,Arthur J. Gallagher & Co. Acquires Anderson Benson,PR Newswire,https://finance.yahoo.com/news/arthur-j-gallagher-co-acquires-140000073.html,1677679200,STORY
ec8a11fc-e397-33f0-8bdd-46fe6fb62b34,AJG,2023-3-10,"Zacks Industry Outlook Highlights Marsh & McLennan, Aon, Arthur J. Gallagher and Ryan Specialty Holdings",Zacks,https://finance.yahoo.com/news/zacks-industry-outlook-highlights-marsh-095309889.html,1678355589,STORY
1994b0c6-6a5d-3ee3-844c-7d693f5e60a6,AJG,2023-3-10,4 Insurance Brokers to Watch Despite Industry Challenges,Zacks,https://finance.yahoo.com/news/4-insurance-brokers-watch-despite-142702954.html,1678285622,STORY
45bbf03e-e965-3b05-8505-3125633ed1e5,AJG,2023-3-10,Arthur J. Gallagher (AJG) Boosts Portfolio With Bay Risk,Zacks,https://finance.yahoo.com/news/arthur-j-gallagher-ajg-boosts-130601865.html,1678280761,STORY
206794a1-b669-346c-ad1a-40208449346d,AJG,2023-3-10,Arthur J. Gallagher & Co. Acquires Bay Risk Services Limited,PR Newswire,https://finance.yahoo.com/news/arthur-j-gallagher-co-acquires-100000884.html,1678096800,STORY
b970befc-45bc-3256-8d6d-e011e8870577,AJG,2023-3-10,Arthur J. Gallagher & Co. to Host Regularly Scheduled Quarterly Investor Meeting with Management,PR Newswire,https://finance.yahoo.com/news/arthur-j-gallagher-co-host-211500538.html,1677791700,STORY
ee85c382-3a7e-300f-9ebc-69d8c254e2d0,AJG,2023-3-10,AON Unit Launches New IP-Backed Lending Investment Vehicle,Zacks,https://finance.yahoo.com/news/aon-unit-launches-ip-backed-154003314.html,1677771603,STORY
86cf6a26-1f84-3e3f-bced-c3fb518b5bdb,AJG,2023-3-10,Arthur J. Gallagher (AJG) Consolidates Portfolio With Buyout,Zacks,https://finance.yahoo.com/news/arthur-j-gallagher-ajg-consolidates-145102440.html,1677768662,STORY
40083c6f-df41-3e1f-ad61-f15cf58a50b1,AJG,2023-3-10,Arthur J. Gallagher & Co. Acquires Anderson Benson,PR Newswire,https://finance.yahoo.com/news/arthur-j-gallagher-co-acquires-140000073.html,1677679200,STORY
ec8a11fc-e397-33f0-8bdd-46fe6fb62b34,AJG,2023-3-11,"Zacks Industry Outlook Highlights Marsh & McLennan, Aon, Arthur J. Gallagher and Ryan Specialty Holdings",Zacks,https://finance.yahoo.com/news/zacks-industry-outlook-highlights-marsh-095309889.html,1678355589,STORY
1994b0c6-6a5d-3ee3-844c-7d693f5e60a6,AJG,2023-3-11,4 Insurance Brokers to Watch Despite Industry Challenges,Zacks,https://finance.yahoo.com/news/4-insurance-brokers-watch-despite-142702954.html,1678285622,STORY
45bbf03e-e965-3b05-8505-3125633ed1e5,AJG,2023-3-11,Arthur J. Gallagher (AJG) Boosts Portfolio With Bay Risk,Zacks,https://finance.yahoo.com/news/arthur-j-gallagher-ajg-boosts-130601865.html,1678280761,STORY
206794a1-b669-346c-ad1a-40208449346d,AJG,2023-3-11,Arthur J. Gallagher & Co. Acquires Bay Risk Services Limited,PR Newswire,https://finance.yahoo.com/news/arthur-j-gallagher-co-acquires-100000884.html,1678096800,STORY
b970befc-45bc-3256-8d6d-e011e8870577,AJG,2023-3-11,Arthur J. Gallagher & Co. to Host Regularly Scheduled Quarterly Investor Meeting with Management,PR Newswire,https://finance.yahoo.com/news/arthur-j-gallagher-co-host-211500538.html,1677791700,STORY
ee85c382-3a7e-300f-9ebc-69d8c254e2d0,AJG,2023-3-11,AON Unit Launches New IP-Backed Lending Investment Vehicle,Zacks,https://finance.yahoo.com/news/aon-unit-launches-ip-backed-154003314.html,1677771603,STORY
86cf6a26-1f84-3e3f-bced-c3fb518b5bdb,AJG,2023-3-11,Arthur J. Gallagher (AJG) Consolidates Portfolio With Buyout,Zacks,https://finance.yahoo.com/news/arthur-j-gallagher-ajg-consolidates-145102440.html,1677768662,STORY
40083c6f-df41-3e1f-ad61-f15cf58a50b1,AJG,2023-3-11,Arthur J. Gallagher & Co. Acquires Anderson Benson,PR Newswire,https://finance.yahoo.com/news/arthur-j-gallagher-co-acquires-140000073.html,1677679200,STORY
ec8a11fc-e397-33f0-8bdd-46fe6fb62b34,AJG,2023-3-12,"Zacks Industry Outlook Highlights Marsh & McLennan, Aon, Arthur J. Gallagher and Ryan Specialty Holdings",Zacks,https://finance.yahoo.com/news/zacks-industry-outlook-highlights-marsh-095309889.html,1678355589,STORY
1994b0c6-6a5d-3ee3-844c-7d693f5e60a6,AJG,2023-3-12,4 Insurance Brokers to Watch Despite Industry Challenges,Zacks,https://finance.yahoo.com/news/4-insurance-brokers-watch-despite-142702954.html,1678285622,STORY
45bbf03e-e965-3b05-8505-3125633ed1e5,AJG,2023-3-12,Arthur J. Gallagher (AJG) Boosts Portfolio With Bay Risk,Zacks,https://finance.yahoo.com/news/arthur-j-gallagher-ajg-boosts-130601865.html,1678280761,STORY
206794a1-b669-346c-ad1a-40208449346d,AJG,2023-3-12,Arthur J. Gallagher & Co. Acquires Bay Risk Services Limited,PR Newswire,https://finance.yahoo.com/news/arthur-j-gallagher-co-acquires-100000884.html,1678096800,STORY
b970befc-45bc-3256-8d6d-e011e8870577,AJG,2023-3-12,Arthur J. Gallagher & Co. to Host Regularly Scheduled Quarterly Investor Meeting with Management,PR Newswire,https://finance.yahoo.com/news/arthur-j-gallagher-co-host-211500538.html,1677791700,STORY
ee85c382-3a7e-300f-9ebc-69d8c254e2d0,AJG,2023-3-12,AON Unit Launches New IP-Backed Lending Investment Vehicle,Zacks,https://finance.yahoo.com/news/aon-unit-launches-ip-backed-154003314.html,1677771603,STORY
86cf6a26-1f84-3e3f-bced-c3fb518b5bdb,AJG,2023-3-12,Arthur J. Gallagher (AJG) Consolidates Portfolio With Buyout,Zacks,https://finance.yahoo.com/news/arthur-j-gallagher-ajg-consolidates-145102440.html,1677768662,STORY
40083c6f-df41-3e1f-ad61-f15cf58a50b1,AJG,2023-3-12,Arthur J. Gallagher & Co. Acquires Anderson Benson,PR Newswire,https://finance.yahoo.com/news/arthur-j-gallagher-co-acquires-140000073.html,1677679200,STORY
ec8a11fc-e397-33f0-8bdd-46fe6fb62b34,AJG,2023-3-13,"Zacks Industry Outlook Highlights Marsh & McLennan, Aon, Arthur J. Gallagher and Ryan Specialty Holdings",Zacks,https://finance.yahoo.com/news/zacks-industry-outlook-highlights-marsh-095309889.html,1678355589,STORY
1994b0c6-6a5d-3ee3-844c-7d693f5e60a6,AJG,2023-3-13,4 Insurance Brokers to Watch Despite Industry Challenges,Zacks,https://finance.yahoo.com/news/4-insurance-brokers-watch-despite-142702954.html,1678285622,STORY
45bbf03e-e965-3b05-8505-3125633ed1e5,AJG,2023-3-13,Arthur J. Gallagher (AJG) Boosts Portfolio With Bay Risk,Zacks,https://finance.yahoo.com/news/arthur-j-gallagher-ajg-boosts-130601865.html,1678280761,STORY
206794a1-b669-346c-ad1a-40208449346d,AJG,2023-3-13,Arthur J. Gallagher & Co. Acquires Bay Risk Services Limited,PR Newswire,https://finance.yahoo.com/news/arthur-j-gallagher-co-acquires-100000884.html,1678096800,STORY
b970befc-45bc-3256-8d6d-e011e8870577,AJG,2023-3-13,Arthur J. Gallagher & Co. to Host Regularly Scheduled Quarterly Investor Meeting with Management,PR Newswire,https://finance.yahoo.com/news/arthur-j-gallagher-co-host-211500538.html,1677791700,STORY
ee85c382-3a7e-300f-9ebc-69d8c254e2d0,AJG,2023-3-13,AON Unit Launches New IP-Backed Lending Investment Vehicle,Zacks,https://finance.yahoo.com/news/aon-unit-launches-ip-backed-154003314.html,1677771603,STORY
86cf6a26-1f84-3e3f-bced-c3fb518b5bdb,AJG,2023-3-13,Arthur J. Gallagher (AJG) Consolidates Portfolio With Buyout,Zacks,https://finance.yahoo.com/news/arthur-j-gallagher-ajg-consolidates-145102440.html,1677768662,STORY
40083c6f-df41-3e1f-ad61-f15cf58a50b1,AJG,2023-3-13,Arthur J. Gallagher & Co. Acquires Anderson Benson,PR Newswire,https://finance.yahoo.com/news/arthur-j-gallagher-co-acquires-140000073.html,1677679200,STORY
ec8a11fc-e397-33f0-8bdd-46fe6fb62b34,AJG,2023-3-14,"Zacks Industry Outlook Highlights Marsh & McLennan, Aon, Arthur J. Gallagher and Ryan Specialty Holdings",Zacks,https://finance.yahoo.com/news/zacks-industry-outlook-highlights-marsh-095309889.html,1678355589,STORY
1994b0c6-6a5d-3ee3-844c-7d693f5e60a6,AJG,2023-3-14,4 Insurance Brokers to Watch Despite Industry Challenges,Zacks,https://finance.yahoo.com/news/4-insurance-brokers-watch-despite-142702954.html,1678285622,STORY
45bbf03e-e965-3b05-8505-3125633ed1e5,AJG,2023-3-14,Arthur J. Gallagher (AJG) Boosts Portfolio With Bay Risk,Zacks,https://finance.yahoo.com/news/arthur-j-gallagher-ajg-boosts-130601865.html,1678280761,STORY
206794a1-b669-346c-ad1a-40208449346d,AJG,2023-3-14,Arthur J. Gallagher & Co. Acquires Bay Risk Services Limited,PR Newswire,https://finance.yahoo.com/news/arthur-j-gallagher-co-acquires-100000884.html,1678096800,STORY
b970befc-45bc-3256-8d6d-e011e8870577,AJG,2023-3-14,Arthur J. Gallagher & Co. to Host Regularly Scheduled Quarterly Investor Meeting with Management,PR Newswire,https://finance.yahoo.com/news/arthur-j-gallagher-co-host-211500538.html,1677791700,STORY
ee85c382-3a7e-300f-9ebc-69d8c254e2d0,AJG,2023-3-14,AON Unit Launches New IP-Backed Lending Investment Vehicle,Zacks,https://finance.yahoo.com/news/aon-unit-launches-ip-backed-154003314.html,1677771603,STORY
86cf6a26-1f84-3e3f-bced-c3fb518b5bdb,AJG,2023-3-14,Arthur J. Gallagher (AJG) Consolidates Portfolio With Buyout,Zacks,https://finance.yahoo.com/news/arthur-j-gallagher-ajg-consolidates-145102440.html,1677768662,STORY
40083c6f-df41-3e1f-ad61-f15cf58a50b1,AJG,2023-3-14,Arthur J. Gallagher & Co. Acquires Anderson Benson,PR Newswire,https://finance.yahoo.com/news/arthur-j-gallagher-co-acquires-140000073.html,1677679200,STORY
fbb2546a-07f5-3716-976b-248ccc19fd38,AJG,2023-3-15,Arthur J. Gallagher & Co. Acquires FE Protect,PR Newswire,https://finance.yahoo.com/news/arthur-j-gallagher-co-acquires-103000810.html,1678876200,STORY
e2153be8-f83b-325a-ac9d-35e8b9ebbef7,AJG,2023-3-15,Arthur J. Gallagher (AJG) Up 14% in a Year: More Room to Run?,Zacks,https://finance.yahoo.com/news/arthur-j-gallagher-ajg-14-141902830.html,1678803542,STORY
ec8a11fc-e397-33f0-8bdd-46fe6fb62b34,AJG,2023-3-15,"Zacks Industry Outlook Highlights Marsh & McLennan, Aon, Arthur J. Gallagher and Ryan Specialty Holdings",Zacks,https://finance.yahoo.com/news/zacks-industry-outlook-highlights-marsh-095309889.html,1678355589,STORY
1994b0c6-6a5d-3ee3-844c-7d693f5e60a6,AJG,2023-3-15,4 Insurance Brokers to Watch Despite Industry Challenges,Zacks,https://finance.yahoo.com/news/4-insurance-brokers-watch-despite-142702954.html,1678285622,STORY
45bbf03e-e965-3b05-8505-3125633ed1e5,AJG,2023-3-15,Arthur J. Gallagher (AJG) Boosts Portfolio With Bay Risk,Zacks,https://finance.yahoo.com/news/arthur-j-gallagher-ajg-boosts-130601865.html,1678280761,STORY
206794a1-b669-346c-ad1a-40208449346d,AJG,2023-3-15,Arthur J. Gallagher & Co. Acquires Bay Risk Services Limited,PR Newswire,https://finance.yahoo.com/news/arthur-j-gallagher-co-acquires-100000884.html,1678096800,STORY
b970befc-45bc-3256-8d6d-e011e8870577,AJG,2023-3-15,Arthur J. Gallagher & Co. to Host Regularly Scheduled Quarterly Investor Meeting with Management,PR Newswire,https://finance.yahoo.com/news/arthur-j-gallagher-co-host-211500538.html,1677791700,STORY
ee85c382-3a7e-300f-9ebc-69d8c254e2d0,AJG,2023-3-15,AON Unit Launches New IP-Backed Lending Investment Vehicle,Zacks,https://finance.yahoo.com/news/aon-unit-launches-ip-backed-154003314.html,1677771603,STORY
fbb2546a-07f5-3716-976b-248ccc19fd38,AJG,2023-3-16,Arthur J. Gallagher & Co. Acquires FE Protect,PR Newswire,https://finance.yahoo.com/news/arthur-j-gallagher-co-acquires-103000810.html,1678876200,STORY
e2153be8-f83b-325a-ac9d-35e8b9ebbef7,AJG,2023-3-16,Arthur J. Gallagher (AJG) Up 14% in a Year: More Room to Run?,Zacks,https://finance.yahoo.com/news/arthur-j-gallagher-ajg-14-141902830.html,1678803542,STORY
ec8a11fc-e397-33f0-8bdd-46fe6fb62b34,AJG,2023-3-16,"Zacks Industry Outlook Highlights Marsh & McLennan, Aon, Arthur J. Gallagher and Ryan Specialty Holdings",Zacks,https://finance.yahoo.com/news/zacks-industry-outlook-highlights-marsh-095309889.html,1678355589,STORY
1994b0c6-6a5d-3ee3-844c-7d693f5e60a6,AJG,2023-3-16,4 Insurance Brokers to Watch Despite Industry Challenges,Zacks,https://finance.yahoo.com/news/4-insurance-brokers-watch-despite-142702954.html,1678285622,STORY
45bbf03e-e965-3b05-8505-3125633ed1e5,AJG,2023-3-16,Arthur J. Gallagher (AJG) Boosts Portfolio With Bay Risk,Zacks,https://finance.yahoo.com/news/arthur-j-gallagher-ajg-boosts-130601865.html,1678280761,STORY
206794a1-b669-346c-ad1a-40208449346d,AJG,2023-3-16,Arthur J. Gallagher & Co. Acquires Bay Risk Services Limited,PR Newswire,https://finance.yahoo.com/news/arthur-j-gallagher-co-acquires-100000884.html,1678096800,STORY
b970befc-45bc-3256-8d6d-e011e8870577,AJG,2023-3-16,Arthur J. Gallagher & Co. to Host Regularly Scheduled Quarterly Investor Meeting with Management,PR Newswire,https://finance.yahoo.com/news/arthur-j-gallagher-co-host-211500538.html,1677791700,STORY
ee85c382-3a7e-300f-9ebc-69d8c254e2d0,AJG,2023-3-16,AON Unit Launches New IP-Backed Lending Investment Vehicle,Zacks,https://finance.yahoo.com/news/aon-unit-launches-ip-backed-154003314.html,1677771603,STORY
0e5f36c4-9e7a-34e2-bccf-2aebd538ec34,AJG,2023-3-17,Strength Seen in Arthur J. Gallagher (AJG): Can Its 3.7% Jump Turn into More Strength?,Zacks,https://finance.yahoo.com/news/strength-seen-arthur-j-gallagher-105910579.html,1679050750,STORY
aea53d01-1b5a-369f-bee9-d12f1e8d7919,AJG,2023-3-17,Arthur J. Gallagher (AJG) Expands in England With Buyout,Zacks,https://finance.yahoo.com/news/arthur-j-gallagher-ajg-expands-155203165.html,1678981923,STORY
fbb2546a-07f5-3716-976b-248ccc19fd38,AJG,2023-3-17,Arthur J. Gallagher & Co. Acquires FE Protect,PR Newswire,https://finance.yahoo.com/news/arthur-j-gallagher-co-acquires-103000810.html,1678876200,STORY
e2153be8-f83b-325a-ac9d-35e8b9ebbef7,AJG,2023-3-17,Arthur J. Gallagher (AJG) Up 14% in a Year: More Room to Run?,Zacks,https://finance.yahoo.com/news/arthur-j-gallagher-ajg-14-141902830.html,1678803542,STORY
ec8a11fc-e397-33f0-8bdd-46fe6fb62b34,AJG,2023-3-17,"Zacks Industry Outlook Highlights Marsh & McLennan, Aon, Arthur J. Gallagher and Ryan Specialty Holdings",Zacks,https://finance.yahoo.com/news/zacks-industry-outlook-highlights-marsh-095309889.html,1678355589,STORY
1994b0c6-6a5d-3ee3-844c-7d693f5e60a6,AJG,2023-3-17,4 Insurance Brokers to Watch Despite Industry Challenges,Zacks,https://finance.yahoo.com/news/4-insurance-brokers-watch-despite-142702954.html,1678285622,STORY
45bbf03e-e965-3b05-8505-3125633ed1e5,AJG,2023-3-17,Arthur J. Gallagher (AJG) Boosts Portfolio With Bay Risk,Zacks,https://finance.yahoo.com/news/arthur-j-gallagher-ajg-boosts-130601865.html,1678280761,STORY
206794a1-b669-346c-ad1a-40208449346d,AJG,2023-3-17,Arthur J. Gallagher & Co. Acquires Bay Risk Services Limited,PR Newswire,https://finance.yahoo.com/news/arthur-j-gallagher-co-acquires-100000884.html,1678096800,STORY
0e5f36c4-9e7a-34e2-bccf-2aebd538ec34,AJG,2023-3-18,Strength Seen in Arthur J. Gallagher (AJG): Can Its 3.7% Jump Turn into More Strength?,Zacks,https://finance.yahoo.com/news/strength-seen-arthur-j-gallagher-105910579.html,1679050750,STORY
aea53d01-1b5a-369f-bee9-d12f1e8d7919,AJG,2023-3-18,Arthur J. Gallagher (AJG) Expands in England With Buyout,Zacks,https://finance.yahoo.com/news/arthur-j-gallagher-ajg-expands-155203165.html,1678981923,STORY
fbb2546a-07f5-3716-976b-248ccc19fd38,AJG,2023-3-18,Arthur J. Gallagher & Co. Acquires FE Protect,PR Newswire,https://finance.yahoo.com/news/arthur-j-gallagher-co-acquires-103000810.html,1678876200,STORY
e2153be8-f83b-325a-ac9d-35e8b9ebbef7,AJG,2023-3-18,Arthur J. Gallagher (AJG) Up 14% in a Year: More Room to Run?,Zacks,https://finance.yahoo.com/news/arthur-j-gallagher-ajg-14-141902830.html,1678803542,STORY
ec8a11fc-e397-33f0-8bdd-46fe6fb62b34,AJG,2023-3-18,"Zacks Industry Outlook Highlights Marsh & McLennan, Aon, Arthur J. Gallagher and Ryan Specialty Holdings",Zacks,https://finance.yahoo.com/news/zacks-industry-outlook-highlights-marsh-095309889.html,1678355589,STORY
1994b0c6-6a5d-3ee3-844c-7d693f5e60a6,AJG,2023-3-18,4 Insurance Brokers to Watch Despite Industry Challenges,Zacks,https://finance.yahoo.com/news/4-insurance-brokers-watch-despite-142702954.html,1678285622,STORY
45bbf03e-e965-3b05-8505-3125633ed1e5,AJG,2023-3-18,Arthur J. Gallagher (AJG) Boosts Portfolio With Bay Risk,Zacks,https://finance.yahoo.com/news/arthur-j-gallagher-ajg-boosts-130601865.html,1678280761,STORY
206794a1-b669-346c-ad1a-40208449346d,AJG,2023-3-18,Arthur J. Gallagher & Co. Acquires Bay Risk Services Limited,PR Newswire,https://finance.yahoo.com/news/arthur-j-gallagher-co-acquires-100000884.html,1678096800,STORY
0e5f36c4-9e7a-34e2-bccf-2aebd538ec34,AJG,2023-3-19,Strength Seen in Arthur J. Gallagher (AJG): Can Its 3.7% Jump Turn into More Strength?,Zacks,https://finance.yahoo.com/news/strength-seen-arthur-j-gallagher-105910579.html,1679050750,STORY
aea53d01-1b5a-369f-bee9-d12f1e8d7919,AJG,2023-3-19,Arthur J. Gallagher (AJG) Expands in England With Buyout,Zacks,https://finance.yahoo.com/news/arthur-j-gallagher-ajg-expands-155203165.html,1678981923,STORY
fbb2546a-07f5-3716-976b-248ccc19fd38,AJG,2023-3-19,Arthur J. Gallagher & Co. Acquires FE Protect,PR Newswire,https://finance.yahoo.com/news/arthur-j-gallagher-co-acquires-103000810.html,1678876200,STORY
e2153be8-f83b-325a-ac9d-35e8b9ebbef7,AJG,2023-3-19,Arthur J. Gallagher (AJG) Up 14% in a Year: More Room to Run?,Zacks,https://finance.yahoo.com/news/arthur-j-gallagher-ajg-14-141902830.html,1678803542,STORY
ec8a11fc-e397-33f0-8bdd-46fe6fb62b34,AJG,2023-3-19,"Zacks Industry Outlook Highlights Marsh & McLennan, Aon, Arthur J. Gallagher and Ryan Specialty Holdings",Zacks,https://finance.yahoo.com/news/zacks-industry-outlook-highlights-marsh-095309889.html,1678355589,STORY
1994b0c6-6a5d-3ee3-844c-7d693f5e60a6,AJG,2023-3-19,4 Insurance Brokers to Watch Despite Industry Challenges,Zacks,https://finance.yahoo.com/news/4-insurance-brokers-watch-despite-142702954.html,1678285622,STORY
45bbf03e-e965-3b05-8505-3125633ed1e5,AJG,2023-3-19,Arthur J. Gallagher (AJG) Boosts Portfolio With Bay Risk,Zacks,https://finance.yahoo.com/news/arthur-j-gallagher-ajg-boosts-130601865.html,1678280761,STORY
206794a1-b669-346c-ad1a-40208449346d,AJG,2023-3-19,Arthur J. Gallagher & Co. Acquires Bay Risk Services Limited,PR Newswire,https://finance.yahoo.com/news/arthur-j-gallagher-co-acquires-100000884.html,1678096800,STORY
22f29a89-72c9-33c7-8ace-161ea880faa4,AJG,2023-3-23,Arthur J. Gallagher (AJG) Boosts Surety Market With Viking Bond,Zacks,https://finance.yahoo.com/news/arthur-j-gallagher-ajg-boosts-132901018.html,1679491741,STORY
e8e21e47-e725-3554-8519-110a91579dbf,AJG,2023-3-23,"Arthur J. Gallagher & Co. Acquires Viking Bond Service, Inc.",PR Newswire,https://finance.yahoo.com/news/arthur-j-gallagher-co-acquires-130000181.html,1679403600,STORY
882ee26b-a9cd-31d7-8dfa-5b8bb8e56ac0,AJG,2023-3-23,"Arthur J. Gallagher & Co. (NYSE:AJG) insiders sold US$1.9m worth of stock, possibly signalling a downtrend",Simply Wall St.,https://finance.yahoo.com/news/arthur-j-gallagher-co-nyse-120021042.html,1679400021,STORY
ec90b746-f27d-3b28-8000-3a61fca94ac8,AJG,2023-3-23,"Arthur J. Gallagher & Co. Acquires Stewart, Brimner, Peters & Company, Inc.",PR Newswire,https://finance.yahoo.com/news/arthur-j-gallagher-co-acquires-130000406.html,1679317200,STORY
0e5f36c4-9e7a-34e2-bccf-2aebd538ec34,AJG,2023-3-23,Strength Seen in Arthur J. Gallagher (AJG): Can Its 3.7% Jump Turn into More Strength?,Zacks,https://finance.yahoo.com/news/strength-seen-arthur-j-gallagher-105910579.html,1679050750,STORY
aea53d01-1b5a-369f-bee9-d12f1e8d7919,AJG,2023-3-23,Arthur J. Gallagher (AJG) Expands in England With Buyout,Zacks,https://finance.yahoo.com/news/arthur-j-gallagher-ajg-expands-155203165.html,1678981923,STORY
fbb2546a-07f5-3716-976b-248ccc19fd38,AJG,2023-3-23,Arthur J. Gallagher & Co. Acquires FE Protect,PR Newswire,https://finance.yahoo.com/news/arthur-j-gallagher-co-acquires-103000810.html,1678876200,STORY
e2153be8-f83b-325a-ac9d-35e8b9ebbef7,AJG,2023-3-23,Arthur J. Gallagher (AJG) Up 14% in a Year: More Room to Run?,Zacks,https://finance.yahoo.com/news/arthur-j-gallagher-ajg-14-141902830.html,1678803542,STORY
22f29a89-72c9-33c7-8ace-161ea880faa4,AJG,2023-3-24,Arthur J. Gallagher (AJG) Boosts Surety Market With Viking Bond,Zacks,https://finance.yahoo.com/news/arthur-j-gallagher-ajg-boosts-132901018.html,1679491741,STORY
e8e21e47-e725-3554-8519-110a91579dbf,AJG,2023-3-24,"Arthur J. Gallagher & Co. Acquires Viking Bond Service, Inc.",PR Newswire,https://finance.yahoo.com/news/arthur-j-gallagher-co-acquires-130000181.html,1679403600,STORY
882ee26b-a9cd-31d7-8dfa-5b8bb8e56ac0,AJG,2023-3-24,"Arthur J. Gallagher & Co. (NYSE:AJG) insiders sold US$1.9m worth of stock, possibly signalling a downtrend",Simply Wall St.,https://finance.yahoo.com/news/arthur-j-gallagher-co-nyse-120021042.html,1679400021,STORY
ec90b746-f27d-3b28-8000-3a61fca94ac8,AJG,2023-3-24,"Arthur J. Gallagher & Co. Acquires Stewart, Brimner, Peters & Company, Inc.",PR Newswire,https://finance.yahoo.com/news/arthur-j-gallagher-co-acquires-130000406.html,1679317200,STORY
0e5f36c4-9e7a-34e2-bccf-2aebd538ec34,AJG,2023-3-24,Strength Seen in Arthur J. Gallagher (AJG): Can Its 3.7% Jump Turn into More Strength?,Zacks,https://finance.yahoo.com/news/strength-seen-arthur-j-gallagher-105910579.html,1679050750,STORY
aea53d01-1b5a-369f-bee9-d12f1e8d7919,AJG,2023-3-24,Arthur J. Gallagher (AJG) Expands in England With Buyout,Zacks,https://finance.yahoo.com/news/arthur-j-gallagher-ajg-expands-155203165.html,1678981923,STORY
fbb2546a-07f5-3716-976b-248ccc19fd38,AJG,2023-3-24,Arthur J. Gallagher & Co. Acquires FE Protect,PR Newswire,https://finance.yahoo.com/news/arthur-j-gallagher-co-acquires-103000810.html,1678876200,STORY
e2153be8-f83b-325a-ac9d-35e8b9ebbef7,AJG,2023-3-24,Arthur J. Gallagher (AJG) Up 14% in a Year: More Room to Run?,Zacks,https://finance.yahoo.com/news/arthur-j-gallagher-ajg-14-141902830.html,1678803542,STORY
22f29a89-72c9-33c7-8ace-161ea880faa4,AJG,2023-3-25,Arthur J. Gallagher (AJG) Boosts Surety Market With Viking Bond,Zacks,https://finance.yahoo.com/news/arthur-j-gallagher-ajg-boosts-132901018.html,1679491741,STORY
e8e21e47-e725-3554-8519-110a91579dbf,AJG,2023-3-25,"Arthur J. Gallagher & Co. Acquires Viking Bond Service, Inc.",PR Newswire,https://finance.yahoo.com/news/arthur-j-gallagher-co-acquires-130000181.html,1679403600,STORY
882ee26b-a9cd-31d7-8dfa-5b8bb8e56ac0,AJG,2023-3-25,"Arthur J. Gallagher & Co. (NYSE:AJG) insiders sold US$1.9m worth of stock, possibly signalling a downtrend",Simply Wall St.,https://finance.yahoo.com/news/arthur-j-gallagher-co-nyse-120021042.html,1679400021,STORY
ec90b746-f27d-3b28-8000-3a61fca94ac8,AJG,2023-3-25,"Arthur J. Gallagher & Co. Acquires Stewart, Brimner, Peters & Company, Inc.",PR Newswire,https://finance.yahoo.com/news/arthur-j-gallagher-co-acquires-130000406.html,1679317200,STORY
0e5f36c4-9e7a-34e2-bccf-2aebd538ec34,AJG,2023-3-25,Strength Seen in Arthur J. Gallagher (AJG): Can Its 3.7% Jump Turn into More Strength?,Zacks,https://finance.yahoo.com/news/strength-seen-arthur-j-gallagher-105910579.html,1679050750,STORY
aea53d01-1b5a-369f-bee9-d12f1e8d7919,AJG,2023-3-25,Arthur J. Gallagher (AJG) Expands in England With Buyout,Zacks,https://finance.yahoo.com/news/arthur-j-gallagher-ajg-expands-155203165.html,1678981923,STORY
fbb2546a-07f5-3716-976b-248ccc19fd38,AJG,2023-3-25,Arthur J. Gallagher & Co. Acquires FE Protect,PR Newswire,https://finance.yahoo.com/news/arthur-j-gallagher-co-acquires-103000810.html,1678876200,STORY
e2153be8-f83b-325a-ac9d-35e8b9ebbef7,AJG,2023-3-25,Arthur J. Gallagher (AJG) Up 14% in a Year: More Room to Run?,Zacks,https://finance.yahoo.com/news/arthur-j-gallagher-ajg-14-141902830.html,1678803542,STORY
22f29a89-72c9-33c7-8ace-161ea880faa4,AJG,2023-3-26,Arthur J. Gallagher (AJG) Boosts Surety Market With Viking Bond,Zacks,https://finance.yahoo.com/news/arthur-j-gallagher-ajg-boosts-132901018.html,1679491741,STORY
e8e21e47-e725-3554-8519-110a91579dbf,AJG,2023-3-26,"Arthur J. Gallagher & Co. Acquires Viking Bond Service, Inc.",PR Newswire,https://finance.yahoo.com/news/arthur-j-gallagher-co-acquires-130000181.html,1679403600,STORY
882ee26b-a9cd-31d7-8dfa-5b8bb8e56ac0,AJG,2023-3-26,"Arthur J. Gallagher & Co. (NYSE:AJG) insiders sold US$1.9m worth of stock, possibly signalling a downtrend",Simply Wall St.,https://finance.yahoo.com/news/arthur-j-gallagher-co-nyse-120021042.html,1679400021,STORY
ec90b746-f27d-3b28-8000-3a61fca94ac8,AJG,2023-3-26,"Arthur J. Gallagher & Co. Acquires Stewart, Brimner, Peters & Company, Inc.",PR Newswire,https://finance.yahoo.com/news/arthur-j-gallagher-co-acquires-130000406.html,1679317200,STORY
0e5f36c4-9e7a-34e2-bccf-2aebd538ec34,AJG,2023-3-26,Strength Seen in Arthur J. Gallagher (AJG): Can Its 3.7% Jump Turn into More Strength?,Zacks,https://finance.yahoo.com/news/strength-seen-arthur-j-gallagher-105910579.html,1679050750,STORY
aea53d01-1b5a-369f-bee9-d12f1e8d7919,AJG,2023-3-26,Arthur J. Gallagher (AJG) Expands in England With Buyout,Zacks,https://finance.yahoo.com/news/arthur-j-gallagher-ajg-expands-155203165.html,1678981923,STORY
fbb2546a-07f5-3716-976b-248ccc19fd38,AJG,2023-3-26,Arthur J. Gallagher & Co. Acquires FE Protect,PR Newswire,https://finance.yahoo.com/news/arthur-j-gallagher-co-acquires-103000810.html,1678876200,STORY
e2153be8-f83b-325a-ac9d-35e8b9ebbef7,AJG,2023-3-26,Arthur J. Gallagher (AJG) Up 14% in a Year: More Room to Run?,Zacks,https://finance.yahoo.com/news/arthur-j-gallagher-ajg-14-141902830.html,1678803542,STORY
22f29a89-72c9-33c7-8ace-161ea880faa4,AJG,2023-3-27,Arthur J. Gallagher (AJG) Boosts Surety Market With Viking Bond,Zacks,https://finance.yahoo.com/news/arthur-j-gallagher-ajg-boosts-132901018.html,1679491741,STORY
e8e21e47-e725-3554-8519-110a91579dbf,AJG,2023-3-27,"Arthur J. Gallagher & Co. Acquires Viking Bond Service, Inc.",PR Newswire,https://finance.yahoo.com/news/arthur-j-gallagher-co-acquires-130000181.html,1679403600,STORY
882ee26b-a9cd-31d7-8dfa-5b8bb8e56ac0,AJG,2023-3-27,"Arthur J. Gallagher & Co. (NYSE:AJG) insiders sold US$1.9m worth of stock, possibly signalling a downtrend",Simply Wall St.,https://finance.yahoo.com/news/arthur-j-gallagher-co-nyse-120021042.html,1679400021,STORY
ec90b746-f27d-3b28-8000-3a61fca94ac8,AJG,2023-3-27,"Arthur J. Gallagher & Co. Acquires Stewart, Brimner, Peters & Company, Inc.",PR Newswire,https://finance.yahoo.com/news/arthur-j-gallagher-co-acquires-130000406.html,1679317200,STORY
0e5f36c4-9e7a-34e2-bccf-2aebd538ec34,AJG,2023-3-27,Strength Seen in Arthur J. Gallagher (AJG): Can Its 3.7% Jump Turn into More Strength?,Zacks,https://finance.yahoo.com/news/strength-seen-arthur-j-gallagher-105910579.html,1679050750,STORY
aea53d01-1b5a-369f-bee9-d12f1e8d7919,AJG,2023-3-27,Arthur J. Gallagher (AJG) Expands in England With Buyout,Zacks,https://finance.yahoo.com/news/arthur-j-gallagher-ajg-expands-155203165.html,1678981923,STORY
fbb2546a-07f5-3716-976b-248ccc19fd38,AJG,2023-3-27,Arthur J. Gallagher & Co. Acquires FE Protect,PR Newswire,https://finance.yahoo.com/news/arthur-j-gallagher-co-acquires-103000810.html,1678876200,STORY
e2153be8-f83b-325a-ac9d-35e8b9ebbef7,AJG,2023-3-27,Arthur J. Gallagher (AJG) Up 14% in a Year: More Room to Run?,Zacks,https://finance.yahoo.com/news/arthur-j-gallagher-ajg-14-141902830.html,1678803542,STORY
22f29a89-72c9-33c7-8ace-161ea880faa4,AJG,2023-3-28,Arthur J. Gallagher (AJG) Boosts Surety Market With Viking Bond,Zacks,https://finance.yahoo.com/news/arthur-j-gallagher-ajg-boosts-132901018.html,1679491741,STORY
e8e21e47-e725-3554-8519-110a91579dbf,AJG,2023-3-28,"Arthur J. Gallagher & Co. Acquires Viking Bond Service, Inc.",PR Newswire,https://finance.yahoo.com/news/arthur-j-gallagher-co-acquires-130000181.html,1679403600,STORY
882ee26b-a9cd-31d7-8dfa-5b8bb8e56ac0,AJG,2023-3-28,"Arthur J. Gallagher & Co. (NYSE:AJG) insiders sold US$1.9m worth of stock, possibly signalling a downtrend",Simply Wall St.,https://finance.yahoo.com/news/arthur-j-gallagher-co-nyse-120021042.html,1679400021,STORY
ec90b746-f27d-3b28-8000-3a61fca94ac8,AJG,2023-3-28,"Arthur J. Gallagher & Co. Acquires Stewart, Brimner, Peters & Company, Inc.",PR Newswire,https://finance.yahoo.com/news/arthur-j-gallagher-co-acquires-130000406.html,1679317200,STORY
0e5f36c4-9e7a-34e2-bccf-2aebd538ec34,AJG,2023-3-28,Strength Seen in Arthur J. Gallagher (AJG): Can Its 3.7% Jump Turn into More Strength?,Zacks,https://finance.yahoo.com/news/strength-seen-arthur-j-gallagher-105910579.html,1679050750,STORY
aea53d01-1b5a-369f-bee9-d12f1e8d7919,AJG,2023-3-28,Arthur J. Gallagher (AJG) Expands in England With Buyout,Zacks,https://finance.yahoo.com/news/arthur-j-gallagher-ajg-expands-155203165.html,1678981923,STORY
fbb2546a-07f5-3716-976b-248ccc19fd38,AJG,2023-3-28,Arthur J. Gallagher & Co. Acquires FE Protect,PR Newswire,https://finance.yahoo.com/news/arthur-j-gallagher-co-acquires-103000810.html,1678876200,STORY
e2153be8-f83b-325a-ac9d-35e8b9ebbef7,AJG,2023-3-28,Arthur J. Gallagher (AJG) Up 14% in a Year: More Room to Run?,Zacks,https://finance.yahoo.com/news/arthur-j-gallagher-ajg-14-141902830.html,1678803542,STORY
20f98ffa-a3b2-3ac9-a545-b495c3ac6fdd,AJG,2023-3-29,Arthur J. Gallagher & Co.'s (NYSE:AJG) Stock Been Rising: Are Strong Financials Guiding The Market?,Simply Wall St.,https://finance.yahoo.com/news/arthur-j-gallagher-co-nyse-110106558.html,1680087666,STORY
22f29a89-72c9-33c7-8ace-161ea880faa4,AJG,2023-3-29,Arthur J. Gallagher (AJG) Boosts Surety Market With Viking Bond,Zacks,https://finance.yahoo.com/news/arthur-j-gallagher-ajg-boosts-132901018.html,1679491741,STORY
e8e21e47-e725-3554-8519-110a91579dbf,AJG,2023-3-29,"Arthur J. Gallagher & Co. Acquires Viking Bond Service, Inc.",PR Newswire,https://finance.yahoo.com/news/arthur-j-gallagher-co-acquires-130000181.html,1679403600,STORY
882ee26b-a9cd-31d7-8dfa-5b8bb8e56ac0,AJG,2023-3-29,"Arthur J. Gallagher & Co. (NYSE:AJG) insiders sold US$1.9m worth of stock, possibly signalling a downtrend",Simply Wall St.,https://finance.yahoo.com/news/arthur-j-gallagher-co-nyse-120021042.html,1679400021,STORY
ec90b746-f27d-3b28-8000-3a61fca94ac8,AJG,2023-3-29,"Arthur J. Gallagher & Co. Acquires Stewart, Brimner, Peters & Company, Inc.",PR Newswire,https://finance.yahoo.com/news/arthur-j-gallagher-co-acquires-130000406.html,1679317200,STORY
0e5f36c4-9e7a-34e2-bccf-2aebd538ec34,AJG,2023-3-29,Strength Seen in Arthur J. Gallagher (AJG): Can Its 3.7% Jump Turn into More Strength?,Zacks,https://finance.yahoo.com/news/strength-seen-arthur-j-gallagher-105910579.html,1679050750,STORY
aea53d01-1b5a-369f-bee9-d12f1e8d7919,AJG,2023-3-29,Arthur J. Gallagher (AJG) Expands in England With Buyout,Zacks,https://finance.yahoo.com/news/arthur-j-gallagher-ajg-expands-155203165.html,1678981923,STORY
fbb2546a-07f5-3716-976b-248ccc19fd38,AJG,2023-3-29,Arthur J. Gallagher & Co. Acquires FE Protect,PR Newswire,https://finance.yahoo.com/news/arthur-j-gallagher-co-acquires-103000810.html,1678876200,STORY
20f98ffa-a3b2-3ac9-a545-b495c3ac6fdd,AJG,2023-3-30,Arthur J. Gallagher & Co.'s (NYSE:AJG) Stock Been Rising: Are Strong Financials Guiding The Market?,Simply Wall St.,https://finance.yahoo.com/news/arthur-j-gallagher-co-nyse-110106558.html,1680087666,STORY
22f29a89-72c9-33c7-8ace-161ea880faa4,AJG,2023-3-30,Arthur J. Gallagher (AJG) Boosts Surety Market With Viking Bond,Zacks,https://finance.yahoo.com/news/arthur-j-gallagher-ajg-boosts-132901018.html,1679491741,STORY
e8e21e47-e725-3554-8519-110a91579dbf,AJG,2023-3-30,"Arthur J. Gallagher & Co. Acquires Viking Bond Service, Inc.",PR Newswire,https://finance.yahoo.com/news/arthur-j-gallagher-co-acquires-130000181.html,1679403600,STORY
882ee26b-a9cd-31d7-8dfa-5b8bb8e56ac0,AJG,2023-3-30,"Arthur J. Gallagher & Co. (NYSE:AJG) insiders sold US$1.9m worth of stock, possibly signalling a downtrend",Simply Wall St.,https://finance.yahoo.com/news/arthur-j-gallagher-co-nyse-120021042.html,1679400021,STORY
ec90b746-f27d-3b28-8000-3a61fca94ac8,AJG,2023-3-30,"Arthur J. Gallagher & Co. Acquires Stewart, Brimner, Peters & Company, Inc.",PR Newswire,https://finance.yahoo.com/news/arthur-j-gallagher-co-acquires-130000406.html,1679317200,STORY
0e5f36c4-9e7a-34e2-bccf-2aebd538ec34,AJG,2023-3-30,Strength Seen in Arthur J. Gallagher (AJG): Can Its 3.7% Jump Turn into More Strength?,Zacks,https://finance.yahoo.com/news/strength-seen-arthur-j-gallagher-105910579.html,1679050750,STORY
aea53d01-1b5a-369f-bee9-d12f1e8d7919,AJG,2023-3-30,Arthur J. Gallagher (AJG) Expands in England With Buyout,Zacks,https://finance.yahoo.com/news/arthur-j-gallagher-ajg-expands-155203165.html,1678981923,STORY
fbb2546a-07f5-3716-976b-248ccc19fd38,AJG,2023-3-30,Arthur J. Gallagher & Co. Acquires FE Protect,PR Newswire,https://finance.yahoo.com/news/arthur-j-gallagher-co-acquires-103000810.html,1678876200,STORY
20f98ffa-a3b2-3ac9-a545-b495c3ac6fdd,AJG,2023-3-31,Arthur J. Gallagher & Co.'s (NYSE:AJG) Stock Been Rising: Are Strong Financials Guiding The Market?,Simply Wall St.,https://finance.yahoo.com/news/arthur-j-gallagher-co-nyse-110106558.html,1680087666,STORY
22f29a89-72c9-33c7-8ace-161ea880faa4,AJG,2023-3-31,Arthur J. Gallagher (AJG) Boosts Surety Market With Viking Bond,Zacks,https://finance.yahoo.com/news/arthur-j-gallagher-ajg-boosts-132901018.html,1679491741,STORY
e8e21e47-e725-3554-8519-110a91579dbf,AJG,2023-3-31,"Arthur J. Gallagher & Co. Acquires Viking Bond Service, Inc.",PR Newswire,https://finance.yahoo.com/news/arthur-j-gallagher-co-acquires-130000181.html,1679403600,STORY
882ee26b-a9cd-31d7-8dfa-5b8bb8e56ac0,AJG,2023-3-31,"Arthur J. Gallagher & Co. (NYSE:AJG) insiders sold US$1.9m worth of stock, possibly signalling a downtrend",Simply Wall St.,https://finance.yahoo.com/news/arthur-j-gallagher-co-nyse-120021042.html,1679400021,STORY
ec90b746-f27d-3b28-8000-3a61fca94ac8,AJG,2023-3-31,"Arthur J. Gallagher & Co. Acquires Stewart, Brimner, Peters & Company, Inc.",PR Newswire,https://finance.yahoo.com/news/arthur-j-gallagher-co-acquires-130000406.html,1679317200,STORY
0e5f36c4-9e7a-34e2-bccf-2aebd538ec34,AJG,2023-3-31,Strength Seen in Arthur J. Gallagher (AJG): Can Its 3.7% Jump Turn into More Strength?,Zacks,https://finance.yahoo.com/news/strength-seen-arthur-j-gallagher-105910579.html,1679050750,STORY
aea53d01-1b5a-369f-bee9-d12f1e8d7919,AJG,2023-3-31,Arthur J. Gallagher (AJG) Expands in England With Buyout,Zacks,https://finance.yahoo.com/news/arthur-j-gallagher-ajg-expands-155203165.html,1678981923,STORY
fbb2546a-07f5-3716-976b-248ccc19fd38,AJG,2023-3-31,Arthur J. Gallagher & Co. Acquires FE Protect,PR Newswire,https://finance.yahoo.com/news/arthur-j-gallagher-co-acquires-103000810.html,1678876200,STORY
20f98ffa-a3b2-3ac9-a545-b495c3ac6fdd,AJG,2023-4-1,Arthur J. Gallagher & Co.'s (NYSE:AJG) Stock Been Rising: Are Strong Financials Guiding The Market?,Simply Wall St.,https://finance.yahoo.com/news/arthur-j-gallagher-co-nyse-110106558.html,1680087666,STORY
22f29a89-72c9-33c7-8ace-161ea880faa4,AJG,2023-4-1,Arthur J. Gallagher (AJG) Boosts Surety Market With Viking Bond,Zacks,https://finance.yahoo.com/news/arthur-j-gallagher-ajg-boosts-132901018.html,1679491741,STORY
e8e21e47-e725-3554-8519-110a91579dbf,AJG,2023-4-1,"Arthur J. Gallagher & Co. Acquires Viking Bond Service, Inc.",PR Newswire,https://finance.yahoo.com/news/arthur-j-gallagher-co-acquires-130000181.html,1679403600,STORY
882ee26b-a9cd-31d7-8dfa-5b8bb8e56ac0,AJG,2023-4-1,"Arthur J. Gallagher & Co. (NYSE:AJG) insiders sold US$1.9m worth of stock, possibly signalling a downtrend",Simply Wall St.,https://finance.yahoo.com/news/arthur-j-gallagher-co-nyse-120021042.html,1679400021,STORY
ec90b746-f27d-3b28-8000-3a61fca94ac8,AJG,2023-4-1,"Arthur J. Gallagher & Co. Acquires Stewart, Brimner, Peters & Company, Inc.",PR Newswire,https://finance.yahoo.com/news/arthur-j-gallagher-co-acquires-130000406.html,1679317200,STORY
0e5f36c4-9e7a-34e2-bccf-2aebd538ec34,AJG,2023-4-1,Strength Seen in Arthur J. Gallagher (AJG): Can Its 3.7% Jump Turn into More Strength?,Zacks,https://finance.yahoo.com/news/strength-seen-arthur-j-gallagher-105910579.html,1679050750,STORY
aea53d01-1b5a-369f-bee9-d12f1e8d7919,AJG,2023-4-1,Arthur J. Gallagher (AJG) Expands in England With Buyout,Zacks,https://finance.yahoo.com/news/arthur-j-gallagher-ajg-expands-155203165.html,1678981923,STORY
fbb2546a-07f5-3716-976b-248ccc19fd38,AJG,2023-4-1,Arthur J. Gallagher & Co. Acquires FE Protect,PR Newswire,https://finance.yahoo.com/news/arthur-j-gallagher-co-acquires-103000810.html,1678876200,STORY
20f98ffa-a3b2-3ac9-a545-b495c3ac6fdd,AJG,2023-4-2,Arthur J. Gallagher & Co.'s (NYSE:AJG) Stock Been Rising: Are Strong Financials Guiding The Market?,Simply Wall St.,https://finance.yahoo.com/news/arthur-j-gallagher-co-nyse-110106558.html,1680087666,STORY
22f29a89-72c9-33c7-8ace-161ea880faa4,AJG,2023-4-2,Arthur J. Gallagher (AJG) Boosts Surety Market With Viking Bond,Zacks,https://finance.yahoo.com/news/arthur-j-gallagher-ajg-boosts-132901018.html,1679491741,STORY
e8e21e47-e725-3554-8519-110a91579dbf,AJG,2023-4-2,"Arthur J. Gallagher & Co. Acquires Viking Bond Service, Inc.",PR Newswire,https://finance.yahoo.com/news/arthur-j-gallagher-co-acquires-130000181.html,1679403600,STORY
882ee26b-a9cd-31d7-8dfa-5b8bb8e56ac0,AJG,2023-4-2,"Arthur J. Gallagher & Co. (NYSE:AJG) insiders sold US$1.9m worth of stock, possibly signalling a downtrend",Simply Wall St.,https://finance.yahoo.com/news/arthur-j-gallagher-co-nyse-120021042.html,1679400021,STORY
ec90b746-f27d-3b28-8000-3a61fca94ac8,AJG,2023-4-2,"Arthur J. Gallagher & Co. Acquires Stewart, Brimner, Peters & Company, Inc.",PR Newswire,https://finance.yahoo.com/news/arthur-j-gallagher-co-acquires-130000406.html,1679317200,STORY
0e5f36c4-9e7a-34e2-bccf-2aebd538ec34,AJG,2023-4-2,Strength Seen in Arthur J. Gallagher (AJG): Can Its 3.7% Jump Turn into More Strength?,Zacks,https://finance.yahoo.com/news/strength-seen-arthur-j-gallagher-105910579.html,1679050750,STORY
aea53d01-1b5a-369f-bee9-d12f1e8d7919,AJG,2023-4-2,Arthur J. Gallagher (AJG) Expands in England With Buyout,Zacks,https://finance.yahoo.com/news/arthur-j-gallagher-ajg-expands-155203165.html,1678981923,STORY
fbb2546a-07f5-3716-976b-248ccc19fd38,AJG,2023-4-2,Arthur J. Gallagher & Co. Acquires FE Protect,PR Newswire,https://finance.yahoo.com/news/arthur-j-gallagher-co-acquires-103000810.html,1678876200,STORY
e611da7e-d4fd-39d0-a4f8-59bcedb52156,AJG,2023-4-3,Arthur J. Gallagher & Co. Completes Acquisition of Buck,CNW Group,https://finance.yahoo.com/news/arthur-j-gallagher-co-completes-120000184.html,1680523200,STORY
4140ecc1-09da-3e57-b1b1-3286c5908f97,AJG,2023-4-3,Arthur J. Gallagher & Co. Acquires Tay River Holdings Ltd,PR Newswire,https://finance.yahoo.com/news/arthur-j-gallagher-co-acquires-083000216.html,1680510600,STORY
20f98ffa-a3b2-3ac9-a545-b495c3ac6fdd,AJG,2023-4-3,Arthur J. Gallagher & Co.'s (NYSE:AJG) Stock Been Rising: Are Strong Financials Guiding The Market?,Simply Wall St.,https://finance.yahoo.com/news/arthur-j-gallagher-co-nyse-110106558.html,1680087666,STORY
22f29a89-72c9-33c7-8ace-161ea880faa4,AJG,2023-4-3,Arthur J. Gallagher (AJG) Boosts Surety Market With Viking Bond,Zacks,https://finance.yahoo.com/news/arthur-j-gallagher-ajg-boosts-132901018.html,1679491741,STORY
e8e21e47-e725-3554-8519-110a91579dbf,AJG,2023-4-3,"Arthur J. Gallagher & Co. Acquires Viking Bond Service, Inc.",PR Newswire,https://finance.yahoo.com/news/arthur-j-gallagher-co-acquires-130000181.html,1679403600,STORY
882ee26b-a9cd-31d7-8dfa-5b8bb8e56ac0,AJG,2023-4-3,"Arthur J. Gallagher & Co. (NYSE:AJG) insiders sold US$1.9m worth of stock, possibly signalling a downtrend",Simply Wall St.,https://finance.yahoo.com/news/arthur-j-gallagher-co-nyse-120021042.html,1679400021,STORY
ec90b746-f27d-3b28-8000-3a61fca94ac8,AJG,2023-4-3,"Arthur J. Gallagher & Co. Acquires Stewart, Brimner, Peters & Company, Inc.",PR Newswire,https://finance.yahoo.com/news/arthur-j-gallagher-co-acquires-130000406.html,1679317200,STORY
0e5f36c4-9e7a-34e2-bccf-2aebd538ec34,AJG,2023-4-3,Strength Seen in Arthur J. Gallagher (AJG): Can Its 3.7% Jump Turn into More Strength?,Zacks,https://finance.yahoo.com/news/strength-seen-arthur-j-gallagher-105910579.html,1679050750,STORY
33e38cef-5cc7-37ab-9917-139160531ae4,AJG,2023-4-5,"Arthur J. Gallagher (AJG) Closes Buck Buyout, Boosts Portfolio",Zacks,https://finance.yahoo.com/news/arthur-j-gallagher-ajg-closes-152503590.html,1680621903,STORY
103cd78a-d676-37a2-85b9-dd0de106dc44,AJG,2023-4-5,Institutional investors are Arthur J. Gallagher & Co.'s (NYSE:AJG) biggest bettors and were rewarded after last week's US$1.5b market cap gain,Simply Wall St.,https://finance.yahoo.com/news/institutional-investors-arthur-j-gallagher-140027840.html,1680616827,STORY
e39fd6cc-c30b-3350-a05e-23dc92c73a2f,AJG,2023-4-5,"Arthur J. Gallagher & Co. Acquires Quality First Insurance, LLC",PR Newswire,https://finance.yahoo.com/news/arthur-j-gallagher-co-acquires-130000575.html,1680613200,STORY
8d880fd1-6da6-3a0a-b592-4bd94babde48,AJG,2023-4-5,Brown & Brown (BRO) Boosts Canada Presence With HBG Buyout,Zacks,https://finance.yahoo.com/news/brown-brown-bro-boosts-canada-120912589.html,1680610152,STORY
e611da7e-d4fd-39d0-a4f8-59bcedb52156,AJG,2023-4-5,Arthur J. Gallagher & Co. Completes Acquisition of Buck,CNW Group,https://finance.yahoo.com/news/arthur-j-gallagher-co-completes-120000184.html,1680523200,STORY
4140ecc1-09da-3e57-b1b1-3286c5908f97,AJG,2023-4-5,Arthur J. Gallagher & Co. Acquires Tay River Holdings Ltd,PR Newswire,https://finance.yahoo.com/news/arthur-j-gallagher-co-acquires-083000216.html,1680510600,STORY
20f98ffa-a3b2-3ac9-a545-b495c3ac6fdd,AJG,2023-4-5,Arthur J. Gallagher & Co.'s (NYSE:AJG) Stock Been Rising: Are Strong Financials Guiding The Market?,Simply Wall St.,https://finance.yahoo.com/news/arthur-j-gallagher-co-nyse-110106558.html,1680087666,STORY
22f29a89-72c9-33c7-8ace-161ea880faa4,AJG,2023-4-5,Arthur J. Gallagher (AJG) Boosts Surety Market With Viking Bond,Zacks,https://finance.yahoo.com/news/arthur-j-gallagher-ajg-boosts-132901018.html,1679491741,STORY
33e38cef-5cc7-37ab-9917-139160531ae4,AJG,2023-4-6,"Arthur J. Gallagher (AJG) Closes Buck Buyout, Boosts Portfolio",Zacks,https://finance.yahoo.com/news/arthur-j-gallagher-ajg-closes-152503590.html,1680621903,STORY
103cd78a-d676-37a2-85b9-dd0de106dc44,AJG,2023-4-6,Institutional investors are Arthur J. Gallagher & Co.'s (NYSE:AJG) biggest bettors and were rewarded after last week's US$1.5b market cap gain,Simply Wall St.,https://finance.yahoo.com/news/institutional-investors-arthur-j-gallagher-140027840.html,1680616827,STORY
e39fd6cc-c30b-3350-a05e-23dc92c73a2f,AJG,2023-4-6,"Arthur J. Gallagher & Co. Acquires Quality First Insurance, LLC",PR Newswire,https://finance.yahoo.com/news/arthur-j-gallagher-co-acquires-130000575.html,1680613200,STORY
8d880fd1-6da6-3a0a-b592-4bd94babde48,AJG,2023-4-6,Brown & Brown (BRO) Boosts Canada Presence With HBG Buyout,Zacks,https://finance.yahoo.com/news/brown-brown-bro-boosts-canada-120912589.html,1680610152,STORY
e611da7e-d4fd-39d0-a4f8-59bcedb52156,AJG,2023-4-6,Arthur J. Gallagher & Co. Completes Acquisition of Buck,CNW Group,https://finance.yahoo.com/news/arthur-j-gallagher-co-completes-120000184.html,1680523200,STORY
4140ecc1-09da-3e57-b1b1-3286c5908f97,AJG,2023-4-6,Arthur J. Gallagher & Co. Acquires Tay River Holdings Ltd,PR Newswire,https://finance.yahoo.com/news/arthur-j-gallagher-co-acquires-083000216.html,1680510600,STORY
20f98ffa-a3b2-3ac9-a545-b495c3ac6fdd,AJG,2023-4-6,Arthur J. Gallagher & Co.'s (NYSE:AJG) Stock Been Rising: Are Strong Financials Guiding The Market?,Simply Wall St.,https://finance.yahoo.com/news/arthur-j-gallagher-co-nyse-110106558.html,1680087666,STORY
22f29a89-72c9-33c7-8ace-161ea880faa4,AJG,2023-4-6,Arthur J. Gallagher (AJG) Boosts Surety Market With Viking Bond,Zacks,https://finance.yahoo.com/news/arthur-j-gallagher-ajg-boosts-132901018.html,1679491741,STORY
e7b198a1-7b48-3777-ab58-9a9ee97c441b,AJG,2023-4-8,Arthur J. Gallagher & Co. Announces First Quarter 2023 Earnings Release and Conference Call Date,PR Newswire,https://finance.yahoo.com/news/arthur-j-gallagher-co-announces-201500236.html,1680812100,STORY
33e38cef-5cc7-37ab-9917-139160531ae4,AJG,2023-4-8,"Arthur J. Gallagher (AJG) Closes Buck Buyout, Boosts Portfolio",Zacks,https://finance.yahoo.com/news/arthur-j-gallagher-ajg-closes-152503590.html,1680621903,STORY
103cd78a-d676-37a2-85b9-dd0de106dc44,AJG,2023-4-8,Institutional investors are Arthur J. Gallagher & Co.'s (NYSE:AJG) biggest bettors and were rewarded after last week's US$1.5b market cap gain,Simply Wall St.,https://finance.yahoo.com/news/institutional-investors-arthur-j-gallagher-140027840.html,1680616827,STORY
e39fd6cc-c30b-3350-a05e-23dc92c73a2f,AJG,2023-4-8,"Arthur J. Gallagher & Co. Acquires Quality First Insurance, LLC",PR Newswire,https://finance.yahoo.com/news/arthur-j-gallagher-co-acquires-130000575.html,1680613200,STORY
8d880fd1-6da6-3a0a-b592-4bd94babde48,AJG,2023-4-8,Brown & Brown (BRO) Boosts Canada Presence With HBG Buyout,Zacks,https://finance.yahoo.com/news/brown-brown-bro-boosts-canada-120912589.html,1680610152,STORY
e611da7e-d4fd-39d0-a4f8-59bcedb52156,AJG,2023-4-8,Arthur J. Gallagher & Co. Completes Acquisition of Buck,CNW Group,https://finance.yahoo.com/news/arthur-j-gallagher-co-completes-120000184.html,1680523200,STORY
4140ecc1-09da-3e57-b1b1-3286c5908f97,AJG,2023-4-8,Arthur J. Gallagher & Co. Acquires Tay River Holdings Ltd,PR Newswire,https://finance.yahoo.com/news/arthur-j-gallagher-co-acquires-083000216.html,1680510600,STORY
20f98ffa-a3b2-3ac9-a545-b495c3ac6fdd,AJG,2023-4-8,Arthur J. Gallagher & Co.'s (NYSE:AJG) Stock Been Rising: Are Strong Financials Guiding The Market?,Simply Wall St.,https://finance.yahoo.com/news/arthur-j-gallagher-co-nyse-110106558.html,1680087666,STORY
346486fe-16a1-33e5-9ab1-46a1369534e7,AJG,2023-4-9,"Arthur J. Gallagher (NYSE:AJG) jumps 3.2% this week, though earnings growth is still tracking behind five-year shareholder returns",Simply Wall St.,https://finance.yahoo.com/news/arthur-j-gallagher-nyse-ajg-130034684.html,1680958834,STORY
e7b198a1-7b48-3777-ab58-9a9ee97c441b,AJG,2023-4-9,Arthur J. Gallagher & Co. Announces First Quarter 2023 Earnings Release and Conference Call Date,PR Newswire,https://finance.yahoo.com/news/arthur-j-gallagher-co-announces-201500236.html,1680812100,STORY
33e38cef-5cc7-37ab-9917-139160531ae4,AJG,2023-4-9,"Arthur J. Gallagher (AJG) Closes Buck Buyout, Boosts Portfolio",Zacks,https://finance.yahoo.com/news/arthur-j-gallagher-ajg-closes-152503590.html,1680621903,STORY
103cd78a-d676-37a2-85b9-dd0de106dc44,AJG,2023-4-9,Institutional investors are Arthur J. Gallagher & Co.'s (NYSE:AJG) biggest bettors and were rewarded after last week's US$1.5b market cap gain,Simply Wall St.,https://finance.yahoo.com/news/institutional-investors-arthur-j-gallagher-140027840.html,1680616827,STORY
e39fd6cc-c30b-3350-a05e-23dc92c73a2f,AJG,2023-4-9,"Arthur J. Gallagher & Co. Acquires Quality First Insurance, LLC",PR Newswire,https://finance.yahoo.com/news/arthur-j-gallagher-co-acquires-130000575.html,1680613200,STORY
8d880fd1-6da6-3a0a-b592-4bd94babde48,AJG,2023-4-9,Brown & Brown (BRO) Boosts Canada Presence With HBG Buyout,Zacks,https://finance.yahoo.com/news/brown-brown-bro-boosts-canada-120912589.html,1680610152,STORY
e611da7e-d4fd-39d0-a4f8-59bcedb52156,AJG,2023-4-9,Arthur J. Gallagher & Co. Completes Acquisition of Buck,CNW Group,https://finance.yahoo.com/news/arthur-j-gallagher-co-completes-120000184.html,1680523200,STORY
4140ecc1-09da-3e57-b1b1-3286c5908f97,AJG,2023-4-9,Arthur J. Gallagher & Co. Acquires Tay River Holdings Ltd,PR Newswire,https://finance.yahoo.com/news/arthur-j-gallagher-co-acquires-083000216.html,1680510600,STORY
346486fe-16a1-33e5-9ab1-46a1369534e7,AJG,2023-4-10,"Arthur J. Gallagher (NYSE:AJG) jumps 3.2% this week, though earnings growth is still tracking behind five-year shareholder returns",Simply Wall St.,https://finance.yahoo.com/news/arthur-j-gallagher-nyse-ajg-130034684.html,1680958834,STORY
e7b198a1-7b48-3777-ab58-9a9ee97c441b,AJG,2023-4-10,Arthur J. Gallagher & Co. Announces First Quarter 2023 Earnings Release and Conference Call Date,PR Newswire,https://finance.yahoo.com/news/arthur-j-gallagher-co-announces-201500236.html,1680812100,STORY
33e38cef-5cc7-37ab-9917-139160531ae4,AJG,2023-4-10,"Arthur J. Gallagher (AJG) Closes Buck Buyout, Boosts Portfolio",Zacks,https://finance.yahoo.com/news/arthur-j-gallagher-ajg-closes-152503590.html,1680621903,STORY
103cd78a-d676-37a2-85b9-dd0de106dc44,AJG,2023-4-10,Institutional investors are Arthur J. Gallagher & Co.'s (NYSE:AJG) biggest bettors and were rewarded after last week's US$1.5b market cap gain,Simply Wall St.,https://finance.yahoo.com/news/institutional-investors-arthur-j-gallagher-140027840.html,1680616827,STORY
e39fd6cc-c30b-3350-a05e-23dc92c73a2f,AJG,2023-4-10,"Arthur J. Gallagher & Co. Acquires Quality First Insurance, LLC",PR Newswire,https://finance.yahoo.com/news/arthur-j-gallagher-co-acquires-130000575.html,1680613200,STORY
8d880fd1-6da6-3a0a-b592-4bd94babde48,AJG,2023-4-10,Brown & Brown (BRO) Boosts Canada Presence With HBG Buyout,Zacks,https://finance.yahoo.com/news/brown-brown-bro-boosts-canada-120912589.html,1680610152,STORY
e611da7e-d4fd-39d0-a4f8-59bcedb52156,AJG,2023-4-10,Arthur J. Gallagher & Co. Completes Acquisition of Buck,CNW Group,https://finance.yahoo.com/news/arthur-j-gallagher-co-completes-120000184.html,1680523200,STORY
4140ecc1-09da-3e57-b1b1-3286c5908f97,AJG,2023-4-10,Arthur J. Gallagher & Co. Acquires Tay River Holdings Ltd,PR Newswire,https://finance.yahoo.com/news/arthur-j-gallagher-co-acquires-083000216.html,1680510600,STORY
b7614698-db9c-3f07-9a9d-6a94c3038db5,AJG,2023-4-12,Arthur J. Gallagher & Co. Acquires Boley-Featherston Insurance,PR Newswire,https://finance.yahoo.com/news/arthur-j-gallagher-co-acquires-130000849.html,1681131600,STORY
346486fe-16a1-33e5-9ab1-46a1369534e7,AJG,2023-4-12,"Arthur J. Gallagher (NYSE:AJG) jumps 3.2% this week, though earnings growth is still tracking behind five-year shareholder returns",Simply Wall St.,https://finance.yahoo.com/news/arthur-j-gallagher-nyse-ajg-130034684.html,1680958834,STORY
e7b198a1-7b48-3777-ab58-9a9ee97c441b,AJG,2023-4-12,Arthur J. Gallagher & Co. Announces First Quarter 2023 Earnings Release and Conference Call Date,PR Newswire,https://finance.yahoo.com/news/arthur-j-gallagher-co-announces-201500236.html,1680812100,STORY
33e38cef-5cc7-37ab-9917-139160531ae4,AJG,2023-4-12,"Arthur J. Gallagher (AJG) Closes Buck Buyout, Boosts Portfolio",Zacks,https://finance.yahoo.com/news/arthur-j-gallagher-ajg-closes-152503590.html,1680621903,STORY
103cd78a-d676-37a2-85b9-dd0de106dc44,AJG,2023-4-12,Institutional investors are Arthur J. Gallagher & Co.'s (NYSE:AJG) biggest bettors and were rewarded after last week's US$1.5b market cap gain,Simply Wall St.,https://finance.yahoo.com/news/institutional-investors-arthur-j-gallagher-140027840.html,1680616827,STORY
e39fd6cc-c30b-3350-a05e-23dc92c73a2f,AJG,2023-4-12,"Arthur J. Gallagher & Co. Acquires Quality First Insurance, LLC",PR Newswire,https://finance.yahoo.com/news/arthur-j-gallagher-co-acquires-130000575.html,1680613200,STORY
8d880fd1-6da6-3a0a-b592-4bd94babde48,AJG,2023-4-12,Brown & Brown (BRO) Boosts Canada Presence With HBG Buyout,Zacks,https://finance.yahoo.com/news/brown-brown-bro-boosts-canada-120912589.html,1680610152,STORY
47c6046e-cca9-30bb-aae7-4513ac1b764c,AJG,2023-4-12,Arthur J. Gallagher & Co. Completes Acquisition of Buck,PR Newswire,https://finance.yahoo.com/news/arthur-j-gallagher-co-completes-120000655.html,1680523200,STORY
ace61f6f-21d7-3b5e-b6e7-15c0802453ab,AJG,2023-4-14,Will Arthur J. Gallagher (AJG) Beat Estimates Again in Its Next Earnings Report?,Zacks,https://finance.yahoo.com/news/arthur-j-gallagher-ajg-beat-161004756.html,1681402204,STORY
32b026d7-5751-3ad5-8e88-13e67b19329b,AJG,2023-4-14,Here's Why Should You Retain Arthur J. Gallagher (AJG) Stock,Zacks,https://finance.yahoo.com/news/heres-why-retain-arthur-j-160904408.html,1681402144,STORY
fb4de8da-96ac-31c8-83ce-529427315989,AJG,2023-4-14,Here's Why Hold Strategy is Apt for Arthur J. Gallagher (AJG),Zacks,https://finance.yahoo.com/news/heres-why-hold-strategy-apt-133901461.html,1681393141,STORY
b5c43c75-9bcb-3679-978d-67554e849c6e,AJG,2023-4-14,"Resolute Global Partners Launches Footprint, Completely New Type of Reinsurance Contract",PR Newswire,https://finance.yahoo.com/news/resolute-global-partners-launches-footprint-100000784.html,1681380000,STORY
b7614698-db9c-3f07-9a9d-6a94c3038db5,AJG,2023-4-14,Arthur J. Gallagher & Co. Acquires Boley-Featherston Insurance,PR Newswire,https://finance.yahoo.com/news/arthur-j-gallagher-co-acquires-130000849.html,1681131600,STORY
346486fe-16a1-33e5-9ab1-46a1369534e7,AJG,2023-4-14,"Arthur J. Gallagher (NYSE:AJG) jumps 3.2% this week, though earnings growth is still tracking behind five-year shareholder returns",Simply Wall St.,https://finance.yahoo.com/news/arthur-j-gallagher-nyse-ajg-130034684.html,1680958834,STORY
e7b198a1-7b48-3777-ab58-9a9ee97c441b,AJG,2023-4-14,Arthur J. Gallagher & Co. Announces First Quarter 2023 Earnings Release and Conference Call Date,PR Newswire,https://finance.yahoo.com/news/arthur-j-gallagher-co-announces-201500236.html,1680812100,STORY
33e38cef-5cc7-37ab-9917-139160531ae4,AJG,2023-4-14,"Arthur J. Gallagher (AJG) Closes Buck Buyout, Boosts Portfolio",Zacks,https://finance.yahoo.com/news/arthur-j-gallagher-ajg-closes-152503590.html,1680621903,STORY
ace61f6f-21d7-3b5e-b6e7-15c0802453ab,AJG,2023-4-15,Will Arthur J. Gallagher (AJG) Beat Estimates Again in Its Next Earnings Report?,Zacks,https://finance.yahoo.com/news/arthur-j-gallagher-ajg-beat-161004756.html,1681402204,STORY
32b026d7-5751-3ad5-8e88-13e67b19329b,AJG,2023-4-15,Here's Why Should You Retain Arthur J. Gallagher (AJG) Stock,Zacks,https://finance.yahoo.com/news/heres-why-retain-arthur-j-160904408.html,1681402144,STORY
fb4de8da-96ac-31c8-83ce-529427315989,AJG,2023-4-15,Here's Why Hold Strategy is Apt for Arthur J. Gallagher (AJG),Zacks,https://finance.yahoo.com/news/heres-why-hold-strategy-apt-133901461.html,1681393141,STORY
b5c43c75-9bcb-3679-978d-67554e849c6e,AJG,2023-4-15,"Resolute Global Partners Launches Footprint, Completely New Type of Reinsurance Contract",PR Newswire,https://finance.yahoo.com/news/resolute-global-partners-launches-footprint-100000784.html,1681380000,STORY
b7614698-db9c-3f07-9a9d-6a94c3038db5,AJG,2023-4-15,Arthur J. Gallagher & Co. Acquires Boley-Featherston Insurance,PR Newswire,https://finance.yahoo.com/news/arthur-j-gallagher-co-acquires-130000849.html,1681131600,STORY
346486fe-16a1-33e5-9ab1-46a1369534e7,AJG,2023-4-15,"Arthur J. Gallagher (NYSE:AJG) jumps 3.2% this week, though earnings growth is still tracking behind five-year shareholder returns",Simply Wall St.,https://finance.yahoo.com/news/arthur-j-gallagher-nyse-ajg-130034684.html,1680958834,STORY
e7b198a1-7b48-3777-ab58-9a9ee97c441b,AJG,2023-4-15,Arthur J. Gallagher & Co. Announces First Quarter 2023 Earnings Release and Conference Call Date,PR Newswire,https://finance.yahoo.com/news/arthur-j-gallagher-co-announces-201500236.html,1680812100,STORY
33e38cef-5cc7-37ab-9917-139160531ae4,AJG,2023-4-15,"Arthur J. Gallagher (AJG) Closes Buck Buyout, Boosts Portfolio",Zacks,https://finance.yahoo.com/news/arthur-j-gallagher-ajg-closes-152503590.html,1680621903,STORY
ace61f6f-21d7-3b5e-b6e7-15c0802453ab,AJG,2023-4-16,Will Arthur J. Gallagher (AJG) Beat Estimates Again in Its Next Earnings Report?,Zacks,https://finance.yahoo.com/news/arthur-j-gallagher-ajg-beat-161004756.html,1681402204,STORY
32b026d7-5751-3ad5-8e88-13e67b19329b,AJG,2023-4-16,Here's Why Should You Retain Arthur J. Gallagher (AJG) Stock,Zacks,https://finance.yahoo.com/news/heres-why-retain-arthur-j-160904408.html,1681402144,STORY
fb4de8da-96ac-31c8-83ce-529427315989,AJG,2023-4-16,Here's Why Hold Strategy is Apt for Arthur J. Gallagher (AJG),Zacks,https://finance.yahoo.com/news/heres-why-hold-strategy-apt-133901461.html,1681393141,STORY
b5c43c75-9bcb-3679-978d-67554e849c6e,AJG,2023-4-16,"Resolute Global Partners Launches Footprint, Completely New Type of Reinsurance Contract",PR Newswire,https://finance.yahoo.com/news/resolute-global-partners-launches-footprint-100000784.html,1681380000,STORY
b7614698-db9c-3f07-9a9d-6a94c3038db5,AJG,2023-4-16,Arthur J. Gallagher & Co. Acquires Boley-Featherston Insurance,PR Newswire,https://finance.yahoo.com/news/arthur-j-gallagher-co-acquires-130000849.html,1681131600,STORY
346486fe-16a1-33e5-9ab1-46a1369534e7,AJG,2023-4-16,"Arthur J. Gallagher (NYSE:AJG) jumps 3.2% this week, though earnings growth is still tracking behind five-year shareholder returns",Simply Wall St.,https://finance.yahoo.com/news/arthur-j-gallagher-nyse-ajg-130034684.html,1680958834,STORY
e7b198a1-7b48-3777-ab58-9a9ee97c441b,AJG,2023-4-16,Arthur J. Gallagher & Co. Announces First Quarter 2023 Earnings Release and Conference Call Date,PR Newswire,https://finance.yahoo.com/news/arthur-j-gallagher-co-announces-201500236.html,1680812100,STORY
33e38cef-5cc7-37ab-9917-139160531ae4,AJG,2023-4-16,"Arthur J. Gallagher (AJG) Closes Buck Buyout, Boosts Portfolio",Zacks,https://finance.yahoo.com/news/arthur-j-gallagher-ajg-closes-152503590.html,1680621903,STORY
ace61f6f-21d7-3b5e-b6e7-15c0802453ab,AJG,2023-4-17,Will Arthur J. Gallagher (AJG) Beat Estimates Again in Its Next Earnings Report?,Zacks,https://finance.yahoo.com/news/arthur-j-gallagher-ajg-beat-161004756.html,1681402204,STORY
32b026d7-5751-3ad5-8e88-13e67b19329b,AJG,2023-4-17,Here's Why Should You Retain Arthur J. Gallagher (AJG) Stock,Zacks,https://finance.yahoo.com/news/heres-why-retain-arthur-j-160904408.html,1681402144,STORY
fb4de8da-96ac-31c8-83ce-529427315989,AJG,2023-4-17,Here's Why Hold Strategy is Apt for Arthur J. Gallagher (AJG),Zacks,https://finance.yahoo.com/news/heres-why-hold-strategy-apt-133901461.html,1681393141,STORY
b5c43c75-9bcb-3679-978d-67554e849c6e,AJG,2023-4-17,"Resolute Global Partners Launches Footprint, Completely New Type of Reinsurance Contract",PR Newswire,https://finance.yahoo.com/news/resolute-global-partners-launches-footprint-100000784.html,1681380000,STORY
b7614698-db9c-3f07-9a9d-6a94c3038db5,AJG,2023-4-17,Arthur J. Gallagher & Co. Acquires Boley-Featherston Insurance,PR Newswire,https://finance.yahoo.com/news/arthur-j-gallagher-co-acquires-130000849.html,1681131600,STORY
346486fe-16a1-33e5-9ab1-46a1369534e7,AJG,2023-4-17,"Arthur J. Gallagher (NYSE:AJG) jumps 3.2% this week, though earnings growth is still tracking behind five-year shareholder returns",Simply Wall St.,https://finance.yahoo.com/news/arthur-j-gallagher-nyse-ajg-130034684.html,1680958834,STORY
e7b198a1-7b48-3777-ab58-9a9ee97c441b,AJG,2023-4-17,Arthur J. Gallagher & Co. Announces First Quarter 2023 Earnings Release and Conference Call Date,PR Newswire,https://finance.yahoo.com/news/arthur-j-gallagher-co-announces-201500236.html,1680812100,STORY
33e38cef-5cc7-37ab-9917-139160531ae4,AJG,2023-4-17,"Arthur J. Gallagher (AJG) Closes Buck Buyout, Boosts Portfolio",Zacks,https://finance.yahoo.com/news/arthur-j-gallagher-ajg-closes-152503590.html,1680621903,STORY
ace61f6f-21d7-3b5e-b6e7-15c0802453ab,AJG,2023-4-18,Will Arthur J. Gallagher (AJG) Beat Estimates Again in Its Next Earnings Report?,Zacks,https://finance.yahoo.com/news/arthur-j-gallagher-ajg-beat-161004756.html,1681402204,STORY
32b026d7-5751-3ad5-8e88-13e67b19329b,AJG,2023-4-18,Here's Why Should You Retain Arthur J. Gallagher (AJG) Stock,Zacks,https://finance.yahoo.com/news/heres-why-retain-arthur-j-160904408.html,1681402144,STORY
fb4de8da-96ac-31c8-83ce-529427315989,AJG,2023-4-18,Here's Why Hold Strategy is Apt for Arthur J. Gallagher (AJG),Zacks,https://finance.yahoo.com/news/heres-why-hold-strategy-apt-133901461.html,1681393141,STORY
b5c43c75-9bcb-3679-978d-67554e849c6e,AJG,2023-4-18,"Resolute Global Partners Launches Footprint, Completely New Type of Reinsurance Contract",PR Newswire,https://finance.yahoo.com/news/resolute-global-partners-launches-footprint-100000784.html,1681380000,STORY
b7614698-db9c-3f07-9a9d-6a94c3038db5,AJG,2023-4-18,Arthur J. Gallagher & Co. Acquires Boley-Featherston Insurance,PR Newswire,https://finance.yahoo.com/news/arthur-j-gallagher-co-acquires-130000849.html,1681131600,STORY
346486fe-16a1-33e5-9ab1-46a1369534e7,AJG,2023-4-18,"Arthur J. Gallagher (NYSE:AJG) jumps 3.2% this week, though earnings growth is still tracking behind five-year shareholder returns",Simply Wall St.,https://finance.yahoo.com/news/arthur-j-gallagher-nyse-ajg-130034684.html,1680958834,STORY
e7b198a1-7b48-3777-ab58-9a9ee97c441b,AJG,2023-4-18,Arthur J. Gallagher & Co. Announces First Quarter 2023 Earnings Release and Conference Call Date,PR Newswire,https://finance.yahoo.com/news/arthur-j-gallagher-co-announces-201500236.html,1680812100,STORY
33e38cef-5cc7-37ab-9917-139160531ae4,AJG,2023-4-18,"Arthur J. Gallagher (AJG) Closes Buck Buyout, Boosts Portfolio",Zacks,https://finance.yahoo.com/news/arthur-j-gallagher-ajg-closes-152503590.html,1680621903,STORY
bb56ba82-2997-3670-9f04-451f92255100,AJG,2023-4-21,Arthur J. Gallagher (AJG) Reports Next Week: Wall Street Expects Earnings Growth,Zacks,https://finance.yahoo.com/news/arthur-j-gallagher-ajg-reports-140202096.html,1681999322,STORY
ace61f6f-21d7-3b5e-b6e7-15c0802453ab,AJG,2023-4-21,Will Arthur J. Gallagher (AJG) Beat Estimates Again in Its Next Earnings Report?,Zacks,https://finance.yahoo.com/news/arthur-j-gallagher-ajg-beat-161004756.html,1681402204,STORY
32b026d7-5751-3ad5-8e88-13e67b19329b,AJG,2023-4-21,Here's Why Should You Retain Arthur J. Gallagher (AJG) Stock,Zacks,https://finance.yahoo.com/news/heres-why-retain-arthur-j-160904408.html,1681402144,STORY
fb4de8da-96ac-31c8-83ce-529427315989,AJG,2023-4-21,Here's Why Hold Strategy is Apt for Arthur J. Gallagher (AJG),Zacks,https://finance.yahoo.com/news/heres-why-hold-strategy-apt-133901461.html,1681393141,STORY
b5c43c75-9bcb-3679-978d-67554e849c6e,AJG,2023-4-21,"Resolute Global Partners Launches Footprint, Completely New Type of Reinsurance Contract",PR Newswire,https://finance.yahoo.com/news/resolute-global-partners-launches-footprint-100000784.html,1681380000,STORY
b7614698-db9c-3f07-9a9d-6a94c3038db5,AJG,2023-4-21,Arthur J. Gallagher & Co. Acquires Boley-Featherston Insurance,PR Newswire,https://finance.yahoo.com/news/arthur-j-gallagher-co-acquires-130000849.html,1681131600,STORY
346486fe-16a1-33e5-9ab1-46a1369534e7,AJG,2023-4-21,"Arthur J. Gallagher (NYSE:AJG) jumps 3.2% this week, though earnings growth is still tracking behind five-year shareholder returns",Simply Wall St.,https://finance.yahoo.com/news/arthur-j-gallagher-nyse-ajg-130034684.html,1680958834,STORY
e7b198a1-7b48-3777-ab58-9a9ee97c441b,AJG,2023-4-21,Arthur J. Gallagher & Co. Announces First Quarter 2023 Earnings Release and Conference Call Date,PR Newswire,https://finance.yahoo.com/news/arthur-j-gallagher-co-announces-201500236.html,1680812100,STORY
df884e05-137c-3632-86c2-f98152240721,AJG,2023-4-22,Aon (AON) Reports Next Week: Wall Street Expects Earnings Growth,Zacks,https://finance.yahoo.com/news/aon-aon-reports-next-week-140002856.html,1682085602,STORY
bb56ba82-2997-3670-9f04-451f92255100,AJG,2023-4-22,Arthur J. Gallagher (AJG) Reports Next Week: Wall Street Expects Earnings Growth,Zacks,https://finance.yahoo.com/news/arthur-j-gallagher-ajg-reports-140202096.html,1681999322,STORY
ace61f6f-21d7-3b5e-b6e7-15c0802453ab,AJG,2023-4-22,Will Arthur J. Gallagher (AJG) Beat Estimates Again in Its Next Earnings Report?,Zacks,https://finance.yahoo.com/news/arthur-j-gallagher-ajg-beat-161004756.html,1681402204,STORY
32b026d7-5751-3ad5-8e88-13e67b19329b,AJG,2023-4-22,Here's Why Should You Retain Arthur J. Gallagher (AJG) Stock,Zacks,https://finance.yahoo.com/news/heres-why-retain-arthur-j-160904408.html,1681402144,STORY
fb4de8da-96ac-31c8-83ce-529427315989,AJG,2023-4-22,Here's Why Hold Strategy is Apt for Arthur J. Gallagher (AJG),Zacks,https://finance.yahoo.com/news/heres-why-hold-strategy-apt-133901461.html,1681393141,STORY
b5c43c75-9bcb-3679-978d-67554e849c6e,AJG,2023-4-22,"Resolute Global Partners Launches Footprint, Completely New Type of Reinsurance Contract",PR Newswire,https://finance.yahoo.com/news/resolute-global-partners-launches-footprint-100000784.html,1681380000,STORY
b7614698-db9c-3f07-9a9d-6a94c3038db5,AJG,2023-4-22,Arthur J. Gallagher & Co. Acquires Boley-Featherston Insurance,PR Newswire,https://finance.yahoo.com/news/arthur-j-gallagher-co-acquires-130000849.html,1681131600,STORY
346486fe-16a1-33e5-9ab1-46a1369534e7,AJG,2023-4-22,"Arthur J. Gallagher (NYSE:AJG) jumps 3.2% this week, though earnings growth is still tracking behind five-year shareholder returns",Simply Wall St.,https://finance.yahoo.com/news/arthur-j-gallagher-nyse-ajg-130034684.html,1680958834,STORY
df884e05-137c-3632-86c2-f98152240721,AJG,2023-4-24,Aon (AON) Reports Next Week: Wall Street Expects Earnings Growth,Zacks,https://finance.yahoo.com/news/aon-aon-reports-next-week-140002856.html,1682085602,STORY
bb56ba82-2997-3670-9f04-451f92255100,AJG,2023-4-24,Arthur J. Gallagher (AJG) Reports Next Week: Wall Street Expects Earnings Growth,Zacks,https://finance.yahoo.com/news/arthur-j-gallagher-ajg-reports-140202096.html,1681999322,STORY
ace61f6f-21d7-3b5e-b6e7-15c0802453ab,AJG,2023-4-24,Will Arthur J. Gallagher (AJG) Beat Estimates Again in Its Next Earnings Report?,Zacks,https://finance.yahoo.com/news/arthur-j-gallagher-ajg-beat-161004756.html,1681402204,STORY
32b026d7-5751-3ad5-8e88-13e67b19329b,AJG,2023-4-24,Here's Why Should You Retain Arthur J. Gallagher (AJG) Stock,Zacks,https://finance.yahoo.com/news/heres-why-retain-arthur-j-160904408.html,1681402144,STORY
fb4de8da-96ac-31c8-83ce-529427315989,AJG,2023-4-24,Here's Why Hold Strategy is Apt for Arthur J. Gallagher (AJG),Zacks,https://finance.yahoo.com/news/heres-why-hold-strategy-apt-133901461.html,1681393141,STORY
b5c43c75-9bcb-3679-978d-67554e849c6e,AJG,2023-4-24,"Resolute Global Partners Launches Footprint, Completely New Type of Reinsurance Contract",PR Newswire,https://finance.yahoo.com/news/resolute-global-partners-launches-footprint-100000784.html,1681380000,STORY
b7614698-db9c-3f07-9a9d-6a94c3038db5,AJG,2023-4-24,Arthur J. Gallagher & Co. Acquires Boley-Featherston Insurance,PR Newswire,https://finance.yahoo.com/news/arthur-j-gallagher-co-acquires-130000849.html,1681131600,STORY
346486fe-16a1-33e5-9ab1-46a1369534e7,AJG,2023-4-24,"Arthur J. Gallagher (NYSE:AJG) jumps 3.2% this week, though earnings growth is still tracking behind five-year shareholder returns",Simply Wall St.,https://finance.yahoo.com/news/arthur-j-gallagher-nyse-ajg-130034684.html,1680958834,STORY
03c1668e-304f-3a01-b38c-7fe547521045,AJG,2023-4-26,Arthur J. (AJG) to Report Q1 Earnings: What's in the Cards?,Zacks,https://finance.yahoo.com/news/arthur-j-ajg-report-q1-165904449.html,1682355544,STORY
df884e05-137c-3632-86c2-f98152240721,AJG,2023-4-26,Aon (AON) Reports Next Week: Wall Street Expects Earnings Growth,Zacks,https://finance.yahoo.com/news/aon-aon-reports-next-week-140002856.html,1682085602,STORY
bb56ba82-2997-3670-9f04-451f92255100,AJG,2023-4-26,Arthur J. Gallagher (AJG) Reports Next Week: Wall Street Expects Earnings Growth,Zacks,https://finance.yahoo.com/news/arthur-j-gallagher-ajg-reports-140202096.html,1681999322,STORY
ace61f6f-21d7-3b5e-b6e7-15c0802453ab,AJG,2023-4-26,Will Arthur J. Gallagher (AJG) Beat Estimates Again in Its Next Earnings Report?,Zacks,https://finance.yahoo.com/news/arthur-j-gallagher-ajg-beat-161004756.html,1681402204,STORY
32b026d7-5751-3ad5-8e88-13e67b19329b,AJG,2023-4-26,Here's Why Should You Retain Arthur J. Gallagher (AJG) Stock,Zacks,https://finance.yahoo.com/news/heres-why-retain-arthur-j-160904408.html,1681402144,STORY
fb4de8da-96ac-31c8-83ce-529427315989,AJG,2023-4-26,Here's Why Hold Strategy is Apt for Arthur J. Gallagher (AJG),Zacks,https://finance.yahoo.com/news/heres-why-hold-strategy-apt-133901461.html,1681393141,STORY
b5c43c75-9bcb-3679-978d-67554e849c6e,AJG,2023-4-26,"Resolute Global Partners Launches Footprint, Completely New Type of Reinsurance Contract",PR Newswire,https://finance.yahoo.com/news/resolute-global-partners-launches-footprint-100000784.html,1681380000,STORY
b7614698-db9c-3f07-9a9d-6a94c3038db5,AJG,2023-4-26,Arthur J. Gallagher & Co. Acquires Boley-Featherston Insurance,PR Newswire,https://finance.yahoo.com/news/arthur-j-gallagher-co-acquires-130000849.html,1681131600,STORY
038e50b5-77b2-34fd-ac1f-4b3ccbcb60e4,AJG,2023-4-27,"Insurance Stocks' Q1 Earnings Due on Apr 27: AJG, CINF & More",Zacks,https://finance.yahoo.com/news/insurance-stocks-q1-earnings-due-164004952.html,1682527204,STORY
03c1668e-304f-3a01-b38c-7fe547521045,AJG,2023-4-27,Arthur J. (AJG) to Report Q1 Earnings: What's in the Cards?,Zacks,https://finance.yahoo.com/news/arthur-j-ajg-report-q1-165904449.html,1682355544,STORY
df884e05-137c-3632-86c2-f98152240721,AJG,2023-4-27,Aon (AON) Reports Next Week: Wall Street Expects Earnings Growth,Zacks,https://finance.yahoo.com/news/aon-aon-reports-next-week-140002856.html,1682085602,STORY
bb56ba82-2997-3670-9f04-451f92255100,AJG,2023-4-27,Arthur J. Gallagher (AJG) Reports Next Week: Wall Street Expects Earnings Growth,Zacks,https://finance.yahoo.com/news/arthur-j-gallagher-ajg-reports-140202096.html,1681999322,STORY
ace61f6f-21d7-3b5e-b6e7-15c0802453ab,AJG,2023-4-27,Will Arthur J. Gallagher (AJG) Beat Estimates Again in Its Next Earnings Report?,Zacks,https://finance.yahoo.com/news/arthur-j-gallagher-ajg-beat-161004756.html,1681402204,STORY
32b026d7-5751-3ad5-8e88-13e67b19329b,AJG,2023-4-27,Here's Why Should You Retain Arthur J. Gallagher (AJG) Stock,Zacks,https://finance.yahoo.com/news/heres-why-retain-arthur-j-160904408.html,1681402144,STORY
fb4de8da-96ac-31c8-83ce-529427315989,AJG,2023-4-27,Here's Why Hold Strategy is Apt for Arthur J. Gallagher (AJG),Zacks,https://finance.yahoo.com/news/heres-why-hold-strategy-apt-133901461.html,1681393141,STORY
b5c43c75-9bcb-3679-978d-67554e849c6e,AJG,2023-4-27,"Resolute Global Partners Launches Footprint, Completely New Type of Reinsurance Contract",PR Newswire,https://finance.yahoo.com/news/resolute-global-partners-launches-footprint-100000784.html,1681380000,STORY
15af1599-7f54-3bc5-be55-0f1dcf0110a6,AJG,2023-4-28,"Compared to Estimates, Arthur J. Gallagher (AJG) Q1 Earnings: A Look at Key Metrics",Zacks,https://finance.yahoo.com/news/compared-estimates-arthur-j-gallagher-003012140.html,1682641812,STORY
045f5be2-1f09-343c-b713-c2c11abec54d,AJG,2023-4-28,Arthur J. Gallagher (AJG) Q1 Earnings and Revenues Surpass Estimates,Zacks,https://finance.yahoo.com/news/arthur-j-gallagher-ajg-q1-222510635.html,1682634310,STORY
038e50b5-77b2-34fd-ac1f-4b3ccbcb60e4,AJG,2023-4-28,"Insurance Stocks' Q1 Earnings Due on Apr 27: AJG, CINF & More",Zacks,https://finance.yahoo.com/news/insurance-stocks-q1-earnings-due-164004952.html,1682527204,STORY
03c1668e-304f-3a01-b38c-7fe547521045,AJG,2023-4-28,Arthur J. (AJG) to Report Q1 Earnings: What's in the Cards?,Zacks,https://finance.yahoo.com/news/arthur-j-ajg-report-q1-165904449.html,1682355544,STORY
df884e05-137c-3632-86c2-f98152240721,AJG,2023-4-28,Aon (AON) Reports Next Week: Wall Street Expects Earnings Growth,Zacks,https://finance.yahoo.com/news/aon-aon-reports-next-week-140002856.html,1682085602,STORY
bb56ba82-2997-3670-9f04-451f92255100,AJG,2023-4-28,Arthur J. Gallagher (AJG) Reports Next Week: Wall Street Expects Earnings Growth,Zacks,https://finance.yahoo.com/news/arthur-j-gallagher-ajg-reports-140202096.html,1681999322,STORY
ace61f6f-21d7-3b5e-b6e7-15c0802453ab,AJG,2023-4-28,Will Arthur J. Gallagher (AJG) Beat Estimates Again in Its Next Earnings Report?,Zacks,https://finance.yahoo.com/news/arthur-j-gallagher-ajg-beat-161004756.html,1681402204,STORY
32b026d7-5751-3ad5-8e88-13e67b19329b,AJG,2023-4-28,Here's Why Should You Retain Arthur J. Gallagher (AJG) Stock,Zacks,https://finance.yahoo.com/news/heres-why-retain-arthur-j-160904408.html,1681402144,STORY
d8c354e3-4b30-30a0-babe-9944bb03dde0,AJG,2023-4-29,Arthur J. Gallagher (AJG) Q1 Earnings Top on Margin Expansion,Zacks,https://finance.yahoo.com/news/arthur-j-gallagher-ajg-q1-135101214.html,1682689861,STORY
15af1599-7f54-3bc5-be55-0f1dcf0110a6,AJG,2023-4-29,"Compared to Estimates, Arthur J. Gallagher (AJG) Q1 Earnings: A Look at Key Metrics",Zacks,https://finance.yahoo.com/news/compared-estimates-arthur-j-gallagher-003012140.html,1682641812,STORY
045f5be2-1f09-343c-b713-c2c11abec54d,AJG,2023-4-29,Arthur J. Gallagher (AJG) Q1 Earnings and Revenues Surpass Estimates,Zacks,https://finance.yahoo.com/news/arthur-j-gallagher-ajg-q1-222510635.html,1682634310,STORY
038e50b5-77b2-34fd-ac1f-4b3ccbcb60e4,AJG,2023-4-29,"Insurance Stocks' Q1 Earnings Due on Apr 27: AJG, CINF & More",Zacks,https://finance.yahoo.com/news/insurance-stocks-q1-earnings-due-164004952.html,1682527204,STORY
03c1668e-304f-3a01-b38c-7fe547521045,AJG,2023-4-29,Arthur J. (AJG) to Report Q1 Earnings: What's in the Cards?,Zacks,https://finance.yahoo.com/news/arthur-j-ajg-report-q1-165904449.html,1682355544,STORY
df884e05-137c-3632-86c2-f98152240721,AJG,2023-4-29,Aon (AON) Reports Next Week: Wall Street Expects Earnings Growth,Zacks,https://finance.yahoo.com/news/aon-aon-reports-next-week-140002856.html,1682085602,STORY
bb56ba82-2997-3670-9f04-451f92255100,AJG,2023-4-29,Arthur J. Gallagher (AJG) Reports Next Week: Wall Street Expects Earnings Growth,Zacks,https://finance.yahoo.com/news/arthur-j-gallagher-ajg-reports-140202096.html,1681999322,STORY
ace61f6f-21d7-3b5e-b6e7-15c0802453ab,AJG,2023-4-29,Will Arthur J. Gallagher (AJG) Beat Estimates Again in Its Next Earnings Report?,Zacks,https://finance.yahoo.com/news/arthur-j-gallagher-ajg-beat-161004756.html,1681402204,STORY
f267b8fa-1ad5-31a2-880c-20a1c5ee473b,AJG,2023-4-30,Possible bearish signals as Arthur J. Gallagher & Co. (NYSE:AJG) insiders disposed of US$2.4m worth of stock,Simply Wall St.,https://finance.yahoo.com/news/possible-bearish-signals-arthur-j-110040928.html,1682852440,STORY
d8c354e3-4b30-30a0-babe-9944bb03dde0,AJG,2023-4-30,Arthur J. Gallagher (AJG) Q1 Earnings Top on Margin Expansion,Zacks,https://finance.yahoo.com/news/arthur-j-gallagher-ajg-q1-135101214.html,1682689861,STORY
15af1599-7f54-3bc5-be55-0f1dcf0110a6,AJG,2023-4-30,"Compared to Estimates, Arthur J. Gallagher (AJG) Q1 Earnings: A Look at Key Metrics",Zacks,https://finance.yahoo.com/news/compared-estimates-arthur-j-gallagher-003012140.html,1682641812,STORY
045f5be2-1f09-343c-b713-c2c11abec54d,AJG,2023-4-30,Arthur J. Gallagher (AJG) Q1 Earnings and Revenues Surpass Estimates,Zacks,https://finance.yahoo.com/news/arthur-j-gallagher-ajg-q1-222510635.html,1682634310,STORY
038e50b5-77b2-34fd-ac1f-4b3ccbcb60e4,AJG,2023-4-30,"Insurance Stocks' Q1 Earnings Due on Apr 27: AJG, CINF & More",Zacks,https://finance.yahoo.com/news/insurance-stocks-q1-earnings-due-164004952.html,1682527204,STORY
03c1668e-304f-3a01-b38c-7fe547521045,AJG,2023-4-30,Arthur J. (AJG) to Report Q1 Earnings: What's in the Cards?,Zacks,https://finance.yahoo.com/news/arthur-j-ajg-report-q1-165904449.html,1682355544,STORY
df884e05-137c-3632-86c2-f98152240721,AJG,2023-4-30,Aon (AON) Reports Next Week: Wall Street Expects Earnings Growth,Zacks,https://finance.yahoo.com/news/aon-aon-reports-next-week-140002856.html,1682085602,STORY
bb56ba82-2997-3670-9f04-451f92255100,AJG,2023-4-30,Arthur J. Gallagher (AJG) Reports Next Week: Wall Street Expects Earnings Growth,Zacks,https://finance.yahoo.com/news/arthur-j-gallagher-ajg-reports-140202096.html,1681999322,STORY
2ca98a6d-5091-36c1-a511-a4f24d6aa9fe,AJG,2023-5-2,"Market Digest: NLY, AJG, BXP, CAT, CMCSA, COF, DPZ, FHI, HES, IP, JNPR, SHW, URI, WM, GM, HA, ABBV, SNAP, MRNA",Argus Research,https://finance.yahoo.com/m/2ca98a6d-5091-36c1-a511-a4f24d6aa9fe/market-digest%3A-nly%2C-ajg%2C-bxp%2C.html,1682941454,STORY
67470acd-ec27-326d-99c6-dec91e72d0c5,AJG,2023-5-2,Analyst Report: Arthur J. Gallagher & Co.,Argus Research,https://finance.yahoo.com/m/67470acd-ec27-326d-99c6-dec91e72d0c5/analyst-report%3A-arthur-j..html,1682941454,STORY
f267b8fa-1ad5-31a2-880c-20a1c5ee473b,AJG,2023-5-2,Possible bearish signals as Arthur J. Gallagher & Co. (NYSE:AJG) insiders disposed of US$2.4m worth of stock,Simply Wall St.,https://finance.yahoo.com/news/possible-bearish-signals-arthur-j-110040928.html,1682852440,STORY
d8c354e3-4b30-30a0-babe-9944bb03dde0,AJG,2023-5-2,Arthur J. Gallagher (AJG) Q1 Earnings Top on Margin Expansion,Zacks,https://finance.yahoo.com/news/arthur-j-gallagher-ajg-q1-135101214.html,1682689861,STORY
15af1599-7f54-3bc5-be55-0f1dcf0110a6,AJG,2023-5-2,"Compared to Estimates, Arthur J. Gallagher (AJG) Q1 Earnings: A Look at Key Metrics",Zacks,https://finance.yahoo.com/news/compared-estimates-arthur-j-gallagher-003012140.html,1682641812,STORY
045f5be2-1f09-343c-b713-c2c11abec54d,AJG,2023-5-2,Arthur J. Gallagher (AJG) Q1 Earnings and Revenues Surpass Estimates,Zacks,https://finance.yahoo.com/news/arthur-j-gallagher-ajg-q1-222510635.html,1682634310,STORY
038e50b5-77b2-34fd-ac1f-4b3ccbcb60e4,AJG,2023-5-2,"Insurance Stocks' Q1 Earnings Due on Apr 27: AJG, CINF & More",Zacks,https://finance.yahoo.com/news/insurance-stocks-q1-earnings-due-164004952.html,1682527204,STORY
03c1668e-304f-3a01-b38c-7fe547521045,AJG,2023-5-2,Arthur J. (AJG) to Report Q1 Earnings: What's in the Cards?,Zacks,https://finance.yahoo.com/news/arthur-j-ajg-report-q1-165904449.html,1682355544,STORY
6c6d7536-524c-3d18-a079-a36c09c12fae,AJG,2023-5-6,Arthur J. Gallagher (NYSE:AJG) Is Increasing Its Dividend To $0.55,Simply Wall St.,https://finance.yahoo.com/news/arthur-j-gallagher-nyse-ajg-194642155.html,1683316002,STORY
661bb51d-d34e-37c0-a71a-6cc8d868eb3c,AJG,2023-5-6,AI – Security & Risk Management: Join Virtual Panel May 10 at 1 PM EST,IPO-Edge.com,https://finance.yahoo.com/news/ai-security-risk-management-join-184915238.html,1683226155,STORY
d1a492db-80ce-366d-9038-3da32075130a,AJG,2023-5-6,Arthur J. Gallagher & Co. Acquires Leavitt Insurance Services of Los Angeles,PR Newswire,https://finance.yahoo.com/news/arthur-j-gallagher-co-acquires-130000667.html,1683205200,STORY
41561e77-44e4-36b1-b5bf-bc0c3d1a0f34,AJG,2023-5-6,Arthur J. Gallagher & Co. Acquires AccurART,PR Newswire,https://finance.yahoo.com/news/arthur-j-gallagher-co-acquires-093000328.html,1683192600,STORY
f3faa7f9-1470-36f5-ae21-eef88ffb7592,AJG,2023-5-6,"World Rugby Welcomes Gallagher as Official Partner of Women's Rugby, WXV and Rugby World Cup 2025",PR Newswire,https://finance.yahoo.com/news/world-rugby-welcomes-gallagher-official-140000775.html,1683122400,STORY
f267b8fa-1ad5-31a2-880c-20a1c5ee473b,AJG,2023-5-6,Possible bearish signals as Arthur J. Gallagher & Co. (NYSE:AJG) insiders disposed of US$2.4m worth of stock,Simply Wall St.,https://finance.yahoo.com/news/possible-bearish-signals-arthur-j-110040928.html,1682852440,STORY
d8c354e3-4b30-30a0-babe-9944bb03dde0,AJG,2023-5-6,Arthur J. Gallagher (AJG) Q1 Earnings Top on Margin Expansion,Zacks,https://finance.yahoo.com/news/arthur-j-gallagher-ajg-q1-135101214.html,1682689861,STORY
15af1599-7f54-3bc5-be55-0f1dcf0110a6,AJG,2023-5-6,"Compared to Estimates, Arthur J. Gallagher (AJG) Q1 Earnings: A Look at Key Metrics",Zacks,https://finance.yahoo.com/news/compared-estimates-arthur-j-gallagher-003012140.html,1682641812,STORY
6c6d7536-524c-3d18-a079-a36c09c12fae,AJG,2023-5-7,Arthur J. Gallagher (NYSE:AJG) Is Increasing Its Dividend To $0.55,Simply Wall St.,https://finance.yahoo.com/news/arthur-j-gallagher-nyse-ajg-194642155.html,1683316002,STORY
661bb51d-d34e-37c0-a71a-6cc8d868eb3c,AJG,2023-5-7,AI – Security & Risk Management: Join Virtual Panel May 10 at 1 PM EST,IPO-Edge.com,https://finance.yahoo.com/news/ai-security-risk-management-join-184915238.html,1683226155,STORY
d1a492db-80ce-366d-9038-3da32075130a,AJG,2023-5-7,Arthur J. Gallagher & Co. Acquires Leavitt Insurance Services of Los Angeles,PR Newswire,https://finance.yahoo.com/news/arthur-j-gallagher-co-acquires-130000667.html,1683205200,STORY
41561e77-44e4-36b1-b5bf-bc0c3d1a0f34,AJG,2023-5-7,Arthur J. Gallagher & Co. Acquires AccurART,PR Newswire,https://finance.yahoo.com/news/arthur-j-gallagher-co-acquires-093000328.html,1683192600,STORY
f3faa7f9-1470-36f5-ae21-eef88ffb7592,AJG,2023-5-7,"World Rugby Welcomes Gallagher as Official Partner of Women's Rugby, WXV and Rugby World Cup 2025",PR Newswire,https://finance.yahoo.com/news/world-rugby-welcomes-gallagher-official-140000775.html,1683122400,STORY
f267b8fa-1ad5-31a2-880c-20a1c5ee473b,AJG,2023-5-7,Possible bearish signals as Arthur J. Gallagher & Co. (NYSE:AJG) insiders disposed of US$2.4m worth of stock,Simply Wall St.,https://finance.yahoo.com/news/possible-bearish-signals-arthur-j-110040928.html,1682852440,STORY
d8c354e3-4b30-30a0-babe-9944bb03dde0,AJG,2023-5-7,Arthur J. Gallagher (AJG) Q1 Earnings Top on Margin Expansion,Zacks,https://finance.yahoo.com/news/arthur-j-gallagher-ajg-q1-135101214.html,1682689861,STORY
15af1599-7f54-3bc5-be55-0f1dcf0110a6,AJG,2023-5-7,"Compared to Estimates, Arthur J. Gallagher (AJG) Q1 Earnings: A Look at Key Metrics",Zacks,https://finance.yahoo.com/news/compared-estimates-arthur-j-gallagher-003012140.html,1682641812,STORY
e39f1cb6-5f1f-3eb8-96f5-c58b7a6988c9,AJG,2023-5-8,Daily – Vickers Top Buyers & Sellers for 05/08/2023,Argus Research,https://finance.yahoo.com/m/e39f1cb6-5f1f-3eb8-96f5-c58b7a6988c9/daily-%E2%80%93-vickers-top-buyers-%26.html,1683542467,STORY
6c6d7536-524c-3d18-a079-a36c09c12fae,AJG,2023-5-8,Arthur J. Gallagher (NYSE:AJG) Is Increasing Its Dividend To $0.55,Simply Wall St.,https://finance.yahoo.com/news/arthur-j-gallagher-nyse-ajg-194642155.html,1683316002,STORY
661bb51d-d34e-37c0-a71a-6cc8d868eb3c,AJG,2023-5-8,AI – Security & Risk Management: Join Virtual Panel May 10 at 1 PM EST,IPO-Edge.com,https://finance.yahoo.com/news/ai-security-risk-management-join-184915238.html,1683226155,STORY
d1a492db-80ce-366d-9038-3da32075130a,AJG,2023-5-8,Arthur J. Gallagher & Co. Acquires Leavitt Insurance Services of Los Angeles,PR Newswire,https://finance.yahoo.com/news/arthur-j-gallagher-co-acquires-130000667.html,1683205200,STORY
41561e77-44e4-36b1-b5bf-bc0c3d1a0f34,AJG,2023-5-8,Arthur J. Gallagher & Co. Acquires AccurART,PR Newswire,https://finance.yahoo.com/news/arthur-j-gallagher-co-acquires-093000328.html,1683192600,STORY
f3faa7f9-1470-36f5-ae21-eef88ffb7592,AJG,2023-5-8,"World Rugby Welcomes Gallagher as Official Partner of Women's Rugby, WXV and Rugby World Cup 2025",PR Newswire,https://finance.yahoo.com/news/world-rugby-welcomes-gallagher-official-140000775.html,1683122400,STORY
f267b8fa-1ad5-31a2-880c-20a1c5ee473b,AJG,2023-5-8,Possible bearish signals as Arthur J. Gallagher & Co. (NYSE:AJG) insiders disposed of US$2.4m worth of stock,Simply Wall St.,https://finance.yahoo.com/news/possible-bearish-signals-arthur-j-110040928.html,1682852440,STORY
d8c354e3-4b30-30a0-babe-9944bb03dde0,AJG,2023-5-8,Arthur J. Gallagher (AJG) Q1 Earnings Top on Margin Expansion,Zacks,https://finance.yahoo.com/news/arthur-j-gallagher-ajg-q1-135101214.html,1682689861,STORY
5cdadf1c-c516-34fe-b8a0-52bb7cc6c8d0,AJG,2023-5-9,Daily – Vickers Top Buyers & Sellers for 05/09/2023,Argus Research,https://finance.yahoo.com/m/5cdadf1c-c516-34fe-b8a0-52bb7cc6c8d0/daily-%E2%80%93-vickers-top-buyers-%26.html,1683628859,STORY
5e0cc343-fcb7-3b59-b72e-3c656a158e92,AJG,2023-5-9,11 Best Insurance Brokerage Stocks To Buy Now,Insider Monkey,https://finance.yahoo.com/news/11-best-insurance-brokerage-stocks-192734978.html,1683574054,STORY
e39f1cb6-5f1f-3eb8-96f5-c58b7a6988c9,AJG,2023-5-9,Daily – Vickers Top Buyers & Sellers for 05/08/2023,Argus Research,https://finance.yahoo.com/m/e39f1cb6-5f1f-3eb8-96f5-c58b7a6988c9/daily-%E2%80%93-vickers-top-buyers-%26.html,1683542467,STORY
6c6d7536-524c-3d18-a079-a36c09c12fae,AJG,2023-5-9,Arthur J. Gallagher (NYSE:AJG) Is Increasing Its Dividend To $0.55,Simply Wall St.,https://finance.yahoo.com/news/arthur-j-gallagher-nyse-ajg-194642155.html,1683316002,STORY
661bb51d-d34e-37c0-a71a-6cc8d868eb3c,AJG,2023-5-9,AI – Security & Risk Management: Join Virtual Panel May 10 at 1 PM EST,IPO-Edge.com,https://finance.yahoo.com/news/ai-security-risk-management-join-184915238.html,1683226155,STORY
d1a492db-80ce-366d-9038-3da32075130a,AJG,2023-5-9,Arthur J. Gallagher & Co. Acquires Leavitt Insurance Services of Los Angeles,PR Newswire,https://finance.yahoo.com/news/arthur-j-gallagher-co-acquires-130000667.html,1683205200,STORY
41561e77-44e4-36b1-b5bf-bc0c3d1a0f34,AJG,2023-5-9,Arthur J. Gallagher & Co. Acquires AccurART,PR Newswire,https://finance.yahoo.com/news/arthur-j-gallagher-co-acquires-093000328.html,1683192600,STORY
f3faa7f9-1470-36f5-ae21-eef88ffb7592,AJG,2023-5-9,"World Rugby Welcomes Gallagher as Official Partner of Women's Rugby, WXV and Rugby World Cup 2025",PR Newswire,https://finance.yahoo.com/news/world-rugby-welcomes-gallagher-official-140000775.html,1683122400,STORY
aa608590-97a7-3b18-9405-3f31db05559f,AJG,2023-5-10,"Brown & Brown (BRO) Acquires Brownlee Agency, Boosts Portfolio",Zacks,https://finance.yahoo.com/news/brown-brown-bro-acquires-brownlee-132201236.html,1683638521,STORY
5cdadf1c-c516-34fe-b8a0-52bb7cc6c8d0,AJG,2023-5-10,Daily – Vickers Top Buyers & Sellers for 05/09/2023,Argus Research,https://finance.yahoo.com/m/5cdadf1c-c516-34fe-b8a0-52bb7cc6c8d0/daily-%E2%80%93-vickers-top-buyers-%26.html,1683628859,STORY
5e0cc343-fcb7-3b59-b72e-3c656a158e92,AJG,2023-5-10,11 Best Insurance Brokerage Stocks To Buy Now,Insider Monkey,https://finance.yahoo.com/news/11-best-insurance-brokerage-stocks-192734978.html,1683574054,STORY
6c6d7536-524c-3d18-a079-a36c09c12fae,AJG,2023-5-10,Arthur J. Gallagher (NYSE:AJG) Is Increasing Its Dividend To $0.55,Simply Wall St.,https://finance.yahoo.com/news/arthur-j-gallagher-nyse-ajg-194642155.html,1683316002,STORY
851c1dde-ccb4-39ec-b68f-6eed5dcddafc,AJG,2023-5-10,"ChatGPT and AI: Security, Risk and Investing – Join Expert Panel May 10 at 1 PM EST",CorpGov.com,https://finance.yahoo.com/news/chatgpt-ai-security-risk-investing-140457122.html,1683295497,STORY
661bb51d-d34e-37c0-a71a-6cc8d868eb3c,AJG,2023-5-10,AI – Security & Risk Management: Join Virtual Panel May 10 at 1 PM EST,IPO-Edge.com,https://finance.yahoo.com/news/ai-security-risk-management-join-184915238.html,1683226155,STORY
d1a492db-80ce-366d-9038-3da32075130a,AJG,2023-5-10,Arthur J. Gallagher & Co. Acquires Leavitt Insurance Services of Los Angeles,PR Newswire,https://finance.yahoo.com/news/arthur-j-gallagher-co-acquires-130000667.html,1683205200,STORY
41561e77-44e4-36b1-b5bf-bc0c3d1a0f34,AJG,2023-5-10,Arthur J. Gallagher & Co. Acquires AccurART,PR Newswire,https://finance.yahoo.com/news/arthur-j-gallagher-co-acquires-093000328.html,1683192600,STORY
b5dc46b7-48c4-3cd3-a647-2963f51da5cb,AJG,2023-5-11,"REPLAY: ChatGPT and AI: Security, Risk and Investing – Join Expert Panel",CorpGov.com,https://finance.yahoo.com/news/replay-chatgpt-ai-security-risk-202220167.html,1683750140,STORY
aa608590-97a7-3b18-9405-3f31db05559f,AJG,2023-5-11,"Brown & Brown (BRO) Acquires Brownlee Agency, Boosts Portfolio",Zacks,https://finance.yahoo.com/news/brown-brown-bro-acquires-brownlee-132201236.html,1683638521,STORY
5e0cc343-fcb7-3b59-b72e-3c656a158e92,AJG,2023-5-11,11 Best Insurance Brokerage Stocks To Buy Now,Insider Monkey,https://finance.yahoo.com/news/11-best-insurance-brokerage-stocks-192734978.html,1683574054,STORY
6c6d7536-524c-3d18-a079-a36c09c12fae,AJG,2023-5-11,Arthur J. Gallagher (NYSE:AJG) Is Increasing Its Dividend To $0.55,Simply Wall St.,https://finance.yahoo.com/news/arthur-j-gallagher-nyse-ajg-194642155.html,1683316002,STORY
851c1dde-ccb4-39ec-b68f-6eed5dcddafc,AJG,2023-5-11,"ChatGPT and AI: Security, Risk and Investing – Join Expert Panel May 10 at 1 PM EST",CorpGov.com,https://finance.yahoo.com/news/chatgpt-ai-security-risk-investing-140457122.html,1683295497,STORY
661bb51d-d34e-37c0-a71a-6cc8d868eb3c,AJG,2023-5-11,AI – Security & Risk Management: Join Virtual Panel May 10 at 1 PM EST,IPO-Edge.com,https://finance.yahoo.com/news/ai-security-risk-management-join-184915238.html,1683226155,STORY
d1a492db-80ce-366d-9038-3da32075130a,AJG,2023-5-11,Arthur J. Gallagher & Co. Acquires Leavitt Insurance Services of Los Angeles,PR Newswire,https://finance.yahoo.com/news/arthur-j-gallagher-co-acquires-130000667.html,1683205200,STORY
41561e77-44e4-36b1-b5bf-bc0c3d1a0f34,AJG,2023-5-11,Arthur J. Gallagher & Co. Acquires AccurART,PR Newswire,https://finance.yahoo.com/news/arthur-j-gallagher-co-acquires-093000328.html,1683192600,STORY
b5dc46b7-48c4-3cd3-a647-2963f51da5cb,AJG,2023-5-12,"REPLAY: ChatGPT and AI: Security, Risk and Investing – Join Expert Panel",CorpGov.com,https://finance.yahoo.com/news/replay-chatgpt-ai-security-risk-202220167.html,1683750140,STORY
aa608590-97a7-3b18-9405-3f31db05559f,AJG,2023-5-12,"Brown & Brown (BRO) Acquires Brownlee Agency, Boosts Portfolio",Zacks,https://finance.yahoo.com/news/brown-brown-bro-acquires-brownlee-132201236.html,1683638521,STORY
5e0cc343-fcb7-3b59-b72e-3c656a158e92,AJG,2023-5-12,11 Best Insurance Brokerage Stocks To Buy Now,Insider Monkey,https://finance.yahoo.com/news/11-best-insurance-brokerage-stocks-192734978.html,1683574054,STORY
6c6d7536-524c-3d18-a079-a36c09c12fae,AJG,2023-5-12,Arthur J. Gallagher (NYSE:AJG) Is Increasing Its Dividend To $0.55,Simply Wall St.,https://finance.yahoo.com/news/arthur-j-gallagher-nyse-ajg-194642155.html,1683316002,STORY
851c1dde-ccb4-39ec-b68f-6eed5dcddafc,AJG,2023-5-12,"ChatGPT and AI: Security, Risk and Investing – Join Expert Panel May 10 at 1 PM EST",CorpGov.com,https://finance.yahoo.com/news/chatgpt-ai-security-risk-investing-140457122.html,1683295497,STORY
661bb51d-d34e-37c0-a71a-6cc8d868eb3c,AJG,2023-5-12,AI – Security & Risk Management: Join Virtual Panel May 10 at 1 PM EST,IPO-Edge.com,https://finance.yahoo.com/news/ai-security-risk-management-join-184915238.html,1683226155,STORY
d1a492db-80ce-366d-9038-3da32075130a,AJG,2023-5-12,Arthur J. Gallagher & Co. Acquires Leavitt Insurance Services of Los Angeles,PR Newswire,https://finance.yahoo.com/news/arthur-j-gallagher-co-acquires-130000667.html,1683205200,STORY
41561e77-44e4-36b1-b5bf-bc0c3d1a0f34,AJG,2023-5-12,Arthur J. Gallagher & Co. Acquires AccurART,PR Newswire,https://finance.yahoo.com/news/arthur-j-gallagher-co-acquires-093000328.html,1683192600,STORY
b5dc46b7-48c4-3cd3-a647-2963f51da5cb,AJG,2023-5-13,"REPLAY: ChatGPT and AI: Security, Risk and Investing – Join Expert Panel",CorpGov.com,https://finance.yahoo.com/news/replay-chatgpt-ai-security-risk-202220167.html,1683750140,STORY
aa608590-97a7-3b18-9405-3f31db05559f,AJG,2023-5-13,"Brown & Brown (BRO) Acquires Brownlee Agency, Boosts Portfolio",Zacks,https://finance.yahoo.com/news/brown-brown-bro-acquires-brownlee-132201236.html,1683638521,STORY
5e0cc343-fcb7-3b59-b72e-3c656a158e92,AJG,2023-5-13,11 Best Insurance Brokerage Stocks To Buy Now,Insider Monkey,https://finance.yahoo.com/news/11-best-insurance-brokerage-stocks-192734978.html,1683574054,STORY
6c6d7536-524c-3d18-a079-a36c09c12fae,AJG,2023-5-13,Arthur J. Gallagher (NYSE:AJG) Is Increasing Its Dividend To $0.55,Simply Wall St.,https://finance.yahoo.com/news/arthur-j-gallagher-nyse-ajg-194642155.html,1683316002,STORY
851c1dde-ccb4-39ec-b68f-6eed5dcddafc,AJG,2023-5-13,"ChatGPT and AI: Security, Risk and Investing – Join Expert Panel May 10 at 1 PM EST",CorpGov.com,https://finance.yahoo.com/news/chatgpt-ai-security-risk-investing-140457122.html,1683295497,STORY
661bb51d-d34e-37c0-a71a-6cc8d868eb3c,AJG,2023-5-13,AI – Security & Risk Management: Join Virtual Panel May 10 at 1 PM EST,IPO-Edge.com,https://finance.yahoo.com/news/ai-security-risk-management-join-184915238.html,1683226155,STORY
d1a492db-80ce-366d-9038-3da32075130a,AJG,2023-5-13,Arthur J. Gallagher & Co. Acquires Leavitt Insurance Services of Los Angeles,PR Newswire,https://finance.yahoo.com/news/arthur-j-gallagher-co-acquires-130000667.html,1683205200,STORY
41561e77-44e4-36b1-b5bf-bc0c3d1a0f34,AJG,2023-5-13,Arthur J. Gallagher & Co. Acquires AccurART,PR Newswire,https://finance.yahoo.com/news/arthur-j-gallagher-co-acquires-093000328.html,1683192600,STORY
b5dc46b7-48c4-3cd3-a647-2963f51da5cb,AJG,2023-5-14,"REPLAY: ChatGPT and AI: Security, Risk and Investing – Join Expert Panel",CorpGov.com,https://finance.yahoo.com/news/replay-chatgpt-ai-security-risk-202220167.html,1683750140,STORY
aa608590-97a7-3b18-9405-3f31db05559f,AJG,2023-5-14,"Brown & Brown (BRO) Acquires Brownlee Agency, Boosts Portfolio",Zacks,https://finance.yahoo.com/news/brown-brown-bro-acquires-brownlee-132201236.html,1683638521,STORY
5e0cc343-fcb7-3b59-b72e-3c656a158e92,AJG,2023-5-14,11 Best Insurance Brokerage Stocks To Buy Now,Insider Monkey,https://finance.yahoo.com/news/11-best-insurance-brokerage-stocks-192734978.html,1683574054,STORY
6c6d7536-524c-3d18-a079-a36c09c12fae,AJG,2023-5-14,Arthur J. Gallagher (NYSE:AJG) Is Increasing Its Dividend To $0.55,Simply Wall St.,https://finance.yahoo.com/news/arthur-j-gallagher-nyse-ajg-194642155.html,1683316002,STORY
851c1dde-ccb4-39ec-b68f-6eed5dcddafc,AJG,2023-5-14,"ChatGPT and AI: Security, Risk and Investing – Join Expert Panel May 10 at 1 PM EST",CorpGov.com,https://finance.yahoo.com/news/chatgpt-ai-security-risk-investing-140457122.html,1683295497,STORY
661bb51d-d34e-37c0-a71a-6cc8d868eb3c,AJG,2023-5-14,AI – Security & Risk Management: Join Virtual Panel May 10 at 1 PM EST,IPO-Edge.com,https://finance.yahoo.com/news/ai-security-risk-management-join-184915238.html,1683226155,STORY
d1a492db-80ce-366d-9038-3da32075130a,AJG,2023-5-14,Arthur J. Gallagher & Co. Acquires Leavitt Insurance Services of Los Angeles,PR Newswire,https://finance.yahoo.com/news/arthur-j-gallagher-co-acquires-130000667.html,1683205200,STORY
41561e77-44e4-36b1-b5bf-bc0c3d1a0f34,AJG,2023-5-14,Arthur J. Gallagher & Co. Acquires AccurART,PR Newswire,https://finance.yahoo.com/news/arthur-j-gallagher-co-acquires-093000328.html,1683192600,STORY
b5dc46b7-48c4-3cd3-a647-2963f51da5cb,AJG,2023-5-15,"REPLAY: ChatGPT and AI: Security, Risk and Investing – Join Expert Panel",CorpGov.com,https://finance.yahoo.com/news/replay-chatgpt-ai-security-risk-202220167.html,1683750140,STORY
aa608590-97a7-3b18-9405-3f31db05559f,AJG,2023-5-15,"Brown & Brown (BRO) Acquires Brownlee Agency, Boosts Portfolio",Zacks,https://finance.yahoo.com/news/brown-brown-bro-acquires-brownlee-132201236.html,1683638521,STORY
5e0cc343-fcb7-3b59-b72e-3c656a158e92,AJG,2023-5-15,11 Best Insurance Brokerage Stocks To Buy Now,Insider Monkey,https://finance.yahoo.com/news/11-best-insurance-brokerage-stocks-192734978.html,1683574054,STORY
6c6d7536-524c-3d18-a079-a36c09c12fae,AJG,2023-5-15,Arthur J. Gallagher (NYSE:AJG) Is Increasing Its Dividend To $0.55,Simply Wall St.,https://finance.yahoo.com/news/arthur-j-gallagher-nyse-ajg-194642155.html,1683316002,STORY
851c1dde-ccb4-39ec-b68f-6eed5dcddafc,AJG,2023-5-15,"ChatGPT and AI: Security, Risk and Investing – Join Expert Panel May 10 at 1 PM EST",CorpGov.com,https://finance.yahoo.com/news/chatgpt-ai-security-risk-investing-140457122.html,1683295497,STORY
661bb51d-d34e-37c0-a71a-6cc8d868eb3c,AJG,2023-5-15,AI – Security & Risk Management: Join Virtual Panel May 10 at 1 PM EST,IPO-Edge.com,https://finance.yahoo.com/news/ai-security-risk-management-join-184915238.html,1683226155,STORY
d1a492db-80ce-366d-9038-3da32075130a,AJG,2023-5-15,Arthur J. Gallagher & Co. Acquires Leavitt Insurance Services of Los Angeles,PR Newswire,https://finance.yahoo.com/news/arthur-j-gallagher-co-acquires-130000667.html,1683205200,STORY
41561e77-44e4-36b1-b5bf-bc0c3d1a0f34,AJG,2023-5-15,Arthur J. Gallagher & Co. Acquires AccurART,PR Newswire,https://finance.yahoo.com/news/arthur-j-gallagher-co-acquires-093000328.html,1683192600,STORY
2c185ba0-305f-3fad-8ec3-3f7d8361a7b5,AJG,2023-5-16,"Highlights – ChatGPT and AI: Security, Risk and Investing Fireside Chat",IPO-Edge.com,https://finance.yahoo.com/news/highlights-chatgpt-ai-security-risk-172931826.html,1684171771,STORY
604de4aa-cb9a-39b7-b7dc-518d5936b1c9,AJG,2023-5-16,Arthur J. Gallagher & Co. Acquires Mavco Insurance Group,PR Newswire,https://finance.yahoo.com/news/arthur-j-gallagher-co-acquires-160000700.html,1684166400,STORY
e8d6745d-655e-3f37-89a6-16d608f229ee,AJG,2023-5-16,"Arthur J. Gallagher & Co. Acquires RHP General Agency, Inc.",PR Newswire,https://finance.yahoo.com/news/arthur-j-gallagher-co-acquires-130000026.html,1684155600,STORY
b5dc46b7-48c4-3cd3-a647-2963f51da5cb,AJG,2023-5-16,"REPLAY: ChatGPT and AI: Security, Risk and Investing – Join Expert Panel",CorpGov.com,https://finance.yahoo.com/news/replay-chatgpt-ai-security-risk-202220167.html,1683750140,STORY
aa608590-97a7-3b18-9405-3f31db05559f,AJG,2023-5-16,"Brown & Brown (BRO) Acquires Brownlee Agency, Boosts Portfolio",Zacks,https://finance.yahoo.com/news/brown-brown-bro-acquires-brownlee-132201236.html,1683638521,STORY
5e0cc343-fcb7-3b59-b72e-3c656a158e92,AJG,2023-5-16,11 Best Insurance Brokerage Stocks To Buy Now,Insider Monkey,https://finance.yahoo.com/news/11-best-insurance-brokerage-stocks-192734978.html,1683574054,STORY
6c6d7536-524c-3d18-a079-a36c09c12fae,AJG,2023-5-16,Arthur J. Gallagher (NYSE:AJG) Is Increasing Its Dividend To $0.55,Simply Wall St.,https://finance.yahoo.com/news/arthur-j-gallagher-nyse-ajg-194642155.html,1683316002,STORY
851c1dde-ccb4-39ec-b68f-6eed5dcddafc,AJG,2023-5-16,"ChatGPT and AI: Security, Risk and Investing – Join Expert Panel May 10 at 1 PM EST",CorpGov.com,https://finance.yahoo.com/news/chatgpt-ai-security-risk-investing-140457122.html,1683295497,STORY
d9238519-164b-3d78-93b3-a1dc04260a33,AJG,2023-5-17,Arthur J. Gallagher & Co. Acquires Allied Risk Management,PR Newswire,https://finance.yahoo.com/news/arthur-j-gallagher-co-acquires-090000752.html,1684314000,STORY
2c185ba0-305f-3fad-8ec3-3f7d8361a7b5,AJG,2023-5-17,"Highlights – ChatGPT and AI: Security, Risk and Investing Fireside Chat",IPO-Edge.com,https://finance.yahoo.com/news/highlights-chatgpt-ai-security-risk-172931826.html,1684171771,STORY
604de4aa-cb9a-39b7-b7dc-518d5936b1c9,AJG,2023-5-17,Arthur J. Gallagher & Co. Acquires Mavco Insurance Group,PR Newswire,https://finance.yahoo.com/news/arthur-j-gallagher-co-acquires-160000700.html,1684166400,STORY
e8d6745d-655e-3f37-89a6-16d608f229ee,AJG,2023-5-17,"Arthur J. Gallagher & Co. Acquires RHP General Agency, Inc.",PR Newswire,https://finance.yahoo.com/news/arthur-j-gallagher-co-acquires-130000026.html,1684155600,STORY
b5dc46b7-48c4-3cd3-a647-2963f51da5cb,AJG,2023-5-17,"REPLAY: ChatGPT and AI: Security, Risk and Investing – Join Expert Panel",CorpGov.com,https://finance.yahoo.com/news/replay-chatgpt-ai-security-risk-202220167.html,1683750140,STORY
aa608590-97a7-3b18-9405-3f31db05559f,AJG,2023-5-17,"Brown & Brown (BRO) Acquires Brownlee Agency, Boosts Portfolio",Zacks,https://finance.yahoo.com/news/brown-brown-bro-acquires-brownlee-132201236.html,1683638521,STORY
5e0cc343-fcb7-3b59-b72e-3c656a158e92,AJG,2023-5-17,11 Best Insurance Brokerage Stocks To Buy Now,Insider Monkey,https://finance.yahoo.com/news/11-best-insurance-brokerage-stocks-192734978.html,1683574054,STORY
6c6d7536-524c-3d18-a079-a36c09c12fae,AJG,2023-5-17,Arthur J. Gallagher (NYSE:AJG) Is Increasing Its Dividend To $0.55,Simply Wall St.,https://finance.yahoo.com/news/arthur-j-gallagher-nyse-ajg-194642155.html,1683316002,STORY
18825333-bdfe-3741-8310-b4a4ad6d3609,AJG,2023-5-18,"Arthur J. Gallagher (AJG) on a Buyout Spree, Boosts Portfolio",Zacks,https://finance.yahoo.com/news/arthur-j-gallagher-ajg-buyout-161604632.html,1684340164,STORY
d9238519-164b-3d78-93b3-a1dc04260a33,AJG,2023-5-18,Arthur J. Gallagher & Co. Acquires Allied Risk Management,PR Newswire,https://finance.yahoo.com/news/arthur-j-gallagher-co-acquires-090000752.html,1684314000,STORY
2c185ba0-305f-3fad-8ec3-3f7d8361a7b5,AJG,2023-5-18,"Highlights – ChatGPT and AI: Security, Risk and Investing Fireside Chat",IPO-Edge.com,https://finance.yahoo.com/news/highlights-chatgpt-ai-security-risk-172931826.html,1684171771,STORY
604de4aa-cb9a-39b7-b7dc-518d5936b1c9,AJG,2023-5-18,Arthur J. Gallagher & Co. Acquires Mavco Insurance Group,PR Newswire,https://finance.yahoo.com/news/arthur-j-gallagher-co-acquires-160000700.html,1684166400,STORY
e8d6745d-655e-3f37-89a6-16d608f229ee,AJG,2023-5-18,"Arthur J. Gallagher & Co. Acquires RHP General Agency, Inc.",PR Newswire,https://finance.yahoo.com/news/arthur-j-gallagher-co-acquires-130000026.html,1684155600,STORY
b5dc46b7-48c4-3cd3-a647-2963f51da5cb,AJG,2023-5-18,"REPLAY: ChatGPT and AI: Security, Risk and Investing – Join Expert Panel",CorpGov.com,https://finance.yahoo.com/news/replay-chatgpt-ai-security-risk-202220167.html,1683750140,STORY
aa608590-97a7-3b18-9405-3f31db05559f,AJG,2023-5-18,"Brown & Brown (BRO) Acquires Brownlee Agency, Boosts Portfolio",Zacks,https://finance.yahoo.com/news/brown-brown-bro-acquires-brownlee-132201236.html,1683638521,STORY
5e0cc343-fcb7-3b59-b72e-3c656a158e92,AJG,2023-5-18,11 Best Insurance Brokerage Stocks To Buy Now,Insider Monkey,https://finance.yahoo.com/news/11-best-insurance-brokerage-stocks-192734978.html,1683574054,STORY
9dbbe6ad-cde2-3536-8b4d-72a5424f7a4b,AJG,2023-5-19,Arthur J. Gallagher (NYSE:AJG) shareholders have earned a 28% CAGR over the last five years,Simply Wall St.,https://finance.yahoo.com/news/arthur-j-gallagher-nyse-ajg-110110699.html,1684494070,STORY
7c3c9808-3829-3578-a8cc-40fd8c6c71b3,AJG,2023-5-19,Radiology Group Sues Broker Over Lapsed Cyber Insurance Policy,The Wall Street Journal,https://finance.yahoo.com/m/7c3c9808-3829-3578-a8cc-40fd8c6c71b3/radiology-group-sues-broker.html,1684439520,STORY
18825333-bdfe-3741-8310-b4a4ad6d3609,AJG,2023-5-19,"Arthur J. Gallagher (AJG) on a Buyout Spree, Boosts Portfolio",Zacks,https://finance.yahoo.com/news/arthur-j-gallagher-ajg-buyout-161604632.html,1684340164,STORY
d9238519-164b-3d78-93b3-a1dc04260a33,AJG,2023-5-19,Arthur J. Gallagher & Co. Acquires Allied Risk Management,PR Newswire,https://finance.yahoo.com/news/arthur-j-gallagher-co-acquires-090000752.html,1684314000,STORY
2c185ba0-305f-3fad-8ec3-3f7d8361a7b5,AJG,2023-5-19,"Highlights – ChatGPT and AI: Security, Risk and Investing Fireside Chat",IPO-Edge.com,https://finance.yahoo.com/news/highlights-chatgpt-ai-security-risk-172931826.html,1684171771,STORY
604de4aa-cb9a-39b7-b7dc-518d5936b1c9,AJG,2023-5-19,Arthur J. Gallagher & Co. Acquires Mavco Insurance Group,PR Newswire,https://finance.yahoo.com/news/arthur-j-gallagher-co-acquires-160000700.html,1684166400,STORY
e8d6745d-655e-3f37-89a6-16d608f229ee,AJG,2023-5-19,"Arthur J. Gallagher & Co. Acquires RHP General Agency, Inc.",PR Newswire,https://finance.yahoo.com/news/arthur-j-gallagher-co-acquires-130000026.html,1684155600,STORY
b5dc46b7-48c4-3cd3-a647-2963f51da5cb,AJG,2023-5-19,"REPLAY: ChatGPT and AI: Security, Risk and Investing – Join Expert Panel",CorpGov.com,https://finance.yahoo.com/news/replay-chatgpt-ai-security-risk-202220167.html,1683750140,STORY
9dbbe6ad-cde2-3536-8b4d-72a5424f7a4b,AJG,2023-5-20,Arthur J. Gallagher (NYSE:AJG) shareholders have earned a 28% CAGR over the last five years,Simply Wall St.,https://finance.yahoo.com/news/arthur-j-gallagher-nyse-ajg-110110699.html,1684494070,STORY
7c3c9808-3829-3578-a8cc-40fd8c6c71b3,AJG,2023-5-20,Radiology Group Sues Broker Over Lapsed Cyber Insurance Policy,The Wall Street Journal,https://finance.yahoo.com/m/7c3c9808-3829-3578-a8cc-40fd8c6c71b3/radiology-group-sues-broker.html,1684439520,STORY
18825333-bdfe-3741-8310-b4a4ad6d3609,AJG,2023-5-20,"Arthur J. Gallagher (AJG) on a Buyout Spree, Boosts Portfolio",Zacks,https://finance.yahoo.com/news/arthur-j-gallagher-ajg-buyout-161604632.html,1684340164,STORY
d9238519-164b-3d78-93b3-a1dc04260a33,AJG,2023-5-20,Arthur J. Gallagher & Co. Acquires Allied Risk Management,PR Newswire,https://finance.yahoo.com/news/arthur-j-gallagher-co-acquires-090000752.html,1684314000,STORY
2c185ba0-305f-3fad-8ec3-3f7d8361a7b5,AJG,2023-5-20,"Highlights – ChatGPT and AI: Security, Risk and Investing Fireside Chat",IPO-Edge.com,https://finance.yahoo.com/news/highlights-chatgpt-ai-security-risk-172931826.html,1684171771,STORY
604de4aa-cb9a-39b7-b7dc-518d5936b1c9,AJG,2023-5-20,Arthur J. Gallagher & Co. Acquires Mavco Insurance Group,PR Newswire,https://finance.yahoo.com/news/arthur-j-gallagher-co-acquires-160000700.html,1684166400,STORY
e8d6745d-655e-3f37-89a6-16d608f229ee,AJG,2023-5-20,"Arthur J. Gallagher & Co. Acquires RHP General Agency, Inc.",PR Newswire,https://finance.yahoo.com/news/arthur-j-gallagher-co-acquires-130000026.html,1684155600,STORY
b5dc46b7-48c4-3cd3-a647-2963f51da5cb,AJG,2023-5-20,"REPLAY: ChatGPT and AI: Security, Risk and Investing – Join Expert Panel",CorpGov.com,https://finance.yahoo.com/news/replay-chatgpt-ai-security-risk-202220167.html,1683750140,STORY
569fe9ee-1e5a-3401-8cee-249a57d4b93d,AJG,2023-5-21,Arthur J. Gallagher's (NYSE:AJG) Upcoming Dividend Will Be Larger Than Last Year's,Simply Wall St.,https://finance.yahoo.com/news/arthur-j-gallaghers-nyse-ajg-120636888.html,1684584396,STORY
9dbbe6ad-cde2-3536-8b4d-72a5424f7a4b,AJG,2023-5-21,Arthur J. Gallagher (NYSE:AJG) shareholders have earned a 28% CAGR over the last five years,Simply Wall St.,https://finance.yahoo.com/news/arthur-j-gallagher-nyse-ajg-110110699.html,1684494070,STORY
7c3c9808-3829-3578-a8cc-40fd8c6c71b3,AJG,2023-5-21,Radiology Group Sues Broker Over Lapsed Cyber Insurance Policy,The Wall Street Journal,https://finance.yahoo.com/m/7c3c9808-3829-3578-a8cc-40fd8c6c71b3/radiology-group-sues-broker.html,1684439520,STORY
18825333-bdfe-3741-8310-b4a4ad6d3609,AJG,2023-5-21,"Arthur J. Gallagher (AJG) on a Buyout Spree, Boosts Portfolio",Zacks,https://finance.yahoo.com/news/arthur-j-gallagher-ajg-buyout-161604632.html,1684340164,STORY
d9238519-164b-3d78-93b3-a1dc04260a33,AJG,2023-5-21,Arthur J. Gallagher & Co. Acquires Allied Risk Management,PR Newswire,https://finance.yahoo.com/news/arthur-j-gallagher-co-acquires-090000752.html,1684314000,STORY
2c185ba0-305f-3fad-8ec3-3f7d8361a7b5,AJG,2023-5-21,"Highlights – ChatGPT and AI: Security, Risk and Investing Fireside Chat",IPO-Edge.com,https://finance.yahoo.com/news/highlights-chatgpt-ai-security-risk-172931826.html,1684171771,STORY
604de4aa-cb9a-39b7-b7dc-518d5936b1c9,AJG,2023-5-21,Arthur J. Gallagher & Co. Acquires Mavco Insurance Group,PR Newswire,https://finance.yahoo.com/news/arthur-j-gallagher-co-acquires-160000700.html,1684166400,STORY
e8d6745d-655e-3f37-89a6-16d608f229ee,AJG,2023-5-21,"Arthur J. Gallagher & Co. Acquires RHP General Agency, Inc.",PR Newswire,https://finance.yahoo.com/news/arthur-j-gallagher-co-acquires-130000026.html,1684155600,STORY
569fe9ee-1e5a-3401-8cee-249a57d4b93d,AJG,2023-5-22,Arthur J. Gallagher's (NYSE:AJG) Upcoming Dividend Will Be Larger Than Last Year's,Simply Wall St.,https://finance.yahoo.com/news/arthur-j-gallaghers-nyse-ajg-120636888.html,1684584396,STORY
9dbbe6ad-cde2-3536-8b4d-72a5424f7a4b,AJG,2023-5-22,Arthur J. Gallagher (NYSE:AJG) shareholders have earned a 28% CAGR over the last five years,Simply Wall St.,https://finance.yahoo.com/news/arthur-j-gallagher-nyse-ajg-110110699.html,1684494070,STORY
7c3c9808-3829-3578-a8cc-40fd8c6c71b3,AJG,2023-5-22,Radiology Group Sues Broker Over Lapsed Cyber Insurance Policy,The Wall Street Journal,https://finance.yahoo.com/m/7c3c9808-3829-3578-a8cc-40fd8c6c71b3/radiology-group-sues-broker.html,1684439520,STORY
18825333-bdfe-3741-8310-b4a4ad6d3609,AJG,2023-5-22,"Arthur J. Gallagher (AJG) on a Buyout Spree, Boosts Portfolio",Zacks,https://finance.yahoo.com/news/arthur-j-gallagher-ajg-buyout-161604632.html,1684340164,STORY
d9238519-164b-3d78-93b3-a1dc04260a33,AJG,2023-5-22,Arthur J. Gallagher & Co. Acquires Allied Risk Management,PR Newswire,https://finance.yahoo.com/news/arthur-j-gallagher-co-acquires-090000752.html,1684314000,STORY
2c185ba0-305f-3fad-8ec3-3f7d8361a7b5,AJG,2023-5-22,"Highlights – ChatGPT and AI: Security, Risk and Investing Fireside Chat",IPO-Edge.com,https://finance.yahoo.com/news/highlights-chatgpt-ai-security-risk-172931826.html,1684171771,STORY
604de4aa-cb9a-39b7-b7dc-518d5936b1c9,AJG,2023-5-22,Arthur J. Gallagher & Co. Acquires Mavco Insurance Group,PR Newswire,https://finance.yahoo.com/news/arthur-j-gallagher-co-acquires-160000700.html,1684166400,STORY
e8d6745d-655e-3f37-89a6-16d608f229ee,AJG,2023-5-22,"Arthur J. Gallagher & Co. Acquires RHP General Agency, Inc.",PR Newswire,https://finance.yahoo.com/news/arthur-j-gallagher-co-acquires-130000026.html,1684155600,STORY
569fe9ee-1e5a-3401-8cee-249a57d4b93d,AJG,2023-5-23,Arthur J. Gallagher's (NYSE:AJG) Upcoming Dividend Will Be Larger Than Last Year's,Simply Wall St.,https://finance.yahoo.com/news/arthur-j-gallaghers-nyse-ajg-120636888.html,1684584396,STORY
9dbbe6ad-cde2-3536-8b4d-72a5424f7a4b,AJG,2023-5-23,Arthur J. Gallagher (NYSE:AJG) shareholders have earned a 28% CAGR over the last five years,Simply Wall St.,https://finance.yahoo.com/news/arthur-j-gallagher-nyse-ajg-110110699.html,1684494070,STORY
7c3c9808-3829-3578-a8cc-40fd8c6c71b3,AJG,2023-5-23,Radiology Group Sues Broker Over Lapsed Cyber Insurance Policy,The Wall Street Journal,https://finance.yahoo.com/m/7c3c9808-3829-3578-a8cc-40fd8c6c71b3/radiology-group-sues-broker.html,1684439520,STORY
18825333-bdfe-3741-8310-b4a4ad6d3609,AJG,2023-5-23,"Arthur J. Gallagher (AJG) on a Buyout Spree, Boosts Portfolio",Zacks,https://finance.yahoo.com/news/arthur-j-gallagher-ajg-buyout-161604632.html,1684340164,STORY
d9238519-164b-3d78-93b3-a1dc04260a33,AJG,2023-5-23,Arthur J. Gallagher & Co. Acquires Allied Risk Management,PR Newswire,https://finance.yahoo.com/news/arthur-j-gallagher-co-acquires-090000752.html,1684314000,STORY
2c185ba0-305f-3fad-8ec3-3f7d8361a7b5,AJG,2023-5-23,"Highlights – ChatGPT and AI: Security, Risk and Investing Fireside Chat",IPO-Edge.com,https://finance.yahoo.com/news/highlights-chatgpt-ai-security-risk-172931826.html,1684171771,STORY
604de4aa-cb9a-39b7-b7dc-518d5936b1c9,AJG,2023-5-23,Arthur J. Gallagher & Co. Acquires Mavco Insurance Group,PR Newswire,https://finance.yahoo.com/news/arthur-j-gallagher-co-acquires-160000700.html,1684166400,STORY
e8d6745d-655e-3f37-89a6-16d608f229ee,AJG,2023-5-23,"Arthur J. Gallagher & Co. Acquires RHP General Agency, Inc.",PR Newswire,https://finance.yahoo.com/news/arthur-j-gallagher-co-acquires-130000026.html,1684155600,STORY
ec57ff67-aa78-3e91-b78d-aea8424017e3,AJG,2023-5-24,Brown & Brown (BRO) to Expand UK Presence With Buyout,Zacks,https://finance.yahoo.com/news/brown-brown-bro-expand-uk-142300021.html,1684851780,STORY
b7e239df-a916-3085-955c-4feb5b475c9f,AJG,2023-5-24,"Arthur J. Gallagher & Co. Acquires Insurance by Ken Brown, Inc.",PR Newswire,https://finance.yahoo.com/news/arthur-j-gallagher-co-acquires-130000046.html,1684846800,STORY
569fe9ee-1e5a-3401-8cee-249a57d4b93d,AJG,2023-5-24,Arthur J. Gallagher's (NYSE:AJG) Upcoming Dividend Will Be Larger Than Last Year's,Simply Wall St.,https://finance.yahoo.com/news/arthur-j-gallaghers-nyse-ajg-120636888.html,1684584396,STORY
9dbbe6ad-cde2-3536-8b4d-72a5424f7a4b,AJG,2023-5-24,Arthur J. Gallagher (NYSE:AJG) shareholders have earned a 28% CAGR over the last five years,Simply Wall St.,https://finance.yahoo.com/news/arthur-j-gallagher-nyse-ajg-110110699.html,1684494070,STORY
7c3c9808-3829-3578-a8cc-40fd8c6c71b3,AJG,2023-5-24,Radiology Group Sues Broker Over Lapsed Cyber Insurance Policy,The Wall Street Journal,https://finance.yahoo.com/m/7c3c9808-3829-3578-a8cc-40fd8c6c71b3/radiology-group-sues-broker.html,1684439520,STORY
18825333-bdfe-3741-8310-b4a4ad6d3609,AJG,2023-5-24,"Arthur J. Gallagher (AJG) on a Buyout Spree, Boosts Portfolio",Zacks,https://finance.yahoo.com/news/arthur-j-gallagher-ajg-buyout-161604632.html,1684340164,STORY
d9238519-164b-3d78-93b3-a1dc04260a33,AJG,2023-5-24,Arthur J. Gallagher & Co. Acquires Allied Risk Management,PR Newswire,https://finance.yahoo.com/news/arthur-j-gallagher-co-acquires-090000752.html,1684314000,STORY
2c185ba0-305f-3fad-8ec3-3f7d8361a7b5,AJG,2023-5-24,"Highlights – ChatGPT and AI: Security, Risk and Investing Fireside Chat",IPO-Edge.com,https://finance.yahoo.com/news/highlights-chatgpt-ai-security-risk-172931826.html,1684171771,STORY
1f96192e-c630-3474-be9b-23204183f9ab,AJG,2023-5-25,Arthur J. Gallagher (AJG) Boosts Capabilities With IBKB Buyout,Zacks,https://finance.yahoo.com/news/arthur-j-gallagher-ajg-boosts-160900430.html,1684944540,STORY
ec57ff67-aa78-3e91-b78d-aea8424017e3,AJG,2023-5-25,Brown & Brown (BRO) to Expand UK Presence With Buyout,Zacks,https://finance.yahoo.com/news/brown-brown-bro-expand-uk-142300021.html,1684851780,STORY
b7e239df-a916-3085-955c-4feb5b475c9f,AJG,2023-5-25,"Arthur J. Gallagher & Co. Acquires Insurance by Ken Brown, Inc.",PR Newswire,https://finance.yahoo.com/news/arthur-j-gallagher-co-acquires-130000046.html,1684846800,STORY
569fe9ee-1e5a-3401-8cee-249a57d4b93d,AJG,2023-5-25,Arthur J. Gallagher's (NYSE:AJG) Upcoming Dividend Will Be Larger Than Last Year's,Simply Wall St.,https://finance.yahoo.com/news/arthur-j-gallaghers-nyse-ajg-120636888.html,1684584396,STORY
9dbbe6ad-cde2-3536-8b4d-72a5424f7a4b,AJG,2023-5-25,Arthur J. Gallagher (NYSE:AJG) shareholders have earned a 28% CAGR over the last five years,Simply Wall St.,https://finance.yahoo.com/news/arthur-j-gallagher-nyse-ajg-110110699.html,1684494070,STORY
7c3c9808-3829-3578-a8cc-40fd8c6c71b3,AJG,2023-5-25,Radiology Group Sues Broker Over Lapsed Cyber Insurance Policy,The Wall Street Journal,https://finance.yahoo.com/m/7c3c9808-3829-3578-a8cc-40fd8c6c71b3/radiology-group-sues-broker.html,1684439520,STORY
18825333-bdfe-3741-8310-b4a4ad6d3609,AJG,2023-5-25,"Arthur J. Gallagher (AJG) on a Buyout Spree, Boosts Portfolio",Zacks,https://finance.yahoo.com/news/arthur-j-gallagher-ajg-buyout-161604632.html,1684340164,STORY
d9238519-164b-3d78-93b3-a1dc04260a33,AJG,2023-5-25,Arthur J. Gallagher & Co. Acquires Allied Risk Management,PR Newswire,https://finance.yahoo.com/news/arthur-j-gallagher-co-acquires-090000752.html,1684314000,STORY
1f96192e-c630-3474-be9b-23204183f9ab,AJG,2023-5-26,Arthur J. Gallagher (AJG) Boosts Capabilities With IBKB Buyout,Zacks,https://finance.yahoo.com/news/arthur-j-gallagher-ajg-boosts-160900430.html,1684944540,STORY
ec57ff67-aa78-3e91-b78d-aea8424017e3,AJG,2023-5-26,Brown & Brown (BRO) to Expand UK Presence With Buyout,Zacks,https://finance.yahoo.com/news/brown-brown-bro-expand-uk-142300021.html,1684851780,STORY
b7e239df-a916-3085-955c-4feb5b475c9f,AJG,2023-5-26,"Arthur J. Gallagher & Co. Acquires Insurance by Ken Brown, Inc.",PR Newswire,https://finance.yahoo.com/news/arthur-j-gallagher-co-acquires-130000046.html,1684846800,STORY
569fe9ee-1e5a-3401-8cee-249a57d4b93d,AJG,2023-5-26,Arthur J. Gallagher's (NYSE:AJG) Upcoming Dividend Will Be Larger Than Last Year's,Simply Wall St.,https://finance.yahoo.com/news/arthur-j-gallaghers-nyse-ajg-120636888.html,1684584396,STORY
9dbbe6ad-cde2-3536-8b4d-72a5424f7a4b,AJG,2023-5-26,Arthur J. Gallagher (NYSE:AJG) shareholders have earned a 28% CAGR over the last five years,Simply Wall St.,https://finance.yahoo.com/news/arthur-j-gallagher-nyse-ajg-110110699.html,1684494070,STORY
7c3c9808-3829-3578-a8cc-40fd8c6c71b3,AJG,2023-5-26,Radiology Group Sues Broker Over Lapsed Cyber Insurance Policy,The Wall Street Journal,https://finance.yahoo.com/m/7c3c9808-3829-3578-a8cc-40fd8c6c71b3/radiology-group-sues-broker.html,1684439520,STORY
18825333-bdfe-3741-8310-b4a4ad6d3609,AJG,2023-5-26,"Arthur J. Gallagher (AJG) on a Buyout Spree, Boosts Portfolio",Zacks,https://finance.yahoo.com/news/arthur-j-gallagher-ajg-buyout-161604632.html,1684340164,STORY
d9238519-164b-3d78-93b3-a1dc04260a33,AJG,2023-5-26,Arthur J. Gallagher & Co. Acquires Allied Risk Management,PR Newswire,https://finance.yahoo.com/news/arthur-j-gallagher-co-acquires-090000752.html,1684314000,STORY
1f96192e-c630-3474-be9b-23204183f9ab,AJG,2023-5-27,Arthur J. Gallagher (AJG) Boosts Capabilities With IBKB Buyout,Zacks,https://finance.yahoo.com/news/arthur-j-gallagher-ajg-boosts-160900430.html,1684944540,STORY
ec57ff67-aa78-3e91-b78d-aea8424017e3,AJG,2023-5-27,Brown & Brown (BRO) to Expand UK Presence With Buyout,Zacks,https://finance.yahoo.com/news/brown-brown-bro-expand-uk-142300021.html,1684851780,STORY
b7e239df-a916-3085-955c-4feb5b475c9f,AJG,2023-5-27,"Arthur J. Gallagher & Co. Acquires Insurance by Ken Brown, Inc.",PR Newswire,https://finance.yahoo.com/news/arthur-j-gallagher-co-acquires-130000046.html,1684846800,STORY
569fe9ee-1e5a-3401-8cee-249a57d4b93d,AJG,2023-5-27,Arthur J. Gallagher's (NYSE:AJG) Upcoming Dividend Will Be Larger Than Last Year's,Simply Wall St.,https://finance.yahoo.com/news/arthur-j-gallaghers-nyse-ajg-120636888.html,1684584396,STORY
9dbbe6ad-cde2-3536-8b4d-72a5424f7a4b,AJG,2023-5-27,Arthur J. Gallagher (NYSE:AJG) shareholders have earned a 28% CAGR over the last five years,Simply Wall St.,https://finance.yahoo.com/news/arthur-j-gallagher-nyse-ajg-110110699.html,1684494070,STORY
7c3c9808-3829-3578-a8cc-40fd8c6c71b3,AJG,2023-5-27,Radiology Group Sues Broker Over Lapsed Cyber Insurance Policy,The Wall Street Journal,https://finance.yahoo.com/m/7c3c9808-3829-3578-a8cc-40fd8c6c71b3/radiology-group-sues-broker.html,1684439520,STORY
18825333-bdfe-3741-8310-b4a4ad6d3609,AJG,2023-5-27,"Arthur J. Gallagher (AJG) on a Buyout Spree, Boosts Portfolio",Zacks,https://finance.yahoo.com/news/arthur-j-gallagher-ajg-buyout-161604632.html,1684340164,STORY
d9238519-164b-3d78-93b3-a1dc04260a33,AJG,2023-5-27,Arthur J. Gallagher & Co. Acquires Allied Risk Management,PR Newswire,https://finance.yahoo.com/news/arthur-j-gallagher-co-acquires-090000752.html,1684314000,STORY
dc8a9458-a005-3c11-b903-dcb57811c2a8,AJG,2023-5-28,Here's What We Like About Arthur J. Gallagher's (NYSE:AJG) Upcoming Dividend,Simply Wall St.,https://finance.yahoo.com/news/heres-arthur-j-gallaghers-nyse-123601214.html,1685190961,STORY
1f96192e-c630-3474-be9b-23204183f9ab,AJG,2023-5-28,Arthur J. Gallagher (AJG) Boosts Capabilities With IBKB Buyout,Zacks,https://finance.yahoo.com/news/arthur-j-gallagher-ajg-boosts-160900430.html,1684944540,STORY
ec57ff67-aa78-3e91-b78d-aea8424017e3,AJG,2023-5-28,Brown & Brown (BRO) to Expand UK Presence With Buyout,Zacks,https://finance.yahoo.com/news/brown-brown-bro-expand-uk-142300021.html,1684851780,STORY
b7e239df-a916-3085-955c-4feb5b475c9f,AJG,2023-5-28,"Arthur J. Gallagher & Co. Acquires Insurance by Ken Brown, Inc.",PR Newswire,https://finance.yahoo.com/news/arthur-j-gallagher-co-acquires-130000046.html,1684846800,STORY
569fe9ee-1e5a-3401-8cee-249a57d4b93d,AJG,2023-5-28,Arthur J. Gallagher's (NYSE:AJG) Upcoming Dividend Will Be Larger Than Last Year's,Simply Wall St.,https://finance.yahoo.com/news/arthur-j-gallaghers-nyse-ajg-120636888.html,1684584396,STORY
9dbbe6ad-cde2-3536-8b4d-72a5424f7a4b,AJG,2023-5-28,Arthur J. Gallagher (NYSE:AJG) shareholders have earned a 28% CAGR over the last five years,Simply Wall St.,https://finance.yahoo.com/news/arthur-j-gallagher-nyse-ajg-110110699.html,1684494070,STORY
7c3c9808-3829-3578-a8cc-40fd8c6c71b3,AJG,2023-5-28,Radiology Group Sues Broker Over Lapsed Cyber Insurance Policy,The Wall Street Journal,https://finance.yahoo.com/m/7c3c9808-3829-3578-a8cc-40fd8c6c71b3/radiology-group-sues-broker.html,1684439520,STORY
18825333-bdfe-3741-8310-b4a4ad6d3609,AJG,2023-5-28,"Arthur J. Gallagher (AJG) on a Buyout Spree, Boosts Portfolio",Zacks,https://finance.yahoo.com/news/arthur-j-gallagher-ajg-buyout-161604632.html,1684340164,STORY
dc8a9458-a005-3c11-b903-dcb57811c2a8,AJG,2023-5-29,Here's What We Like About Arthur J. Gallagher's (NYSE:AJG) Upcoming Dividend,Simply Wall St.,https://finance.yahoo.com/news/heres-arthur-j-gallaghers-nyse-123601214.html,1685190961,STORY
1f96192e-c630-3474-be9b-23204183f9ab,AJG,2023-5-29,Arthur J. Gallagher (AJG) Boosts Capabilities With IBKB Buyout,Zacks,https://finance.yahoo.com/news/arthur-j-gallagher-ajg-boosts-160900430.html,1684944540,STORY
ec57ff67-aa78-3e91-b78d-aea8424017e3,AJG,2023-5-29,Brown & Brown (BRO) to Expand UK Presence With Buyout,Zacks,https://finance.yahoo.com/news/brown-brown-bro-expand-uk-142300021.html,1684851780,STORY
b7e239df-a916-3085-955c-4feb5b475c9f,AJG,2023-5-29,"Arthur J. Gallagher & Co. Acquires Insurance by Ken Brown, Inc.",PR Newswire,https://finance.yahoo.com/news/arthur-j-gallagher-co-acquires-130000046.html,1684846800,STORY
569fe9ee-1e5a-3401-8cee-249a57d4b93d,AJG,2023-5-29,Arthur J. Gallagher's (NYSE:AJG) Upcoming Dividend Will Be Larger Than Last Year's,Simply Wall St.,https://finance.yahoo.com/news/arthur-j-gallaghers-nyse-ajg-120636888.html,1684584396,STORY
9dbbe6ad-cde2-3536-8b4d-72a5424f7a4b,AJG,2023-5-29,Arthur J. Gallagher (NYSE:AJG) shareholders have earned a 28% CAGR over the last five years,Simply Wall St.,https://finance.yahoo.com/news/arthur-j-gallagher-nyse-ajg-110110699.html,1684494070,STORY
7c3c9808-3829-3578-a8cc-40fd8c6c71b3,AJG,2023-5-29,Radiology Group Sues Broker Over Lapsed Cyber Insurance Policy,The Wall Street Journal,https://finance.yahoo.com/m/7c3c9808-3829-3578-a8cc-40fd8c6c71b3/radiology-group-sues-broker.html,1684439520,STORY
18825333-bdfe-3741-8310-b4a4ad6d3609,AJG,2023-5-29,"Arthur J. Gallagher (AJG) on a Buyout Spree, Boosts Portfolio",Zacks,https://finance.yahoo.com/news/arthur-j-gallagher-ajg-buyout-161604632.html,1684340164,STORY
dc8a9458-a005-3c11-b903-dcb57811c2a8,AJG,2023-5-30,Here's What We Like About Arthur J. Gallagher's (NYSE:AJG) Upcoming Dividend,Simply Wall St.,https://finance.yahoo.com/news/heres-arthur-j-gallaghers-nyse-123601214.html,1685190961,STORY
1f96192e-c630-3474-be9b-23204183f9ab,AJG,2023-5-30,Arthur J. Gallagher (AJG) Boosts Capabilities With IBKB Buyout,Zacks,https://finance.yahoo.com/news/arthur-j-gallagher-ajg-boosts-160900430.html,1684944540,STORY
ec57ff67-aa78-3e91-b78d-aea8424017e3,AJG,2023-5-30,Brown & Brown (BRO) to Expand UK Presence With Buyout,Zacks,https://finance.yahoo.com/news/brown-brown-bro-expand-uk-142300021.html,1684851780,STORY
b7e239df-a916-3085-955c-4feb5b475c9f,AJG,2023-5-30,"Arthur J. Gallagher & Co. Acquires Insurance by Ken Brown, Inc.",PR Newswire,https://finance.yahoo.com/news/arthur-j-gallagher-co-acquires-130000046.html,1684846800,STORY
569fe9ee-1e5a-3401-8cee-249a57d4b93d,AJG,2023-5-30,Arthur J. Gallagher's (NYSE:AJG) Upcoming Dividend Will Be Larger Than Last Year's,Simply Wall St.,https://finance.yahoo.com/news/arthur-j-gallaghers-nyse-ajg-120636888.html,1684584396,STORY
9dbbe6ad-cde2-3536-8b4d-72a5424f7a4b,AJG,2023-5-30,Arthur J. Gallagher (NYSE:AJG) shareholders have earned a 28% CAGR over the last five years,Simply Wall St.,https://finance.yahoo.com/news/arthur-j-gallagher-nyse-ajg-110110699.html,1684494070,STORY
7c3c9808-3829-3578-a8cc-40fd8c6c71b3,AJG,2023-5-30,Radiology Group Sues Broker Over Lapsed Cyber Insurance Policy,The Wall Street Journal,https://finance.yahoo.com/m/7c3c9808-3829-3578-a8cc-40fd8c6c71b3/radiology-group-sues-broker.html,1684439520,STORY
18825333-bdfe-3741-8310-b4a4ad6d3609,AJG,2023-5-30,"Arthur J. Gallagher (AJG) on a Buyout Spree, Boosts Portfolio",Zacks,https://finance.yahoo.com/news/arthur-j-gallagher-ajg-buyout-161604632.html,1684340164,STORY
7fd6b80e-e2b3-3575-a406-851d705216b3,AJG,2023-5-31,Arthur J. Gallagher & Co. Acquires Bernard Benefits and Bernard Healthcare Financial Planning,PR Newswire,https://finance.yahoo.com/news/arthur-j-gallagher-co-acquires-130000291.html,1685451600,STORY
dc8a9458-a005-3c11-b903-dcb57811c2a8,AJG,2023-5-31,Here's What We Like About Arthur J. Gallagher's (NYSE:AJG) Upcoming Dividend,Simply Wall St.,https://finance.yahoo.com/news/heres-arthur-j-gallaghers-nyse-123601214.html,1685190961,STORY
1f96192e-c630-3474-be9b-23204183f9ab,AJG,2023-5-31,Arthur J. Gallagher (AJG) Boosts Capabilities With IBKB Buyout,Zacks,https://finance.yahoo.com/news/arthur-j-gallagher-ajg-boosts-160900430.html,1684944540,STORY
ec57ff67-aa78-3e91-b78d-aea8424017e3,AJG,2023-5-31,Brown & Brown (BRO) to Expand UK Presence With Buyout,Zacks,https://finance.yahoo.com/news/brown-brown-bro-expand-uk-142300021.html,1684851780,STORY
b7e239df-a916-3085-955c-4feb5b475c9f,AJG,2023-5-31,"Arthur J. Gallagher & Co. Acquires Insurance by Ken Brown, Inc.",PR Newswire,https://finance.yahoo.com/news/arthur-j-gallagher-co-acquires-130000046.html,1684846800,STORY
569fe9ee-1e5a-3401-8cee-249a57d4b93d,AJG,2023-5-31,Arthur J. Gallagher's (NYSE:AJG) Upcoming Dividend Will Be Larger Than Last Year's,Simply Wall St.,https://finance.yahoo.com/news/arthur-j-gallaghers-nyse-ajg-120636888.html,1684584396,STORY
9dbbe6ad-cde2-3536-8b4d-72a5424f7a4b,AJG,2023-5-31,Arthur J. Gallagher (NYSE:AJG) shareholders have earned a 28% CAGR over the last five years,Simply Wall St.,https://finance.yahoo.com/news/arthur-j-gallagher-nyse-ajg-110110699.html,1684494070,STORY
7c3c9808-3829-3578-a8cc-40fd8c6c71b3,AJG,2023-5-31,Radiology Group Sues Broker Over Lapsed Cyber Insurance Policy,The Wall Street Journal,https://finance.yahoo.com/m/7c3c9808-3829-3578-a8cc-40fd8c6c71b3/radiology-group-sues-broker.html,1684439520,STORY
12afe64f-bb82-37b4-9710-9e732e5e2f29,AJG,2023-6-1,Arthur J. Gallagher (AJG) Expands Brokerage Business With Buyout,Zacks,https://finance.yahoo.com/news/arthur-j-gallagher-ajg-expands-151200472.html,1685545920,STORY
7fd6b80e-e2b3-3575-a406-851d705216b3,AJG,2023-6-1,Arthur J. Gallagher & Co. Acquires Bernard Benefits and Bernard Healthcare Financial Planning,PR Newswire,https://finance.yahoo.com/news/arthur-j-gallagher-co-acquires-130000291.html,1685451600,STORY
dc8a9458-a005-3c11-b903-dcb57811c2a8,AJG,2023-6-1,Here's What We Like About Arthur J. Gallagher's (NYSE:AJG) Upcoming Dividend,Simply Wall St.,https://finance.yahoo.com/news/heres-arthur-j-gallaghers-nyse-123601214.html,1685190961,STORY
1f96192e-c630-3474-be9b-23204183f9ab,AJG,2023-6-1,Arthur J. Gallagher (AJG) Boosts Capabilities With IBKB Buyout,Zacks,https://finance.yahoo.com/news/arthur-j-gallagher-ajg-boosts-160900430.html,1684944540,STORY
ec57ff67-aa78-3e91-b78d-aea8424017e3,AJG,2023-6-1,Brown & Brown (BRO) to Expand UK Presence With Buyout,Zacks,https://finance.yahoo.com/news/brown-brown-bro-expand-uk-142300021.html,1684851780,STORY
b7e239df-a916-3085-955c-4feb5b475c9f,AJG,2023-6-1,"Arthur J. Gallagher & Co. Acquires Insurance by Ken Brown, Inc.",PR Newswire,https://finance.yahoo.com/news/arthur-j-gallagher-co-acquires-130000046.html,1684846800,STORY
569fe9ee-1e5a-3401-8cee-249a57d4b93d,AJG,2023-6-1,Arthur J. Gallagher's (NYSE:AJG) Upcoming Dividend Will Be Larger Than Last Year's,Simply Wall St.,https://finance.yahoo.com/news/arthur-j-gallaghers-nyse-ajg-120636888.html,1684584396,STORY
9dbbe6ad-cde2-3536-8b4d-72a5424f7a4b,AJG,2023-6-1,Arthur J. Gallagher (NYSE:AJG) shareholders have earned a 28% CAGR over the last five years,Simply Wall St.,https://finance.yahoo.com/news/arthur-j-gallagher-nyse-ajg-110110699.html,1684494070,STORY
2425bf32-a43e-3a02-aa16-5f6da5b1181e,AJG,2023-6-2,Arthur J. Gallagher & Co. to Host Regularly Scheduled Quarterly Investor Meeting with Management,PR Newswire,https://finance.yahoo.com/news/arthur-j-gallagher-co-host-201500254.html,1685650500,STORY
12afe64f-bb82-37b4-9710-9e732e5e2f29,AJG,2023-6-2,Arthur J. Gallagher (AJG) Expands Brokerage Business With Buyout,Zacks,https://finance.yahoo.com/news/arthur-j-gallagher-ajg-expands-151200472.html,1685545920,STORY
7fd6b80e-e2b3-3575-a406-851d705216b3,AJG,2023-6-2,Arthur J. Gallagher & Co. Acquires Bernard Benefits and Bernard Healthcare Financial Planning,PR Newswire,https://finance.yahoo.com/news/arthur-j-gallagher-co-acquires-130000291.html,1685451600,STORY
dc8a9458-a005-3c11-b903-dcb57811c2a8,AJG,2023-6-2,Here's What We Like About Arthur J. Gallagher's (NYSE:AJG) Upcoming Dividend,Simply Wall St.,https://finance.yahoo.com/news/heres-arthur-j-gallaghers-nyse-123601214.html,1685190961,STORY
1f96192e-c630-3474-be9b-23204183f9ab,AJG,2023-6-2,Arthur J. Gallagher (AJG) Boosts Capabilities With IBKB Buyout,Zacks,https://finance.yahoo.com/news/arthur-j-gallagher-ajg-boosts-160900430.html,1684944540,STORY
ec57ff67-aa78-3e91-b78d-aea8424017e3,AJG,2023-6-2,Brown & Brown (BRO) to Expand UK Presence With Buyout,Zacks,https://finance.yahoo.com/news/brown-brown-bro-expand-uk-142300021.html,1684851780,STORY
b7e239df-a916-3085-955c-4feb5b475c9f,AJG,2023-6-2,"Arthur J. Gallagher & Co. Acquires Insurance by Ken Brown, Inc.",PR Newswire,https://finance.yahoo.com/news/arthur-j-gallagher-co-acquires-130000046.html,1684846800,STORY
569fe9ee-1e5a-3401-8cee-249a57d4b93d,AJG,2023-6-2,Arthur J. Gallagher's (NYSE:AJG) Upcoming Dividend Will Be Larger Than Last Year's,Simply Wall St.,https://finance.yahoo.com/news/arthur-j-gallaghers-nyse-ajg-120636888.html,1684584396,STORY
2425bf32-a43e-3a02-aa16-5f6da5b1181e,AJG,2023-6-3,Arthur J. Gallagher & Co. to Host Regularly Scheduled Quarterly Investor Meeting with Management,PR Newswire,https://finance.yahoo.com/news/arthur-j-gallagher-co-host-201500254.html,1685650500,STORY
12afe64f-bb82-37b4-9710-9e732e5e2f29,AJG,2023-6-3,Arthur J. Gallagher (AJG) Expands Brokerage Business With Buyout,Zacks,https://finance.yahoo.com/news/arthur-j-gallagher-ajg-expands-151200472.html,1685545920,STORY
7fd6b80e-e2b3-3575-a406-851d705216b3,AJG,2023-6-3,Arthur J. Gallagher & Co. Acquires Bernard Benefits and Bernard Healthcare Financial Planning,PR Newswire,https://finance.yahoo.com/news/arthur-j-gallagher-co-acquires-130000291.html,1685451600,STORY
dc8a9458-a005-3c11-b903-dcb57811c2a8,AJG,2023-6-3,Here's What We Like About Arthur J. Gallagher's (NYSE:AJG) Upcoming Dividend,Simply Wall St.,https://finance.yahoo.com/news/heres-arthur-j-gallaghers-nyse-123601214.html,1685190961,STORY
1f96192e-c630-3474-be9b-23204183f9ab,AJG,2023-6-3,Arthur J. Gallagher (AJG) Boosts Capabilities With IBKB Buyout,Zacks,https://finance.yahoo.com/news/arthur-j-gallagher-ajg-boosts-160900430.html,1684944540,STORY
ec57ff67-aa78-3e91-b78d-aea8424017e3,AJG,2023-6-3,Brown & Brown (BRO) to Expand UK Presence With Buyout,Zacks,https://finance.yahoo.com/news/brown-brown-bro-expand-uk-142300021.html,1684851780,STORY
b7e239df-a916-3085-955c-4feb5b475c9f,AJG,2023-6-3,"Arthur J. Gallagher & Co. Acquires Insurance by Ken Brown, Inc.",PR Newswire,https://finance.yahoo.com/news/arthur-j-gallagher-co-acquires-130000046.html,1684846800,STORY
569fe9ee-1e5a-3401-8cee-249a57d4b93d,AJG,2023-6-3,Arthur J. Gallagher's (NYSE:AJG) Upcoming Dividend Will Be Larger Than Last Year's,Simply Wall St.,https://finance.yahoo.com/news/arthur-j-gallaghers-nyse-ajg-120636888.html,1684584396,STORY
2425bf32-a43e-3a02-aa16-5f6da5b1181e,AJG,2023-6-4,Arthur J. Gallagher & Co. to Host Regularly Scheduled Quarterly Investor Meeting with Management,PR Newswire,https://finance.yahoo.com/news/arthur-j-gallagher-co-host-201500254.html,1685650500,STORY
12afe64f-bb82-37b4-9710-9e732e5e2f29,AJG,2023-6-4,Arthur J. Gallagher (AJG) Expands Brokerage Business With Buyout,Zacks,https://finance.yahoo.com/news/arthur-j-gallagher-ajg-expands-151200472.html,1685545920,STORY
7fd6b80e-e2b3-3575-a406-851d705216b3,AJG,2023-6-4,Arthur J. Gallagher & Co. Acquires Bernard Benefits and Bernard Healthcare Financial Planning,PR Newswire,https://finance.yahoo.com/news/arthur-j-gallagher-co-acquires-130000291.html,1685451600,STORY
dc8a9458-a005-3c11-b903-dcb57811c2a8,AJG,2023-6-4,Here's What We Like About Arthur J. Gallagher's (NYSE:AJG) Upcoming Dividend,Simply Wall St.,https://finance.yahoo.com/news/heres-arthur-j-gallaghers-nyse-123601214.html,1685190961,STORY
1f96192e-c630-3474-be9b-23204183f9ab,AJG,2023-6-4,Arthur J. Gallagher (AJG) Boosts Capabilities With IBKB Buyout,Zacks,https://finance.yahoo.com/news/arthur-j-gallagher-ajg-boosts-160900430.html,1684944540,STORY
ec57ff67-aa78-3e91-b78d-aea8424017e3,AJG,2023-6-4,Brown & Brown (BRO) to Expand UK Presence With Buyout,Zacks,https://finance.yahoo.com/news/brown-brown-bro-expand-uk-142300021.html,1684851780,STORY
b7e239df-a916-3085-955c-4feb5b475c9f,AJG,2023-6-4,"Arthur J. Gallagher & Co. Acquires Insurance by Ken Brown, Inc.",PR Newswire,https://finance.yahoo.com/news/arthur-j-gallagher-co-acquires-130000046.html,1684846800,STORY
569fe9ee-1e5a-3401-8cee-249a57d4b93d,AJG,2023-6-4,Arthur J. Gallagher's (NYSE:AJG) Upcoming Dividend Will Be Larger Than Last Year's,Simply Wall St.,https://finance.yahoo.com/news/arthur-j-gallaghers-nyse-ajg-120636888.html,1684584396,STORY
2425bf32-a43e-3a02-aa16-5f6da5b1181e,AJG,2023-6-5,Arthur J. Gallagher & Co. to Host Regularly Scheduled Quarterly Investor Meeting with Management,PR Newswire,https://finance.yahoo.com/news/arthur-j-gallagher-co-host-201500254.html,1685650500,STORY
12afe64f-bb82-37b4-9710-9e732e5e2f29,AJG,2023-6-5,Arthur J. Gallagher (AJG) Expands Brokerage Business With Buyout,Zacks,https://finance.yahoo.com/news/arthur-j-gallagher-ajg-expands-151200472.html,1685545920,STORY
7fd6b80e-e2b3-3575-a406-851d705216b3,AJG,2023-6-5,Arthur J. Gallagher & Co. Acquires Bernard Benefits and Bernard Healthcare Financial Planning,PR Newswire,https://finance.yahoo.com/news/arthur-j-gallagher-co-acquires-130000291.html,1685451600,STORY
dc8a9458-a005-3c11-b903-dcb57811c2a8,AJG,2023-6-5,Here's What We Like About Arthur J. Gallagher's (NYSE:AJG) Upcoming Dividend,Simply Wall St.,https://finance.yahoo.com/news/heres-arthur-j-gallaghers-nyse-123601214.html,1685190961,STORY
1f96192e-c630-3474-be9b-23204183f9ab,AJG,2023-6-5,Arthur J. Gallagher (AJG) Boosts Capabilities With IBKB Buyout,Zacks,https://finance.yahoo.com/news/arthur-j-gallagher-ajg-boosts-160900430.html,1684944540,STORY
ec57ff67-aa78-3e91-b78d-aea8424017e3,AJG,2023-6-5,Brown & Brown (BRO) to Expand UK Presence With Buyout,Zacks,https://finance.yahoo.com/news/brown-brown-bro-expand-uk-142300021.html,1684851780,STORY
b7e239df-a916-3085-955c-4feb5b475c9f,AJG,2023-6-5,"Arthur J. Gallagher & Co. Acquires Insurance by Ken Brown, Inc.",PR Newswire,https://finance.yahoo.com/news/arthur-j-gallagher-co-acquires-130000046.html,1684846800,STORY
569fe9ee-1e5a-3401-8cee-249a57d4b93d,AJG,2023-6-5,Arthur J. Gallagher's (NYSE:AJG) Upcoming Dividend Will Be Larger Than Last Year's,Simply Wall St.,https://finance.yahoo.com/news/arthur-j-gallaghers-nyse-ajg-120636888.html,1684584396,STORY
41e249ed-733d-384f-915e-ada62196ec21,AJG,2023-6-6,"Insiders At Arthur J. Gallagher Sold US$11m In Stock, Alluding To Potential Weakness \",Simply Wall St.,https://finance.yahoo.com/news/insiders-arthur-j-gallagher-sold-130022606.html,1685970022,STORY
2425bf32-a43e-3a02-aa16-5f6da5b1181e,AJG,2023-6-6,Arthur J. Gallagher & Co. to Host Regularly Scheduled Quarterly Investor Meeting with Management,PR Newswire,https://finance.yahoo.com/news/arthur-j-gallagher-co-host-201500254.html,1685650500,STORY
12afe64f-bb82-37b4-9710-9e732e5e2f29,AJG,2023-6-6,Arthur J. Gallagher (AJG) Expands Brokerage Business With Buyout,Zacks,https://finance.yahoo.com/news/arthur-j-gallagher-ajg-expands-151200472.html,1685545920,STORY
7fd6b80e-e2b3-3575-a406-851d705216b3,AJG,2023-6-6,Arthur J. Gallagher & Co. Acquires Bernard Benefits and Bernard Healthcare Financial Planning,PR Newswire,https://finance.yahoo.com/news/arthur-j-gallagher-co-acquires-130000291.html,1685451600,STORY
dc8a9458-a005-3c11-b903-dcb57811c2a8,AJG,2023-6-6,Here's What We Like About Arthur J. Gallagher's (NYSE:AJG) Upcoming Dividend,Simply Wall St.,https://finance.yahoo.com/news/heres-arthur-j-gallaghers-nyse-123601214.html,1685190961,STORY
1f96192e-c630-3474-be9b-23204183f9ab,AJG,2023-6-6,Arthur J. Gallagher (AJG) Boosts Capabilities With IBKB Buyout,Zacks,https://finance.yahoo.com/news/arthur-j-gallagher-ajg-boosts-160900430.html,1684944540,STORY
ec57ff67-aa78-3e91-b78d-aea8424017e3,AJG,2023-6-6,Brown & Brown (BRO) to Expand UK Presence With Buyout,Zacks,https://finance.yahoo.com/news/brown-brown-bro-expand-uk-142300021.html,1684851780,STORY
b7e239df-a916-3085-955c-4feb5b475c9f,AJG,2023-6-6,"Arthur J. Gallagher & Co. Acquires Insurance by Ken Brown, Inc.",PR Newswire,https://finance.yahoo.com/news/arthur-j-gallagher-co-acquires-130000046.html,1684846800,STORY
41e249ed-733d-384f-915e-ada62196ec21,AJG,2023-6-7,"Insiders At Arthur J. Gallagher Sold US$11m In Stock, Alluding To Potential Weakness \",Simply Wall St.,https://finance.yahoo.com/news/insiders-arthur-j-gallagher-sold-130022606.html,1685970022,STORY
2425bf32-a43e-3a02-aa16-5f6da5b1181e,AJG,2023-6-7,Arthur J. Gallagher & Co. to Host Regularly Scheduled Quarterly Investor Meeting with Management,PR Newswire,https://finance.yahoo.com/news/arthur-j-gallagher-co-host-201500254.html,1685650500,STORY
12afe64f-bb82-37b4-9710-9e732e5e2f29,AJG,2023-6-7,Arthur J. Gallagher (AJG) Expands Brokerage Business With Buyout,Zacks,https://finance.yahoo.com/news/arthur-j-gallagher-ajg-expands-151200472.html,1685545920,STORY
7fd6b80e-e2b3-3575-a406-851d705216b3,AJG,2023-6-7,Arthur J. Gallagher & Co. Acquires Bernard Benefits and Bernard Healthcare Financial Planning,PR Newswire,https://finance.yahoo.com/news/arthur-j-gallagher-co-acquires-130000291.html,1685451600,STORY
dc8a9458-a005-3c11-b903-dcb57811c2a8,AJG,2023-6-7,Here's What We Like About Arthur J. Gallagher's (NYSE:AJG) Upcoming Dividend,Simply Wall St.,https://finance.yahoo.com/news/heres-arthur-j-gallaghers-nyse-123601214.html,1685190961,STORY
1f96192e-c630-3474-be9b-23204183f9ab,AJG,2023-6-7,Arthur J. Gallagher (AJG) Boosts Capabilities With IBKB Buyout,Zacks,https://finance.yahoo.com/news/arthur-j-gallagher-ajg-boosts-160900430.html,1684944540,STORY
ec57ff67-aa78-3e91-b78d-aea8424017e3,AJG,2023-6-7,Brown & Brown (BRO) to Expand UK Presence With Buyout,Zacks,https://finance.yahoo.com/news/brown-brown-bro-expand-uk-142300021.html,1684851780,STORY
b7e239df-a916-3085-955c-4feb5b475c9f,AJG,2023-6-7,"Arthur J. Gallagher & Co. Acquires Insurance by Ken Brown, Inc.",PR Newswire,https://finance.yahoo.com/news/arthur-j-gallagher-co-acquires-130000046.html,1684846800,STORY
41e249ed-733d-384f-915e-ada62196ec21,AJG,2023-6-8,"Insiders At Arthur J. Gallagher Sold US$11m In Stock, Alluding To Potential Weakness \",Simply Wall St.,https://finance.yahoo.com/news/insiders-arthur-j-gallagher-sold-130022606.html,1685970022,STORY
2425bf32-a43e-3a02-aa16-5f6da5b1181e,AJG,2023-6-8,Arthur J. Gallagher & Co. to Host Regularly Scheduled Quarterly Investor Meeting with Management,PR Newswire,https://finance.yahoo.com/news/arthur-j-gallagher-co-host-201500254.html,1685650500,STORY
12afe64f-bb82-37b4-9710-9e732e5e2f29,AJG,2023-6-8,Arthur J. Gallagher (AJG) Expands Brokerage Business With Buyout,Zacks,https://finance.yahoo.com/news/arthur-j-gallagher-ajg-expands-151200472.html,1685545920,STORY
7fd6b80e-e2b3-3575-a406-851d705216b3,AJG,2023-6-8,Arthur J. Gallagher & Co. Acquires Bernard Benefits and Bernard Healthcare Financial Planning,PR Newswire,https://finance.yahoo.com/news/arthur-j-gallagher-co-acquires-130000291.html,1685451600,STORY
dc8a9458-a005-3c11-b903-dcb57811c2a8,AJG,2023-6-8,Here's What We Like About Arthur J. Gallagher's (NYSE:AJG) Upcoming Dividend,Simply Wall St.,https://finance.yahoo.com/news/heres-arthur-j-gallaghers-nyse-123601214.html,1685190961,STORY
1f96192e-c630-3474-be9b-23204183f9ab,AJG,2023-6-8,Arthur J. Gallagher (AJG) Boosts Capabilities With IBKB Buyout,Zacks,https://finance.yahoo.com/news/arthur-j-gallagher-ajg-boosts-160900430.html,1684944540,STORY
ec57ff67-aa78-3e91-b78d-aea8424017e3,AJG,2023-6-8,Brown & Brown (BRO) to Expand UK Presence With Buyout,Zacks,https://finance.yahoo.com/news/brown-brown-bro-expand-uk-142300021.html,1684851780,STORY
b7e239df-a916-3085-955c-4feb5b475c9f,AJG,2023-6-8,"Arthur J. Gallagher & Co. Acquires Insurance by Ken Brown, Inc.",PR Newswire,https://finance.yahoo.com/news/arthur-j-gallagher-co-acquires-130000046.html,1684846800,STORY
41e249ed-733d-384f-915e-ada62196ec21,AJG,2023-6-9,"Insiders At Arthur J. Gallagher Sold US$11m In Stock, Alluding To Potential Weakness \",Simply Wall St.,https://finance.yahoo.com/news/insiders-arthur-j-gallagher-sold-130022606.html,1685970022,STORY
2425bf32-a43e-3a02-aa16-5f6da5b1181e,AJG,2023-6-9,Arthur J. Gallagher & Co. to Host Regularly Scheduled Quarterly Investor Meeting with Management,PR Newswire,https://finance.yahoo.com/news/arthur-j-gallagher-co-host-201500254.html,1685650500,STORY
12afe64f-bb82-37b4-9710-9e732e5e2f29,AJG,2023-6-9,Arthur J. Gallagher (AJG) Expands Brokerage Business With Buyout,Zacks,https://finance.yahoo.com/news/arthur-j-gallagher-ajg-expands-151200472.html,1685545920,STORY
7fd6b80e-e2b3-3575-a406-851d705216b3,AJG,2023-6-9,Arthur J. Gallagher & Co. Acquires Bernard Benefits and Bernard Healthcare Financial Planning,PR Newswire,https://finance.yahoo.com/news/arthur-j-gallagher-co-acquires-130000291.html,1685451600,STORY
dc8a9458-a005-3c11-b903-dcb57811c2a8,AJG,2023-6-9,Here's What We Like About Arthur J. Gallagher's (NYSE:AJG) Upcoming Dividend,Simply Wall St.,https://finance.yahoo.com/news/heres-arthur-j-gallaghers-nyse-123601214.html,1685190961,STORY
1f96192e-c630-3474-be9b-23204183f9ab,AJG,2023-6-9,Arthur J. Gallagher (AJG) Boosts Capabilities With IBKB Buyout,Zacks,https://finance.yahoo.com/news/arthur-j-gallagher-ajg-boosts-160900430.html,1684944540,STORY
ec57ff67-aa78-3e91-b78d-aea8424017e3,AJG,2023-6-9,Brown & Brown (BRO) to Expand UK Presence With Buyout,Zacks,https://finance.yahoo.com/news/brown-brown-bro-expand-uk-142300021.html,1684851780,STORY
b7e239df-a916-3085-955c-4feb5b475c9f,AJG,2023-6-9,"Arthur J. Gallagher & Co. Acquires Insurance by Ken Brown, Inc.",PR Newswire,https://finance.yahoo.com/news/arthur-j-gallagher-co-acquires-130000046.html,1684846800,STORY
f9df5201-57ab-3df6-b263-cf0b308abe45,AJG,2023-6-10,Arthur J. Gallagher (AJG) Shares Up 31% YTD: More Upside Left?,Zacks,https://finance.yahoo.com/news/arthur-j-gallagher-ajg-shares-151600315.html,1686323760,STORY
26f06a45-ef74-3dc8-a8ce-0b593821b28d,AJG,2023-6-10,Arthur J. Gallagher & Co. (NYSE:AJG) is favoured by institutional owners who hold 85% of the company,Simply Wall St.,https://finance.yahoo.com/news/arthur-j-gallagher-co-nyse-120247620.html,1686312167,STORY
41e249ed-733d-384f-915e-ada62196ec21,AJG,2023-6-10,"Insiders At Arthur J. Gallagher Sold US$11m In Stock, Alluding To Potential Weakness \",Simply Wall St.,https://finance.yahoo.com/news/insiders-arthur-j-gallagher-sold-130022606.html,1685970022,STORY
2425bf32-a43e-3a02-aa16-5f6da5b1181e,AJG,2023-6-10,Arthur J. Gallagher & Co. to Host Regularly Scheduled Quarterly Investor Meeting with Management,PR Newswire,https://finance.yahoo.com/news/arthur-j-gallagher-co-host-201500254.html,1685650500,STORY
12afe64f-bb82-37b4-9710-9e732e5e2f29,AJG,2023-6-10,Arthur J. Gallagher (AJG) Expands Brokerage Business With Buyout,Zacks,https://finance.yahoo.com/news/arthur-j-gallagher-ajg-expands-151200472.html,1685545920,STORY
7fd6b80e-e2b3-3575-a406-851d705216b3,AJG,2023-6-10,Arthur J. Gallagher & Co. Acquires Bernard Benefits and Bernard Healthcare Financial Planning,PR Newswire,https://finance.yahoo.com/news/arthur-j-gallagher-co-acquires-130000291.html,1685451600,STORY
dc8a9458-a005-3c11-b903-dcb57811c2a8,AJG,2023-6-10,Here's What We Like About Arthur J. Gallagher's (NYSE:AJG) Upcoming Dividend,Simply Wall St.,https://finance.yahoo.com/news/heres-arthur-j-gallaghers-nyse-123601214.html,1685190961,STORY
1f96192e-c630-3474-be9b-23204183f9ab,AJG,2023-6-10,Arthur J. Gallagher (AJG) Boosts Capabilities With IBKB Buyout,Zacks,https://finance.yahoo.com/news/arthur-j-gallagher-ajg-boosts-160900430.html,1684944540,STORY
f9df5201-57ab-3df6-b263-cf0b308abe45,AJG,2023-6-11,Arthur J. Gallagher (AJG) Shares Up 31% YTD: More Upside Left?,Zacks,https://finance.yahoo.com/news/arthur-j-gallagher-ajg-shares-151600315.html,1686323760,STORY
26f06a45-ef74-3dc8-a8ce-0b593821b28d,AJG,2023-6-11,Arthur J. Gallagher & Co. (NYSE:AJG) is favoured by institutional owners who hold 85% of the company,Simply Wall St.,https://finance.yahoo.com/news/arthur-j-gallagher-co-nyse-120247620.html,1686312167,STORY
41e249ed-733d-384f-915e-ada62196ec21,AJG,2023-6-11,"Insiders At Arthur J. Gallagher Sold US$11m In Stock, Alluding To Potential Weakness \",Simply Wall St.,https://finance.yahoo.com/news/insiders-arthur-j-gallagher-sold-130022606.html,1685970022,STORY
2425bf32-a43e-3a02-aa16-5f6da5b1181e,AJG,2023-6-11,Arthur J. Gallagher & Co. to Host Regularly Scheduled Quarterly Investor Meeting with Management,PR Newswire,https://finance.yahoo.com/news/arthur-j-gallagher-co-host-201500254.html,1685650500,STORY
12afe64f-bb82-37b4-9710-9e732e5e2f29,AJG,2023-6-11,Arthur J. Gallagher (AJG) Expands Brokerage Business With Buyout,Zacks,https://finance.yahoo.com/news/arthur-j-gallagher-ajg-expands-151200472.html,1685545920,STORY
7fd6b80e-e2b3-3575-a406-851d705216b3,AJG,2023-6-11,Arthur J. Gallagher & Co. Acquires Bernard Benefits and Bernard Healthcare Financial Planning,PR Newswire,https://finance.yahoo.com/news/arthur-j-gallagher-co-acquires-130000291.html,1685451600,STORY
dc8a9458-a005-3c11-b903-dcb57811c2a8,AJG,2023-6-11,Here's What We Like About Arthur J. Gallagher's (NYSE:AJG) Upcoming Dividend,Simply Wall St.,https://finance.yahoo.com/news/heres-arthur-j-gallaghers-nyse-123601214.html,1685190961,STORY
1f96192e-c630-3474-be9b-23204183f9ab,AJG,2023-6-11,Arthur J. Gallagher (AJG) Boosts Capabilities With IBKB Buyout,Zacks,https://finance.yahoo.com/news/arthur-j-gallagher-ajg-boosts-160900430.html,1684944540,STORY
f9df5201-57ab-3df6-b263-cf0b308abe45,AJG,2023-6-12,Arthur J. Gallagher (AJG) Shares Up 31% YTD: More Upside Left?,Zacks,https://finance.yahoo.com/news/arthur-j-gallagher-ajg-shares-151600315.html,1686323760,STORY
26f06a45-ef74-3dc8-a8ce-0b593821b28d,AJG,2023-6-12,Arthur J. Gallagher & Co. (NYSE:AJG) is favoured by institutional owners who hold 85% of the company,Simply Wall St.,https://finance.yahoo.com/news/arthur-j-gallagher-co-nyse-120247620.html,1686312167,STORY
41e249ed-733d-384f-915e-ada62196ec21,AJG,2023-6-12,"Insiders At Arthur J. Gallagher Sold US$11m In Stock, Alluding To Potential Weakness \",Simply Wall St.,https://finance.yahoo.com/news/insiders-arthur-j-gallagher-sold-130022606.html,1685970022,STORY
2425bf32-a43e-3a02-aa16-5f6da5b1181e,AJG,2023-6-12,Arthur J. Gallagher & Co. to Host Regularly Scheduled Quarterly Investor Meeting with Management,PR Newswire,https://finance.yahoo.com/news/arthur-j-gallagher-co-host-201500254.html,1685650500,STORY
12afe64f-bb82-37b4-9710-9e732e5e2f29,AJG,2023-6-12,Arthur J. Gallagher (AJG) Expands Brokerage Business With Buyout,Zacks,https://finance.yahoo.com/news/arthur-j-gallagher-ajg-expands-151200472.html,1685545920,STORY
7fd6b80e-e2b3-3575-a406-851d705216b3,AJG,2023-6-12,Arthur J. Gallagher & Co. Acquires Bernard Benefits and Bernard Healthcare Financial Planning,PR Newswire,https://finance.yahoo.com/news/arthur-j-gallagher-co-acquires-130000291.html,1685451600,STORY
dc8a9458-a005-3c11-b903-dcb57811c2a8,AJG,2023-6-12,Here's What We Like About Arthur J. Gallagher's (NYSE:AJG) Upcoming Dividend,Simply Wall St.,https://finance.yahoo.com/news/heres-arthur-j-gallaghers-nyse-123601214.html,1685190961,STORY
1f96192e-c630-3474-be9b-23204183f9ab,AJG,2023-6-12,Arthur J. Gallagher (AJG) Boosts Capabilities With IBKB Buyout,Zacks,https://finance.yahoo.com/news/arthur-j-gallagher-ajg-boosts-160900430.html,1684944540,STORY
751363df-b110-3b7e-8464-30dc1c93bd6e,AJG,2023-6-13,Is Arthur J. Gallagher & Co.'s (NYSE:AJG) Stock's Recent Performance Being Led By Its Attractive Financial Prospects?,Simply Wall St.,https://finance.yahoo.com/news/arthur-j-gallagher-co-nyse-110033096.html,1686654033,STORY
f9df5201-57ab-3df6-b263-cf0b308abe45,AJG,2023-6-13,Arthur J. Gallagher (AJG) Shares Up 31% YTD: More Upside Left?,Zacks,https://finance.yahoo.com/news/arthur-j-gallagher-ajg-shares-151600315.html,1686323760,STORY
26f06a45-ef74-3dc8-a8ce-0b593821b28d,AJG,2023-6-13,Arthur J. Gallagher & Co. (NYSE:AJG) is favoured by institutional owners who hold 85% of the company,Simply Wall St.,https://finance.yahoo.com/news/arthur-j-gallagher-co-nyse-120247620.html,1686312167,STORY
41e249ed-733d-384f-915e-ada62196ec21,AJG,2023-6-13,"Insiders At Arthur J. Gallagher Sold US$11m In Stock, Alluding To Potential Weakness \",Simply Wall St.,https://finance.yahoo.com/news/insiders-arthur-j-gallagher-sold-130022606.html,1685970022,STORY
2425bf32-a43e-3a02-aa16-5f6da5b1181e,AJG,2023-6-13,Arthur J. Gallagher & Co. to Host Regularly Scheduled Quarterly Investor Meeting with Management,PR Newswire,https://finance.yahoo.com/news/arthur-j-gallagher-co-host-201500254.html,1685650500,STORY
12afe64f-bb82-37b4-9710-9e732e5e2f29,AJG,2023-6-13,Arthur J. Gallagher (AJG) Expands Brokerage Business With Buyout,Zacks,https://finance.yahoo.com/news/arthur-j-gallagher-ajg-expands-151200472.html,1685545920,STORY
7fd6b80e-e2b3-3575-a406-851d705216b3,AJG,2023-6-13,Arthur J. Gallagher & Co. Acquires Bernard Benefits and Bernard Healthcare Financial Planning,PR Newswire,https://finance.yahoo.com/news/arthur-j-gallagher-co-acquires-130000291.html,1685451600,STORY
dc8a9458-a005-3c11-b903-dcb57811c2a8,AJG,2023-6-13,Here's What We Like About Arthur J. Gallagher's (NYSE:AJG) Upcoming Dividend,Simply Wall St.,https://finance.yahoo.com/news/heres-arthur-j-gallaghers-nyse-123601214.html,1685190961,STORY
751363df-b110-3b7e-8464-30dc1c93bd6e,AJG,2023-6-14,Is Arthur J. Gallagher & Co.'s (NYSE:AJG) Stock's Recent Performance Being Led By Its Attractive Financial Prospects?,Simply Wall St.,https://finance.yahoo.com/news/arthur-j-gallagher-co-nyse-110033096.html,1686654033,STORY
f9df5201-57ab-3df6-b263-cf0b308abe45,AJG,2023-6-14,Arthur J. Gallagher (AJG) Shares Up 31% YTD: More Upside Left?,Zacks,https://finance.yahoo.com/news/arthur-j-gallagher-ajg-shares-151600315.html,1686323760,STORY
26f06a45-ef74-3dc8-a8ce-0b593821b28d,AJG,2023-6-14,Arthur J. Gallagher & Co. (NYSE:AJG) is favoured by institutional owners who hold 85% of the company,Simply Wall St.,https://finance.yahoo.com/news/arthur-j-gallagher-co-nyse-120247620.html,1686312167,STORY
41e249ed-733d-384f-915e-ada62196ec21,AJG,2023-6-14,"Insiders At Arthur J. Gallagher Sold US$11m In Stock, Alluding To Potential Weakness \",Simply Wall St.,https://finance.yahoo.com/news/insiders-arthur-j-gallagher-sold-130022606.html,1685970022,STORY
2425bf32-a43e-3a02-aa16-5f6da5b1181e,AJG,2023-6-14,Arthur J. Gallagher & Co. to Host Regularly Scheduled Quarterly Investor Meeting with Management,PR Newswire,https://finance.yahoo.com/news/arthur-j-gallagher-co-host-201500254.html,1685650500,STORY
12afe64f-bb82-37b4-9710-9e732e5e2f29,AJG,2023-6-14,Arthur J. Gallagher (AJG) Expands Brokerage Business With Buyout,Zacks,https://finance.yahoo.com/news/arthur-j-gallagher-ajg-expands-151200472.html,1685545920,STORY
7fd6b80e-e2b3-3575-a406-851d705216b3,AJG,2023-6-14,Arthur J. Gallagher & Co. Acquires Bernard Benefits and Bernard Healthcare Financial Planning,PR Newswire,https://finance.yahoo.com/news/arthur-j-gallagher-co-acquires-130000291.html,1685451600,STORY
dc8a9458-a005-3c11-b903-dcb57811c2a8,AJG,2023-6-14,Here's What We Like About Arthur J. Gallagher's (NYSE:AJG) Upcoming Dividend,Simply Wall St.,https://finance.yahoo.com/news/heres-arthur-j-gallaghers-nyse-123601214.html,1685190961,STORY
751363df-b110-3b7e-8464-30dc1c93bd6e,AJG,2023-6-15,Is Arthur J. Gallagher & Co.'s (NYSE:AJG) Stock's Recent Performance Being Led By Its Attractive Financial Prospects?,Simply Wall St.,https://finance.yahoo.com/news/arthur-j-gallagher-co-nyse-110033096.html,1686654033,STORY
f9df5201-57ab-3df6-b263-cf0b308abe45,AJG,2023-6-15,Arthur J. Gallagher (AJG) Shares Up 31% YTD: More Upside Left?,Zacks,https://finance.yahoo.com/news/arthur-j-gallagher-ajg-shares-151600315.html,1686323760,STORY
26f06a45-ef74-3dc8-a8ce-0b593821b28d,AJG,2023-6-15,Arthur J. Gallagher & Co. (NYSE:AJG) is favoured by institutional owners who hold 85% of the company,Simply Wall St.,https://finance.yahoo.com/news/arthur-j-gallagher-co-nyse-120247620.html,1686312167,STORY
41e249ed-733d-384f-915e-ada62196ec21,AJG,2023-6-15,"Insiders At Arthur J. Gallagher Sold US$11m In Stock, Alluding To Potential Weakness \",Simply Wall St.,https://finance.yahoo.com/news/insiders-arthur-j-gallagher-sold-130022606.html,1685970022,STORY
2425bf32-a43e-3a02-aa16-5f6da5b1181e,AJG,2023-6-15,Arthur J. Gallagher & Co. to Host Regularly Scheduled Quarterly Investor Meeting with Management,PR Newswire,https://finance.yahoo.com/news/arthur-j-gallagher-co-host-201500254.html,1685650500,STORY
12afe64f-bb82-37b4-9710-9e732e5e2f29,AJG,2023-6-15,Arthur J. Gallagher (AJG) Expands Brokerage Business With Buyout,Zacks,https://finance.yahoo.com/news/arthur-j-gallagher-ajg-expands-151200472.html,1685545920,STORY
7fd6b80e-e2b3-3575-a406-851d705216b3,AJG,2023-6-15,Arthur J. Gallagher & Co. Acquires Bernard Benefits and Bernard Healthcare Financial Planning,PR Newswire,https://finance.yahoo.com/news/arthur-j-gallagher-co-acquires-130000291.html,1685451600,STORY
dc8a9458-a005-3c11-b903-dcb57811c2a8,AJG,2023-6-15,Here's What We Like About Arthur J. Gallagher's (NYSE:AJG) Upcoming Dividend,Simply Wall St.,https://finance.yahoo.com/news/heres-arthur-j-gallaghers-nyse-123601214.html,1685190961,STORY
751363df-b110-3b7e-8464-30dc1c93bd6e,AJG,2023-6-16,Is Arthur J. Gallagher & Co.'s (NYSE:AJG) Stock's Recent Performance Being Led By Its Attractive Financial Prospects?,Simply Wall St.,https://finance.yahoo.com/news/arthur-j-gallagher-co-nyse-110033096.html,1686654033,STORY
f9df5201-57ab-3df6-b263-cf0b308abe45,AJG,2023-6-16,Arthur J. Gallagher (AJG) Shares Up 31% YTD: More Upside Left?,Zacks,https://finance.yahoo.com/news/arthur-j-gallagher-ajg-shares-151600315.html,1686323760,STORY
26f06a45-ef74-3dc8-a8ce-0b593821b28d,AJG,2023-6-16,Arthur J. Gallagher & Co. (NYSE:AJG) is favoured by institutional owners who hold 85% of the company,Simply Wall St.,https://finance.yahoo.com/news/arthur-j-gallagher-co-nyse-120247620.html,1686312167,STORY
41e249ed-733d-384f-915e-ada62196ec21,AJG,2023-6-16,"Insiders At Arthur J. Gallagher Sold US$11m In Stock, Alluding To Potential Weakness \",Simply Wall St.,https://finance.yahoo.com/news/insiders-arthur-j-gallagher-sold-130022606.html,1685970022,STORY
2425bf32-a43e-3a02-aa16-5f6da5b1181e,AJG,2023-6-16,Arthur J. Gallagher & Co. to Host Regularly Scheduled Quarterly Investor Meeting with Management,PR Newswire,https://finance.yahoo.com/news/arthur-j-gallagher-co-host-201500254.html,1685650500,STORY
12afe64f-bb82-37b4-9710-9e732e5e2f29,AJG,2023-6-16,Arthur J. Gallagher (AJG) Expands Brokerage Business With Buyout,Zacks,https://finance.yahoo.com/news/arthur-j-gallagher-ajg-expands-151200472.html,1685545920,STORY
7fd6b80e-e2b3-3575-a406-851d705216b3,AJG,2023-6-16,Arthur J. Gallagher & Co. Acquires Bernard Benefits and Bernard Healthcare Financial Planning,PR Newswire,https://finance.yahoo.com/news/arthur-j-gallagher-co-acquires-130000291.html,1685451600,STORY
dc8a9458-a005-3c11-b903-dcb57811c2a8,AJG,2023-6-16,Here's What We Like About Arthur J. Gallagher's (NYSE:AJG) Upcoming Dividend,Simply Wall St.,https://finance.yahoo.com/news/heres-arthur-j-gallaghers-nyse-123601214.html,1685190961,STORY
751363df-b110-3b7e-8464-30dc1c93bd6e,AJG,2023-6-17,Is Arthur J. Gallagher & Co.'s (NYSE:AJG) Stock's Recent Performance Being Led By Its Attractive Financial Prospects?,Simply Wall St.,https://finance.yahoo.com/news/arthur-j-gallagher-co-nyse-110033096.html,1686654033,STORY
f9df5201-57ab-3df6-b263-cf0b308abe45,AJG,2023-6-17,Arthur J. Gallagher (AJG) Shares Up 31% YTD: More Upside Left?,Zacks,https://finance.yahoo.com/news/arthur-j-gallagher-ajg-shares-151600315.html,1686323760,STORY
26f06a45-ef74-3dc8-a8ce-0b593821b28d,AJG,2023-6-17,Arthur J. Gallagher & Co. (NYSE:AJG) is favoured by institutional owners who hold 85% of the company,Simply Wall St.,https://finance.yahoo.com/news/arthur-j-gallagher-co-nyse-120247620.html,1686312167,STORY
41e249ed-733d-384f-915e-ada62196ec21,AJG,2023-6-17,"Insiders At Arthur J. Gallagher Sold US$11m In Stock, Alluding To Potential Weakness \",Simply Wall St.,https://finance.yahoo.com/news/insiders-arthur-j-gallagher-sold-130022606.html,1685970022,STORY
2425bf32-a43e-3a02-aa16-5f6da5b1181e,AJG,2023-6-17,Arthur J. Gallagher & Co. to Host Regularly Scheduled Quarterly Investor Meeting with Management,PR Newswire,https://finance.yahoo.com/news/arthur-j-gallagher-co-host-201500254.html,1685650500,STORY
12afe64f-bb82-37b4-9710-9e732e5e2f29,AJG,2023-6-17,Arthur J. Gallagher (AJG) Expands Brokerage Business With Buyout,Zacks,https://finance.yahoo.com/news/arthur-j-gallagher-ajg-expands-151200472.html,1685545920,STORY
7fd6b80e-e2b3-3575-a406-851d705216b3,AJG,2023-6-17,Arthur J. Gallagher & Co. Acquires Bernard Benefits and Bernard Healthcare Financial Planning,PR Newswire,https://finance.yahoo.com/news/arthur-j-gallagher-co-acquires-130000291.html,1685451600,STORY
dc8a9458-a005-3c11-b903-dcb57811c2a8,AJG,2023-6-17,Here's What We Like About Arthur J. Gallagher's (NYSE:AJG) Upcoming Dividend,Simply Wall St.,https://finance.yahoo.com/news/heres-arthur-j-gallaghers-nyse-123601214.html,1685190961,STORY
751363df-b110-3b7e-8464-30dc1c93bd6e,AJG,2023-6-18,Is Arthur J. Gallagher & Co.'s (NYSE:AJG) Stock's Recent Performance Being Led By Its Attractive Financial Prospects?,Simply Wall St.,https://finance.yahoo.com/news/arthur-j-gallagher-co-nyse-110033096.html,1686654033,STORY
f9df5201-57ab-3df6-b263-cf0b308abe45,AJG,2023-6-18,Arthur J. Gallagher (AJG) Shares Up 31% YTD: More Upside Left?,Zacks,https://finance.yahoo.com/news/arthur-j-gallagher-ajg-shares-151600315.html,1686323760,STORY
26f06a45-ef74-3dc8-a8ce-0b593821b28d,AJG,2023-6-18,Arthur J. Gallagher & Co. (NYSE:AJG) is favoured by institutional owners who hold 85% of the company,Simply Wall St.,https://finance.yahoo.com/news/arthur-j-gallagher-co-nyse-120247620.html,1686312167,STORY
41e249ed-733d-384f-915e-ada62196ec21,AJG,2023-6-18,"Insiders At Arthur J. Gallagher Sold US$11m In Stock, Alluding To Potential Weakness \",Simply Wall St.,https://finance.yahoo.com/news/insiders-arthur-j-gallagher-sold-130022606.html,1685970022,STORY
2425bf32-a43e-3a02-aa16-5f6da5b1181e,AJG,2023-6-18,Arthur J. Gallagher & Co. to Host Regularly Scheduled Quarterly Investor Meeting with Management,PR Newswire,https://finance.yahoo.com/news/arthur-j-gallagher-co-host-201500254.html,1685650500,STORY
12afe64f-bb82-37b4-9710-9e732e5e2f29,AJG,2023-6-18,Arthur J. Gallagher (AJG) Expands Brokerage Business With Buyout,Zacks,https://finance.yahoo.com/news/arthur-j-gallagher-ajg-expands-151200472.html,1685545920,STORY
7fd6b80e-e2b3-3575-a406-851d705216b3,AJG,2023-6-18,Arthur J. Gallagher & Co. Acquires Bernard Benefits and Bernard Healthcare Financial Planning,PR Newswire,https://finance.yahoo.com/news/arthur-j-gallagher-co-acquires-130000291.html,1685451600,STORY
dc8a9458-a005-3c11-b903-dcb57811c2a8,AJG,2023-6-18,Here's What We Like About Arthur J. Gallagher's (NYSE:AJG) Upcoming Dividend,Simply Wall St.,https://finance.yahoo.com/news/heres-arthur-j-gallaghers-nyse-123601214.html,1685190961,STORY
751363df-b110-3b7e-8464-30dc1c93bd6e,AJG,2023-6-19,Is Arthur J. Gallagher & Co.'s (NYSE:AJG) Stock's Recent Performance Being Led By Its Attractive Financial Prospects?,Simply Wall St.,https://finance.yahoo.com/news/arthur-j-gallagher-co-nyse-110033096.html,1686654033,STORY
f9df5201-57ab-3df6-b263-cf0b308abe45,AJG,2023-6-19,Arthur J. Gallagher (AJG) Shares Up 31% YTD: More Upside Left?,Zacks,https://finance.yahoo.com/news/arthur-j-gallagher-ajg-shares-151600315.html,1686323760,STORY
26f06a45-ef74-3dc8-a8ce-0b593821b28d,AJG,2023-6-19,Arthur J. Gallagher & Co. (NYSE:AJG) is favoured by institutional owners who hold 85% of the company,Simply Wall St.,https://finance.yahoo.com/news/arthur-j-gallagher-co-nyse-120247620.html,1686312167,STORY
41e249ed-733d-384f-915e-ada62196ec21,AJG,2023-6-19,"Insiders At Arthur J. Gallagher Sold US$11m In Stock, Alluding To Potential Weakness \",Simply Wall St.,https://finance.yahoo.com/news/insiders-arthur-j-gallagher-sold-130022606.html,1685970022,STORY
2425bf32-a43e-3a02-aa16-5f6da5b1181e,AJG,2023-6-19,Arthur J. Gallagher & Co. to Host Regularly Scheduled Quarterly Investor Meeting with Management,PR Newswire,https://finance.yahoo.com/news/arthur-j-gallagher-co-host-201500254.html,1685650500,STORY
12afe64f-bb82-37b4-9710-9e732e5e2f29,AJG,2023-6-19,Arthur J. Gallagher (AJG) Expands Brokerage Business With Buyout,Zacks,https://finance.yahoo.com/news/arthur-j-gallagher-ajg-expands-151200472.html,1685545920,STORY
7fd6b80e-e2b3-3575-a406-851d705216b3,AJG,2023-6-19,Arthur J. Gallagher & Co. Acquires Bernard Benefits and Bernard Healthcare Financial Planning,PR Newswire,https://finance.yahoo.com/news/arthur-j-gallagher-co-acquires-130000291.html,1685451600,STORY
dc8a9458-a005-3c11-b903-dcb57811c2a8,AJG,2023-6-19,Here's What We Like About Arthur J. Gallagher's (NYSE:AJG) Upcoming Dividend,Simply Wall St.,https://finance.yahoo.com/news/heres-arthur-j-gallaghers-nyse-123601214.html,1685190961,STORY
751363df-b110-3b7e-8464-30dc1c93bd6e,AJG,2023-6-20,Is Arthur J. Gallagher & Co.'s (NYSE:AJG) Stock's Recent Performance Being Led By Its Attractive Financial Prospects?,Simply Wall St.,https://finance.yahoo.com/news/arthur-j-gallagher-co-nyse-110033096.html,1686654033,STORY
f9df5201-57ab-3df6-b263-cf0b308abe45,AJG,2023-6-20,Arthur J. Gallagher (AJG) Shares Up 31% YTD: More Upside Left?,Zacks,https://finance.yahoo.com/news/arthur-j-gallagher-ajg-shares-151600315.html,1686323760,STORY
26f06a45-ef74-3dc8-a8ce-0b593821b28d,AJG,2023-6-20,Arthur J. Gallagher & Co. (NYSE:AJG) is favoured by institutional owners who hold 85% of the company,Simply Wall St.,https://finance.yahoo.com/news/arthur-j-gallagher-co-nyse-120247620.html,1686312167,STORY
41e249ed-733d-384f-915e-ada62196ec21,AJG,2023-6-20,"Insiders At Arthur J. Gallagher Sold US$11m In Stock, Alluding To Potential Weakness \",Simply Wall St.,https://finance.yahoo.com/news/insiders-arthur-j-gallagher-sold-130022606.html,1685970022,STORY
2425bf32-a43e-3a02-aa16-5f6da5b1181e,AJG,2023-6-20,Arthur J. Gallagher & Co. to Host Regularly Scheduled Quarterly Investor Meeting with Management,PR Newswire,https://finance.yahoo.com/news/arthur-j-gallagher-co-host-201500254.html,1685650500,STORY
12afe64f-bb82-37b4-9710-9e732e5e2f29,AJG,2023-6-20,Arthur J. Gallagher (AJG) Expands Brokerage Business With Buyout,Zacks,https://finance.yahoo.com/news/arthur-j-gallagher-ajg-expands-151200472.html,1685545920,STORY
7fd6b80e-e2b3-3575-a406-851d705216b3,AJG,2023-6-20,Arthur J. Gallagher & Co. Acquires Bernard Benefits and Bernard Healthcare Financial Planning,PR Newswire,https://finance.yahoo.com/news/arthur-j-gallagher-co-acquires-130000291.html,1685451600,STORY
dc8a9458-a005-3c11-b903-dcb57811c2a8,AJG,2023-6-20,Here's What We Like About Arthur J. Gallagher's (NYSE:AJG) Upcoming Dividend,Simply Wall St.,https://finance.yahoo.com/news/heres-arthur-j-gallaghers-nyse-123601214.html,1685190961,STORY
751363df-b110-3b7e-8464-30dc1c93bd6e,AJG,2023-6-21,Is Arthur J. Gallagher & Co.'s (NYSE:AJG) Stock's Recent Performance Being Led By Its Attractive Financial Prospects?,Simply Wall St.,https://finance.yahoo.com/news/arthur-j-gallagher-co-nyse-110033096.html,1686654033,STORY
f9df5201-57ab-3df6-b263-cf0b308abe45,AJG,2023-6-21,Arthur J. Gallagher (AJG) Shares Up 31% YTD: More Upside Left?,Zacks,https://finance.yahoo.com/news/arthur-j-gallagher-ajg-shares-151600315.html,1686323760,STORY
26f06a45-ef74-3dc8-a8ce-0b593821b28d,AJG,2023-6-21,Arthur J. Gallagher & Co. (NYSE:AJG) is favoured by institutional owners who hold 85% of the company,Simply Wall St.,https://finance.yahoo.com/news/arthur-j-gallagher-co-nyse-120247620.html,1686312167,STORY
41e249ed-733d-384f-915e-ada62196ec21,AJG,2023-6-21,"Insiders At Arthur J. Gallagher Sold US$11m In Stock, Alluding To Potential Weakness \",Simply Wall St.,https://finance.yahoo.com/news/insiders-arthur-j-gallagher-sold-130022606.html,1685970022,STORY
2425bf32-a43e-3a02-aa16-5f6da5b1181e,AJG,2023-6-21,Arthur J. Gallagher & Co. to Host Regularly Scheduled Quarterly Investor Meeting with Management,PR Newswire,https://finance.yahoo.com/news/arthur-j-gallagher-co-host-201500254.html,1685650500,STORY
12afe64f-bb82-37b4-9710-9e732e5e2f29,AJG,2023-6-21,Arthur J. Gallagher (AJG) Expands Brokerage Business With Buyout,Zacks,https://finance.yahoo.com/news/arthur-j-gallagher-ajg-expands-151200472.html,1685545920,STORY
7fd6b80e-e2b3-3575-a406-851d705216b3,AJG,2023-6-21,Arthur J. Gallagher & Co. Acquires Bernard Benefits and Bernard Healthcare Financial Planning,PR Newswire,https://finance.yahoo.com/news/arthur-j-gallagher-co-acquires-130000291.html,1685451600,STORY
dc8a9458-a005-3c11-b903-dcb57811c2a8,AJG,2023-6-21,Here's What We Like About Arthur J. Gallagher's (NYSE:AJG) Upcoming Dividend,Simply Wall St.,https://finance.yahoo.com/news/heres-arthur-j-gallaghers-nyse-123601214.html,1685190961,STORY
d5267a31-56f4-3223-8210-bd02f7d80c2d,AJG,2023-6-22,Is Arthur J. Gallagher & Co. (AJG) Trading at a Reasonable Valuation?,Insider Monkey,https://finance.yahoo.com/news/arthur-j-gallagher-co-ajg-114958242.html,1687434598,STORY
751363df-b110-3b7e-8464-30dc1c93bd6e,AJG,2023-6-22,Is Arthur J. Gallagher & Co.'s (NYSE:AJG) Stock's Recent Performance Being Led By Its Attractive Financial Prospects?,Simply Wall St.,https://finance.yahoo.com/news/arthur-j-gallagher-co-nyse-110033096.html,1686654033,STORY
f9df5201-57ab-3df6-b263-cf0b308abe45,AJG,2023-6-22,Arthur J. Gallagher (AJG) Shares Up 31% YTD: More Upside Left?,Zacks,https://finance.yahoo.com/news/arthur-j-gallagher-ajg-shares-151600315.html,1686323760,STORY
26f06a45-ef74-3dc8-a8ce-0b593821b28d,AJG,2023-6-22,Arthur J. Gallagher & Co. (NYSE:AJG) is favoured by institutional owners who hold 85% of the company,Simply Wall St.,https://finance.yahoo.com/news/arthur-j-gallagher-co-nyse-120247620.html,1686312167,STORY
41e249ed-733d-384f-915e-ada62196ec21,AJG,2023-6-22,"Insiders At Arthur J. Gallagher Sold US$11m In Stock, Alluding To Potential Weakness \",Simply Wall St.,https://finance.yahoo.com/news/insiders-arthur-j-gallagher-sold-130022606.html,1685970022,STORY
2425bf32-a43e-3a02-aa16-5f6da5b1181e,AJG,2023-6-22,Arthur J. Gallagher & Co. to Host Regularly Scheduled Quarterly Investor Meeting with Management,PR Newswire,https://finance.yahoo.com/news/arthur-j-gallagher-co-host-201500254.html,1685650500,STORY
12afe64f-bb82-37b4-9710-9e732e5e2f29,AJG,2023-6-22,Arthur J. Gallagher (AJG) Expands Brokerage Business With Buyout,Zacks,https://finance.yahoo.com/news/arthur-j-gallagher-ajg-expands-151200472.html,1685545920,STORY
7fd6b80e-e2b3-3575-a406-851d705216b3,AJG,2023-6-22,Arthur J. Gallagher & Co. Acquires Bernard Benefits and Bernard Healthcare Financial Planning,PR Newswire,https://finance.yahoo.com/news/arthur-j-gallagher-co-acquires-130000291.html,1685451600,STORY
d5267a31-56f4-3223-8210-bd02f7d80c2d,AJG,2023-6-23,Is Arthur J. Gallagher & Co. (AJG) Trading at a Reasonable Valuation?,Insider Monkey,https://finance.yahoo.com/news/arthur-j-gallagher-co-ajg-114958242.html,1687434598,STORY
751363df-b110-3b7e-8464-30dc1c93bd6e,AJG,2023-6-23,Is Arthur J. Gallagher & Co.'s (NYSE:AJG) Stock's Recent Performance Being Led By Its Attractive Financial Prospects?,Simply Wall St.,https://finance.yahoo.com/news/arthur-j-gallagher-co-nyse-110033096.html,1686654033,STORY
f9df5201-57ab-3df6-b263-cf0b308abe45,AJG,2023-6-23,Arthur J. Gallagher (AJG) Shares Up 31% YTD: More Upside Left?,Zacks,https://finance.yahoo.com/news/arthur-j-gallagher-ajg-shares-151600315.html,1686323760,STORY
26f06a45-ef74-3dc8-a8ce-0b593821b28d,AJG,2023-6-23,Arthur J. Gallagher & Co. (NYSE:AJG) is favoured by institutional owners who hold 85% of the company,Simply Wall St.,https://finance.yahoo.com/news/arthur-j-gallagher-co-nyse-120247620.html,1686312167,STORY
41e249ed-733d-384f-915e-ada62196ec21,AJG,2023-6-23,"Insiders At Arthur J. Gallagher Sold US$11m In Stock, Alluding To Potential Weakness \",Simply Wall St.,https://finance.yahoo.com/news/insiders-arthur-j-gallagher-sold-130022606.html,1685970022,STORY
2425bf32-a43e-3a02-aa16-5f6da5b1181e,AJG,2023-6-23,Arthur J. Gallagher & Co. to Host Regularly Scheduled Quarterly Investor Meeting with Management,PR Newswire,https://finance.yahoo.com/news/arthur-j-gallagher-co-host-201500254.html,1685650500,STORY
12afe64f-bb82-37b4-9710-9e732e5e2f29,AJG,2023-6-23,Arthur J. Gallagher (AJG) Expands Brokerage Business With Buyout,Zacks,https://finance.yahoo.com/news/arthur-j-gallagher-ajg-expands-151200472.html,1685545920,STORY
7fd6b80e-e2b3-3575-a406-851d705216b3,AJG,2023-6-23,Arthur J. Gallagher & Co. Acquires Bernard Benefits and Bernard Healthcare Financial Planning,PR Newswire,https://finance.yahoo.com/news/arthur-j-gallagher-co-acquires-130000291.html,1685451600,STORY
d5267a31-56f4-3223-8210-bd02f7d80c2d,AJG,2023-6-24,Is Arthur J. Gallagher & Co. (AJG) Trading at a Reasonable Valuation?,Insider Monkey,https://finance.yahoo.com/news/arthur-j-gallagher-co-ajg-114958242.html,1687434598,STORY
751363df-b110-3b7e-8464-30dc1c93bd6e,AJG,2023-6-24,Is Arthur J. Gallagher & Co.'s (NYSE:AJG) Stock's Recent Performance Being Led By Its Attractive Financial Prospects?,Simply Wall St.,https://finance.yahoo.com/news/arthur-j-gallagher-co-nyse-110033096.html,1686654033,STORY
f9df5201-57ab-3df6-b263-cf0b308abe45,AJG,2023-6-24,Arthur J. Gallagher (AJG) Shares Up 31% YTD: More Upside Left?,Zacks,https://finance.yahoo.com/news/arthur-j-gallagher-ajg-shares-151600315.html,1686323760,STORY
26f06a45-ef74-3dc8-a8ce-0b593821b28d,AJG,2023-6-24,Arthur J. Gallagher & Co. (NYSE:AJG) is favoured by institutional owners who hold 85% of the company,Simply Wall St.,https://finance.yahoo.com/news/arthur-j-gallagher-co-nyse-120247620.html,1686312167,STORY
41e249ed-733d-384f-915e-ada62196ec21,AJG,2023-6-24,"Insiders At Arthur J. Gallagher Sold US$11m In Stock, Alluding To Potential Weakness \",Simply Wall St.,https://finance.yahoo.com/news/insiders-arthur-j-gallagher-sold-130022606.html,1685970022,STORY
2425bf32-a43e-3a02-aa16-5f6da5b1181e,AJG,2023-6-24,Arthur J. Gallagher & Co. to Host Regularly Scheduled Quarterly Investor Meeting with Management,PR Newswire,https://finance.yahoo.com/news/arthur-j-gallagher-co-host-201500254.html,1685650500,STORY
12afe64f-bb82-37b4-9710-9e732e5e2f29,AJG,2023-6-24,Arthur J. Gallagher (AJG) Expands Brokerage Business With Buyout,Zacks,https://finance.yahoo.com/news/arthur-j-gallagher-ajg-expands-151200472.html,1685545920,STORY
7fd6b80e-e2b3-3575-a406-851d705216b3,AJG,2023-6-24,Arthur J. Gallagher & Co. Acquires Bernard Benefits and Bernard Healthcare Financial Planning,PR Newswire,https://finance.yahoo.com/news/arthur-j-gallagher-co-acquires-130000291.html,1685451600,STORY
d5267a31-56f4-3223-8210-bd02f7d80c2d,AJG,2023-6-25,Is Arthur J. Gallagher & Co. (AJG) Trading at a Reasonable Valuation?,Insider Monkey,https://finance.yahoo.com/news/arthur-j-gallagher-co-ajg-114958242.html,1687434598,STORY
751363df-b110-3b7e-8464-30dc1c93bd6e,AJG,2023-6-25,Is Arthur J. Gallagher & Co.'s (NYSE:AJG) Stock's Recent Performance Being Led By Its Attractive Financial Prospects?,Simply Wall St.,https://finance.yahoo.com/news/arthur-j-gallagher-co-nyse-110033096.html,1686654033,STORY
f9df5201-57ab-3df6-b263-cf0b308abe45,AJG,2023-6-25,Arthur J. Gallagher (AJG) Shares Up 31% YTD: More Upside Left?,Zacks,https://finance.yahoo.com/news/arthur-j-gallagher-ajg-shares-151600315.html,1686323760,STORY
26f06a45-ef74-3dc8-a8ce-0b593821b28d,AJG,2023-6-25,Arthur J. Gallagher & Co. (NYSE:AJG) is favoured by institutional owners who hold 85% of the company,Simply Wall St.,https://finance.yahoo.com/news/arthur-j-gallagher-co-nyse-120247620.html,1686312167,STORY
41e249ed-733d-384f-915e-ada62196ec21,AJG,2023-6-25,"Insiders At Arthur J. Gallagher Sold US$11m In Stock, Alluding To Potential Weakness \",Simply Wall St.,https://finance.yahoo.com/news/insiders-arthur-j-gallagher-sold-130022606.html,1685970022,STORY
2425bf32-a43e-3a02-aa16-5f6da5b1181e,AJG,2023-6-25,Arthur J. Gallagher & Co. to Host Regularly Scheduled Quarterly Investor Meeting with Management,PR Newswire,https://finance.yahoo.com/news/arthur-j-gallagher-co-host-201500254.html,1685650500,STORY
12afe64f-bb82-37b4-9710-9e732e5e2f29,AJG,2023-6-25,Arthur J. Gallagher (AJG) Expands Brokerage Business With Buyout,Zacks,https://finance.yahoo.com/news/arthur-j-gallagher-ajg-expands-151200472.html,1685545920,STORY
7fd6b80e-e2b3-3575-a406-851d705216b3,AJG,2023-6-25,Arthur J. Gallagher & Co. Acquires Bernard Benefits and Bernard Healthcare Financial Planning,PR Newswire,https://finance.yahoo.com/news/arthur-j-gallagher-co-acquires-130000291.html,1685451600,STORY
d5267a31-56f4-3223-8210-bd02f7d80c2d,AJG,2023-6-26,Is Arthur J. Gallagher & Co. (AJG) Trading at a Reasonable Valuation?,Insider Monkey,https://finance.yahoo.com/news/arthur-j-gallagher-co-ajg-114958242.html,1687434598,STORY
751363df-b110-3b7e-8464-30dc1c93bd6e,AJG,2023-6-26,Is Arthur J. Gallagher & Co.'s (NYSE:AJG) Stock's Recent Performance Being Led By Its Attractive Financial Prospects?,Simply Wall St.,https://finance.yahoo.com/news/arthur-j-gallagher-co-nyse-110033096.html,1686654033,STORY
f9df5201-57ab-3df6-b263-cf0b308abe45,AJG,2023-6-26,Arthur J. Gallagher (AJG) Shares Up 31% YTD: More Upside Left?,Zacks,https://finance.yahoo.com/news/arthur-j-gallagher-ajg-shares-151600315.html,1686323760,STORY
26f06a45-ef74-3dc8-a8ce-0b593821b28d,AJG,2023-6-26,Arthur J. Gallagher & Co. (NYSE:AJG) is favoured by institutional owners who hold 85% of the company,Simply Wall St.,https://finance.yahoo.com/news/arthur-j-gallagher-co-nyse-120247620.html,1686312167,STORY
41e249ed-733d-384f-915e-ada62196ec21,AJG,2023-6-26,"Insiders At Arthur J. Gallagher Sold US$11m In Stock, Alluding To Potential Weakness \",Simply Wall St.,https://finance.yahoo.com/news/insiders-arthur-j-gallagher-sold-130022606.html,1685970022,STORY
2425bf32-a43e-3a02-aa16-5f6da5b1181e,AJG,2023-6-26,Arthur J. Gallagher & Co. to Host Regularly Scheduled Quarterly Investor Meeting with Management,PR Newswire,https://finance.yahoo.com/news/arthur-j-gallagher-co-host-201500254.html,1685650500,STORY
12afe64f-bb82-37b4-9710-9e732e5e2f29,AJG,2023-6-26,Arthur J. Gallagher (AJG) Expands Brokerage Business With Buyout,Zacks,https://finance.yahoo.com/news/arthur-j-gallagher-ajg-expands-151200472.html,1685545920,STORY
7fd6b80e-e2b3-3575-a406-851d705216b3,AJG,2023-6-26,Arthur J. Gallagher & Co. Acquires Bernard Benefits and Bernard Healthcare Financial Planning,PR Newswire,https://finance.yahoo.com/news/arthur-j-gallagher-co-acquires-130000291.html,1685451600,STORY
d5267a31-56f4-3223-8210-bd02f7d80c2d,AJG,2023-6-27,Is Arthur J. Gallagher & Co. (AJG) Trading at a Reasonable Valuation?,Insider Monkey,https://finance.yahoo.com/news/arthur-j-gallagher-co-ajg-114958242.html,1687434598,STORY
751363df-b110-3b7e-8464-30dc1c93bd6e,AJG,2023-6-27,Is Arthur J. Gallagher & Co.'s (NYSE:AJG) Stock's Recent Performance Being Led By Its Attractive Financial Prospects?,Simply Wall St.,https://finance.yahoo.com/news/arthur-j-gallagher-co-nyse-110033096.html,1686654033,STORY
f9df5201-57ab-3df6-b263-cf0b308abe45,AJG,2023-6-27,Arthur J. Gallagher (AJG) Shares Up 31% YTD: More Upside Left?,Zacks,https://finance.yahoo.com/news/arthur-j-gallagher-ajg-shares-151600315.html,1686323760,STORY
26f06a45-ef74-3dc8-a8ce-0b593821b28d,AJG,2023-6-27,Arthur J. Gallagher & Co. (NYSE:AJG) is favoured by institutional owners who hold 85% of the company,Simply Wall St.,https://finance.yahoo.com/news/arthur-j-gallagher-co-nyse-120247620.html,1686312167,STORY
41e249ed-733d-384f-915e-ada62196ec21,AJG,2023-6-27,"Insiders At Arthur J. Gallagher Sold US$11m In Stock, Alluding To Potential Weakness \",Simply Wall St.,https://finance.yahoo.com/news/insiders-arthur-j-gallagher-sold-130022606.html,1685970022,STORY
2425bf32-a43e-3a02-aa16-5f6da5b1181e,AJG,2023-6-27,Arthur J. Gallagher & Co. to Host Regularly Scheduled Quarterly Investor Meeting with Management,PR Newswire,https://finance.yahoo.com/news/arthur-j-gallagher-co-host-201500254.html,1685650500,STORY
12afe64f-bb82-37b4-9710-9e732e5e2f29,AJG,2023-6-27,Arthur J. Gallagher (AJG) Expands Brokerage Business With Buyout,Zacks,https://finance.yahoo.com/news/arthur-j-gallagher-ajg-expands-151200472.html,1685545920,STORY
7fd6b80e-e2b3-3575-a406-851d705216b3,AJG,2023-6-27,Arthur J. Gallagher & Co. Acquires Bernard Benefits and Bernard Healthcare Financial Planning,PR Newswire,https://finance.yahoo.com/news/arthur-j-gallagher-co-acquires-130000291.html,1685451600,STORY
0fdd288e-596e-3378-9760-52b49879a341,AJG,2023-6-28,Should You Be Adding Arthur J. Gallagher (NYSE:AJG) To Your Watchlist Today?,Simply Wall St.,https://finance.yahoo.com/news/adding-arthur-j-gallagher-nyse-110025142.html,1687950025,STORY
725ef443-78d4-3293-8182-d550db923ecd,AJG,2023-6-28,Buck receives four IABC Gold Quill Awards for excellence in strategic employee communications,PR Newswire,https://finance.yahoo.com/news/buck-receives-four-iabc-gold-130000448.html,1687870800,STORY
d5267a31-56f4-3223-8210-bd02f7d80c2d,AJG,2023-6-28,Is Arthur J. Gallagher & Co. (AJG) Trading at a Reasonable Valuation?,Insider Monkey,https://finance.yahoo.com/news/arthur-j-gallagher-co-ajg-114958242.html,1687434598,STORY
751363df-b110-3b7e-8464-30dc1c93bd6e,AJG,2023-6-28,Is Arthur J. Gallagher & Co.'s (NYSE:AJG) Stock's Recent Performance Being Led By Its Attractive Financial Prospects?,Simply Wall St.,https://finance.yahoo.com/news/arthur-j-gallagher-co-nyse-110033096.html,1686654033,STORY
f9df5201-57ab-3df6-b263-cf0b308abe45,AJG,2023-6-28,Arthur J. Gallagher (AJG) Shares Up 31% YTD: More Upside Left?,Zacks,https://finance.yahoo.com/news/arthur-j-gallagher-ajg-shares-151600315.html,1686323760,STORY
26f06a45-ef74-3dc8-a8ce-0b593821b28d,AJG,2023-6-28,Arthur J. Gallagher & Co. (NYSE:AJG) is favoured by institutional owners who hold 85% of the company,Simply Wall St.,https://finance.yahoo.com/news/arthur-j-gallagher-co-nyse-120247620.html,1686312167,STORY
41e249ed-733d-384f-915e-ada62196ec21,AJG,2023-6-28,"Insiders At Arthur J. Gallagher Sold US$11m In Stock, Alluding To Potential Weakness \",Simply Wall St.,https://finance.yahoo.com/news/insiders-arthur-j-gallagher-sold-130022606.html,1685970022,STORY
2425bf32-a43e-3a02-aa16-5f6da5b1181e,AJG,2023-6-28,Arthur J. Gallagher & Co. to Host Regularly Scheduled Quarterly Investor Meeting with Management,PR Newswire,https://finance.yahoo.com/news/arthur-j-gallagher-co-host-201500254.html,1685650500,STORY
0fdd288e-596e-3378-9760-52b49879a341,AJG,2023-6-29,Should You Be Adding Arthur J. Gallagher (NYSE:AJG) To Your Watchlist Today?,Simply Wall St.,https://finance.yahoo.com/news/adding-arthur-j-gallagher-nyse-110025142.html,1687950025,STORY
725ef443-78d4-3293-8182-d550db923ecd,AJG,2023-6-29,Buck receives four IABC Gold Quill Awards for excellence in strategic employee communications,PR Newswire,https://finance.yahoo.com/news/buck-receives-four-iabc-gold-130000448.html,1687870800,STORY
d5267a31-56f4-3223-8210-bd02f7d80c2d,AJG,2023-6-29,Is Arthur J. Gallagher & Co. (AJG) Trading at a Reasonable Valuation?,Insider Monkey,https://finance.yahoo.com/news/arthur-j-gallagher-co-ajg-114958242.html,1687434598,STORY
751363df-b110-3b7e-8464-30dc1c93bd6e,AJG,2023-6-29,Is Arthur J. Gallagher & Co.'s (NYSE:AJG) Stock's Recent Performance Being Led By Its Attractive Financial Prospects?,Simply Wall St.,https://finance.yahoo.com/news/arthur-j-gallagher-co-nyse-110033096.html,1686654033,STORY
f9df5201-57ab-3df6-b263-cf0b308abe45,AJG,2023-6-29,Arthur J. Gallagher (AJG) Shares Up 31% YTD: More Upside Left?,Zacks,https://finance.yahoo.com/news/arthur-j-gallagher-ajg-shares-151600315.html,1686323760,STORY
26f06a45-ef74-3dc8-a8ce-0b593821b28d,AJG,2023-6-29,Arthur J. Gallagher & Co. (NYSE:AJG) is favoured by institutional owners who hold 85% of the company,Simply Wall St.,https://finance.yahoo.com/news/arthur-j-gallagher-co-nyse-120247620.html,1686312167,STORY
41e249ed-733d-384f-915e-ada62196ec21,AJG,2023-6-29,"Insiders At Arthur J. Gallagher Sold US$11m In Stock, Alluding To Potential Weakness \",Simply Wall St.,https://finance.yahoo.com/news/insiders-arthur-j-gallagher-sold-130022606.html,1685970022,STORY
2425bf32-a43e-3a02-aa16-5f6da5b1181e,AJG,2023-6-29,Arthur J. Gallagher & Co. to Host Regularly Scheduled Quarterly Investor Meeting with Management,PR Newswire,https://finance.yahoo.com/news/arthur-j-gallagher-co-host-201500254.html,1685650500,STORY
0fdd288e-596e-3378-9760-52b49879a341,AJG,2023-6-30,Should You Be Adding Arthur J. Gallagher (NYSE:AJG) To Your Watchlist Today?,Simply Wall St.,https://finance.yahoo.com/news/adding-arthur-j-gallagher-nyse-110025142.html,1687950025,STORY
725ef443-78d4-3293-8182-d550db923ecd,AJG,2023-6-30,Buck receives four IABC Gold Quill Awards for excellence in strategic employee communications,PR Newswire,https://finance.yahoo.com/news/buck-receives-four-iabc-gold-130000448.html,1687870800,STORY
d5267a31-56f4-3223-8210-bd02f7d80c2d,AJG,2023-6-30,Is Arthur J. Gallagher & Co. (AJG) Trading at a Reasonable Valuation?,Insider Monkey,https://finance.yahoo.com/news/arthur-j-gallagher-co-ajg-114958242.html,1687434598,STORY
751363df-b110-3b7e-8464-30dc1c93bd6e,AJG,2023-6-30,Is Arthur J. Gallagher & Co.'s (NYSE:AJG) Stock's Recent Performance Being Led By Its Attractive Financial Prospects?,Simply Wall St.,https://finance.yahoo.com/news/arthur-j-gallagher-co-nyse-110033096.html,1686654033,STORY
f9df5201-57ab-3df6-b263-cf0b308abe45,AJG,2023-6-30,Arthur J. Gallagher (AJG) Shares Up 31% YTD: More Upside Left?,Zacks,https://finance.yahoo.com/news/arthur-j-gallagher-ajg-shares-151600315.html,1686323760,STORY
26f06a45-ef74-3dc8-a8ce-0b593821b28d,AJG,2023-6-30,Arthur J. Gallagher & Co. (NYSE:AJG) is favoured by institutional owners who hold 85% of the company,Simply Wall St.,https://finance.yahoo.com/news/arthur-j-gallagher-co-nyse-120247620.html,1686312167,STORY
41e249ed-733d-384f-915e-ada62196ec21,AJG,2023-6-30,"Insiders At Arthur J. Gallagher Sold US$11m In Stock, Alluding To Potential Weakness \",Simply Wall St.,https://finance.yahoo.com/news/insiders-arthur-j-gallagher-sold-130022606.html,1685970022,STORY
2425bf32-a43e-3a02-aa16-5f6da5b1181e,AJG,2023-6-30,Arthur J. Gallagher & Co. to Host Regularly Scheduled Quarterly Investor Meeting with Management,PR Newswire,https://finance.yahoo.com/news/arthur-j-gallagher-co-host-201500254.html,1685650500,STORY
0fdd288e-596e-3378-9760-52b49879a341,AJG,2023-7-1,Should You Be Adding Arthur J. Gallagher (NYSE:AJG) To Your Watchlist Today?,Simply Wall St.,https://finance.yahoo.com/news/adding-arthur-j-gallagher-nyse-110025142.html,1687950025,STORY
725ef443-78d4-3293-8182-d550db923ecd,AJG,2023-7-1,Buck receives four IABC Gold Quill Awards for excellence in strategic employee communications,PR Newswire,https://finance.yahoo.com/news/buck-receives-four-iabc-gold-130000448.html,1687870800,STORY
d5267a31-56f4-3223-8210-bd02f7d80c2d,AJG,2023-7-1,Is Arthur J. Gallagher & Co. (AJG) Trading at a Reasonable Valuation?,Insider Monkey,https://finance.yahoo.com/news/arthur-j-gallagher-co-ajg-114958242.html,1687434598,STORY
751363df-b110-3b7e-8464-30dc1c93bd6e,AJG,2023-7-1,Is Arthur J. Gallagher & Co.'s (NYSE:AJG) Stock's Recent Performance Being Led By Its Attractive Financial Prospects?,Simply Wall St.,https://finance.yahoo.com/news/arthur-j-gallagher-co-nyse-110033096.html,1686654033,STORY
f9df5201-57ab-3df6-b263-cf0b308abe45,AJG,2023-7-1,Arthur J. Gallagher (AJG) Shares Up 31% YTD: More Upside Left?,Zacks,https://finance.yahoo.com/news/arthur-j-gallagher-ajg-shares-151600315.html,1686323760,STORY
26f06a45-ef74-3dc8-a8ce-0b593821b28d,AJG,2023-7-1,Arthur J. Gallagher & Co. (NYSE:AJG) is favoured by institutional owners who hold 85% of the company,Simply Wall St.,https://finance.yahoo.com/news/arthur-j-gallagher-co-nyse-120247620.html,1686312167,STORY
41e249ed-733d-384f-915e-ada62196ec21,AJG,2023-7-1,"Insiders At Arthur J. Gallagher Sold US$11m In Stock, Alluding To Potential Weakness \",Simply Wall St.,https://finance.yahoo.com/news/insiders-arthur-j-gallagher-sold-130022606.html,1685970022,STORY
2425bf32-a43e-3a02-aa16-5f6da5b1181e,AJG,2023-7-1,Arthur J. Gallagher & Co. to Host Regularly Scheduled Quarterly Investor Meeting with Management,PR Newswire,https://finance.yahoo.com/news/arthur-j-gallagher-co-host-201500254.html,1685650500,STORY
0fdd288e-596e-3378-9760-52b49879a341,AJG,2023-7-2,Should You Be Adding Arthur J. Gallagher (NYSE:AJG) To Your Watchlist Today?,Simply Wall St.,https://finance.yahoo.com/news/adding-arthur-j-gallagher-nyse-110025142.html,1687950025,STORY
725ef443-78d4-3293-8182-d550db923ecd,AJG,2023-7-2,Buck receives four IABC Gold Quill Awards for excellence in strategic employee communications,PR Newswire,https://finance.yahoo.com/news/buck-receives-four-iabc-gold-130000448.html,1687870800,STORY
d5267a31-56f4-3223-8210-bd02f7d80c2d,AJG,2023-7-2,Is Arthur J. Gallagher & Co. (AJG) Trading at a Reasonable Valuation?,Insider Monkey,https://finance.yahoo.com/news/arthur-j-gallagher-co-ajg-114958242.html,1687434598,STORY
751363df-b110-3b7e-8464-30dc1c93bd6e,AJG,2023-7-2,Is Arthur J. Gallagher & Co.'s (NYSE:AJG) Stock's Recent Performance Being Led By Its Attractive Financial Prospects?,Simply Wall St.,https://finance.yahoo.com/news/arthur-j-gallagher-co-nyse-110033096.html,1686654033,STORY
f9df5201-57ab-3df6-b263-cf0b308abe45,AJG,2023-7-2,Arthur J. Gallagher (AJG) Shares Up 31% YTD: More Upside Left?,Zacks,https://finance.yahoo.com/news/arthur-j-gallagher-ajg-shares-151600315.html,1686323760,STORY
26f06a45-ef74-3dc8-a8ce-0b593821b28d,AJG,2023-7-2,Arthur J. Gallagher & Co. (NYSE:AJG) is favoured by institutional owners who hold 85% of the company,Simply Wall St.,https://finance.yahoo.com/news/arthur-j-gallagher-co-nyse-120247620.html,1686312167,STORY
41e249ed-733d-384f-915e-ada62196ec21,AJG,2023-7-2,"Insiders At Arthur J. Gallagher Sold US$11m In Stock, Alluding To Potential Weakness \",Simply Wall St.,https://finance.yahoo.com/news/insiders-arthur-j-gallagher-sold-130022606.html,1685970022,STORY
2425bf32-a43e-3a02-aa16-5f6da5b1181e,AJG,2023-7-2,Arthur J. Gallagher & Co. to Host Regularly Scheduled Quarterly Investor Meeting with Management,PR Newswire,https://finance.yahoo.com/news/arthur-j-gallagher-co-host-201500254.html,1685650500,STORY
0fdd288e-596e-3378-9760-52b49879a341,AJG,2023-7-3,Should You Be Adding Arthur J. Gallagher (NYSE:AJG) To Your Watchlist Today?,Simply Wall St.,https://finance.yahoo.com/news/adding-arthur-j-gallagher-nyse-110025142.html,1687950025,STORY
725ef443-78d4-3293-8182-d550db923ecd,AJG,2023-7-3,Buck receives four IABC Gold Quill Awards for excellence in strategic employee communications,PR Newswire,https://finance.yahoo.com/news/buck-receives-four-iabc-gold-130000448.html,1687870800,STORY
d5267a31-56f4-3223-8210-bd02f7d80c2d,AJG,2023-7-3,Is Arthur J. Gallagher & Co. (AJG) Trading at a Reasonable Valuation?,Insider Monkey,https://finance.yahoo.com/news/arthur-j-gallagher-co-ajg-114958242.html,1687434598,STORY
751363df-b110-3b7e-8464-30dc1c93bd6e,AJG,2023-7-3,Is Arthur J. Gallagher & Co.'s (NYSE:AJG) Stock's Recent Performance Being Led By Its Attractive Financial Prospects?,Simply Wall St.,https://finance.yahoo.com/news/arthur-j-gallagher-co-nyse-110033096.html,1686654033,STORY
f9df5201-57ab-3df6-b263-cf0b308abe45,AJG,2023-7-3,Arthur J. Gallagher (AJG) Shares Up 31% YTD: More Upside Left?,Zacks,https://finance.yahoo.com/news/arthur-j-gallagher-ajg-shares-151600315.html,1686323760,STORY
26f06a45-ef74-3dc8-a8ce-0b593821b28d,AJG,2023-7-3,Arthur J. Gallagher & Co. (NYSE:AJG) is favoured by institutional owners who hold 85% of the company,Simply Wall St.,https://finance.yahoo.com/news/arthur-j-gallagher-co-nyse-120247620.html,1686312167,STORY
41e249ed-733d-384f-915e-ada62196ec21,AJG,2023-7-3,"Insiders At Arthur J. Gallagher Sold US$11m In Stock, Alluding To Potential Weakness \",Simply Wall St.,https://finance.yahoo.com/news/insiders-arthur-j-gallagher-sold-130022606.html,1685970022,STORY
2425bf32-a43e-3a02-aa16-5f6da5b1181e,AJG,2023-7-3,Arthur J. Gallagher & Co. to Host Regularly Scheduled Quarterly Investor Meeting with Management,PR Newswire,https://finance.yahoo.com/news/arthur-j-gallagher-co-host-201500254.html,1685650500,STORY
0fdd288e-596e-3378-9760-52b49879a341,AJG,2023-7-4,Should You Be Adding Arthur J. Gallagher (NYSE:AJG) To Your Watchlist Today?,Simply Wall St.,https://finance.yahoo.com/news/adding-arthur-j-gallagher-nyse-110025142.html,1687950025,STORY
725ef443-78d4-3293-8182-d550db923ecd,AJG,2023-7-4,Buck receives four IABC Gold Quill Awards for excellence in strategic employee communications,PR Newswire,https://finance.yahoo.com/news/buck-receives-four-iabc-gold-130000448.html,1687870800,STORY
d5267a31-56f4-3223-8210-bd02f7d80c2d,AJG,2023-7-4,Is Arthur J. Gallagher & Co. (AJG) Trading at a Reasonable Valuation?,Insider Monkey,https://finance.yahoo.com/news/arthur-j-gallagher-co-ajg-114958242.html,1687434598,STORY
751363df-b110-3b7e-8464-30dc1c93bd6e,AJG,2023-7-4,Is Arthur J. Gallagher & Co.'s (NYSE:AJG) Stock's Recent Performance Being Led By Its Attractive Financial Prospects?,Simply Wall St.,https://finance.yahoo.com/news/arthur-j-gallagher-co-nyse-110033096.html,1686654033,STORY
f9df5201-57ab-3df6-b263-cf0b308abe45,AJG,2023-7-4,Arthur J. Gallagher (AJG) Shares Up 31% YTD: More Upside Left?,Zacks,https://finance.yahoo.com/news/arthur-j-gallagher-ajg-shares-151600315.html,1686323760,STORY
26f06a45-ef74-3dc8-a8ce-0b593821b28d,AJG,2023-7-4,Arthur J. Gallagher & Co. (NYSE:AJG) is favoured by institutional owners who hold 85% of the company,Simply Wall St.,https://finance.yahoo.com/news/arthur-j-gallagher-co-nyse-120247620.html,1686312167,STORY
41e249ed-733d-384f-915e-ada62196ec21,AJG,2023-7-4,"Insiders At Arthur J. Gallagher Sold US$11m In Stock, Alluding To Potential Weakness \",Simply Wall St.,https://finance.yahoo.com/news/insiders-arthur-j-gallagher-sold-130022606.html,1685970022,STORY
2425bf32-a43e-3a02-aa16-5f6da5b1181e,AJG,2023-7-4,Arthur J. Gallagher & Co. to Host Regularly Scheduled Quarterly Investor Meeting with Management,PR Newswire,https://finance.yahoo.com/news/arthur-j-gallagher-co-host-201500254.html,1685650500,STORY
397eb686-43ee-3c48-8c54-c9f44a355c54,AJG,2023-7-5,American Financial (AFG) Closes Crop Risk Services Buyout,Zacks,https://finance.yahoo.com/news/american-financial-afg-closes-crop-154000402.html,1688485200,STORY
0fdd288e-596e-3378-9760-52b49879a341,AJG,2023-7-5,Should You Be Adding Arthur J. Gallagher (NYSE:AJG) To Your Watchlist Today?,Simply Wall St.,https://finance.yahoo.com/news/adding-arthur-j-gallagher-nyse-110025142.html,1687950025,STORY
725ef443-78d4-3293-8182-d550db923ecd,AJG,2023-7-5,Buck receives four IABC Gold Quill Awards for excellence in strategic employee communications,PR Newswire,https://finance.yahoo.com/news/buck-receives-four-iabc-gold-130000448.html,1687870800,STORY
d5267a31-56f4-3223-8210-bd02f7d80c2d,AJG,2023-7-5,Is Arthur J. Gallagher & Co. (AJG) Trading at a Reasonable Valuation?,Insider Monkey,https://finance.yahoo.com/news/arthur-j-gallagher-co-ajg-114958242.html,1687434598,STORY
751363df-b110-3b7e-8464-30dc1c93bd6e,AJG,2023-7-5,Is Arthur J. Gallagher & Co.'s (NYSE:AJG) Stock's Recent Performance Being Led By Its Attractive Financial Prospects?,Simply Wall St.,https://finance.yahoo.com/news/arthur-j-gallagher-co-nyse-110033096.html,1686654033,STORY
f9df5201-57ab-3df6-b263-cf0b308abe45,AJG,2023-7-5,Arthur J. Gallagher (AJG) Shares Up 31% YTD: More Upside Left?,Zacks,https://finance.yahoo.com/news/arthur-j-gallagher-ajg-shares-151600315.html,1686323760,STORY
26f06a45-ef74-3dc8-a8ce-0b593821b28d,AJG,2023-7-5,Arthur J. Gallagher & Co. (NYSE:AJG) is favoured by institutional owners who hold 85% of the company,Simply Wall St.,https://finance.yahoo.com/news/arthur-j-gallagher-co-nyse-120247620.html,1686312167,STORY
41e249ed-733d-384f-915e-ada62196ec21,AJG,2023-7-5,"Insiders At Arthur J. Gallagher Sold US$11m In Stock, Alluding To Potential Weakness \",Simply Wall St.,https://finance.yahoo.com/news/insiders-arthur-j-gallagher-sold-130022606.html,1685970022,STORY
c01500e7-6230-34d5-a535-bc37a3eeed77,AJG,2023-7-6,Arthur J. Gallagher & Co. Acquires Fender Marine AS,PR Newswire,https://finance.yahoo.com/news/arthur-j-gallagher-co-acquires-080000429.html,1688630400,STORY
99c05a15-86ce-3c45-84d6-5c93dec2d277,AJG,2023-7-6,Possible Bearish Signals With Arthur J. Gallagher Insiders Disposing Stock,Simply Wall St.,https://finance.yahoo.com/news/possible-bearish-signals-arthur-j-140024416.html,1688565624,STORY
397eb686-43ee-3c48-8c54-c9f44a355c54,AJG,2023-7-6,American Financial (AFG) Closes Crop Risk Services Buyout,Zacks,https://finance.yahoo.com/news/american-financial-afg-closes-crop-154000402.html,1688485200,STORY
0fdd288e-596e-3378-9760-52b49879a341,AJG,2023-7-6,Should You Be Adding Arthur J. Gallagher (NYSE:AJG) To Your Watchlist Today?,Simply Wall St.,https://finance.yahoo.com/news/adding-arthur-j-gallagher-nyse-110025142.html,1687950025,STORY
725ef443-78d4-3293-8182-d550db923ecd,AJG,2023-7-6,Buck receives four IABC Gold Quill Awards for excellence in strategic employee communications,PR Newswire,https://finance.yahoo.com/news/buck-receives-four-iabc-gold-130000448.html,1687870800,STORY
d5267a31-56f4-3223-8210-bd02f7d80c2d,AJG,2023-7-6,Is Arthur J. Gallagher & Co. (AJG) Trading at a Reasonable Valuation?,Insider Monkey,https://finance.yahoo.com/news/arthur-j-gallagher-co-ajg-114958242.html,1687434598,STORY
751363df-b110-3b7e-8464-30dc1c93bd6e,AJG,2023-7-6,Is Arthur J. Gallagher & Co.'s (NYSE:AJG) Stock's Recent Performance Being Led By Its Attractive Financial Prospects?,Simply Wall St.,https://finance.yahoo.com/news/arthur-j-gallagher-co-nyse-110033096.html,1686654033,STORY
f9df5201-57ab-3df6-b263-cf0b308abe45,AJG,2023-7-6,Arthur J. Gallagher (AJG) Shares Up 31% YTD: More Upside Left?,Zacks,https://finance.yahoo.com/news/arthur-j-gallagher-ajg-shares-151600315.html,1686323760,STORY
87af210e-4078-3c1d-9ab5-1f3e83a23791,AJG,2023-7-7,Arthur J. Gallagher & Co. Announces Second Quarter 2023 Earnings Release And Conference Call Date,PR Newswire,https://finance.yahoo.com/news/arthur-j-gallagher-co-announces-201500816.html,1688674500,STORY
859b4b10-6df8-35e3-8810-52bdc9a5f5a5,AJG,2023-7-7,Arthur J. Gallagher & Co. Acquires The Andersen Group,PR Newswire,https://finance.yahoo.com/news/arthur-j-gallagher-co-acquires-130000134.html,1688648400,STORY
c01500e7-6230-34d5-a535-bc37a3eeed77,AJG,2023-7-7,Arthur J. Gallagher & Co. Acquires Fender Marine AS,PR Newswire,https://finance.yahoo.com/news/arthur-j-gallagher-co-acquires-080000429.html,1688630400,STORY
99c05a15-86ce-3c45-84d6-5c93dec2d277,AJG,2023-7-7,Possible Bearish Signals With Arthur J. Gallagher Insiders Disposing Stock,Simply Wall St.,https://finance.yahoo.com/news/possible-bearish-signals-arthur-j-140024416.html,1688565624,STORY
397eb686-43ee-3c48-8c54-c9f44a355c54,AJG,2023-7-7,American Financial (AFG) Closes Crop Risk Services Buyout,Zacks,https://finance.yahoo.com/news/american-financial-afg-closes-crop-154000402.html,1688485200,STORY
0fdd288e-596e-3378-9760-52b49879a341,AJG,2023-7-7,Should You Be Adding Arthur J. Gallagher (NYSE:AJG) To Your Watchlist Today?,Simply Wall St.,https://finance.yahoo.com/news/adding-arthur-j-gallagher-nyse-110025142.html,1687950025,STORY
725ef443-78d4-3293-8182-d550db923ecd,AJG,2023-7-7,Buck receives four IABC Gold Quill Awards for excellence in strategic employee communications,PR Newswire,https://finance.yahoo.com/news/buck-receives-four-iabc-gold-130000448.html,1687870800,STORY
d5267a31-56f4-3223-8210-bd02f7d80c2d,AJG,2023-7-7,Is Arthur J. Gallagher & Co. (AJG) Trading at a Reasonable Valuation?,Insider Monkey,https://finance.yahoo.com/news/arthur-j-gallagher-co-ajg-114958242.html,1687434598,STORY
c4bdc597-6f86-377f-ac24-411b629340f5,AJG,2023-7-8,"Top Analyst Reports for BHP Group, AstraZeneca & Boeing",Zacks,https://finance.yahoo.com/news/top-analyst-reports-bhp-group-161900343.html,1688746740,STORY
42d7f2aa-c90c-370a-a6d6-4b3665de1e82,AJG,2023-7-8,Arthur J. Gallagher (AJG) Expands With Strategic Acquisitions,Zacks,https://finance.yahoo.com/news/arthur-j-gallagher-ajg-expands-152300753.html,1688743380,STORY
87af210e-4078-3c1d-9ab5-1f3e83a23791,AJG,2023-7-8,Arthur J. Gallagher & Co. Announces Second Quarter 2023 Earnings Release And Conference Call Date,PR Newswire,https://finance.yahoo.com/news/arthur-j-gallagher-co-announces-201500816.html,1688674500,STORY
859b4b10-6df8-35e3-8810-52bdc9a5f5a5,AJG,2023-7-8,Arthur J. Gallagher & Co. Acquires The Andersen Group,PR Newswire,https://finance.yahoo.com/news/arthur-j-gallagher-co-acquires-130000134.html,1688648400,STORY
c01500e7-6230-34d5-a535-bc37a3eeed77,AJG,2023-7-8,Arthur J. Gallagher & Co. Acquires Fender Marine AS,PR Newswire,https://finance.yahoo.com/news/arthur-j-gallagher-co-acquires-080000429.html,1688630400,STORY
99c05a15-86ce-3c45-84d6-5c93dec2d277,AJG,2023-7-8,Possible Bearish Signals With Arthur J. Gallagher Insiders Disposing Stock,Simply Wall St.,https://finance.yahoo.com/news/possible-bearish-signals-arthur-j-140024416.html,1688565624,STORY
397eb686-43ee-3c48-8c54-c9f44a355c54,AJG,2023-7-8,American Financial (AFG) Closes Crop Risk Services Buyout,Zacks,https://finance.yahoo.com/news/american-financial-afg-closes-crop-154000402.html,1688485200,STORY
0fdd288e-596e-3378-9760-52b49879a341,AJG,2023-7-8,Should You Be Adding Arthur J. Gallagher (NYSE:AJG) To Your Watchlist Today?,Simply Wall St.,https://finance.yahoo.com/news/adding-arthur-j-gallagher-nyse-110025142.html,1687950025,STORY
c4bdc597-6f86-377f-ac24-411b629340f5,AJG,2023-7-9,"Top Analyst Reports for BHP Group, AstraZeneca & Boeing",Zacks,https://finance.yahoo.com/news/top-analyst-reports-bhp-group-161900343.html,1688746740,STORY
42d7f2aa-c90c-370a-a6d6-4b3665de1e82,AJG,2023-7-9,Arthur J. Gallagher (AJG) Expands With Strategic Acquisitions,Zacks,https://finance.yahoo.com/news/arthur-j-gallagher-ajg-expands-152300753.html,1688743380,STORY
87af210e-4078-3c1d-9ab5-1f3e83a23791,AJG,2023-7-9,Arthur J. Gallagher & Co. Announces Second Quarter 2023 Earnings Release And Conference Call Date,PR Newswire,https://finance.yahoo.com/news/arthur-j-gallagher-co-announces-201500816.html,1688674500,STORY
859b4b10-6df8-35e3-8810-52bdc9a5f5a5,AJG,2023-7-9,Arthur J. Gallagher & Co. Acquires The Andersen Group,PR Newswire,https://finance.yahoo.com/news/arthur-j-gallagher-co-acquires-130000134.html,1688648400,STORY
c01500e7-6230-34d5-a535-bc37a3eeed77,AJG,2023-7-9,Arthur J. Gallagher & Co. Acquires Fender Marine AS,PR Newswire,https://finance.yahoo.com/news/arthur-j-gallagher-co-acquires-080000429.html,1688630400,STORY
99c05a15-86ce-3c45-84d6-5c93dec2d277,AJG,2023-7-9,Possible Bearish Signals With Arthur J. Gallagher Insiders Disposing Stock,Simply Wall St.,https://finance.yahoo.com/news/possible-bearish-signals-arthur-j-140024416.html,1688565624,STORY
397eb686-43ee-3c48-8c54-c9f44a355c54,AJG,2023-7-9,American Financial (AFG) Closes Crop Risk Services Buyout,Zacks,https://finance.yahoo.com/news/american-financial-afg-closes-crop-154000402.html,1688485200,STORY
0fdd288e-596e-3378-9760-52b49879a341,AJG,2023-7-9,Should You Be Adding Arthur J. Gallagher (NYSE:AJG) To Your Watchlist Today?,Simply Wall St.,https://finance.yahoo.com/news/adding-arthur-j-gallagher-nyse-110025142.html,1687950025,STORY
c4bdc597-6f86-377f-ac24-411b629340f5,AJG,2023-7-10,"Top Analyst Reports for BHP Group, AstraZeneca & Boeing",Zacks,https://finance.yahoo.com/news/top-analyst-reports-bhp-group-161900343.html,1688746740,STORY
42d7f2aa-c90c-370a-a6d6-4b3665de1e82,AJG,2023-7-10,Arthur J. Gallagher (AJG) Expands With Strategic Acquisitions,Zacks,https://finance.yahoo.com/news/arthur-j-gallagher-ajg-expands-152300753.html,1688743380,STORY
87af210e-4078-3c1d-9ab5-1f3e83a23791,AJG,2023-7-10,Arthur J. Gallagher & Co. Announces Second Quarter 2023 Earnings Release And Conference Call Date,PR Newswire,https://finance.yahoo.com/news/arthur-j-gallagher-co-announces-201500816.html,1688674500,STORY
859b4b10-6df8-35e3-8810-52bdc9a5f5a5,AJG,2023-7-10,Arthur J. Gallagher & Co. Acquires The Andersen Group,PR Newswire,https://finance.yahoo.com/news/arthur-j-gallagher-co-acquires-130000134.html,1688648400,STORY
c01500e7-6230-34d5-a535-bc37a3eeed77,AJG,2023-7-10,Arthur J. Gallagher & Co. Acquires Fender Marine AS,PR Newswire,https://finance.yahoo.com/news/arthur-j-gallagher-co-acquires-080000429.html,1688630400,STORY
99c05a15-86ce-3c45-84d6-5c93dec2d277,AJG,2023-7-10,Possible Bearish Signals With Arthur J. Gallagher Insiders Disposing Stock,Simply Wall St.,https://finance.yahoo.com/news/possible-bearish-signals-arthur-j-140024416.html,1688565624,STORY
397eb686-43ee-3c48-8c54-c9f44a355c54,AJG,2023-7-10,American Financial (AFG) Closes Crop Risk Services Buyout,Zacks,https://finance.yahoo.com/news/american-financial-afg-closes-crop-154000402.html,1688485200,STORY
0fdd288e-596e-3378-9760-52b49879a341,AJG,2023-7-10,Should You Be Adding Arthur J. Gallagher (NYSE:AJG) To Your Watchlist Today?,Simply Wall St.,https://finance.yahoo.com/news/adding-arthur-j-gallagher-nyse-110025142.html,1687950025,STORY
11b0c510-4313-3f41-b437-94fe2da3e160,AJG,2023-7-11,Arthur J. Gallagher (AJG) Up 14% YTD: Will the Bull Run Last?,Zacks,https://finance.yahoo.com/news/arthur-j-gallagher-ajg-14-171800557.html,1689009480,STORY
c4bdc597-6f86-377f-ac24-411b629340f5,AJG,2023-7-11,"Top Analyst Reports for BHP Group, AstraZeneca & Boeing",Zacks,https://finance.yahoo.com/news/top-analyst-reports-bhp-group-161900343.html,1688746740,STORY
42d7f2aa-c90c-370a-a6d6-4b3665de1e82,AJG,2023-7-11,Arthur J. Gallagher (AJG) Expands With Strategic Acquisitions,Zacks,https://finance.yahoo.com/news/arthur-j-gallagher-ajg-expands-152300753.html,1688743380,STORY
87af210e-4078-3c1d-9ab5-1f3e83a23791,AJG,2023-7-11,Arthur J. Gallagher & Co. Announces Second Quarter 2023 Earnings Release And Conference Call Date,PR Newswire,https://finance.yahoo.com/news/arthur-j-gallagher-co-announces-201500816.html,1688674500,STORY
859b4b10-6df8-35e3-8810-52bdc9a5f5a5,AJG,2023-7-11,Arthur J. Gallagher & Co. Acquires The Andersen Group,PR Newswire,https://finance.yahoo.com/news/arthur-j-gallagher-co-acquires-130000134.html,1688648400,STORY
c01500e7-6230-34d5-a535-bc37a3eeed77,AJG,2023-7-11,Arthur J. Gallagher & Co. Acquires Fender Marine AS,PR Newswire,https://finance.yahoo.com/news/arthur-j-gallagher-co-acquires-080000429.html,1688630400,STORY
99c05a15-86ce-3c45-84d6-5c93dec2d277,AJG,2023-7-11,Possible Bearish Signals With Arthur J. Gallagher Insiders Disposing Stock,Simply Wall St.,https://finance.yahoo.com/news/possible-bearish-signals-arthur-j-140024416.html,1688565624,STORY
397eb686-43ee-3c48-8c54-c9f44a355c54,AJG,2023-7-11,American Financial (AFG) Closes Crop Risk Services Buyout,Zacks,https://finance.yahoo.com/news/american-financial-afg-closes-crop-154000402.html,1688485200,STORY
11b0c510-4313-3f41-b437-94fe2da3e160,AJG,2023-7-12,Arthur J. Gallagher (AJG) Up 14% YTD: Will the Bull Run Last?,Zacks,https://finance.yahoo.com/news/arthur-j-gallagher-ajg-14-171800557.html,1689009480,STORY
c4bdc597-6f86-377f-ac24-411b629340f5,AJG,2023-7-12,"Top Analyst Reports for BHP Group, AstraZeneca & Boeing",Zacks,https://finance.yahoo.com/news/top-analyst-reports-bhp-group-161900343.html,1688746740,STORY
42d7f2aa-c90c-370a-a6d6-4b3665de1e82,AJG,2023-7-12,Arthur J. Gallagher (AJG) Expands With Strategic Acquisitions,Zacks,https://finance.yahoo.com/news/arthur-j-gallagher-ajg-expands-152300753.html,1688743380,STORY
87af210e-4078-3c1d-9ab5-1f3e83a23791,AJG,2023-7-12,Arthur J. Gallagher & Co. Announces Second Quarter 2023 Earnings Release And Conference Call Date,PR Newswire,https://finance.yahoo.com/news/arthur-j-gallagher-co-announces-201500816.html,1688674500,STORY
859b4b10-6df8-35e3-8810-52bdc9a5f5a5,AJG,2023-7-12,Arthur J. Gallagher & Co. Acquires The Andersen Group,PR Newswire,https://finance.yahoo.com/news/arthur-j-gallagher-co-acquires-130000134.html,1688648400,STORY
c01500e7-6230-34d5-a535-bc37a3eeed77,AJG,2023-7-12,Arthur J. Gallagher & Co. Acquires Fender Marine AS,PR Newswire,https://finance.yahoo.com/news/arthur-j-gallagher-co-acquires-080000429.html,1688630400,STORY
99c05a15-86ce-3c45-84d6-5c93dec2d277,AJG,2023-7-12,Possible Bearish Signals With Arthur J. Gallagher Insiders Disposing Stock,Simply Wall St.,https://finance.yahoo.com/news/possible-bearish-signals-arthur-j-140024416.html,1688565624,STORY
397eb686-43ee-3c48-8c54-c9f44a355c54,AJG,2023-7-12,American Financial (AFG) Closes Crop Risk Services Buyout,Zacks,https://finance.yahoo.com/news/american-financial-afg-closes-crop-154000402.html,1688485200,STORY
11b0c510-4313-3f41-b437-94fe2da3e160,AJG,2023-7-13,Arthur J. Gallagher (AJG) Up 14% YTD: Will the Bull Run Last?,Zacks,https://finance.yahoo.com/news/arthur-j-gallagher-ajg-14-171800557.html,1689009480,STORY
c4bdc597-6f86-377f-ac24-411b629340f5,AJG,2023-7-13,"Top Analyst Reports for BHP Group, AstraZeneca & Boeing",Zacks,https://finance.yahoo.com/news/top-analyst-reports-bhp-group-161900343.html,1688746740,STORY
42d7f2aa-c90c-370a-a6d6-4b3665de1e82,AJG,2023-7-13,Arthur J. Gallagher (AJG) Expands With Strategic Acquisitions,Zacks,https://finance.yahoo.com/news/arthur-j-gallagher-ajg-expands-152300753.html,1688743380,STORY
87af210e-4078-3c1d-9ab5-1f3e83a23791,AJG,2023-7-13,Arthur J. Gallagher & Co. Announces Second Quarter 2023 Earnings Release And Conference Call Date,PR Newswire,https://finance.yahoo.com/news/arthur-j-gallagher-co-announces-201500816.html,1688674500,STORY
859b4b10-6df8-35e3-8810-52bdc9a5f5a5,AJG,2023-7-13,Arthur J. Gallagher & Co. Acquires The Andersen Group,PR Newswire,https://finance.yahoo.com/news/arthur-j-gallagher-co-acquires-130000134.html,1688648400,STORY
c01500e7-6230-34d5-a535-bc37a3eeed77,AJG,2023-7-13,Arthur J. Gallagher & Co. Acquires Fender Marine AS,PR Newswire,https://finance.yahoo.com/news/arthur-j-gallagher-co-acquires-080000429.html,1688630400,STORY
99c05a15-86ce-3c45-84d6-5c93dec2d277,AJG,2023-7-13,Possible Bearish Signals With Arthur J. Gallagher Insiders Disposing Stock,Simply Wall St.,https://finance.yahoo.com/news/possible-bearish-signals-arthur-j-140024416.html,1688565624,STORY
397eb686-43ee-3c48-8c54-c9f44a355c54,AJG,2023-7-13,American Financial (AFG) Closes Crop Risk Services Buyout,Zacks,https://finance.yahoo.com/news/american-financial-afg-closes-crop-154000402.html,1688485200,STORY
76dc629e-443b-3a3d-89ca-59a35e3bdff9,AJG,2023-7-14,Arthur J. Gallagher & Co. (NYSE:AJG) is largely controlled by institutional shareholders who own 86% of the company,Simply Wall St.,https://finance.yahoo.com/news/arthur-j-gallagher-co-nyse-110102365.html,1689332462,STORY
e36ce30a-d8be-3f3f-a57d-b34b56c6ec6c,AJG,2023-7-14,Marsh & McLennan (MMC) Unit Expands in the Healthcare Industry,Zacks,https://finance.yahoo.com/news/marsh-mclennan-mmc-unit-expands-155400571.html,1689263640,STORY
bf0945ec-99c9-3320-b8b0-c634dda87b0d,AJG,2023-7-14,Arthur J. Gallagher & Co. Acquires Benchmark Commercial Insurance Services,PR Newswire,https://finance.yahoo.com/news/arthur-j-gallagher-co-acquires-130000152.html,1689253200,STORY
11b0c510-4313-3f41-b437-94fe2da3e160,AJG,2023-7-14,Arthur J. Gallagher (AJG) Up 14% YTD: Will the Bull Run Last?,Zacks,https://finance.yahoo.com/news/arthur-j-gallagher-ajg-14-171800557.html,1689009480,STORY
c4bdc597-6f86-377f-ac24-411b629340f5,AJG,2023-7-14,"Top Analyst Reports for BHP Group, AstraZeneca & Boeing",Zacks,https://finance.yahoo.com/news/top-analyst-reports-bhp-group-161900343.html,1688746740,STORY
42d7f2aa-c90c-370a-a6d6-4b3665de1e82,AJG,2023-7-14,Arthur J. Gallagher (AJG) Expands With Strategic Acquisitions,Zacks,https://finance.yahoo.com/news/arthur-j-gallagher-ajg-expands-152300753.html,1688743380,STORY
87af210e-4078-3c1d-9ab5-1f3e83a23791,AJG,2023-7-14,Arthur J. Gallagher & Co. Announces Second Quarter 2023 Earnings Release And Conference Call Date,PR Newswire,https://finance.yahoo.com/news/arthur-j-gallagher-co-announces-201500816.html,1688674500,STORY
859b4b10-6df8-35e3-8810-52bdc9a5f5a5,AJG,2023-7-14,Arthur J. Gallagher & Co. Acquires The Andersen Group,PR Newswire,https://finance.yahoo.com/news/arthur-j-gallagher-co-acquires-130000134.html,1688648400,STORY
f5090181-82ea-3c76-bcd1-1e08c5f9b2b4,AJG,2023-7-15,Arthur J. Gallagher (AJG) Boosts Insurance Business With Buyout,Zacks,https://finance.yahoo.com/news/arthur-j-gallagher-ajg-boosts-123600537.html,1689338160,STORY
76dc629e-443b-3a3d-89ca-59a35e3bdff9,AJG,2023-7-15,Arthur J. Gallagher & Co. (NYSE:AJG) is largely controlled by institutional shareholders who own 86% of the company,Simply Wall St.,https://finance.yahoo.com/news/arthur-j-gallagher-co-nyse-110102365.html,1689332462,STORY
e36ce30a-d8be-3f3f-a57d-b34b56c6ec6c,AJG,2023-7-15,Marsh & McLennan (MMC) Unit Expands in the Healthcare Industry,Zacks,https://finance.yahoo.com/news/marsh-mclennan-mmc-unit-expands-155400571.html,1689263640,STORY
bf0945ec-99c9-3320-b8b0-c634dda87b0d,AJG,2023-7-15,Arthur J. Gallagher & Co. Acquires Benchmark Commercial Insurance Services,PR Newswire,https://finance.yahoo.com/news/arthur-j-gallagher-co-acquires-130000152.html,1689253200,STORY
11b0c510-4313-3f41-b437-94fe2da3e160,AJG,2023-7-15,Arthur J. Gallagher (AJG) Up 14% YTD: Will the Bull Run Last?,Zacks,https://finance.yahoo.com/news/arthur-j-gallagher-ajg-14-171800557.html,1689009480,STORY
c4bdc597-6f86-377f-ac24-411b629340f5,AJG,2023-7-15,"Top Analyst Reports for BHP Group, AstraZeneca & Boeing",Zacks,https://finance.yahoo.com/news/top-analyst-reports-bhp-group-161900343.html,1688746740,STORY
42d7f2aa-c90c-370a-a6d6-4b3665de1e82,AJG,2023-7-15,Arthur J. Gallagher (AJG) Expands With Strategic Acquisitions,Zacks,https://finance.yahoo.com/news/arthur-j-gallagher-ajg-expands-152300753.html,1688743380,STORY
87af210e-4078-3c1d-9ab5-1f3e83a23791,AJG,2023-7-15,Arthur J. Gallagher & Co. Announces Second Quarter 2023 Earnings Release And Conference Call Date,PR Newswire,https://finance.yahoo.com/news/arthur-j-gallagher-co-announces-201500816.html,1688674500,STORY
f5090181-82ea-3c76-bcd1-1e08c5f9b2b4,AJG,2023-7-16,Arthur J. Gallagher (AJG) Boosts Insurance Business With Buyout,Zacks,https://finance.yahoo.com/news/arthur-j-gallagher-ajg-boosts-123600537.html,1689338160,STORY
76dc629e-443b-3a3d-89ca-59a35e3bdff9,AJG,2023-7-16,Arthur J. Gallagher & Co. (NYSE:AJG) is largely controlled by institutional shareholders who own 86% of the company,Simply Wall St.,https://finance.yahoo.com/news/arthur-j-gallagher-co-nyse-110102365.html,1689332462,STORY
e36ce30a-d8be-3f3f-a57d-b34b56c6ec6c,AJG,2023-7-16,Marsh & McLennan (MMC) Unit Expands in the Healthcare Industry,Zacks,https://finance.yahoo.com/news/marsh-mclennan-mmc-unit-expands-155400571.html,1689263640,STORY
bf0945ec-99c9-3320-b8b0-c634dda87b0d,AJG,2023-7-16,Arthur J. Gallagher & Co. Acquires Benchmark Commercial Insurance Services,PR Newswire,https://finance.yahoo.com/news/arthur-j-gallagher-co-acquires-130000152.html,1689253200,STORY
11b0c510-4313-3f41-b437-94fe2da3e160,AJG,2023-7-16,Arthur J. Gallagher (AJG) Up 14% YTD: Will the Bull Run Last?,Zacks,https://finance.yahoo.com/news/arthur-j-gallagher-ajg-14-171800557.html,1689009480,STORY
c4bdc597-6f86-377f-ac24-411b629340f5,AJG,2023-7-16,"Top Analyst Reports for BHP Group, AstraZeneca & Boeing",Zacks,https://finance.yahoo.com/news/top-analyst-reports-bhp-group-161900343.html,1688746740,STORY
42d7f2aa-c90c-370a-a6d6-4b3665de1e82,AJG,2023-7-16,Arthur J. Gallagher (AJG) Expands With Strategic Acquisitions,Zacks,https://finance.yahoo.com/news/arthur-j-gallagher-ajg-expands-152300753.html,1688743380,STORY
87af210e-4078-3c1d-9ab5-1f3e83a23791,AJG,2023-7-16,Arthur J. Gallagher & Co. Announces Second Quarter 2023 Earnings Release And Conference Call Date,PR Newswire,https://finance.yahoo.com/news/arthur-j-gallagher-co-announces-201500816.html,1688674500,STORY
f5090181-82ea-3c76-bcd1-1e08c5f9b2b4,AJG,2023-7-17,Arthur J. Gallagher (AJG) Boosts Insurance Business With Buyout,Zacks,https://finance.yahoo.com/news/arthur-j-gallagher-ajg-boosts-123600537.html,1689338160,STORY
76dc629e-443b-3a3d-89ca-59a35e3bdff9,AJG,2023-7-17,Arthur J. Gallagher & Co. (NYSE:AJG) is largely controlled by institutional shareholders who own 86% of the company,Simply Wall St.,https://finance.yahoo.com/news/arthur-j-gallagher-co-nyse-110102365.html,1689332462,STORY
e36ce30a-d8be-3f3f-a57d-b34b56c6ec6c,AJG,2023-7-17,Marsh & McLennan (MMC) Unit Expands in the Healthcare Industry,Zacks,https://finance.yahoo.com/news/marsh-mclennan-mmc-unit-expands-155400571.html,1689263640,STORY
bf0945ec-99c9-3320-b8b0-c634dda87b0d,AJG,2023-7-17,Arthur J. Gallagher & Co. Acquires Benchmark Commercial Insurance Services,PR Newswire,https://finance.yahoo.com/news/arthur-j-gallagher-co-acquires-130000152.html,1689253200,STORY
11b0c510-4313-3f41-b437-94fe2da3e160,AJG,2023-7-17,Arthur J. Gallagher (AJG) Up 14% YTD: Will the Bull Run Last?,Zacks,https://finance.yahoo.com/news/arthur-j-gallagher-ajg-14-171800557.html,1689009480,STORY
c4bdc597-6f86-377f-ac24-411b629340f5,AJG,2023-7-17,"Top Analyst Reports for BHP Group, AstraZeneca & Boeing",Zacks,https://finance.yahoo.com/news/top-analyst-reports-bhp-group-161900343.html,1688746740,STORY
42d7f2aa-c90c-370a-a6d6-4b3665de1e82,AJG,2023-7-17,Arthur J. Gallagher (AJG) Expands With Strategic Acquisitions,Zacks,https://finance.yahoo.com/news/arthur-j-gallagher-ajg-expands-152300753.html,1688743380,STORY
87af210e-4078-3c1d-9ab5-1f3e83a23791,AJG,2023-7-17,Arthur J. Gallagher & Co. Announces Second Quarter 2023 Earnings Release And Conference Call Date,PR Newswire,https://finance.yahoo.com/news/arthur-j-gallagher-co-announces-201500816.html,1688674500,STORY
8047c471-91f5-3314-98f1-576e0b7f0544,AJG,2023-7-20,Is Arthur J. Gallagher & Co.'s (NYSE:AJG) Latest Stock Performance Being Led By Its Strong Fundamentals?,Simply Wall St.,https://finance.yahoo.com/news/arthur-j-gallagher-co-nyse-120036843.html,1689768036,STORY
f5090181-82ea-3c76-bcd1-1e08c5f9b2b4,AJG,2023-7-20,Arthur J. Gallagher (AJG) Boosts Insurance Business With Buyout,Zacks,https://finance.yahoo.com/news/arthur-j-gallagher-ajg-boosts-123600537.html,1689338160,STORY
76dc629e-443b-3a3d-89ca-59a35e3bdff9,AJG,2023-7-20,Arthur J. Gallagher & Co. (NYSE:AJG) is largely controlled by institutional shareholders who own 86% of the company,Simply Wall St.,https://finance.yahoo.com/news/arthur-j-gallagher-co-nyse-110102365.html,1689332462,STORY
e36ce30a-d8be-3f3f-a57d-b34b56c6ec6c,AJG,2023-7-20,Marsh & McLennan (MMC) Unit Expands in the Healthcare Industry,Zacks,https://finance.yahoo.com/news/marsh-mclennan-mmc-unit-expands-155400571.html,1689263640,STORY
bf0945ec-99c9-3320-b8b0-c634dda87b0d,AJG,2023-7-20,Arthur J. Gallagher & Co. Acquires Benchmark Commercial Insurance Services,PR Newswire,https://finance.yahoo.com/news/arthur-j-gallagher-co-acquires-130000152.html,1689253200,STORY
11b0c510-4313-3f41-b437-94fe2da3e160,AJG,2023-7-20,Arthur J. Gallagher (AJG) Up 14% YTD: Will the Bull Run Last?,Zacks,https://finance.yahoo.com/news/arthur-j-gallagher-ajg-14-171800557.html,1689009480,STORY
c4bdc597-6f86-377f-ac24-411b629340f5,AJG,2023-7-20,"Top Analyst Reports for BHP Group, AstraZeneca & Boeing",Zacks,https://finance.yahoo.com/news/top-analyst-reports-bhp-group-161900343.html,1688746740,STORY
42d7f2aa-c90c-370a-a6d6-4b3665de1e82,AJG,2023-7-20,Arthur J. Gallagher (AJG) Expands With Strategic Acquisitions,Zacks,https://finance.yahoo.com/news/arthur-j-gallagher-ajg-expands-152300753.html,1688743380,STORY
e845b778-fc0f-319c-bf1b-2e090210c73c,AJG,2023-7-21,Arthur J. Gallagher (AJG) Earnings Expected to Grow: Should You Buy?,Zacks,https://finance.yahoo.com/news/arthur-j-gallagher-ajg-earnings-140230895.html,1689861750,STORY
8047c471-91f5-3314-98f1-576e0b7f0544,AJG,2023-7-21,Is Arthur J. Gallagher & Co.'s (NYSE:AJG) Latest Stock Performance Being Led By Its Strong Fundamentals?,Simply Wall St.,https://finance.yahoo.com/news/arthur-j-gallagher-co-nyse-120036843.html,1689768036,STORY
f5090181-82ea-3c76-bcd1-1e08c5f9b2b4,AJG,2023-7-21,Arthur J. Gallagher (AJG) Boosts Insurance Business With Buyout,Zacks,https://finance.yahoo.com/news/arthur-j-gallagher-ajg-boosts-123600537.html,1689338160,STORY
76dc629e-443b-3a3d-89ca-59a35e3bdff9,AJG,2023-7-21,Arthur J. Gallagher & Co. (NYSE:AJG) is largely controlled by institutional shareholders who own 86% of the company,Simply Wall St.,https://finance.yahoo.com/news/arthur-j-gallagher-co-nyse-110102365.html,1689332462,STORY
e36ce30a-d8be-3f3f-a57d-b34b56c6ec6c,AJG,2023-7-21,Marsh & McLennan (MMC) Unit Expands in the Healthcare Industry,Zacks,https://finance.yahoo.com/news/marsh-mclennan-mmc-unit-expands-155400571.html,1689263640,STORY
bf0945ec-99c9-3320-b8b0-c634dda87b0d,AJG,2023-7-21,Arthur J. Gallagher & Co. Acquires Benchmark Commercial Insurance Services,PR Newswire,https://finance.yahoo.com/news/arthur-j-gallagher-co-acquires-130000152.html,1689253200,STORY
11b0c510-4313-3f41-b437-94fe2da3e160,AJG,2023-7-21,Arthur J. Gallagher (AJG) Up 14% YTD: Will the Bull Run Last?,Zacks,https://finance.yahoo.com/news/arthur-j-gallagher-ajg-14-171800557.html,1689009480,STORY
c4bdc597-6f86-377f-ac24-411b629340f5,AJG,2023-7-21,"Top Analyst Reports for BHP Group, AstraZeneca & Boeing",Zacks,https://finance.yahoo.com/news/top-analyst-reports-bhp-group-161900343.html,1688746740,STORY
57e72e66-27fd-3528-873f-84388413288c,AJG,2023-7-22,Aon (AON) Earnings Expected to Grow: Should You Buy?,Zacks,https://finance.yahoo.com/news/aon-aon-earnings-expected-grow-140022798.html,1689948022,STORY
e845b778-fc0f-319c-bf1b-2e090210c73c,AJG,2023-7-22,Arthur J. Gallagher (AJG) Earnings Expected to Grow: Should You Buy?,Zacks,https://finance.yahoo.com/news/arthur-j-gallagher-ajg-earnings-140230895.html,1689861750,STORY
8047c471-91f5-3314-98f1-576e0b7f0544,AJG,2023-7-22,Is Arthur J. Gallagher & Co.'s (NYSE:AJG) Latest Stock Performance Being Led By Its Strong Fundamentals?,Simply Wall St.,https://finance.yahoo.com/news/arthur-j-gallagher-co-nyse-120036843.html,1689768036,STORY
f5090181-82ea-3c76-bcd1-1e08c5f9b2b4,AJG,2023-7-22,Arthur J. Gallagher (AJG) Boosts Insurance Business With Buyout,Zacks,https://finance.yahoo.com/news/arthur-j-gallagher-ajg-boosts-123600537.html,1689338160,STORY
76dc629e-443b-3a3d-89ca-59a35e3bdff9,AJG,2023-7-22,Arthur J. Gallagher & Co. (NYSE:AJG) is largely controlled by institutional shareholders who own 86% of the company,Simply Wall St.,https://finance.yahoo.com/news/arthur-j-gallagher-co-nyse-110102365.html,1689332462,STORY
e36ce30a-d8be-3f3f-a57d-b34b56c6ec6c,AJG,2023-7-22,Marsh & McLennan (MMC) Unit Expands in the Healthcare Industry,Zacks,https://finance.yahoo.com/news/marsh-mclennan-mmc-unit-expands-155400571.html,1689263640,STORY
bf0945ec-99c9-3320-b8b0-c634dda87b0d,AJG,2023-7-22,Arthur J. Gallagher & Co. Acquires Benchmark Commercial Insurance Services,PR Newswire,https://finance.yahoo.com/news/arthur-j-gallagher-co-acquires-130000152.html,1689253200,STORY
11b0c510-4313-3f41-b437-94fe2da3e160,AJG,2023-7-22,Arthur J. Gallagher (AJG) Up 14% YTD: Will the Bull Run Last?,Zacks,https://finance.yahoo.com/news/arthur-j-gallagher-ajg-14-171800557.html,1689009480,STORY
17eb5ac8-2f28-3765-aac4-58267bddb9dc,AJG,2023-7-23,Arthur J. Gallagher (NYSE:AJG) shareholders have earned a 27% CAGR over the last five years,Simply Wall St.,https://finance.yahoo.com/news/arthur-j-gallagher-nyse-ajg-110020057.html,1690110020,STORY
57e72e66-27fd-3528-873f-84388413288c,AJG,2023-7-23,Aon (AON) Earnings Expected to Grow: Should You Buy?,Zacks,https://finance.yahoo.com/news/aon-aon-earnings-expected-grow-140022798.html,1689948022,STORY
e845b778-fc0f-319c-bf1b-2e090210c73c,AJG,2023-7-23,Arthur J. Gallagher (AJG) Earnings Expected to Grow: Should You Buy?,Zacks,https://finance.yahoo.com/news/arthur-j-gallagher-ajg-earnings-140230895.html,1689861750,STORY
8047c471-91f5-3314-98f1-576e0b7f0544,AJG,2023-7-23,Is Arthur J. Gallagher & Co.'s (NYSE:AJG) Latest Stock Performance Being Led By Its Strong Fundamentals?,Simply Wall St.,https://finance.yahoo.com/news/arthur-j-gallagher-co-nyse-120036843.html,1689768036,STORY
f5090181-82ea-3c76-bcd1-1e08c5f9b2b4,AJG,2023-7-23,Arthur J. Gallagher (AJG) Boosts Insurance Business With Buyout,Zacks,https://finance.yahoo.com/news/arthur-j-gallagher-ajg-boosts-123600537.html,1689338160,STORY
76dc629e-443b-3a3d-89ca-59a35e3bdff9,AJG,2023-7-23,Arthur J. Gallagher & Co. (NYSE:AJG) is largely controlled by institutional shareholders who own 86% of the company,Simply Wall St.,https://finance.yahoo.com/news/arthur-j-gallagher-co-nyse-110102365.html,1689332462,STORY
e36ce30a-d8be-3f3f-a57d-b34b56c6ec6c,AJG,2023-7-23,Marsh & McLennan (MMC) Unit Expands in the Healthcare Industry,Zacks,https://finance.yahoo.com/news/marsh-mclennan-mmc-unit-expands-155400571.html,1689263640,STORY
bf0945ec-99c9-3320-b8b0-c634dda87b0d,AJG,2023-7-23,Arthur J. Gallagher & Co. Acquires Benchmark Commercial Insurance Services,PR Newswire,https://finance.yahoo.com/news/arthur-j-gallagher-co-acquires-130000152.html,1689253200,STORY
17eb5ac8-2f28-3765-aac4-58267bddb9dc,AJG,2023-7-24,Arthur J. Gallagher (NYSE:AJG) shareholders have earned a 27% CAGR over the last five years,Simply Wall St.,https://finance.yahoo.com/news/arthur-j-gallagher-nyse-ajg-110020057.html,1690110020,STORY
57e72e66-27fd-3528-873f-84388413288c,AJG,2023-7-24,Aon (AON) Earnings Expected to Grow: Should You Buy?,Zacks,https://finance.yahoo.com/news/aon-aon-earnings-expected-grow-140022798.html,1689948022,STORY
e845b778-fc0f-319c-bf1b-2e090210c73c,AJG,2023-7-24,Arthur J. Gallagher (AJG) Earnings Expected to Grow: Should You Buy?,Zacks,https://finance.yahoo.com/news/arthur-j-gallagher-ajg-earnings-140230895.html,1689861750,STORY
8047c471-91f5-3314-98f1-576e0b7f0544,AJG,2023-7-24,Is Arthur J. Gallagher & Co.'s (NYSE:AJG) Latest Stock Performance Being Led By Its Strong Fundamentals?,Simply Wall St.,https://finance.yahoo.com/news/arthur-j-gallagher-co-nyse-120036843.html,1689768036,STORY
f5090181-82ea-3c76-bcd1-1e08c5f9b2b4,AJG,2023-7-24,Arthur J. Gallagher (AJG) Boosts Insurance Business With Buyout,Zacks,https://finance.yahoo.com/news/arthur-j-gallagher-ajg-boosts-123600537.html,1689338160,STORY
76dc629e-443b-3a3d-89ca-59a35e3bdff9,AJG,2023-7-24,Arthur J. Gallagher & Co. (NYSE:AJG) is largely controlled by institutional shareholders who own 86% of the company,Simply Wall St.,https://finance.yahoo.com/news/arthur-j-gallagher-co-nyse-110102365.html,1689332462,STORY
e36ce30a-d8be-3f3f-a57d-b34b56c6ec6c,AJG,2023-7-24,Marsh & McLennan (MMC) Unit Expands in the Healthcare Industry,Zacks,https://finance.yahoo.com/news/marsh-mclennan-mmc-unit-expands-155400571.html,1689263640,STORY
bf0945ec-99c9-3320-b8b0-c634dda87b0d,AJG,2023-7-24,Arthur J. Gallagher & Co. Acquires Benchmark Commercial Insurance Services,PR Newswire,https://finance.yahoo.com/news/arthur-j-gallagher-co-acquires-130000152.html,1689253200,STORY
17eb5ac8-2f28-3765-aac4-58267bddb9dc,AJG,2023-7-25,Arthur J. Gallagher (NYSE:AJG) shareholders have earned a 27% CAGR over the last five years,Simply Wall St.,https://finance.yahoo.com/news/arthur-j-gallagher-nyse-ajg-110020057.html,1690110020,STORY
57e72e66-27fd-3528-873f-84388413288c,AJG,2023-7-25,Aon (AON) Earnings Expected to Grow: Should You Buy?,Zacks,https://finance.yahoo.com/news/aon-aon-earnings-expected-grow-140022798.html,1689948022,STORY
e845b778-fc0f-319c-bf1b-2e090210c73c,AJG,2023-7-25,Arthur J. Gallagher (AJG) Earnings Expected to Grow: Should You Buy?,Zacks,https://finance.yahoo.com/news/arthur-j-gallagher-ajg-earnings-140230895.html,1689861750,STORY
8047c471-91f5-3314-98f1-576e0b7f0544,AJG,2023-7-25,Is Arthur J. Gallagher & Co.'s (NYSE:AJG) Latest Stock Performance Being Led By Its Strong Fundamentals?,Simply Wall St.,https://finance.yahoo.com/news/arthur-j-gallagher-co-nyse-120036843.html,1689768036,STORY
f5090181-82ea-3c76-bcd1-1e08c5f9b2b4,AJG,2023-7-25,Arthur J. Gallagher (AJG) Boosts Insurance Business With Buyout,Zacks,https://finance.yahoo.com/news/arthur-j-gallagher-ajg-boosts-123600537.html,1689338160,STORY
76dc629e-443b-3a3d-89ca-59a35e3bdff9,AJG,2023-7-25,Arthur J. Gallagher & Co. (NYSE:AJG) is largely controlled by institutional shareholders who own 86% of the company,Simply Wall St.,https://finance.yahoo.com/news/arthur-j-gallagher-co-nyse-110102365.html,1689332462,STORY
e36ce30a-d8be-3f3f-a57d-b34b56c6ec6c,AJG,2023-7-25,Marsh & McLennan (MMC) Unit Expands in the Healthcare Industry,Zacks,https://finance.yahoo.com/news/marsh-mclennan-mmc-unit-expands-155400571.html,1689263640,STORY
bf0945ec-99c9-3320-b8b0-c634dda87b0d,AJG,2023-7-25,Arthur J. Gallagher & Co. Acquires Benchmark Commercial Insurance Services,PR Newswire,https://finance.yahoo.com/news/arthur-j-gallagher-co-acquires-130000152.html,1689253200,STORY
9d8139fe-f75d-313f-b498-575a540fa755,AJG,2023-7-26,What's in Store for Arthur J. Gallagher (AJG) in Q2 Earnings?,Zacks,https://finance.yahoo.com/news/whats-store-arthur-j-gallagher-151600465.html,1690298160,STORY
a8fbfb57-f120-30f3-9152-22afd594e415,AJG,2023-7-26,Arthur J. Gallagher & Co. Acquires Hagan Insurance Group,PR Newswire,https://finance.yahoo.com/news/arthur-j-gallagher-co-acquires-130000851.html,1690290000,STORY
17eb5ac8-2f28-3765-aac4-58267bddb9dc,AJG,2023-7-26,Arthur J. Gallagher (NYSE:AJG) shareholders have earned a 27% CAGR over the last five years,Simply Wall St.,https://finance.yahoo.com/news/arthur-j-gallagher-nyse-ajg-110020057.html,1690110020,STORY
57e72e66-27fd-3528-873f-84388413288c,AJG,2023-7-26,Aon (AON) Earnings Expected to Grow: Should You Buy?,Zacks,https://finance.yahoo.com/news/aon-aon-earnings-expected-grow-140022798.html,1689948022,STORY
e845b778-fc0f-319c-bf1b-2e090210c73c,AJG,2023-7-26,Arthur J. Gallagher (AJG) Earnings Expected to Grow: Should You Buy?,Zacks,https://finance.yahoo.com/news/arthur-j-gallagher-ajg-earnings-140230895.html,1689861750,STORY
8047c471-91f5-3314-98f1-576e0b7f0544,AJG,2023-7-26,Is Arthur J. Gallagher & Co.'s (NYSE:AJG) Latest Stock Performance Being Led By Its Strong Fundamentals?,Simply Wall St.,https://finance.yahoo.com/news/arthur-j-gallagher-co-nyse-120036843.html,1689768036,STORY
f5090181-82ea-3c76-bcd1-1e08c5f9b2b4,AJG,2023-7-26,Arthur J. Gallagher (AJG) Boosts Insurance Business With Buyout,Zacks,https://finance.yahoo.com/news/arthur-j-gallagher-ajg-boosts-123600537.html,1689338160,STORY
76dc629e-443b-3a3d-89ca-59a35e3bdff9,AJG,2023-7-26,Arthur J. Gallagher & Co. (NYSE:AJG) is largely controlled by institutional shareholders who own 86% of the company,Simply Wall St.,https://finance.yahoo.com/news/arthur-j-gallagher-co-nyse-110102365.html,1689332462,STORY
2fa794e0-ab08-3699-bb87-21cf1241ad33,AJG,2023-7-27,Arthur J. Gallagher & Co. Announces Regular Third Quarter Dividend,PR Newswire,https://finance.yahoo.com/news/arthur-j-gallagher-co-announces-201300412.html,1690402380,STORY
fc85b116-4f1f-3e5f-a7b9-0f23562cba11,AJG,2023-7-27,"Insurance Stocks' Q2 Earnings Due on Jul 27: AJG, CINF & More",Zacks,https://finance.yahoo.com/news/insurance-stocks-q2-earnings-due-133200087.html,1690378320,STORY
9d8139fe-f75d-313f-b498-575a540fa755,AJG,2023-7-27,What's in Store for Arthur J. Gallagher (AJG) in Q2 Earnings?,Zacks,https://finance.yahoo.com/news/whats-store-arthur-j-gallagher-151600465.html,1690298160,STORY
a8fbfb57-f120-30f3-9152-22afd594e415,AJG,2023-7-27,Arthur J. Gallagher & Co. Acquires Hagan Insurance Group,PR Newswire,https://finance.yahoo.com/news/arthur-j-gallagher-co-acquires-130000851.html,1690290000,STORY
17eb5ac8-2f28-3765-aac4-58267bddb9dc,AJG,2023-7-27,Arthur J. Gallagher (NYSE:AJG) shareholders have earned a 27% CAGR over the last five years,Simply Wall St.,https://finance.yahoo.com/news/arthur-j-gallagher-nyse-ajg-110020057.html,1690110020,STORY
57e72e66-27fd-3528-873f-84388413288c,AJG,2023-7-27,Aon (AON) Earnings Expected to Grow: Should You Buy?,Zacks,https://finance.yahoo.com/news/aon-aon-earnings-expected-grow-140022798.html,1689948022,STORY
e845b778-fc0f-319c-bf1b-2e090210c73c,AJG,2023-7-27,Arthur J. Gallagher (AJG) Earnings Expected to Grow: Should You Buy?,Zacks,https://finance.yahoo.com/news/arthur-j-gallagher-ajg-earnings-140230895.html,1689861750,STORY
8047c471-91f5-3314-98f1-576e0b7f0544,AJG,2023-7-27,Is Arthur J. Gallagher & Co.'s (NYSE:AJG) Latest Stock Performance Being Led By Its Strong Fundamentals?,Simply Wall St.,https://finance.yahoo.com/news/arthur-j-gallagher-co-nyse-120036843.html,1689768036,STORY
f59fd304-f126-39e3-a1c5-f5787122bbbe,AJG,2023-7-28,Arthur J. Gallagher (AJG) Reports Q2 Earnings: What Key Metrics Have to Say,Zacks,https://finance.yahoo.com/news/arthur-j-gallagher-ajg-reports-003020416.html,1690504220,STORY
5397def6-55c6-395a-a2e5-f6940ab677cb,AJG,2023-7-28,Arthur J. Gallagher (AJG) Tops Q2 Earnings and Revenue Estimates,Zacks,https://finance.yahoo.com/news/arthur-j-gallagher-ajg-tops-232503906.html,1690500303,STORY
dfdccffa-9428-3467-98f6-fd1a253f1e79,AJG,2023-7-28,Arthur J. Gallagher: Q2 Earnings Snapshot,AP Finance,https://finance.yahoo.com/news/arthur-j-gallagher-q2-earnings-222229652.html,1690496549,STORY
2fa794e0-ab08-3699-bb87-21cf1241ad33,AJG,2023-7-28,Arthur J. Gallagher & Co. Announces Regular Third Quarter Dividend,PR Newswire,https://finance.yahoo.com/news/arthur-j-gallagher-co-announces-201300412.html,1690402380,STORY
fc85b116-4f1f-3e5f-a7b9-0f23562cba11,AJG,2023-7-28,"Insurance Stocks' Q2 Earnings Due on Jul 27: AJG, CINF & More",Zacks,https://finance.yahoo.com/news/insurance-stocks-q2-earnings-due-133200087.html,1690378320,STORY
9d8139fe-f75d-313f-b498-575a540fa755,AJG,2023-7-28,What's in Store for Arthur J. Gallagher (AJG) in Q2 Earnings?,Zacks,https://finance.yahoo.com/news/whats-store-arthur-j-gallagher-151600465.html,1690298160,STORY
a8fbfb57-f120-30f3-9152-22afd594e415,AJG,2023-7-28,Arthur J. Gallagher & Co. Acquires Hagan Insurance Group,PR Newswire,https://finance.yahoo.com/news/arthur-j-gallagher-co-acquires-130000851.html,1690290000,STORY
17eb5ac8-2f28-3765-aac4-58267bddb9dc,AJG,2023-7-28,Arthur J. Gallagher (NYSE:AJG) shareholders have earned a 27% CAGR over the last five years,Simply Wall St.,https://finance.yahoo.com/news/arthur-j-gallagher-nyse-ajg-110020057.html,1690110020,STORY
b9afeed3-fcd3-319d-ba7c-fae57b5c0412,AJG,2023-7-29,Arthur J. Gallagher (AJG) Q2 Earnings & Revenues Top Estimates,Zacks,https://finance.yahoo.com/news/arthur-j-gallagher-ajg-q2-164400764.html,1690562640,STORY
12711100-3791-324e-99c1-2bfcd84d73d1,AJG,2023-7-29,"Willis Towers (WTW) Q2 Earnings Miss, Revenues Beat Estimates",Zacks,https://finance.yahoo.com/news/willis-towers-wtw-q2-earnings-161200717.html,1690560720,STORY
f59fd304-f126-39e3-a1c5-f5787122bbbe,AJG,2023-7-29,Arthur J. Gallagher (AJG) Reports Q2 Earnings: What Key Metrics Have to Say,Zacks,https://finance.yahoo.com/news/arthur-j-gallagher-ajg-reports-003020416.html,1690504220,STORY
5397def6-55c6-395a-a2e5-f6940ab677cb,AJG,2023-7-29,Arthur J. Gallagher (AJG) Tops Q2 Earnings and Revenue Estimates,Zacks,https://finance.yahoo.com/news/arthur-j-gallagher-ajg-tops-232503906.html,1690500303,STORY
dfdccffa-9428-3467-98f6-fd1a253f1e79,AJG,2023-7-29,Arthur J. Gallagher: Q2 Earnings Snapshot,AP Finance,https://finance.yahoo.com/news/arthur-j-gallagher-q2-earnings-222229652.html,1690496549,STORY
2fa794e0-ab08-3699-bb87-21cf1241ad33,AJG,2023-7-29,Arthur J. Gallagher & Co. Announces Regular Third Quarter Dividend,PR Newswire,https://finance.yahoo.com/news/arthur-j-gallagher-co-announces-201300412.html,1690402380,STORY
fc85b116-4f1f-3e5f-a7b9-0f23562cba11,AJG,2023-7-29,"Insurance Stocks' Q2 Earnings Due on Jul 27: AJG, CINF & More",Zacks,https://finance.yahoo.com/news/insurance-stocks-q2-earnings-due-133200087.html,1690378320,STORY
9d8139fe-f75d-313f-b498-575a540fa755,AJG,2023-7-29,What's in Store for Arthur J. Gallagher (AJG) in Q2 Earnings?,Zacks,https://finance.yahoo.com/news/whats-store-arthur-j-gallagher-151600465.html,1690298160,STORY
a152c621-a3f0-35b9-8429-bbbce878fbd6,AJG,2023-7-30,Arthur J. Gallagher (NYSE:AJG) Is Increasing Its Dividend To $0.55,Simply Wall St.,https://finance.yahoo.com/news/arthur-j-gallagher-nyse-ajg-121042250.html,1690719042,STORY
b9afeed3-fcd3-319d-ba7c-fae57b5c0412,AJG,2023-7-30,Arthur J. Gallagher (AJG) Q2 Earnings & Revenues Top Estimates,Zacks,https://finance.yahoo.com/news/arthur-j-gallagher-ajg-q2-164400764.html,1690562640,STORY
12711100-3791-324e-99c1-2bfcd84d73d1,AJG,2023-7-30,"Willis Towers (WTW) Q2 Earnings Miss, Revenues Beat Estimates",Zacks,https://finance.yahoo.com/news/willis-towers-wtw-q2-earnings-161200717.html,1690560720,STORY
f59fd304-f126-39e3-a1c5-f5787122bbbe,AJG,2023-7-30,Arthur J. Gallagher (AJG) Reports Q2 Earnings: What Key Metrics Have to Say,Zacks,https://finance.yahoo.com/news/arthur-j-gallagher-ajg-reports-003020416.html,1690504220,STORY
5397def6-55c6-395a-a2e5-f6940ab677cb,AJG,2023-7-30,Arthur J. Gallagher (AJG) Tops Q2 Earnings and Revenue Estimates,Zacks,https://finance.yahoo.com/news/arthur-j-gallagher-ajg-tops-232503906.html,1690500303,STORY
dfdccffa-9428-3467-98f6-fd1a253f1e79,AJG,2023-7-30,Arthur J. Gallagher: Q2 Earnings Snapshot,AP Finance,https://finance.yahoo.com/news/arthur-j-gallagher-q2-earnings-222229652.html,1690496549,STORY
2fa794e0-ab08-3699-bb87-21cf1241ad33,AJG,2023-7-30,Arthur J. Gallagher & Co. Announces Regular Third Quarter Dividend,PR Newswire,https://finance.yahoo.com/news/arthur-j-gallagher-co-announces-201300412.html,1690402380,STORY
fc85b116-4f1f-3e5f-a7b9-0f23562cba11,AJG,2023-7-30,"Insurance Stocks' Q2 Earnings Due on Jul 27: AJG, CINF & More",Zacks,https://finance.yahoo.com/news/insurance-stocks-q2-earnings-due-133200087.html,1690378320,STORY
a152c621-a3f0-35b9-8429-bbbce878fbd6,AJG,2023-7-31,Arthur J. Gallagher (NYSE:AJG) Is Increasing Its Dividend To $0.55,Simply Wall St.,https://finance.yahoo.com/news/arthur-j-gallagher-nyse-ajg-121042250.html,1690719042,STORY
b9afeed3-fcd3-319d-ba7c-fae57b5c0412,AJG,2023-7-31,Arthur J. Gallagher (AJG) Q2 Earnings & Revenues Top Estimates,Zacks,https://finance.yahoo.com/news/arthur-j-gallagher-ajg-q2-164400764.html,1690562640,STORY
12711100-3791-324e-99c1-2bfcd84d73d1,AJG,2023-7-31,"Willis Towers (WTW) Q2 Earnings Miss, Revenues Beat Estimates",Zacks,https://finance.yahoo.com/news/willis-towers-wtw-q2-earnings-161200717.html,1690560720,STORY
f59fd304-f126-39e3-a1c5-f5787122bbbe,AJG,2023-7-31,Arthur J. Gallagher (AJG) Reports Q2 Earnings: What Key Metrics Have to Say,Zacks,https://finance.yahoo.com/news/arthur-j-gallagher-ajg-reports-003020416.html,1690504220,STORY
5397def6-55c6-395a-a2e5-f6940ab677cb,AJG,2023-7-31,Arthur J. Gallagher (AJG) Tops Q2 Earnings and Revenue Estimates,Zacks,https://finance.yahoo.com/news/arthur-j-gallagher-ajg-tops-232503906.html,1690500303,STORY
dfdccffa-9428-3467-98f6-fd1a253f1e79,AJG,2023-7-31,Arthur J. Gallagher: Q2 Earnings Snapshot,AP Finance,https://finance.yahoo.com/news/arthur-j-gallagher-q2-earnings-222229652.html,1690496549,STORY
2fa794e0-ab08-3699-bb87-21cf1241ad33,AJG,2023-7-31,Arthur J. Gallagher & Co. Announces Regular Third Quarter Dividend,PR Newswire,https://finance.yahoo.com/news/arthur-j-gallagher-co-announces-201300412.html,1690402380,STORY
fc85b116-4f1f-3e5f-a7b9-0f23562cba11,AJG,2023-7-31,"Insurance Stocks' Q2 Earnings Due on Jul 27: AJG, CINF & More",Zacks,https://finance.yahoo.com/news/insurance-stocks-q2-earnings-due-133200087.html,1690378320,STORY
a152c621-a3f0-35b9-8429-bbbce878fbd6,AJG,2023-8-1,Arthur J. Gallagher (NYSE:AJG) Is Increasing Its Dividend To $0.55,Simply Wall St.,https://finance.yahoo.com/news/arthur-j-gallagher-nyse-ajg-121042250.html,1690719042,STORY
b9afeed3-fcd3-319d-ba7c-fae57b5c0412,AJG,2023-8-1,Arthur J. Gallagher (AJG) Q2 Earnings & Revenues Top Estimates,Zacks,https://finance.yahoo.com/news/arthur-j-gallagher-ajg-q2-164400764.html,1690562640,STORY
12711100-3791-324e-99c1-2bfcd84d73d1,AJG,2023-8-1,"Willis Towers (WTW) Q2 Earnings Miss, Revenues Beat Estimates",Zacks,https://finance.yahoo.com/news/willis-towers-wtw-q2-earnings-161200717.html,1690560720,STORY
f59fd304-f126-39e3-a1c5-f5787122bbbe,AJG,2023-8-1,Arthur J. Gallagher (AJG) Reports Q2 Earnings: What Key Metrics Have to Say,Zacks,https://finance.yahoo.com/news/arthur-j-gallagher-ajg-reports-003020416.html,1690504220,STORY
5397def6-55c6-395a-a2e5-f6940ab677cb,AJG,2023-8-1,Arthur J. Gallagher (AJG) Tops Q2 Earnings and Revenue Estimates,Zacks,https://finance.yahoo.com/news/arthur-j-gallagher-ajg-tops-232503906.html,1690500303,STORY
dfdccffa-9428-3467-98f6-fd1a253f1e79,AJG,2023-8-1,Arthur J. Gallagher: Q2 Earnings Snapshot,AP Finance,https://finance.yahoo.com/news/arthur-j-gallagher-q2-earnings-222229652.html,1690496549,STORY
2fa794e0-ab08-3699-bb87-21cf1241ad33,AJG,2023-8-1,Arthur J. Gallagher & Co. Announces Regular Third Quarter Dividend,PR Newswire,https://finance.yahoo.com/news/arthur-j-gallagher-co-announces-201300412.html,1690402380,STORY
fc85b116-4f1f-3e5f-a7b9-0f23562cba11,AJG,2023-8-1,"Insurance Stocks' Q2 Earnings Due on Jul 27: AJG, CINF & More",Zacks,https://finance.yahoo.com/news/insurance-stocks-q2-earnings-due-133200087.html,1690378320,STORY
a152c621-a3f0-35b9-8429-bbbce878fbd6,AJG,2023-8-2,Arthur J. Gallagher (NYSE:AJG) Is Increasing Its Dividend To $0.55,Simply Wall St.,https://finance.yahoo.com/news/arthur-j-gallagher-nyse-ajg-121042250.html,1690719042,STORY
b9afeed3-fcd3-319d-ba7c-fae57b5c0412,AJG,2023-8-2,Arthur J. Gallagher (AJG) Q2 Earnings & Revenues Top Estimates,Zacks,https://finance.yahoo.com/news/arthur-j-gallagher-ajg-q2-164400764.html,1690562640,STORY
12711100-3791-324e-99c1-2bfcd84d73d1,AJG,2023-8-2,"Willis Towers (WTW) Q2 Earnings Miss, Revenues Beat Estimates",Zacks,https://finance.yahoo.com/news/willis-towers-wtw-q2-earnings-161200717.html,1690560720,STORY
f59fd304-f126-39e3-a1c5-f5787122bbbe,AJG,2023-8-2,Arthur J. Gallagher (AJG) Reports Q2 Earnings: What Key Metrics Have to Say,Zacks,https://finance.yahoo.com/news/arthur-j-gallagher-ajg-reports-003020416.html,1690504220,STORY
5397def6-55c6-395a-a2e5-f6940ab677cb,AJG,2023-8-2,Arthur J. Gallagher (AJG) Tops Q2 Earnings and Revenue Estimates,Zacks,https://finance.yahoo.com/news/arthur-j-gallagher-ajg-tops-232503906.html,1690500303,STORY
dfdccffa-9428-3467-98f6-fd1a253f1e79,AJG,2023-8-2,Arthur J. Gallagher: Q2 Earnings Snapshot,AP Finance,https://finance.yahoo.com/news/arthur-j-gallagher-q2-earnings-222229652.html,1690496549,STORY
2fa794e0-ab08-3699-bb87-21cf1241ad33,AJG,2023-8-2,Arthur J. Gallagher & Co. Announces Regular Third Quarter Dividend,PR Newswire,https://finance.yahoo.com/news/arthur-j-gallagher-co-announces-201300412.html,1690402380,STORY
fc85b116-4f1f-3e5f-a7b9-0f23562cba11,AJG,2023-8-2,"Insurance Stocks' Q2 Earnings Due on Jul 27: AJG, CINF & More",Zacks,https://finance.yahoo.com/news/insurance-stocks-q2-earnings-due-133200087.html,1690378320,STORY
82636e38-93e0-393b-aede-8d073d9b2de4,AJG,2023-8-3,"Employee Retention Outranks Revenue and Sales Growth as Employers' Top Operational Priority, New Gallagher Study Finds",PR Newswire,https://finance.yahoo.com/news/employee-retention-outranks-revenue-sales-140000397.html,1690984800,STORY
a152c621-a3f0-35b9-8429-bbbce878fbd6,AJG,2023-8-3,Arthur J. Gallagher (NYSE:AJG) Is Increasing Its Dividend To $0.55,Simply Wall St.,https://finance.yahoo.com/news/arthur-j-gallagher-nyse-ajg-121042250.html,1690719042,STORY
b9afeed3-fcd3-319d-ba7c-fae57b5c0412,AJG,2023-8-3,Arthur J. Gallagher (AJG) Q2 Earnings & Revenues Top Estimates,Zacks,https://finance.yahoo.com/news/arthur-j-gallagher-ajg-q2-164400764.html,1690562640,STORY
12711100-3791-324e-99c1-2bfcd84d73d1,AJG,2023-8-3,"Willis Towers (WTW) Q2 Earnings Miss, Revenues Beat Estimates",Zacks,https://finance.yahoo.com/news/willis-towers-wtw-q2-earnings-161200717.html,1690560720,STORY
f59fd304-f126-39e3-a1c5-f5787122bbbe,AJG,2023-8-3,Arthur J. Gallagher (AJG) Reports Q2 Earnings: What Key Metrics Have to Say,Zacks,https://finance.yahoo.com/news/arthur-j-gallagher-ajg-reports-003020416.html,1690504220,STORY
5397def6-55c6-395a-a2e5-f6940ab677cb,AJG,2023-8-3,Arthur J. Gallagher (AJG) Tops Q2 Earnings and Revenue Estimates,Zacks,https://finance.yahoo.com/news/arthur-j-gallagher-ajg-tops-232503906.html,1690500303,STORY
dfdccffa-9428-3467-98f6-fd1a253f1e79,AJG,2023-8-3,Arthur J. Gallagher: Q2 Earnings Snapshot,AP Finance,https://finance.yahoo.com/news/arthur-j-gallagher-q2-earnings-222229652.html,1690496549,STORY
2fa794e0-ab08-3699-bb87-21cf1241ad33,AJG,2023-8-3,Arthur J. Gallagher & Co. Announces Regular Third Quarter Dividend,PR Newswire,https://finance.yahoo.com/news/arthur-j-gallagher-co-announces-201300412.html,1690402380,STORY
82636e38-93e0-393b-aede-8d073d9b2de4,AJG,2023-8-4,"Employee Retention Outranks Revenue and Sales Growth as Employers' Top Operational Priority, New Gallagher Study Finds",PR Newswire,https://finance.yahoo.com/news/employee-retention-outranks-revenue-sales-140000397.html,1690984800,STORY
a152c621-a3f0-35b9-8429-bbbce878fbd6,AJG,2023-8-4,Arthur J. Gallagher (NYSE:AJG) Is Increasing Its Dividend To $0.55,Simply Wall St.,https://finance.yahoo.com/news/arthur-j-gallagher-nyse-ajg-121042250.html,1690719042,STORY
b9afeed3-fcd3-319d-ba7c-fae57b5c0412,AJG,2023-8-4,Arthur J. Gallagher (AJG) Q2 Earnings & Revenues Top Estimates,Zacks,https://finance.yahoo.com/news/arthur-j-gallagher-ajg-q2-164400764.html,1690562640,STORY
12711100-3791-324e-99c1-2bfcd84d73d1,AJG,2023-8-4,"Willis Towers (WTW) Q2 Earnings Miss, Revenues Beat Estimates",Zacks,https://finance.yahoo.com/news/willis-towers-wtw-q2-earnings-161200717.html,1690560720,STORY
f59fd304-f126-39e3-a1c5-f5787122bbbe,AJG,2023-8-4,Arthur J. Gallagher (AJG) Reports Q2 Earnings: What Key Metrics Have to Say,Zacks,https://finance.yahoo.com/news/arthur-j-gallagher-ajg-reports-003020416.html,1690504220,STORY
5397def6-55c6-395a-a2e5-f6940ab677cb,AJG,2023-8-4,Arthur J. Gallagher (AJG) Tops Q2 Earnings and Revenue Estimates,Zacks,https://finance.yahoo.com/news/arthur-j-gallagher-ajg-tops-232503906.html,1690500303,STORY
dfdccffa-9428-3467-98f6-fd1a253f1e79,AJG,2023-8-4,Arthur J. Gallagher: Q2 Earnings Snapshot,AP Finance,https://finance.yahoo.com/news/arthur-j-gallagher-q2-earnings-222229652.html,1690496549,STORY
2fa794e0-ab08-3699-bb87-21cf1241ad33,AJG,2023-8-4,Arthur J. Gallagher & Co. Announces Regular Third Quarter Dividend,PR Newswire,https://finance.yahoo.com/news/arthur-j-gallagher-co-announces-201300412.html,1690402380,STORY
82636e38-93e0-393b-aede-8d073d9b2de4,AJG,2023-8-5,"Employee Retention Outranks Revenue and Sales Growth as Employers' Top Operational Priority, New Gallagher Study Finds",PR Newswire,https://finance.yahoo.com/news/employee-retention-outranks-revenue-sales-140000397.html,1690984800,STORY
a152c621-a3f0-35b9-8429-bbbce878fbd6,AJG,2023-8-5,Arthur J. Gallagher (NYSE:AJG) Is Increasing Its Dividend To $0.55,Simply Wall St.,https://finance.yahoo.com/news/arthur-j-gallagher-nyse-ajg-121042250.html,1690719042,STORY
b9afeed3-fcd3-319d-ba7c-fae57b5c0412,AJG,2023-8-5,Arthur J. Gallagher (AJG) Q2 Earnings & Revenues Top Estimates,Zacks,https://finance.yahoo.com/news/arthur-j-gallagher-ajg-q2-164400764.html,1690562640,STORY
12711100-3791-324e-99c1-2bfcd84d73d1,AJG,2023-8-5,"Willis Towers (WTW) Q2 Earnings Miss, Revenues Beat Estimates",Zacks,https://finance.yahoo.com/news/willis-towers-wtw-q2-earnings-161200717.html,1690560720,STORY
f59fd304-f126-39e3-a1c5-f5787122bbbe,AJG,2023-8-5,Arthur J. Gallagher (AJG) Reports Q2 Earnings: What Key Metrics Have to Say,Zacks,https://finance.yahoo.com/news/arthur-j-gallagher-ajg-reports-003020416.html,1690504220,STORY
5397def6-55c6-395a-a2e5-f6940ab677cb,AJG,2023-8-5,Arthur J. Gallagher (AJG) Tops Q2 Earnings and Revenue Estimates,Zacks,https://finance.yahoo.com/news/arthur-j-gallagher-ajg-tops-232503906.html,1690500303,STORY
dfdccffa-9428-3467-98f6-fd1a253f1e79,AJG,2023-8-5,Arthur J. Gallagher: Q2 Earnings Snapshot,AP Finance,https://finance.yahoo.com/news/arthur-j-gallagher-q2-earnings-222229652.html,1690496549,STORY
2fa794e0-ab08-3699-bb87-21cf1241ad33,AJG,2023-8-5,Arthur J. Gallagher & Co. Announces Regular Third Quarter Dividend,PR Newswire,https://finance.yahoo.com/news/arthur-j-gallagher-co-announces-201300412.html,1690402380,STORY
82636e38-93e0-393b-aede-8d073d9b2de4,AJG,2023-8-6,"Employee Retention Outranks Revenue and Sales Growth as Employers' Top Operational Priority, New Gallagher Study Finds",PR Newswire,https://finance.yahoo.com/news/employee-retention-outranks-revenue-sales-140000397.html,1690984800,STORY
a152c621-a3f0-35b9-8429-bbbce878fbd6,AJG,2023-8-6,Arthur J. Gallagher (NYSE:AJG) Is Increasing Its Dividend To $0.55,Simply Wall St.,https://finance.yahoo.com/news/arthur-j-gallagher-nyse-ajg-121042250.html,1690719042,STORY
b9afeed3-fcd3-319d-ba7c-fae57b5c0412,AJG,2023-8-6,Arthur J. Gallagher (AJG) Q2 Earnings & Revenues Top Estimates,Zacks,https://finance.yahoo.com/news/arthur-j-gallagher-ajg-q2-164400764.html,1690562640,STORY
12711100-3791-324e-99c1-2bfcd84d73d1,AJG,2023-8-6,"Willis Towers (WTW) Q2 Earnings Miss, Revenues Beat Estimates",Zacks,https://finance.yahoo.com/news/willis-towers-wtw-q2-earnings-161200717.html,1690560720,STORY
f59fd304-f126-39e3-a1c5-f5787122bbbe,AJG,2023-8-6,Arthur J. Gallagher (AJG) Reports Q2 Earnings: What Key Metrics Have to Say,Zacks,https://finance.yahoo.com/news/arthur-j-gallagher-ajg-reports-003020416.html,1690504220,STORY
5397def6-55c6-395a-a2e5-f6940ab677cb,AJG,2023-8-6,Arthur J. Gallagher (AJG) Tops Q2 Earnings and Revenue Estimates,Zacks,https://finance.yahoo.com/news/arthur-j-gallagher-ajg-tops-232503906.html,1690500303,STORY
dfdccffa-9428-3467-98f6-fd1a253f1e79,AJG,2023-8-6,Arthur J. Gallagher: Q2 Earnings Snapshot,AP Finance,https://finance.yahoo.com/news/arthur-j-gallagher-q2-earnings-222229652.html,1690496549,STORY
2fa794e0-ab08-3699-bb87-21cf1241ad33,AJG,2023-8-6,Arthur J. Gallagher & Co. Announces Regular Third Quarter Dividend,PR Newswire,https://finance.yahoo.com/news/arthur-j-gallagher-co-announces-201300412.html,1690402380,STORY
82636e38-93e0-393b-aede-8d073d9b2de4,AJG,2023-8-7,"Employee Retention Outranks Revenue and Sales Growth as Employers' Top Operational Priority, New Gallagher Study Finds",PR Newswire,https://finance.yahoo.com/news/employee-retention-outranks-revenue-sales-140000397.html,1690984800,STORY
a152c621-a3f0-35b9-8429-bbbce878fbd6,AJG,2023-8-7,Arthur J. Gallagher (NYSE:AJG) Is Increasing Its Dividend To $0.55,Simply Wall St.,https://finance.yahoo.com/news/arthur-j-gallagher-nyse-ajg-121042250.html,1690719042,STORY
b9afeed3-fcd3-319d-ba7c-fae57b5c0412,AJG,2023-8-7,Arthur J. Gallagher (AJG) Q2 Earnings & Revenues Top Estimates,Zacks,https://finance.yahoo.com/news/arthur-j-gallagher-ajg-q2-164400764.html,1690562640,STORY
12711100-3791-324e-99c1-2bfcd84d73d1,AJG,2023-8-7,"Willis Towers (WTW) Q2 Earnings Miss, Revenues Beat Estimates",Zacks,https://finance.yahoo.com/news/willis-towers-wtw-q2-earnings-161200717.html,1690560720,STORY
f59fd304-f126-39e3-a1c5-f5787122bbbe,AJG,2023-8-7,Arthur J. Gallagher (AJG) Reports Q2 Earnings: What Key Metrics Have to Say,Zacks,https://finance.yahoo.com/news/arthur-j-gallagher-ajg-reports-003020416.html,1690504220,STORY
5397def6-55c6-395a-a2e5-f6940ab677cb,AJG,2023-8-7,Arthur J. Gallagher (AJG) Tops Q2 Earnings and Revenue Estimates,Zacks,https://finance.yahoo.com/news/arthur-j-gallagher-ajg-tops-232503906.html,1690500303,STORY
dfdccffa-9428-3467-98f6-fd1a253f1e79,AJG,2023-8-7,Arthur J. Gallagher: Q2 Earnings Snapshot,AP Finance,https://finance.yahoo.com/news/arthur-j-gallagher-q2-earnings-222229652.html,1690496549,STORY
2fa794e0-ab08-3699-bb87-21cf1241ad33,AJG,2023-8-7,Arthur J. Gallagher & Co. Announces Regular Third Quarter Dividend,PR Newswire,https://finance.yahoo.com/news/arthur-j-gallagher-co-announces-201300412.html,1690402380,STORY
82636e38-93e0-393b-aede-8d073d9b2de4,AJG,2023-8-8,"Employee Retention Outranks Revenue and Sales Growth as Employers' Top Operational Priority, New Gallagher Study Finds",PR Newswire,https://finance.yahoo.com/news/employee-retention-outranks-revenue-sales-140000397.html,1690984800,STORY
a152c621-a3f0-35b9-8429-bbbce878fbd6,AJG,2023-8-8,Arthur J. Gallagher (NYSE:AJG) Is Increasing Its Dividend To $0.55,Simply Wall St.,https://finance.yahoo.com/news/arthur-j-gallagher-nyse-ajg-121042250.html,1690719042,STORY
b9afeed3-fcd3-319d-ba7c-fae57b5c0412,AJG,2023-8-8,Arthur J. Gallagher (AJG) Q2 Earnings & Revenues Top Estimates,Zacks,https://finance.yahoo.com/news/arthur-j-gallagher-ajg-q2-164400764.html,1690562640,STORY
12711100-3791-324e-99c1-2bfcd84d73d1,AJG,2023-8-8,"Willis Towers (WTW) Q2 Earnings Miss, Revenues Beat Estimates",Zacks,https://finance.yahoo.com/news/willis-towers-wtw-q2-earnings-161200717.html,1690560720,STORY
f59fd304-f126-39e3-a1c5-f5787122bbbe,AJG,2023-8-8,Arthur J. Gallagher (AJG) Reports Q2 Earnings: What Key Metrics Have to Say,Zacks,https://finance.yahoo.com/news/arthur-j-gallagher-ajg-reports-003020416.html,1690504220,STORY
5397def6-55c6-395a-a2e5-f6940ab677cb,AJG,2023-8-8,Arthur J. Gallagher (AJG) Tops Q2 Earnings and Revenue Estimates,Zacks,https://finance.yahoo.com/news/arthur-j-gallagher-ajg-tops-232503906.html,1690500303,STORY
dfdccffa-9428-3467-98f6-fd1a253f1e79,AJG,2023-8-8,Arthur J. Gallagher: Q2 Earnings Snapshot,AP Finance,https://finance.yahoo.com/news/arthur-j-gallagher-q2-earnings-222229652.html,1690496549,STORY
2fa794e0-ab08-3699-bb87-21cf1241ad33,AJG,2023-8-8,Arthur J. Gallagher & Co. Announces Regular Third Quarter Dividend,PR Newswire,https://finance.yahoo.com/news/arthur-j-gallagher-co-announces-201300412.html,1690402380,STORY
a249bde2-4471-3989-9a27-1cfdb5f54066,AJG,2023-8-9,"New Gallagher Study Reveals Business Owners are Looking for Tailored, Increased Insurance Protection",PR Newswire,https://finance.yahoo.com/news/gallagher-study-reveals-business-owners-143000346.html,1691505000,STORY
3c302cfb-11f0-34d0-953a-881cf239e1e0,AJG,2023-8-9,"Arthur J. Gallagher & Co. Acquires Wigmore Insurance Agency, Inc.",PR Newswire,https://finance.yahoo.com/news/arthur-j-gallagher-co-acquires-130000282.html,1691499600,STORY
82636e38-93e0-393b-aede-8d073d9b2de4,AJG,2023-8-9,"Employee Retention Outranks Revenue and Sales Growth as Employers' Top Operational Priority, New Gallagher Study Finds",PR Newswire,https://finance.yahoo.com/news/employee-retention-outranks-revenue-sales-140000397.html,1690984800,STORY
a152c621-a3f0-35b9-8429-bbbce878fbd6,AJG,2023-8-9,Arthur J. Gallagher (NYSE:AJG) Is Increasing Its Dividend To $0.55,Simply Wall St.,https://finance.yahoo.com/news/arthur-j-gallagher-nyse-ajg-121042250.html,1690719042,STORY
b9afeed3-fcd3-319d-ba7c-fae57b5c0412,AJG,2023-8-9,Arthur J. Gallagher (AJG) Q2 Earnings & Revenues Top Estimates,Zacks,https://finance.yahoo.com/news/arthur-j-gallagher-ajg-q2-164400764.html,1690562640,STORY
12711100-3791-324e-99c1-2bfcd84d73d1,AJG,2023-8-9,"Willis Towers (WTW) Q2 Earnings Miss, Revenues Beat Estimates",Zacks,https://finance.yahoo.com/news/willis-towers-wtw-q2-earnings-161200717.html,1690560720,STORY
f59fd304-f126-39e3-a1c5-f5787122bbbe,AJG,2023-8-9,Arthur J. Gallagher (AJG) Reports Q2 Earnings: What Key Metrics Have to Say,Zacks,https://finance.yahoo.com/news/arthur-j-gallagher-ajg-reports-003020416.html,1690504220,STORY
5397def6-55c6-395a-a2e5-f6940ab677cb,AJG,2023-8-9,Arthur J. Gallagher (AJG) Tops Q2 Earnings and Revenue Estimates,Zacks,https://finance.yahoo.com/news/arthur-j-gallagher-ajg-tops-232503906.html,1690500303,STORY
07aa331f-cc1e-397c-a154-e0f9801e6b99,AJG,2023-8-10,"Arthur J. Gallagher (AJG) Acquires Wigmore, Boosts Insurance Arm",Zacks,https://finance.yahoo.com/news/arthur-j-gallagher-ajg-acquires-170100226.html,1691600460,STORY
5a9eb14a-ce6a-35fe-bdac-b27a50acb929,AJG,2023-8-10,"Top Research Reports for Microsoft, Mastercard & ServiceNow",Zacks,https://finance.yahoo.com/news/top-research-reports-microsoft-mastercard-155900492.html,1691596740,STORY
a249bde2-4471-3989-9a27-1cfdb5f54066,AJG,2023-8-10,"New Gallagher Study Reveals Business Owners are Looking for Tailored, Increased Insurance Protection",PR Newswire,https://finance.yahoo.com/news/gallagher-study-reveals-business-owners-143000346.html,1691505000,STORY
3c302cfb-11f0-34d0-953a-881cf239e1e0,AJG,2023-8-10,"Arthur J. Gallagher & Co. Acquires Wigmore Insurance Agency, Inc.",PR Newswire,https://finance.yahoo.com/news/arthur-j-gallagher-co-acquires-130000282.html,1691499600,STORY
82636e38-93e0-393b-aede-8d073d9b2de4,AJG,2023-8-10,"Employee Retention Outranks Revenue and Sales Growth as Employers' Top Operational Priority, New Gallagher Study Finds",PR Newswire,https://finance.yahoo.com/news/employee-retention-outranks-revenue-sales-140000397.html,1690984800,STORY
a152c621-a3f0-35b9-8429-bbbce878fbd6,AJG,2023-8-10,Arthur J. Gallagher (NYSE:AJG) Is Increasing Its Dividend To $0.55,Simply Wall St.,https://finance.yahoo.com/news/arthur-j-gallagher-nyse-ajg-121042250.html,1690719042,STORY
b9afeed3-fcd3-319d-ba7c-fae57b5c0412,AJG,2023-8-10,Arthur J. Gallagher (AJG) Q2 Earnings & Revenues Top Estimates,Zacks,https://finance.yahoo.com/news/arthur-j-gallagher-ajg-q2-164400764.html,1690562640,STORY
12711100-3791-324e-99c1-2bfcd84d73d1,AJG,2023-8-10,"Willis Towers (WTW) Q2 Earnings Miss, Revenues Beat Estimates",Zacks,https://finance.yahoo.com/news/willis-towers-wtw-q2-earnings-161200717.html,1690560720,STORY
07aa331f-cc1e-397c-a154-e0f9801e6b99,AJG,2023-8-11,"Arthur J. Gallagher (AJG) Acquires Wigmore, Boosts Insurance Arm",Zacks,https://finance.yahoo.com/news/arthur-j-gallagher-ajg-acquires-170100226.html,1691600460,STORY
5a9eb14a-ce6a-35fe-bdac-b27a50acb929,AJG,2023-8-11,"Top Research Reports for Microsoft, Mastercard & ServiceNow",Zacks,https://finance.yahoo.com/news/top-research-reports-microsoft-mastercard-155900492.html,1691596740,STORY
a249bde2-4471-3989-9a27-1cfdb5f54066,AJG,2023-8-11,"New Gallagher Study Reveals Business Owners are Looking for Tailored, Increased Insurance Protection",PR Newswire,https://finance.yahoo.com/news/gallagher-study-reveals-business-owners-143000346.html,1691505000,STORY
3c302cfb-11f0-34d0-953a-881cf239e1e0,AJG,2023-8-11,"Arthur J. Gallagher & Co. Acquires Wigmore Insurance Agency, Inc.",PR Newswire,https://finance.yahoo.com/news/arthur-j-gallagher-co-acquires-130000282.html,1691499600,STORY
82636e38-93e0-393b-aede-8d073d9b2de4,AJG,2023-8-11,"Employee Retention Outranks Revenue and Sales Growth as Employers' Top Operational Priority, New Gallagher Study Finds",PR Newswire,https://finance.yahoo.com/news/employee-retention-outranks-revenue-sales-140000397.html,1690984800,STORY
a152c621-a3f0-35b9-8429-bbbce878fbd6,AJG,2023-8-11,Arthur J. Gallagher (NYSE:AJG) Is Increasing Its Dividend To $0.55,Simply Wall St.,https://finance.yahoo.com/news/arthur-j-gallagher-nyse-ajg-121042250.html,1690719042,STORY
b9afeed3-fcd3-319d-ba7c-fae57b5c0412,AJG,2023-8-11,Arthur J. Gallagher (AJG) Q2 Earnings & Revenues Top Estimates,Zacks,https://finance.yahoo.com/news/arthur-j-gallagher-ajg-q2-164400764.html,1690562640,STORY
12711100-3791-324e-99c1-2bfcd84d73d1,AJG,2023-8-11,"Willis Towers (WTW) Q2 Earnings Miss, Revenues Beat Estimates",Zacks,https://finance.yahoo.com/news/willis-towers-wtw-q2-earnings-161200717.html,1690560720,STORY
07aa331f-cc1e-397c-a154-e0f9801e6b99,AJG,2023-8-12,"Arthur J. Gallagher (AJG) Acquires Wigmore, Boosts Insurance Arm",Zacks,https://finance.yahoo.com/news/arthur-j-gallagher-ajg-acquires-170100226.html,1691600460,STORY
5a9eb14a-ce6a-35fe-bdac-b27a50acb929,AJG,2023-8-12,"Top Research Reports for Microsoft, Mastercard & ServiceNow",Zacks,https://finance.yahoo.com/news/top-research-reports-microsoft-mastercard-155900492.html,1691596740,STORY
a249bde2-4471-3989-9a27-1cfdb5f54066,AJG,2023-8-12,"New Gallagher Study Reveals Business Owners are Looking for Tailored, Increased Insurance Protection",PR Newswire,https://finance.yahoo.com/news/gallagher-study-reveals-business-owners-143000346.html,1691505000,STORY
3c302cfb-11f0-34d0-953a-881cf239e1e0,AJG,2023-8-12,"Arthur J. Gallagher & Co. Acquires Wigmore Insurance Agency, Inc.",PR Newswire,https://finance.yahoo.com/news/arthur-j-gallagher-co-acquires-130000282.html,1691499600,STORY
82636e38-93e0-393b-aede-8d073d9b2de4,AJG,2023-8-12,"Employee Retention Outranks Revenue and Sales Growth as Employers' Top Operational Priority, New Gallagher Study Finds",PR Newswire,https://finance.yahoo.com/news/employee-retention-outranks-revenue-sales-140000397.html,1690984800,STORY
a152c621-a3f0-35b9-8429-bbbce878fbd6,AJG,2023-8-12,Arthur J. Gallagher (NYSE:AJG) Is Increasing Its Dividend To $0.55,Simply Wall St.,https://finance.yahoo.com/news/arthur-j-gallagher-nyse-ajg-121042250.html,1690719042,STORY
b9afeed3-fcd3-319d-ba7c-fae57b5c0412,AJG,2023-8-12,Arthur J. Gallagher (AJG) Q2 Earnings & Revenues Top Estimates,Zacks,https://finance.yahoo.com/news/arthur-j-gallagher-ajg-q2-164400764.html,1690562640,STORY
12711100-3791-324e-99c1-2bfcd84d73d1,AJG,2023-8-12,"Willis Towers (WTW) Q2 Earnings Miss, Revenues Beat Estimates",Zacks,https://finance.yahoo.com/news/willis-towers-wtw-q2-earnings-161200717.html,1690560720,STORY
07aa331f-cc1e-397c-a154-e0f9801e6b99,AJG,2023-8-13,"Arthur J. Gallagher (AJG) Acquires Wigmore, Boosts Insurance Arm",Zacks,https://finance.yahoo.com/news/arthur-j-gallagher-ajg-acquires-170100226.html,1691600460,STORY
5a9eb14a-ce6a-35fe-bdac-b27a50acb929,AJG,2023-8-13,"Top Research Reports for Microsoft, Mastercard & ServiceNow",Zacks,https://finance.yahoo.com/news/top-research-reports-microsoft-mastercard-155900492.html,1691596740,STORY
a249bde2-4471-3989-9a27-1cfdb5f54066,AJG,2023-8-13,"New Gallagher Study Reveals Business Owners are Looking for Tailored, Increased Insurance Protection",PR Newswire,https://finance.yahoo.com/news/gallagher-study-reveals-business-owners-143000346.html,1691505000,STORY
3c302cfb-11f0-34d0-953a-881cf239e1e0,AJG,2023-8-13,"Arthur J. Gallagher & Co. Acquires Wigmore Insurance Agency, Inc.",PR Newswire,https://finance.yahoo.com/news/arthur-j-gallagher-co-acquires-130000282.html,1691499600,STORY
82636e38-93e0-393b-aede-8d073d9b2de4,AJG,2023-8-13,"Employee Retention Outranks Revenue and Sales Growth as Employers' Top Operational Priority, New Gallagher Study Finds",PR Newswire,https://finance.yahoo.com/news/employee-retention-outranks-revenue-sales-140000397.html,1690984800,STORY
a152c621-a3f0-35b9-8429-bbbce878fbd6,AJG,2023-8-13,Arthur J. Gallagher (NYSE:AJG) Is Increasing Its Dividend To $0.55,Simply Wall St.,https://finance.yahoo.com/news/arthur-j-gallagher-nyse-ajg-121042250.html,1690719042,STORY
b9afeed3-fcd3-319d-ba7c-fae57b5c0412,AJG,2023-8-13,Arthur J. Gallagher (AJG) Q2 Earnings & Revenues Top Estimates,Zacks,https://finance.yahoo.com/news/arthur-j-gallagher-ajg-q2-164400764.html,1690562640,STORY
12711100-3791-324e-99c1-2bfcd84d73d1,AJG,2023-8-13,"Willis Towers (WTW) Q2 Earnings Miss, Revenues Beat Estimates",Zacks,https://finance.yahoo.com/news/willis-towers-wtw-q2-earnings-161200717.html,1690560720,STORY
2c715094-5b7a-3e4c-bca6-19ee76a0cb8c,AJG,2023-8-14,Arthur J. Gallagher (NYSE:AJG) Is Paying Out A Larger Dividend Than Last Year,Simply Wall St.,https://finance.yahoo.com/news/arthur-j-gallagher-nyse-ajg-121548466.html,1691928948,STORY
07aa331f-cc1e-397c-a154-e0f9801e6b99,AJG,2023-8-14,"Arthur J. Gallagher (AJG) Acquires Wigmore, Boosts Insurance Arm",Zacks,https://finance.yahoo.com/news/arthur-j-gallagher-ajg-acquires-170100226.html,1691600460,STORY
5a9eb14a-ce6a-35fe-bdac-b27a50acb929,AJG,2023-8-14,"Top Research Reports for Microsoft, Mastercard & ServiceNow",Zacks,https://finance.yahoo.com/news/top-research-reports-microsoft-mastercard-155900492.html,1691596740,STORY
a249bde2-4471-3989-9a27-1cfdb5f54066,AJG,2023-8-14,"New Gallagher Study Reveals Business Owners are Looking for Tailored, Increased Insurance Protection",PR Newswire,https://finance.yahoo.com/news/gallagher-study-reveals-business-owners-143000346.html,1691505000,STORY
3c302cfb-11f0-34d0-953a-881cf239e1e0,AJG,2023-8-14,"Arthur J. Gallagher & Co. Acquires Wigmore Insurance Agency, Inc.",PR Newswire,https://finance.yahoo.com/news/arthur-j-gallagher-co-acquires-130000282.html,1691499600,STORY
82636e38-93e0-393b-aede-8d073d9b2de4,AJG,2023-8-14,"Employee Retention Outranks Revenue and Sales Growth as Employers' Top Operational Priority, New Gallagher Study Finds",PR Newswire,https://finance.yahoo.com/news/employee-retention-outranks-revenue-sales-140000397.html,1690984800,STORY
a152c621-a3f0-35b9-8429-bbbce878fbd6,AJG,2023-8-14,Arthur J. Gallagher (NYSE:AJG) Is Increasing Its Dividend To $0.55,Simply Wall St.,https://finance.yahoo.com/news/arthur-j-gallagher-nyse-ajg-121042250.html,1690719042,STORY
b9afeed3-fcd3-319d-ba7c-fae57b5c0412,AJG,2023-8-14,Arthur J. Gallagher (AJG) Q2 Earnings & Revenues Top Estimates,Zacks,https://finance.yahoo.com/news/arthur-j-gallagher-ajg-q2-164400764.html,1690562640,STORY
f8c65ed8-2369-348c-a41c-5e36f59c5d3e,AJG,2023-8-15,Arthur J. Gallagher & Co. Acquires Horn,PR Newswire,https://finance.yahoo.com/news/arthur-j-gallagher-co-acquires-130000625.html,1692018000,STORY
2c715094-5b7a-3e4c-bca6-19ee76a0cb8c,AJG,2023-8-15,Arthur J. Gallagher (NYSE:AJG) Is Paying Out A Larger Dividend Than Last Year,Simply Wall St.,https://finance.yahoo.com/news/arthur-j-gallagher-nyse-ajg-121548466.html,1691928948,STORY
07aa331f-cc1e-397c-a154-e0f9801e6b99,AJG,2023-8-15,"Arthur J. Gallagher (AJG) Acquires Wigmore, Boosts Insurance Arm",Zacks,https://finance.yahoo.com/news/arthur-j-gallagher-ajg-acquires-170100226.html,1691600460,STORY
5a9eb14a-ce6a-35fe-bdac-b27a50acb929,AJG,2023-8-15,"Top Research Reports for Microsoft, Mastercard & ServiceNow",Zacks,https://finance.yahoo.com/news/top-research-reports-microsoft-mastercard-155900492.html,1691596740,STORY
a249bde2-4471-3989-9a27-1cfdb5f54066,AJG,2023-8-15,"New Gallagher Study Reveals Business Owners are Looking for Tailored, Increased Insurance Protection",PR Newswire,https://finance.yahoo.com/news/gallagher-study-reveals-business-owners-143000346.html,1691505000,STORY
3c302cfb-11f0-34d0-953a-881cf239e1e0,AJG,2023-8-15,"Arthur J. Gallagher & Co. Acquires Wigmore Insurance Agency, Inc.",PR Newswire,https://finance.yahoo.com/news/arthur-j-gallagher-co-acquires-130000282.html,1691499600,STORY
82636e38-93e0-393b-aede-8d073d9b2de4,AJG,2023-8-15,"Employee Retention Outranks Revenue and Sales Growth as Employers' Top Operational Priority, New Gallagher Study Finds",PR Newswire,https://finance.yahoo.com/news/employee-retention-outranks-revenue-sales-140000397.html,1690984800,STORY
a152c621-a3f0-35b9-8429-bbbce878fbd6,AJG,2023-8-15,Arthur J. Gallagher (NYSE:AJG) Is Increasing Its Dividend To $0.55,Simply Wall St.,https://finance.yahoo.com/news/arthur-j-gallagher-nyse-ajg-121042250.html,1690719042,STORY
e7433ca0-12d8-3ea8-b922-17ba5094d4a5,AJG,2023-8-16,eHealth (EHTH) Revises 2023 Guidance: Here's What We Think,Zacks,https://finance.yahoo.com/news/ehealth-ehth-revises-2023-guidance-141500272.html,1692108900,STORY
e301ded5-bb35-39b0-8403-c4afa02678ac,AJG,2023-8-16,Willis Towers (WTW) Banks on Segmental Growth Amid Cost Woes,Zacks,https://finance.yahoo.com/news/willis-towers-wtw-banks-segmental-133000265.html,1692106200,STORY
f8c65ed8-2369-348c-a41c-5e36f59c5d3e,AJG,2023-8-16,Arthur J. Gallagher & Co. Acquires Horn,PR Newswire,https://finance.yahoo.com/news/arthur-j-gallagher-co-acquires-130000625.html,1692018000,STORY
2c715094-5b7a-3e4c-bca6-19ee76a0cb8c,AJG,2023-8-16,Arthur J. Gallagher (NYSE:AJG) Is Paying Out A Larger Dividend Than Last Year,Simply Wall St.,https://finance.yahoo.com/news/arthur-j-gallagher-nyse-ajg-121548466.html,1691928948,STORY
07aa331f-cc1e-397c-a154-e0f9801e6b99,AJG,2023-8-16,"Arthur J. Gallagher (AJG) Acquires Wigmore, Boosts Insurance Arm",Zacks,https://finance.yahoo.com/news/arthur-j-gallagher-ajg-acquires-170100226.html,1691600460,STORY
5a9eb14a-ce6a-35fe-bdac-b27a50acb929,AJG,2023-8-16,"Top Research Reports for Microsoft, Mastercard & ServiceNow",Zacks,https://finance.yahoo.com/news/top-research-reports-microsoft-mastercard-155900492.html,1691596740,STORY
a249bde2-4471-3989-9a27-1cfdb5f54066,AJG,2023-8-16,"New Gallagher Study Reveals Business Owners are Looking for Tailored, Increased Insurance Protection",PR Newswire,https://finance.yahoo.com/news/gallagher-study-reveals-business-owners-143000346.html,1691505000,STORY
3c302cfb-11f0-34d0-953a-881cf239e1e0,AJG,2023-8-16,"Arthur J. Gallagher & Co. Acquires Wigmore Insurance Agency, Inc.",PR Newswire,https://finance.yahoo.com/news/arthur-j-gallagher-co-acquires-130000282.html,1691499600,STORY
051af456-7219-37fb-9266-ee581549bcf7,AJG,2023-8-17,"Arthur J. Gallagher (AJG) Acquires Horn, Boosts Consulting Arm",Zacks,https://finance.yahoo.com/news/arthur-j-gallagher-ajg-acquires-160900035.html,1692202140,STORY
e7433ca0-12d8-3ea8-b922-17ba5094d4a5,AJG,2023-8-17,eHealth (EHTH) Revises 2023 Guidance: Here's What We Think,Zacks,https://finance.yahoo.com/news/ehealth-ehth-revises-2023-guidance-141500272.html,1692108900,STORY
e301ded5-bb35-39b0-8403-c4afa02678ac,AJG,2023-8-17,Willis Towers (WTW) Banks on Segmental Growth Amid Cost Woes,Zacks,https://finance.yahoo.com/news/willis-towers-wtw-banks-segmental-133000265.html,1692106200,STORY
f8c65ed8-2369-348c-a41c-5e36f59c5d3e,AJG,2023-8-17,Arthur J. Gallagher & Co. Acquires Horn,PR Newswire,https://finance.yahoo.com/news/arthur-j-gallagher-co-acquires-130000625.html,1692018000,STORY
2c715094-5b7a-3e4c-bca6-19ee76a0cb8c,AJG,2023-8-17,Arthur J. Gallagher (NYSE:AJG) Is Paying Out A Larger Dividend Than Last Year,Simply Wall St.,https://finance.yahoo.com/news/arthur-j-gallagher-nyse-ajg-121548466.html,1691928948,STORY
29528b1d-662e-32bb-ab6c-2cdf34591308,AJG,2023-8-17,3 Stocks to Buy That Are Not Named SOFI,InvestorPlace,https://finance.yahoo.com/news/3-stocks-buy-not-named-154914132.html,1691682554,STORY
07aa331f-cc1e-397c-a154-e0f9801e6b99,AJG,2023-8-17,"Arthur J. Gallagher (AJG) Acquires Wigmore, Boosts Insurance Arm",Zacks,https://finance.yahoo.com/news/arthur-j-gallagher-ajg-acquires-170100226.html,1691600460,STORY
5a9eb14a-ce6a-35fe-bdac-b27a50acb929,AJG,2023-8-17,"Top Research Reports for Microsoft, Mastercard & ServiceNow",Zacks,https://finance.yahoo.com/news/top-research-reports-microsoft-mastercard-155900492.html,1691596740,STORY
051af456-7219-37fb-9266-ee581549bcf7,AJG,2023-8-18,"Arthur J. Gallagher (AJG) Acquires Horn, Boosts Consulting Arm",Zacks,https://finance.yahoo.com/news/arthur-j-gallagher-ajg-acquires-160900035.html,1692202140,STORY
e7433ca0-12d8-3ea8-b922-17ba5094d4a5,AJG,2023-8-18,eHealth (EHTH) Revises 2023 Guidance: Here's What We Think,Zacks,https://finance.yahoo.com/news/ehealth-ehth-revises-2023-guidance-141500272.html,1692108900,STORY
e301ded5-bb35-39b0-8403-c4afa02678ac,AJG,2023-8-18,Willis Towers (WTW) Banks on Segmental Growth Amid Cost Woes,Zacks,https://finance.yahoo.com/news/willis-towers-wtw-banks-segmental-133000265.html,1692106200,STORY
f8c65ed8-2369-348c-a41c-5e36f59c5d3e,AJG,2023-8-18,Arthur J. Gallagher & Co. Acquires Horn,PR Newswire,https://finance.yahoo.com/news/arthur-j-gallagher-co-acquires-130000625.html,1692018000,STORY
2c715094-5b7a-3e4c-bca6-19ee76a0cb8c,AJG,2023-8-18,Arthur J. Gallagher (NYSE:AJG) Is Paying Out A Larger Dividend Than Last Year,Simply Wall St.,https://finance.yahoo.com/news/arthur-j-gallagher-nyse-ajg-121548466.html,1691928948,STORY
29528b1d-662e-32bb-ab6c-2cdf34591308,AJG,2023-8-18,3 Stocks to Buy That Are Not Named SOFI,InvestorPlace,https://finance.yahoo.com/news/3-stocks-buy-not-named-154914132.html,1691682554,STORY
07aa331f-cc1e-397c-a154-e0f9801e6b99,AJG,2023-8-18,"Arthur J. Gallagher (AJG) Acquires Wigmore, Boosts Insurance Arm",Zacks,https://finance.yahoo.com/news/arthur-j-gallagher-ajg-acquires-170100226.html,1691600460,STORY
5a9eb14a-ce6a-35fe-bdac-b27a50acb929,AJG,2023-8-18,"Top Research Reports for Microsoft, Mastercard & ServiceNow",Zacks,https://finance.yahoo.com/news/top-research-reports-microsoft-mastercard-155900492.html,1691596740,STORY
f57434de-afc5-31c8-a586-7c4208a659c2,AJG,2023-8-19,Arthur J. Gallagher (AJG) Rises 17% YTD: More Upside Left?,Zacks,https://finance.yahoo.com/news/arthur-j-gallagher-ajg-rises-162900848.html,1692376140,STORY
051af456-7219-37fb-9266-ee581549bcf7,AJG,2023-8-19,"Arthur J. Gallagher (AJG) Acquires Horn, Boosts Consulting Arm",Zacks,https://finance.yahoo.com/news/arthur-j-gallagher-ajg-acquires-160900035.html,1692202140,STORY
e7433ca0-12d8-3ea8-b922-17ba5094d4a5,AJG,2023-8-19,eHealth (EHTH) Revises 2023 Guidance: Here's What We Think,Zacks,https://finance.yahoo.com/news/ehealth-ehth-revises-2023-guidance-141500272.html,1692108900,STORY
e301ded5-bb35-39b0-8403-c4afa02678ac,AJG,2023-8-19,Willis Towers (WTW) Banks on Segmental Growth Amid Cost Woes,Zacks,https://finance.yahoo.com/news/willis-towers-wtw-banks-segmental-133000265.html,1692106200,STORY
f8c65ed8-2369-348c-a41c-5e36f59c5d3e,AJG,2023-8-19,Arthur J. Gallagher & Co. Acquires Horn,PR Newswire,https://finance.yahoo.com/news/arthur-j-gallagher-co-acquires-130000625.html,1692018000,STORY
2c715094-5b7a-3e4c-bca6-19ee76a0cb8c,AJG,2023-8-19,Arthur J. Gallagher (NYSE:AJG) Is Paying Out A Larger Dividend Than Last Year,Simply Wall St.,https://finance.yahoo.com/news/arthur-j-gallagher-nyse-ajg-121548466.html,1691928948,STORY
29528b1d-662e-32bb-ab6c-2cdf34591308,AJG,2023-8-19,3 Stocks to Buy That Are Not Named SOFI,InvestorPlace,https://finance.yahoo.com/news/3-stocks-buy-not-named-154914132.html,1691682554,STORY
07aa331f-cc1e-397c-a154-e0f9801e6b99,AJG,2023-8-19,"Arthur J. Gallagher (AJG) Acquires Wigmore, Boosts Insurance Arm",Zacks,https://finance.yahoo.com/news/arthur-j-gallagher-ajg-acquires-170100226.html,1691600460,STORY
f57434de-afc5-31c8-a586-7c4208a659c2,AJG,2023-8-20,Arthur J. Gallagher (AJG) Rises 17% YTD: More Upside Left?,Zacks,https://finance.yahoo.com/news/arthur-j-gallagher-ajg-rises-162900848.html,1692376140,STORY
051af456-7219-37fb-9266-ee581549bcf7,AJG,2023-8-20,"Arthur J. Gallagher (AJG) Acquires Horn, Boosts Consulting Arm",Zacks,https://finance.yahoo.com/news/arthur-j-gallagher-ajg-acquires-160900035.html,1692202140,STORY
e7433ca0-12d8-3ea8-b922-17ba5094d4a5,AJG,2023-8-20,eHealth (EHTH) Revises 2023 Guidance: Here's What We Think,Zacks,https://finance.yahoo.com/news/ehealth-ehth-revises-2023-guidance-141500272.html,1692108900,STORY
e301ded5-bb35-39b0-8403-c4afa02678ac,AJG,2023-8-20,Willis Towers (WTW) Banks on Segmental Growth Amid Cost Woes,Zacks,https://finance.yahoo.com/news/willis-towers-wtw-banks-segmental-133000265.html,1692106200,STORY
f8c65ed8-2369-348c-a41c-5e36f59c5d3e,AJG,2023-8-20,Arthur J. Gallagher & Co. Acquires Horn,PR Newswire,https://finance.yahoo.com/news/arthur-j-gallagher-co-acquires-130000625.html,1692018000,STORY
2c715094-5b7a-3e4c-bca6-19ee76a0cb8c,AJG,2023-8-20,Arthur J. Gallagher (NYSE:AJG) Is Paying Out A Larger Dividend Than Last Year,Simply Wall St.,https://finance.yahoo.com/news/arthur-j-gallagher-nyse-ajg-121548466.html,1691928948,STORY
29528b1d-662e-32bb-ab6c-2cdf34591308,AJG,2023-8-20,3 Stocks to Buy That Are Not Named SOFI,InvestorPlace,https://finance.yahoo.com/news/3-stocks-buy-not-named-154914132.html,1691682554,STORY
07aa331f-cc1e-397c-a154-e0f9801e6b99,AJG,2023-8-20,"Arthur J. Gallagher (AJG) Acquires Wigmore, Boosts Insurance Arm",Zacks,https://finance.yahoo.com/news/arthur-j-gallagher-ajg-acquires-170100226.html,1691600460,STORY
f57434de-afc5-31c8-a586-7c4208a659c2,AJG,2023-8-21,Arthur J. Gallagher (AJG) Rises 17% YTD: More Upside Left?,Zacks,https://finance.yahoo.com/news/arthur-j-gallagher-ajg-rises-162900848.html,1692376140,STORY
051af456-7219-37fb-9266-ee581549bcf7,AJG,2023-8-21,"Arthur J. Gallagher (AJG) Acquires Horn, Boosts Consulting Arm",Zacks,https://finance.yahoo.com/news/arthur-j-gallagher-ajg-acquires-160900035.html,1692202140,STORY
e7433ca0-12d8-3ea8-b922-17ba5094d4a5,AJG,2023-8-21,eHealth (EHTH) Revises 2023 Guidance: Here's What We Think,Zacks,https://finance.yahoo.com/news/ehealth-ehth-revises-2023-guidance-141500272.html,1692108900,STORY
e301ded5-bb35-39b0-8403-c4afa02678ac,AJG,2023-8-21,Willis Towers (WTW) Banks on Segmental Growth Amid Cost Woes,Zacks,https://finance.yahoo.com/news/willis-towers-wtw-banks-segmental-133000265.html,1692106200,STORY
f8c65ed8-2369-348c-a41c-5e36f59c5d3e,AJG,2023-8-21,Arthur J. Gallagher & Co. Acquires Horn,PR Newswire,https://finance.yahoo.com/news/arthur-j-gallagher-co-acquires-130000625.html,1692018000,STORY
2c715094-5b7a-3e4c-bca6-19ee76a0cb8c,AJG,2023-8-21,Arthur J. Gallagher (NYSE:AJG) Is Paying Out A Larger Dividend Than Last Year,Simply Wall St.,https://finance.yahoo.com/news/arthur-j-gallagher-nyse-ajg-121548466.html,1691928948,STORY
29528b1d-662e-32bb-ab6c-2cdf34591308,AJG,2023-8-21,3 Stocks to Buy That Are Not Named SOFI,InvestorPlace,https://finance.yahoo.com/news/3-stocks-buy-not-named-154914132.html,1691682554,STORY
07aa331f-cc1e-397c-a154-e0f9801e6b99,AJG,2023-8-21,"Arthur J. Gallagher (AJG) Acquires Wigmore, Boosts Insurance Arm",Zacks,https://finance.yahoo.com/news/arthur-j-gallagher-ajg-acquires-170100226.html,1691600460,STORY
86b6ebd8-ec0e-3864-ba43-9a7c39a22959,AJG,2023-8-22,Technical Assessment: Neutral in the Intermediate-Term,Argus Research,https://finance.yahoo.com/m/86b6ebd8-ec0e-3864-ba43-9a7c39a22959/technical-assessment%3A-neutral.html,1692704020,STORY
f57434de-afc5-31c8-a586-7c4208a659c2,AJG,2023-8-22,Arthur J. Gallagher (AJG) Rises 17% YTD: More Upside Left?,Zacks,https://finance.yahoo.com/news/arthur-j-gallagher-ajg-rises-162900848.html,1692376140,STORY
051af456-7219-37fb-9266-ee581549bcf7,AJG,2023-8-22,"Arthur J. Gallagher (AJG) Acquires Horn, Boosts Consulting Arm",Zacks,https://finance.yahoo.com/news/arthur-j-gallagher-ajg-acquires-160900035.html,1692202140,STORY
e7433ca0-12d8-3ea8-b922-17ba5094d4a5,AJG,2023-8-22,eHealth (EHTH) Revises 2023 Guidance: Here's What We Think,Zacks,https://finance.yahoo.com/news/ehealth-ehth-revises-2023-guidance-141500272.html,1692108900,STORY
e301ded5-bb35-39b0-8403-c4afa02678ac,AJG,2023-8-22,Willis Towers (WTW) Banks on Segmental Growth Amid Cost Woes,Zacks,https://finance.yahoo.com/news/willis-towers-wtw-banks-segmental-133000265.html,1692106200,STORY
f8c65ed8-2369-348c-a41c-5e36f59c5d3e,AJG,2023-8-22,Arthur J. Gallagher & Co. Acquires Horn,PR Newswire,https://finance.yahoo.com/news/arthur-j-gallagher-co-acquires-130000625.html,1692018000,STORY
2c715094-5b7a-3e4c-bca6-19ee76a0cb8c,AJG,2023-8-22,Arthur J. Gallagher (NYSE:AJG) Is Paying Out A Larger Dividend Than Last Year,Simply Wall St.,https://finance.yahoo.com/news/arthur-j-gallagher-nyse-ajg-121548466.html,1691928948,STORY
29528b1d-662e-32bb-ab6c-2cdf34591308,AJG,2023-8-22,3 Stocks to Buy That Are Not Named SOFI,InvestorPlace,https://finance.yahoo.com/news/3-stocks-buy-not-named-154914132.html,1691682554,STORY
86b6ebd8-ec0e-3864-ba43-9a7c39a22959,AJG,2023-8-23,Technical Assessment: Neutral in the Intermediate-Term,Argus Research,https://finance.yahoo.com/m/86b6ebd8-ec0e-3864-ba43-9a7c39a22959/technical-assessment%3A-neutral.html,1692704020,STORY
f57434de-afc5-31c8-a586-7c4208a659c2,AJG,2023-8-23,Arthur J. Gallagher (AJG) Rises 17% YTD: More Upside Left?,Zacks,https://finance.yahoo.com/news/arthur-j-gallagher-ajg-rises-162900848.html,1692376140,STORY
051af456-7219-37fb-9266-ee581549bcf7,AJG,2023-8-23,"Arthur J. Gallagher (AJG) Acquires Horn, Boosts Consulting Arm",Zacks,https://finance.yahoo.com/news/arthur-j-gallagher-ajg-acquires-160900035.html,1692202140,STORY
e7433ca0-12d8-3ea8-b922-17ba5094d4a5,AJG,2023-8-23,eHealth (EHTH) Revises 2023 Guidance: Here's What We Think,Zacks,https://finance.yahoo.com/news/ehealth-ehth-revises-2023-guidance-141500272.html,1692108900,STORY
e301ded5-bb35-39b0-8403-c4afa02678ac,AJG,2023-8-23,Willis Towers (WTW) Banks on Segmental Growth Amid Cost Woes,Zacks,https://finance.yahoo.com/news/willis-towers-wtw-banks-segmental-133000265.html,1692106200,STORY
f8c65ed8-2369-348c-a41c-5e36f59c5d3e,AJG,2023-8-23,Arthur J. Gallagher & Co. Acquires Horn,PR Newswire,https://finance.yahoo.com/news/arthur-j-gallagher-co-acquires-130000625.html,1692018000,STORY
2c715094-5b7a-3e4c-bca6-19ee76a0cb8c,AJG,2023-8-23,Arthur J. Gallagher (NYSE:AJG) Is Paying Out A Larger Dividend Than Last Year,Simply Wall St.,https://finance.yahoo.com/news/arthur-j-gallagher-nyse-ajg-121548466.html,1691928948,STORY
29528b1d-662e-32bb-ab6c-2cdf34591308,AJG,2023-8-23,3 Stocks to Buy That Are Not Named SOFI,InvestorPlace,https://finance.yahoo.com/news/3-stocks-buy-not-named-154914132.html,1691682554,STORY
f57434de-afc5-31c8-a586-7c4208a659c2,AJG,2023-8-24,Arthur J. Gallagher (AJG) Rises 17% YTD: More Upside Left?,Zacks,https://finance.yahoo.com/news/arthur-j-gallagher-ajg-rises-162900848.html,1692376140,STORY
051af456-7219-37fb-9266-ee581549bcf7,AJG,2023-8-24,"Arthur J. Gallagher (AJG) Acquires Horn, Boosts Consulting Arm",Zacks,https://finance.yahoo.com/news/arthur-j-gallagher-ajg-acquires-160900035.html,1692202140,STORY
e7433ca0-12d8-3ea8-b922-17ba5094d4a5,AJG,2023-8-24,eHealth (EHTH) Revises 2023 Guidance: Here's What We Think,Zacks,https://finance.yahoo.com/news/ehealth-ehth-revises-2023-guidance-141500272.html,1692108900,STORY
e301ded5-bb35-39b0-8403-c4afa02678ac,AJG,2023-8-24,Willis Towers (WTW) Banks on Segmental Growth Amid Cost Woes,Zacks,https://finance.yahoo.com/news/willis-towers-wtw-banks-segmental-133000265.html,1692106200,STORY
f8c65ed8-2369-348c-a41c-5e36f59c5d3e,AJG,2023-8-24,Arthur J. Gallagher & Co. Acquires Horn,PR Newswire,https://finance.yahoo.com/news/arthur-j-gallagher-co-acquires-130000625.html,1692018000,STORY
2c715094-5b7a-3e4c-bca6-19ee76a0cb8c,AJG,2023-8-24,Arthur J. Gallagher (NYSE:AJG) Is Paying Out A Larger Dividend Than Last Year,Simply Wall St.,https://finance.yahoo.com/news/arthur-j-gallagher-nyse-ajg-121548466.html,1691928948,STORY
29528b1d-662e-32bb-ab6c-2cdf34591308,AJG,2023-8-24,3 Stocks to Buy That Are Not Named SOFI,InvestorPlace,https://finance.yahoo.com/news/3-stocks-buy-not-named-154914132.html,1691682554,STORY
07aa331f-cc1e-397c-a154-e0f9801e6b99,AJG,2023-8-24,"Arthur J. Gallagher (AJG) Acquires Wigmore, Boosts Insurance Arm",Zacks,https://finance.yahoo.com/news/arthur-j-gallagher-ajg-acquires-170100226.html,1691600460,STORY
f57434de-afc5-31c8-a586-7c4208a659c2,AJG,2023-8-25,Arthur J. Gallagher (AJG) Rises 17% YTD: More Upside Left?,Zacks,https://finance.yahoo.com/news/arthur-j-gallagher-ajg-rises-162900848.html,1692376140,STORY
051af456-7219-37fb-9266-ee581549bcf7,AJG,2023-8-25,"Arthur J. Gallagher (AJG) Acquires Horn, Boosts Consulting Arm",Zacks,https://finance.yahoo.com/news/arthur-j-gallagher-ajg-acquires-160900035.html,1692202140,STORY
e7433ca0-12d8-3ea8-b922-17ba5094d4a5,AJG,2023-8-25,eHealth (EHTH) Revises 2023 Guidance: Here's What We Think,Zacks,https://finance.yahoo.com/news/ehealth-ehth-revises-2023-guidance-141500272.html,1692108900,STORY
e301ded5-bb35-39b0-8403-c4afa02678ac,AJG,2023-8-25,Willis Towers (WTW) Banks on Segmental Growth Amid Cost Woes,Zacks,https://finance.yahoo.com/news/willis-towers-wtw-banks-segmental-133000265.html,1692106200,STORY
f8c65ed8-2369-348c-a41c-5e36f59c5d3e,AJG,2023-8-25,Arthur J. Gallagher & Co. Acquires Horn,PR Newswire,https://finance.yahoo.com/news/arthur-j-gallagher-co-acquires-130000625.html,1692018000,STORY
2c715094-5b7a-3e4c-bca6-19ee76a0cb8c,AJG,2023-8-25,Arthur J. Gallagher (NYSE:AJG) Is Paying Out A Larger Dividend Than Last Year,Simply Wall St.,https://finance.yahoo.com/news/arthur-j-gallagher-nyse-ajg-121548466.html,1691928948,STORY
29528b1d-662e-32bb-ab6c-2cdf34591308,AJG,2023-8-25,3 Stocks to Buy That Are Not Named SOFI,InvestorPlace,https://finance.yahoo.com/news/3-stocks-buy-not-named-154914132.html,1691682554,STORY
07aa331f-cc1e-397c-a154-e0f9801e6b99,AJG,2023-8-25,"Arthur J. Gallagher (AJG) Acquires Wigmore, Boosts Insurance Arm",Zacks,https://finance.yahoo.com/news/arthur-j-gallagher-ajg-acquires-170100226.html,1691600460,STORY
f57434de-afc5-31c8-a586-7c4208a659c2,AJG,2023-8-26,Arthur J. Gallagher (AJG) Rises 17% YTD: More Upside Left?,Zacks,https://finance.yahoo.com/news/arthur-j-gallagher-ajg-rises-162900848.html,1692376140,STORY
051af456-7219-37fb-9266-ee581549bcf7,AJG,2023-8-26,"Arthur J. Gallagher (AJG) Acquires Horn, Boosts Consulting Arm",Zacks,https://finance.yahoo.com/news/arthur-j-gallagher-ajg-acquires-160900035.html,1692202140,STORY
e7433ca0-12d8-3ea8-b922-17ba5094d4a5,AJG,2023-8-26,eHealth (EHTH) Revises 2023 Guidance: Here's What We Think,Zacks,https://finance.yahoo.com/news/ehealth-ehth-revises-2023-guidance-141500272.html,1692108900,STORY
e301ded5-bb35-39b0-8403-c4afa02678ac,AJG,2023-8-26,Willis Towers (WTW) Banks on Segmental Growth Amid Cost Woes,Zacks,https://finance.yahoo.com/news/willis-towers-wtw-banks-segmental-133000265.html,1692106200,STORY
f8c65ed8-2369-348c-a41c-5e36f59c5d3e,AJG,2023-8-26,Arthur J. Gallagher & Co. Acquires Horn,PR Newswire,https://finance.yahoo.com/news/arthur-j-gallagher-co-acquires-130000625.html,1692018000,STORY
2c715094-5b7a-3e4c-bca6-19ee76a0cb8c,AJG,2023-8-26,Arthur J. Gallagher (NYSE:AJG) Is Paying Out A Larger Dividend Than Last Year,Simply Wall St.,https://finance.yahoo.com/news/arthur-j-gallagher-nyse-ajg-121548466.html,1691928948,STORY
29528b1d-662e-32bb-ab6c-2cdf34591308,AJG,2023-8-26,3 Stocks to Buy That Are Not Named SOFI,InvestorPlace,https://finance.yahoo.com/news/3-stocks-buy-not-named-154914132.html,1691682554,STORY
07aa331f-cc1e-397c-a154-e0f9801e6b99,AJG,2023-8-26,"Arthur J. Gallagher (AJG) Acquires Wigmore, Boosts Insurance Arm",Zacks,https://finance.yahoo.com/news/arthur-j-gallagher-ajg-acquires-170100226.html,1691600460,STORY
ec1f951c-e461-399a-bfd8-4df840b7310e,AJG,2023-8-27,Is It Smart To Buy Arthur J. Gallagher & Co. (NYSE:AJG) Before It Goes Ex-Dividend?,Simply Wall St.,https://finance.yahoo.com/news/smart-buy-arthur-j-gallagher-121236797.html,1693051956,STORY
f57434de-afc5-31c8-a586-7c4208a659c2,AJG,2023-8-27,Arthur J. Gallagher (AJG) Rises 17% YTD: More Upside Left?,Zacks,https://finance.yahoo.com/news/arthur-j-gallagher-ajg-rises-162900848.html,1692376140,STORY
051af456-7219-37fb-9266-ee581549bcf7,AJG,2023-8-27,"Arthur J. Gallagher (AJG) Acquires Horn, Boosts Consulting Arm",Zacks,https://finance.yahoo.com/news/arthur-j-gallagher-ajg-acquires-160900035.html,1692202140,STORY
e7433ca0-12d8-3ea8-b922-17ba5094d4a5,AJG,2023-8-27,eHealth (EHTH) Revises 2023 Guidance: Here's What We Think,Zacks,https://finance.yahoo.com/news/ehealth-ehth-revises-2023-guidance-141500272.html,1692108900,STORY
e301ded5-bb35-39b0-8403-c4afa02678ac,AJG,2023-8-27,Willis Towers (WTW) Banks on Segmental Growth Amid Cost Woes,Zacks,https://finance.yahoo.com/news/willis-towers-wtw-banks-segmental-133000265.html,1692106200,STORY
f8c65ed8-2369-348c-a41c-5e36f59c5d3e,AJG,2023-8-27,Arthur J. Gallagher & Co. Acquires Horn,PR Newswire,https://finance.yahoo.com/news/arthur-j-gallagher-co-acquires-130000625.html,1692018000,STORY
2c715094-5b7a-3e4c-bca6-19ee76a0cb8c,AJG,2023-8-27,Arthur J. Gallagher (NYSE:AJG) Is Paying Out A Larger Dividend Than Last Year,Simply Wall St.,https://finance.yahoo.com/news/arthur-j-gallagher-nyse-ajg-121548466.html,1691928948,STORY
29528b1d-662e-32bb-ab6c-2cdf34591308,AJG,2023-8-27,3 Stocks to Buy That Are Not Named SOFI,InvestorPlace,https://finance.yahoo.com/news/3-stocks-buy-not-named-154914132.html,1691682554,STORY
c9645a41-b0ab-37d1-a15b-f76bee937f77,AJG,2023-8-28,Arthur J. Gallagher's (NYSE:AJG) Upcoming Dividend Will Be Larger Than Last Year's,Simply Wall St.,https://finance.yahoo.com/news/arthur-j-gallaghers-nyse-ajg-122239930.html,1693138959,STORY
ec1f951c-e461-399a-bfd8-4df840b7310e,AJG,2023-8-28,Is It Smart To Buy Arthur J. Gallagher & Co. (NYSE:AJG) Before It Goes Ex-Dividend?,Simply Wall St.,https://finance.yahoo.com/news/smart-buy-arthur-j-gallagher-121236797.html,1693051956,STORY
f57434de-afc5-31c8-a586-7c4208a659c2,AJG,2023-8-28,Arthur J. Gallagher (AJG) Rises 17% YTD: More Upside Left?,Zacks,https://finance.yahoo.com/news/arthur-j-gallagher-ajg-rises-162900848.html,1692376140,STORY
051af456-7219-37fb-9266-ee581549bcf7,AJG,2023-8-28,"Arthur J. Gallagher (AJG) Acquires Horn, Boosts Consulting Arm",Zacks,https://finance.yahoo.com/news/arthur-j-gallagher-ajg-acquires-160900035.html,1692202140,STORY
e7433ca0-12d8-3ea8-b922-17ba5094d4a5,AJG,2023-8-28,eHealth (EHTH) Revises 2023 Guidance: Here's What We Think,Zacks,https://finance.yahoo.com/news/ehealth-ehth-revises-2023-guidance-141500272.html,1692108900,STORY
e301ded5-bb35-39b0-8403-c4afa02678ac,AJG,2023-8-28,Willis Towers (WTW) Banks on Segmental Growth Amid Cost Woes,Zacks,https://finance.yahoo.com/news/willis-towers-wtw-banks-segmental-133000265.html,1692106200,STORY
f8c65ed8-2369-348c-a41c-5e36f59c5d3e,AJG,2023-8-28,Arthur J. Gallagher & Co. Acquires Horn,PR Newswire,https://finance.yahoo.com/news/arthur-j-gallagher-co-acquires-130000625.html,1692018000,STORY
2c715094-5b7a-3e4c-bca6-19ee76a0cb8c,AJG,2023-8-28,Arthur J. Gallagher (NYSE:AJG) Is Paying Out A Larger Dividend Than Last Year,Simply Wall St.,https://finance.yahoo.com/news/arthur-j-gallagher-nyse-ajg-121548466.html,1691928948,STORY
69e68f54-2967-385a-99ff-df21ea4cca80,AJG,2023-8-29,Daily – Vickers Top Buyers & Sellers for 08/29/2023,Argus Research,https://finance.yahoo.com/m/69e68f54-2967-385a-99ff-df21ea4cca80/daily-%E2%80%93-vickers-top-buyers-%26.html,1693304163,STORY
767e1f73-1608-3541-b150-6cf2361375e0,AJG,2023-8-29,"3rd Palm Beach CorpGov Forum with NYSE, Goodmans, Goldman Sachs Nov. 8",CorpGov.com,https://finance.yahoo.com/news/3rd-palm-beach-corpgov-forum-185253296.html,1693248773,STORY
65e39362-a213-3ed9-bed4-bc4a3c91bf50,AJG,2023-8-29,"3rd Palm Beach CorpGov Forum with NYSE, Goodmans and Goldman Sachs Scheduled Nov. 8",IPO-Edge.com,https://finance.yahoo.com/news/3rd-palm-beach-corpgov-forum-163630428.html,1693240590,STORY
c9645a41-b0ab-37d1-a15b-f76bee937f77,AJG,2023-8-29,Arthur J. Gallagher's (NYSE:AJG) Upcoming Dividend Will Be Larger Than Last Year's,Simply Wall St.,https://finance.yahoo.com/news/arthur-j-gallaghers-nyse-ajg-122239930.html,1693138959,STORY
ec1f951c-e461-399a-bfd8-4df840b7310e,AJG,2023-8-29,Is It Smart To Buy Arthur J. Gallagher & Co. (NYSE:AJG) Before It Goes Ex-Dividend?,Simply Wall St.,https://finance.yahoo.com/news/smart-buy-arthur-j-gallagher-121236797.html,1693051956,STORY
f57434de-afc5-31c8-a586-7c4208a659c2,AJG,2023-8-29,Arthur J. Gallagher (AJG) Rises 17% YTD: More Upside Left?,Zacks,https://finance.yahoo.com/news/arthur-j-gallagher-ajg-rises-162900848.html,1692376140,STORY
051af456-7219-37fb-9266-ee581549bcf7,AJG,2023-8-29,"Arthur J. Gallagher (AJG) Acquires Horn, Boosts Consulting Arm",Zacks,https://finance.yahoo.com/news/arthur-j-gallagher-ajg-acquires-160900035.html,1692202140,STORY
e7433ca0-12d8-3ea8-b922-17ba5094d4a5,AJG,2023-8-29,eHealth (EHTH) Revises 2023 Guidance: Here's What We Think,Zacks,https://finance.yahoo.com/news/ehealth-ehth-revises-2023-guidance-141500272.html,1692108900,STORY
991ef77f-15cb-363b-9020-a22303178b41,AJG,2023-8-30,"Market Digest: AJG, WTRG, ENOV",Argus Research,https://finance.yahoo.com/m/991ef77f-15cb-363b-9020-a22303178b41/market-digest%3A-ajg%2C-wtrg%2C-enov.html,1693395283,STORY
69e68f54-2967-385a-99ff-df21ea4cca80,AJG,2023-8-30,Daily – Vickers Top Buyers & Sellers for 08/29/2023,Argus Research,https://finance.yahoo.com/m/69e68f54-2967-385a-99ff-df21ea4cca80/daily-%E2%80%93-vickers-top-buyers-%26.html,1693304163,STORY
767e1f73-1608-3541-b150-6cf2361375e0,AJG,2023-8-30,"3rd Palm Beach CorpGov Forum with NYSE, Goodmans, Goldman Sachs Nov. 8",CorpGov.com,https://finance.yahoo.com/news/3rd-palm-beach-corpgov-forum-185253296.html,1693248773,STORY
65e39362-a213-3ed9-bed4-bc4a3c91bf50,AJG,2023-8-30,"3rd Palm Beach CorpGov Forum with NYSE, Goodmans and Goldman Sachs Scheduled Nov. 8",IPO-Edge.com,https://finance.yahoo.com/news/3rd-palm-beach-corpgov-forum-163630428.html,1693240590,STORY
c9645a41-b0ab-37d1-a15b-f76bee937f77,AJG,2023-8-30,Arthur J. Gallagher's (NYSE:AJG) Upcoming Dividend Will Be Larger Than Last Year's,Simply Wall St.,https://finance.yahoo.com/news/arthur-j-gallaghers-nyse-ajg-122239930.html,1693138959,STORY
ec1f951c-e461-399a-bfd8-4df840b7310e,AJG,2023-8-30,Is It Smart To Buy Arthur J. Gallagher & Co. (NYSE:AJG) Before It Goes Ex-Dividend?,Simply Wall St.,https://finance.yahoo.com/news/smart-buy-arthur-j-gallagher-121236797.html,1693051956,STORY
f57434de-afc5-31c8-a586-7c4208a659c2,AJG,2023-8-30,Arthur J. Gallagher (AJG) Rises 17% YTD: More Upside Left?,Zacks,https://finance.yahoo.com/news/arthur-j-gallagher-ajg-rises-162900848.html,1692376140,STORY
051af456-7219-37fb-9266-ee581549bcf7,AJG,2023-8-30,"Arthur J. Gallagher (AJG) Acquires Horn, Boosts Consulting Arm",Zacks,https://finance.yahoo.com/news/arthur-j-gallagher-ajg-acquires-160900035.html,1692202140,STORY
512197ad-05dc-3344-8e11-1402eae884c5,AJG,2023-8-31,Arthur J. Gallagher & Co. (NYSE:AJG) is a favorite amongst institutional investors who own 86%,Simply Wall St.,https://finance.yahoo.com/news/arthur-j-gallagher-co-nyse-120042950.html,1693483242,STORY
d7e778a7-9a18-3c16-82bd-3654ecdcd7e8,AJG,2023-8-31,ARTHUR J. GALLAGHER & CO. TO HOST REGULARLY SCHEDULED QUARTERLY INVESTOR MEETING WITH MANAGEMENT,PR Newswire,https://finance.yahoo.com/news/arthur-j-gallagher-co-host-201500437.html,1693426500,STORY
a1e30cec-fda6-3229-a418-a1e7d2cfa0bd,AJG,2023-8-31,Analyst Report: Arthur J. Gallagher & Co.,Argus Research,https://finance.yahoo.com/m/a1e30cec-fda6-3229-a418-a1e7d2cfa0bd/analyst-report%3A-arthur-j..html,1693395283,STORY
991ef77f-15cb-363b-9020-a22303178b41,AJG,2023-8-31,"Market Digest: AJG, WTRG, ENOV",Argus Research,https://finance.yahoo.com/m/991ef77f-15cb-363b-9020-a22303178b41/market-digest%3A-ajg%2C-wtrg%2C-enov.html,1693395283,STORY
767e1f73-1608-3541-b150-6cf2361375e0,AJG,2023-8-31,"3rd Palm Beach CorpGov Forum with NYSE, Goodmans, Goldman Sachs Nov. 8",CorpGov.com,https://finance.yahoo.com/news/3rd-palm-beach-corpgov-forum-185253296.html,1693248773,STORY
65e39362-a213-3ed9-bed4-bc4a3c91bf50,AJG,2023-8-31,"3rd Palm Beach CorpGov Forum with NYSE, Goodmans and Goldman Sachs Scheduled Nov. 8",IPO-Edge.com,https://finance.yahoo.com/news/3rd-palm-beach-corpgov-forum-163630428.html,1693240590,STORY
c9645a41-b0ab-37d1-a15b-f76bee937f77,AJG,2023-8-31,Arthur J. Gallagher's (NYSE:AJG) Upcoming Dividend Will Be Larger Than Last Year's,Simply Wall St.,https://finance.yahoo.com/news/arthur-j-gallaghers-nyse-ajg-122239930.html,1693138959,STORY
ec1f951c-e461-399a-bfd8-4df840b7310e,AJG,2023-8-31,Is It Smart To Buy Arthur J. Gallagher & Co. (NYSE:AJG) Before It Goes Ex-Dividend?,Simply Wall St.,https://finance.yahoo.com/news/smart-buy-arthur-j-gallagher-121236797.html,1693051956,STORY
512197ad-05dc-3344-8e11-1402eae884c5,AJG,2023-9-1,Arthur J. Gallagher & Co. (NYSE:AJG) is a favorite amongst institutional investors who own 86%,Simply Wall St.,https://finance.yahoo.com/news/arthur-j-gallagher-co-nyse-120042950.html,1693483242,STORY
d7e778a7-9a18-3c16-82bd-3654ecdcd7e8,AJG,2023-9-1,ARTHUR J. GALLAGHER & CO. TO HOST REGULARLY SCHEDULED QUARTERLY INVESTOR MEETING WITH MANAGEMENT,PR Newswire,https://finance.yahoo.com/news/arthur-j-gallagher-co-host-201500437.html,1693426500,STORY
767e1f73-1608-3541-b150-6cf2361375e0,AJG,2023-9-1,"3rd Palm Beach CorpGov Forum with NYSE, Goodmans, Goldman Sachs Nov. 8",CorpGov.com,https://finance.yahoo.com/news/3rd-palm-beach-corpgov-forum-185253296.html,1693248773,STORY
65e39362-a213-3ed9-bed4-bc4a3c91bf50,AJG,2023-9-1,"3rd Palm Beach CorpGov Forum with NYSE, Goodmans and Goldman Sachs Scheduled Nov. 8",IPO-Edge.com,https://finance.yahoo.com/news/3rd-palm-beach-corpgov-forum-163630428.html,1693240590,STORY
c9645a41-b0ab-37d1-a15b-f76bee937f77,AJG,2023-9-1,Arthur J. Gallagher's (NYSE:AJG) Upcoming Dividend Will Be Larger Than Last Year's,Simply Wall St.,https://finance.yahoo.com/news/arthur-j-gallaghers-nyse-ajg-122239930.html,1693138959,STORY
ec1f951c-e461-399a-bfd8-4df840b7310e,AJG,2023-9-1,Is It Smart To Buy Arthur J. Gallagher & Co. (NYSE:AJG) Before It Goes Ex-Dividend?,Simply Wall St.,https://finance.yahoo.com/news/smart-buy-arthur-j-gallagher-121236797.html,1693051956,STORY
f57434de-afc5-31c8-a586-7c4208a659c2,AJG,2023-9-1,Arthur J. Gallagher (AJG) Rises 17% YTD: More Upside Left?,Zacks,https://finance.yahoo.com/news/arthur-j-gallagher-ajg-rises-162900848.html,1692376140,STORY
051af456-7219-37fb-9266-ee581549bcf7,AJG,2023-9-1,"Arthur J. Gallagher (AJG) Acquires Horn, Boosts Consulting Arm",Zacks,https://finance.yahoo.com/news/arthur-j-gallagher-ajg-acquires-160900035.html,1692202140,STORY
512197ad-05dc-3344-8e11-1402eae884c5,AJG,2023-9-2,Arthur J. Gallagher & Co. (NYSE:AJG) is a favorite amongst institutional investors who own 86%,Simply Wall St.,https://finance.yahoo.com/news/arthur-j-gallagher-co-nyse-120042950.html,1693483242,STORY
d7e778a7-9a18-3c16-82bd-3654ecdcd7e8,AJG,2023-9-2,ARTHUR J. GALLAGHER & CO. TO HOST REGULARLY SCHEDULED QUARTERLY INVESTOR MEETING WITH MANAGEMENT,PR Newswire,https://finance.yahoo.com/news/arthur-j-gallagher-co-host-201500437.html,1693426500,STORY
767e1f73-1608-3541-b150-6cf2361375e0,AJG,2023-9-2,"3rd Palm Beach CorpGov Forum with NYSE, Goodmans, Goldman Sachs Nov. 8",CorpGov.com,https://finance.yahoo.com/news/3rd-palm-beach-corpgov-forum-185253296.html,1693248773,STORY
65e39362-a213-3ed9-bed4-bc4a3c91bf50,AJG,2023-9-2,"3rd Palm Beach CorpGov Forum with NYSE, Goodmans and Goldman Sachs Scheduled Nov. 8",IPO-Edge.com,https://finance.yahoo.com/news/3rd-palm-beach-corpgov-forum-163630428.html,1693240590,STORY
c9645a41-b0ab-37d1-a15b-f76bee937f77,AJG,2023-9-2,Arthur J. Gallagher's (NYSE:AJG) Upcoming Dividend Will Be Larger Than Last Year's,Simply Wall St.,https://finance.yahoo.com/news/arthur-j-gallaghers-nyse-ajg-122239930.html,1693138959,STORY
ec1f951c-e461-399a-bfd8-4df840b7310e,AJG,2023-9-2,Is It Smart To Buy Arthur J. Gallagher & Co. (NYSE:AJG) Before It Goes Ex-Dividend?,Simply Wall St.,https://finance.yahoo.com/news/smart-buy-arthur-j-gallagher-121236797.html,1693051956,STORY
f57434de-afc5-31c8-a586-7c4208a659c2,AJG,2023-9-2,Arthur J. Gallagher (AJG) Rises 17% YTD: More Upside Left?,Zacks,https://finance.yahoo.com/news/arthur-j-gallagher-ajg-rises-162900848.html,1692376140,STORY
051af456-7219-37fb-9266-ee581549bcf7,AJG,2023-9-2,"Arthur J. Gallagher (AJG) Acquires Horn, Boosts Consulting Arm",Zacks,https://finance.yahoo.com/news/arthur-j-gallagher-ajg-acquires-160900035.html,1692202140,STORY
512197ad-05dc-3344-8e11-1402eae884c5,AJG,2023-9-3,Arthur J. Gallagher & Co. (NYSE:AJG) is a favorite amongst institutional investors who own 86%,Simply Wall St.,https://finance.yahoo.com/news/arthur-j-gallagher-co-nyse-120042950.html,1693483242,STORY
d7e778a7-9a18-3c16-82bd-3654ecdcd7e8,AJG,2023-9-3,ARTHUR J. GALLAGHER & CO. TO HOST REGULARLY SCHEDULED QUARTERLY INVESTOR MEETING WITH MANAGEMENT,PR Newswire,https://finance.yahoo.com/news/arthur-j-gallagher-co-host-201500437.html,1693426500,STORY
767e1f73-1608-3541-b150-6cf2361375e0,AJG,2023-9-3,"3rd Palm Beach CorpGov Forum with NYSE, Goodmans, Goldman Sachs Nov. 8",CorpGov.com,https://finance.yahoo.com/news/3rd-palm-beach-corpgov-forum-185253296.html,1693248773,STORY
65e39362-a213-3ed9-bed4-bc4a3c91bf50,AJG,2023-9-3,"3rd Palm Beach CorpGov Forum with NYSE, Goodmans and Goldman Sachs Scheduled Nov. 8",IPO-Edge.com,https://finance.yahoo.com/news/3rd-palm-beach-corpgov-forum-163630428.html,1693240590,STORY
c9645a41-b0ab-37d1-a15b-f76bee937f77,AJG,2023-9-3,Arthur J. Gallagher's (NYSE:AJG) Upcoming Dividend Will Be Larger Than Last Year's,Simply Wall St.,https://finance.yahoo.com/news/arthur-j-gallaghers-nyse-ajg-122239930.html,1693138959,STORY
ec1f951c-e461-399a-bfd8-4df840b7310e,AJG,2023-9-3,Is It Smart To Buy Arthur J. Gallagher & Co. (NYSE:AJG) Before It Goes Ex-Dividend?,Simply Wall St.,https://finance.yahoo.com/news/smart-buy-arthur-j-gallagher-121236797.html,1693051956,STORY
f57434de-afc5-31c8-a586-7c4208a659c2,AJG,2023-9-3,Arthur J. Gallagher (AJG) Rises 17% YTD: More Upside Left?,Zacks,https://finance.yahoo.com/news/arthur-j-gallagher-ajg-rises-162900848.html,1692376140,STORY
051af456-7219-37fb-9266-ee581549bcf7,AJG,2023-9-3,"Arthur J. Gallagher (AJG) Acquires Horn, Boosts Consulting Arm",Zacks,https://finance.yahoo.com/news/arthur-j-gallagher-ajg-acquires-160900035.html,1692202140,STORY
10a476b9-a29a-324e-b8ce-38ee1bd6957d,AJG,2023-9-4,"Insiders At Arthur J. Gallagher Sold US$9.4m In Stock, Alluding To Potential Weakness",Simply Wall St.,https://finance.yahoo.com/news/insiders-arthur-j-gallagher-sold-110020458.html,1693825220,STORY
512197ad-05dc-3344-8e11-1402eae884c5,AJG,2023-9-4,Arthur J. Gallagher & Co. (NYSE:AJG) is a favorite amongst institutional investors who own 86%,Simply Wall St.,https://finance.yahoo.com/news/arthur-j-gallagher-co-nyse-120042950.html,1693483242,STORY
d7e778a7-9a18-3c16-82bd-3654ecdcd7e8,AJG,2023-9-4,ARTHUR J. GALLAGHER & CO. TO HOST REGULARLY SCHEDULED QUARTERLY INVESTOR MEETING WITH MANAGEMENT,PR Newswire,https://finance.yahoo.com/news/arthur-j-gallagher-co-host-201500437.html,1693426500,STORY
767e1f73-1608-3541-b150-6cf2361375e0,AJG,2023-9-4,"3rd Palm Beach CorpGov Forum with NYSE, Goodmans, Goldman Sachs Nov. 8",CorpGov.com,https://finance.yahoo.com/news/3rd-palm-beach-corpgov-forum-185253296.html,1693248773,STORY
65e39362-a213-3ed9-bed4-bc4a3c91bf50,AJG,2023-9-4,"3rd Palm Beach CorpGov Forum with NYSE, Goodmans and Goldman Sachs Scheduled Nov. 8",IPO-Edge.com,https://finance.yahoo.com/news/3rd-palm-beach-corpgov-forum-163630428.html,1693240590,STORY
c9645a41-b0ab-37d1-a15b-f76bee937f77,AJG,2023-9-4,Arthur J. Gallagher's (NYSE:AJG) Upcoming Dividend Will Be Larger Than Last Year's,Simply Wall St.,https://finance.yahoo.com/news/arthur-j-gallaghers-nyse-ajg-122239930.html,1693138959,STORY
ec1f951c-e461-399a-bfd8-4df840b7310e,AJG,2023-9-4,Is It Smart To Buy Arthur J. Gallagher & Co. (NYSE:AJG) Before It Goes Ex-Dividend?,Simply Wall St.,https://finance.yahoo.com/news/smart-buy-arthur-j-gallagher-121236797.html,1693051956,STORY
f57434de-afc5-31c8-a586-7c4208a659c2,AJG,2023-9-4,Arthur J. Gallagher (AJG) Rises 17% YTD: More Upside Left?,Zacks,https://finance.yahoo.com/news/arthur-j-gallagher-ajg-rises-162900848.html,1692376140,STORY
727fa1d2-6c1b-356f-961b-8ea7c0c6d144,AJG,2023-9-5,Arthur J. Gallagher & Co. Acquires Lifesure Group Limited,PR Newswire,https://finance.yahoo.com/news/arthur-j-gallagher-co-acquires-091500357.html,1693905300,STORY
10a476b9-a29a-324e-b8ce-38ee1bd6957d,AJG,2023-9-5,"Insiders At Arthur J. Gallagher Sold US$9.4m In Stock, Alluding To Potential Weakness",Simply Wall St.,https://finance.yahoo.com/news/insiders-arthur-j-gallagher-sold-110020458.html,1693825220,STORY
512197ad-05dc-3344-8e11-1402eae884c5,AJG,2023-9-5,Arthur J. Gallagher & Co. (NYSE:AJG) is a favorite amongst institutional investors who own 86%,Simply Wall St.,https://finance.yahoo.com/news/arthur-j-gallagher-co-nyse-120042950.html,1693483242,STORY
d7e778a7-9a18-3c16-82bd-3654ecdcd7e8,AJG,2023-9-5,ARTHUR J. GALLAGHER & CO. TO HOST REGULARLY SCHEDULED QUARTERLY INVESTOR MEETING WITH MANAGEMENT,PR Newswire,https://finance.yahoo.com/news/arthur-j-gallagher-co-host-201500437.html,1693426500,STORY
767e1f73-1608-3541-b150-6cf2361375e0,AJG,2023-9-5,"3rd Palm Beach CorpGov Forum with NYSE, Goodmans, Goldman Sachs Nov. 8",CorpGov.com,https://finance.yahoo.com/news/3rd-palm-beach-corpgov-forum-185253296.html,1693248773,STORY
65e39362-a213-3ed9-bed4-bc4a3c91bf50,AJG,2023-9-5,"3rd Palm Beach CorpGov Forum with NYSE, Goodmans and Goldman Sachs Scheduled Nov. 8",IPO-Edge.com,https://finance.yahoo.com/news/3rd-palm-beach-corpgov-forum-163630428.html,1693240590,STORY
c9645a41-b0ab-37d1-a15b-f76bee937f77,AJG,2023-9-5,Arthur J. Gallagher's (NYSE:AJG) Upcoming Dividend Will Be Larger Than Last Year's,Simply Wall St.,https://finance.yahoo.com/news/arthur-j-gallaghers-nyse-ajg-122239930.html,1693138959,STORY
ec1f951c-e461-399a-bfd8-4df840b7310e,AJG,2023-9-5,Is It Smart To Buy Arthur J. Gallagher & Co. (NYSE:AJG) Before It Goes Ex-Dividend?,Simply Wall St.,https://finance.yahoo.com/news/smart-buy-arthur-j-gallagher-121236797.html,1693051956,STORY
727fa1d2-6c1b-356f-961b-8ea7c0c6d144,AJG,2023-9-6,Arthur J. Gallagher & Co. Acquires Lifesure Group Limited,PR Newswire,https://finance.yahoo.com/news/arthur-j-gallagher-co-acquires-091500357.html,1693905300,STORY
10a476b9-a29a-324e-b8ce-38ee1bd6957d,AJG,2023-9-6,"Insiders At Arthur J. Gallagher Sold US$9.4m In Stock, Alluding To Potential Weakness",Simply Wall St.,https://finance.yahoo.com/news/insiders-arthur-j-gallagher-sold-110020458.html,1693825220,STORY
512197ad-05dc-3344-8e11-1402eae884c5,AJG,2023-9-6,Arthur J. Gallagher & Co. (NYSE:AJG) is a favorite amongst institutional investors who own 86%,Simply Wall St.,https://finance.yahoo.com/news/arthur-j-gallagher-co-nyse-120042950.html,1693483242,STORY
57097ca9-f4cf-3297-ad7e-e58fc2b0b79d,AJG,2023-9-6,7 Stocks Sitting At 52-Week Highs Right Now,InvestorPlace,https://finance.yahoo.com/news/7-stocks-sitting-52-week-231720544.html,1693437440,STORY
d7e778a7-9a18-3c16-82bd-3654ecdcd7e8,AJG,2023-9-6,ARTHUR J. GALLAGHER & CO. TO HOST REGULARLY SCHEDULED QUARTERLY INVESTOR MEETING WITH MANAGEMENT,PR Newswire,https://finance.yahoo.com/news/arthur-j-gallagher-co-host-201500437.html,1693426500,STORY
767e1f73-1608-3541-b150-6cf2361375e0,AJG,2023-9-6,"3rd Palm Beach CorpGov Forum with NYSE, Goodmans, Goldman Sachs Nov. 8",CorpGov.com,https://finance.yahoo.com/news/3rd-palm-beach-corpgov-forum-185253296.html,1693248773,STORY
65e39362-a213-3ed9-bed4-bc4a3c91bf50,AJG,2023-9-6,"3rd Palm Beach CorpGov Forum with NYSE, Goodmans and Goldman Sachs Scheduled Nov. 8",IPO-Edge.com,https://finance.yahoo.com/news/3rd-palm-beach-corpgov-forum-163630428.html,1693240590,STORY
c9645a41-b0ab-37d1-a15b-f76bee937f77,AJG,2023-9-6,Arthur J. Gallagher's (NYSE:AJG) Upcoming Dividend Will Be Larger Than Last Year's,Simply Wall St.,https://finance.yahoo.com/news/arthur-j-gallaghers-nyse-ajg-122239930.html,1693138959,STORY
c446df5e-f6d5-3a7f-99f3-ac2c601ac45d,AJG,2023-9-7,Arthur J. Gallagher (AJG) Expands in UK With Lifesure Buyout,Zacks,https://finance.yahoo.com/news/arthur-j-gallagher-ajg-expands-143300378.html,1694010780,STORY
5830d6e1-ae27-315f-a4c9-a402f9096565,AJG,2023-9-7,"More Employers Addressing Burnout and Needs of a Diverse Workforce -- From Flexibility to Demand for Weight Loss Drugs, Gallagher US Study Finds",PR Newswire,https://finance.yahoo.com/news/more-employers-addressing-burnout-needs-130000699.html,1694005200,STORY
727fa1d2-6c1b-356f-961b-8ea7c0c6d144,AJG,2023-9-7,Arthur J. Gallagher & Co. Acquires Lifesure Group Limited,PR Newswire,https://finance.yahoo.com/news/arthur-j-gallagher-co-acquires-091500357.html,1693905300,STORY
10a476b9-a29a-324e-b8ce-38ee1bd6957d,AJG,2023-9-7,"Insiders At Arthur J. Gallagher Sold US$9.4m In Stock, Alluding To Potential Weakness",Simply Wall St.,https://finance.yahoo.com/news/insiders-arthur-j-gallagher-sold-110020458.html,1693825220,STORY
512197ad-05dc-3344-8e11-1402eae884c5,AJG,2023-9-7,Arthur J. Gallagher & Co. (NYSE:AJG) is a favorite amongst institutional investors who own 86%,Simply Wall St.,https://finance.yahoo.com/news/arthur-j-gallagher-co-nyse-120042950.html,1693483242,STORY
57097ca9-f4cf-3297-ad7e-e58fc2b0b79d,AJG,2023-9-7,7 Stocks Sitting At 52-Week Highs Right Now,InvestorPlace,https://finance.yahoo.com/news/7-stocks-sitting-52-week-231720544.html,1693437440,STORY
d7e778a7-9a18-3c16-82bd-3654ecdcd7e8,AJG,2023-9-7,ARTHUR J. GALLAGHER & CO. TO HOST REGULARLY SCHEDULED QUARTERLY INVESTOR MEETING WITH MANAGEMENT,PR Newswire,https://finance.yahoo.com/news/arthur-j-gallagher-co-host-201500437.html,1693426500,STORY
767e1f73-1608-3541-b150-6cf2361375e0,AJG,2023-9-7,"3rd Palm Beach CorpGov Forum with NYSE, Goodmans, Goldman Sachs Nov. 8",CorpGov.com,https://finance.yahoo.com/news/3rd-palm-beach-corpgov-forum-185253296.html,1693248773,STORY
c446df5e-f6d5-3a7f-99f3-ac2c601ac45d,AJG,2023-9-8,Arthur J. Gallagher (AJG) Expands in UK With Lifesure Buyout,Zacks,https://finance.yahoo.com/news/arthur-j-gallagher-ajg-expands-143300378.html,1694010780,STORY
5830d6e1-ae27-315f-a4c9-a402f9096565,AJG,2023-9-8,"More Employers Addressing Burnout and Needs of a Diverse Workforce -- From Flexibility to Demand for Weight Loss Drugs, Gallagher US Study Finds",PR Newswire,https://finance.yahoo.com/news/more-employers-addressing-burnout-needs-130000699.html,1694005200,STORY
727fa1d2-6c1b-356f-961b-8ea7c0c6d144,AJG,2023-9-8,Arthur J. Gallagher & Co. Acquires Lifesure Group Limited,PR Newswire,https://finance.yahoo.com/news/arthur-j-gallagher-co-acquires-091500357.html,1693905300,STORY
10a476b9-a29a-324e-b8ce-38ee1bd6957d,AJG,2023-9-8,"Insiders At Arthur J. Gallagher Sold US$9.4m In Stock, Alluding To Potential Weakness",Simply Wall St.,https://finance.yahoo.com/news/insiders-arthur-j-gallagher-sold-110020458.html,1693825220,STORY
512197ad-05dc-3344-8e11-1402eae884c5,AJG,2023-9-8,Arthur J. Gallagher & Co. (NYSE:AJG) is a favorite amongst institutional investors who own 86%,Simply Wall St.,https://finance.yahoo.com/news/arthur-j-gallagher-co-nyse-120042950.html,1693483242,STORY
57097ca9-f4cf-3297-ad7e-e58fc2b0b79d,AJG,2023-9-8,7 Stocks Sitting At 52-Week Highs Right Now,InvestorPlace,https://finance.yahoo.com/news/7-stocks-sitting-52-week-231720544.html,1693437440,STORY
d7e778a7-9a18-3c16-82bd-3654ecdcd7e8,AJG,2023-9-8,ARTHUR J. GALLAGHER & CO. TO HOST REGULARLY SCHEDULED QUARTERLY INVESTOR MEETING WITH MANAGEMENT,PR Newswire,https://finance.yahoo.com/news/arthur-j-gallagher-co-host-201500437.html,1693426500,STORY
767e1f73-1608-3541-b150-6cf2361375e0,AJG,2023-9-8,"3rd Palm Beach CorpGov Forum with NYSE, Goodmans, Goldman Sachs Nov. 8",CorpGov.com,https://finance.yahoo.com/news/3rd-palm-beach-corpgov-forum-185253296.html,1693248773,STORY
c446df5e-f6d5-3a7f-99f3-ac2c601ac45d,AJG,2023-9-9,Arthur J. Gallagher (AJG) Expands in UK With Lifesure Buyout,Zacks,https://finance.yahoo.com/news/arthur-j-gallagher-ajg-expands-143300378.html,1694010780,STORY
5830d6e1-ae27-315f-a4c9-a402f9096565,AJG,2023-9-9,"More Employers Addressing Burnout and Needs of a Diverse Workforce -- From Flexibility to Demand for Weight Loss Drugs, Gallagher US Study Finds",PR Newswire,https://finance.yahoo.com/news/more-employers-addressing-burnout-needs-130000699.html,1694005200,STORY
727fa1d2-6c1b-356f-961b-8ea7c0c6d144,AJG,2023-9-9,Arthur J. Gallagher & Co. Acquires Lifesure Group Limited,PR Newswire,https://finance.yahoo.com/news/arthur-j-gallagher-co-acquires-091500357.html,1693905300,STORY
10a476b9-a29a-324e-b8ce-38ee1bd6957d,AJG,2023-9-9,"Insiders At Arthur J. Gallagher Sold US$9.4m In Stock, Alluding To Potential Weakness",Simply Wall St.,https://finance.yahoo.com/news/insiders-arthur-j-gallagher-sold-110020458.html,1693825220,STORY
512197ad-05dc-3344-8e11-1402eae884c5,AJG,2023-9-9,Arthur J. Gallagher & Co. (NYSE:AJG) is a favorite amongst institutional investors who own 86%,Simply Wall St.,https://finance.yahoo.com/news/arthur-j-gallagher-co-nyse-120042950.html,1693483242,STORY
57097ca9-f4cf-3297-ad7e-e58fc2b0b79d,AJG,2023-9-9,7 Stocks Sitting At 52-Week Highs Right Now,InvestorPlace,https://finance.yahoo.com/news/7-stocks-sitting-52-week-231720544.html,1693437440,STORY
d7e778a7-9a18-3c16-82bd-3654ecdcd7e8,AJG,2023-9-9,ARTHUR J. GALLAGHER & CO. TO HOST REGULARLY SCHEDULED QUARTERLY INVESTOR MEETING WITH MANAGEMENT,PR Newswire,https://finance.yahoo.com/news/arthur-j-gallagher-co-host-201500437.html,1693426500,STORY
767e1f73-1608-3541-b150-6cf2361375e0,AJG,2023-9-9,"3rd Palm Beach CorpGov Forum with NYSE, Goodmans, Goldman Sachs Nov. 8",CorpGov.com,https://finance.yahoo.com/news/3rd-palm-beach-corpgov-forum-185253296.html,1693248773,STORY
8e795a47-8dfc-3883-bfdc-2c1eedd561d4,AJG,2023-9-10,Arthur J. Gallagher & Co.'s (NYSE:AJG) Stock Is Going Strong: Is the Market Following Fundamentals?,Simply Wall St.,https://finance.yahoo.com/news/arthur-j-gallagher-co-nyse-130023176.html,1694264423,STORY
c446df5e-f6d5-3a7f-99f3-ac2c601ac45d,AJG,2023-9-10,Arthur J. Gallagher (AJG) Expands in UK With Lifesure Buyout,Zacks,https://finance.yahoo.com/news/arthur-j-gallagher-ajg-expands-143300378.html,1694010780,STORY
5830d6e1-ae27-315f-a4c9-a402f9096565,AJG,2023-9-10,"More Employers Addressing Burnout and Needs of a Diverse Workforce -- From Flexibility to Demand for Weight Loss Drugs, Gallagher US Study Finds",PR Newswire,https://finance.yahoo.com/news/more-employers-addressing-burnout-needs-130000699.html,1694005200,STORY
727fa1d2-6c1b-356f-961b-8ea7c0c6d144,AJG,2023-9-10,Arthur J. Gallagher & Co. Acquires Lifesure Group Limited,PR Newswire,https://finance.yahoo.com/news/arthur-j-gallagher-co-acquires-091500357.html,1693905300,STORY
10a476b9-a29a-324e-b8ce-38ee1bd6957d,AJG,2023-9-10,"Insiders At Arthur J. Gallagher Sold US$9.4m In Stock, Alluding To Potential Weakness",Simply Wall St.,https://finance.yahoo.com/news/insiders-arthur-j-gallagher-sold-110020458.html,1693825220,STORY
512197ad-05dc-3344-8e11-1402eae884c5,AJG,2023-9-10,Arthur J. Gallagher & Co. (NYSE:AJG) is a favorite amongst institutional investors who own 86%,Simply Wall St.,https://finance.yahoo.com/news/arthur-j-gallagher-co-nyse-120042950.html,1693483242,STORY
57097ca9-f4cf-3297-ad7e-e58fc2b0b79d,AJG,2023-9-10,7 Stocks Sitting At 52-Week Highs Right Now,InvestorPlace,https://finance.yahoo.com/news/7-stocks-sitting-52-week-231720544.html,1693437440,STORY
d7e778a7-9a18-3c16-82bd-3654ecdcd7e8,AJG,2023-9-10,ARTHUR J. GALLAGHER & CO. TO HOST REGULARLY SCHEDULED QUARTERLY INVESTOR MEETING WITH MANAGEMENT,PR Newswire,https://finance.yahoo.com/news/arthur-j-gallagher-co-host-201500437.html,1693426500,STORY
8e795a47-8dfc-3883-bfdc-2c1eedd561d4,AJG,2023-9-11,Arthur J. Gallagher & Co.'s (NYSE:AJG) Stock Is Going Strong: Is the Market Following Fundamentals?,Simply Wall St.,https://finance.yahoo.com/news/arthur-j-gallagher-co-nyse-130023176.html,1694264423,STORY
c446df5e-f6d5-3a7f-99f3-ac2c601ac45d,AJG,2023-9-11,Arthur J. Gallagher (AJG) Expands in UK With Lifesure Buyout,Zacks,https://finance.yahoo.com/news/arthur-j-gallagher-ajg-expands-143300378.html,1694010780,STORY
5830d6e1-ae27-315f-a4c9-a402f9096565,AJG,2023-9-11,"More Employers Addressing Burnout and Needs of a Diverse Workforce -- From Flexibility to Demand for Weight Loss Drugs, Gallagher US Study Finds",PR Newswire,https://finance.yahoo.com/news/more-employers-addressing-burnout-needs-130000699.html,1694005200,STORY
727fa1d2-6c1b-356f-961b-8ea7c0c6d144,AJG,2023-9-11,Arthur J. Gallagher & Co. Acquires Lifesure Group Limited,PR Newswire,https://finance.yahoo.com/news/arthur-j-gallagher-co-acquires-091500357.html,1693905300,STORY
10a476b9-a29a-324e-b8ce-38ee1bd6957d,AJG,2023-9-11,"Insiders At Arthur J. Gallagher Sold US$9.4m In Stock, Alluding To Potential Weakness",Simply Wall St.,https://finance.yahoo.com/news/insiders-arthur-j-gallagher-sold-110020458.html,1693825220,STORY
512197ad-05dc-3344-8e11-1402eae884c5,AJG,2023-9-11,Arthur J. Gallagher & Co. (NYSE:AJG) is a favorite amongst institutional investors who own 86%,Simply Wall St.,https://finance.yahoo.com/news/arthur-j-gallagher-co-nyse-120042950.html,1693483242,STORY
57097ca9-f4cf-3297-ad7e-e58fc2b0b79d,AJG,2023-9-11,7 Stocks Sitting At 52-Week Highs Right Now,InvestorPlace,https://finance.yahoo.com/news/7-stocks-sitting-52-week-231720544.html,1693437440,STORY
d7e778a7-9a18-3c16-82bd-3654ecdcd7e8,AJG,2023-9-11,ARTHUR J. GALLAGHER & CO. TO HOST REGULARLY SCHEDULED QUARTERLY INVESTOR MEETING WITH MANAGEMENT,PR Newswire,https://finance.yahoo.com/news/arthur-j-gallagher-co-host-201500437.html,1693426500,STORY
3d1aa014-8093-3605-b8c3-bf2ca5e3a3e3,AJG,2023-9-12,"Arthur J. Gallagher & Co. Acquires Southern Insurance Group, LLC",PR Newswire,https://finance.yahoo.com/news/arthur-j-gallagher-co-acquires-130000959.html,1694437200,STORY
8e795a47-8dfc-3883-bfdc-2c1eedd561d4,AJG,2023-9-12,Arthur J. Gallagher & Co.'s (NYSE:AJG) Stock Is Going Strong: Is the Market Following Fundamentals?,Simply Wall St.,https://finance.yahoo.com/news/arthur-j-gallagher-co-nyse-130023176.html,1694264423,STORY
c446df5e-f6d5-3a7f-99f3-ac2c601ac45d,AJG,2023-9-12,Arthur J. Gallagher (AJG) Expands in UK With Lifesure Buyout,Zacks,https://finance.yahoo.com/news/arthur-j-gallagher-ajg-expands-143300378.html,1694010780,STORY
5830d6e1-ae27-315f-a4c9-a402f9096565,AJG,2023-9-12,"More Employers Addressing Burnout and Needs of a Diverse Workforce -- From Flexibility to Demand for Weight Loss Drugs, Gallagher US Study Finds",PR Newswire,https://finance.yahoo.com/news/more-employers-addressing-burnout-needs-130000699.html,1694005200,STORY
727fa1d2-6c1b-356f-961b-8ea7c0c6d144,AJG,2023-9-12,Arthur J. Gallagher & Co. Acquires Lifesure Group Limited,PR Newswire,https://finance.yahoo.com/news/arthur-j-gallagher-co-acquires-091500357.html,1693905300,STORY
10a476b9-a29a-324e-b8ce-38ee1bd6957d,AJG,2023-9-12,"Insiders At Arthur J. Gallagher Sold US$9.4m In Stock, Alluding To Potential Weakness",Simply Wall St.,https://finance.yahoo.com/news/insiders-arthur-j-gallagher-sold-110020458.html,1693825220,STORY
512197ad-05dc-3344-8e11-1402eae884c5,AJG,2023-9-12,Arthur J. Gallagher & Co. (NYSE:AJG) is a favorite amongst institutional investors who own 86%,Simply Wall St.,https://finance.yahoo.com/news/arthur-j-gallagher-co-nyse-120042950.html,1693483242,STORY
57097ca9-f4cf-3297-ad7e-e58fc2b0b79d,AJG,2023-9-12,7 Stocks Sitting At 52-Week Highs Right Now,InvestorPlace,https://finance.yahoo.com/news/7-stocks-sitting-52-week-231720544.html,1693437440,STORY
65b8995d-d5af-3253-a597-7aa647cb962e,AJG,2023-9-13,Arthur J. Gallagher (AJG) Buys Southern Insurance Group,Zacks,https://finance.yahoo.com/news/arthur-j-gallagher-ajg-buys-162600480.html,1694535960,STORY
ac8c6430-d0b1-3421-b6c4-c0582d8ffb22,AJG,2023-9-13,Arthur J. Gallagher & Co. Acquires Frontier Financial Services Limited,PR Newswire,https://finance.yahoo.com/news/arthur-j-gallagher-co-acquires-160000710.html,1694534400,STORY
8168497a-37dc-3880-a3f2-96a5552975c0,AJG,2023-9-13,"Arthur J. Gallagher & Co. Acquires Morgan, Trevathan & Gunn, Inc.",PR Newswire,https://finance.yahoo.com/news/arthur-j-gallagher-co-acquires-130000337.html,1694523600,STORY
3d1aa014-8093-3605-b8c3-bf2ca5e3a3e3,AJG,2023-9-13,"Arthur J. Gallagher & Co. Acquires Southern Insurance Group, LLC",PR Newswire,https://finance.yahoo.com/news/arthur-j-gallagher-co-acquires-130000959.html,1694437200,STORY
8e795a47-8dfc-3883-bfdc-2c1eedd561d4,AJG,2023-9-13,Arthur J. Gallagher & Co.'s (NYSE:AJG) Stock Is Going Strong: Is the Market Following Fundamentals?,Simply Wall St.,https://finance.yahoo.com/news/arthur-j-gallagher-co-nyse-130023176.html,1694264423,STORY
c446df5e-f6d5-3a7f-99f3-ac2c601ac45d,AJG,2023-9-13,Arthur J. Gallagher (AJG) Expands in UK With Lifesure Buyout,Zacks,https://finance.yahoo.com/news/arthur-j-gallagher-ajg-expands-143300378.html,1694010780,STORY
5830d6e1-ae27-315f-a4c9-a402f9096565,AJG,2023-9-13,"More Employers Addressing Burnout and Needs of a Diverse Workforce -- From Flexibility to Demand for Weight Loss Drugs, Gallagher US Study Finds",PR Newswire,https://finance.yahoo.com/news/more-employers-addressing-burnout-needs-130000699.html,1694005200,STORY
727fa1d2-6c1b-356f-961b-8ea7c0c6d144,AJG,2023-9-13,Arthur J. Gallagher & Co. Acquires Lifesure Group Limited,PR Newswire,https://finance.yahoo.com/news/arthur-j-gallagher-co-acquires-091500357.html,1693905300,STORY
205a4519-d019-3718-b0a7-2679d700ae3e,AJG,2023-9-14,Arthur J. Gallagher's (AJG) Acquisitions to Boost Core Business,Zacks,https://finance.yahoo.com/news/arthur-j-gallaghers-ajg-acquisitions-173000937.html,1694626200,STORY
65b8995d-d5af-3253-a597-7aa647cb962e,AJG,2023-9-14,Arthur J. Gallagher (AJG) Buys Southern Insurance Group,Zacks,https://finance.yahoo.com/news/arthur-j-gallagher-ajg-buys-162600480.html,1694535960,STORY
ac8c6430-d0b1-3421-b6c4-c0582d8ffb22,AJG,2023-9-14,Arthur J. Gallagher & Co. Acquires Frontier Financial Services Limited,PR Newswire,https://finance.yahoo.com/news/arthur-j-gallagher-co-acquires-160000710.html,1694534400,STORY
8168497a-37dc-3880-a3f2-96a5552975c0,AJG,2023-9-14,"Arthur J. Gallagher & Co. Acquires Morgan, Trevathan & Gunn, Inc.",PR Newswire,https://finance.yahoo.com/news/arthur-j-gallagher-co-acquires-130000337.html,1694523600,STORY
3d1aa014-8093-3605-b8c3-bf2ca5e3a3e3,AJG,2023-9-14,"Arthur J. Gallagher & Co. Acquires Southern Insurance Group, LLC",PR Newswire,https://finance.yahoo.com/news/arthur-j-gallagher-co-acquires-130000959.html,1694437200,STORY
8e795a47-8dfc-3883-bfdc-2c1eedd561d4,AJG,2023-9-14,Arthur J. Gallagher & Co.'s (NYSE:AJG) Stock Is Going Strong: Is the Market Following Fundamentals?,Simply Wall St.,https://finance.yahoo.com/news/arthur-j-gallagher-co-nyse-130023176.html,1694264423,STORY
c446df5e-f6d5-3a7f-99f3-ac2c601ac45d,AJG,2023-9-14,Arthur J. Gallagher (AJG) Expands in UK With Lifesure Buyout,Zacks,https://finance.yahoo.com/news/arthur-j-gallagher-ajg-expands-143300378.html,1694010780,STORY
5830d6e1-ae27-315f-a4c9-a402f9096565,AJG,2023-9-14,"More Employers Addressing Burnout and Needs of a Diverse Workforce -- From Flexibility to Demand for Weight Loss Drugs, Gallagher US Study Finds",PR Newswire,https://finance.yahoo.com/news/more-employers-addressing-burnout-needs-130000699.html,1694005200,STORY
205a4519-d019-3718-b0a7-2679d700ae3e,AJG,2023-9-15,Arthur J. Gallagher's (AJG) Acquisitions to Boost Core Business,Zacks,https://finance.yahoo.com/news/arthur-j-gallaghers-ajg-acquisitions-173000937.html,1694626200,STORY
65b8995d-d5af-3253-a597-7aa647cb962e,AJG,2023-9-15,Arthur J. Gallagher (AJG) Buys Southern Insurance Group,Zacks,https://finance.yahoo.com/news/arthur-j-gallagher-ajg-buys-162600480.html,1694535960,STORY
ac8c6430-d0b1-3421-b6c4-c0582d8ffb22,AJG,2023-9-15,Arthur J. Gallagher & Co. Acquires Frontier Financial Services Limited,PR Newswire,https://finance.yahoo.com/news/arthur-j-gallagher-co-acquires-160000710.html,1694534400,STORY
8168497a-37dc-3880-a3f2-96a5552975c0,AJG,2023-9-15,"Arthur J. Gallagher & Co. Acquires Morgan, Trevathan & Gunn, Inc.",PR Newswire,https://finance.yahoo.com/news/arthur-j-gallagher-co-acquires-130000337.html,1694523600,STORY
3d1aa014-8093-3605-b8c3-bf2ca5e3a3e3,AJG,2023-9-15,"Arthur J. Gallagher & Co. Acquires Southern Insurance Group, LLC",PR Newswire,https://finance.yahoo.com/news/arthur-j-gallagher-co-acquires-130000959.html,1694437200,STORY
8e795a47-8dfc-3883-bfdc-2c1eedd561d4,AJG,2023-9-15,Arthur J. Gallagher & Co.'s (NYSE:AJG) Stock Is Going Strong: Is the Market Following Fundamentals?,Simply Wall St.,https://finance.yahoo.com/news/arthur-j-gallagher-co-nyse-130023176.html,1694264423,STORY
c446df5e-f6d5-3a7f-99f3-ac2c601ac45d,AJG,2023-9-15,Arthur J. Gallagher (AJG) Expands in UK With Lifesure Buyout,Zacks,https://finance.yahoo.com/news/arthur-j-gallagher-ajg-expands-143300378.html,1694010780,STORY
5830d6e1-ae27-315f-a4c9-a402f9096565,AJG,2023-9-15,"More Employers Addressing Burnout and Needs of a Diverse Workforce -- From Flexibility to Demand for Weight Loss Drugs, Gallagher US Study Finds",PR Newswire,https://finance.yahoo.com/news/more-employers-addressing-burnout-needs-130000699.html,1694005200,STORY
205a4519-d019-3718-b0a7-2679d700ae3e,AJG,2023-9-16,Arthur J. Gallagher's (AJG) Acquisitions to Boost Core Business,Zacks,https://finance.yahoo.com/news/arthur-j-gallaghers-ajg-acquisitions-173000937.html,1694626200,STORY
65b8995d-d5af-3253-a597-7aa647cb962e,AJG,2023-9-16,Arthur J. Gallagher (AJG) Buys Southern Insurance Group,Zacks,https://finance.yahoo.com/news/arthur-j-gallagher-ajg-buys-162600480.html,1694535960,STORY
ac8c6430-d0b1-3421-b6c4-c0582d8ffb22,AJG,2023-9-16,Arthur J. Gallagher & Co. Acquires Frontier Financial Services Limited,PR Newswire,https://finance.yahoo.com/news/arthur-j-gallagher-co-acquires-160000710.html,1694534400,STORY
8168497a-37dc-3880-a3f2-96a5552975c0,AJG,2023-9-16,"Arthur J. Gallagher & Co. Acquires Morgan, Trevathan & Gunn, Inc.",PR Newswire,https://finance.yahoo.com/news/arthur-j-gallagher-co-acquires-130000337.html,1694523600,STORY
3d1aa014-8093-3605-b8c3-bf2ca5e3a3e3,AJG,2023-9-16,"Arthur J. Gallagher & Co. Acquires Southern Insurance Group, LLC",PR Newswire,https://finance.yahoo.com/news/arthur-j-gallagher-co-acquires-130000959.html,1694437200,STORY
8e795a47-8dfc-3883-bfdc-2c1eedd561d4,AJG,2023-9-16,Arthur J. Gallagher & Co.'s (NYSE:AJG) Stock Is Going Strong: Is the Market Following Fundamentals?,Simply Wall St.,https://finance.yahoo.com/news/arthur-j-gallagher-co-nyse-130023176.html,1694264423,STORY
c446df5e-f6d5-3a7f-99f3-ac2c601ac45d,AJG,2023-9-16,Arthur J. Gallagher (AJG) Expands in UK With Lifesure Buyout,Zacks,https://finance.yahoo.com/news/arthur-j-gallagher-ajg-expands-143300378.html,1694010780,STORY
5830d6e1-ae27-315f-a4c9-a402f9096565,AJG,2023-9-16,"More Employers Addressing Burnout and Needs of a Diverse Workforce -- From Flexibility to Demand for Weight Loss Drugs, Gallagher US Study Finds",PR Newswire,https://finance.yahoo.com/news/more-employers-addressing-burnout-needs-130000699.html,1694005200,STORY
205a4519-d019-3718-b0a7-2679d700ae3e,AJG,2023-9-17,Arthur J. Gallagher's (AJG) Acquisitions to Boost Core Business,Zacks,https://finance.yahoo.com/news/arthur-j-gallaghers-ajg-acquisitions-173000937.html,1694626200,STORY
65b8995d-d5af-3253-a597-7aa647cb962e,AJG,2023-9-17,Arthur J. Gallagher (AJG) Buys Southern Insurance Group,Zacks,https://finance.yahoo.com/news/arthur-j-gallagher-ajg-buys-162600480.html,1694535960,STORY
ac8c6430-d0b1-3421-b6c4-c0582d8ffb22,AJG,2023-9-17,Arthur J. Gallagher & Co. Acquires Frontier Financial Services Limited,PR Newswire,https://finance.yahoo.com/news/arthur-j-gallagher-co-acquires-160000710.html,1694534400,STORY
8168497a-37dc-3880-a3f2-96a5552975c0,AJG,2023-9-17,"Arthur J. Gallagher & Co. Acquires Morgan, Trevathan & Gunn, Inc.",PR Newswire,https://finance.yahoo.com/news/arthur-j-gallagher-co-acquires-130000337.html,1694523600,STORY
3d1aa014-8093-3605-b8c3-bf2ca5e3a3e3,AJG,2023-9-17,"Arthur J. Gallagher & Co. Acquires Southern Insurance Group, LLC",PR Newswire,https://finance.yahoo.com/news/arthur-j-gallagher-co-acquires-130000959.html,1694437200,STORY
8e795a47-8dfc-3883-bfdc-2c1eedd561d4,AJG,2023-9-17,Arthur J. Gallagher & Co.'s (NYSE:AJG) Stock Is Going Strong: Is the Market Following Fundamentals?,Simply Wall St.,https://finance.yahoo.com/news/arthur-j-gallagher-co-nyse-130023176.html,1694264423,STORY
c446df5e-f6d5-3a7f-99f3-ac2c601ac45d,AJG,2023-9-17,Arthur J. Gallagher (AJG) Expands in UK With Lifesure Buyout,Zacks,https://finance.yahoo.com/news/arthur-j-gallagher-ajg-expands-143300378.html,1694010780,STORY
5830d6e1-ae27-315f-a4c9-a402f9096565,AJG,2023-9-17,"More Employers Addressing Burnout and Needs of a Diverse Workforce -- From Flexibility to Demand for Weight Loss Drugs, Gallagher US Study Finds",PR Newswire,https://finance.yahoo.com/news/more-employers-addressing-burnout-needs-130000699.html,1694005200,STORY
205a4519-d019-3718-b0a7-2679d700ae3e,AJG,2023-9-18,Arthur J. Gallagher's (AJG) Acquisitions to Boost Core Business,Zacks,https://finance.yahoo.com/news/arthur-j-gallaghers-ajg-acquisitions-173000937.html,1694626200,STORY
65b8995d-d5af-3253-a597-7aa647cb962e,AJG,2023-9-18,Arthur J. Gallagher (AJG) Buys Southern Insurance Group,Zacks,https://finance.yahoo.com/news/arthur-j-gallagher-ajg-buys-162600480.html,1694535960,STORY
ac8c6430-d0b1-3421-b6c4-c0582d8ffb22,AJG,2023-9-18,Arthur J. Gallagher & Co. Acquires Frontier Financial Services Limited,PR Newswire,https://finance.yahoo.com/news/arthur-j-gallagher-co-acquires-160000710.html,1694534400,STORY
8168497a-37dc-3880-a3f2-96a5552975c0,AJG,2023-9-18,"Arthur J. Gallagher & Co. Acquires Morgan, Trevathan & Gunn, Inc.",PR Newswire,https://finance.yahoo.com/news/arthur-j-gallagher-co-acquires-130000337.html,1694523600,STORY
3d1aa014-8093-3605-b8c3-bf2ca5e3a3e3,AJG,2023-9-18,"Arthur J. Gallagher & Co. Acquires Southern Insurance Group, LLC",PR Newswire,https://finance.yahoo.com/news/arthur-j-gallagher-co-acquires-130000959.html,1694437200,STORY
8e795a47-8dfc-3883-bfdc-2c1eedd561d4,AJG,2023-9-18,Arthur J. Gallagher & Co.'s (NYSE:AJG) Stock Is Going Strong: Is the Market Following Fundamentals?,Simply Wall St.,https://finance.yahoo.com/news/arthur-j-gallagher-co-nyse-130023176.html,1694264423,STORY
c446df5e-f6d5-3a7f-99f3-ac2c601ac45d,AJG,2023-9-18,Arthur J. Gallagher (AJG) Expands in UK With Lifesure Buyout,Zacks,https://finance.yahoo.com/news/arthur-j-gallagher-ajg-expands-143300378.html,1694010780,STORY
5830d6e1-ae27-315f-a4c9-a402f9096565,AJG,2023-9-18,"More Employers Addressing Burnout and Needs of a Diverse Workforce -- From Flexibility to Demand for Weight Loss Drugs, Gallagher US Study Finds",PR Newswire,https://finance.yahoo.com/news/more-employers-addressing-burnout-needs-130000699.html,1694005200,STORY
80f22872-24fe-3777-a95b-6f29052e10b6,AJG,2023-9-19,Technical Assessment: Neutral in the Intermediate-Term,Argus Research,https://finance.yahoo.com/m/80f22872-24fe-3777-a95b-6f29052e10b6/technical-assessment%3A-neutral.html,1695121012,STORY
71dde1ed-cded-373f-95d8-95856934b57e,AJG,2023-9-19,Arthur J Gallagher (AJG) Up 22% YTD: More Room for Growth?,Zacks,https://finance.yahoo.com/news/arthur-j-gallagher-ajg-22-173100000.html,1695058260,STORY
205a4519-d019-3718-b0a7-2679d700ae3e,AJG,2023-9-19,Arthur J. Gallagher's (AJG) Acquisitions to Boost Core Business,Zacks,https://finance.yahoo.com/news/arthur-j-gallaghers-ajg-acquisitions-173000937.html,1694626200,STORY
65b8995d-d5af-3253-a597-7aa647cb962e,AJG,2023-9-19,Arthur J. Gallagher (AJG) Buys Southern Insurance Group,Zacks,https://finance.yahoo.com/news/arthur-j-gallagher-ajg-buys-162600480.html,1694535960,STORY
ac8c6430-d0b1-3421-b6c4-c0582d8ffb22,AJG,2023-9-19,Arthur J. Gallagher & Co. Acquires Frontier Financial Services Limited,PR Newswire,https://finance.yahoo.com/news/arthur-j-gallagher-co-acquires-160000710.html,1694534400,STORY
8168497a-37dc-3880-a3f2-96a5552975c0,AJG,2023-9-19,"Arthur J. Gallagher & Co. Acquires Morgan, Trevathan & Gunn, Inc.",PR Newswire,https://finance.yahoo.com/news/arthur-j-gallagher-co-acquires-130000337.html,1694523600,STORY
3d1aa014-8093-3605-b8c3-bf2ca5e3a3e3,AJG,2023-9-19,"Arthur J. Gallagher & Co. Acquires Southern Insurance Group, LLC",PR Newswire,https://finance.yahoo.com/news/arthur-j-gallagher-co-acquires-130000959.html,1694437200,STORY
8e795a47-8dfc-3883-bfdc-2c1eedd561d4,AJG,2023-9-19,Arthur J. Gallagher & Co.'s (NYSE:AJG) Stock Is Going Strong: Is the Market Following Fundamentals?,Simply Wall St.,https://finance.yahoo.com/news/arthur-j-gallagher-co-nyse-130023176.html,1694264423,STORY
3e5e0a9a-91ca-3da6-9ba1-f1009b308e83,AJG,2023-9-20,"Arthur J. Gallagher & Co. Signs Agreement to Acquire Eastern Insurance Group, LLC",PR Newswire,https://finance.yahoo.com/news/arthur-j-gallagher-co-signs-204700147.html,1695156420,STORY
4d6c43de-29be-330d-a9f0-92702fb333d2,AJG,2023-9-20,"Eastern Bankshares, Inc. Announces Agreement to Sell the Insurance Operations of Eastern Insurance Group, LLC to Arthur J. Gallagher & Co. and Enters Into Definitive Agreement to Merge with Cambridge Bancorp",Business Wire,https://finance.yahoo.com/news/eastern-bankshares-inc-announces-agreement-201500697.html,1695154500,STORY
80f22872-24fe-3777-a95b-6f29052e10b6,AJG,2023-9-20,Technical Assessment: Neutral in the Intermediate-Term,Argus Research,https://finance.yahoo.com/m/80f22872-24fe-3777-a95b-6f29052e10b6/technical-assessment%3A-neutral.html,1695121012,STORY
71dde1ed-cded-373f-95d8-95856934b57e,AJG,2023-9-20,Arthur J Gallagher (AJG) Up 22% YTD: More Room for Growth?,Zacks,https://finance.yahoo.com/news/arthur-j-gallagher-ajg-22-173100000.html,1695058260,STORY
205a4519-d019-3718-b0a7-2679d700ae3e,AJG,2023-9-20,Arthur J. Gallagher's (AJG) Acquisitions to Boost Core Business,Zacks,https://finance.yahoo.com/news/arthur-j-gallaghers-ajg-acquisitions-173000937.html,1694626200,STORY
65b8995d-d5af-3253-a597-7aa647cb962e,AJG,2023-9-20,Arthur J. Gallagher (AJG) Buys Southern Insurance Group,Zacks,https://finance.yahoo.com/news/arthur-j-gallagher-ajg-buys-162600480.html,1694535960,STORY
ac8c6430-d0b1-3421-b6c4-c0582d8ffb22,AJG,2023-9-20,Arthur J. Gallagher & Co. Acquires Frontier Financial Services Limited,PR Newswire,https://finance.yahoo.com/news/arthur-j-gallagher-co-acquires-160000710.html,1694534400,STORY
8168497a-37dc-3880-a3f2-96a5552975c0,AJG,2023-9-20,"Arthur J. Gallagher & Co. Acquires Morgan, Trevathan & Gunn, Inc.",PR Newswire,https://finance.yahoo.com/news/arthur-j-gallagher-co-acquires-130000337.html,1694523600,STORY
736d4cbd-f81e-3c02-a92f-e946a1971f22,AJG,2023-9-21,Arthur J. Gallagher (AJG) Expands in US With Eastern Insurance,Zacks,https://finance.yahoo.com/news/arthur-j-gallagher-ajg-expands-151000158.html,1695222600,STORY
80d91105-66ca-32e6-acfa-71f20dfcd1e2,AJG,2023-9-21,Arthur J. Gallagher: Monster Demand Sends Stock to Highs,FX Empire,https://finance.yahoo.com/news/arthur-j-gallagher-monster-demand-105528948.html,1695207328,STORY
3e5e0a9a-91ca-3da6-9ba1-f1009b308e83,AJG,2023-9-21,"Arthur J. Gallagher & Co. Signs Agreement to Acquire Eastern Insurance Group, LLC",PR Newswire,https://finance.yahoo.com/news/arthur-j-gallagher-co-signs-204700147.html,1695156420,STORY
4d6c43de-29be-330d-a9f0-92702fb333d2,AJG,2023-9-21,"Eastern Bankshares, Inc. Announces Agreement to Sell the Insurance Operations of Eastern Insurance Group, LLC to Arthur J. Gallagher & Co. and Enters Into Definitive Agreement to Merge with Cambridge Bancorp",Business Wire,https://finance.yahoo.com/news/eastern-bankshares-inc-announces-agreement-201500697.html,1695154500,STORY
71dde1ed-cded-373f-95d8-95856934b57e,AJG,2023-9-21,Arthur J Gallagher (AJG) Up 22% YTD: More Room for Growth?,Zacks,https://finance.yahoo.com/news/arthur-j-gallagher-ajg-22-173100000.html,1695058260,STORY
205a4519-d019-3718-b0a7-2679d700ae3e,AJG,2023-9-21,Arthur J. Gallagher's (AJG) Acquisitions to Boost Core Business,Zacks,https://finance.yahoo.com/news/arthur-j-gallaghers-ajg-acquisitions-173000937.html,1694626200,STORY
65b8995d-d5af-3253-a597-7aa647cb962e,AJG,2023-9-21,Arthur J. Gallagher (AJG) Buys Southern Insurance Group,Zacks,https://finance.yahoo.com/news/arthur-j-gallagher-ajg-buys-162600480.html,1694535960,STORY
ac8c6430-d0b1-3421-b6c4-c0582d8ffb22,AJG,2023-9-21,Arthur J. Gallagher & Co. Acquires Frontier Financial Services Limited,PR Newswire,https://finance.yahoo.com/news/arthur-j-gallagher-co-acquires-160000710.html,1694534400,STORY
a33e3945-ce16-3548-9e0b-435a477d566c,AJG,2023-9-22,Arthur J. Gallagher & Co. Acquires Ace Commercial Insurance Center,PR Newswire,https://finance.yahoo.com/news/arthur-j-gallagher-co-acquires-130000585.html,1695301200,STORY
736d4cbd-f81e-3c02-a92f-e946a1971f22,AJG,2023-9-22,Arthur J. Gallagher (AJG) Expands in US With Eastern Insurance,Zacks,https://finance.yahoo.com/news/arthur-j-gallagher-ajg-expands-151000158.html,1695222600,STORY
80d91105-66ca-32e6-acfa-71f20dfcd1e2,AJG,2023-9-22,Arthur J. Gallagher: Monster Demand Sends Stock to Highs,FX Empire,https://finance.yahoo.com/news/arthur-j-gallagher-monster-demand-105528948.html,1695207328,STORY
3e5e0a9a-91ca-3da6-9ba1-f1009b308e83,AJG,2023-9-22,"Arthur J. Gallagher & Co. Signs Agreement to Acquire Eastern Insurance Group, LLC",PR Newswire,https://finance.yahoo.com/news/arthur-j-gallagher-co-signs-204700147.html,1695156420,STORY
4d6c43de-29be-330d-a9f0-92702fb333d2,AJG,2023-9-22,"Eastern Bankshares, Inc. Announces Agreement to Sell the Insurance Operations of Eastern Insurance Group, LLC to Arthur J. Gallagher & Co. and Enters Into Definitive Agreement to Merge with Cambridge Bancorp",Business Wire,https://finance.yahoo.com/news/eastern-bankshares-inc-announces-agreement-201500697.html,1695154500,STORY
71dde1ed-cded-373f-95d8-95856934b57e,AJG,2023-9-22,Arthur J Gallagher (AJG) Up 22% YTD: More Room for Growth?,Zacks,https://finance.yahoo.com/news/arthur-j-gallagher-ajg-22-173100000.html,1695058260,STORY
205a4519-d019-3718-b0a7-2679d700ae3e,AJG,2023-9-22,Arthur J. Gallagher's (AJG) Acquisitions to Boost Core Business,Zacks,https://finance.yahoo.com/news/arthur-j-gallaghers-ajg-acquisitions-173000937.html,1694626200,STORY
65b8995d-d5af-3253-a597-7aa647cb962e,AJG,2023-9-22,Arthur J. Gallagher (AJG) Buys Southern Insurance Group,Zacks,https://finance.yahoo.com/news/arthur-j-gallagher-ajg-buys-162600480.html,1694535960,STORY
4e45006d-e3db-3bbe-8d6a-25c47a99060b,AJG,2023-9-23,Arthur J. Gallagher (AJG) Expands in Southwest With Ace,Zacks,https://finance.yahoo.com/news/arthur-j-gallagher-ajg-expands-152200183.html,1695396120,STORY
a33e3945-ce16-3548-9e0b-435a477d566c,AJG,2023-9-23,Arthur J. Gallagher & Co. Acquires Ace Commercial Insurance Center,PR Newswire,https://finance.yahoo.com/news/arthur-j-gallagher-co-acquires-130000585.html,1695301200,STORY
736d4cbd-f81e-3c02-a92f-e946a1971f22,AJG,2023-9-23,Arthur J. Gallagher (AJG) Expands in US With Eastern Insurance,Zacks,https://finance.yahoo.com/news/arthur-j-gallagher-ajg-expands-151000158.html,1695222600,STORY
80d91105-66ca-32e6-acfa-71f20dfcd1e2,AJG,2023-9-23,Arthur J. Gallagher: Monster Demand Sends Stock to Highs,FX Empire,https://finance.yahoo.com/news/arthur-j-gallagher-monster-demand-105528948.html,1695207328,STORY
3e5e0a9a-91ca-3da6-9ba1-f1009b308e83,AJG,2023-9-23,"Arthur J. Gallagher & Co. Signs Agreement to Acquire Eastern Insurance Group, LLC",PR Newswire,https://finance.yahoo.com/news/arthur-j-gallagher-co-signs-204700147.html,1695156420,STORY
4d6c43de-29be-330d-a9f0-92702fb333d2,AJG,2023-9-23,"Eastern Bankshares, Inc. Announces Agreement to Sell the Insurance Operations of Eastern Insurance Group, LLC to Arthur J. Gallagher & Co. and Enters Into Definitive Agreement to Merge with Cambridge Bancorp",Business Wire,https://finance.yahoo.com/news/eastern-bankshares-inc-announces-agreement-201500697.html,1695154500,STORY
71dde1ed-cded-373f-95d8-95856934b57e,AJG,2023-9-23,Arthur J Gallagher (AJG) Up 22% YTD: More Room for Growth?,Zacks,https://finance.yahoo.com/news/arthur-j-gallagher-ajg-22-173100000.html,1695058260,STORY
205a4519-d019-3718-b0a7-2679d700ae3e,AJG,2023-9-23,Arthur J. Gallagher's (AJG) Acquisitions to Boost Core Business,Zacks,https://finance.yahoo.com/news/arthur-j-gallaghers-ajg-acquisitions-173000937.html,1694626200,STORY
4e45006d-e3db-3bbe-8d6a-25c47a99060b,AJG,2023-9-24,Arthur J. Gallagher (AJG) Expands in Southwest With Ace,Zacks,https://finance.yahoo.com/news/arthur-j-gallagher-ajg-expands-152200183.html,1695396120,STORY
a33e3945-ce16-3548-9e0b-435a477d566c,AJG,2023-9-24,Arthur J. Gallagher & Co. Acquires Ace Commercial Insurance Center,PR Newswire,https://finance.yahoo.com/news/arthur-j-gallagher-co-acquires-130000585.html,1695301200,STORY
736d4cbd-f81e-3c02-a92f-e946a1971f22,AJG,2023-9-24,Arthur J. Gallagher (AJG) Expands in US With Eastern Insurance,Zacks,https://finance.yahoo.com/news/arthur-j-gallagher-ajg-expands-151000158.html,1695222600,STORY
80d91105-66ca-32e6-acfa-71f20dfcd1e2,AJG,2023-9-24,Arthur J. Gallagher: Monster Demand Sends Stock to Highs,FX Empire,https://finance.yahoo.com/news/arthur-j-gallagher-monster-demand-105528948.html,1695207328,STORY
3e5e0a9a-91ca-3da6-9ba1-f1009b308e83,AJG,2023-9-24,"Arthur J. Gallagher & Co. Signs Agreement to Acquire Eastern Insurance Group, LLC",PR Newswire,https://finance.yahoo.com/news/arthur-j-gallagher-co-signs-204700147.html,1695156420,STORY
4d6c43de-29be-330d-a9f0-92702fb333d2,AJG,2023-9-24,"Eastern Bankshares, Inc. Announces Agreement to Sell the Insurance Operations of Eastern Insurance Group, LLC to Arthur J. Gallagher & Co. and Enters Into Definitive Agreement to Merge with Cambridge Bancorp",Business Wire,https://finance.yahoo.com/news/eastern-bankshares-inc-announces-agreement-201500697.html,1695154500,STORY
71dde1ed-cded-373f-95d8-95856934b57e,AJG,2023-9-24,Arthur J Gallagher (AJG) Up 22% YTD: More Room for Growth?,Zacks,https://finance.yahoo.com/news/arthur-j-gallagher-ajg-22-173100000.html,1695058260,STORY
205a4519-d019-3718-b0a7-2679d700ae3e,AJG,2023-9-24,Arthur J. Gallagher's (AJG) Acquisitions to Boost Core Business,Zacks,https://finance.yahoo.com/news/arthur-j-gallaghers-ajg-acquisitions-173000937.html,1694626200,STORY
4e45006d-e3db-3bbe-8d6a-25c47a99060b,AJG,2023-9-25,Arthur J. Gallagher (AJG) Expands in Southwest With Ace,Zacks,https://finance.yahoo.com/news/arthur-j-gallagher-ajg-expands-152200183.html,1695396120,STORY
a33e3945-ce16-3548-9e0b-435a477d566c,AJG,2023-9-25,Arthur J. Gallagher & Co. Acquires Ace Commercial Insurance Center,PR Newswire,https://finance.yahoo.com/news/arthur-j-gallagher-co-acquires-130000585.html,1695301200,STORY
736d4cbd-f81e-3c02-a92f-e946a1971f22,AJG,2023-9-25,Arthur J. Gallagher (AJG) Expands in US With Eastern Insurance,Zacks,https://finance.yahoo.com/news/arthur-j-gallagher-ajg-expands-151000158.html,1695222600,STORY
80d91105-66ca-32e6-acfa-71f20dfcd1e2,AJG,2023-9-25,Arthur J. Gallagher: Monster Demand Sends Stock to Highs,FX Empire,https://finance.yahoo.com/news/arthur-j-gallagher-monster-demand-105528948.html,1695207328,STORY
3e5e0a9a-91ca-3da6-9ba1-f1009b308e83,AJG,2023-9-25,"Arthur J. Gallagher & Co. Signs Agreement to Acquire Eastern Insurance Group, LLC",PR Newswire,https://finance.yahoo.com/news/arthur-j-gallagher-co-signs-204700147.html,1695156420,STORY
4d6c43de-29be-330d-a9f0-92702fb333d2,AJG,2023-9-25,"Eastern Bankshares, Inc. Announces Agreement to Sell the Insurance Operations of Eastern Insurance Group, LLC to Arthur J. Gallagher & Co. and Enters Into Definitive Agreement to Merge with Cambridge Bancorp",Business Wire,https://finance.yahoo.com/news/eastern-bankshares-inc-announces-agreement-201500697.html,1695154500,STORY
71dde1ed-cded-373f-95d8-95856934b57e,AJG,2023-9-25,Arthur J Gallagher (AJG) Up 22% YTD: More Room for Growth?,Zacks,https://finance.yahoo.com/news/arthur-j-gallagher-ajg-22-173100000.html,1695058260,STORY
205a4519-d019-3718-b0a7-2679d700ae3e,AJG,2023-9-25,Arthur J. Gallagher's (AJG) Acquisitions to Boost Core Business,Zacks,https://finance.yahoo.com/news/arthur-j-gallaghers-ajg-acquisitions-173000937.html,1694626200,STORY
7d362e75-099c-326b-9738-061037969c17,AJG,2023-9-26,"Arthur J. Gallagher & Co. Acquires Hartley Cylke Pacific Insurance Services, Inc.",PR Newswire,https://finance.yahoo.com/news/arthur-j-gallagher-co-acquires-130000142.html,1695646800,STORY
4e45006d-e3db-3bbe-8d6a-25c47a99060b,AJG,2023-9-26,Arthur J. Gallagher (AJG) Expands in Southwest With Ace,Zacks,https://finance.yahoo.com/news/arthur-j-gallagher-ajg-expands-152200183.html,1695396120,STORY
a33e3945-ce16-3548-9e0b-435a477d566c,AJG,2023-9-26,Arthur J. Gallagher & Co. Acquires Ace Commercial Insurance Center,PR Newswire,https://finance.yahoo.com/news/arthur-j-gallagher-co-acquires-130000585.html,1695301200,STORY
736d4cbd-f81e-3c02-a92f-e946a1971f22,AJG,2023-9-26,Arthur J. Gallagher (AJG) Expands in US With Eastern Insurance,Zacks,https://finance.yahoo.com/news/arthur-j-gallagher-ajg-expands-151000158.html,1695222600,STORY
80d91105-66ca-32e6-acfa-71f20dfcd1e2,AJG,2023-9-26,Arthur J. Gallagher: Monster Demand Sends Stock to Highs,FX Empire,https://finance.yahoo.com/news/arthur-j-gallagher-monster-demand-105528948.html,1695207328,STORY
3e5e0a9a-91ca-3da6-9ba1-f1009b308e83,AJG,2023-9-26,"Arthur J. Gallagher & Co. Signs Agreement to Acquire Eastern Insurance Group, LLC",PR Newswire,https://finance.yahoo.com/news/arthur-j-gallagher-co-signs-204700147.html,1695156420,STORY
4d6c43de-29be-330d-a9f0-92702fb333d2,AJG,2023-9-26,"Eastern Bankshares, Inc. Announces Agreement to Sell the Insurance Operations of Eastern Insurance Group, LLC to Arthur J. Gallagher & Co. and Enters Into Definitive Agreement to Merge with Cambridge Bancorp",Business Wire,https://finance.yahoo.com/news/eastern-bankshares-inc-announces-agreement-201500697.html,1695154500,STORY
71dde1ed-cded-373f-95d8-95856934b57e,AJG,2023-9-26,Arthur J Gallagher (AJG) Up 22% YTD: More Room for Growth?,Zacks,https://finance.yahoo.com/news/arthur-j-gallagher-ajg-22-173100000.html,1695058260,STORY
c96879f2-17b1-35af-ad29-e9c7ded22d78,AJG,2023-9-28,Insurance Stock Outperforms As Market Crumbles,Investor's Business Daily,https://finance.yahoo.com/m/c96879f2-17b1-35af-ad29-e9c7ded22d78/insurance-stock-outperforms.html,1695747624,STORY
2a36fcdc-c461-3d18-8fc9-a87813ecbe18,AJG,2023-9-28,Arthur J. Gallagher (AJG) Adds Hartley Cylke Pacific to Portfolio,Zacks,https://finance.yahoo.com/news/arthur-j-gallagher-ajg-adds-164800845.html,1695746880,STORY
7d362e75-099c-326b-9738-061037969c17,AJG,2023-9-28,"Arthur J. Gallagher & Co. Acquires Hartley Cylke Pacific Insurance Services, Inc.",PR Newswire,https://finance.yahoo.com/news/arthur-j-gallagher-co-acquires-130000142.html,1695646800,STORY
4e45006d-e3db-3bbe-8d6a-25c47a99060b,AJG,2023-9-28,Arthur J. Gallagher (AJG) Expands in Southwest With Ace,Zacks,https://finance.yahoo.com/news/arthur-j-gallagher-ajg-expands-152200183.html,1695396120,STORY
a33e3945-ce16-3548-9e0b-435a477d566c,AJG,2023-9-28,Arthur J. Gallagher & Co. Acquires Ace Commercial Insurance Center,PR Newswire,https://finance.yahoo.com/news/arthur-j-gallagher-co-acquires-130000585.html,1695301200,STORY
736d4cbd-f81e-3c02-a92f-e946a1971f22,AJG,2023-9-28,Arthur J. Gallagher (AJG) Expands in US With Eastern Insurance,Zacks,https://finance.yahoo.com/news/arthur-j-gallagher-ajg-expands-151000158.html,1695222600,STORY
80d91105-66ca-32e6-acfa-71f20dfcd1e2,AJG,2023-9-28,Arthur J. Gallagher: Monster Demand Sends Stock to Highs,FX Empire,https://finance.yahoo.com/news/arthur-j-gallagher-monster-demand-105528948.html,1695207328,STORY
3e5e0a9a-91ca-3da6-9ba1-f1009b308e83,AJG,2023-9-28,"Arthur J. Gallagher & Co. Signs Agreement to Acquire Eastern Insurance Group, LLC",PR Newswire,https://finance.yahoo.com/news/arthur-j-gallagher-co-signs-204700147.html,1695156420,STORY
c96879f2-17b1-35af-ad29-e9c7ded22d78,AJG,2023-9-29,Insurance Stock Outperforms As Market Crumbles,Investor's Business Daily,https://finance.yahoo.com/m/c96879f2-17b1-35af-ad29-e9c7ded22d78/insurance-stock-outperforms.html,1695747624,STORY
2a36fcdc-c461-3d18-8fc9-a87813ecbe18,AJG,2023-9-29,Arthur J. Gallagher (AJG) Adds Hartley Cylke Pacific to Portfolio,Zacks,https://finance.yahoo.com/news/arthur-j-gallagher-ajg-adds-164800845.html,1695746880,STORY
7d362e75-099c-326b-9738-061037969c17,AJG,2023-9-29,"Arthur J. Gallagher & Co. Acquires Hartley Cylke Pacific Insurance Services, Inc.",PR Newswire,https://finance.yahoo.com/news/arthur-j-gallagher-co-acquires-130000142.html,1695646800,STORY
4e45006d-e3db-3bbe-8d6a-25c47a99060b,AJG,2023-9-29,Arthur J. Gallagher (AJG) Expands in Southwest With Ace,Zacks,https://finance.yahoo.com/news/arthur-j-gallagher-ajg-expands-152200183.html,1695396120,STORY
a33e3945-ce16-3548-9e0b-435a477d566c,AJG,2023-9-29,Arthur J. Gallagher & Co. Acquires Ace Commercial Insurance Center,PR Newswire,https://finance.yahoo.com/news/arthur-j-gallagher-co-acquires-130000585.html,1695301200,STORY
736d4cbd-f81e-3c02-a92f-e946a1971f22,AJG,2023-9-29,Arthur J. Gallagher (AJG) Expands in US With Eastern Insurance,Zacks,https://finance.yahoo.com/news/arthur-j-gallagher-ajg-expands-151000158.html,1695222600,STORY
80d91105-66ca-32e6-acfa-71f20dfcd1e2,AJG,2023-9-29,Arthur J. Gallagher: Monster Demand Sends Stock to Highs,FX Empire,https://finance.yahoo.com/news/arthur-j-gallagher-monster-demand-105528948.html,1695207328,STORY
3e5e0a9a-91ca-3da6-9ba1-f1009b308e83,AJG,2023-9-29,"Arthur J. Gallagher & Co. Signs Agreement to Acquire Eastern Insurance Group, LLC",PR Newswire,https://finance.yahoo.com/news/arthur-j-gallagher-co-signs-204700147.html,1695156420,STORY
3bfb59a6-ed77-3adf-b50e-9170731596d8,AJG,2023-9-30,These 5 Stocks Are Setting Up This Buying Opportunity After Strong Runs,Investor's Business Daily,https://finance.yahoo.com/m/3bfb59a6-ed77-3adf-b50e-9170731596d8/these-5-stocks-are-setting-up.html,1696075230,STORY
c96879f2-17b1-35af-ad29-e9c7ded22d78,AJG,2023-9-30,Insurance Stock Outperforms As Market Crumbles,Investor's Business Daily,https://finance.yahoo.com/m/c96879f2-17b1-35af-ad29-e9c7ded22d78/insurance-stock-outperforms.html,1695747624,STORY
2a36fcdc-c461-3d18-8fc9-a87813ecbe18,AJG,2023-9-30,Arthur J. Gallagher (AJG) Adds Hartley Cylke Pacific to Portfolio,Zacks,https://finance.yahoo.com/news/arthur-j-gallagher-ajg-adds-164800845.html,1695746880,STORY
7d362e75-099c-326b-9738-061037969c17,AJG,2023-9-30,"Arthur J. Gallagher & Co. Acquires Hartley Cylke Pacific Insurance Services, Inc.",PR Newswire,https://finance.yahoo.com/news/arthur-j-gallagher-co-acquires-130000142.html,1695646800,STORY
4e45006d-e3db-3bbe-8d6a-25c47a99060b,AJG,2023-9-30,Arthur J. Gallagher (AJG) Expands in Southwest With Ace,Zacks,https://finance.yahoo.com/news/arthur-j-gallagher-ajg-expands-152200183.html,1695396120,STORY
a33e3945-ce16-3548-9e0b-435a477d566c,AJG,2023-9-30,Arthur J. Gallagher & Co. Acquires Ace Commercial Insurance Center,PR Newswire,https://finance.yahoo.com/news/arthur-j-gallagher-co-acquires-130000585.html,1695301200,STORY
736d4cbd-f81e-3c02-a92f-e946a1971f22,AJG,2023-9-30,Arthur J. Gallagher (AJG) Expands in US With Eastern Insurance,Zacks,https://finance.yahoo.com/news/arthur-j-gallagher-ajg-expands-151000158.html,1695222600,STORY
80d91105-66ca-32e6-acfa-71f20dfcd1e2,AJG,2023-9-30,Arthur J. Gallagher: Monster Demand Sends Stock to Highs,FX Empire,https://finance.yahoo.com/news/arthur-j-gallagher-monster-demand-105528948.html,1695207328,STORY
063a7b63-225a-31a3-be47-37722a0568f2,AJG,2023-10-1,Arthur J. Gallagher & Co. (NYSE:AJG) is largely controlled by institutional shareholders who own 86% of the company,Simply Wall St.,https://finance.yahoo.com/news/arthur-j-gallagher-co-nyse-120027147.html,1696161627,STORY
3bfb59a6-ed77-3adf-b50e-9170731596d8,AJG,2023-10-1,These 5 Stocks Are Setting Up This Buying Opportunity After Strong Runs,Investor's Business Daily,https://finance.yahoo.com/m/3bfb59a6-ed77-3adf-b50e-9170731596d8/these-5-stocks-are-setting-up.html,1696075230,STORY
c96879f2-17b1-35af-ad29-e9c7ded22d78,AJG,2023-10-1,Insurance Stock Outperforms As Market Crumbles,Investor's Business Daily,https://finance.yahoo.com/m/c96879f2-17b1-35af-ad29-e9c7ded22d78/insurance-stock-outperforms.html,1695747624,STORY
2a36fcdc-c461-3d18-8fc9-a87813ecbe18,AJG,2023-10-1,Arthur J. Gallagher (AJG) Adds Hartley Cylke Pacific to Portfolio,Zacks,https://finance.yahoo.com/news/arthur-j-gallagher-ajg-adds-164800845.html,1695746880,STORY
7d362e75-099c-326b-9738-061037969c17,AJG,2023-10-1,"Arthur J. Gallagher & Co. Acquires Hartley Cylke Pacific Insurance Services, Inc.",PR Newswire,https://finance.yahoo.com/news/arthur-j-gallagher-co-acquires-130000142.html,1695646800,STORY
4e45006d-e3db-3bbe-8d6a-25c47a99060b,AJG,2023-10-1,Arthur J. Gallagher (AJG) Expands in Southwest With Ace,Zacks,https://finance.yahoo.com/news/arthur-j-gallagher-ajg-expands-152200183.html,1695396120,STORY
a33e3945-ce16-3548-9e0b-435a477d566c,AJG,2023-10-1,Arthur J. Gallagher & Co. Acquires Ace Commercial Insurance Center,PR Newswire,https://finance.yahoo.com/news/arthur-j-gallagher-co-acquires-130000585.html,1695301200,STORY
736d4cbd-f81e-3c02-a92f-e946a1971f22,AJG,2023-10-1,Arthur J. Gallagher (AJG) Expands in US With Eastern Insurance,Zacks,https://finance.yahoo.com/news/arthur-j-gallagher-ajg-expands-151000158.html,1695222600,STORY
3bfb59a6-ed77-3adf-b50e-9170731596d8,AJG,2023-10-2,These 5 Stocks Are Setting Up This Buying Opportunity After Strong Runs,Investor's Business Daily,https://finance.yahoo.com/m/3bfb59a6-ed77-3adf-b50e-9170731596d8/these-5-stocks-are-setting-up.html,1696244910,STORY
063a7b63-225a-31a3-be47-37722a0568f2,AJG,2023-10-2,Arthur J. Gallagher & Co. (NYSE:AJG) is largely controlled by institutional shareholders who own 86% of the company,Simply Wall St.,https://finance.yahoo.com/news/arthur-j-gallagher-co-nyse-120027147.html,1696161627,STORY
c96879f2-17b1-35af-ad29-e9c7ded22d78,AJG,2023-10-2,Insurance Stock Outperforms As Market Crumbles,Investor's Business Daily,https://finance.yahoo.com/m/c96879f2-17b1-35af-ad29-e9c7ded22d78/insurance-stock-outperforms.html,1695747624,STORY
2a36fcdc-c461-3d18-8fc9-a87813ecbe18,AJG,2023-10-2,Arthur J. Gallagher (AJG) Adds Hartley Cylke Pacific to Portfolio,Zacks,https://finance.yahoo.com/news/arthur-j-gallagher-ajg-adds-164800845.html,1695746880,STORY
7d362e75-099c-326b-9738-061037969c17,AJG,2023-10-2,"Arthur J. Gallagher & Co. Acquires Hartley Cylke Pacific Insurance Services, Inc.",PR Newswire,https://finance.yahoo.com/news/arthur-j-gallagher-co-acquires-130000142.html,1695646800,STORY
4e45006d-e3db-3bbe-8d6a-25c47a99060b,AJG,2023-10-2,Arthur J. Gallagher (AJG) Expands in Southwest With Ace,Zacks,https://finance.yahoo.com/news/arthur-j-gallagher-ajg-expands-152200183.html,1695396120,STORY
a33e3945-ce16-3548-9e0b-435a477d566c,AJG,2023-10-2,Arthur J. Gallagher & Co. Acquires Ace Commercial Insurance Center,PR Newswire,https://finance.yahoo.com/news/arthur-j-gallagher-co-acquires-130000585.html,1695301200,STORY
736d4cbd-f81e-3c02-a92f-e946a1971f22,AJG,2023-10-2,Arthur J. Gallagher (AJG) Expands in US With Eastern Insurance,Zacks,https://finance.yahoo.com/news/arthur-j-gallagher-ajg-expands-151000158.html,1695222600,STORY
3bfb59a6-ed77-3adf-b50e-9170731596d8,AJG,2023-10-3,These 5 Stocks Are Setting Up This Buying Opportunity After Strong Runs,Investor's Business Daily,https://finance.yahoo.com/m/3bfb59a6-ed77-3adf-b50e-9170731596d8/these-5-stocks-are-setting-up.html,1696244910,STORY
063a7b63-225a-31a3-be47-37722a0568f2,AJG,2023-10-3,Arthur J. Gallagher & Co. (NYSE:AJG) is largely controlled by institutional shareholders who own 86% of the company,Simply Wall St.,https://finance.yahoo.com/news/arthur-j-gallagher-co-nyse-120027147.html,1696161627,STORY
c96879f2-17b1-35af-ad29-e9c7ded22d78,AJG,2023-10-3,Insurance Stock Outperforms As Market Crumbles,Investor's Business Daily,https://finance.yahoo.com/m/c96879f2-17b1-35af-ad29-e9c7ded22d78/insurance-stock-outperforms.html,1695747624,STORY
2a36fcdc-c461-3d18-8fc9-a87813ecbe18,AJG,2023-10-3,Arthur J. Gallagher (AJG) Adds Hartley Cylke Pacific to Portfolio,Zacks,https://finance.yahoo.com/news/arthur-j-gallagher-ajg-adds-164800845.html,1695746880,STORY
7d362e75-099c-326b-9738-061037969c17,AJG,2023-10-3,"Arthur J. Gallagher & Co. Acquires Hartley Cylke Pacific Insurance Services, Inc.",PR Newswire,https://finance.yahoo.com/news/arthur-j-gallagher-co-acquires-130000142.html,1695646800,STORY
4e45006d-e3db-3bbe-8d6a-25c47a99060b,AJG,2023-10-3,Arthur J. Gallagher (AJG) Expands in Southwest With Ace,Zacks,https://finance.yahoo.com/news/arthur-j-gallagher-ajg-expands-152200183.html,1695396120,STORY
a33e3945-ce16-3548-9e0b-435a477d566c,AJG,2023-10-3,Arthur J. Gallagher & Co. Acquires Ace Commercial Insurance Center,PR Newswire,https://finance.yahoo.com/news/arthur-j-gallagher-co-acquires-130000585.html,1695301200,STORY
736d4cbd-f81e-3c02-a92f-e946a1971f22,AJG,2023-10-3,Arthur J. Gallagher (AJG) Expands in US With Eastern Insurance,Zacks,https://finance.yahoo.com/news/arthur-j-gallagher-ajg-expands-151000158.html,1695222600,STORY
3bfb59a6-ed77-3adf-b50e-9170731596d8,AJG,2023-10-4,These 5 Stocks Are Setting Up This Buying Opportunity After Strong Runs,Investor's Business Daily,https://finance.yahoo.com/m/3bfb59a6-ed77-3adf-b50e-9170731596d8/these-5-stocks-are-setting-up.html,1696244910,STORY
063a7b63-225a-31a3-be47-37722a0568f2,AJG,2023-10-4,Arthur J. Gallagher & Co. (NYSE:AJG) is largely controlled by institutional shareholders who own 86% of the company,Simply Wall St.,https://finance.yahoo.com/news/arthur-j-gallagher-co-nyse-120027147.html,1696161627,STORY
c96879f2-17b1-35af-ad29-e9c7ded22d78,AJG,2023-10-4,Insurance Stock Outperforms As Market Crumbles,Investor's Business Daily,https://finance.yahoo.com/m/c96879f2-17b1-35af-ad29-e9c7ded22d78/insurance-stock-outperforms.html,1695747624,STORY
2a36fcdc-c461-3d18-8fc9-a87813ecbe18,AJG,2023-10-4,Arthur J. Gallagher (AJG) Adds Hartley Cylke Pacific to Portfolio,Zacks,https://finance.yahoo.com/news/arthur-j-gallagher-ajg-adds-164800845.html,1695746880,STORY
7d362e75-099c-326b-9738-061037969c17,AJG,2023-10-4,"Arthur J. Gallagher & Co. Acquires Hartley Cylke Pacific Insurance Services, Inc.",PR Newswire,https://finance.yahoo.com/news/arthur-j-gallagher-co-acquires-130000142.html,1695646800,STORY
4e45006d-e3db-3bbe-8d6a-25c47a99060b,AJG,2023-10-4,Arthur J. Gallagher (AJG) Expands in Southwest With Ace,Zacks,https://finance.yahoo.com/news/arthur-j-gallagher-ajg-expands-152200183.html,1695396120,STORY
a33e3945-ce16-3548-9e0b-435a477d566c,AJG,2023-10-4,Arthur J. Gallagher & Co. Acquires Ace Commercial Insurance Center,PR Newswire,https://finance.yahoo.com/news/arthur-j-gallagher-co-acquires-130000585.html,1695301200,STORY
736d4cbd-f81e-3c02-a92f-e946a1971f22,AJG,2023-10-4,Arthur J. Gallagher (AJG) Expands in US With Eastern Insurance,Zacks,https://finance.yahoo.com/news/arthur-j-gallagher-ajg-expands-151000158.html,1695222600,STORY
81062fa8-bc9a-35e3-bb89-55141110bfae,AJG,2023-10-5,"Insiders At Arthur J. Gallagher Sold US$9.7m In Stock, Alluding To Potential Weakness",Simply Wall St.,https://finance.yahoo.com/news/insiders-arthur-j-gallagher-sold-110104835.html,1696503664,STORY
4f673091-118c-324e-83ef-4c4ba0602ca4,AJG,2023-10-5,Arthur J. Gallagher & Co. Acquires Altman Insurance Services,PR Newswire,https://finance.yahoo.com/news/arthur-j-gallagher-co-acquires-130000703.html,1696424400,STORY
3bfb59a6-ed77-3adf-b50e-9170731596d8,AJG,2023-10-5,These 5 Stocks Are Setting Up This Buying Opportunity After Strong Runs,Investor's Business Daily,https://finance.yahoo.com/m/3bfb59a6-ed77-3adf-b50e-9170731596d8/these-5-stocks-are-setting-up.html,1696244910,STORY
063a7b63-225a-31a3-be47-37722a0568f2,AJG,2023-10-5,Arthur J. Gallagher & Co. (NYSE:AJG) is largely controlled by institutional shareholders who own 86% of the company,Simply Wall St.,https://finance.yahoo.com/news/arthur-j-gallagher-co-nyse-120027147.html,1696161627,STORY
c96879f2-17b1-35af-ad29-e9c7ded22d78,AJG,2023-10-5,Insurance Stock Outperforms As Market Crumbles,Investor's Business Daily,https://finance.yahoo.com/m/c96879f2-17b1-35af-ad29-e9c7ded22d78/insurance-stock-outperforms.html,1695747624,STORY
2a36fcdc-c461-3d18-8fc9-a87813ecbe18,AJG,2023-10-5,Arthur J. Gallagher (AJG) Adds Hartley Cylke Pacific to Portfolio,Zacks,https://finance.yahoo.com/news/arthur-j-gallagher-ajg-adds-164800845.html,1695746880,STORY
7d362e75-099c-326b-9738-061037969c17,AJG,2023-10-5,"Arthur J. Gallagher & Co. Acquires Hartley Cylke Pacific Insurance Services, Inc.",PR Newswire,https://finance.yahoo.com/news/arthur-j-gallagher-co-acquires-130000142.html,1695646800,STORY
4e45006d-e3db-3bbe-8d6a-25c47a99060b,AJG,2023-10-5,Arthur J. Gallagher (AJG) Expands in Southwest With Ace,Zacks,https://finance.yahoo.com/news/arthur-j-gallagher-ajg-expands-152200183.html,1695396120,STORY
acef301b-d045-30f6-8c69-6c5c3f64df73,AJG,2023-10-6,Arthur J. Gallagher & Co. Announces Third Quarter 2023 Earnings Release And Conference Call Date,PR Newswire,https://finance.yahoo.com/news/arthur-j-gallagher-co-announces-201500056.html,1696536900,STORY
9d76e5dd-e9c8-3100-9f2f-0e52876b9b14,AJG,2023-10-6,Arthur J. Gallagher (AJG) Adds WLA Insurance to Portfolio,Zacks,https://finance.yahoo.com/news/arthur-j-gallagher-ajg-adds-153000160.html,1696519800,STORY
a814530a-8e82-3dd7-9f5f-9fa07e0febe8,AJG,2023-10-6,Arthur J. Gallagher & Co. Acquires The Coverage Pro,PR Newswire,https://finance.yahoo.com/news/arthur-j-gallagher-co-acquires-130000592.html,1696510800,STORY
81062fa8-bc9a-35e3-bb89-55141110bfae,AJG,2023-10-6,"Insiders At Arthur J. Gallagher Sold US$9.7m In Stock, Alluding To Potential Weakness",Simply Wall St.,https://finance.yahoo.com/news/insiders-arthur-j-gallagher-sold-110104835.html,1696503664,STORY
4f673091-118c-324e-83ef-4c4ba0602ca4,AJG,2023-10-6,Arthur J. Gallagher & Co. Acquires Altman Insurance Services,PR Newswire,https://finance.yahoo.com/news/arthur-j-gallagher-co-acquires-130000703.html,1696424400,STORY
3bfb59a6-ed77-3adf-b50e-9170731596d8,AJG,2023-10-6,These 5 Stocks Are Setting Up This Buying Opportunity After Strong Runs,Investor's Business Daily,https://finance.yahoo.com/m/3bfb59a6-ed77-3adf-b50e-9170731596d8/these-5-stocks-are-setting-up.html,1696244910,STORY
063a7b63-225a-31a3-be47-37722a0568f2,AJG,2023-10-6,Arthur J. Gallagher & Co. (NYSE:AJG) is largely controlled by institutional shareholders who own 86% of the company,Simply Wall St.,https://finance.yahoo.com/news/arthur-j-gallagher-co-nyse-120027147.html,1696161627,STORY
c96879f2-17b1-35af-ad29-e9c7ded22d78,AJG,2023-10-6,Insurance Stock Outperforms As Market Crumbles,Investor's Business Daily,https://finance.yahoo.com/m/c96879f2-17b1-35af-ad29-e9c7ded22d78/insurance-stock-outperforms.html,1695747624,STORY
acef301b-d045-30f6-8c69-6c5c3f64df73,AJG,2023-10-7,Arthur J. Gallagher & Co. Announces Third Quarter 2023 Earnings Release And Conference Call Date,PR Newswire,https://finance.yahoo.com/news/arthur-j-gallagher-co-announces-201500056.html,1696536900,STORY
9d76e5dd-e9c8-3100-9f2f-0e52876b9b14,AJG,2023-10-7,Arthur J. Gallagher (AJG) Adds WLA Insurance to Portfolio,Zacks,https://finance.yahoo.com/news/arthur-j-gallagher-ajg-adds-153000160.html,1696519800,STORY
a814530a-8e82-3dd7-9f5f-9fa07e0febe8,AJG,2023-10-7,Arthur J. Gallagher & Co. Acquires The Coverage Pro,PR Newswire,https://finance.yahoo.com/news/arthur-j-gallagher-co-acquires-130000592.html,1696510800,STORY
81062fa8-bc9a-35e3-bb89-55141110bfae,AJG,2023-10-7,"Insiders At Arthur J. Gallagher Sold US$9.7m In Stock, Alluding To Potential Weakness",Simply Wall St.,https://finance.yahoo.com/news/insiders-arthur-j-gallagher-sold-110104835.html,1696503664,STORY
4f673091-118c-324e-83ef-4c4ba0602ca4,AJG,2023-10-7,Arthur J. Gallagher & Co. Acquires Altman Insurance Services,PR Newswire,https://finance.yahoo.com/news/arthur-j-gallagher-co-acquires-130000703.html,1696424400,STORY
3bfb59a6-ed77-3adf-b50e-9170731596d8,AJG,2023-10-7,These 5 Stocks Are Setting Up This Buying Opportunity After Strong Runs,Investor's Business Daily,https://finance.yahoo.com/m/3bfb59a6-ed77-3adf-b50e-9170731596d8/these-5-stocks-are-setting-up.html,1696244910,STORY
063a7b63-225a-31a3-be47-37722a0568f2,AJG,2023-10-7,Arthur J. Gallagher & Co. (NYSE:AJG) is largely controlled by institutional shareholders who own 86% of the company,Simply Wall St.,https://finance.yahoo.com/news/arthur-j-gallagher-co-nyse-120027147.html,1696161627,STORY
c96879f2-17b1-35af-ad29-e9c7ded22d78,AJG,2023-10-7,Insurance Stock Outperforms As Market Crumbles,Investor's Business Daily,https://finance.yahoo.com/m/c96879f2-17b1-35af-ad29-e9c7ded22d78/insurance-stock-outperforms.html,1695747624,STORY
acef301b-d045-30f6-8c69-6c5c3f64df73,AJG,2023-10-8,Arthur J. Gallagher & Co. Announces Third Quarter 2023 Earnings Release And Conference Call Date,PR Newswire,https://finance.yahoo.com/news/arthur-j-gallagher-co-announces-201500056.html,1696536900,STORY
9d76e5dd-e9c8-3100-9f2f-0e52876b9b14,AJG,2023-10-8,Arthur J. Gallagher (AJG) Adds WLA Insurance to Portfolio,Zacks,https://finance.yahoo.com/news/arthur-j-gallagher-ajg-adds-153000160.html,1696519800,STORY
a814530a-8e82-3dd7-9f5f-9fa07e0febe8,AJG,2023-10-8,Arthur J. Gallagher & Co. Acquires The Coverage Pro,PR Newswire,https://finance.yahoo.com/news/arthur-j-gallagher-co-acquires-130000592.html,1696510800,STORY
81062fa8-bc9a-35e3-bb89-55141110bfae,AJG,2023-10-8,"Insiders At Arthur J. Gallagher Sold US$9.7m In Stock, Alluding To Potential Weakness",Simply Wall St.,https://finance.yahoo.com/news/insiders-arthur-j-gallagher-sold-110104835.html,1696503664,STORY
4f673091-118c-324e-83ef-4c4ba0602ca4,AJG,2023-10-8,Arthur J. Gallagher & Co. Acquires Altman Insurance Services,PR Newswire,https://finance.yahoo.com/news/arthur-j-gallagher-co-acquires-130000703.html,1696424400,STORY
3bfb59a6-ed77-3adf-b50e-9170731596d8,AJG,2023-10-8,These 5 Stocks Are Setting Up This Buying Opportunity After Strong Runs,Investor's Business Daily,https://finance.yahoo.com/m/3bfb59a6-ed77-3adf-b50e-9170731596d8/these-5-stocks-are-setting-up.html,1696244910,STORY
063a7b63-225a-31a3-be47-37722a0568f2,AJG,2023-10-8,Arthur J. Gallagher & Co. (NYSE:AJG) is largely controlled by institutional shareholders who own 86% of the company,Simply Wall St.,https://finance.yahoo.com/news/arthur-j-gallagher-co-nyse-120027147.html,1696161627,STORY
c96879f2-17b1-35af-ad29-e9c7ded22d78,AJG,2023-10-8,Insurance Stock Outperforms As Market Crumbles,Investor's Business Daily,https://finance.yahoo.com/m/c96879f2-17b1-35af-ad29-e9c7ded22d78/insurance-stock-outperforms.html,1695747624,STORY
acef301b-d045-30f6-8c69-6c5c3f64df73,AJG,2023-10-9,Arthur J. Gallagher & Co. Announces Third Quarter 2023 Earnings Release And Conference Call Date,PR Newswire,https://finance.yahoo.com/news/arthur-j-gallagher-co-announces-201500056.html,1696536900,STORY
9d76e5dd-e9c8-3100-9f2f-0e52876b9b14,AJG,2023-10-9,Arthur J. Gallagher (AJG) Adds WLA Insurance to Portfolio,Zacks,https://finance.yahoo.com/news/arthur-j-gallagher-ajg-adds-153000160.html,1696519800,STORY
a814530a-8e82-3dd7-9f5f-9fa07e0febe8,AJG,2023-10-9,Arthur J. Gallagher & Co. Acquires The Coverage Pro,PR Newswire,https://finance.yahoo.com/news/arthur-j-gallagher-co-acquires-130000592.html,1696510800,STORY
81062fa8-bc9a-35e3-bb89-55141110bfae,AJG,2023-10-9,"Insiders At Arthur J. Gallagher Sold US$9.7m In Stock, Alluding To Potential Weakness",Simply Wall St.,https://finance.yahoo.com/news/insiders-arthur-j-gallagher-sold-110104835.html,1696503664,STORY
4f673091-118c-324e-83ef-4c4ba0602ca4,AJG,2023-10-9,Arthur J. Gallagher & Co. Acquires Altman Insurance Services,PR Newswire,https://finance.yahoo.com/news/arthur-j-gallagher-co-acquires-130000703.html,1696424400,STORY
3bfb59a6-ed77-3adf-b50e-9170731596d8,AJG,2023-10-9,These 5 Stocks Are Setting Up This Buying Opportunity After Strong Runs,Investor's Business Daily,https://finance.yahoo.com/m/3bfb59a6-ed77-3adf-b50e-9170731596d8/these-5-stocks-are-setting-up.html,1696244910,STORY
063a7b63-225a-31a3-be47-37722a0568f2,AJG,2023-10-9,Arthur J. Gallagher & Co. (NYSE:AJG) is largely controlled by institutional shareholders who own 86% of the company,Simply Wall St.,https://finance.yahoo.com/news/arthur-j-gallagher-co-nyse-120027147.html,1696161627,STORY
c96879f2-17b1-35af-ad29-e9c7ded22d78,AJG,2023-10-9,Insurance Stock Outperforms As Market Crumbles,Investor's Business Daily,https://finance.yahoo.com/m/c96879f2-17b1-35af-ad29-e9c7ded22d78/insurance-stock-outperforms.html,1695747624,STORY
acef301b-d045-30f6-8c69-6c5c3f64df73,AJG,2023-10-10,Arthur J. Gallagher & Co. Announces Third Quarter 2023 Earnings Release And Conference Call Date,PR Newswire,https://finance.yahoo.com/news/arthur-j-gallagher-co-announces-201500056.html,1696536900,STORY
9d76e5dd-e9c8-3100-9f2f-0e52876b9b14,AJG,2023-10-10,Arthur J. Gallagher (AJG) Adds WLA Insurance to Portfolio,Zacks,https://finance.yahoo.com/news/arthur-j-gallagher-ajg-adds-153000160.html,1696519800,STORY
a814530a-8e82-3dd7-9f5f-9fa07e0febe8,AJG,2023-10-10,Arthur J. Gallagher & Co. Acquires The Coverage Pro,PR Newswire,https://finance.yahoo.com/news/arthur-j-gallagher-co-acquires-130000592.html,1696510800,STORY
81062fa8-bc9a-35e3-bb89-55141110bfae,AJG,2023-10-10,"Insiders At Arthur J. Gallagher Sold US$9.7m In Stock, Alluding To Potential Weakness",Simply Wall St.,https://finance.yahoo.com/news/insiders-arthur-j-gallagher-sold-110104835.html,1696503664,STORY
4f673091-118c-324e-83ef-4c4ba0602ca4,AJG,2023-10-10,Arthur J. Gallagher & Co. Acquires Altman Insurance Services,PR Newswire,https://finance.yahoo.com/news/arthur-j-gallagher-co-acquires-130000703.html,1696424400,STORY
3bfb59a6-ed77-3adf-b50e-9170731596d8,AJG,2023-10-10,These 5 Stocks Are Setting Up This Buying Opportunity After Strong Runs,Investor's Business Daily,https://finance.yahoo.com/m/3bfb59a6-ed77-3adf-b50e-9170731596d8/these-5-stocks-are-setting-up.html,1696244910,STORY
063a7b63-225a-31a3-be47-37722a0568f2,AJG,2023-10-10,Arthur J. Gallagher & Co. (NYSE:AJG) is largely controlled by institutional shareholders who own 86% of the company,Simply Wall St.,https://finance.yahoo.com/news/arthur-j-gallagher-co-nyse-120027147.html,1696161627,STORY
c96879f2-17b1-35af-ad29-e9c7ded22d78,AJG,2023-10-10,Insurance Stock Outperforms As Market Crumbles,Investor's Business Daily,https://finance.yahoo.com/m/c96879f2-17b1-35af-ad29-e9c7ded22d78/insurance-stock-outperforms.html,1695747624,STORY
a2fb2e19-e5f0-34c3-a417-b79767147d17,AJG,2023-10-11,"Brown & Brown (BRO) Completes Kentro Buyout, Boosts UK Presence",Zacks,https://finance.yahoo.com/news/brown-brown-bro-completes-kentro-152900383.html,1696951740,STORY
e0e23f80-feb1-3b22-bcf5-f5ad549124ab,AJG,2023-10-11,Employers' Perceptions of Employee Engagement May Not Match Reality,PR Newswire,https://finance.yahoo.com/news/employers-perceptions-employee-engagement-may-130000732.html,1696942800,STORY
acef301b-d045-30f6-8c69-6c5c3f64df73,AJG,2023-10-11,Arthur J. Gallagher & Co. Announces Third Quarter 2023 Earnings Release And Conference Call Date,PR Newswire,https://finance.yahoo.com/news/arthur-j-gallagher-co-announces-201500056.html,1696536900,STORY
9d76e5dd-e9c8-3100-9f2f-0e52876b9b14,AJG,2023-10-11,Arthur J. Gallagher (AJG) Adds WLA Insurance to Portfolio,Zacks,https://finance.yahoo.com/news/arthur-j-gallagher-ajg-adds-153000160.html,1696519800,STORY
a814530a-8e82-3dd7-9f5f-9fa07e0febe8,AJG,2023-10-11,Arthur J. Gallagher & Co. Acquires The Coverage Pro,PR Newswire,https://finance.yahoo.com/news/arthur-j-gallagher-co-acquires-130000592.html,1696510800,STORY
81062fa8-bc9a-35e3-bb89-55141110bfae,AJG,2023-10-11,"Insiders At Arthur J. Gallagher Sold US$9.7m In Stock, Alluding To Potential Weakness",Simply Wall St.,https://finance.yahoo.com/news/insiders-arthur-j-gallagher-sold-110104835.html,1696503664,STORY
4f673091-118c-324e-83ef-4c4ba0602ca4,AJG,2023-10-11,Arthur J. Gallagher & Co. Acquires Altman Insurance Services,PR Newswire,https://finance.yahoo.com/news/arthur-j-gallagher-co-acquires-130000703.html,1696424400,STORY
3bfb59a6-ed77-3adf-b50e-9170731596d8,AJG,2023-10-11,These 5 Stocks Are Setting Up This Buying Opportunity After Strong Runs,Investor's Business Daily,https://finance.yahoo.com/m/3bfb59a6-ed77-3adf-b50e-9170731596d8/these-5-stocks-are-setting-up.html,1696244910,STORY
a2fb2e19-e5f0-34c3-a417-b79767147d17,AJG,2023-10-12,"Brown & Brown (BRO) Completes Kentro Buyout, Boosts UK Presence",Zacks,https://finance.yahoo.com/news/brown-brown-bro-completes-kentro-152900383.html,1696951740,STORY
e0e23f80-feb1-3b22-bcf5-f5ad549124ab,AJG,2023-10-12,Employers' Perceptions of Employee Engagement May Not Match Reality,PR Newswire,https://finance.yahoo.com/news/employers-perceptions-employee-engagement-may-130000732.html,1696942800,STORY
acef301b-d045-30f6-8c69-6c5c3f64df73,AJG,2023-10-12,Arthur J. Gallagher & Co. Announces Third Quarter 2023 Earnings Release And Conference Call Date,PR Newswire,https://finance.yahoo.com/news/arthur-j-gallagher-co-announces-201500056.html,1696536900,STORY
9d76e5dd-e9c8-3100-9f2f-0e52876b9b14,AJG,2023-10-12,Arthur J. Gallagher (AJG) Adds WLA Insurance to Portfolio,Zacks,https://finance.yahoo.com/news/arthur-j-gallagher-ajg-adds-153000160.html,1696519800,STORY
a814530a-8e82-3dd7-9f5f-9fa07e0febe8,AJG,2023-10-12,Arthur J. Gallagher & Co. Acquires The Coverage Pro,PR Newswire,https://finance.yahoo.com/news/arthur-j-gallagher-co-acquires-130000592.html,1696510800,STORY
81062fa8-bc9a-35e3-bb89-55141110bfae,AJG,2023-10-12,"Insiders At Arthur J. Gallagher Sold US$9.7m In Stock, Alluding To Potential Weakness",Simply Wall St.,https://finance.yahoo.com/news/insiders-arthur-j-gallagher-sold-110104835.html,1696503664,STORY
4f673091-118c-324e-83ef-4c4ba0602ca4,AJG,2023-10-12,Arthur J. Gallagher & Co. Acquires Altman Insurance Services,PR Newswire,https://finance.yahoo.com/news/arthur-j-gallagher-co-acquires-130000703.html,1696424400,STORY
3bfb59a6-ed77-3adf-b50e-9170731596d8,AJG,2023-10-12,These 5 Stocks Are Setting Up This Buying Opportunity After Strong Runs,Investor's Business Daily,https://finance.yahoo.com/m/3bfb59a6-ed77-3adf-b50e-9170731596d8/these-5-stocks-are-setting-up.html,1696244910,STORY
a2fb2e19-e5f0-34c3-a417-b79767147d17,AJG,2023-10-13,"Brown & Brown (BRO) Completes Kentro Buyout, Boosts UK Presence",Zacks,https://finance.yahoo.com/news/brown-brown-bro-completes-kentro-152900383.html,1696951740,STORY
e0e23f80-feb1-3b22-bcf5-f5ad549124ab,AJG,2023-10-13,Employers' Perceptions of Employee Engagement May Not Match Reality,PR Newswire,https://finance.yahoo.com/news/employers-perceptions-employee-engagement-may-130000732.html,1696942800,STORY
acef301b-d045-30f6-8c69-6c5c3f64df73,AJG,2023-10-13,Arthur J. Gallagher & Co. Announces Third Quarter 2023 Earnings Release And Conference Call Date,PR Newswire,https://finance.yahoo.com/news/arthur-j-gallagher-co-announces-201500056.html,1696536900,STORY
9d76e5dd-e9c8-3100-9f2f-0e52876b9b14,AJG,2023-10-13,Arthur J. Gallagher (AJG) Adds WLA Insurance to Portfolio,Zacks,https://finance.yahoo.com/news/arthur-j-gallagher-ajg-adds-153000160.html,1696519800,STORY
a814530a-8e82-3dd7-9f5f-9fa07e0febe8,AJG,2023-10-13,Arthur J. Gallagher & Co. Acquires The Coverage Pro,PR Newswire,https://finance.yahoo.com/news/arthur-j-gallagher-co-acquires-130000592.html,1696510800,STORY
81062fa8-bc9a-35e3-bb89-55141110bfae,AJG,2023-10-13,"Insiders At Arthur J. Gallagher Sold US$9.7m In Stock, Alluding To Potential Weakness",Simply Wall St.,https://finance.yahoo.com/news/insiders-arthur-j-gallagher-sold-110104835.html,1696503664,STORY
4f673091-118c-324e-83ef-4c4ba0602ca4,AJG,2023-10-13,Arthur J. Gallagher & Co. Acquires Altman Insurance Services,PR Newswire,https://finance.yahoo.com/news/arthur-j-gallagher-co-acquires-130000703.html,1696424400,STORY
3bfb59a6-ed77-3adf-b50e-9170731596d8,AJG,2023-10-13,These 5 Stocks Are Setting Up This Buying Opportunity After Strong Runs,Investor's Business Daily,https://finance.yahoo.com/m/3bfb59a6-ed77-3adf-b50e-9170731596d8/these-5-stocks-are-setting-up.html,1696244910,STORY
a2fb2e19-e5f0-34c3-a417-b79767147d17,AJG,2023-10-14,"Brown & Brown (BRO) Completes Kentro Buyout, Boosts UK Presence",Zacks,https://finance.yahoo.com/news/brown-brown-bro-completes-kentro-152900383.html,1696951740,STORY
e0e23f80-feb1-3b22-bcf5-f5ad549124ab,AJG,2023-10-14,Employers' Perceptions of Employee Engagement May Not Match Reality,PR Newswire,https://finance.yahoo.com/news/employers-perceptions-employee-engagement-may-130000732.html,1696942800,STORY
acef301b-d045-30f6-8c69-6c5c3f64df73,AJG,2023-10-14,Arthur J. Gallagher & Co. Announces Third Quarter 2023 Earnings Release And Conference Call Date,PR Newswire,https://finance.yahoo.com/news/arthur-j-gallagher-co-announces-201500056.html,1696536900,STORY
9d76e5dd-e9c8-3100-9f2f-0e52876b9b14,AJG,2023-10-14,Arthur J. Gallagher (AJG) Adds WLA Insurance to Portfolio,Zacks,https://finance.yahoo.com/news/arthur-j-gallagher-ajg-adds-153000160.html,1696519800,STORY
a814530a-8e82-3dd7-9f5f-9fa07e0febe8,AJG,2023-10-14,Arthur J. Gallagher & Co. Acquires The Coverage Pro,PR Newswire,https://finance.yahoo.com/news/arthur-j-gallagher-co-acquires-130000592.html,1696510800,STORY
81062fa8-bc9a-35e3-bb89-55141110bfae,AJG,2023-10-14,"Insiders At Arthur J. Gallagher Sold US$9.7m In Stock, Alluding To Potential Weakness",Simply Wall St.,https://finance.yahoo.com/news/insiders-arthur-j-gallagher-sold-110104835.html,1696503664,STORY
4f673091-118c-324e-83ef-4c4ba0602ca4,AJG,2023-10-14,Arthur J. Gallagher & Co. Acquires Altman Insurance Services,PR Newswire,https://finance.yahoo.com/news/arthur-j-gallagher-co-acquires-130000703.html,1696424400,STORY
3bfb59a6-ed77-3adf-b50e-9170731596d8,AJG,2023-10-14,These 5 Stocks Are Setting Up This Buying Opportunity After Strong Runs,Investor's Business Daily,https://finance.yahoo.com/m/3bfb59a6-ed77-3adf-b50e-9170731596d8/these-5-stocks-are-setting-up.html,1696244910,STORY
a2fb2e19-e5f0-34c3-a417-b79767147d17,AJG,2023-10-15,"Brown & Brown (BRO) Completes Kentro Buyout, Boosts UK Presence",Zacks,https://finance.yahoo.com/news/brown-brown-bro-completes-kentro-152900383.html,1696951740,STORY
e0e23f80-feb1-3b22-bcf5-f5ad549124ab,AJG,2023-10-15,Employers' Perceptions of Employee Engagement May Not Match Reality,PR Newswire,https://finance.yahoo.com/news/employers-perceptions-employee-engagement-may-130000732.html,1696942800,STORY
acef301b-d045-30f6-8c69-6c5c3f64df73,AJG,2023-10-15,Arthur J. Gallagher & Co. Announces Third Quarter 2023 Earnings Release And Conference Call Date,PR Newswire,https://finance.yahoo.com/news/arthur-j-gallagher-co-announces-201500056.html,1696536900,STORY
9d76e5dd-e9c8-3100-9f2f-0e52876b9b14,AJG,2023-10-15,Arthur J. Gallagher (AJG) Adds WLA Insurance to Portfolio,Zacks,https://finance.yahoo.com/news/arthur-j-gallagher-ajg-adds-153000160.html,1696519800,STORY
a814530a-8e82-3dd7-9f5f-9fa07e0febe8,AJG,2023-10-15,Arthur J. Gallagher & Co. Acquires The Coverage Pro,PR Newswire,https://finance.yahoo.com/news/arthur-j-gallagher-co-acquires-130000592.html,1696510800,STORY
81062fa8-bc9a-35e3-bb89-55141110bfae,AJG,2023-10-15,"Insiders At Arthur J. Gallagher Sold US$9.7m In Stock, Alluding To Potential Weakness",Simply Wall St.,https://finance.yahoo.com/news/insiders-arthur-j-gallagher-sold-110104835.html,1696503664,STORY
4f673091-118c-324e-83ef-4c4ba0602ca4,AJG,2023-10-15,Arthur J. Gallagher & Co. Acquires Altman Insurance Services,PR Newswire,https://finance.yahoo.com/news/arthur-j-gallagher-co-acquires-130000703.html,1696424400,STORY
3bfb59a6-ed77-3adf-b50e-9170731596d8,AJG,2023-10-15,These 5 Stocks Are Setting Up This Buying Opportunity After Strong Runs,Investor's Business Daily,https://finance.yahoo.com/m/3bfb59a6-ed77-3adf-b50e-9170731596d8/these-5-stocks-are-setting-up.html,1696244910,STORY
a2fb2e19-e5f0-34c3-a417-b79767147d17,AJG,2023-10-16,"Brown & Brown (BRO) Completes Kentro Buyout, Boosts UK Presence",Zacks,https://finance.yahoo.com/news/brown-brown-bro-completes-kentro-152900383.html,1696951740,STORY
e0e23f80-feb1-3b22-bcf5-f5ad549124ab,AJG,2023-10-16,Employers' Perceptions of Employee Engagement May Not Match Reality,PR Newswire,https://finance.yahoo.com/news/employers-perceptions-employee-engagement-may-130000732.html,1696942800,STORY
acef301b-d045-30f6-8c69-6c5c3f64df73,AJG,2023-10-16,Arthur J. Gallagher & Co. Announces Third Quarter 2023 Earnings Release And Conference Call Date,PR Newswire,https://finance.yahoo.com/news/arthur-j-gallagher-co-announces-201500056.html,1696536900,STORY
9d76e5dd-e9c8-3100-9f2f-0e52876b9b14,AJG,2023-10-16,Arthur J. Gallagher (AJG) Adds WLA Insurance to Portfolio,Zacks,https://finance.yahoo.com/news/arthur-j-gallagher-ajg-adds-153000160.html,1696519800,STORY
a814530a-8e82-3dd7-9f5f-9fa07e0febe8,AJG,2023-10-16,Arthur J. Gallagher & Co. Acquires The Coverage Pro,PR Newswire,https://finance.yahoo.com/news/arthur-j-gallagher-co-acquires-130000592.html,1696510800,STORY
81062fa8-bc9a-35e3-bb89-55141110bfae,AJG,2023-10-16,"Insiders At Arthur J. Gallagher Sold US$9.7m In Stock, Alluding To Potential Weakness",Simply Wall St.,https://finance.yahoo.com/news/insiders-arthur-j-gallagher-sold-110104835.html,1696503664,STORY
4f673091-118c-324e-83ef-4c4ba0602ca4,AJG,2023-10-16,Arthur J. Gallagher & Co. Acquires Altman Insurance Services,PR Newswire,https://finance.yahoo.com/news/arthur-j-gallagher-co-acquires-130000703.html,1696424400,STORY
3bfb59a6-ed77-3adf-b50e-9170731596d8,AJG,2023-10-16,These 5 Stocks Are Setting Up This Buying Opportunity After Strong Runs,Investor's Business Daily,https://finance.yahoo.com/m/3bfb59a6-ed77-3adf-b50e-9170731596d8/these-5-stocks-are-setting-up.html,1696244910,STORY
a2fb2e19-e5f0-34c3-a417-b79767147d17,AJG,2023-10-17,"Brown & Brown (BRO) Completes Kentro Buyout, Boosts UK Presence",Zacks,https://finance.yahoo.com/news/brown-brown-bro-completes-kentro-152900383.html,1696951740,STORY
e0e23f80-feb1-3b22-bcf5-f5ad549124ab,AJG,2023-10-17,Employers' Perceptions of Employee Engagement May Not Match Reality,PR Newswire,https://finance.yahoo.com/news/employers-perceptions-employee-engagement-may-130000732.html,1696942800,STORY
acef301b-d045-30f6-8c69-6c5c3f64df73,AJG,2023-10-17,Arthur J. Gallagher & Co. Announces Third Quarter 2023 Earnings Release And Conference Call Date,PR Newswire,https://finance.yahoo.com/news/arthur-j-gallagher-co-announces-201500056.html,1696536900,STORY
9d76e5dd-e9c8-3100-9f2f-0e52876b9b14,AJG,2023-10-17,Arthur J. Gallagher (AJG) Adds WLA Insurance to Portfolio,Zacks,https://finance.yahoo.com/news/arthur-j-gallagher-ajg-adds-153000160.html,1696519800,STORY
a814530a-8e82-3dd7-9f5f-9fa07e0febe8,AJG,2023-10-17,Arthur J. Gallagher & Co. Acquires The Coverage Pro,PR Newswire,https://finance.yahoo.com/news/arthur-j-gallagher-co-acquires-130000592.html,1696510800,STORY
81062fa8-bc9a-35e3-bb89-55141110bfae,AJG,2023-10-17,"Insiders At Arthur J. Gallagher Sold US$9.7m In Stock, Alluding To Potential Weakness",Simply Wall St.,https://finance.yahoo.com/news/insiders-arthur-j-gallagher-sold-110104835.html,1696503664,STORY
4f673091-118c-324e-83ef-4c4ba0602ca4,AJG,2023-10-17,Arthur J. Gallagher & Co. Acquires Altman Insurance Services,PR Newswire,https://finance.yahoo.com/news/arthur-j-gallagher-co-acquires-130000703.html,1696424400,STORY
3bfb59a6-ed77-3adf-b50e-9170731596d8,AJG,2023-10-17,These 5 Stocks Are Setting Up This Buying Opportunity After Strong Runs,Investor's Business Daily,https://finance.yahoo.com/m/3bfb59a6-ed77-3adf-b50e-9170731596d8/these-5-stocks-are-setting-up.html,1696244910,STORY
4b5f6217-7b43-3837-a7b1-a57c270d3c35,AJG,2023-10-18,Arthur J. Gallagher & Co. Acquires Clements Worldwide,PR Newswire,https://finance.yahoo.com/news/arthur-j-gallagher-co-acquires-140000289.html,1697551200,STORY
a2fb2e19-e5f0-34c3-a417-b79767147d17,AJG,2023-10-18,"Brown & Brown (BRO) Completes Kentro Buyout, Boosts UK Presence",Zacks,https://finance.yahoo.com/news/brown-brown-bro-completes-kentro-152900383.html,1696951740,STORY
e0e23f80-feb1-3b22-bcf5-f5ad549124ab,AJG,2023-10-18,Employers' Perceptions of Employee Engagement May Not Match Reality,PR Newswire,https://finance.yahoo.com/news/employers-perceptions-employee-engagement-may-130000732.html,1696942800,STORY
acef301b-d045-30f6-8c69-6c5c3f64df73,AJG,2023-10-18,Arthur J. Gallagher & Co. Announces Third Quarter 2023 Earnings Release And Conference Call Date,PR Newswire,https://finance.yahoo.com/news/arthur-j-gallagher-co-announces-201500056.html,1696536900,STORY
9d76e5dd-e9c8-3100-9f2f-0e52876b9b14,AJG,2023-10-18,Arthur J. Gallagher (AJG) Adds WLA Insurance to Portfolio,Zacks,https://finance.yahoo.com/news/arthur-j-gallagher-ajg-adds-153000160.html,1696519800,STORY
a814530a-8e82-3dd7-9f5f-9fa07e0febe8,AJG,2023-10-18,Arthur J. Gallagher & Co. Acquires The Coverage Pro,PR Newswire,https://finance.yahoo.com/news/arthur-j-gallagher-co-acquires-130000592.html,1696510800,STORY
81062fa8-bc9a-35e3-bb89-55141110bfae,AJG,2023-10-18,"Insiders At Arthur J. Gallagher Sold US$9.7m In Stock, Alluding To Potential Weakness",Simply Wall St.,https://finance.yahoo.com/news/insiders-arthur-j-gallagher-sold-110104835.html,1696503664,STORY
4f673091-118c-324e-83ef-4c4ba0602ca4,AJG,2023-10-18,Arthur J. Gallagher & Co. Acquires Altman Insurance Services,PR Newswire,https://finance.yahoo.com/news/arthur-j-gallagher-co-acquires-130000703.html,1696424400,STORY
