9ec8516b-b9df-3904-9eeb-5d65353d1004,IT,2022-9-20,Gartner (IT) Gains As Market Dips: What You Should Know,Zacks,https://finance.yahoo.com/news/gartner-gains-market-dips-know-221510143.html,1663280110,STORY
5dbf8673-49c0-34dd-a474-67a22bd6233a,IT,2022-9-20,Baron Funds: “We Expect Gartner (IT)’s Business to Remain Solid”,Insider Monkey,https://finance.yahoo.com/news/baron-funds-expect-gartner-business-161215617.html,1663085535,STORY
aa1d99b1-550e-365e-827c-0cf803ed4561,IT,2022-9-20,Gartner (IT) Gains But Lags Market: What You Should Know,Zacks,https://finance.yahoo.com/news/gartner-gains-lags-market-know-221510217.html,1662675310,STORY
5a734423-594f-3813-acee-fbffdcdf9993,IT,2022-9-20,Here's Why Investors Should Bet on Gartner (IT) Stock Now,Zacks,https://finance.yahoo.com/news/heres-why-investors-bet-gartner-203908963.html,1662669548,STORY
03a8f115-bfbb-3995-8844-e6368c429a37,IT,2022-9-20,Why Is Gartner (IT) Down 1% Since Last Earnings Report?,Zacks,https://finance.yahoo.com/news/why-gartner-down-1-since-153103264.html,1662046263,STORY
7c44cd57-d0c9-3b8b-ad01-d2c274e49c62,IT,2022-9-20,First Insight Technology Recognized by Gartner,WWD,https://finance.yahoo.com/m/7c44cd57-d0c9-3b8b-ad01-d2c274e49c62/first-insight-technology.html,1661954340,STORY
ef3349ac-1900-38b0-a177-1085eef30768,IT,2022-9-20,HP Reduces Profit Forecast as PC Sales Continue to Slide,Bloomberg,https://finance.yahoo.com/news/hp-reduces-profit-forecast-pc-201622232.html,1661937280,STORY
5b2d7f87-0ee7-3eba-82a8-28f27d9ee6e5,IT,2022-9-20,Gartner to Present at the Goldman Sachs 2022 Communacopia + Technology Conference,Business Wire,https://finance.yahoo.com/news/gartner-present-goldman-sachs-2022-120000756.html,1661860800,STORY
a15e7835-8ced-37da-b66b-267cab227a61,IT,2022-9-22,Gartner (IT) Stock Moves -1.18%: What You Should Know,Zacks,https://finance.yahoo.com/news/gartner-stock-moves-1-18-221510352.html,1663798510,STORY
795f397a-3f77-3af1-8062-1addf26cf30b,IT,2022-9-22,$22 Billion Market Research Leader Banks On A Changing World,Investor's Business Daily,https://finance.yahoo.com/m/795f397a-3f77-3af1-8062-1addf26cf30b/%2422-billion-market-research.html,1663700250,STORY
9ec8516b-b9df-3904-9eeb-5d65353d1004,IT,2022-9-22,Gartner (IT) Gains As Market Dips: What You Should Know,Zacks,https://finance.yahoo.com/news/gartner-gains-market-dips-know-221510143.html,1663280110,STORY
5dbf8673-49c0-34dd-a474-67a22bd6233a,IT,2022-9-22,Baron Funds: “We Expect Gartner (IT)’s Business to Remain Solid”,Insider Monkey,https://finance.yahoo.com/news/baron-funds-expect-gartner-business-161215617.html,1663085535,STORY
aa1d99b1-550e-365e-827c-0cf803ed4561,IT,2022-9-22,Gartner (IT) Gains But Lags Market: What You Should Know,Zacks,https://finance.yahoo.com/news/gartner-gains-lags-market-know-221510217.html,1662675310,STORY
5a734423-594f-3813-acee-fbffdcdf9993,IT,2022-9-22,Here's Why Investors Should Bet on Gartner (IT) Stock Now,Zacks,https://finance.yahoo.com/news/heres-why-investors-bet-gartner-203908963.html,1662669548,STORY
03a8f115-bfbb-3995-8844-e6368c429a37,IT,2022-9-22,Why Is Gartner (IT) Down 1% Since Last Earnings Report?,Zacks,https://finance.yahoo.com/news/why-gartner-down-1-since-153103264.html,1662046263,STORY
7c44cd57-d0c9-3b8b-ad01-d2c274e49c62,IT,2022-9-22,First Insight Technology Recognized by Gartner,WWD,https://finance.yahoo.com/m/7c44cd57-d0c9-3b8b-ad01-d2c274e49c62/first-insight-technology.html,1661954340,STORY
6123222e-ad73-38b6-b1d1-483f4df81656,IT,2022-9-23,3 Storage Devices Stocks to Watch for in a Prospering Industry,Zacks,https://finance.yahoo.com/news/3-storage-devices-stocks-watch-144902338.html,1663858142,STORY
a15e7835-8ced-37da-b66b-267cab227a61,IT,2022-9-23,Gartner (IT) Stock Moves -1.18%: What You Should Know,Zacks,https://finance.yahoo.com/news/gartner-stock-moves-1-18-221510352.html,1663798510,STORY
795f397a-3f77-3af1-8062-1addf26cf30b,IT,2022-9-23,$22 Billion Market Research Leader Banks On A Changing World,Investor's Business Daily,https://finance.yahoo.com/m/795f397a-3f77-3af1-8062-1addf26cf30b/%2422-billion-market-research.html,1663700250,STORY
9ec8516b-b9df-3904-9eeb-5d65353d1004,IT,2022-9-23,Gartner (IT) Gains As Market Dips: What You Should Know,Zacks,https://finance.yahoo.com/news/gartner-gains-market-dips-know-221510143.html,1663280110,STORY
5dbf8673-49c0-34dd-a474-67a22bd6233a,IT,2022-9-23,Baron Funds: “We Expect Gartner (IT)’s Business to Remain Solid”,Insider Monkey,https://finance.yahoo.com/news/baron-funds-expect-gartner-business-161215617.html,1663085535,STORY
aa1d99b1-550e-365e-827c-0cf803ed4561,IT,2022-9-23,Gartner (IT) Gains But Lags Market: What You Should Know,Zacks,https://finance.yahoo.com/news/gartner-gains-lags-market-know-221510217.html,1662675310,STORY
5a734423-594f-3813-acee-fbffdcdf9993,IT,2022-9-23,Here's Why Investors Should Bet on Gartner (IT) Stock Now,Zacks,https://finance.yahoo.com/news/heres-why-investors-bet-gartner-203908963.html,1662669548,STORY
03a8f115-bfbb-3995-8844-e6368c429a37,IT,2022-9-23,Why Is Gartner (IT) Down 1% Since Last Earnings Report?,Zacks,https://finance.yahoo.com/news/why-gartner-down-1-since-153103264.html,1662046263,STORY
53bb2a4a-9d76-3ba7-9077-7229b22b578d,IT,2022-9-24,3 Top Stocks From the Thriving Consulting Services Industry,Zacks,https://finance.yahoo.com/news/3-top-stocks-thriving-consulting-161304156.html,1663949584,STORY
6123222e-ad73-38b6-b1d1-483f4df81656,IT,2022-9-24,3 Storage Devices Stocks to Watch for in a Prospering Industry,Zacks,https://finance.yahoo.com/news/3-storage-devices-stocks-watch-144902338.html,1663858142,STORY
a15e7835-8ced-37da-b66b-267cab227a61,IT,2022-9-24,Gartner (IT) Stock Moves -1.18%: What You Should Know,Zacks,https://finance.yahoo.com/news/gartner-stock-moves-1-18-221510352.html,1663798510,STORY
795f397a-3f77-3af1-8062-1addf26cf30b,IT,2022-9-24,$22 Billion Market Research Leader Banks On A Changing World,Investor's Business Daily,https://finance.yahoo.com/m/795f397a-3f77-3af1-8062-1addf26cf30b/%2422-billion-market-research.html,1663700250,STORY
9ec8516b-b9df-3904-9eeb-5d65353d1004,IT,2022-9-24,Gartner (IT) Gains As Market Dips: What You Should Know,Zacks,https://finance.yahoo.com/news/gartner-gains-market-dips-know-221510143.html,1663280110,STORY
5dbf8673-49c0-34dd-a474-67a22bd6233a,IT,2022-9-24,Baron Funds: “We Expect Gartner (IT)’s Business to Remain Solid”,Insider Monkey,https://finance.yahoo.com/news/baron-funds-expect-gartner-business-161215617.html,1663085535,STORY
aa1d99b1-550e-365e-827c-0cf803ed4561,IT,2022-9-24,Gartner (IT) Gains But Lags Market: What You Should Know,Zacks,https://finance.yahoo.com/news/gartner-gains-lags-market-know-221510217.html,1662675310,STORY
5a734423-594f-3813-acee-fbffdcdf9993,IT,2022-9-24,Here's Why Investors Should Bet on Gartner (IT) Stock Now,Zacks,https://finance.yahoo.com/news/heres-why-investors-bet-gartner-203908963.html,1662669548,STORY
53bb2a4a-9d76-3ba7-9077-7229b22b578d,IT,2022-9-25,3 Top Stocks From the Thriving Consulting Services Industry,Zacks,https://finance.yahoo.com/news/3-top-stocks-thriving-consulting-161304156.html,1663949584,STORY
6123222e-ad73-38b6-b1d1-483f4df81656,IT,2022-9-25,3 Storage Devices Stocks to Watch for in a Prospering Industry,Zacks,https://finance.yahoo.com/news/3-storage-devices-stocks-watch-144902338.html,1663858142,STORY
a15e7835-8ced-37da-b66b-267cab227a61,IT,2022-9-25,Gartner (IT) Stock Moves -1.18%: What You Should Know,Zacks,https://finance.yahoo.com/news/gartner-stock-moves-1-18-221510352.html,1663798510,STORY
795f397a-3f77-3af1-8062-1addf26cf30b,IT,2022-9-25,$22 Billion Market Research Leader Banks On A Changing World,Investor's Business Daily,https://finance.yahoo.com/m/795f397a-3f77-3af1-8062-1addf26cf30b/%2422-billion-market-research.html,1663700250,STORY
9ec8516b-b9df-3904-9eeb-5d65353d1004,IT,2022-9-25,Gartner (IT) Gains As Market Dips: What You Should Know,Zacks,https://finance.yahoo.com/news/gartner-gains-market-dips-know-221510143.html,1663280110,STORY
5dbf8673-49c0-34dd-a474-67a22bd6233a,IT,2022-9-25,Baron Funds: “We Expect Gartner (IT)’s Business to Remain Solid”,Insider Monkey,https://finance.yahoo.com/news/baron-funds-expect-gartner-business-161215617.html,1663085535,STORY
aa1d99b1-550e-365e-827c-0cf803ed4561,IT,2022-9-25,Gartner (IT) Gains But Lags Market: What You Should Know,Zacks,https://finance.yahoo.com/news/gartner-gains-lags-market-know-221510217.html,1662675310,STORY
5a734423-594f-3813-acee-fbffdcdf9993,IT,2022-9-25,Here's Why Investors Should Bet on Gartner (IT) Stock Now,Zacks,https://finance.yahoo.com/news/heres-why-investors-bet-gartner-203908963.html,1662669548,STORY
af9c2058-1992-3300-8e66-214cff286e98,IT,2022-9-26,The 2022 holiday season is shaping up to be a real lean one,Fortune,https://finance.yahoo.com/news/2022-holiday-season-shaping-real-073000300.html,1664177400,STORY
ae4f45cd-fa04-35de-9a7f-5757c7513d0e,IT,2022-9-26,China's Digital Nomads Trade Mega-Cities for Backpacker Havens,Bloomberg,https://finance.yahoo.com/news/chinas-digital-nomads-trade-mega-220008771.html,1663970408,STORY
53bb2a4a-9d76-3ba7-9077-7229b22b578d,IT,2022-9-26,3 Top Stocks From the Thriving Consulting Services Industry,Zacks,https://finance.yahoo.com/news/3-top-stocks-thriving-consulting-161304156.html,1663949584,STORY
6123222e-ad73-38b6-b1d1-483f4df81656,IT,2022-9-26,3 Storage Devices Stocks to Watch for in a Prospering Industry,Zacks,https://finance.yahoo.com/news/3-storage-devices-stocks-watch-144902338.html,1663858142,STORY
a15e7835-8ced-37da-b66b-267cab227a61,IT,2022-9-26,Gartner (IT) Stock Moves -1.18%: What You Should Know,Zacks,https://finance.yahoo.com/news/gartner-stock-moves-1-18-221510352.html,1663798510,STORY
795f397a-3f77-3af1-8062-1addf26cf30b,IT,2022-9-26,$22 Billion Market Research Leader Banks On A Changing World,Investor's Business Daily,https://finance.yahoo.com/m/795f397a-3f77-3af1-8062-1addf26cf30b/%2422-billion-market-research.html,1663700250,STORY
9ec8516b-b9df-3904-9eeb-5d65353d1004,IT,2022-9-26,Gartner (IT) Gains As Market Dips: What You Should Know,Zacks,https://finance.yahoo.com/news/gartner-gains-market-dips-know-221510143.html,1663280110,STORY
5dbf8673-49c0-34dd-a474-67a22bd6233a,IT,2022-9-26,Baron Funds: “We Expect Gartner (IT)’s Business to Remain Solid”,Insider Monkey,https://finance.yahoo.com/news/baron-funds-expect-gartner-business-161215617.html,1663085535,STORY
af9c2058-1992-3300-8e66-214cff286e98,IT,2022-9-27,The 2022 holiday season is shaping up to be a real lean one,Fortune,https://finance.yahoo.com/news/2022-holiday-season-shaping-real-073000300.html,1664177400,STORY
ae4f45cd-fa04-35de-9a7f-5757c7513d0e,IT,2022-9-27,China's Digital Nomads Trade Mega-Cities for Backpacker Havens,Bloomberg,https://finance.yahoo.com/news/chinas-digital-nomads-trade-mega-220008771.html,1663970408,STORY
53bb2a4a-9d76-3ba7-9077-7229b22b578d,IT,2022-9-27,3 Top Stocks From the Thriving Consulting Services Industry,Zacks,https://finance.yahoo.com/news/3-top-stocks-thriving-consulting-161304156.html,1663949584,STORY
6123222e-ad73-38b6-b1d1-483f4df81656,IT,2022-9-27,3 Storage Devices Stocks to Watch for in a Prospering Industry,Zacks,https://finance.yahoo.com/news/3-storage-devices-stocks-watch-144902338.html,1663858142,STORY
a15e7835-8ced-37da-b66b-267cab227a61,IT,2022-9-27,Gartner (IT) Stock Moves -1.18%: What You Should Know,Zacks,https://finance.yahoo.com/news/gartner-stock-moves-1-18-221510352.html,1663798510,STORY
795f397a-3f77-3af1-8062-1addf26cf30b,IT,2022-9-27,$22 Billion Market Research Leader Banks On A Changing World,Investor's Business Daily,https://finance.yahoo.com/m/795f397a-3f77-3af1-8062-1addf26cf30b/%2422-billion-market-research.html,1663700250,STORY
9ec8516b-b9df-3904-9eeb-5d65353d1004,IT,2022-9-27,Gartner (IT) Gains As Market Dips: What You Should Know,Zacks,https://finance.yahoo.com/news/gartner-gains-market-dips-know-221510143.html,1663280110,STORY
5dbf8673-49c0-34dd-a474-67a22bd6233a,IT,2022-9-27,Baron Funds: “We Expect Gartner (IT)’s Business to Remain Solid”,Insider Monkey,https://finance.yahoo.com/news/baron-funds-expect-gartner-business-161215617.html,1663085535,STORY
af9c2058-1992-3300-8e66-214cff286e98,IT,2022-9-28,The 2022 holiday season is shaping up to be a real lean one,Fortune,https://finance.yahoo.com/news/2022-holiday-season-shaping-real-073000300.html,1664177400,STORY
ae4f45cd-fa04-35de-9a7f-5757c7513d0e,IT,2022-9-28,China's Digital Nomads Trade Mega-Cities for Backpacker Havens,Bloomberg,https://finance.yahoo.com/news/chinas-digital-nomads-trade-mega-220008771.html,1663970408,STORY
53bb2a4a-9d76-3ba7-9077-7229b22b578d,IT,2022-9-28,3 Top Stocks From the Thriving Consulting Services Industry,Zacks,https://finance.yahoo.com/news/3-top-stocks-thriving-consulting-161304156.html,1663949584,STORY
6123222e-ad73-38b6-b1d1-483f4df81656,IT,2022-9-28,3 Storage Devices Stocks to Watch for in a Prospering Industry,Zacks,https://finance.yahoo.com/news/3-storage-devices-stocks-watch-144902338.html,1663858142,STORY
a15e7835-8ced-37da-b66b-267cab227a61,IT,2022-9-28,Gartner (IT) Stock Moves -1.18%: What You Should Know,Zacks,https://finance.yahoo.com/news/gartner-stock-moves-1-18-221510352.html,1663798510,STORY
795f397a-3f77-3af1-8062-1addf26cf30b,IT,2022-9-28,$22 Billion Market Research Leader Banks On A Changing World,Investor's Business Daily,https://finance.yahoo.com/m/795f397a-3f77-3af1-8062-1addf26cf30b/%2422-billion-market-research.html,1663700250,STORY
9ec8516b-b9df-3904-9eeb-5d65353d1004,IT,2022-9-28,Gartner (IT) Gains As Market Dips: What You Should Know,Zacks,https://finance.yahoo.com/news/gartner-gains-market-dips-know-221510143.html,1663280110,STORY
5dbf8673-49c0-34dd-a474-67a22bd6233a,IT,2022-9-28,Baron Funds: “We Expect Gartner (IT)’s Business to Remain Solid”,Insider Monkey,https://finance.yahoo.com/news/baron-funds-expect-gartner-business-161215617.html,1663085535,STORY
af9c2058-1992-3300-8e66-214cff286e98,IT,2022-9-29,The 2022 holiday season is shaping up to be a real lean one,Fortune,https://finance.yahoo.com/news/2022-holiday-season-shaping-real-073000300.html,1664177400,STORY
ae4f45cd-fa04-35de-9a7f-5757c7513d0e,IT,2022-9-29,China's Digital Nomads Trade Mega-Cities for Backpacker Havens,Bloomberg,https://finance.yahoo.com/news/chinas-digital-nomads-trade-mega-220008771.html,1663970408,STORY
53bb2a4a-9d76-3ba7-9077-7229b22b578d,IT,2022-9-29,3 Top Stocks From the Thriving Consulting Services Industry,Zacks,https://finance.yahoo.com/news/3-top-stocks-thriving-consulting-161304156.html,1663949584,STORY
6123222e-ad73-38b6-b1d1-483f4df81656,IT,2022-9-29,3 Storage Devices Stocks to Watch for in a Prospering Industry,Zacks,https://finance.yahoo.com/news/3-storage-devices-stocks-watch-144902338.html,1663858142,STORY
a15e7835-8ced-37da-b66b-267cab227a61,IT,2022-9-29,Gartner (IT) Stock Moves -1.18%: What You Should Know,Zacks,https://finance.yahoo.com/news/gartner-stock-moves-1-18-221510352.html,1663798510,STORY
795f397a-3f77-3af1-8062-1addf26cf30b,IT,2022-9-29,$22 Billion Market Research Leader Banks On A Changing World,Investor's Business Daily,https://finance.yahoo.com/m/795f397a-3f77-3af1-8062-1addf26cf30b/%2422-billion-market-research.html,1663700250,STORY
9ec8516b-b9df-3904-9eeb-5d65353d1004,IT,2022-9-29,Gartner (IT) Gains As Market Dips: What You Should Know,Zacks,https://finance.yahoo.com/news/gartner-gains-market-dips-know-221510143.html,1663280110,STORY
5dbf8673-49c0-34dd-a474-67a22bd6233a,IT,2022-9-29,Baron Funds: “We Expect Gartner (IT)’s Business to Remain Solid”,Insider Monkey,https://finance.yahoo.com/news/baron-funds-expect-gartner-business-161215617.html,1663085535,STORY
c41e9a5e-3315-368f-a8c9-dc0a1f18656e,IT,2022-9-30,Gartner (IT) Stock Moves -0.97%: What You Should Know,Zacks,https://finance.yahoo.com/news/gartner-stock-moves-0-97-221510015.html,1664489710,STORY
40cd2271-c712-319e-a4ea-598393f47c27,IT,2022-9-30,Gartner (IT) Gains 14% in the Past 3 Months: Here's How,Zacks,https://finance.yahoo.com/news/gartner-gains-14-past-3-165904592.html,1664470744,STORY
af9c2058-1992-3300-8e66-214cff286e98,IT,2022-9-30,The 2022 holiday season is shaping up to be a real lean one,Fortune,https://finance.yahoo.com/news/2022-holiday-season-shaping-real-073000300.html,1664177400,STORY
ae4f45cd-fa04-35de-9a7f-5757c7513d0e,IT,2022-9-30,China's Digital Nomads Trade Mega-Cities for Backpacker Havens,Bloomberg,https://finance.yahoo.com/news/chinas-digital-nomads-trade-mega-220008771.html,1663970408,STORY
53bb2a4a-9d76-3ba7-9077-7229b22b578d,IT,2022-9-30,3 Top Stocks From the Thriving Consulting Services Industry,Zacks,https://finance.yahoo.com/news/3-top-stocks-thriving-consulting-161304156.html,1663949584,STORY
6123222e-ad73-38b6-b1d1-483f4df81656,IT,2022-9-30,3 Storage Devices Stocks to Watch for in a Prospering Industry,Zacks,https://finance.yahoo.com/news/3-storage-devices-stocks-watch-144902338.html,1663858142,STORY
a15e7835-8ced-37da-b66b-267cab227a61,IT,2022-9-30,Gartner (IT) Stock Moves -1.18%: What You Should Know,Zacks,https://finance.yahoo.com/news/gartner-stock-moves-1-18-221510352.html,1663798510,STORY
795f397a-3f77-3af1-8062-1addf26cf30b,IT,2022-9-30,$22 Billion Market Research Leader Banks On A Changing World,Investor's Business Daily,https://finance.yahoo.com/m/795f397a-3f77-3af1-8062-1addf26cf30b/%2422-billion-market-research.html,1663700250,STORY
c41e9a5e-3315-368f-a8c9-dc0a1f18656e,IT,2022-10-1,Gartner (IT) Stock Moves -0.97%: What You Should Know,Zacks,https://finance.yahoo.com/news/gartner-stock-moves-0-97-221510015.html,1664489710,STORY
40cd2271-c712-319e-a4ea-598393f47c27,IT,2022-10-1,Gartner (IT) Gains 14% in the Past 3 Months: Here's How,Zacks,https://finance.yahoo.com/news/gartner-gains-14-past-3-165904592.html,1664470744,STORY
af9c2058-1992-3300-8e66-214cff286e98,IT,2022-10-1,The 2022 holiday season is shaping up to be a real lean one,Fortune,https://finance.yahoo.com/news/2022-holiday-season-shaping-real-073000300.html,1664177400,STORY
ae4f45cd-fa04-35de-9a7f-5757c7513d0e,IT,2022-10-1,China's Digital Nomads Trade Mega-Cities for Backpacker Havens,Bloomberg,https://finance.yahoo.com/news/chinas-digital-nomads-trade-mega-220008771.html,1663970408,STORY
53bb2a4a-9d76-3ba7-9077-7229b22b578d,IT,2022-10-1,3 Top Stocks From the Thriving Consulting Services Industry,Zacks,https://finance.yahoo.com/news/3-top-stocks-thriving-consulting-161304156.html,1663949584,STORY
6123222e-ad73-38b6-b1d1-483f4df81656,IT,2022-10-1,3 Storage Devices Stocks to Watch for in a Prospering Industry,Zacks,https://finance.yahoo.com/news/3-storage-devices-stocks-watch-144902338.html,1663858142,STORY
a15e7835-8ced-37da-b66b-267cab227a61,IT,2022-10-1,Gartner (IT) Stock Moves -1.18%: What You Should Know,Zacks,https://finance.yahoo.com/news/gartner-stock-moves-1-18-221510352.html,1663798510,STORY
795f397a-3f77-3af1-8062-1addf26cf30b,IT,2022-10-1,$22 Billion Market Research Leader Banks On A Changing World,Investor's Business Daily,https://finance.yahoo.com/m/795f397a-3f77-3af1-8062-1addf26cf30b/%2422-billion-market-research.html,1663700250,STORY
c41e9a5e-3315-368f-a8c9-dc0a1f18656e,IT,2022-10-2,Gartner (IT) Stock Moves -0.97%: What You Should Know,Zacks,https://finance.yahoo.com/news/gartner-stock-moves-0-97-221510015.html,1664489710,STORY
40cd2271-c712-319e-a4ea-598393f47c27,IT,2022-10-2,Gartner (IT) Gains 14% in the Past 3 Months: Here's How,Zacks,https://finance.yahoo.com/news/gartner-gains-14-past-3-165904592.html,1664470744,STORY
5b1a613e-2c4b-3c56-b447-b719786347d1,IT,2022-10-2,7 Undervalued Reddit Stocks to Buy Before Wall Street Catches On,InvestorPlace,https://finance.yahoo.com/news/7-undervalued-reddit-stocks-buy-210017197.html,1664398817,STORY
af9c2058-1992-3300-8e66-214cff286e98,IT,2022-10-2,The 2022 holiday season is shaping up to be a real lean one,Fortune,https://finance.yahoo.com/news/2022-holiday-season-shaping-real-073000300.html,1664177400,STORY
ae4f45cd-fa04-35de-9a7f-5757c7513d0e,IT,2022-10-2,China's Digital Nomads Trade Mega-Cities for Backpacker Havens,Bloomberg,https://finance.yahoo.com/news/chinas-digital-nomads-trade-mega-220008771.html,1663970408,STORY
53bb2a4a-9d76-3ba7-9077-7229b22b578d,IT,2022-10-2,3 Top Stocks From the Thriving Consulting Services Industry,Zacks,https://finance.yahoo.com/news/3-top-stocks-thriving-consulting-161304156.html,1663949584,STORY
6123222e-ad73-38b6-b1d1-483f4df81656,IT,2022-10-2,3 Storage Devices Stocks to Watch for in a Prospering Industry,Zacks,https://finance.yahoo.com/news/3-storage-devices-stocks-watch-144902338.html,1663858142,STORY
a15e7835-8ced-37da-b66b-267cab227a61,IT,2022-10-2,Gartner (IT) Stock Moves -1.18%: What You Should Know,Zacks,https://finance.yahoo.com/news/gartner-stock-moves-1-18-221510352.html,1663798510,STORY
c41e9a5e-3315-368f-a8c9-dc0a1f18656e,IT,2022-10-3,Gartner (IT) Stock Moves -0.97%: What You Should Know,Zacks,https://finance.yahoo.com/news/gartner-stock-moves-0-97-221510015.html,1664489710,STORY
40cd2271-c712-319e-a4ea-598393f47c27,IT,2022-10-3,Gartner (IT) Gains 14% in the Past 3 Months: Here's How,Zacks,https://finance.yahoo.com/news/gartner-gains-14-past-3-165904592.html,1664470744,STORY
5b1a613e-2c4b-3c56-b447-b719786347d1,IT,2022-10-3,7 Undervalued Reddit Stocks to Buy Before Wall Street Catches On,InvestorPlace,https://finance.yahoo.com/news/7-undervalued-reddit-stocks-buy-210017197.html,1664398817,STORY
af9c2058-1992-3300-8e66-214cff286e98,IT,2022-10-3,The 2022 holiday season is shaping up to be a real lean one,Fortune,https://finance.yahoo.com/news/2022-holiday-season-shaping-real-073000300.html,1664177400,STORY
ae4f45cd-fa04-35de-9a7f-5757c7513d0e,IT,2022-10-3,China's Digital Nomads Trade Mega-Cities for Backpacker Havens,Bloomberg,https://finance.yahoo.com/news/chinas-digital-nomads-trade-mega-220008771.html,1663970408,STORY
53bb2a4a-9d76-3ba7-9077-7229b22b578d,IT,2022-10-3,3 Top Stocks From the Thriving Consulting Services Industry,Zacks,https://finance.yahoo.com/news/3-top-stocks-thriving-consulting-161304156.html,1663949584,STORY
6123222e-ad73-38b6-b1d1-483f4df81656,IT,2022-10-3,3 Storage Devices Stocks to Watch for in a Prospering Industry,Zacks,https://finance.yahoo.com/news/3-storage-devices-stocks-watch-144902338.html,1663858142,STORY
a15e7835-8ced-37da-b66b-267cab227a61,IT,2022-10-3,Gartner (IT) Stock Moves -1.18%: What You Should Know,Zacks,https://finance.yahoo.com/news/gartner-stock-moves-1-18-221510352.html,1663798510,STORY
123ac836-e2e3-3e48-b5eb-3a583a677243,IT,2022-10-4,War over drug-cost assistance traps sickest patients in the middle,MarketWatch,https://finance.yahoo.com/m/123ac836-e2e3-3e48-b5eb-3a583a677243/war-over-drug-cost-assistance.html,1664818740,STORY
c41e9a5e-3315-368f-a8c9-dc0a1f18656e,IT,2022-10-4,Gartner (IT) Stock Moves -0.97%: What You Should Know,Zacks,https://finance.yahoo.com/news/gartner-stock-moves-0-97-221510015.html,1664489710,STORY
40cd2271-c712-319e-a4ea-598393f47c27,IT,2022-10-4,Gartner (IT) Gains 14% in the Past 3 Months: Here's How,Zacks,https://finance.yahoo.com/news/gartner-gains-14-past-3-165904592.html,1664470744,STORY
5b1a613e-2c4b-3c56-b447-b719786347d1,IT,2022-10-4,7 Undervalued Reddit Stocks to Buy Before Wall Street Catches On,InvestorPlace,https://finance.yahoo.com/news/7-undervalued-reddit-stocks-buy-210017197.html,1664398817,STORY
af9c2058-1992-3300-8e66-214cff286e98,IT,2022-10-4,The 2022 holiday season is shaping up to be a real lean one,Fortune,https://finance.yahoo.com/news/2022-holiday-season-shaping-real-073000300.html,1664177400,STORY
ae4f45cd-fa04-35de-9a7f-5757c7513d0e,IT,2022-10-4,China's Digital Nomads Trade Mega-Cities for Backpacker Havens,Bloomberg,https://finance.yahoo.com/news/chinas-digital-nomads-trade-mega-220008771.html,1663970408,STORY
53bb2a4a-9d76-3ba7-9077-7229b22b578d,IT,2022-10-4,3 Top Stocks From the Thriving Consulting Services Industry,Zacks,https://finance.yahoo.com/news/3-top-stocks-thriving-consulting-161304156.html,1663949584,STORY
6123222e-ad73-38b6-b1d1-483f4df81656,IT,2022-10-4,3 Storage Devices Stocks to Watch for in a Prospering Industry,Zacks,https://finance.yahoo.com/news/3-storage-devices-stocks-watch-144902338.html,1663858142,STORY
123ac836-e2e3-3e48-b5eb-3a583a677243,IT,2022-10-5,War over drug-cost assistance traps sickest patients in the middle,MarketWatch,https://finance.yahoo.com/m/123ac836-e2e3-3e48-b5eb-3a583a677243/war-over-drug-cost-assistance.html,1664818740,STORY
c41e9a5e-3315-368f-a8c9-dc0a1f18656e,IT,2022-10-5,Gartner (IT) Stock Moves -0.97%: What You Should Know,Zacks,https://finance.yahoo.com/news/gartner-stock-moves-0-97-221510015.html,1664489710,STORY
40cd2271-c712-319e-a4ea-598393f47c27,IT,2022-10-5,Gartner (IT) Gains 14% in the Past 3 Months: Here's How,Zacks,https://finance.yahoo.com/news/gartner-gains-14-past-3-165904592.html,1664470744,STORY
5b1a613e-2c4b-3c56-b447-b719786347d1,IT,2022-10-5,7 Undervalued Reddit Stocks to Buy Before Wall Street Catches On,InvestorPlace,https://finance.yahoo.com/news/7-undervalued-reddit-stocks-buy-210017197.html,1664398817,STORY
af9c2058-1992-3300-8e66-214cff286e98,IT,2022-10-5,The 2022 holiday season is shaping up to be a real lean one,Fortune,https://finance.yahoo.com/news/2022-holiday-season-shaping-real-073000300.html,1664177400,STORY
ae4f45cd-fa04-35de-9a7f-5757c7513d0e,IT,2022-10-5,China's Digital Nomads Trade Mega-Cities for Backpacker Havens,Bloomberg,https://finance.yahoo.com/news/chinas-digital-nomads-trade-mega-220008771.html,1663970408,STORY
53bb2a4a-9d76-3ba7-9077-7229b22b578d,IT,2022-10-5,3 Top Stocks From the Thriving Consulting Services Industry,Zacks,https://finance.yahoo.com/news/3-top-stocks-thriving-consulting-161304156.html,1663949584,STORY
6123222e-ad73-38b6-b1d1-483f4df81656,IT,2022-10-5,3 Storage Devices Stocks to Watch for in a Prospering Industry,Zacks,https://finance.yahoo.com/news/3-storage-devices-stocks-watch-144902338.html,1663858142,STORY
123ac836-e2e3-3e48-b5eb-3a583a677243,IT,2022-10-6,War over drug-cost assistance traps sickest patients in the middle,MarketWatch,https://finance.yahoo.com/m/123ac836-e2e3-3e48-b5eb-3a583a677243/war-over-drug-cost-assistance.html,1664818740,STORY
c41e9a5e-3315-368f-a8c9-dc0a1f18656e,IT,2022-10-6,Gartner (IT) Stock Moves -0.97%: What You Should Know,Zacks,https://finance.yahoo.com/news/gartner-stock-moves-0-97-221510015.html,1664489710,STORY
40cd2271-c712-319e-a4ea-598393f47c27,IT,2022-10-6,Gartner (IT) Gains 14% in the Past 3 Months: Here's How,Zacks,https://finance.yahoo.com/news/gartner-gains-14-past-3-165904592.html,1664470744,STORY
5b1a613e-2c4b-3c56-b447-b719786347d1,IT,2022-10-6,7 Undervalued Reddit Stocks to Buy Before Wall Street Catches On,InvestorPlace,https://finance.yahoo.com/news/7-undervalued-reddit-stocks-buy-210017197.html,1664398817,STORY
af9c2058-1992-3300-8e66-214cff286e98,IT,2022-10-6,The 2022 holiday season is shaping up to be a real lean one,Fortune,https://finance.yahoo.com/news/2022-holiday-season-shaping-real-073000300.html,1664177400,STORY
ae4f45cd-fa04-35de-9a7f-5757c7513d0e,IT,2022-10-6,China's Digital Nomads Trade Mega-Cities for Backpacker Havens,Bloomberg,https://finance.yahoo.com/news/chinas-digital-nomads-trade-mega-220008771.html,1663970408,STORY
53bb2a4a-9d76-3ba7-9077-7229b22b578d,IT,2022-10-6,3 Top Stocks From the Thriving Consulting Services Industry,Zacks,https://finance.yahoo.com/news/3-top-stocks-thriving-consulting-161304156.html,1663949584,STORY
6123222e-ad73-38b6-b1d1-483f4df81656,IT,2022-10-6,3 Storage Devices Stocks to Watch for in a Prospering Industry,Zacks,https://finance.yahoo.com/news/3-storage-devices-stocks-watch-144902338.html,1663858142,STORY
123ac836-e2e3-3e48-b5eb-3a583a677243,IT,2022-10-7,War over drug-cost assistance traps sickest patients in the middle,MarketWatch,https://finance.yahoo.com/m/123ac836-e2e3-3e48-b5eb-3a583a677243/war-over-drug-cost-assistance.html,1664818740,STORY
c41e9a5e-3315-368f-a8c9-dc0a1f18656e,IT,2022-10-7,Gartner (IT) Stock Moves -0.97%: What You Should Know,Zacks,https://finance.yahoo.com/news/gartner-stock-moves-0-97-221510015.html,1664489710,STORY
40cd2271-c712-319e-a4ea-598393f47c27,IT,2022-10-7,Gartner (IT) Gains 14% in the Past 3 Months: Here's How,Zacks,https://finance.yahoo.com/news/gartner-gains-14-past-3-165904592.html,1664470744,STORY
5b1a613e-2c4b-3c56-b447-b719786347d1,IT,2022-10-7,7 Undervalued Reddit Stocks to Buy Before Wall Street Catches On,InvestorPlace,https://finance.yahoo.com/news/7-undervalued-reddit-stocks-buy-210017197.html,1664398817,STORY
af9c2058-1992-3300-8e66-214cff286e98,IT,2022-10-7,The 2022 holiday season is shaping up to be a real lean one,Fortune,https://finance.yahoo.com/news/2022-holiday-season-shaping-real-073000300.html,1664177400,STORY
ae4f45cd-fa04-35de-9a7f-5757c7513d0e,IT,2022-10-7,China's Digital Nomads Trade Mega-Cities for Backpacker Havens,Bloomberg,https://finance.yahoo.com/news/chinas-digital-nomads-trade-mega-220008771.html,1663970408,STORY
53bb2a4a-9d76-3ba7-9077-7229b22b578d,IT,2022-10-7,3 Top Stocks From the Thriving Consulting Services Industry,Zacks,https://finance.yahoo.com/news/3-top-stocks-thriving-consulting-161304156.html,1663949584,STORY
6123222e-ad73-38b6-b1d1-483f4df81656,IT,2022-10-7,3 Storage Devices Stocks to Watch for in a Prospering Industry,Zacks,https://finance.yahoo.com/news/3-storage-devices-stocks-watch-144902338.html,1663858142,STORY
3b347823-ff29-3965-b091-7062e2404193,IT,2022-10-8,Gartner (NYSE:IT) stock performs better than its underlying earnings growth over last five years,Simply Wall St.,https://finance.yahoo.com/news/gartner-nyse-stock-performs-better-161500850.html,1665159300,STORY
7ac56314-d2c3-3e97-8f2e-60802226c19d,IT,2022-10-8,Why Gartner (IT) Could Beat Earnings Estimates Again,Zacks,https://finance.yahoo.com/news/why-gartner-could-beat-earnings-161004820.html,1665159004,STORY
123ac836-e2e3-3e48-b5eb-3a583a677243,IT,2022-10-8,War over drug-cost assistance traps sickest patients in the middle,MarketWatch,https://finance.yahoo.com/m/123ac836-e2e3-3e48-b5eb-3a583a677243/war-over-drug-cost-assistance.html,1664818740,STORY
c41e9a5e-3315-368f-a8c9-dc0a1f18656e,IT,2022-10-8,Gartner (IT) Stock Moves -0.97%: What You Should Know,Zacks,https://finance.yahoo.com/news/gartner-stock-moves-0-97-221510015.html,1664489710,STORY
40cd2271-c712-319e-a4ea-598393f47c27,IT,2022-10-8,Gartner (IT) Gains 14% in the Past 3 Months: Here's How,Zacks,https://finance.yahoo.com/news/gartner-gains-14-past-3-165904592.html,1664470744,STORY
5b1a613e-2c4b-3c56-b447-b719786347d1,IT,2022-10-8,7 Undervalued Reddit Stocks to Buy Before Wall Street Catches On,InvestorPlace,https://finance.yahoo.com/news/7-undervalued-reddit-stocks-buy-210017197.html,1664398817,STORY
af9c2058-1992-3300-8e66-214cff286e98,IT,2022-10-8,The 2022 holiday season is shaping up to be a real lean one,Fortune,https://finance.yahoo.com/news/2022-holiday-season-shaping-real-073000300.html,1664177400,STORY
ae4f45cd-fa04-35de-9a7f-5757c7513d0e,IT,2022-10-8,China's Digital Nomads Trade Mega-Cities for Backpacker Havens,Bloomberg,https://finance.yahoo.com/news/chinas-digital-nomads-trade-mega-220008771.html,1663970408,STORY
3b347823-ff29-3965-b091-7062e2404193,IT,2022-10-9,Gartner (NYSE:IT) stock performs better than its underlying earnings growth over last five years,Simply Wall St.,https://finance.yahoo.com/news/gartner-nyse-stock-performs-better-161500850.html,1665159300,STORY
7ac56314-d2c3-3e97-8f2e-60802226c19d,IT,2022-10-9,Why Gartner (IT) Could Beat Earnings Estimates Again,Zacks,https://finance.yahoo.com/news/why-gartner-could-beat-earnings-161004820.html,1665159004,STORY
123ac836-e2e3-3e48-b5eb-3a583a677243,IT,2022-10-9,War over drug-cost assistance traps sickest patients in the middle,MarketWatch,https://finance.yahoo.com/m/123ac836-e2e3-3e48-b5eb-3a583a677243/war-over-drug-cost-assistance.html,1664818740,STORY
c41e9a5e-3315-368f-a8c9-dc0a1f18656e,IT,2022-10-9,Gartner (IT) Stock Moves -0.97%: What You Should Know,Zacks,https://finance.yahoo.com/news/gartner-stock-moves-0-97-221510015.html,1664489710,STORY
40cd2271-c712-319e-a4ea-598393f47c27,IT,2022-10-9,Gartner (IT) Gains 14% in the Past 3 Months: Here's How,Zacks,https://finance.yahoo.com/news/gartner-gains-14-past-3-165904592.html,1664470744,STORY
5b1a613e-2c4b-3c56-b447-b719786347d1,IT,2022-10-9,7 Undervalued Reddit Stocks to Buy Before Wall Street Catches On,InvestorPlace,https://finance.yahoo.com/news/7-undervalued-reddit-stocks-buy-210017197.html,1664398817,STORY
af9c2058-1992-3300-8e66-214cff286e98,IT,2022-10-9,The 2022 holiday season is shaping up to be a real lean one,Fortune,https://finance.yahoo.com/news/2022-holiday-season-shaping-real-073000300.html,1664177400,STORY
ae4f45cd-fa04-35de-9a7f-5757c7513d0e,IT,2022-10-9,China's Digital Nomads Trade Mega-Cities for Backpacker Havens,Bloomberg,https://finance.yahoo.com/news/chinas-digital-nomads-trade-mega-220008771.html,1663970408,STORY
3b347823-ff29-3965-b091-7062e2404193,IT,2022-10-10,Gartner (NYSE:IT) stock performs better than its underlying earnings growth over last five years,Simply Wall St.,https://finance.yahoo.com/news/gartner-nyse-stock-performs-better-161500850.html,1665159300,STORY
7ac56314-d2c3-3e97-8f2e-60802226c19d,IT,2022-10-10,Why Gartner (IT) Could Beat Earnings Estimates Again,Zacks,https://finance.yahoo.com/news/why-gartner-could-beat-earnings-161004820.html,1665159004,STORY
123ac836-e2e3-3e48-b5eb-3a583a677243,IT,2022-10-10,War over drug-cost assistance traps sickest patients in the middle,MarketWatch,https://finance.yahoo.com/m/123ac836-e2e3-3e48-b5eb-3a583a677243/war-over-drug-cost-assistance.html,1664818740,STORY
c41e9a5e-3315-368f-a8c9-dc0a1f18656e,IT,2022-10-10,Gartner (IT) Stock Moves -0.97%: What You Should Know,Zacks,https://finance.yahoo.com/news/gartner-stock-moves-0-97-221510015.html,1664489710,STORY
40cd2271-c712-319e-a4ea-598393f47c27,IT,2022-10-10,Gartner (IT) Gains 14% in the Past 3 Months: Here's How,Zacks,https://finance.yahoo.com/news/gartner-gains-14-past-3-165904592.html,1664470744,STORY
5b1a613e-2c4b-3c56-b447-b719786347d1,IT,2022-10-10,7 Undervalued Reddit Stocks to Buy Before Wall Street Catches On,InvestorPlace,https://finance.yahoo.com/news/7-undervalued-reddit-stocks-buy-210017197.html,1664398817,STORY
af9c2058-1992-3300-8e66-214cff286e98,IT,2022-10-10,The 2022 holiday season is shaping up to be a real lean one,Fortune,https://finance.yahoo.com/news/2022-holiday-season-shaping-real-073000300.html,1664177400,STORY
ae4f45cd-fa04-35de-9a7f-5757c7513d0e,IT,2022-10-10,China's Digital Nomads Trade Mega-Cities for Backpacker Havens,Bloomberg,https://finance.yahoo.com/news/chinas-digital-nomads-trade-mega-220008771.html,1663970408,STORY
3b347823-ff29-3965-b091-7062e2404193,IT,2022-10-11,Gartner (NYSE:IT) stock performs better than its underlying earnings growth over last five years,Simply Wall St.,https://finance.yahoo.com/news/gartner-nyse-stock-performs-better-161500850.html,1665159300,STORY
7ac56314-d2c3-3e97-8f2e-60802226c19d,IT,2022-10-11,Why Gartner (IT) Could Beat Earnings Estimates Again,Zacks,https://finance.yahoo.com/news/why-gartner-could-beat-earnings-161004820.html,1665159004,STORY
123ac836-e2e3-3e48-b5eb-3a583a677243,IT,2022-10-11,War over drug-cost assistance traps sickest patients in the middle,MarketWatch,https://finance.yahoo.com/m/123ac836-e2e3-3e48-b5eb-3a583a677243/war-over-drug-cost-assistance.html,1664818740,STORY
c41e9a5e-3315-368f-a8c9-dc0a1f18656e,IT,2022-10-11,Gartner (IT) Stock Moves -0.97%: What You Should Know,Zacks,https://finance.yahoo.com/news/gartner-stock-moves-0-97-221510015.html,1664489710,STORY
40cd2271-c712-319e-a4ea-598393f47c27,IT,2022-10-11,Gartner (IT) Gains 14% in the Past 3 Months: Here's How,Zacks,https://finance.yahoo.com/news/gartner-gains-14-past-3-165904592.html,1664470744,STORY
5b1a613e-2c4b-3c56-b447-b719786347d1,IT,2022-10-11,7 Undervalued Reddit Stocks to Buy Before Wall Street Catches On,InvestorPlace,https://finance.yahoo.com/news/7-undervalued-reddit-stocks-buy-210017197.html,1664398817,STORY
af9c2058-1992-3300-8e66-214cff286e98,IT,2022-10-11,The 2022 holiday season is shaping up to be a real lean one,Fortune,https://finance.yahoo.com/news/2022-holiday-season-shaping-real-073000300.html,1664177400,STORY
ae4f45cd-fa04-35de-9a7f-5757c7513d0e,IT,2022-10-11,China's Digital Nomads Trade Mega-Cities for Backpacker Havens,Bloomberg,https://finance.yahoo.com/news/chinas-digital-nomads-trade-mega-220008771.html,1663970408,STORY
580c35ec-24ba-3bce-a88e-616fcaa77316,IT,2022-10-12,"The Zacks Analyst Blog Highlights HP, Dell, Apple and Lenovo",Zacks,https://finance.yahoo.com/news/zacks-analyst-blog-highlights-hp-105610824.html,1665572170,STORY
e1d1a8db-3746-328a-a943-67070238b1ed,IT,2022-10-12,Microsoft Could Be 'Next Shoe To Drop' From Weakening PC Market,Investor's Business Daily,https://finance.yahoo.com/m/e1d1a8db-3746-328a-a943-67070238b1ed/microsoft-could-be-%27next-shoe.html,1665519119,STORY
c5c406c2-99dc-3327-befe-5ac81a8fb013,IT,2022-10-12,"PC Shipments Decline in Q3 on Lower Demand, Macroeconomic Woes",Zacks,https://finance.yahoo.com/news/pc-shipments-decline-q3-lower-132301895.html,1665494581,STORY
3b347823-ff29-3965-b091-7062e2404193,IT,2022-10-12,Gartner (NYSE:IT) stock performs better than its underlying earnings growth over last five years,Simply Wall St.,https://finance.yahoo.com/news/gartner-nyse-stock-performs-better-161500850.html,1665159300,STORY
7ac56314-d2c3-3e97-8f2e-60802226c19d,IT,2022-10-12,Why Gartner (IT) Could Beat Earnings Estimates Again,Zacks,https://finance.yahoo.com/news/why-gartner-could-beat-earnings-161004820.html,1665159004,STORY
123ac836-e2e3-3e48-b5eb-3a583a677243,IT,2022-10-12,War over drug-cost assistance traps sickest patients in the middle,MarketWatch,https://finance.yahoo.com/m/123ac836-e2e3-3e48-b5eb-3a583a677243/war-over-drug-cost-assistance.html,1664818740,STORY
c41e9a5e-3315-368f-a8c9-dc0a1f18656e,IT,2022-10-12,Gartner (IT) Stock Moves -0.97%: What You Should Know,Zacks,https://finance.yahoo.com/news/gartner-stock-moves-0-97-221510015.html,1664489710,STORY
40cd2271-c712-319e-a4ea-598393f47c27,IT,2022-10-12,Gartner (IT) Gains 14% in the Past 3 Months: Here's How,Zacks,https://finance.yahoo.com/news/gartner-gains-14-past-3-165904592.html,1664470744,STORY
654ac076-c7ae-3e42-ab41-10804a2cf38c,IT,2022-10-13,"Gartner Announces Gartner IT Infrastructure, Operations & Cloud Strategies Conference 2022",Business Wire,https://finance.yahoo.com/news/gartner-announces-gartner-infrastructure-operations-134700541.html,1665582420,STORY
580c35ec-24ba-3bce-a88e-616fcaa77316,IT,2022-10-13,"The Zacks Analyst Blog Highlights HP, Dell, Apple and Lenovo",Zacks,https://finance.yahoo.com/news/zacks-analyst-blog-highlights-hp-105610824.html,1665572170,STORY
e1d1a8db-3746-328a-a943-67070238b1ed,IT,2022-10-13,Microsoft Could Be 'Next Shoe To Drop' From Weakening PC Market,Investor's Business Daily,https://finance.yahoo.com/m/e1d1a8db-3746-328a-a943-67070238b1ed/microsoft-could-be-%27next-shoe.html,1665519119,STORY
c5c406c2-99dc-3327-befe-5ac81a8fb013,IT,2022-10-13,"PC Shipments Decline in Q3 on Lower Demand, Macroeconomic Woes",Zacks,https://finance.yahoo.com/news/pc-shipments-decline-q3-lower-132301895.html,1665494581,STORY
3b347823-ff29-3965-b091-7062e2404193,IT,2022-10-13,Gartner (NYSE:IT) stock performs better than its underlying earnings growth over last five years,Simply Wall St.,https://finance.yahoo.com/news/gartner-nyse-stock-performs-better-161500850.html,1665159300,STORY
7ac56314-d2c3-3e97-8f2e-60802226c19d,IT,2022-10-13,Why Gartner (IT) Could Beat Earnings Estimates Again,Zacks,https://finance.yahoo.com/news/why-gartner-could-beat-earnings-161004820.html,1665159004,STORY
123ac836-e2e3-3e48-b5eb-3a583a677243,IT,2022-10-13,War over drug-cost assistance traps sickest patients in the middle,MarketWatch,https://finance.yahoo.com/m/123ac836-e2e3-3e48-b5eb-3a583a677243/war-over-drug-cost-assistance.html,1664818740,STORY
c41e9a5e-3315-368f-a8c9-dc0a1f18656e,IT,2022-10-13,Gartner (IT) Stock Moves -0.97%: What You Should Know,Zacks,https://finance.yahoo.com/news/gartner-stock-moves-0-97-221510015.html,1664489710,STORY
529e0989-a052-3bd8-b9b3-ad3d37bb2494,IT,2022-10-14,Computer Buyers Curtail Purchases After Pandemic Splurge,The Wall Street Journal,https://finance.yahoo.com/m/529e0989-a052-3bd8-b9b3-ad3d37bb2494/computer-buyers-curtail.html,1665739800,STORY
0d0b2269-10f9-3000-83b4-cfef9e6b9b92,IT,2022-10-14,How to Find Strong Business Services Stocks Slated for Positive Earnings Surprises,Zacks,https://finance.yahoo.com/news/strong-business-services-stocks-slated-130001605.html,1665666001,STORY
654ac076-c7ae-3e42-ab41-10804a2cf38c,IT,2022-10-14,"Gartner Announces Gartner IT Infrastructure, Operations & Cloud Strategies Conference 2022",Business Wire,https://finance.yahoo.com/news/gartner-announces-gartner-infrastructure-operations-134700541.html,1665582420,STORY
580c35ec-24ba-3bce-a88e-616fcaa77316,IT,2022-10-14,"The Zacks Analyst Blog Highlights HP, Dell, Apple and Lenovo",Zacks,https://finance.yahoo.com/news/zacks-analyst-blog-highlights-hp-105610824.html,1665572170,STORY
e1d1a8db-3746-328a-a943-67070238b1ed,IT,2022-10-14,Microsoft Could Be 'Next Shoe To Drop' From Weakening PC Market,Investor's Business Daily,https://finance.yahoo.com/m/e1d1a8db-3746-328a-a943-67070238b1ed/microsoft-could-be-%27next-shoe.html,1665519119,STORY
c5c406c2-99dc-3327-befe-5ac81a8fb013,IT,2022-10-14,"PC Shipments Decline in Q3 on Lower Demand, Macroeconomic Woes",Zacks,https://finance.yahoo.com/news/pc-shipments-decline-q3-lower-132301895.html,1665494581,STORY
3b347823-ff29-3965-b091-7062e2404193,IT,2022-10-14,Gartner (NYSE:IT) stock performs better than its underlying earnings growth over last five years,Simply Wall St.,https://finance.yahoo.com/news/gartner-nyse-stock-performs-better-161500850.html,1665159300,STORY
7ac56314-d2c3-3e97-8f2e-60802226c19d,IT,2022-10-14,Why Gartner (IT) Could Beat Earnings Estimates Again,Zacks,https://finance.yahoo.com/news/why-gartner-could-beat-earnings-161004820.html,1665159004,STORY
529e0989-a052-3bd8-b9b3-ad3d37bb2494,IT,2022-10-15,Computer Buyers Curtail Purchases After Pandemic Splurge,The Wall Street Journal,https://finance.yahoo.com/m/529e0989-a052-3bd8-b9b3-ad3d37bb2494/computer-buyers-curtail.html,1665739800,STORY
0d0b2269-10f9-3000-83b4-cfef9e6b9b92,IT,2022-10-15,How to Find Strong Business Services Stocks Slated for Positive Earnings Surprises,Zacks,https://finance.yahoo.com/news/strong-business-services-stocks-slated-130001605.html,1665666001,STORY
654ac076-c7ae-3e42-ab41-10804a2cf38c,IT,2022-10-15,"Gartner Announces Gartner IT Infrastructure, Operations & Cloud Strategies Conference 2022",Business Wire,https://finance.yahoo.com/news/gartner-announces-gartner-infrastructure-operations-134700541.html,1665582420,STORY
580c35ec-24ba-3bce-a88e-616fcaa77316,IT,2022-10-15,"The Zacks Analyst Blog Highlights HP, Dell, Apple and Lenovo",Zacks,https://finance.yahoo.com/news/zacks-analyst-blog-highlights-hp-105610824.html,1665572170,STORY
e1d1a8db-3746-328a-a943-67070238b1ed,IT,2022-10-15,Microsoft Could Be 'Next Shoe To Drop' From Weakening PC Market,Investor's Business Daily,https://finance.yahoo.com/m/e1d1a8db-3746-328a-a943-67070238b1ed/microsoft-could-be-%27next-shoe.html,1665519119,STORY
c5c406c2-99dc-3327-befe-5ac81a8fb013,IT,2022-10-15,"PC Shipments Decline in Q3 on Lower Demand, Macroeconomic Woes",Zacks,https://finance.yahoo.com/news/pc-shipments-decline-q3-lower-132301895.html,1665494581,STORY
3b347823-ff29-3965-b091-7062e2404193,IT,2022-10-15,Gartner (NYSE:IT) stock performs better than its underlying earnings growth over last five years,Simply Wall St.,https://finance.yahoo.com/news/gartner-nyse-stock-performs-better-161500850.html,1665159300,STORY
7ac56314-d2c3-3e97-8f2e-60802226c19d,IT,2022-10-15,Why Gartner (IT) Could Beat Earnings Estimates Again,Zacks,https://finance.yahoo.com/news/why-gartner-could-beat-earnings-161004820.html,1665159004,STORY
529e0989-a052-3bd8-b9b3-ad3d37bb2494,IT,2022-10-16,Computer Buyers Curtail Purchases After Pandemic Splurge,The Wall Street Journal,https://finance.yahoo.com/m/529e0989-a052-3bd8-b9b3-ad3d37bb2494/computer-buyers-curtail.html,1665739800,STORY
0d0b2269-10f9-3000-83b4-cfef9e6b9b92,IT,2022-10-16,How to Find Strong Business Services Stocks Slated for Positive Earnings Surprises,Zacks,https://finance.yahoo.com/news/strong-business-services-stocks-slated-130001605.html,1665666001,STORY
654ac076-c7ae-3e42-ab41-10804a2cf38c,IT,2022-10-16,"Gartner Announces Gartner IT Infrastructure, Operations & Cloud Strategies Conference 2022",Business Wire,https://finance.yahoo.com/news/gartner-announces-gartner-infrastructure-operations-134700541.html,1665582420,STORY
580c35ec-24ba-3bce-a88e-616fcaa77316,IT,2022-10-16,"The Zacks Analyst Blog Highlights HP, Dell, Apple and Lenovo",Zacks,https://finance.yahoo.com/news/zacks-analyst-blog-highlights-hp-105610824.html,1665572170,STORY
e1d1a8db-3746-328a-a943-67070238b1ed,IT,2022-10-16,Microsoft Could Be 'Next Shoe To Drop' From Weakening PC Market,Investor's Business Daily,https://finance.yahoo.com/m/e1d1a8db-3746-328a-a943-67070238b1ed/microsoft-could-be-%27next-shoe.html,1665519119,STORY
c5c406c2-99dc-3327-befe-5ac81a8fb013,IT,2022-10-16,"PC Shipments Decline in Q3 on Lower Demand, Macroeconomic Woes",Zacks,https://finance.yahoo.com/news/pc-shipments-decline-q3-lower-132301895.html,1665494581,STORY
3b347823-ff29-3965-b091-7062e2404193,IT,2022-10-16,Gartner (NYSE:IT) stock performs better than its underlying earnings growth over last five years,Simply Wall St.,https://finance.yahoo.com/news/gartner-nyse-stock-performs-better-161500850.html,1665159300,STORY
7ac56314-d2c3-3e97-8f2e-60802226c19d,IT,2022-10-16,Why Gartner (IT) Could Beat Earnings Estimates Again,Zacks,https://finance.yahoo.com/news/why-gartner-could-beat-earnings-161004820.html,1665159004,STORY
8f9cf9fd-bcbd-3394-a9b8-36d6ad8afe0f,IT,2022-10-17,"Gartner to Report Third Quarter 2022 Financial Results on November 1, 2022",Business Wire,https://finance.yahoo.com/news/gartner-report-third-quarter-2022-120000233.html,1666008000,STORY
529e0989-a052-3bd8-b9b3-ad3d37bb2494,IT,2022-10-17,Computer Buyers Curtail Purchases After Pandemic Splurge,The Wall Street Journal,https://finance.yahoo.com/m/529e0989-a052-3bd8-b9b3-ad3d37bb2494/computer-buyers-curtail.html,1665739800,STORY
0d0b2269-10f9-3000-83b4-cfef9e6b9b92,IT,2022-10-17,How to Find Strong Business Services Stocks Slated for Positive Earnings Surprises,Zacks,https://finance.yahoo.com/news/strong-business-services-stocks-slated-130001605.html,1665666001,STORY
654ac076-c7ae-3e42-ab41-10804a2cf38c,IT,2022-10-17,"Gartner Announces Gartner IT Infrastructure, Operations & Cloud Strategies Conference 2022",Business Wire,https://finance.yahoo.com/news/gartner-announces-gartner-infrastructure-operations-134700541.html,1665582420,STORY
580c35ec-24ba-3bce-a88e-616fcaa77316,IT,2022-10-17,"The Zacks Analyst Blog Highlights HP, Dell, Apple and Lenovo",Zacks,https://finance.yahoo.com/news/zacks-analyst-blog-highlights-hp-105610824.html,1665572170,STORY
e1d1a8db-3746-328a-a943-67070238b1ed,IT,2022-10-17,Microsoft Could Be 'Next Shoe To Drop' From Weakening PC Market,Investor's Business Daily,https://finance.yahoo.com/m/e1d1a8db-3746-328a-a943-67070238b1ed/microsoft-could-be-%27next-shoe.html,1665519119,STORY
c5c406c2-99dc-3327-befe-5ac81a8fb013,IT,2022-10-17,"PC Shipments Decline in Q3 on Lower Demand, Macroeconomic Woes",Zacks,https://finance.yahoo.com/news/pc-shipments-decline-q3-lower-132301895.html,1665494581,STORY
3b347823-ff29-3965-b091-7062e2404193,IT,2022-10-17,Gartner (NYSE:IT) stock performs better than its underlying earnings growth over last five years,Simply Wall St.,https://finance.yahoo.com/news/gartner-nyse-stock-performs-better-161500850.html,1665159300,STORY
acabdaa7-e477-3167-910f-648228c0e721,IT,2022-10-18,Why DocuSign Stock Shot Nearly 5% Higher Today,Motley Fool,https://finance.yahoo.com/m/acabdaa7-e477-3167-910f-648228c0e721/why-docusign-stock-shot.html,1666040880,STORY
1d3fed83-9b17-330a-8ca2-865771995196,IT,2022-10-18,Gartner Identifies the Top 10 Strategic Technology Trends for 2023,Business Wire,https://finance.yahoo.com/news/gartner-identifies-top-10-strategic-170400008.html,1666026240,STORY
b74b8c70-495c-3b30-a89b-9a03a76d50b5,IT,2022-10-18,Gartner Says Organizations Should Use IT for Sustainable Growth In Turbulent Times,Business Wire,https://finance.yahoo.com/news/gartner-says-organizations-sustainable-growth-152000136.html,1666020000,STORY
8f9cf9fd-bcbd-3394-a9b8-36d6ad8afe0f,IT,2022-10-18,"Gartner to Report Third Quarter 2022 Financial Results on November 1, 2022",Business Wire,https://finance.yahoo.com/news/gartner-report-third-quarter-2022-120000233.html,1666008000,STORY
529e0989-a052-3bd8-b9b3-ad3d37bb2494,IT,2022-10-18,Computer Buyers Curtail Purchases After Pandemic Splurge,The Wall Street Journal,https://finance.yahoo.com/m/529e0989-a052-3bd8-b9b3-ad3d37bb2494/computer-buyers-curtail.html,1665739800,STORY
0d0b2269-10f9-3000-83b4-cfef9e6b9b92,IT,2022-10-18,How to Find Strong Business Services Stocks Slated for Positive Earnings Surprises,Zacks,https://finance.yahoo.com/news/strong-business-services-stocks-slated-130001605.html,1665666001,STORY
654ac076-c7ae-3e42-ab41-10804a2cf38c,IT,2022-10-18,"Gartner Announces Gartner IT Infrastructure, Operations & Cloud Strategies Conference 2022",Business Wire,https://finance.yahoo.com/news/gartner-announces-gartner-infrastructure-operations-134700541.html,1665582420,STORY
580c35ec-24ba-3bce-a88e-616fcaa77316,IT,2022-10-18,"The Zacks Analyst Blog Highlights HP, Dell, Apple and Lenovo",Zacks,https://finance.yahoo.com/news/zacks-analyst-blog-highlights-hp-105610824.html,1665572170,STORY
acabdaa7-e477-3167-910f-648228c0e721,IT,2022-10-19,Why DocuSign Stock Shot Nearly 5% Higher Today,Motley Fool,https://finance.yahoo.com/m/acabdaa7-e477-3167-910f-648228c0e721/why-docusign-stock-shot.html,1666040880,STORY
1d3fed83-9b17-330a-8ca2-865771995196,IT,2022-10-19,Gartner Identifies the Top 10 Strategic Technology Trends for 2023,Business Wire,https://finance.yahoo.com/news/gartner-identifies-top-10-strategic-170400008.html,1666026240,STORY
b74b8c70-495c-3b30-a89b-9a03a76d50b5,IT,2022-10-19,Gartner Says Organizations Should Use IT for Sustainable Growth In Turbulent Times,Business Wire,https://finance.yahoo.com/news/gartner-says-organizations-sustainable-growth-152000136.html,1666020000,STORY
8f9cf9fd-bcbd-3394-a9b8-36d6ad8afe0f,IT,2022-10-19,"Gartner to Report Third Quarter 2022 Financial Results on November 1, 2022",Business Wire,https://finance.yahoo.com/news/gartner-report-third-quarter-2022-120000233.html,1666008000,STORY
529e0989-a052-3bd8-b9b3-ad3d37bb2494,IT,2022-10-19,Computer Buyers Curtail Purchases After Pandemic Splurge,The Wall Street Journal,https://finance.yahoo.com/m/529e0989-a052-3bd8-b9b3-ad3d37bb2494/computer-buyers-curtail.html,1665739800,STORY
0d0b2269-10f9-3000-83b4-cfef9e6b9b92,IT,2022-10-19,How to Find Strong Business Services Stocks Slated for Positive Earnings Surprises,Zacks,https://finance.yahoo.com/news/strong-business-services-stocks-slated-130001605.html,1665666001,STORY
654ac076-c7ae-3e42-ab41-10804a2cf38c,IT,2022-10-19,"Gartner Announces Gartner IT Infrastructure, Operations & Cloud Strategies Conference 2022",Business Wire,https://finance.yahoo.com/news/gartner-announces-gartner-infrastructure-operations-134700541.html,1665582420,STORY
580c35ec-24ba-3bce-a88e-616fcaa77316,IT,2022-10-19,"The Zacks Analyst Blog Highlights HP, Dell, Apple and Lenovo",Zacks,https://finance.yahoo.com/news/zacks-analyst-blog-highlights-hp-105610824.html,1665572170,STORY
be988ef2-5be5-30c7-b458-29fca6bed8d7,IT,2022-10-20,Gartner Says 89% of Board Directors Say Digital is Embedded in All Business Growth Strategies,Business Wire,https://finance.yahoo.com/news/gartner-says-89-board-directors-182900166.html,1666204140,STORY
60b0f395-c312-3081-8264-843b50749d4d,IT,2022-10-20,Gartner Forecasts Worldwide IT Spending to Grow 5.1% in 2023,Business Wire,https://finance.yahoo.com/news/gartner-forecasts-worldwide-spending-grow-132700202.html,1666186020,STORY
3ec63b05-78ab-35e8-8e8a-ae5e885e58b1,IT,2022-10-20,Xerox (XRX) Gears Up for Q3 Earnings: What's in the Cards?,Zacks,https://finance.yahoo.com/news/xerox-xrx-gears-q3-earnings-132601006.html,1666185961,STORY
acabdaa7-e477-3167-910f-648228c0e721,IT,2022-10-20,Why DocuSign Stock Shot Nearly 5% Higher Today,Motley Fool,https://finance.yahoo.com/m/acabdaa7-e477-3167-910f-648228c0e721/why-docusign-stock-shot.html,1666040880,STORY
1d3fed83-9b17-330a-8ca2-865771995196,IT,2022-10-20,Gartner Identifies the Top 10 Strategic Technology Trends for 2023,Business Wire,https://finance.yahoo.com/news/gartner-identifies-top-10-strategic-170400008.html,1666026240,STORY
b74b8c70-495c-3b30-a89b-9a03a76d50b5,IT,2022-10-20,Gartner Says Organizations Should Use IT for Sustainable Growth In Turbulent Times,Business Wire,https://finance.yahoo.com/news/gartner-says-organizations-sustainable-growth-152000136.html,1666020000,STORY
8f9cf9fd-bcbd-3394-a9b8-36d6ad8afe0f,IT,2022-10-20,"Gartner to Report Third Quarter 2022 Financial Results on November 1, 2022",Business Wire,https://finance.yahoo.com/news/gartner-report-third-quarter-2022-120000233.html,1666008000,STORY
529e0989-a052-3bd8-b9b3-ad3d37bb2494,IT,2022-10-20,Computer Buyers Curtail Purchases After Pandemic Splurge,The Wall Street Journal,https://finance.yahoo.com/m/529e0989-a052-3bd8-b9b3-ad3d37bb2494/computer-buyers-curtail.html,1665739800,STORY
be988ef2-5be5-30c7-b458-29fca6bed8d7,IT,2022-10-21,Gartner Says 89% of Board Directors Say Digital is Embedded in All Business Growth Strategies,Business Wire,https://finance.yahoo.com/news/gartner-says-89-board-directors-182900166.html,1666204140,STORY
60b0f395-c312-3081-8264-843b50749d4d,IT,2022-10-21,Gartner Forecasts Worldwide IT Spending to Grow 5.1% in 2023,Business Wire,https://finance.yahoo.com/news/gartner-forecasts-worldwide-spending-grow-132700202.html,1666186020,STORY
3ec63b05-78ab-35e8-8e8a-ae5e885e58b1,IT,2022-10-21,Xerox (XRX) Gears Up for Q3 Earnings: What's in the Cards?,Zacks,https://finance.yahoo.com/news/xerox-xrx-gears-q3-earnings-132601006.html,1666185961,STORY
acabdaa7-e477-3167-910f-648228c0e721,IT,2022-10-21,Why DocuSign Stock Shot Nearly 5% Higher Today,Motley Fool,https://finance.yahoo.com/m/acabdaa7-e477-3167-910f-648228c0e721/why-docusign-stock-shot.html,1666040880,STORY
1d3fed83-9b17-330a-8ca2-865771995196,IT,2022-10-21,Gartner Identifies the Top 10 Strategic Technology Trends for 2023,Business Wire,https://finance.yahoo.com/news/gartner-identifies-top-10-strategic-170400008.html,1666026240,STORY
b74b8c70-495c-3b30-a89b-9a03a76d50b5,IT,2022-10-21,Gartner Says Organizations Should Use IT for Sustainable Growth In Turbulent Times,Business Wire,https://finance.yahoo.com/news/gartner-says-organizations-sustainable-growth-152000136.html,1666020000,STORY
8f9cf9fd-bcbd-3394-a9b8-36d6ad8afe0f,IT,2022-10-21,"Gartner to Report Third Quarter 2022 Financial Results on November 1, 2022",Business Wire,https://finance.yahoo.com/news/gartner-report-third-quarter-2022-120000233.html,1666008000,STORY
529e0989-a052-3bd8-b9b3-ad3d37bb2494,IT,2022-10-21,Computer Buyers Curtail Purchases After Pandemic Splurge,The Wall Street Journal,https://finance.yahoo.com/m/529e0989-a052-3bd8-b9b3-ad3d37bb2494/computer-buyers-curtail.html,1665739800,STORY
be988ef2-5be5-30c7-b458-29fca6bed8d7,IT,2022-10-22,Gartner Says 89% of Board Directors Say Digital is Embedded in All Business Growth Strategies,Business Wire,https://finance.yahoo.com/news/gartner-says-89-board-directors-182900166.html,1666204140,STORY
60b0f395-c312-3081-8264-843b50749d4d,IT,2022-10-22,Gartner Forecasts Worldwide IT Spending to Grow 5.1% in 2023,Business Wire,https://finance.yahoo.com/news/gartner-forecasts-worldwide-spending-grow-132700202.html,1666186020,STORY
3ec63b05-78ab-35e8-8e8a-ae5e885e58b1,IT,2022-10-22,Xerox (XRX) Gears Up for Q3 Earnings: What's in the Cards?,Zacks,https://finance.yahoo.com/news/xerox-xrx-gears-q3-earnings-132601006.html,1666185961,STORY
acabdaa7-e477-3167-910f-648228c0e721,IT,2022-10-22,Why DocuSign Stock Shot Nearly 5% Higher Today,Motley Fool,https://finance.yahoo.com/m/acabdaa7-e477-3167-910f-648228c0e721/why-docusign-stock-shot.html,1666040880,STORY
1d3fed83-9b17-330a-8ca2-865771995196,IT,2022-10-22,Gartner Identifies the Top 10 Strategic Technology Trends for 2023,Business Wire,https://finance.yahoo.com/news/gartner-identifies-top-10-strategic-170400008.html,1666026240,STORY
b74b8c70-495c-3b30-a89b-9a03a76d50b5,IT,2022-10-22,Gartner Says Organizations Should Use IT for Sustainable Growth In Turbulent Times,Business Wire,https://finance.yahoo.com/news/gartner-says-organizations-sustainable-growth-152000136.html,1666020000,STORY
8f9cf9fd-bcbd-3394-a9b8-36d6ad8afe0f,IT,2022-10-22,"Gartner to Report Third Quarter 2022 Financial Results on November 1, 2022",Business Wire,https://finance.yahoo.com/news/gartner-report-third-quarter-2022-120000233.html,1666008000,STORY
529e0989-a052-3bd8-b9b3-ad3d37bb2494,IT,2022-10-22,Computer Buyers Curtail Purchases After Pandemic Splurge,The Wall Street Journal,https://finance.yahoo.com/m/529e0989-a052-3bd8-b9b3-ad3d37bb2494/computer-buyers-curtail.html,1665739800,STORY
39623cb9-41ab-321a-b76d-17c188a50894,IT,2022-10-23,Why We Like The Returns At Gartner (NYSE:IT),Simply Wall St.,https://finance.yahoo.com/news/why-returns-gartner-nyse-144257638.html,1666449777,STORY
be988ef2-5be5-30c7-b458-29fca6bed8d7,IT,2022-10-23,Gartner Says 89% of Board Directors Say Digital is Embedded in All Business Growth Strategies,Business Wire,https://finance.yahoo.com/news/gartner-says-89-board-directors-182900166.html,1666204140,STORY
60b0f395-c312-3081-8264-843b50749d4d,IT,2022-10-23,Gartner Forecasts Worldwide IT Spending to Grow 5.1% in 2023,Business Wire,https://finance.yahoo.com/news/gartner-forecasts-worldwide-spending-grow-132700202.html,1666186020,STORY
3ec63b05-78ab-35e8-8e8a-ae5e885e58b1,IT,2022-10-23,Xerox (XRX) Gears Up for Q3 Earnings: What's in the Cards?,Zacks,https://finance.yahoo.com/news/xerox-xrx-gears-q3-earnings-132601006.html,1666185961,STORY
acabdaa7-e477-3167-910f-648228c0e721,IT,2022-10-23,Why DocuSign Stock Shot Nearly 5% Higher Today,Motley Fool,https://finance.yahoo.com/m/acabdaa7-e477-3167-910f-648228c0e721/why-docusign-stock-shot.html,1666040880,STORY
1d3fed83-9b17-330a-8ca2-865771995196,IT,2022-10-23,Gartner Identifies the Top 10 Strategic Technology Trends for 2023,Business Wire,https://finance.yahoo.com/news/gartner-identifies-top-10-strategic-170400008.html,1666026240,STORY
b74b8c70-495c-3b30-a89b-9a03a76d50b5,IT,2022-10-23,Gartner Says Organizations Should Use IT for Sustainable Growth In Turbulent Times,Business Wire,https://finance.yahoo.com/news/gartner-says-organizations-sustainable-growth-152000136.html,1666020000,STORY
8f9cf9fd-bcbd-3394-a9b8-36d6ad8afe0f,IT,2022-10-23,"Gartner to Report Third Quarter 2022 Financial Results on November 1, 2022",Business Wire,https://finance.yahoo.com/news/gartner-report-third-quarter-2022-120000233.html,1666008000,STORY
39623cb9-41ab-321a-b76d-17c188a50894,IT,2022-10-24,Why We Like The Returns At Gartner (NYSE:IT),Simply Wall St.,https://finance.yahoo.com/news/why-returns-gartner-nyse-144257638.html,1666449777,STORY
be988ef2-5be5-30c7-b458-29fca6bed8d7,IT,2022-10-24,Gartner Says 89% of Board Directors Say Digital is Embedded in All Business Growth Strategies,Business Wire,https://finance.yahoo.com/news/gartner-says-89-board-directors-182900166.html,1666204140,STORY
60b0f395-c312-3081-8264-843b50749d4d,IT,2022-10-24,Gartner Forecasts Worldwide IT Spending to Grow 5.1% in 2023,Business Wire,https://finance.yahoo.com/news/gartner-forecasts-worldwide-spending-grow-132700202.html,1666186020,STORY
3ec63b05-78ab-35e8-8e8a-ae5e885e58b1,IT,2022-10-24,Xerox (XRX) Gears Up for Q3 Earnings: What's in the Cards?,Zacks,https://finance.yahoo.com/news/xerox-xrx-gears-q3-earnings-132601006.html,1666185961,STORY
acabdaa7-e477-3167-910f-648228c0e721,IT,2022-10-24,Why DocuSign Stock Shot Nearly 5% Higher Today,Motley Fool,https://finance.yahoo.com/m/acabdaa7-e477-3167-910f-648228c0e721/why-docusign-stock-shot.html,1666040880,STORY
1d3fed83-9b17-330a-8ca2-865771995196,IT,2022-10-24,Gartner Identifies the Top 10 Strategic Technology Trends for 2023,Business Wire,https://finance.yahoo.com/news/gartner-identifies-top-10-strategic-170400008.html,1666026240,STORY
b74b8c70-495c-3b30-a89b-9a03a76d50b5,IT,2022-10-24,Gartner Says Organizations Should Use IT for Sustainable Growth In Turbulent Times,Business Wire,https://finance.yahoo.com/news/gartner-says-organizations-sustainable-growth-152000136.html,1666020000,STORY
8f9cf9fd-bcbd-3394-a9b8-36d6ad8afe0f,IT,2022-10-24,"Gartner to Report Third Quarter 2022 Financial Results on November 1, 2022",Business Wire,https://finance.yahoo.com/news/gartner-report-third-quarter-2022-120000233.html,1666008000,STORY
f5d9ddaf-6be7-38bb-b4db-3ec168a409d6,IT,2022-10-25,Baron Asset Fund’s Top Contributor: Gartner (IT),Insider Monkey,https://finance.yahoo.com/news/baron-asset-fund-top-contributor-145805423.html,1666623485,STORY
39623cb9-41ab-321a-b76d-17c188a50894,IT,2022-10-25,Why We Like The Returns At Gartner (NYSE:IT),Simply Wall St.,https://finance.yahoo.com/news/why-returns-gartner-nyse-144257638.html,1666449777,STORY
be988ef2-5be5-30c7-b458-29fca6bed8d7,IT,2022-10-25,Gartner Says 89% of Board Directors Say Digital is Embedded in All Business Growth Strategies,Business Wire,https://finance.yahoo.com/news/gartner-says-89-board-directors-182900166.html,1666204140,STORY
60b0f395-c312-3081-8264-843b50749d4d,IT,2022-10-25,Gartner Forecasts Worldwide IT Spending to Grow 5.1% in 2023,Business Wire,https://finance.yahoo.com/news/gartner-forecasts-worldwide-spending-grow-132700202.html,1666186020,STORY
3ec63b05-78ab-35e8-8e8a-ae5e885e58b1,IT,2022-10-25,Xerox (XRX) Gears Up for Q3 Earnings: What's in the Cards?,Zacks,https://finance.yahoo.com/news/xerox-xrx-gears-q3-earnings-132601006.html,1666185961,STORY
acabdaa7-e477-3167-910f-648228c0e721,IT,2022-10-25,Why DocuSign Stock Shot Nearly 5% Higher Today,Motley Fool,https://finance.yahoo.com/m/acabdaa7-e477-3167-910f-648228c0e721/why-docusign-stock-shot.html,1666040880,STORY
1d3fed83-9b17-330a-8ca2-865771995196,IT,2022-10-25,Gartner Identifies the Top 10 Strategic Technology Trends for 2023,Business Wire,https://finance.yahoo.com/news/gartner-identifies-top-10-strategic-170400008.html,1666026240,STORY
b74b8c70-495c-3b30-a89b-9a03a76d50b5,IT,2022-10-25,Gartner Says Organizations Should Use IT for Sustainable Growth In Turbulent Times,Business Wire,https://finance.yahoo.com/news/gartner-says-organizations-sustainable-growth-152000136.html,1666020000,STORY
933b97c5-d677-31a3-8ac9-62e8ae67d4e0,IT,2022-10-26,Gartner (IT) Expected to Beat Earnings Estimates: Should You Buy?,Zacks,https://finance.yahoo.com/news/gartner-expected-beat-earnings-estimates-140202795.html,1666706522,STORY
f5d9ddaf-6be7-38bb-b4db-3ec168a409d6,IT,2022-10-26,Baron Asset Fund’s Top Contributor: Gartner (IT),Insider Monkey,https://finance.yahoo.com/news/baron-asset-fund-top-contributor-145805423.html,1666623485,STORY
39623cb9-41ab-321a-b76d-17c188a50894,IT,2022-10-26,Why We Like The Returns At Gartner (NYSE:IT),Simply Wall St.,https://finance.yahoo.com/news/why-returns-gartner-nyse-144257638.html,1666449777,STORY
be988ef2-5be5-30c7-b458-29fca6bed8d7,IT,2022-10-26,Gartner Says 89% of Board Directors Say Digital is Embedded in All Business Growth Strategies,Business Wire,https://finance.yahoo.com/news/gartner-says-89-board-directors-182900166.html,1666204140,STORY
60b0f395-c312-3081-8264-843b50749d4d,IT,2022-10-26,Gartner Forecasts Worldwide IT Spending to Grow 5.1% in 2023,Business Wire,https://finance.yahoo.com/news/gartner-forecasts-worldwide-spending-grow-132700202.html,1666186020,STORY
3ec63b05-78ab-35e8-8e8a-ae5e885e58b1,IT,2022-10-26,Xerox (XRX) Gears Up for Q3 Earnings: What's in the Cards?,Zacks,https://finance.yahoo.com/news/xerox-xrx-gears-q3-earnings-132601006.html,1666185961,STORY
acabdaa7-e477-3167-910f-648228c0e721,IT,2022-10-26,Why DocuSign Stock Shot Nearly 5% Higher Today,Motley Fool,https://finance.yahoo.com/m/acabdaa7-e477-3167-910f-648228c0e721/why-docusign-stock-shot.html,1666040880,STORY
1d3fed83-9b17-330a-8ca2-865771995196,IT,2022-10-26,Gartner Identifies the Top 10 Strategic Technology Trends for 2023,Business Wire,https://finance.yahoo.com/news/gartner-identifies-top-10-strategic-170400008.html,1666026240,STORY
933b97c5-d677-31a3-8ac9-62e8ae67d4e0,IT,2022-10-27,Gartner (IT) Expected to Beat Earnings Estimates: Should You Buy?,Zacks,https://finance.yahoo.com/news/gartner-expected-beat-earnings-estimates-140202795.html,1666706522,STORY
f5d9ddaf-6be7-38bb-b4db-3ec168a409d6,IT,2022-10-27,Baron Asset Fund’s Top Contributor: Gartner (IT),Insider Monkey,https://finance.yahoo.com/news/baron-asset-fund-top-contributor-145805423.html,1666623485,STORY
39623cb9-41ab-321a-b76d-17c188a50894,IT,2022-10-27,Why We Like The Returns At Gartner (NYSE:IT),Simply Wall St.,https://finance.yahoo.com/news/why-returns-gartner-nyse-144257638.html,1666449777,STORY
be988ef2-5be5-30c7-b458-29fca6bed8d7,IT,2022-10-27,Gartner Says 89% of Board Directors Say Digital is Embedded in All Business Growth Strategies,Business Wire,https://finance.yahoo.com/news/gartner-says-89-board-directors-182900166.html,1666204140,STORY
60b0f395-c312-3081-8264-843b50749d4d,IT,2022-10-27,Gartner Forecasts Worldwide IT Spending to Grow 5.1% in 2023,Business Wire,https://finance.yahoo.com/news/gartner-forecasts-worldwide-spending-grow-132700202.html,1666186020,STORY
3ec63b05-78ab-35e8-8e8a-ae5e885e58b1,IT,2022-10-27,Xerox (XRX) Gears Up for Q3 Earnings: What's in the Cards?,Zacks,https://finance.yahoo.com/news/xerox-xrx-gears-q3-earnings-132601006.html,1666185961,STORY
acabdaa7-e477-3167-910f-648228c0e721,IT,2022-10-27,Why DocuSign Stock Shot Nearly 5% Higher Today,Motley Fool,https://finance.yahoo.com/m/acabdaa7-e477-3167-910f-648228c0e721/why-docusign-stock-shot.html,1666040880,STORY
1d3fed83-9b17-330a-8ca2-865771995196,IT,2022-10-27,Gartner Identifies the Top 10 Strategic Technology Trends for 2023,Business Wire,https://finance.yahoo.com/news/gartner-identifies-top-10-strategic-170400008.html,1666026240,STORY
3c6bacd4-4c02-3bd1-9106-c1c91d86052e,IT,2022-10-28,Intel Confirms Chipmakers' Problems Are Worsening,TheStreet.com,https://finance.yahoo.com/m/3c6bacd4-4c02-3bd1-9106-c1c91d86052e/intel-confirms-chipmakers%27.html,1666906860,STORY
933b97c5-d677-31a3-8ac9-62e8ae67d4e0,IT,2022-10-28,Gartner (IT) Expected to Beat Earnings Estimates: Should You Buy?,Zacks,https://finance.yahoo.com/news/gartner-expected-beat-earnings-estimates-140202795.html,1666706522,STORY
f5d9ddaf-6be7-38bb-b4db-3ec168a409d6,IT,2022-10-28,Baron Asset Fund’s Top Contributor: Gartner (IT),Insider Monkey,https://finance.yahoo.com/news/baron-asset-fund-top-contributor-145805423.html,1666623485,STORY
39623cb9-41ab-321a-b76d-17c188a50894,IT,2022-10-28,Why We Like The Returns At Gartner (NYSE:IT),Simply Wall St.,https://finance.yahoo.com/news/why-returns-gartner-nyse-144257638.html,1666449777,STORY
be988ef2-5be5-30c7-b458-29fca6bed8d7,IT,2022-10-28,Gartner Says 89% of Board Directors Say Digital is Embedded in All Business Growth Strategies,Business Wire,https://finance.yahoo.com/news/gartner-says-89-board-directors-182900166.html,1666204140,STORY
60b0f395-c312-3081-8264-843b50749d4d,IT,2022-10-28,Gartner Forecasts Worldwide IT Spending to Grow 5.1% in 2023,Business Wire,https://finance.yahoo.com/news/gartner-forecasts-worldwide-spending-grow-132700202.html,1666186020,STORY
3ec63b05-78ab-35e8-8e8a-ae5e885e58b1,IT,2022-10-28,Xerox (XRX) Gears Up for Q3 Earnings: What's in the Cards?,Zacks,https://finance.yahoo.com/news/xerox-xrx-gears-q3-earnings-132601006.html,1666185961,STORY
acabdaa7-e477-3167-910f-648228c0e721,IT,2022-10-28,Why DocuSign Stock Shot Nearly 5% Higher Today,Motley Fool,https://finance.yahoo.com/m/acabdaa7-e477-3167-910f-648228c0e721/why-docusign-stock-shot.html,1666040880,STORY
3c6bacd4-4c02-3bd1-9106-c1c91d86052e,IT,2022-10-29,Intel Confirms Chipmakers' Problems Are Worsening,TheStreet.com,https://finance.yahoo.com/m/3c6bacd4-4c02-3bd1-9106-c1c91d86052e/intel-confirms-chipmakers%27.html,1666906860,STORY
5b1a613e-2c4b-3c56-b447-b719786347d1,IT,2022-10-29,8 Undervalued Reddit Stocks to Buy Before Wall Street Catches On,InvestorPlace,https://finance.yahoo.com/news/7-undervalued-reddit-stocks-buy-210017197.html,1666717517,STORY
933b97c5-d677-31a3-8ac9-62e8ae67d4e0,IT,2022-10-29,Gartner (IT) Expected to Beat Earnings Estimates: Should You Buy?,Zacks,https://finance.yahoo.com/news/gartner-expected-beat-earnings-estimates-140202795.html,1666706522,STORY
f5d9ddaf-6be7-38bb-b4db-3ec168a409d6,IT,2022-10-29,Baron Asset Fund’s Top Contributor: Gartner (IT),Insider Monkey,https://finance.yahoo.com/news/baron-asset-fund-top-contributor-145805423.html,1666623485,STORY
39623cb9-41ab-321a-b76d-17c188a50894,IT,2022-10-29,Why We Like The Returns At Gartner (NYSE:IT),Simply Wall St.,https://finance.yahoo.com/news/why-returns-gartner-nyse-144257638.html,1666449777,STORY
be988ef2-5be5-30c7-b458-29fca6bed8d7,IT,2022-10-29,Gartner Says 89% of Board Directors Say Digital is Embedded in All Business Growth Strategies,Business Wire,https://finance.yahoo.com/news/gartner-says-89-board-directors-182900166.html,1666204140,STORY
60b0f395-c312-3081-8264-843b50749d4d,IT,2022-10-29,Gartner Forecasts Worldwide IT Spending to Grow 5.1% in 2023,Business Wire,https://finance.yahoo.com/news/gartner-forecasts-worldwide-spending-grow-132700202.html,1666186020,STORY
3ec63b05-78ab-35e8-8e8a-ae5e885e58b1,IT,2022-10-29,Xerox (XRX) Gears Up for Q3 Earnings: What's in the Cards?,Zacks,https://finance.yahoo.com/news/xerox-xrx-gears-q3-earnings-132601006.html,1666185961,STORY
3c6bacd4-4c02-3bd1-9106-c1c91d86052e,IT,2022-10-30,Intel Confirms Chipmakers' Problems Are Worsening,TheStreet.com,https://finance.yahoo.com/m/3c6bacd4-4c02-3bd1-9106-c1c91d86052e/intel-confirms-chipmakers%27.html,1666906860,STORY
5b1a613e-2c4b-3c56-b447-b719786347d1,IT,2022-10-30,8 Undervalued Reddit Stocks to Buy Before Wall Street Catches On,InvestorPlace,https://finance.yahoo.com/news/7-undervalued-reddit-stocks-buy-210017197.html,1666717517,STORY
933b97c5-d677-31a3-8ac9-62e8ae67d4e0,IT,2022-10-30,Gartner (IT) Expected to Beat Earnings Estimates: Should You Buy?,Zacks,https://finance.yahoo.com/news/gartner-expected-beat-earnings-estimates-140202795.html,1666706522,STORY
f5d9ddaf-6be7-38bb-b4db-3ec168a409d6,IT,2022-10-30,Baron Asset Fund’s Top Contributor: Gartner (IT),Insider Monkey,https://finance.yahoo.com/news/baron-asset-fund-top-contributor-145805423.html,1666623485,STORY
39623cb9-41ab-321a-b76d-17c188a50894,IT,2022-10-30,Why We Like The Returns At Gartner (NYSE:IT),Simply Wall St.,https://finance.yahoo.com/news/why-returns-gartner-nyse-144257638.html,1666449777,STORY
be988ef2-5be5-30c7-b458-29fca6bed8d7,IT,2022-10-30,Gartner Says 89% of Board Directors Say Digital is Embedded in All Business Growth Strategies,Business Wire,https://finance.yahoo.com/news/gartner-says-89-board-directors-182900166.html,1666204140,STORY
60b0f395-c312-3081-8264-843b50749d4d,IT,2022-10-30,Gartner Forecasts Worldwide IT Spending to Grow 5.1% in 2023,Business Wire,https://finance.yahoo.com/news/gartner-forecasts-worldwide-spending-grow-132700202.html,1666186020,STORY
3ec63b05-78ab-35e8-8e8a-ae5e885e58b1,IT,2022-10-30,Xerox (XRX) Gears Up for Q3 Earnings: What's in the Cards?,Zacks,https://finance.yahoo.com/news/xerox-xrx-gears-q3-earnings-132601006.html,1666185961,STORY
3c6bacd4-4c02-3bd1-9106-c1c91d86052e,IT,2022-10-31,Intel Confirms Chipmakers' Problems Are Worsening,TheStreet.com,https://finance.yahoo.com/m/3c6bacd4-4c02-3bd1-9106-c1c91d86052e/intel-confirms-chipmakers%27.html,1666906860,STORY
5b1a613e-2c4b-3c56-b447-b719786347d1,IT,2022-10-31,8 Undervalued Reddit Stocks to Buy Before Wall Street Catches On,InvestorPlace,https://finance.yahoo.com/news/7-undervalued-reddit-stocks-buy-210017197.html,1666717517,STORY
933b97c5-d677-31a3-8ac9-62e8ae67d4e0,IT,2022-10-31,Gartner (IT) Expected to Beat Earnings Estimates: Should You Buy?,Zacks,https://finance.yahoo.com/news/gartner-expected-beat-earnings-estimates-140202795.html,1666706522,STORY
f5d9ddaf-6be7-38bb-b4db-3ec168a409d6,IT,2022-10-31,Baron Asset Fund’s Top Contributor: Gartner (IT),Insider Monkey,https://finance.yahoo.com/news/baron-asset-fund-top-contributor-145805423.html,1666623485,STORY
39623cb9-41ab-321a-b76d-17c188a50894,IT,2022-10-31,Why We Like The Returns At Gartner (NYSE:IT),Simply Wall St.,https://finance.yahoo.com/news/why-returns-gartner-nyse-144257638.html,1666449777,STORY
be988ef2-5be5-30c7-b458-29fca6bed8d7,IT,2022-10-31,Gartner Says 89% of Board Directors Say Digital is Embedded in All Business Growth Strategies,Business Wire,https://finance.yahoo.com/news/gartner-says-89-board-directors-182900166.html,1666204140,STORY
60b0f395-c312-3081-8264-843b50749d4d,IT,2022-10-31,Gartner Forecasts Worldwide IT Spending to Grow 5.1% in 2023,Business Wire,https://finance.yahoo.com/news/gartner-forecasts-worldwide-spending-grow-132700202.html,1666186020,STORY
3ec63b05-78ab-35e8-8e8a-ae5e885e58b1,IT,2022-10-31,Xerox (XRX) Gears Up for Q3 Earnings: What's in the Cards?,Zacks,https://finance.yahoo.com/news/xerox-xrx-gears-q3-earnings-132601006.html,1666185961,STORY
2251f670-1ec8-3c10-85d2-4cc98e7c2cc2,IT,2022-11-1,Gartner (IT) Q3 Earnings and Revenues Surpass Estimates,Zacks,https://finance.yahoo.com/news/gartner-q3-earnings-revenues-surpass-111511326.html,1667301311,STORY
a97572db-d2d0-308c-a734-5f37058f5c84,IT,2022-11-1,Gartner Reports Third Quarter 2022 Financial Results,Business Wire,https://finance.yahoo.com/news/gartner-reports-third-quarter-2022-100000156.html,1667296800,STORY
3c6bacd4-4c02-3bd1-9106-c1c91d86052e,IT,2022-11-1,Intel Confirms Chipmakers' Problems Are Worsening,TheStreet.com,https://finance.yahoo.com/m/3c6bacd4-4c02-3bd1-9106-c1c91d86052e/intel-confirms-chipmakers%27.html,1666906860,STORY
5b1a613e-2c4b-3c56-b447-b719786347d1,IT,2022-11-1,8 Undervalued Reddit Stocks to Buy Before Wall Street Catches On,InvestorPlace,https://finance.yahoo.com/news/7-undervalued-reddit-stocks-buy-210017197.html,1666717517,STORY
933b97c5-d677-31a3-8ac9-62e8ae67d4e0,IT,2022-11-1,Gartner (IT) Expected to Beat Earnings Estimates: Should You Buy?,Zacks,https://finance.yahoo.com/news/gartner-expected-beat-earnings-estimates-140202795.html,1666706522,STORY
f5d9ddaf-6be7-38bb-b4db-3ec168a409d6,IT,2022-11-1,Baron Asset Fund’s Top Contributor: Gartner (IT),Insider Monkey,https://finance.yahoo.com/news/baron-asset-fund-top-contributor-145805423.html,1666623485,STORY
39623cb9-41ab-321a-b76d-17c188a50894,IT,2022-11-1,Why We Like The Returns At Gartner (NYSE:IT),Simply Wall St.,https://finance.yahoo.com/news/why-returns-gartner-nyse-144257638.html,1666449777,STORY
be988ef2-5be5-30c7-b458-29fca6bed8d7,IT,2022-11-1,Gartner Says 89% of Board Directors Say Digital is Embedded in All Business Growth Strategies,Business Wire,https://finance.yahoo.com/news/gartner-says-89-board-directors-182900166.html,1666204140,STORY
450d00d1-6210-3ca4-a3c8-c426272d1379,IT,2022-11-2,Top 10 Gainers Today,Insider Monkey,https://finance.yahoo.com/news/top-10-gainers-today-222902570.html,1667341742,STORY
f2374bdb-84aa-35d3-b2de-c53c298dbad3,IT,2022-11-2,"Gartner (IT) Q3 Earnings Beat Estimates, 2022 EPS Guidance Up",Zacks,https://finance.yahoo.com/news/gartner-q3-earnings-beat-estimates-210509693.html,1667336709,STORY
2251f670-1ec8-3c10-85d2-4cc98e7c2cc2,IT,2022-11-2,Gartner (IT) Q3 Earnings and Revenues Surpass Estimates,Zacks,https://finance.yahoo.com/news/gartner-q3-earnings-revenues-surpass-111511326.html,1667301311,STORY
a97572db-d2d0-308c-a734-5f37058f5c84,IT,2022-11-2,Gartner Reports Third Quarter 2022 Financial Results,Business Wire,https://finance.yahoo.com/news/gartner-reports-third-quarter-2022-100000156.html,1667296800,STORY
3c6bacd4-4c02-3bd1-9106-c1c91d86052e,IT,2022-11-2,Intel Confirms Chipmakers' Problems Are Worsening,TheStreet.com,https://finance.yahoo.com/m/3c6bacd4-4c02-3bd1-9106-c1c91d86052e/intel-confirms-chipmakers%27.html,1666906860,STORY
5b1a613e-2c4b-3c56-b447-b719786347d1,IT,2022-11-2,8 Undervalued Reddit Stocks to Buy Before Wall Street Catches On,InvestorPlace,https://finance.yahoo.com/news/7-undervalued-reddit-stocks-buy-210017197.html,1666717517,STORY
933b97c5-d677-31a3-8ac9-62e8ae67d4e0,IT,2022-11-2,Gartner (IT) Expected to Beat Earnings Estimates: Should You Buy?,Zacks,https://finance.yahoo.com/news/gartner-expected-beat-earnings-estimates-140202795.html,1666706522,STORY
f5d9ddaf-6be7-38bb-b4db-3ec168a409d6,IT,2022-11-2,Baron Asset Fund’s Top Contributor: Gartner (IT),Insider Monkey,https://finance.yahoo.com/news/baron-asset-fund-top-contributor-145805423.html,1666623485,STORY
450d00d1-6210-3ca4-a3c8-c426272d1379,IT,2022-11-3,Top 10 Gainers Today,Insider Monkey,https://finance.yahoo.com/news/top-10-gainers-today-222902570.html,1667341742,STORY
f2374bdb-84aa-35d3-b2de-c53c298dbad3,IT,2022-11-3,"Gartner (IT) Q3 Earnings Beat Estimates, 2022 EPS Guidance Up",Zacks,https://finance.yahoo.com/news/gartner-q3-earnings-beat-estimates-210509693.html,1667336709,STORY
2251f670-1ec8-3c10-85d2-4cc98e7c2cc2,IT,2022-11-3,Gartner (IT) Q3 Earnings and Revenues Surpass Estimates,Zacks,https://finance.yahoo.com/news/gartner-q3-earnings-revenues-surpass-111511326.html,1667301311,STORY
a97572db-d2d0-308c-a734-5f37058f5c84,IT,2022-11-3,Gartner Reports Third Quarter 2022 Financial Results,Business Wire,https://finance.yahoo.com/news/gartner-reports-third-quarter-2022-100000156.html,1667296800,STORY
3c6bacd4-4c02-3bd1-9106-c1c91d86052e,IT,2022-11-3,Intel Confirms Chipmakers' Problems Are Worsening,TheStreet.com,https://finance.yahoo.com/m/3c6bacd4-4c02-3bd1-9106-c1c91d86052e/intel-confirms-chipmakers%27.html,1666906860,STORY
5b1a613e-2c4b-3c56-b447-b719786347d1,IT,2022-11-3,8 Undervalued Reddit Stocks to Buy Before Wall Street Catches On,InvestorPlace,https://finance.yahoo.com/news/7-undervalued-reddit-stocks-buy-210017197.html,1666717517,STORY
933b97c5-d677-31a3-8ac9-62e8ae67d4e0,IT,2022-11-3,Gartner (IT) Expected to Beat Earnings Estimates: Should You Buy?,Zacks,https://finance.yahoo.com/news/gartner-expected-beat-earnings-estimates-140202795.html,1666706522,STORY
f5d9ddaf-6be7-38bb-b4db-3ec168a409d6,IT,2022-11-3,Baron Asset Fund’s Top Contributor: Gartner (IT),Insider Monkey,https://finance.yahoo.com/news/baron-asset-fund-top-contributor-145805423.html,1666623485,STORY
450d00d1-6210-3ca4-a3c8-c426272d1379,IT,2022-11-4,Top 10 Gainers Today,Insider Monkey,https://finance.yahoo.com/news/top-10-gainers-today-222902570.html,1667341742,STORY
f2374bdb-84aa-35d3-b2de-c53c298dbad3,IT,2022-11-4,"Gartner (IT) Q3 Earnings Beat Estimates, 2022 EPS Guidance Up",Zacks,https://finance.yahoo.com/news/gartner-q3-earnings-beat-estimates-210509693.html,1667336709,STORY
2251f670-1ec8-3c10-85d2-4cc98e7c2cc2,IT,2022-11-4,Gartner (IT) Q3 Earnings and Revenues Surpass Estimates,Zacks,https://finance.yahoo.com/news/gartner-q3-earnings-revenues-surpass-111511326.html,1667301311,STORY
a97572db-d2d0-308c-a734-5f37058f5c84,IT,2022-11-4,Gartner Reports Third Quarter 2022 Financial Results,Business Wire,https://finance.yahoo.com/news/gartner-reports-third-quarter-2022-100000156.html,1667296800,STORY
3c6bacd4-4c02-3bd1-9106-c1c91d86052e,IT,2022-11-4,Intel Confirms Chipmakers' Problems Are Worsening,TheStreet.com,https://finance.yahoo.com/m/3c6bacd4-4c02-3bd1-9106-c1c91d86052e/intel-confirms-chipmakers%27.html,1666906860,STORY
5b1a613e-2c4b-3c56-b447-b719786347d1,IT,2022-11-4,8 Undervalued Reddit Stocks to Buy Before Wall Street Catches On,InvestorPlace,https://finance.yahoo.com/news/7-undervalued-reddit-stocks-buy-210017197.html,1666717517,STORY
933b97c5-d677-31a3-8ac9-62e8ae67d4e0,IT,2022-11-4,Gartner (IT) Expected to Beat Earnings Estimates: Should You Buy?,Zacks,https://finance.yahoo.com/news/gartner-expected-beat-earnings-estimates-140202795.html,1666706522,STORY
f5d9ddaf-6be7-38bb-b4db-3ec168a409d6,IT,2022-11-4,Baron Asset Fund’s Top Contributor: Gartner (IT),Insider Monkey,https://finance.yahoo.com/news/baron-asset-fund-top-contributor-145805423.html,1666623485,STORY
450d00d1-6210-3ca4-a3c8-c426272d1379,IT,2022-11-5,Top 10 Gainers Today,Insider Monkey,https://finance.yahoo.com/news/top-10-gainers-today-222902570.html,1667341742,STORY
f2374bdb-84aa-35d3-b2de-c53c298dbad3,IT,2022-11-5,"Gartner (IT) Q3 Earnings Beat Estimates, 2022 EPS Guidance Up",Zacks,https://finance.yahoo.com/news/gartner-q3-earnings-beat-estimates-210509693.html,1667336709,STORY
2251f670-1ec8-3c10-85d2-4cc98e7c2cc2,IT,2022-11-5,Gartner (IT) Q3 Earnings and Revenues Surpass Estimates,Zacks,https://finance.yahoo.com/news/gartner-q3-earnings-revenues-surpass-111511326.html,1667301311,STORY
a97572db-d2d0-308c-a734-5f37058f5c84,IT,2022-11-5,Gartner Reports Third Quarter 2022 Financial Results,Business Wire,https://finance.yahoo.com/news/gartner-reports-third-quarter-2022-100000156.html,1667296800,STORY
3c6bacd4-4c02-3bd1-9106-c1c91d86052e,IT,2022-11-5,Intel Confirms Chipmakers' Problems Are Worsening,TheStreet.com,https://finance.yahoo.com/m/3c6bacd4-4c02-3bd1-9106-c1c91d86052e/intel-confirms-chipmakers%27.html,1666906860,STORY
5b1a613e-2c4b-3c56-b447-b719786347d1,IT,2022-11-5,8 Undervalued Reddit Stocks to Buy Before Wall Street Catches On,InvestorPlace,https://finance.yahoo.com/news/7-undervalued-reddit-stocks-buy-210017197.html,1666717517,STORY
933b97c5-d677-31a3-8ac9-62e8ae67d4e0,IT,2022-11-5,Gartner (IT) Expected to Beat Earnings Estimates: Should You Buy?,Zacks,https://finance.yahoo.com/news/gartner-expected-beat-earnings-estimates-140202795.html,1666706522,STORY
f5d9ddaf-6be7-38bb-b4db-3ec168a409d6,IT,2022-11-5,Baron Asset Fund’s Top Contributor: Gartner (IT),Insider Monkey,https://finance.yahoo.com/news/baron-asset-fund-top-contributor-145805423.html,1666623485,STORY
450d00d1-6210-3ca4-a3c8-c426272d1379,IT,2022-11-6,Top 10 Gainers Today,Insider Monkey,https://finance.yahoo.com/news/top-10-gainers-today-222902570.html,1667341742,STORY
f2374bdb-84aa-35d3-b2de-c53c298dbad3,IT,2022-11-6,"Gartner (IT) Q3 Earnings Beat Estimates, 2022 EPS Guidance Up",Zacks,https://finance.yahoo.com/news/gartner-q3-earnings-beat-estimates-210509693.html,1667336709,STORY
2251f670-1ec8-3c10-85d2-4cc98e7c2cc2,IT,2022-11-6,Gartner (IT) Q3 Earnings and Revenues Surpass Estimates,Zacks,https://finance.yahoo.com/news/gartner-q3-earnings-revenues-surpass-111511326.html,1667301311,STORY
a97572db-d2d0-308c-a734-5f37058f5c84,IT,2022-11-6,Gartner Reports Third Quarter 2022 Financial Results,Business Wire,https://finance.yahoo.com/news/gartner-reports-third-quarter-2022-100000156.html,1667296800,STORY
3c6bacd4-4c02-3bd1-9106-c1c91d86052e,IT,2022-11-6,Intel Confirms Chipmakers' Problems Are Worsening,TheStreet.com,https://finance.yahoo.com/m/3c6bacd4-4c02-3bd1-9106-c1c91d86052e/intel-confirms-chipmakers%27.html,1666906860,STORY
5b1a613e-2c4b-3c56-b447-b719786347d1,IT,2022-11-6,8 Undervalued Reddit Stocks to Buy Before Wall Street Catches On,InvestorPlace,https://finance.yahoo.com/news/7-undervalued-reddit-stocks-buy-210017197.html,1666717517,STORY
933b97c5-d677-31a3-8ac9-62e8ae67d4e0,IT,2022-11-6,Gartner (IT) Expected to Beat Earnings Estimates: Should You Buy?,Zacks,https://finance.yahoo.com/news/gartner-expected-beat-earnings-estimates-140202795.html,1666706522,STORY
f5d9ddaf-6be7-38bb-b4db-3ec168a409d6,IT,2022-11-6,Baron Asset Fund’s Top Contributor: Gartner (IT),Insider Monkey,https://finance.yahoo.com/news/baron-asset-fund-top-contributor-145805423.html,1666623485,STORY
450d00d1-6210-3ca4-a3c8-c426272d1379,IT,2022-11-7,Top 10 Gainers Today,Insider Monkey,https://finance.yahoo.com/news/top-10-gainers-today-222902570.html,1667341742,STORY
f2374bdb-84aa-35d3-b2de-c53c298dbad3,IT,2022-11-7,"Gartner (IT) Q3 Earnings Beat Estimates, 2022 EPS Guidance Up",Zacks,https://finance.yahoo.com/news/gartner-q3-earnings-beat-estimates-210509693.html,1667336709,STORY
2251f670-1ec8-3c10-85d2-4cc98e7c2cc2,IT,2022-11-7,Gartner (IT) Q3 Earnings and Revenues Surpass Estimates,Zacks,https://finance.yahoo.com/news/gartner-q3-earnings-revenues-surpass-111511326.html,1667301311,STORY
a97572db-d2d0-308c-a734-5f37058f5c84,IT,2022-11-7,Gartner Reports Third Quarter 2022 Financial Results,Business Wire,https://finance.yahoo.com/news/gartner-reports-third-quarter-2022-100000156.html,1667296800,STORY
3c6bacd4-4c02-3bd1-9106-c1c91d86052e,IT,2022-11-7,Intel Confirms Chipmakers' Problems Are Worsening,TheStreet.com,https://finance.yahoo.com/m/3c6bacd4-4c02-3bd1-9106-c1c91d86052e/intel-confirms-chipmakers%27.html,1666906860,STORY
5b1a613e-2c4b-3c56-b447-b719786347d1,IT,2022-11-7,8 Undervalued Reddit Stocks to Buy Before Wall Street Catches On,InvestorPlace,https://finance.yahoo.com/news/7-undervalued-reddit-stocks-buy-210017197.html,1666717517,STORY
933b97c5-d677-31a3-8ac9-62e8ae67d4e0,IT,2022-11-7,Gartner (IT) Expected to Beat Earnings Estimates: Should You Buy?,Zacks,https://finance.yahoo.com/news/gartner-expected-beat-earnings-estimates-140202795.html,1666706522,STORY
f5d9ddaf-6be7-38bb-b4db-3ec168a409d6,IT,2022-11-7,Baron Asset Fund’s Top Contributor: Gartner (IT),Insider Monkey,https://finance.yahoo.com/news/baron-asset-fund-top-contributor-145805423.html,1666623485,STORY
1f5608d8-e880-303a-a2de-bc96b8dc411d,IT,2022-11-8,Gartner Third Quarter 2022 Earnings: Beats Expectations,Simply Wall St.,https://finance.yahoo.com/news/gartner-third-quarter-2022-earnings-112035109.html,1667906435,STORY
43b9c7b5-270e-3514-9cf3-877cae7115df,IT,2022-11-8,Daily – Vickers Top Buyers & Sellers for 11/07/2022,Argus Research,https://finance.yahoo.com/m/43b9c7b5-270e-3514-9cf3-877cae7115df/daily-%E2%80%93-vickers-top-buyers-%26.html,1667820961,STORY
450d00d1-6210-3ca4-a3c8-c426272d1379,IT,2022-11-8,Top 10 Gainers Today,Insider Monkey,https://finance.yahoo.com/news/top-10-gainers-today-222902570.html,1667341742,STORY
f2374bdb-84aa-35d3-b2de-c53c298dbad3,IT,2022-11-8,"Gartner (IT) Q3 Earnings Beat Estimates, 2022 EPS Guidance Up",Zacks,https://finance.yahoo.com/news/gartner-q3-earnings-beat-estimates-210509693.html,1667336709,STORY
2251f670-1ec8-3c10-85d2-4cc98e7c2cc2,IT,2022-11-8,Gartner (IT) Q3 Earnings and Revenues Surpass Estimates,Zacks,https://finance.yahoo.com/news/gartner-q3-earnings-revenues-surpass-111511326.html,1667301311,STORY
a97572db-d2d0-308c-a734-5f37058f5c84,IT,2022-11-8,Gartner Reports Third Quarter 2022 Financial Results,Business Wire,https://finance.yahoo.com/news/gartner-reports-third-quarter-2022-100000156.html,1667296800,STORY
3c6bacd4-4c02-3bd1-9106-c1c91d86052e,IT,2022-11-8,Intel Confirms Chipmakers' Problems Are Worsening,TheStreet.com,https://finance.yahoo.com/m/3c6bacd4-4c02-3bd1-9106-c1c91d86052e/intel-confirms-chipmakers%27.html,1666906860,STORY
5b1a613e-2c4b-3c56-b447-b719786347d1,IT,2022-11-8,8 Undervalued Reddit Stocks to Buy Before Wall Street Catches On,InvestorPlace,https://finance.yahoo.com/news/7-undervalued-reddit-stocks-buy-210017197.html,1666717517,STORY
ac885137-e52e-3f04-a8d1-1a620ac85c86,IT,2022-11-9,Why This 1 Growth Stock Could Be a Great Addition to Your Portfolio,Zacks,https://finance.yahoo.com/news/why-1-growth-stock-could-144502695.html,1667918702,STORY
1f5608d8-e880-303a-a2de-bc96b8dc411d,IT,2022-11-9,Gartner Third Quarter 2022 Earnings: Beats Expectations,Simply Wall St.,https://finance.yahoo.com/news/gartner-third-quarter-2022-earnings-112035109.html,1667906435,STORY
450d00d1-6210-3ca4-a3c8-c426272d1379,IT,2022-11-9,Top 10 Gainers Today,Insider Monkey,https://finance.yahoo.com/news/top-10-gainers-today-222902570.html,1667341742,STORY
f2374bdb-84aa-35d3-b2de-c53c298dbad3,IT,2022-11-9,"Gartner (IT) Q3 Earnings Beat Estimates, 2022 EPS Guidance Up",Zacks,https://finance.yahoo.com/news/gartner-q3-earnings-beat-estimates-210509693.html,1667336709,STORY
2251f670-1ec8-3c10-85d2-4cc98e7c2cc2,IT,2022-11-9,Gartner (IT) Q3 Earnings and Revenues Surpass Estimates,Zacks,https://finance.yahoo.com/news/gartner-q3-earnings-revenues-surpass-111511326.html,1667301311,STORY
a97572db-d2d0-308c-a734-5f37058f5c84,IT,2022-11-9,Gartner Reports Third Quarter 2022 Financial Results,Business Wire,https://finance.yahoo.com/news/gartner-reports-third-quarter-2022-100000156.html,1667296800,STORY
3c6bacd4-4c02-3bd1-9106-c1c91d86052e,IT,2022-11-9,Intel Confirms Chipmakers' Problems Are Worsening,TheStreet.com,https://finance.yahoo.com/m/3c6bacd4-4c02-3bd1-9106-c1c91d86052e/intel-confirms-chipmakers%27.html,1666906860,STORY
5b1a613e-2c4b-3c56-b447-b719786347d1,IT,2022-11-9,8 Undervalued Reddit Stocks to Buy Before Wall Street Catches On,InvestorPlace,https://finance.yahoo.com/news/7-undervalued-reddit-stocks-buy-210017197.html,1666717517,STORY
45983a7d-2e44-3c5e-b0d7-566cbd6a9991,IT,2022-11-10,Gartner to Present at the J.P. Morgan Ultimate Services Investor Conference,Business Wire,https://finance.yahoo.com/news/gartner-present-j-p-morgan-130000924.html,1668085200,STORY
ac885137-e52e-3f04-a8d1-1a620ac85c86,IT,2022-11-10,Why This 1 Growth Stock Could Be a Great Addition to Your Portfolio,Zacks,https://finance.yahoo.com/news/why-1-growth-stock-could-144502695.html,1667918702,STORY
1f5608d8-e880-303a-a2de-bc96b8dc411d,IT,2022-11-10,Gartner Third Quarter 2022 Earnings: Beats Expectations,Simply Wall St.,https://finance.yahoo.com/news/gartner-third-quarter-2022-earnings-112035109.html,1667906435,STORY
450d00d1-6210-3ca4-a3c8-c426272d1379,IT,2022-11-10,Top 10 Gainers Today,Insider Monkey,https://finance.yahoo.com/news/top-10-gainers-today-222902570.html,1667341742,STORY
f2374bdb-84aa-35d3-b2de-c53c298dbad3,IT,2022-11-10,"Gartner (IT) Q3 Earnings Beat Estimates, 2022 EPS Guidance Up",Zacks,https://finance.yahoo.com/news/gartner-q3-earnings-beat-estimates-210509693.html,1667336709,STORY
2251f670-1ec8-3c10-85d2-4cc98e7c2cc2,IT,2022-11-10,Gartner (IT) Q3 Earnings and Revenues Surpass Estimates,Zacks,https://finance.yahoo.com/news/gartner-q3-earnings-revenues-surpass-111511326.html,1667301311,STORY
a97572db-d2d0-308c-a734-5f37058f5c84,IT,2022-11-10,Gartner Reports Third Quarter 2022 Financial Results,Business Wire,https://finance.yahoo.com/news/gartner-reports-third-quarter-2022-100000156.html,1667296800,STORY
3c6bacd4-4c02-3bd1-9106-c1c91d86052e,IT,2022-11-10,Intel Confirms Chipmakers' Problems Are Worsening,TheStreet.com,https://finance.yahoo.com/m/3c6bacd4-4c02-3bd1-9106-c1c91d86052e/intel-confirms-chipmakers%27.html,1666906860,STORY
45983a7d-2e44-3c5e-b0d7-566cbd6a9991,IT,2022-11-11,Gartner to Present at the J.P. Morgan Ultimate Services Investor Conference,Business Wire,https://finance.yahoo.com/news/gartner-present-j-p-morgan-130000924.html,1668085200,STORY
ac885137-e52e-3f04-a8d1-1a620ac85c86,IT,2022-11-11,Why This 1 Growth Stock Could Be a Great Addition to Your Portfolio,Zacks,https://finance.yahoo.com/news/why-1-growth-stock-could-144502695.html,1667918702,STORY
1f5608d8-e880-303a-a2de-bc96b8dc411d,IT,2022-11-11,Gartner Third Quarter 2022 Earnings: Beats Expectations,Simply Wall St.,https://finance.yahoo.com/news/gartner-third-quarter-2022-earnings-112035109.html,1667906435,STORY
450d00d1-6210-3ca4-a3c8-c426272d1379,IT,2022-11-11,Top 10 Gainers Today,Insider Monkey,https://finance.yahoo.com/news/top-10-gainers-today-222902570.html,1667341742,STORY
f2374bdb-84aa-35d3-b2de-c53c298dbad3,IT,2022-11-11,"Gartner (IT) Q3 Earnings Beat Estimates, 2022 EPS Guidance Up",Zacks,https://finance.yahoo.com/news/gartner-q3-earnings-beat-estimates-210509693.html,1667336709,STORY
2251f670-1ec8-3c10-85d2-4cc98e7c2cc2,IT,2022-11-11,Gartner (IT) Q3 Earnings and Revenues Surpass Estimates,Zacks,https://finance.yahoo.com/news/gartner-q3-earnings-revenues-surpass-111511326.html,1667301311,STORY
a97572db-d2d0-308c-a734-5f37058f5c84,IT,2022-11-11,Gartner Reports Third Quarter 2022 Financial Results,Business Wire,https://finance.yahoo.com/news/gartner-reports-third-quarter-2022-100000156.html,1667296800,STORY
3c6bacd4-4c02-3bd1-9106-c1c91d86052e,IT,2022-11-11,Intel Confirms Chipmakers' Problems Are Worsening,TheStreet.com,https://finance.yahoo.com/m/3c6bacd4-4c02-3bd1-9106-c1c91d86052e/intel-confirms-chipmakers%27.html,1666906860,STORY
45983a7d-2e44-3c5e-b0d7-566cbd6a9991,IT,2022-11-12,Gartner to Present at the J.P. Morgan Ultimate Services Investor Conference,Business Wire,https://finance.yahoo.com/news/gartner-present-j-p-morgan-130000924.html,1668085200,STORY
ac885137-e52e-3f04-a8d1-1a620ac85c86,IT,2022-11-12,Why This 1 Growth Stock Could Be a Great Addition to Your Portfolio,Zacks,https://finance.yahoo.com/news/why-1-growth-stock-could-144502695.html,1667918702,STORY
1f5608d8-e880-303a-a2de-bc96b8dc411d,IT,2022-11-12,Gartner Third Quarter 2022 Earnings: Beats Expectations,Simply Wall St.,https://finance.yahoo.com/news/gartner-third-quarter-2022-earnings-112035109.html,1667906435,STORY
450d00d1-6210-3ca4-a3c8-c426272d1379,IT,2022-11-12,Top 10 Gainers Today,Insider Monkey,https://finance.yahoo.com/news/top-10-gainers-today-222902570.html,1667341742,STORY
f2374bdb-84aa-35d3-b2de-c53c298dbad3,IT,2022-11-12,"Gartner (IT) Q3 Earnings Beat Estimates, 2022 EPS Guidance Up",Zacks,https://finance.yahoo.com/news/gartner-q3-earnings-beat-estimates-210509693.html,1667336709,STORY
2251f670-1ec8-3c10-85d2-4cc98e7c2cc2,IT,2022-11-12,Gartner (IT) Q3 Earnings and Revenues Surpass Estimates,Zacks,https://finance.yahoo.com/news/gartner-q3-earnings-revenues-surpass-111511326.html,1667301311,STORY
a97572db-d2d0-308c-a734-5f37058f5c84,IT,2022-11-12,Gartner Reports Third Quarter 2022 Financial Results,Business Wire,https://finance.yahoo.com/news/gartner-reports-third-quarter-2022-100000156.html,1667296800,STORY
3c6bacd4-4c02-3bd1-9106-c1c91d86052e,IT,2022-11-12,Intel Confirms Chipmakers' Problems Are Worsening,TheStreet.com,https://finance.yahoo.com/m/3c6bacd4-4c02-3bd1-9106-c1c91d86052e/intel-confirms-chipmakers%27.html,1666906860,STORY
45983a7d-2e44-3c5e-b0d7-566cbd6a9991,IT,2022-11-13,Gartner to Present at the J.P. Morgan Ultimate Services Investor Conference,Business Wire,https://finance.yahoo.com/news/gartner-present-j-p-morgan-130000924.html,1668085200,STORY
ac885137-e52e-3f04-a8d1-1a620ac85c86,IT,2022-11-13,Why This 1 Growth Stock Could Be a Great Addition to Your Portfolio,Zacks,https://finance.yahoo.com/news/why-1-growth-stock-could-144502695.html,1667918702,STORY
1f5608d8-e880-303a-a2de-bc96b8dc411d,IT,2022-11-13,Gartner Third Quarter 2022 Earnings: Beats Expectations,Simply Wall St.,https://finance.yahoo.com/news/gartner-third-quarter-2022-earnings-112035109.html,1667906435,STORY
450d00d1-6210-3ca4-a3c8-c426272d1379,IT,2022-11-13,Top 10 Gainers Today,Insider Monkey,https://finance.yahoo.com/news/top-10-gainers-today-222902570.html,1667341742,STORY
f2374bdb-84aa-35d3-b2de-c53c298dbad3,IT,2022-11-13,"Gartner (IT) Q3 Earnings Beat Estimates, 2022 EPS Guidance Up",Zacks,https://finance.yahoo.com/news/gartner-q3-earnings-beat-estimates-210509693.html,1667336709,STORY
2251f670-1ec8-3c10-85d2-4cc98e7c2cc2,IT,2022-11-13,Gartner (IT) Q3 Earnings and Revenues Surpass Estimates,Zacks,https://finance.yahoo.com/news/gartner-q3-earnings-revenues-surpass-111511326.html,1667301311,STORY
a97572db-d2d0-308c-a734-5f37058f5c84,IT,2022-11-13,Gartner Reports Third Quarter 2022 Financial Results,Business Wire,https://finance.yahoo.com/news/gartner-reports-third-quarter-2022-100000156.html,1667296800,STORY
3c6bacd4-4c02-3bd1-9106-c1c91d86052e,IT,2022-11-13,Intel Confirms Chipmakers' Problems Are Worsening,TheStreet.com,https://finance.yahoo.com/m/3c6bacd4-4c02-3bd1-9106-c1c91d86052e/intel-confirms-chipmakers%27.html,1666906860,STORY
45983a7d-2e44-3c5e-b0d7-566cbd6a9991,IT,2022-11-14,Gartner to Present at the J.P. Morgan Ultimate Services Investor Conference,Business Wire,https://finance.yahoo.com/news/gartner-present-j-p-morgan-130000924.html,1668085200,STORY
ac885137-e52e-3f04-a8d1-1a620ac85c86,IT,2022-11-14,Why This 1 Growth Stock Could Be a Great Addition to Your Portfolio,Zacks,https://finance.yahoo.com/news/why-1-growth-stock-could-144502695.html,1667918702,STORY
1f5608d8-e880-303a-a2de-bc96b8dc411d,IT,2022-11-14,Gartner Third Quarter 2022 Earnings: Beats Expectations,Simply Wall St.,https://finance.yahoo.com/news/gartner-third-quarter-2022-earnings-112035109.html,1667906435,STORY
450d00d1-6210-3ca4-a3c8-c426272d1379,IT,2022-11-14,Top 10 Gainers Today,Insider Monkey,https://finance.yahoo.com/news/top-10-gainers-today-222902570.html,1667341742,STORY
f2374bdb-84aa-35d3-b2de-c53c298dbad3,IT,2022-11-14,"Gartner (IT) Q3 Earnings Beat Estimates, 2022 EPS Guidance Up",Zacks,https://finance.yahoo.com/news/gartner-q3-earnings-beat-estimates-210509693.html,1667336709,STORY
2251f670-1ec8-3c10-85d2-4cc98e7c2cc2,IT,2022-11-14,Gartner (IT) Q3 Earnings and Revenues Surpass Estimates,Zacks,https://finance.yahoo.com/news/gartner-q3-earnings-revenues-surpass-111511326.html,1667301311,STORY
a97572db-d2d0-308c-a734-5f37058f5c84,IT,2022-11-14,Gartner Reports Third Quarter 2022 Financial Results,Business Wire,https://finance.yahoo.com/news/gartner-reports-third-quarter-2022-100000156.html,1667296800,STORY
3c6bacd4-4c02-3bd1-9106-c1c91d86052e,IT,2022-11-14,Intel Confirms Chipmakers' Problems Are Worsening,TheStreet.com,https://finance.yahoo.com/m/3c6bacd4-4c02-3bd1-9106-c1c91d86052e/intel-confirms-chipmakers%27.html,1666906860,STORY
45983a7d-2e44-3c5e-b0d7-566cbd6a9991,IT,2022-11-15,Gartner to Present at the J.P. Morgan Ultimate Services Investor Conference,Business Wire,https://finance.yahoo.com/news/gartner-present-j-p-morgan-130000924.html,1668085200,STORY
ac885137-e52e-3f04-a8d1-1a620ac85c86,IT,2022-11-15,Why This 1 Growth Stock Could Be a Great Addition to Your Portfolio,Zacks,https://finance.yahoo.com/news/why-1-growth-stock-could-144502695.html,1667918702,STORY
1f5608d8-e880-303a-a2de-bc96b8dc411d,IT,2022-11-15,Gartner Third Quarter 2022 Earnings: Beats Expectations,Simply Wall St.,https://finance.yahoo.com/news/gartner-third-quarter-2022-earnings-112035109.html,1667906435,STORY
450d00d1-6210-3ca4-a3c8-c426272d1379,IT,2022-11-15,Top 10 Gainers Today,Insider Monkey,https://finance.yahoo.com/news/top-10-gainers-today-222902570.html,1667341742,STORY
f2374bdb-84aa-35d3-b2de-c53c298dbad3,IT,2022-11-15,"Gartner (IT) Q3 Earnings Beat Estimates, 2022 EPS Guidance Up",Zacks,https://finance.yahoo.com/news/gartner-q3-earnings-beat-estimates-210509693.html,1667336709,STORY
2251f670-1ec8-3c10-85d2-4cc98e7c2cc2,IT,2022-11-15,Gartner (IT) Q3 Earnings and Revenues Surpass Estimates,Zacks,https://finance.yahoo.com/news/gartner-q3-earnings-revenues-surpass-111511326.html,1667301311,STORY
a97572db-d2d0-308c-a734-5f37058f5c84,IT,2022-11-15,Gartner Reports Third Quarter 2022 Financial Results,Business Wire,https://finance.yahoo.com/news/gartner-reports-third-quarter-2022-100000156.html,1667296800,STORY
3c6bacd4-4c02-3bd1-9106-c1c91d86052e,IT,2022-11-15,Intel Confirms Chipmakers' Problems Are Worsening,TheStreet.com,https://finance.yahoo.com/m/3c6bacd4-4c02-3bd1-9106-c1c91d86052e/intel-confirms-chipmakers%27.html,1666906860,STORY
45983a7d-2e44-3c5e-b0d7-566cbd6a9991,IT,2022-11-16,Gartner to Present at the J.P. Morgan Ultimate Services Investor Conference,Business Wire,https://finance.yahoo.com/news/gartner-present-j-p-morgan-130000924.html,1668085200,STORY
ac885137-e52e-3f04-a8d1-1a620ac85c86,IT,2022-11-16,Why This 1 Growth Stock Could Be a Great Addition to Your Portfolio,Zacks,https://finance.yahoo.com/news/why-1-growth-stock-could-144502695.html,1667918702,STORY
1f5608d8-e880-303a-a2de-bc96b8dc411d,IT,2022-11-16,Gartner Third Quarter 2022 Earnings: Beats Expectations,Simply Wall St.,https://finance.yahoo.com/news/gartner-third-quarter-2022-earnings-112035109.html,1667906435,STORY
450d00d1-6210-3ca4-a3c8-c426272d1379,IT,2022-11-16,Top 10 Gainers Today,Insider Monkey,https://finance.yahoo.com/news/top-10-gainers-today-222902570.html,1667341742,STORY
f2374bdb-84aa-35d3-b2de-c53c298dbad3,IT,2022-11-16,"Gartner (IT) Q3 Earnings Beat Estimates, 2022 EPS Guidance Up",Zacks,https://finance.yahoo.com/news/gartner-q3-earnings-beat-estimates-210509693.html,1667336709,STORY
2251f670-1ec8-3c10-85d2-4cc98e7c2cc2,IT,2022-11-16,Gartner (IT) Q3 Earnings and Revenues Surpass Estimates,Zacks,https://finance.yahoo.com/news/gartner-q3-earnings-revenues-surpass-111511326.html,1667301311,STORY
a97572db-d2d0-308c-a734-5f37058f5c84,IT,2022-11-16,Gartner Reports Third Quarter 2022 Financial Results,Business Wire,https://finance.yahoo.com/news/gartner-reports-third-quarter-2022-100000156.html,1667296800,STORY
3c6bacd4-4c02-3bd1-9106-c1c91d86052e,IT,2022-11-16,Intel Confirms Chipmakers' Problems Are Worsening,TheStreet.com,https://finance.yahoo.com/m/3c6bacd4-4c02-3bd1-9106-c1c91d86052e/intel-confirms-chipmakers%27.html,1666906860,STORY
45983a7d-2e44-3c5e-b0d7-566cbd6a9991,IT,2022-11-17,Gartner to Present at the J.P. Morgan Ultimate Services Investor Conference,Business Wire,https://finance.yahoo.com/news/gartner-present-j-p-morgan-130000924.html,1668085200,STORY
ac885137-e52e-3f04-a8d1-1a620ac85c86,IT,2022-11-17,Why This 1 Growth Stock Could Be a Great Addition to Your Portfolio,Zacks,https://finance.yahoo.com/news/why-1-growth-stock-could-144502695.html,1667918702,STORY
1f5608d8-e880-303a-a2de-bc96b8dc411d,IT,2022-11-17,Gartner Third Quarter 2022 Earnings: Beats Expectations,Simply Wall St.,https://finance.yahoo.com/news/gartner-third-quarter-2022-earnings-112035109.html,1667906435,STORY
450d00d1-6210-3ca4-a3c8-c426272d1379,IT,2022-11-17,Top 10 Gainers Today,Insider Monkey,https://finance.yahoo.com/news/top-10-gainers-today-222902570.html,1667341742,STORY
f2374bdb-84aa-35d3-b2de-c53c298dbad3,IT,2022-11-17,"Gartner (IT) Q3 Earnings Beat Estimates, 2022 EPS Guidance Up",Zacks,https://finance.yahoo.com/news/gartner-q3-earnings-beat-estimates-210509693.html,1667336709,STORY
2251f670-1ec8-3c10-85d2-4cc98e7c2cc2,IT,2022-11-17,Gartner (IT) Q3 Earnings and Revenues Surpass Estimates,Zacks,https://finance.yahoo.com/news/gartner-q3-earnings-revenues-surpass-111511326.html,1667301311,STORY
a97572db-d2d0-308c-a734-5f37058f5c84,IT,2022-11-17,Gartner Reports Third Quarter 2022 Financial Results,Business Wire,https://finance.yahoo.com/news/gartner-reports-third-quarter-2022-100000156.html,1667296800,STORY
3c6bacd4-4c02-3bd1-9106-c1c91d86052e,IT,2022-11-17,Intel Confirms Chipmakers' Problems Are Worsening,TheStreet.com,https://finance.yahoo.com/m/3c6bacd4-4c02-3bd1-9106-c1c91d86052e/intel-confirms-chipmakers%27.html,1666906860,STORY
45983a7d-2e44-3c5e-b0d7-566cbd6a9991,IT,2022-11-18,Gartner to Present at the J.P. Morgan Ultimate Services Investor Conference,Business Wire,https://finance.yahoo.com/news/gartner-present-j-p-morgan-130000924.html,1668085200,STORY
ac885137-e52e-3f04-a8d1-1a620ac85c86,IT,2022-11-18,Why This 1 Growth Stock Could Be a Great Addition to Your Portfolio,Zacks,https://finance.yahoo.com/news/why-1-growth-stock-could-144502695.html,1667918702,STORY
1f5608d8-e880-303a-a2de-bc96b8dc411d,IT,2022-11-18,Gartner Third Quarter 2022 Earnings: Beats Expectations,Simply Wall St.,https://finance.yahoo.com/news/gartner-third-quarter-2022-earnings-112035109.html,1667906435,STORY
450d00d1-6210-3ca4-a3c8-c426272d1379,IT,2022-11-18,Top 10 Gainers Today,Insider Monkey,https://finance.yahoo.com/news/top-10-gainers-today-222902570.html,1667341742,STORY
f2374bdb-84aa-35d3-b2de-c53c298dbad3,IT,2022-11-18,"Gartner (IT) Q3 Earnings Beat Estimates, 2022 EPS Guidance Up",Zacks,https://finance.yahoo.com/news/gartner-q3-earnings-beat-estimates-210509693.html,1667336709,STORY
2251f670-1ec8-3c10-85d2-4cc98e7c2cc2,IT,2022-11-18,Gartner (IT) Q3 Earnings and Revenues Surpass Estimates,Zacks,https://finance.yahoo.com/news/gartner-q3-earnings-revenues-surpass-111511326.html,1667301311,STORY
a97572db-d2d0-308c-a734-5f37058f5c84,IT,2022-11-18,Gartner Reports Third Quarter 2022 Financial Results,Business Wire,https://finance.yahoo.com/news/gartner-reports-third-quarter-2022-100000156.html,1667296800,STORY
3c6bacd4-4c02-3bd1-9106-c1c91d86052e,IT,2022-11-18,Intel Confirms Chipmakers' Problems Are Worsening,TheStreet.com,https://finance.yahoo.com/m/3c6bacd4-4c02-3bd1-9106-c1c91d86052e/intel-confirms-chipmakers%27.html,1666906860,STORY
45983a7d-2e44-3c5e-b0d7-566cbd6a9991,IT,2022-11-19,Gartner to Present at the J.P. Morgan Ultimate Services Investor Conference,Business Wire,https://finance.yahoo.com/news/gartner-present-j-p-morgan-130000924.html,1668085200,STORY
ac885137-e52e-3f04-a8d1-1a620ac85c86,IT,2022-11-19,Why This 1 Growth Stock Could Be a Great Addition to Your Portfolio,Zacks,https://finance.yahoo.com/news/why-1-growth-stock-could-144502695.html,1667918702,STORY
1f5608d8-e880-303a-a2de-bc96b8dc411d,IT,2022-11-19,Gartner Third Quarter 2022 Earnings: Beats Expectations,Simply Wall St.,https://finance.yahoo.com/news/gartner-third-quarter-2022-earnings-112035109.html,1667906435,STORY
450d00d1-6210-3ca4-a3c8-c426272d1379,IT,2022-11-19,Top 10 Gainers Today,Insider Monkey,https://finance.yahoo.com/news/top-10-gainers-today-222902570.html,1667341742,STORY
f2374bdb-84aa-35d3-b2de-c53c298dbad3,IT,2022-11-19,"Gartner (IT) Q3 Earnings Beat Estimates, 2022 EPS Guidance Up",Zacks,https://finance.yahoo.com/news/gartner-q3-earnings-beat-estimates-210509693.html,1667336709,STORY
2251f670-1ec8-3c10-85d2-4cc98e7c2cc2,IT,2022-11-19,Gartner (IT) Q3 Earnings and Revenues Surpass Estimates,Zacks,https://finance.yahoo.com/news/gartner-q3-earnings-revenues-surpass-111511326.html,1667301311,STORY
a97572db-d2d0-308c-a734-5f37058f5c84,IT,2022-11-19,Gartner Reports Third Quarter 2022 Financial Results,Business Wire,https://finance.yahoo.com/news/gartner-reports-third-quarter-2022-100000156.html,1667296800,STORY
3c6bacd4-4c02-3bd1-9106-c1c91d86052e,IT,2022-11-19,Intel Confirms Chipmakers' Problems Are Worsening,TheStreet.com,https://finance.yahoo.com/m/3c6bacd4-4c02-3bd1-9106-c1c91d86052e/intel-confirms-chipmakers%27.html,1666906860,STORY
45983a7d-2e44-3c5e-b0d7-566cbd6a9991,IT,2022-11-20,Gartner to Present at the J.P. Morgan Ultimate Services Investor Conference,Business Wire,https://finance.yahoo.com/news/gartner-present-j-p-morgan-130000924.html,1668085200,STORY
ac885137-e52e-3f04-a8d1-1a620ac85c86,IT,2022-11-20,Why This 1 Growth Stock Could Be a Great Addition to Your Portfolio,Zacks,https://finance.yahoo.com/news/why-1-growth-stock-could-144502695.html,1667918702,STORY
1f5608d8-e880-303a-a2de-bc96b8dc411d,IT,2022-11-20,Gartner Third Quarter 2022 Earnings: Beats Expectations,Simply Wall St.,https://finance.yahoo.com/news/gartner-third-quarter-2022-earnings-112035109.html,1667906435,STORY
450d00d1-6210-3ca4-a3c8-c426272d1379,IT,2022-11-20,Top 10 Gainers Today,Insider Monkey,https://finance.yahoo.com/news/top-10-gainers-today-222902570.html,1667341742,STORY
f2374bdb-84aa-35d3-b2de-c53c298dbad3,IT,2022-11-20,"Gartner (IT) Q3 Earnings Beat Estimates, 2022 EPS Guidance Up",Zacks,https://finance.yahoo.com/news/gartner-q3-earnings-beat-estimates-210509693.html,1667336709,STORY
2251f670-1ec8-3c10-85d2-4cc98e7c2cc2,IT,2022-11-20,Gartner (IT) Q3 Earnings and Revenues Surpass Estimates,Zacks,https://finance.yahoo.com/news/gartner-q3-earnings-revenues-surpass-111511326.html,1667301311,STORY
a97572db-d2d0-308c-a734-5f37058f5c84,IT,2022-11-20,Gartner Reports Third Quarter 2022 Financial Results,Business Wire,https://finance.yahoo.com/news/gartner-reports-third-quarter-2022-100000156.html,1667296800,STORY
3c6bacd4-4c02-3bd1-9106-c1c91d86052e,IT,2022-11-20,Intel Confirms Chipmakers' Problems Are Worsening,TheStreet.com,https://finance.yahoo.com/m/3c6bacd4-4c02-3bd1-9106-c1c91d86052e/intel-confirms-chipmakers%27.html,1666906860,STORY
45983a7d-2e44-3c5e-b0d7-566cbd6a9991,IT,2022-11-21,Gartner to Present at the J.P. Morgan Ultimate Services Investor Conference,Business Wire,https://finance.yahoo.com/news/gartner-present-j-p-morgan-130000924.html,1668085200,STORY
ac885137-e52e-3f04-a8d1-1a620ac85c86,IT,2022-11-21,Why This 1 Growth Stock Could Be a Great Addition to Your Portfolio,Zacks,https://finance.yahoo.com/news/why-1-growth-stock-could-144502695.html,1667918702,STORY
1f5608d8-e880-303a-a2de-bc96b8dc411d,IT,2022-11-21,Gartner Third Quarter 2022 Earnings: Beats Expectations,Simply Wall St.,https://finance.yahoo.com/news/gartner-third-quarter-2022-earnings-112035109.html,1667906435,STORY
450d00d1-6210-3ca4-a3c8-c426272d1379,IT,2022-11-21,Top 10 Gainers Today,Insider Monkey,https://finance.yahoo.com/news/top-10-gainers-today-222902570.html,1667341742,STORY
f2374bdb-84aa-35d3-b2de-c53c298dbad3,IT,2022-11-21,"Gartner (IT) Q3 Earnings Beat Estimates, 2022 EPS Guidance Up",Zacks,https://finance.yahoo.com/news/gartner-q3-earnings-beat-estimates-210509693.html,1667336709,STORY
2251f670-1ec8-3c10-85d2-4cc98e7c2cc2,IT,2022-11-21,Gartner (IT) Q3 Earnings and Revenues Surpass Estimates,Zacks,https://finance.yahoo.com/news/gartner-q3-earnings-revenues-surpass-111511326.html,1667301311,STORY
a97572db-d2d0-308c-a734-5f37058f5c84,IT,2022-11-21,Gartner Reports Third Quarter 2022 Financial Results,Business Wire,https://finance.yahoo.com/news/gartner-reports-third-quarter-2022-100000156.html,1667296800,STORY
3c6bacd4-4c02-3bd1-9106-c1c91d86052e,IT,2022-11-21,Intel Confirms Chipmakers' Problems Are Worsening,TheStreet.com,https://finance.yahoo.com/m/3c6bacd4-4c02-3bd1-9106-c1c91d86052e/intel-confirms-chipmakers%27.html,1666906860,STORY
dd58f012-1d91-36ae-a11c-4a637eadaa9d,IT,2022-11-22,Here's How Much You'd Have If You Invested $1000 in Gartner a Decade Ago,Zacks,https://finance.yahoo.com/news/heres-much-youd-invested-1000-133001114.html,1669037401,STORY
45983a7d-2e44-3c5e-b0d7-566cbd6a9991,IT,2022-11-22,Gartner to Present at the J.P. Morgan Ultimate Services Investor Conference,Business Wire,https://finance.yahoo.com/news/gartner-present-j-p-morgan-130000924.html,1668085200,STORY
ac885137-e52e-3f04-a8d1-1a620ac85c86,IT,2022-11-22,Why This 1 Growth Stock Could Be a Great Addition to Your Portfolio,Zacks,https://finance.yahoo.com/news/why-1-growth-stock-could-144502695.html,1667918702,STORY
1f5608d8-e880-303a-a2de-bc96b8dc411d,IT,2022-11-22,Gartner Third Quarter 2022 Earnings: Beats Expectations,Simply Wall St.,https://finance.yahoo.com/news/gartner-third-quarter-2022-earnings-112035109.html,1667906435,STORY
450d00d1-6210-3ca4-a3c8-c426272d1379,IT,2022-11-22,Top 10 Gainers Today,Insider Monkey,https://finance.yahoo.com/news/top-10-gainers-today-222902570.html,1667341742,STORY
f2374bdb-84aa-35d3-b2de-c53c298dbad3,IT,2022-11-22,"Gartner (IT) Q3 Earnings Beat Estimates, 2022 EPS Guidance Up",Zacks,https://finance.yahoo.com/news/gartner-q3-earnings-beat-estimates-210509693.html,1667336709,STORY
2251f670-1ec8-3c10-85d2-4cc98e7c2cc2,IT,2022-11-22,Gartner (IT) Q3 Earnings and Revenues Surpass Estimates,Zacks,https://finance.yahoo.com/news/gartner-q3-earnings-revenues-surpass-111511326.html,1667301311,STORY
a97572db-d2d0-308c-a734-5f37058f5c84,IT,2022-11-22,Gartner Reports Third Quarter 2022 Financial Results,Business Wire,https://finance.yahoo.com/news/gartner-reports-third-quarter-2022-100000156.html,1667296800,STORY
003547f1-be43-3de9-87ee-d5f85164025c,IT,2022-11-23,Gartner (IT) is a Great Momentum Stock: Should You Buy?,Zacks,https://finance.yahoo.com/news/gartner-great-momentum-stock-buy-170005204.html,1669136405,STORY
dd58f012-1d91-36ae-a11c-4a637eadaa9d,IT,2022-11-23,Here's How Much You'd Have If You Invested $1000 in Gartner a Decade Ago,Zacks,https://finance.yahoo.com/news/heres-much-youd-invested-1000-133001114.html,1669037401,STORY
45983a7d-2e44-3c5e-b0d7-566cbd6a9991,IT,2022-11-23,Gartner to Present at the J.P. Morgan Ultimate Services Investor Conference,Business Wire,https://finance.yahoo.com/news/gartner-present-j-p-morgan-130000924.html,1668085200,STORY
ac885137-e52e-3f04-a8d1-1a620ac85c86,IT,2022-11-23,Why This 1 Growth Stock Could Be a Great Addition to Your Portfolio,Zacks,https://finance.yahoo.com/news/why-1-growth-stock-could-144502695.html,1667918702,STORY
1f5608d8-e880-303a-a2de-bc96b8dc411d,IT,2022-11-23,Gartner Third Quarter 2022 Earnings: Beats Expectations,Simply Wall St.,https://finance.yahoo.com/news/gartner-third-quarter-2022-earnings-112035109.html,1667906435,STORY
450d00d1-6210-3ca4-a3c8-c426272d1379,IT,2022-11-23,Top 10 Gainers Today,Insider Monkey,https://finance.yahoo.com/news/top-10-gainers-today-222902570.html,1667341742,STORY
f2374bdb-84aa-35d3-b2de-c53c298dbad3,IT,2022-11-23,"Gartner (IT) Q3 Earnings Beat Estimates, 2022 EPS Guidance Up",Zacks,https://finance.yahoo.com/news/gartner-q3-earnings-beat-estimates-210509693.html,1667336709,STORY
2251f670-1ec8-3c10-85d2-4cc98e7c2cc2,IT,2022-11-23,Gartner (IT) Q3 Earnings and Revenues Surpass Estimates,Zacks,https://finance.yahoo.com/news/gartner-q3-earnings-revenues-surpass-111511326.html,1667301311,STORY
3e812040-47bd-378f-80a2-c953b89e63b7,IT,2022-11-24,Is Clean Harbors (CLH) Stock Outpacing Its Business Services Peers This Year?,Zacks,https://finance.yahoo.com/news/clean-harbors-clh-stock-outpacing-144002830.html,1669214402,STORY
a5cfa18d-adc2-34e4-ae3c-4637d5343dd1,IT,2022-11-24,How Gartner (IT) Stock Stands Out in a Strong Industry,Zacks,https://finance.yahoo.com/news/gartner-stock-stands-strong-industry-134801378.html,1669211281,STORY
003547f1-be43-3de9-87ee-d5f85164025c,IT,2022-11-24,Gartner (IT) is a Great Momentum Stock: Should You Buy?,Zacks,https://finance.yahoo.com/news/gartner-great-momentum-stock-buy-170005204.html,1669136405,STORY
dd58f012-1d91-36ae-a11c-4a637eadaa9d,IT,2022-11-24,Here's How Much You'd Have If You Invested $1000 in Gartner a Decade Ago,Zacks,https://finance.yahoo.com/news/heres-much-youd-invested-1000-133001114.html,1669037401,STORY
45983a7d-2e44-3c5e-b0d7-566cbd6a9991,IT,2022-11-24,Gartner to Present at the J.P. Morgan Ultimate Services Investor Conference,Business Wire,https://finance.yahoo.com/news/gartner-present-j-p-morgan-130000924.html,1668085200,STORY
ac885137-e52e-3f04-a8d1-1a620ac85c86,IT,2022-11-24,Why This 1 Growth Stock Could Be a Great Addition to Your Portfolio,Zacks,https://finance.yahoo.com/news/why-1-growth-stock-could-144502695.html,1667918702,STORY
1f5608d8-e880-303a-a2de-bc96b8dc411d,IT,2022-11-24,Gartner Third Quarter 2022 Earnings: Beats Expectations,Simply Wall St.,https://finance.yahoo.com/news/gartner-third-quarter-2022-earnings-112035109.html,1667906435,STORY
450d00d1-6210-3ca4-a3c8-c426272d1379,IT,2022-11-24,Top 10 Gainers Today,Insider Monkey,https://finance.yahoo.com/news/top-10-gainers-today-222902570.html,1667341742,STORY
98a18215-55e3-3a3c-bbfe-b8fb03be7620,IT,2022-11-25,"Is It Time To Consider Buying Gartner, Inc. (NYSE:IT)?",Simply Wall St.,https://finance.yahoo.com/news/time-consider-buying-gartner-inc-163424772.html,1669307664,STORY
3e812040-47bd-378f-80a2-c953b89e63b7,IT,2022-11-25,Is Clean Harbors (CLH) Stock Outpacing Its Business Services Peers This Year?,Zacks,https://finance.yahoo.com/news/clean-harbors-clh-stock-outpacing-144002830.html,1669214402,STORY
a5cfa18d-adc2-34e4-ae3c-4637d5343dd1,IT,2022-11-25,How Gartner (IT) Stock Stands Out in a Strong Industry,Zacks,https://finance.yahoo.com/news/gartner-stock-stands-strong-industry-134801378.html,1669211281,STORY
003547f1-be43-3de9-87ee-d5f85164025c,IT,2022-11-25,Gartner (IT) is a Great Momentum Stock: Should You Buy?,Zacks,https://finance.yahoo.com/news/gartner-great-momentum-stock-buy-170005204.html,1669136405,STORY
dd58f012-1d91-36ae-a11c-4a637eadaa9d,IT,2022-11-25,Here's How Much You'd Have If You Invested $1000 in Gartner a Decade Ago,Zacks,https://finance.yahoo.com/news/heres-much-youd-invested-1000-133001114.html,1669037401,STORY
45983a7d-2e44-3c5e-b0d7-566cbd6a9991,IT,2022-11-25,Gartner to Present at the J.P. Morgan Ultimate Services Investor Conference,Business Wire,https://finance.yahoo.com/news/gartner-present-j-p-morgan-130000924.html,1668085200,STORY
ac885137-e52e-3f04-a8d1-1a620ac85c86,IT,2022-11-25,Why This 1 Growth Stock Could Be a Great Addition to Your Portfolio,Zacks,https://finance.yahoo.com/news/why-1-growth-stock-could-144502695.html,1667918702,STORY
1f5608d8-e880-303a-a2de-bc96b8dc411d,IT,2022-11-25,Gartner Third Quarter 2022 Earnings: Beats Expectations,Simply Wall St.,https://finance.yahoo.com/news/gartner-third-quarter-2022-earnings-112035109.html,1667906435,STORY
98a18215-55e3-3a3c-bbfe-b8fb03be7620,IT,2022-11-26,"Is It Time To Consider Buying Gartner, Inc. (NYSE:IT)?",Simply Wall St.,https://finance.yahoo.com/news/time-consider-buying-gartner-inc-163424772.html,1669307664,STORY
3e812040-47bd-378f-80a2-c953b89e63b7,IT,2022-11-26,Is Clean Harbors (CLH) Stock Outpacing Its Business Services Peers This Year?,Zacks,https://finance.yahoo.com/news/clean-harbors-clh-stock-outpacing-144002830.html,1669214402,STORY
a5cfa18d-adc2-34e4-ae3c-4637d5343dd1,IT,2022-11-26,How Gartner (IT) Stock Stands Out in a Strong Industry,Zacks,https://finance.yahoo.com/news/gartner-stock-stands-strong-industry-134801378.html,1669211281,STORY
003547f1-be43-3de9-87ee-d5f85164025c,IT,2022-11-26,Gartner (IT) is a Great Momentum Stock: Should You Buy?,Zacks,https://finance.yahoo.com/news/gartner-great-momentum-stock-buy-170005204.html,1669136405,STORY
dd58f012-1d91-36ae-a11c-4a637eadaa9d,IT,2022-11-26,Here's How Much You'd Have If You Invested $1000 in Gartner a Decade Ago,Zacks,https://finance.yahoo.com/news/heres-much-youd-invested-1000-133001114.html,1669037401,STORY
45983a7d-2e44-3c5e-b0d7-566cbd6a9991,IT,2022-11-26,Gartner to Present at the J.P. Morgan Ultimate Services Investor Conference,Business Wire,https://finance.yahoo.com/news/gartner-present-j-p-morgan-130000924.html,1668085200,STORY
ac885137-e52e-3f04-a8d1-1a620ac85c86,IT,2022-11-26,Why This 1 Growth Stock Could Be a Great Addition to Your Portfolio,Zacks,https://finance.yahoo.com/news/why-1-growth-stock-could-144502695.html,1667918702,STORY
1f5608d8-e880-303a-a2de-bc96b8dc411d,IT,2022-11-26,Gartner Third Quarter 2022 Earnings: Beats Expectations,Simply Wall St.,https://finance.yahoo.com/news/gartner-third-quarter-2022-earnings-112035109.html,1667906435,STORY
98a18215-55e3-3a3c-bbfe-b8fb03be7620,IT,2022-11-27,"Is It Time To Consider Buying Gartner, Inc. (NYSE:IT)?",Simply Wall St.,https://finance.yahoo.com/news/time-consider-buying-gartner-inc-163424772.html,1669307664,STORY
3e812040-47bd-378f-80a2-c953b89e63b7,IT,2022-11-27,Is Clean Harbors (CLH) Stock Outpacing Its Business Services Peers This Year?,Zacks,https://finance.yahoo.com/news/clean-harbors-clh-stock-outpacing-144002830.html,1669214402,STORY
a5cfa18d-adc2-34e4-ae3c-4637d5343dd1,IT,2022-11-27,How Gartner (IT) Stock Stands Out in a Strong Industry,Zacks,https://finance.yahoo.com/news/gartner-stock-stands-strong-industry-134801378.html,1669211281,STORY
003547f1-be43-3de9-87ee-d5f85164025c,IT,2022-11-27,Gartner (IT) is a Great Momentum Stock: Should You Buy?,Zacks,https://finance.yahoo.com/news/gartner-great-momentum-stock-buy-170005204.html,1669136405,STORY
dd58f012-1d91-36ae-a11c-4a637eadaa9d,IT,2022-11-27,Here's How Much You'd Have If You Invested $1000 in Gartner a Decade Ago,Zacks,https://finance.yahoo.com/news/heres-much-youd-invested-1000-133001114.html,1669037401,STORY
45983a7d-2e44-3c5e-b0d7-566cbd6a9991,IT,2022-11-27,Gartner to Present at the J.P. Morgan Ultimate Services Investor Conference,Business Wire,https://finance.yahoo.com/news/gartner-present-j-p-morgan-130000924.html,1668085200,STORY
ac885137-e52e-3f04-a8d1-1a620ac85c86,IT,2022-11-27,Why This 1 Growth Stock Could Be a Great Addition to Your Portfolio,Zacks,https://finance.yahoo.com/news/why-1-growth-stock-could-144502695.html,1667918702,STORY
1f5608d8-e880-303a-a2de-bc96b8dc411d,IT,2022-11-27,Gartner Third Quarter 2022 Earnings: Beats Expectations,Simply Wall St.,https://finance.yahoo.com/news/gartner-third-quarter-2022-earnings-112035109.html,1667906435,STORY
98a18215-55e3-3a3c-bbfe-b8fb03be7620,IT,2022-11-28,"Is It Time To Consider Buying Gartner, Inc. (NYSE:IT)?",Simply Wall St.,https://finance.yahoo.com/news/time-consider-buying-gartner-inc-163424772.html,1669307664,STORY
3e812040-47bd-378f-80a2-c953b89e63b7,IT,2022-11-28,Is Clean Harbors (CLH) Stock Outpacing Its Business Services Peers This Year?,Zacks,https://finance.yahoo.com/news/clean-harbors-clh-stock-outpacing-144002830.html,1669214402,STORY
a5cfa18d-adc2-34e4-ae3c-4637d5343dd1,IT,2022-11-28,How Gartner (IT) Stock Stands Out in a Strong Industry,Zacks,https://finance.yahoo.com/news/gartner-stock-stands-strong-industry-134801378.html,1669211281,STORY
003547f1-be43-3de9-87ee-d5f85164025c,IT,2022-11-28,Gartner (IT) is a Great Momentum Stock: Should You Buy?,Zacks,https://finance.yahoo.com/news/gartner-great-momentum-stock-buy-170005204.html,1669136405,STORY
dd58f012-1d91-36ae-a11c-4a637eadaa9d,IT,2022-11-28,Here's How Much You'd Have If You Invested $1000 in Gartner a Decade Ago,Zacks,https://finance.yahoo.com/news/heres-much-youd-invested-1000-133001114.html,1669037401,STORY
45983a7d-2e44-3c5e-b0d7-566cbd6a9991,IT,2022-11-28,Gartner to Present at the J.P. Morgan Ultimate Services Investor Conference,Business Wire,https://finance.yahoo.com/news/gartner-present-j-p-morgan-130000924.html,1668085200,STORY
ac885137-e52e-3f04-a8d1-1a620ac85c86,IT,2022-11-28,Why This 1 Growth Stock Could Be a Great Addition to Your Portfolio,Zacks,https://finance.yahoo.com/news/why-1-growth-stock-could-144502695.html,1667918702,STORY
1f5608d8-e880-303a-a2de-bc96b8dc411d,IT,2022-11-28,Gartner Third Quarter 2022 Earnings: Beats Expectations,Simply Wall St.,https://finance.yahoo.com/news/gartner-third-quarter-2022-earnings-112035109.html,1667906435,STORY
357efbdd-41f0-308f-8e89-e03d11674f6b,IT,2022-11-29,"Why Taiwan Semiconductor, Intel, and Qualcomm Fell Today",Motley Fool,https://finance.yahoo.com/m/357efbdd-41f0-308f-8e89-e03d11674f6b/why-taiwan-semiconductor%2C.html,1669670314,STORY
98a18215-55e3-3a3c-bbfe-b8fb03be7620,IT,2022-11-29,"Is It Time To Consider Buying Gartner, Inc. (NYSE:IT)?",Simply Wall St.,https://finance.yahoo.com/news/time-consider-buying-gartner-inc-163424772.html,1669307664,STORY
3e812040-47bd-378f-80a2-c953b89e63b7,IT,2022-11-29,Is Clean Harbors (CLH) Stock Outpacing Its Business Services Peers This Year?,Zacks,https://finance.yahoo.com/news/clean-harbors-clh-stock-outpacing-144002830.html,1669214402,STORY
a5cfa18d-adc2-34e4-ae3c-4637d5343dd1,IT,2022-11-29,How Gartner (IT) Stock Stands Out in a Strong Industry,Zacks,https://finance.yahoo.com/news/gartner-stock-stands-strong-industry-134801378.html,1669211281,STORY
003547f1-be43-3de9-87ee-d5f85164025c,IT,2022-11-29,Gartner (IT) is a Great Momentum Stock: Should You Buy?,Zacks,https://finance.yahoo.com/news/gartner-great-momentum-stock-buy-170005204.html,1669136405,STORY
dd58f012-1d91-36ae-a11c-4a637eadaa9d,IT,2022-11-29,Here's How Much You'd Have If You Invested $1000 in Gartner a Decade Ago,Zacks,https://finance.yahoo.com/news/heres-much-youd-invested-1000-133001114.html,1669037401,STORY
45983a7d-2e44-3c5e-b0d7-566cbd6a9991,IT,2022-11-29,Gartner to Present at the J.P. Morgan Ultimate Services Investor Conference,Business Wire,https://finance.yahoo.com/news/gartner-present-j-p-morgan-130000924.html,1668085200,STORY
ac885137-e52e-3f04-a8d1-1a620ac85c86,IT,2022-11-29,Why This 1 Growth Stock Could Be a Great Addition to Your Portfolio,Zacks,https://finance.yahoo.com/news/why-1-growth-stock-could-144502695.html,1667918702,STORY
bd78a6ba-ae8e-3579-8c6a-9468c8970654,IT,2022-11-30,"Only about 1 in 3 people think their pay is fair, but it’s not about the money—here’s what they’re missing in their workplace",Fortune,https://finance.yahoo.com/news/only-1-3-people-think-180715749.html,1669745235,STORY
357efbdd-41f0-308f-8e89-e03d11674f6b,IT,2022-11-30,"Why Taiwan Semiconductor, Intel, and Qualcomm Fell Today",Motley Fool,https://finance.yahoo.com/m/357efbdd-41f0-308f-8e89-e03d11674f6b/why-taiwan-semiconductor%2C.html,1669670314,STORY
98a18215-55e3-3a3c-bbfe-b8fb03be7620,IT,2022-11-30,"Is It Time To Consider Buying Gartner, Inc. (NYSE:IT)?",Simply Wall St.,https://finance.yahoo.com/news/time-consider-buying-gartner-inc-163424772.html,1669307664,STORY
3e812040-47bd-378f-80a2-c953b89e63b7,IT,2022-11-30,Is Clean Harbors (CLH) Stock Outpacing Its Business Services Peers This Year?,Zacks,https://finance.yahoo.com/news/clean-harbors-clh-stock-outpacing-144002830.html,1669214402,STORY
a5cfa18d-adc2-34e4-ae3c-4637d5343dd1,IT,2022-11-30,How Gartner (IT) Stock Stands Out in a Strong Industry,Zacks,https://finance.yahoo.com/news/gartner-stock-stands-strong-industry-134801378.html,1669211281,STORY
003547f1-be43-3de9-87ee-d5f85164025c,IT,2022-11-30,Gartner (IT) is a Great Momentum Stock: Should You Buy?,Zacks,https://finance.yahoo.com/news/gartner-great-momentum-stock-buy-170005204.html,1669136405,STORY
dd58f012-1d91-36ae-a11c-4a637eadaa9d,IT,2022-11-30,Here's How Much You'd Have If You Invested $1000 in Gartner a Decade Ago,Zacks,https://finance.yahoo.com/news/heres-much-youd-invested-1000-133001114.html,1669037401,STORY
45983a7d-2e44-3c5e-b0d7-566cbd6a9991,IT,2022-11-30,Gartner to Present at the J.P. Morgan Ultimate Services Investor Conference,Business Wire,https://finance.yahoo.com/news/gartner-present-j-p-morgan-130000924.html,1668085200,STORY
27b6e2fd-7918-3de7-9c42-93851f58097f,IT,2022-12-1,Mastercard (MA) Partners to Help Unbanked Individuals in the UAE,Zacks,https://finance.yahoo.com/news/mastercard-ma-partners-help-unbanked-165304782.html,1669827184,STORY
bd78a6ba-ae8e-3579-8c6a-9468c8970654,IT,2022-12-1,"Only about 1 in 3 people think their pay is fair, but it’s not about the money—here’s what they’re missing in their workplace",Fortune,https://finance.yahoo.com/news/only-1-3-people-think-180715749.html,1669745235,STORY
357efbdd-41f0-308f-8e89-e03d11674f6b,IT,2022-12-1,"Why Taiwan Semiconductor, Intel, and Qualcomm Fell Today",Motley Fool,https://finance.yahoo.com/m/357efbdd-41f0-308f-8e89-e03d11674f6b/why-taiwan-semiconductor%2C.html,1669670314,STORY
98a18215-55e3-3a3c-bbfe-b8fb03be7620,IT,2022-12-1,"Is It Time To Consider Buying Gartner, Inc. (NYSE:IT)?",Simply Wall St.,https://finance.yahoo.com/news/time-consider-buying-gartner-inc-163424772.html,1669307664,STORY
3e812040-47bd-378f-80a2-c953b89e63b7,IT,2022-12-1,Is Clean Harbors (CLH) Stock Outpacing Its Business Services Peers This Year?,Zacks,https://finance.yahoo.com/news/clean-harbors-clh-stock-outpacing-144002830.html,1669214402,STORY
a5cfa18d-adc2-34e4-ae3c-4637d5343dd1,IT,2022-12-1,How Gartner (IT) Stock Stands Out in a Strong Industry,Zacks,https://finance.yahoo.com/news/gartner-stock-stands-strong-industry-134801378.html,1669211281,STORY
003547f1-be43-3de9-87ee-d5f85164025c,IT,2022-12-1,Gartner (IT) is a Great Momentum Stock: Should You Buy?,Zacks,https://finance.yahoo.com/news/gartner-great-momentum-stock-buy-170005204.html,1669136405,STORY
dd58f012-1d91-36ae-a11c-4a637eadaa9d,IT,2022-12-1,Here's How Much You'd Have If You Invested $1000 in Gartner a Decade Ago,Zacks,https://finance.yahoo.com/news/heres-much-youd-invested-1000-133001114.html,1669037401,STORY
42b41acb-7f7a-3784-a80c-31d116b87677,IT,2022-12-2,Why Is Gartner (IT) Up 10% Since Last Earnings Report?,Zacks,https://finance.yahoo.com/news/why-gartner-10-since-last-163104927.html,1669912264,STORY
54f8e086-3f2d-3474-b697-a590df647a2b,IT,2022-12-2,"Gartner, Inc. (IT) Soars to 52-Week High, Time to Cash Out?",Zacks,https://finance.yahoo.com/news/gartner-inc-soars-52-week-141502480.html,1669904102,STORY
27b6e2fd-7918-3de7-9c42-93851f58097f,IT,2022-12-2,Mastercard (MA) Partners to Help Unbanked Individuals in the UAE,Zacks,https://finance.yahoo.com/news/mastercard-ma-partners-help-unbanked-165304782.html,1669827184,STORY
bd78a6ba-ae8e-3579-8c6a-9468c8970654,IT,2022-12-2,"Only about 1 in 3 people think their pay is fair, but it’s not about the money—here’s what they’re missing in their workplace",Fortune,https://finance.yahoo.com/news/only-1-3-people-think-180715749.html,1669745235,STORY
357efbdd-41f0-308f-8e89-e03d11674f6b,IT,2022-12-2,"Why Taiwan Semiconductor, Intel, and Qualcomm Fell Today",Motley Fool,https://finance.yahoo.com/m/357efbdd-41f0-308f-8e89-e03d11674f6b/why-taiwan-semiconductor%2C.html,1669670314,STORY
98a18215-55e3-3a3c-bbfe-b8fb03be7620,IT,2022-12-2,"Is It Time To Consider Buying Gartner, Inc. (NYSE:IT)?",Simply Wall St.,https://finance.yahoo.com/news/time-consider-buying-gartner-inc-163424772.html,1669307664,STORY
3e812040-47bd-378f-80a2-c953b89e63b7,IT,2022-12-2,Is Clean Harbors (CLH) Stock Outpacing Its Business Services Peers This Year?,Zacks,https://finance.yahoo.com/news/clean-harbors-clh-stock-outpacing-144002830.html,1669214402,STORY
a5cfa18d-adc2-34e4-ae3c-4637d5343dd1,IT,2022-12-2,How Gartner (IT) Stock Stands Out in a Strong Industry,Zacks,https://finance.yahoo.com/news/gartner-stock-stands-strong-industry-134801378.html,1669211281,STORY
897d8852-e501-3914-8ace-625923197789,IT,2022-12-3,"Zacks.com featured highlights include Tap Genmab, KnowBe4, UserTesting, Enphase Energy and Gartner",Zacks,https://finance.yahoo.com/news/zacks-com-featured-highlights-tap-130401492.html,1669986241,STORY
42b41acb-7f7a-3784-a80c-31d116b87677,IT,2022-12-3,Why Is Gartner (IT) Up 10% Since Last Earnings Report?,Zacks,https://finance.yahoo.com/news/why-gartner-10-since-last-163104927.html,1669912264,STORY
54f8e086-3f2d-3474-b697-a590df647a2b,IT,2022-12-3,"Gartner, Inc. (IT) Soars to 52-Week High, Time to Cash Out?",Zacks,https://finance.yahoo.com/news/gartner-inc-soars-52-week-141502480.html,1669904102,STORY
27b6e2fd-7918-3de7-9c42-93851f58097f,IT,2022-12-3,Mastercard (MA) Partners to Help Unbanked Individuals in the UAE,Zacks,https://finance.yahoo.com/news/mastercard-ma-partners-help-unbanked-165304782.html,1669827184,STORY
bd78a6ba-ae8e-3579-8c6a-9468c8970654,IT,2022-12-3,"Only about 1 in 3 people think their pay is fair, but it’s not about the money—here’s what they’re missing in their workplace",Fortune,https://finance.yahoo.com/news/only-1-3-people-think-180715749.html,1669745235,STORY
357efbdd-41f0-308f-8e89-e03d11674f6b,IT,2022-12-3,"Why Taiwan Semiconductor, Intel, and Qualcomm Fell Today",Motley Fool,https://finance.yahoo.com/m/357efbdd-41f0-308f-8e89-e03d11674f6b/why-taiwan-semiconductor%2C.html,1669670314,STORY
98a18215-55e3-3a3c-bbfe-b8fb03be7620,IT,2022-12-3,"Is It Time To Consider Buying Gartner, Inc. (NYSE:IT)?",Simply Wall St.,https://finance.yahoo.com/news/time-consider-buying-gartner-inc-163424772.html,1669307664,STORY
3e812040-47bd-378f-80a2-c953b89e63b7,IT,2022-12-3,Is Clean Harbors (CLH) Stock Outpacing Its Business Services Peers This Year?,Zacks,https://finance.yahoo.com/news/clean-harbors-clh-stock-outpacing-144002830.html,1669214402,STORY
ee967e88-19de-3d9c-80c7-1ff97076f215,IT,2022-12-4,"Chip Stocks Will Decline in 2023, but That's Only Part of the Story",Motley Fool,https://finance.yahoo.com/m/ee967e88-19de-3d9c-80c7-1ff97076f215/chip-stocks-will-decline-in.html,1670074200,STORY
897d8852-e501-3914-8ace-625923197789,IT,2022-12-4,"Zacks.com featured highlights include Tap Genmab, KnowBe4, UserTesting, Enphase Energy and Gartner",Zacks,https://finance.yahoo.com/news/zacks-com-featured-highlights-tap-130401492.html,1669986241,STORY
42b41acb-7f7a-3784-a80c-31d116b87677,IT,2022-12-4,Why Is Gartner (IT) Up 10% Since Last Earnings Report?,Zacks,https://finance.yahoo.com/news/why-gartner-10-since-last-163104927.html,1669912264,STORY
54f8e086-3f2d-3474-b697-a590df647a2b,IT,2022-12-4,"Gartner, Inc. (IT) Soars to 52-Week High, Time to Cash Out?",Zacks,https://finance.yahoo.com/news/gartner-inc-soars-52-week-141502480.html,1669904102,STORY
27b6e2fd-7918-3de7-9c42-93851f58097f,IT,2022-12-4,Mastercard (MA) Partners to Help Unbanked Individuals in the UAE,Zacks,https://finance.yahoo.com/news/mastercard-ma-partners-help-unbanked-165304782.html,1669827184,STORY
bd78a6ba-ae8e-3579-8c6a-9468c8970654,IT,2022-12-4,"Only about 1 in 3 people think their pay is fair, but it’s not about the money—here’s what they’re missing in their workplace",Fortune,https://finance.yahoo.com/news/only-1-3-people-think-180715749.html,1669745235,STORY
357efbdd-41f0-308f-8e89-e03d11674f6b,IT,2022-12-4,"Why Taiwan Semiconductor, Intel, and Qualcomm Fell Today",Motley Fool,https://finance.yahoo.com/m/357efbdd-41f0-308f-8e89-e03d11674f6b/why-taiwan-semiconductor%2C.html,1669670314,STORY
98a18215-55e3-3a3c-bbfe-b8fb03be7620,IT,2022-12-4,"Is It Time To Consider Buying Gartner, Inc. (NYSE:IT)?",Simply Wall St.,https://finance.yahoo.com/news/time-consider-buying-gartner-inc-163424772.html,1669307664,STORY
ee967e88-19de-3d9c-80c7-1ff97076f215,IT,2022-12-5,"Chip Stocks Will Decline in 2023, but That's Only Part of the Story",Motley Fool,https://finance.yahoo.com/m/ee967e88-19de-3d9c-80c7-1ff97076f215/chip-stocks-will-decline-in.html,1670074200,STORY
897d8852-e501-3914-8ace-625923197789,IT,2022-12-5,"Zacks.com featured highlights include Tap Genmab, KnowBe4, UserTesting, Enphase Energy and Gartner",Zacks,https://finance.yahoo.com/news/zacks-com-featured-highlights-tap-130401492.html,1669986241,STORY
42b41acb-7f7a-3784-a80c-31d116b87677,IT,2022-12-5,Why Is Gartner (IT) Up 10% Since Last Earnings Report?,Zacks,https://finance.yahoo.com/news/why-gartner-10-since-last-163104927.html,1669912264,STORY
54f8e086-3f2d-3474-b697-a590df647a2b,IT,2022-12-5,"Gartner, Inc. (IT) Soars to 52-Week High, Time to Cash Out?",Zacks,https://finance.yahoo.com/news/gartner-inc-soars-52-week-141502480.html,1669904102,STORY
27b6e2fd-7918-3de7-9c42-93851f58097f,IT,2022-12-5,Mastercard (MA) Partners to Help Unbanked Individuals in the UAE,Zacks,https://finance.yahoo.com/news/mastercard-ma-partners-help-unbanked-165304782.html,1669827184,STORY
bd78a6ba-ae8e-3579-8c6a-9468c8970654,IT,2022-12-5,"Only about 1 in 3 people think their pay is fair, but it’s not about the money—here’s what they’re missing in their workplace",Fortune,https://finance.yahoo.com/news/only-1-3-people-think-180715749.html,1669745235,STORY
357efbdd-41f0-308f-8e89-e03d11674f6b,IT,2022-12-5,"Why Taiwan Semiconductor, Intel, and Qualcomm Fell Today",Motley Fool,https://finance.yahoo.com/m/357efbdd-41f0-308f-8e89-e03d11674f6b/why-taiwan-semiconductor%2C.html,1669670314,STORY
98a18215-55e3-3a3c-bbfe-b8fb03be7620,IT,2022-12-5,"Is It Time To Consider Buying Gartner, Inc. (NYSE:IT)?",Simply Wall St.,https://finance.yahoo.com/news/time-consider-buying-gartner-inc-163424772.html,1669307664,STORY
a44de6f6-dc5c-38d6-91ec-514cb84f0e9c,IT,2022-12-6,Gartner Identifies Top Trends to Impact CMOs in 2023,Business Wire,https://finance.yahoo.com/news/gartner-identifies-top-trends-impact-133500206.html,1670247300,STORY
ee967e88-19de-3d9c-80c7-1ff97076f215,IT,2022-12-6,"Chip Stocks Will Decline in 2023, but That's Only Part of the Story",Motley Fool,https://finance.yahoo.com/m/ee967e88-19de-3d9c-80c7-1ff97076f215/chip-stocks-will-decline-in.html,1670074200,STORY
897d8852-e501-3914-8ace-625923197789,IT,2022-12-6,"Zacks.com featured highlights include Tap Genmab, KnowBe4, UserTesting, Enphase Energy and Gartner",Zacks,https://finance.yahoo.com/news/zacks-com-featured-highlights-tap-130401492.html,1669986241,STORY
42b41acb-7f7a-3784-a80c-31d116b87677,IT,2022-12-6,Why Is Gartner (IT) Up 10% Since Last Earnings Report?,Zacks,https://finance.yahoo.com/news/why-gartner-10-since-last-163104927.html,1669912264,STORY
54f8e086-3f2d-3474-b697-a590df647a2b,IT,2022-12-6,"Gartner, Inc. (IT) Soars to 52-Week High, Time to Cash Out?",Zacks,https://finance.yahoo.com/news/gartner-inc-soars-52-week-141502480.html,1669904102,STORY
27b6e2fd-7918-3de7-9c42-93851f58097f,IT,2022-12-6,Mastercard (MA) Partners to Help Unbanked Individuals in the UAE,Zacks,https://finance.yahoo.com/news/mastercard-ma-partners-help-unbanked-165304782.html,1669827184,STORY
bd78a6ba-ae8e-3579-8c6a-9468c8970654,IT,2022-12-6,"Only about 1 in 3 people think their pay is fair, but it’s not about the money—here’s what they’re missing in their workplace",Fortune,https://finance.yahoo.com/news/only-1-3-people-think-180715749.html,1669745235,STORY
357efbdd-41f0-308f-8e89-e03d11674f6b,IT,2022-12-6,"Why Taiwan Semiconductor, Intel, and Qualcomm Fell Today",Motley Fool,https://finance.yahoo.com/m/357efbdd-41f0-308f-8e89-e03d11674f6b/why-taiwan-semiconductor%2C.html,1669670314,STORY
a44de6f6-dc5c-38d6-91ec-514cb84f0e9c,IT,2022-12-7,Gartner Identifies Top Trends to Impact CMOs in 2023,Business Wire,https://finance.yahoo.com/news/gartner-identifies-top-trends-impact-133500206.html,1670247300,STORY
ee967e88-19de-3d9c-80c7-1ff97076f215,IT,2022-12-7,"Chip Stocks Will Decline in 2023, but That's Only Part of the Story",Motley Fool,https://finance.yahoo.com/m/ee967e88-19de-3d9c-80c7-1ff97076f215/chip-stocks-will-decline-in.html,1670074200,STORY
897d8852-e501-3914-8ace-625923197789,IT,2022-12-7,"Zacks.com featured highlights include Tap Genmab, KnowBe4, UserTesting, Enphase Energy and Gartner",Zacks,https://finance.yahoo.com/news/zacks-com-featured-highlights-tap-130401492.html,1669986241,STORY
42b41acb-7f7a-3784-a80c-31d116b87677,IT,2022-12-7,Why Is Gartner (IT) Up 10% Since Last Earnings Report?,Zacks,https://finance.yahoo.com/news/why-gartner-10-since-last-163104927.html,1669912264,STORY
54f8e086-3f2d-3474-b697-a590df647a2b,IT,2022-12-7,"Gartner, Inc. (IT) Soars to 52-Week High, Time to Cash Out?",Zacks,https://finance.yahoo.com/news/gartner-inc-soars-52-week-141502480.html,1669904102,STORY
27b6e2fd-7918-3de7-9c42-93851f58097f,IT,2022-12-7,Mastercard (MA) Partners to Help Unbanked Individuals in the UAE,Zacks,https://finance.yahoo.com/news/mastercard-ma-partners-help-unbanked-165304782.html,1669827184,STORY
bd78a6ba-ae8e-3579-8c6a-9468c8970654,IT,2022-12-7,"Only about 1 in 3 people think their pay is fair, but it’s not about the money—here’s what they’re missing in their workplace",Fortune,https://finance.yahoo.com/news/only-1-3-people-think-180715749.html,1669745235,STORY
357efbdd-41f0-308f-8e89-e03d11674f6b,IT,2022-12-7,"Why Taiwan Semiconductor, Intel, and Qualcomm Fell Today",Motley Fool,https://finance.yahoo.com/m/357efbdd-41f0-308f-8e89-e03d11674f6b/why-taiwan-semiconductor%2C.html,1669670314,STORY
a44de6f6-dc5c-38d6-91ec-514cb84f0e9c,IT,2022-12-8,Gartner Identifies Top Trends to Impact CMOs in 2023,Business Wire,https://finance.yahoo.com/news/gartner-identifies-top-trends-impact-133500206.html,1670247300,STORY
ee967e88-19de-3d9c-80c7-1ff97076f215,IT,2022-12-8,"Chip Stocks Will Decline in 2023, but That's Only Part of the Story",Motley Fool,https://finance.yahoo.com/m/ee967e88-19de-3d9c-80c7-1ff97076f215/chip-stocks-will-decline-in.html,1670074200,STORY
897d8852-e501-3914-8ace-625923197789,IT,2022-12-8,"Zacks.com featured highlights include Tap Genmab, KnowBe4, UserTesting, Enphase Energy and Gartner",Zacks,https://finance.yahoo.com/news/zacks-com-featured-highlights-tap-130401492.html,1669986241,STORY
42b41acb-7f7a-3784-a80c-31d116b87677,IT,2022-12-8,Why Is Gartner (IT) Up 10% Since Last Earnings Report?,Zacks,https://finance.yahoo.com/news/why-gartner-10-since-last-163104927.html,1669912264,STORY
54f8e086-3f2d-3474-b697-a590df647a2b,IT,2022-12-8,"Gartner, Inc. (IT) Soars to 52-Week High, Time to Cash Out?",Zacks,https://finance.yahoo.com/news/gartner-inc-soars-52-week-141502480.html,1669904102,STORY
27b6e2fd-7918-3de7-9c42-93851f58097f,IT,2022-12-8,Mastercard (MA) Partners to Help Unbanked Individuals in the UAE,Zacks,https://finance.yahoo.com/news/mastercard-ma-partners-help-unbanked-165304782.html,1669827184,STORY
bd78a6ba-ae8e-3579-8c6a-9468c8970654,IT,2022-12-8,"Only about 1 in 3 people think their pay is fair, but it’s not about the money—here’s what they’re missing in their workplace",Fortune,https://finance.yahoo.com/news/only-1-3-people-think-180715749.html,1669745235,STORY
357efbdd-41f0-308f-8e89-e03d11674f6b,IT,2022-12-8,"Why Taiwan Semiconductor, Intel, and Qualcomm Fell Today",Motley Fool,https://finance.yahoo.com/m/357efbdd-41f0-308f-8e89-e03d11674f6b/why-taiwan-semiconductor%2C.html,1669670314,STORY
ef38337f-87f1-3118-85d8-a00578558076,IT,2022-12-9,Gartner (IT) Gains 34% in the Past 6 Months: Here's How,Zacks,https://finance.yahoo.com/news/gartner-gains-34-past-6-160804936.html,1670515684,STORY
a44de6f6-dc5c-38d6-91ec-514cb84f0e9c,IT,2022-12-9,Gartner Identifies Top Trends to Impact CMOs in 2023,Business Wire,https://finance.yahoo.com/news/gartner-identifies-top-trends-impact-133500206.html,1670247300,STORY
ee967e88-19de-3d9c-80c7-1ff97076f215,IT,2022-12-9,"Chip Stocks Will Decline in 2023, but That's Only Part of the Story",Motley Fool,https://finance.yahoo.com/m/ee967e88-19de-3d9c-80c7-1ff97076f215/chip-stocks-will-decline-in.html,1670074200,STORY
897d8852-e501-3914-8ace-625923197789,IT,2022-12-9,"Zacks.com featured highlights include Tap Genmab, KnowBe4, UserTesting, Enphase Energy and Gartner",Zacks,https://finance.yahoo.com/news/zacks-com-featured-highlights-tap-130401492.html,1669986241,STORY
42b41acb-7f7a-3784-a80c-31d116b87677,IT,2022-12-9,Why Is Gartner (IT) Up 10% Since Last Earnings Report?,Zacks,https://finance.yahoo.com/news/why-gartner-10-since-last-163104927.html,1669912264,STORY
54f8e086-3f2d-3474-b697-a590df647a2b,IT,2022-12-9,"Gartner, Inc. (IT) Soars to 52-Week High, Time to Cash Out?",Zacks,https://finance.yahoo.com/news/gartner-inc-soars-52-week-141502480.html,1669904102,STORY
27b6e2fd-7918-3de7-9c42-93851f58097f,IT,2022-12-9,Mastercard (MA) Partners to Help Unbanked Individuals in the UAE,Zacks,https://finance.yahoo.com/news/mastercard-ma-partners-help-unbanked-165304782.html,1669827184,STORY
bd78a6ba-ae8e-3579-8c6a-9468c8970654,IT,2022-12-9,"Only about 1 in 3 people think their pay is fair, but it’s not about the money—here’s what they’re missing in their workplace",Fortune,https://finance.yahoo.com/news/only-1-3-people-think-180715749.html,1669745235,STORY
ef38337f-87f1-3118-85d8-a00578558076,IT,2022-12-10,Gartner (IT) Gains 34% in the Past 6 Months: Here's How,Zacks,https://finance.yahoo.com/news/gartner-gains-34-past-6-160804936.html,1670515684,STORY
a44de6f6-dc5c-38d6-91ec-514cb84f0e9c,IT,2022-12-10,Gartner Identifies Top Trends to Impact CMOs in 2023,Business Wire,https://finance.yahoo.com/news/gartner-identifies-top-trends-impact-133500206.html,1670247300,STORY
ee967e88-19de-3d9c-80c7-1ff97076f215,IT,2022-12-10,"Chip Stocks Will Decline in 2023, but That's Only Part of the Story",Motley Fool,https://finance.yahoo.com/m/ee967e88-19de-3d9c-80c7-1ff97076f215/chip-stocks-will-decline-in.html,1670074200,STORY
897d8852-e501-3914-8ace-625923197789,IT,2022-12-10,"Zacks.com featured highlights include Tap Genmab, KnowBe4, UserTesting, Enphase Energy and Gartner",Zacks,https://finance.yahoo.com/news/zacks-com-featured-highlights-tap-130401492.html,1669986241,STORY
42b41acb-7f7a-3784-a80c-31d116b87677,IT,2022-12-10,Why Is Gartner (IT) Up 10% Since Last Earnings Report?,Zacks,https://finance.yahoo.com/news/why-gartner-10-since-last-163104927.html,1669912264,STORY
54f8e086-3f2d-3474-b697-a590df647a2b,IT,2022-12-10,"Gartner, Inc. (IT) Soars to 52-Week High, Time to Cash Out?",Zacks,https://finance.yahoo.com/news/gartner-inc-soars-52-week-141502480.html,1669904102,STORY
27b6e2fd-7918-3de7-9c42-93851f58097f,IT,2022-12-10,Mastercard (MA) Partners to Help Unbanked Individuals in the UAE,Zacks,https://finance.yahoo.com/news/mastercard-ma-partners-help-unbanked-165304782.html,1669827184,STORY
bd78a6ba-ae8e-3579-8c6a-9468c8970654,IT,2022-12-10,"Only about 1 in 3 people think their pay is fair, but it’s not about the money—here’s what they’re missing in their workplace",Fortune,https://finance.yahoo.com/news/only-1-3-people-think-180715749.html,1669745235,STORY
ef38337f-87f1-3118-85d8-a00578558076,IT,2022-12-11,Gartner (IT) Gains 34% in the Past 6 Months: Here's How,Zacks,https://finance.yahoo.com/news/gartner-gains-34-past-6-160804936.html,1670515684,STORY
a44de6f6-dc5c-38d6-91ec-514cb84f0e9c,IT,2022-12-11,Gartner Identifies Top Trends to Impact CMOs in 2023,Business Wire,https://finance.yahoo.com/news/gartner-identifies-top-trends-impact-133500206.html,1670247300,STORY
ee967e88-19de-3d9c-80c7-1ff97076f215,IT,2022-12-11,"Chip Stocks Will Decline in 2023, but That's Only Part of the Story",Motley Fool,https://finance.yahoo.com/m/ee967e88-19de-3d9c-80c7-1ff97076f215/chip-stocks-will-decline-in.html,1670074200,STORY
897d8852-e501-3914-8ace-625923197789,IT,2022-12-11,"Zacks.com featured highlights include Tap Genmab, KnowBe4, UserTesting, Enphase Energy and Gartner",Zacks,https://finance.yahoo.com/news/zacks-com-featured-highlights-tap-130401492.html,1669986241,STORY
42b41acb-7f7a-3784-a80c-31d116b87677,IT,2022-12-11,Why Is Gartner (IT) Up 10% Since Last Earnings Report?,Zacks,https://finance.yahoo.com/news/why-gartner-10-since-last-163104927.html,1669912264,STORY
54f8e086-3f2d-3474-b697-a590df647a2b,IT,2022-12-11,"Gartner, Inc. (IT) Soars to 52-Week High, Time to Cash Out?",Zacks,https://finance.yahoo.com/news/gartner-inc-soars-52-week-141502480.html,1669904102,STORY
27b6e2fd-7918-3de7-9c42-93851f58097f,IT,2022-12-11,Mastercard (MA) Partners to Help Unbanked Individuals in the UAE,Zacks,https://finance.yahoo.com/news/mastercard-ma-partners-help-unbanked-165304782.html,1669827184,STORY
bd78a6ba-ae8e-3579-8c6a-9468c8970654,IT,2022-12-11,"Only about 1 in 3 people think their pay is fair, but it’s not about the money—here’s what they’re missing in their workplace",Fortune,https://finance.yahoo.com/news/only-1-3-people-think-180715749.html,1669745235,STORY
ef38337f-87f1-3118-85d8-a00578558076,IT,2022-12-12,Gartner (IT) Gains 34% in the Past 6 Months: Here's How,Zacks,https://finance.yahoo.com/news/gartner-gains-34-past-6-160804936.html,1670515684,STORY
a44de6f6-dc5c-38d6-91ec-514cb84f0e9c,IT,2022-12-12,Gartner Identifies Top Trends to Impact CMOs in 2023,Business Wire,https://finance.yahoo.com/news/gartner-identifies-top-trends-impact-133500206.html,1670247300,STORY
ee967e88-19de-3d9c-80c7-1ff97076f215,IT,2022-12-12,"Chip Stocks Will Decline in 2023, but That's Only Part of the Story",Motley Fool,https://finance.yahoo.com/m/ee967e88-19de-3d9c-80c7-1ff97076f215/chip-stocks-will-decline-in.html,1670074200,STORY
897d8852-e501-3914-8ace-625923197789,IT,2022-12-12,"Zacks.com featured highlights include Tap Genmab, KnowBe4, UserTesting, Enphase Energy and Gartner",Zacks,https://finance.yahoo.com/news/zacks-com-featured-highlights-tap-130401492.html,1669986241,STORY
42b41acb-7f7a-3784-a80c-31d116b87677,IT,2022-12-12,Why Is Gartner (IT) Up 10% Since Last Earnings Report?,Zacks,https://finance.yahoo.com/news/why-gartner-10-since-last-163104927.html,1669912264,STORY
54f8e086-3f2d-3474-b697-a590df647a2b,IT,2022-12-12,"Gartner, Inc. (IT) Soars to 52-Week High, Time to Cash Out?",Zacks,https://finance.yahoo.com/news/gartner-inc-soars-52-week-141502480.html,1669904102,STORY
27b6e2fd-7918-3de7-9c42-93851f58097f,IT,2022-12-12,Mastercard (MA) Partners to Help Unbanked Individuals in the UAE,Zacks,https://finance.yahoo.com/news/mastercard-ma-partners-help-unbanked-165304782.html,1669827184,STORY
bd78a6ba-ae8e-3579-8c6a-9468c8970654,IT,2022-12-12,"Only about 1 in 3 people think their pay is fair, but it’s not about the money—here’s what they’re missing in their workplace",Fortune,https://finance.yahoo.com/news/only-1-3-people-think-180715749.html,1669745235,STORY
39a7b6a7-3f77-3b2d-a314-e2b4a2049ffc,IT,2022-12-13,"Gartner Predictions for CMOs Show AI, Social Toxicity, and Data Privacy Forge the Future of Marketing",Business Wire,https://finance.yahoo.com/news/gartner-predictions-cmos-show-ai-130100999.html,1670936460,STORY
5e2c01f3-0936-30ec-b253-5f7dfdc49683,IT,2022-12-13,Gartner (IT) is a Top-Ranked Value Stock: Should You Buy?,Zacks,https://finance.yahoo.com/news/gartner-top-ranked-value-stock-144002079.html,1670856002,STORY
a48ddd12-8fba-3c05-a672-9a6813bef3f5,IT,2022-12-13,Gartner Predicts Half of Sales Leadership Roles Will be Filled by Historically Underrepresented Groups Within Five Years,Business Wire,https://finance.yahoo.com/news/gartner-predicts-half-sales-leadership-144000256.html,1670856000,STORY
ef38337f-87f1-3118-85d8-a00578558076,IT,2022-12-13,Gartner (IT) Gains 34% in the Past 6 Months: Here's How,Zacks,https://finance.yahoo.com/news/gartner-gains-34-past-6-160804936.html,1670515684,STORY
a44de6f6-dc5c-38d6-91ec-514cb84f0e9c,IT,2022-12-13,Gartner Identifies Top Trends to Impact CMOs in 2023,Business Wire,https://finance.yahoo.com/news/gartner-identifies-top-trends-impact-133500206.html,1670247300,STORY
ee967e88-19de-3d9c-80c7-1ff97076f215,IT,2022-12-13,"Chip Stocks Will Decline in 2023, but That's Only Part of the Story",Motley Fool,https://finance.yahoo.com/m/ee967e88-19de-3d9c-80c7-1ff97076f215/chip-stocks-will-decline-in.html,1670074200,STORY
897d8852-e501-3914-8ace-625923197789,IT,2022-12-13,"Zacks.com featured highlights include Tap Genmab, KnowBe4, UserTesting, Enphase Energy and Gartner",Zacks,https://finance.yahoo.com/news/zacks-com-featured-highlights-tap-130401492.html,1669986241,STORY
42b41acb-7f7a-3784-a80c-31d116b87677,IT,2022-12-13,Why Is Gartner (IT) Up 10% Since Last Earnings Report?,Zacks,https://finance.yahoo.com/news/why-gartner-10-since-last-163104927.html,1669912264,STORY
39a7b6a7-3f77-3b2d-a314-e2b4a2049ffc,IT,2022-12-14,"Gartner Predictions for CMOs Show AI, Social Toxicity, and Data Privacy Forge the Future of Marketing",Business Wire,https://finance.yahoo.com/news/gartner-predictions-cmos-show-ai-130100999.html,1670936460,STORY
5e2c01f3-0936-30ec-b253-5f7dfdc49683,IT,2022-12-14,Gartner (IT) is a Top-Ranked Value Stock: Should You Buy?,Zacks,https://finance.yahoo.com/news/gartner-top-ranked-value-stock-144002079.html,1670856002,STORY
a48ddd12-8fba-3c05-a672-9a6813bef3f5,IT,2022-12-14,Gartner Predicts Half of Sales Leadership Roles Will be Filled by Historically Underrepresented Groups Within Five Years,Business Wire,https://finance.yahoo.com/news/gartner-predicts-half-sales-leadership-144000256.html,1670856000,STORY
ef38337f-87f1-3118-85d8-a00578558076,IT,2022-12-14,Gartner (IT) Gains 34% in the Past 6 Months: Here's How,Zacks,https://finance.yahoo.com/news/gartner-gains-34-past-6-160804936.html,1670515684,STORY
a44de6f6-dc5c-38d6-91ec-514cb84f0e9c,IT,2022-12-14,Gartner Identifies Top Trends to Impact CMOs in 2023,Business Wire,https://finance.yahoo.com/news/gartner-identifies-top-trends-impact-133500206.html,1670247300,STORY
ee967e88-19de-3d9c-80c7-1ff97076f215,IT,2022-12-14,"Chip Stocks Will Decline in 2023, but That's Only Part of the Story",Motley Fool,https://finance.yahoo.com/m/ee967e88-19de-3d9c-80c7-1ff97076f215/chip-stocks-will-decline-in.html,1670074200,STORY
897d8852-e501-3914-8ace-625923197789,IT,2022-12-14,"Zacks.com featured highlights include Tap Genmab, KnowBe4, UserTesting, Enphase Energy and Gartner",Zacks,https://finance.yahoo.com/news/zacks-com-featured-highlights-tap-130401492.html,1669986241,STORY
42b41acb-7f7a-3784-a80c-31d116b87677,IT,2022-12-14,Why Is Gartner (IT) Up 10% Since Last Earnings Report?,Zacks,https://finance.yahoo.com/news/why-gartner-10-since-last-163104927.html,1669912264,STORY
39a7b6a7-3f77-3b2d-a314-e2b4a2049ffc,IT,2022-12-15,"Gartner Predictions for CMOs Show AI, Social Toxicity, and Data Privacy Forge the Future of Marketing",Business Wire,https://finance.yahoo.com/news/gartner-predictions-cmos-show-ai-130100999.html,1670936460,STORY
5e2c01f3-0936-30ec-b253-5f7dfdc49683,IT,2022-12-15,Gartner (IT) is a Top-Ranked Value Stock: Should You Buy?,Zacks,https://finance.yahoo.com/news/gartner-top-ranked-value-stock-144002079.html,1670856002,STORY
a48ddd12-8fba-3c05-a672-9a6813bef3f5,IT,2022-12-15,Gartner Predicts Half of Sales Leadership Roles Will be Filled by Historically Underrepresented Groups Within Five Years,Business Wire,https://finance.yahoo.com/news/gartner-predicts-half-sales-leadership-144000256.html,1670856000,STORY
ef38337f-87f1-3118-85d8-a00578558076,IT,2022-12-15,Gartner (IT) Gains 34% in the Past 6 Months: Here's How,Zacks,https://finance.yahoo.com/news/gartner-gains-34-past-6-160804936.html,1670515684,STORY
a44de6f6-dc5c-38d6-91ec-514cb84f0e9c,IT,2022-12-15,Gartner Identifies Top Trends to Impact CMOs in 2023,Business Wire,https://finance.yahoo.com/news/gartner-identifies-top-trends-impact-133500206.html,1670247300,STORY
ee967e88-19de-3d9c-80c7-1ff97076f215,IT,2022-12-15,"Chip Stocks Will Decline in 2023, but That's Only Part of the Story",Motley Fool,https://finance.yahoo.com/m/ee967e88-19de-3d9c-80c7-1ff97076f215/chip-stocks-will-decline-in.html,1670074200,STORY
897d8852-e501-3914-8ace-625923197789,IT,2022-12-15,"Zacks.com featured highlights include Tap Genmab, KnowBe4, UserTesting, Enphase Energy and Gartner",Zacks,https://finance.yahoo.com/news/zacks-com-featured-highlights-tap-130401492.html,1669986241,STORY
42b41acb-7f7a-3784-a80c-31d116b87677,IT,2022-12-15,Why Is Gartner (IT) Up 10% Since Last Earnings Report?,Zacks,https://finance.yahoo.com/news/why-gartner-10-since-last-163104927.html,1669912264,STORY
39a7b6a7-3f77-3b2d-a314-e2b4a2049ffc,IT,2022-12-16,"Gartner Predictions for CMOs Show AI, Social Toxicity, and Data Privacy Forge the Future of Marketing",Business Wire,https://finance.yahoo.com/news/gartner-predictions-cmos-show-ai-130100999.html,1670936460,STORY
5e2c01f3-0936-30ec-b253-5f7dfdc49683,IT,2022-12-16,Gartner (IT) is a Top-Ranked Value Stock: Should You Buy?,Zacks,https://finance.yahoo.com/news/gartner-top-ranked-value-stock-144002079.html,1670856002,STORY
a48ddd12-8fba-3c05-a672-9a6813bef3f5,IT,2022-12-16,Gartner Predicts Half of Sales Leadership Roles Will be Filled by Historically Underrepresented Groups Within Five Years,Business Wire,https://finance.yahoo.com/news/gartner-predicts-half-sales-leadership-144000256.html,1670856000,STORY
ef38337f-87f1-3118-85d8-a00578558076,IT,2022-12-16,Gartner (IT) Gains 34% in the Past 6 Months: Here's How,Zacks,https://finance.yahoo.com/news/gartner-gains-34-past-6-160804936.html,1670515684,STORY
a44de6f6-dc5c-38d6-91ec-514cb84f0e9c,IT,2022-12-16,Gartner Identifies Top Trends to Impact CMOs in 2023,Business Wire,https://finance.yahoo.com/news/gartner-identifies-top-trends-impact-133500206.html,1670247300,STORY
ee967e88-19de-3d9c-80c7-1ff97076f215,IT,2022-12-16,"Chip Stocks Will Decline in 2023, but That's Only Part of the Story",Motley Fool,https://finance.yahoo.com/m/ee967e88-19de-3d9c-80c7-1ff97076f215/chip-stocks-will-decline-in.html,1670074200,STORY
897d8852-e501-3914-8ace-625923197789,IT,2022-12-16,"Zacks.com featured highlights include Tap Genmab, KnowBe4, UserTesting, Enphase Energy and Gartner",Zacks,https://finance.yahoo.com/news/zacks-com-featured-highlights-tap-130401492.html,1669986241,STORY
42b41acb-7f7a-3784-a80c-31d116b87677,IT,2022-12-16,Why Is Gartner (IT) Up 10% Since Last Earnings Report?,Zacks,https://finance.yahoo.com/news/why-gartner-10-since-last-163104927.html,1669912264,STORY
39a7b6a7-3f77-3b2d-a314-e2b4a2049ffc,IT,2022-12-17,"Gartner Predictions for CMOs Show AI, Social Toxicity, and Data Privacy Forge the Future of Marketing",Business Wire,https://finance.yahoo.com/news/gartner-predictions-cmos-show-ai-130100999.html,1670936460,STORY
5e2c01f3-0936-30ec-b253-5f7dfdc49683,IT,2022-12-17,Gartner (IT) is a Top-Ranked Value Stock: Should You Buy?,Zacks,https://finance.yahoo.com/news/gartner-top-ranked-value-stock-144002079.html,1670856002,STORY
a48ddd12-8fba-3c05-a672-9a6813bef3f5,IT,2022-12-17,Gartner Predicts Half of Sales Leadership Roles Will be Filled by Historically Underrepresented Groups Within Five Years,Business Wire,https://finance.yahoo.com/news/gartner-predicts-half-sales-leadership-144000256.html,1670856000,STORY
ef38337f-87f1-3118-85d8-a00578558076,IT,2022-12-17,Gartner (IT) Gains 34% in the Past 6 Months: Here's How,Zacks,https://finance.yahoo.com/news/gartner-gains-34-past-6-160804936.html,1670515684,STORY
a44de6f6-dc5c-38d6-91ec-514cb84f0e9c,IT,2022-12-17,Gartner Identifies Top Trends to Impact CMOs in 2023,Business Wire,https://finance.yahoo.com/news/gartner-identifies-top-trends-impact-133500206.html,1670247300,STORY
ee967e88-19de-3d9c-80c7-1ff97076f215,IT,2022-12-17,"Chip Stocks Will Decline in 2023, but That's Only Part of the Story",Motley Fool,https://finance.yahoo.com/m/ee967e88-19de-3d9c-80c7-1ff97076f215/chip-stocks-will-decline-in.html,1670074200,STORY
897d8852-e501-3914-8ace-625923197789,IT,2022-12-17,"Zacks.com featured highlights include Tap Genmab, KnowBe4, UserTesting, Enphase Energy and Gartner",Zacks,https://finance.yahoo.com/news/zacks-com-featured-highlights-tap-130401492.html,1669986241,STORY
42b41acb-7f7a-3784-a80c-31d116b87677,IT,2022-12-17,Why Is Gartner (IT) Up 10% Since Last Earnings Report?,Zacks,https://finance.yahoo.com/news/why-gartner-10-since-last-163104927.html,1669912264,STORY
39a7b6a7-3f77-3b2d-a314-e2b4a2049ffc,IT,2022-12-18,"Gartner Predictions for CMOs Show AI, Social Toxicity, and Data Privacy Forge the Future of Marketing",Business Wire,https://finance.yahoo.com/news/gartner-predictions-cmos-show-ai-130100999.html,1670936460,STORY
5e2c01f3-0936-30ec-b253-5f7dfdc49683,IT,2022-12-18,Gartner (IT) is a Top-Ranked Value Stock: Should You Buy?,Zacks,https://finance.yahoo.com/news/gartner-top-ranked-value-stock-144002079.html,1670856002,STORY
a48ddd12-8fba-3c05-a672-9a6813bef3f5,IT,2022-12-18,Gartner Predicts Half of Sales Leadership Roles Will be Filled by Historically Underrepresented Groups Within Five Years,Business Wire,https://finance.yahoo.com/news/gartner-predicts-half-sales-leadership-144000256.html,1670856000,STORY
ef38337f-87f1-3118-85d8-a00578558076,IT,2022-12-18,Gartner (IT) Gains 34% in the Past 6 Months: Here's How,Zacks,https://finance.yahoo.com/news/gartner-gains-34-past-6-160804936.html,1670515684,STORY
a44de6f6-dc5c-38d6-91ec-514cb84f0e9c,IT,2022-12-18,Gartner Identifies Top Trends to Impact CMOs in 2023,Business Wire,https://finance.yahoo.com/news/gartner-identifies-top-trends-impact-133500206.html,1670247300,STORY
ee967e88-19de-3d9c-80c7-1ff97076f215,IT,2022-12-18,"Chip Stocks Will Decline in 2023, but That's Only Part of the Story",Motley Fool,https://finance.yahoo.com/m/ee967e88-19de-3d9c-80c7-1ff97076f215/chip-stocks-will-decline-in.html,1670074200,STORY
897d8852-e501-3914-8ace-625923197789,IT,2022-12-18,"Zacks.com featured highlights include Tap Genmab, KnowBe4, UserTesting, Enphase Energy and Gartner",Zacks,https://finance.yahoo.com/news/zacks-com-featured-highlights-tap-130401492.html,1669986241,STORY
42b41acb-7f7a-3784-a80c-31d116b87677,IT,2022-12-18,Why Is Gartner (IT) Up 10% Since Last Earnings Report?,Zacks,https://finance.yahoo.com/news/why-gartner-10-since-last-163104927.html,1669912264,STORY
39a7b6a7-3f77-3b2d-a314-e2b4a2049ffc,IT,2022-12-19,"Gartner Predictions for CMOs Show AI, Social Toxicity, and Data Privacy Forge the Future of Marketing",Business Wire,https://finance.yahoo.com/news/gartner-predictions-cmos-show-ai-130100999.html,1670936460,STORY
5e2c01f3-0936-30ec-b253-5f7dfdc49683,IT,2022-12-19,Gartner (IT) is a Top-Ranked Value Stock: Should You Buy?,Zacks,https://finance.yahoo.com/news/gartner-top-ranked-value-stock-144002079.html,1670856002,STORY
a48ddd12-8fba-3c05-a672-9a6813bef3f5,IT,2022-12-19,Gartner Predicts Half of Sales Leadership Roles Will be Filled by Historically Underrepresented Groups Within Five Years,Business Wire,https://finance.yahoo.com/news/gartner-predicts-half-sales-leadership-144000256.html,1670856000,STORY
ef38337f-87f1-3118-85d8-a00578558076,IT,2022-12-19,Gartner (IT) Gains 34% in the Past 6 Months: Here's How,Zacks,https://finance.yahoo.com/news/gartner-gains-34-past-6-160804936.html,1670515684,STORY
a44de6f6-dc5c-38d6-91ec-514cb84f0e9c,IT,2022-12-19,Gartner Identifies Top Trends to Impact CMOs in 2023,Business Wire,https://finance.yahoo.com/news/gartner-identifies-top-trends-impact-133500206.html,1670247300,STORY
ee967e88-19de-3d9c-80c7-1ff97076f215,IT,2022-12-19,"Chip Stocks Will Decline in 2023, but That's Only Part of the Story",Motley Fool,https://finance.yahoo.com/m/ee967e88-19de-3d9c-80c7-1ff97076f215/chip-stocks-will-decline-in.html,1670074200,STORY
897d8852-e501-3914-8ace-625923197789,IT,2022-12-19,"Zacks.com featured highlights include Tap Genmab, KnowBe4, UserTesting, Enphase Energy and Gartner",Zacks,https://finance.yahoo.com/news/zacks-com-featured-highlights-tap-130401492.html,1669986241,STORY
42b41acb-7f7a-3784-a80c-31d116b87677,IT,2022-12-19,Why Is Gartner (IT) Up 10% Since Last Earnings Report?,Zacks,https://finance.yahoo.com/news/why-gartner-10-since-last-163104927.html,1669912264,STORY
91ee9f53-71d1-3990-85d9-df31e0055972,IT,2022-12-20,Gartner (IT) Stock Rose in Q3 on Management Guidance,Insider Monkey,https://finance.yahoo.com/news/gartner-stock-rose-q3-management-140205387.html,1671458525,STORY
39a7b6a7-3f77-3b2d-a314-e2b4a2049ffc,IT,2022-12-20,"Gartner Predictions for CMOs Show AI, Social Toxicity, and Data Privacy Forge the Future of Marketing",Business Wire,https://finance.yahoo.com/news/gartner-predictions-cmos-show-ai-130100999.html,1670936460,STORY
5e2c01f3-0936-30ec-b253-5f7dfdc49683,IT,2022-12-20,Gartner (IT) is a Top-Ranked Value Stock: Should You Buy?,Zacks,https://finance.yahoo.com/news/gartner-top-ranked-value-stock-144002079.html,1670856002,STORY
a48ddd12-8fba-3c05-a672-9a6813bef3f5,IT,2022-12-20,Gartner Predicts Half of Sales Leadership Roles Will be Filled by Historically Underrepresented Groups Within Five Years,Business Wire,https://finance.yahoo.com/news/gartner-predicts-half-sales-leadership-144000256.html,1670856000,STORY
ef38337f-87f1-3118-85d8-a00578558076,IT,2022-12-20,Gartner (IT) Gains 34% in the Past 6 Months: Here's How,Zacks,https://finance.yahoo.com/news/gartner-gains-34-past-6-160804936.html,1670515684,STORY
a44de6f6-dc5c-38d6-91ec-514cb84f0e9c,IT,2022-12-20,Gartner Identifies Top Trends to Impact CMOs in 2023,Business Wire,https://finance.yahoo.com/news/gartner-identifies-top-trends-impact-133500206.html,1670247300,STORY
ee967e88-19de-3d9c-80c7-1ff97076f215,IT,2022-12-20,"Chip Stocks Will Decline in 2023, but That's Only Part of the Story",Motley Fool,https://finance.yahoo.com/m/ee967e88-19de-3d9c-80c7-1ff97076f215/chip-stocks-will-decline-in.html,1670074200,STORY
897d8852-e501-3914-8ace-625923197789,IT,2022-12-20,"Zacks.com featured highlights include Tap Genmab, KnowBe4, UserTesting, Enphase Energy and Gartner",Zacks,https://finance.yahoo.com/news/zacks-com-featured-highlights-tap-130401492.html,1669986241,STORY
f6adadff-8c65-3405-ad5e-b1cd05a54f5f,IT,2022-12-21,Is Futu Holdings (FUTU) Stock Outpacing Its Business Services Peers This Year?,Zacks,https://finance.yahoo.com/news/futu-holdings-futu-stock-outpacing-144002617.html,1671547202,STORY
91ee9f53-71d1-3990-85d9-df31e0055972,IT,2022-12-21,Gartner (IT) Stock Rose in Q3 on Management Guidance,Insider Monkey,https://finance.yahoo.com/news/gartner-stock-rose-q3-management-140205387.html,1671458525,STORY
39a7b6a7-3f77-3b2d-a314-e2b4a2049ffc,IT,2022-12-21,"Gartner Predictions for CMOs Show AI, Social Toxicity, and Data Privacy Forge the Future of Marketing",Business Wire,https://finance.yahoo.com/news/gartner-predictions-cmos-show-ai-130100999.html,1670936460,STORY
5e2c01f3-0936-30ec-b253-5f7dfdc49683,IT,2022-12-21,Gartner (IT) is a Top-Ranked Value Stock: Should You Buy?,Zacks,https://finance.yahoo.com/news/gartner-top-ranked-value-stock-144002079.html,1670856002,STORY
a48ddd12-8fba-3c05-a672-9a6813bef3f5,IT,2022-12-21,Gartner Predicts Half of Sales Leadership Roles Will be Filled by Historically Underrepresented Groups Within Five Years,Business Wire,https://finance.yahoo.com/news/gartner-predicts-half-sales-leadership-144000256.html,1670856000,STORY
ef38337f-87f1-3118-85d8-a00578558076,IT,2022-12-21,Gartner (IT) Gains 34% in the Past 6 Months: Here's How,Zacks,https://finance.yahoo.com/news/gartner-gains-34-past-6-160804936.html,1670515684,STORY
a44de6f6-dc5c-38d6-91ec-514cb84f0e9c,IT,2022-12-21,Gartner Identifies Top Trends to Impact CMOs in 2023,Business Wire,https://finance.yahoo.com/news/gartner-identifies-top-trends-impact-133500206.html,1670247300,STORY
ee967e88-19de-3d9c-80c7-1ff97076f215,IT,2022-12-21,"Chip Stocks Will Decline in 2023, but That's Only Part of the Story",Motley Fool,https://finance.yahoo.com/m/ee967e88-19de-3d9c-80c7-1ff97076f215/chip-stocks-will-decline-in.html,1670074200,STORY
f6adadff-8c65-3405-ad5e-b1cd05a54f5f,IT,2022-12-22,Is Futu Holdings (FUTU) Stock Outpacing Its Business Services Peers This Year?,Zacks,https://finance.yahoo.com/news/futu-holdings-futu-stock-outpacing-144002617.html,1671547202,STORY
91ee9f53-71d1-3990-85d9-df31e0055972,IT,2022-12-22,Gartner (IT) Stock Rose in Q3 on Management Guidance,Insider Monkey,https://finance.yahoo.com/news/gartner-stock-rose-q3-management-140205387.html,1671458525,STORY
39a7b6a7-3f77-3b2d-a314-e2b4a2049ffc,IT,2022-12-22,"Gartner Predictions for CMOs Show AI, Social Toxicity, and Data Privacy Forge the Future of Marketing",Business Wire,https://finance.yahoo.com/news/gartner-predictions-cmos-show-ai-130100999.html,1670936460,STORY
5e2c01f3-0936-30ec-b253-5f7dfdc49683,IT,2022-12-22,Gartner (IT) is a Top-Ranked Value Stock: Should You Buy?,Zacks,https://finance.yahoo.com/news/gartner-top-ranked-value-stock-144002079.html,1670856002,STORY
a48ddd12-8fba-3c05-a672-9a6813bef3f5,IT,2022-12-22,Gartner Predicts Half of Sales Leadership Roles Will be Filled by Historically Underrepresented Groups Within Five Years,Business Wire,https://finance.yahoo.com/news/gartner-predicts-half-sales-leadership-144000256.html,1670856000,STORY
ef38337f-87f1-3118-85d8-a00578558076,IT,2022-12-22,Gartner (IT) Gains 34% in the Past 6 Months: Here's How,Zacks,https://finance.yahoo.com/news/gartner-gains-34-past-6-160804936.html,1670515684,STORY
a44de6f6-dc5c-38d6-91ec-514cb84f0e9c,IT,2022-12-22,Gartner Identifies Top Trends to Impact CMOs in 2023,Business Wire,https://finance.yahoo.com/news/gartner-identifies-top-trends-impact-133500206.html,1670247300,STORY
ee967e88-19de-3d9c-80c7-1ff97076f215,IT,2022-12-22,"Chip Stocks Will Decline in 2023, but That's Only Part of the Story",Motley Fool,https://finance.yahoo.com/m/ee967e88-19de-3d9c-80c7-1ff97076f215/chip-stocks-will-decline-in.html,1670074200,STORY
f6adadff-8c65-3405-ad5e-b1cd05a54f5f,IT,2022-12-23,Is Futu Holdings (FUTU) Stock Outpacing Its Business Services Peers This Year?,Zacks,https://finance.yahoo.com/news/futu-holdings-futu-stock-outpacing-144002617.html,1671547202,STORY
91ee9f53-71d1-3990-85d9-df31e0055972,IT,2022-12-23,Gartner (IT) Stock Rose in Q3 on Management Guidance,Insider Monkey,https://finance.yahoo.com/news/gartner-stock-rose-q3-management-140205387.html,1671458525,STORY
39a7b6a7-3f77-3b2d-a314-e2b4a2049ffc,IT,2022-12-23,"Gartner Predictions for CMOs Show AI, Social Toxicity, and Data Privacy Forge the Future of Marketing",Business Wire,https://finance.yahoo.com/news/gartner-predictions-cmos-show-ai-130100999.html,1670936460,STORY
5e2c01f3-0936-30ec-b253-5f7dfdc49683,IT,2022-12-23,Gartner (IT) is a Top-Ranked Value Stock: Should You Buy?,Zacks,https://finance.yahoo.com/news/gartner-top-ranked-value-stock-144002079.html,1670856002,STORY
a48ddd12-8fba-3c05-a672-9a6813bef3f5,IT,2022-12-23,Gartner Predicts Half of Sales Leadership Roles Will be Filled by Historically Underrepresented Groups Within Five Years,Business Wire,https://finance.yahoo.com/news/gartner-predicts-half-sales-leadership-144000256.html,1670856000,STORY
ef38337f-87f1-3118-85d8-a00578558076,IT,2022-12-23,Gartner (IT) Gains 34% in the Past 6 Months: Here's How,Zacks,https://finance.yahoo.com/news/gartner-gains-34-past-6-160804936.html,1670515684,STORY
a44de6f6-dc5c-38d6-91ec-514cb84f0e9c,IT,2022-12-23,Gartner Identifies Top Trends to Impact CMOs in 2023,Business Wire,https://finance.yahoo.com/news/gartner-identifies-top-trends-impact-133500206.html,1670247300,STORY
ee967e88-19de-3d9c-80c7-1ff97076f215,IT,2022-12-23,"Chip Stocks Will Decline in 2023, but That's Only Part of the Story",Motley Fool,https://finance.yahoo.com/m/ee967e88-19de-3d9c-80c7-1ff97076f215/chip-stocks-will-decline-in.html,1670074200,STORY
1dd939e7-51d6-33a8-98d6-e1cc5421161a,IT,2022-12-24,3 Stocks From the Flourishing Consulting Services Industry,Zacks,https://finance.yahoo.com/news/3-stocks-flourishing-consulting-services-150003478.html,1671807603,STORY
f6adadff-8c65-3405-ad5e-b1cd05a54f5f,IT,2022-12-24,Is Futu Holdings (FUTU) Stock Outpacing Its Business Services Peers This Year?,Zacks,https://finance.yahoo.com/news/futu-holdings-futu-stock-outpacing-144002617.html,1671547202,STORY
91ee9f53-71d1-3990-85d9-df31e0055972,IT,2022-12-24,Gartner (IT) Stock Rose in Q3 on Management Guidance,Insider Monkey,https://finance.yahoo.com/news/gartner-stock-rose-q3-management-140205387.html,1671458525,STORY
39a7b6a7-3f77-3b2d-a314-e2b4a2049ffc,IT,2022-12-24,"Gartner Predictions for CMOs Show AI, Social Toxicity, and Data Privacy Forge the Future of Marketing",Business Wire,https://finance.yahoo.com/news/gartner-predictions-cmos-show-ai-130100999.html,1670936460,STORY
5e2c01f3-0936-30ec-b253-5f7dfdc49683,IT,2022-12-24,Gartner (IT) is a Top-Ranked Value Stock: Should You Buy?,Zacks,https://finance.yahoo.com/news/gartner-top-ranked-value-stock-144002079.html,1670856002,STORY
a48ddd12-8fba-3c05-a672-9a6813bef3f5,IT,2022-12-24,Gartner Predicts Half of Sales Leadership Roles Will be Filled by Historically Underrepresented Groups Within Five Years,Business Wire,https://finance.yahoo.com/news/gartner-predicts-half-sales-leadership-144000256.html,1670856000,STORY
ef38337f-87f1-3118-85d8-a00578558076,IT,2022-12-24,Gartner (IT) Gains 34% in the Past 6 Months: Here's How,Zacks,https://finance.yahoo.com/news/gartner-gains-34-past-6-160804936.html,1670515684,STORY
a44de6f6-dc5c-38d6-91ec-514cb84f0e9c,IT,2022-12-24,Gartner Identifies Top Trends to Impact CMOs in 2023,Business Wire,https://finance.yahoo.com/news/gartner-identifies-top-trends-impact-133500206.html,1670247300,STORY
1dd939e7-51d6-33a8-98d6-e1cc5421161a,IT,2022-12-25,3 Stocks From the Flourishing Consulting Services Industry,Zacks,https://finance.yahoo.com/news/3-stocks-flourishing-consulting-services-150003478.html,1671807603,STORY
f6adadff-8c65-3405-ad5e-b1cd05a54f5f,IT,2022-12-25,Is Futu Holdings (FUTU) Stock Outpacing Its Business Services Peers This Year?,Zacks,https://finance.yahoo.com/news/futu-holdings-futu-stock-outpacing-144002617.html,1671547202,STORY
91ee9f53-71d1-3990-85d9-df31e0055972,IT,2022-12-25,Gartner (IT) Stock Rose in Q3 on Management Guidance,Insider Monkey,https://finance.yahoo.com/news/gartner-stock-rose-q3-management-140205387.html,1671458525,STORY
39a7b6a7-3f77-3b2d-a314-e2b4a2049ffc,IT,2022-12-25,"Gartner Predictions for CMOs Show AI, Social Toxicity, and Data Privacy Forge the Future of Marketing",Business Wire,https://finance.yahoo.com/news/gartner-predictions-cmos-show-ai-130100999.html,1670936460,STORY
5e2c01f3-0936-30ec-b253-5f7dfdc49683,IT,2022-12-25,Gartner (IT) is a Top-Ranked Value Stock: Should You Buy?,Zacks,https://finance.yahoo.com/news/gartner-top-ranked-value-stock-144002079.html,1670856002,STORY
a48ddd12-8fba-3c05-a672-9a6813bef3f5,IT,2022-12-25,Gartner Predicts Half of Sales Leadership Roles Will be Filled by Historically Underrepresented Groups Within Five Years,Business Wire,https://finance.yahoo.com/news/gartner-predicts-half-sales-leadership-144000256.html,1670856000,STORY
ef38337f-87f1-3118-85d8-a00578558076,IT,2022-12-25,Gartner (IT) Gains 34% in the Past 6 Months: Here's How,Zacks,https://finance.yahoo.com/news/gartner-gains-34-past-6-160804936.html,1670515684,STORY
a44de6f6-dc5c-38d6-91ec-514cb84f0e9c,IT,2022-12-25,Gartner Identifies Top Trends to Impact CMOs in 2023,Business Wire,https://finance.yahoo.com/news/gartner-identifies-top-trends-impact-133500206.html,1670247300,STORY
1dd939e7-51d6-33a8-98d6-e1cc5421161a,IT,2022-12-26,3 Stocks From the Flourishing Consulting Services Industry,Zacks,https://finance.yahoo.com/news/3-stocks-flourishing-consulting-services-150003478.html,1671807603,STORY
f6adadff-8c65-3405-ad5e-b1cd05a54f5f,IT,2022-12-26,Is Futu Holdings (FUTU) Stock Outpacing Its Business Services Peers This Year?,Zacks,https://finance.yahoo.com/news/futu-holdings-futu-stock-outpacing-144002617.html,1671547202,STORY
91ee9f53-71d1-3990-85d9-df31e0055972,IT,2022-12-26,Gartner (IT) Stock Rose in Q3 on Management Guidance,Insider Monkey,https://finance.yahoo.com/news/gartner-stock-rose-q3-management-140205387.html,1671458525,STORY
39a7b6a7-3f77-3b2d-a314-e2b4a2049ffc,IT,2022-12-26,"Gartner Predictions for CMOs Show AI, Social Toxicity, and Data Privacy Forge the Future of Marketing",Business Wire,https://finance.yahoo.com/news/gartner-predictions-cmos-show-ai-130100999.html,1670936460,STORY
5e2c01f3-0936-30ec-b253-5f7dfdc49683,IT,2022-12-26,Gartner (IT) is a Top-Ranked Value Stock: Should You Buy?,Zacks,https://finance.yahoo.com/news/gartner-top-ranked-value-stock-144002079.html,1670856002,STORY
a48ddd12-8fba-3c05-a672-9a6813bef3f5,IT,2022-12-26,Gartner Predicts Half of Sales Leadership Roles Will be Filled by Historically Underrepresented Groups Within Five Years,Business Wire,https://finance.yahoo.com/news/gartner-predicts-half-sales-leadership-144000256.html,1670856000,STORY
ef38337f-87f1-3118-85d8-a00578558076,IT,2022-12-26,Gartner (IT) Gains 34% in the Past 6 Months: Here's How,Zacks,https://finance.yahoo.com/news/gartner-gains-34-past-6-160804936.html,1670515684,STORY
a44de6f6-dc5c-38d6-91ec-514cb84f0e9c,IT,2022-12-26,Gartner Identifies Top Trends to Impact CMOs in 2023,Business Wire,https://finance.yahoo.com/news/gartner-identifies-top-trends-impact-133500206.html,1670247300,STORY
23aa4feb-8f52-3757-91ab-7f2f7098cc21,IT,2022-12-28,"Zacks Industry Outlook Highlights Gartner, CBIZ and Huron Consulting Group",Zacks,https://finance.yahoo.com/news/zacks-industry-outlook-highlights-gartner-143302575.html,1672151582,STORY
1dd939e7-51d6-33a8-98d6-e1cc5421161a,IT,2022-12-28,3 Stocks From the Flourishing Consulting Services Industry,Zacks,https://finance.yahoo.com/news/3-stocks-flourishing-consulting-services-150003478.html,1671807603,STORY
f6adadff-8c65-3405-ad5e-b1cd05a54f5f,IT,2022-12-28,Is Futu Holdings (FUTU) Stock Outpacing Its Business Services Peers This Year?,Zacks,https://finance.yahoo.com/news/futu-holdings-futu-stock-outpacing-144002617.html,1671547202,STORY
91ee9f53-71d1-3990-85d9-df31e0055972,IT,2022-12-28,Gartner (IT) Stock Rose in Q3 on Management Guidance,Insider Monkey,https://finance.yahoo.com/news/gartner-stock-rose-q3-management-140205387.html,1671458525,STORY
39a7b6a7-3f77-3b2d-a314-e2b4a2049ffc,IT,2022-12-28,"Gartner Predictions for CMOs Show AI, Social Toxicity, and Data Privacy Forge the Future of Marketing",Business Wire,https://finance.yahoo.com/news/gartner-predictions-cmos-show-ai-130100999.html,1670936460,STORY
5e2c01f3-0936-30ec-b253-5f7dfdc49683,IT,2022-12-28,Gartner (IT) is a Top-Ranked Value Stock: Should You Buy?,Zacks,https://finance.yahoo.com/news/gartner-top-ranked-value-stock-144002079.html,1670856002,STORY
a48ddd12-8fba-3c05-a672-9a6813bef3f5,IT,2022-12-28,Gartner Predicts Half of Sales Leadership Roles Will be Filled by Historically Underrepresented Groups Within Five Years,Business Wire,https://finance.yahoo.com/news/gartner-predicts-half-sales-leadership-144000256.html,1670856000,STORY
ef38337f-87f1-3118-85d8-a00578558076,IT,2022-12-28,Gartner (IT) Gains 34% in the Past 6 Months: Here's How,Zacks,https://finance.yahoo.com/news/gartner-gains-34-past-6-160804936.html,1670515684,STORY
23aa4feb-8f52-3757-91ab-7f2f7098cc21,IT,2022-12-29,"Zacks Industry Outlook Highlights Gartner, CBIZ and Huron Consulting Group",Zacks,https://finance.yahoo.com/news/zacks-industry-outlook-highlights-gartner-143302575.html,1672151582,STORY
1dd939e7-51d6-33a8-98d6-e1cc5421161a,IT,2022-12-29,3 Stocks From the Flourishing Consulting Services Industry,Zacks,https://finance.yahoo.com/news/3-stocks-flourishing-consulting-services-150003478.html,1671807603,STORY
f6adadff-8c65-3405-ad5e-b1cd05a54f5f,IT,2022-12-29,Is Futu Holdings (FUTU) Stock Outpacing Its Business Services Peers This Year?,Zacks,https://finance.yahoo.com/news/futu-holdings-futu-stock-outpacing-144002617.html,1671547202,STORY
91ee9f53-71d1-3990-85d9-df31e0055972,IT,2022-12-29,Gartner (IT) Stock Rose in Q3 on Management Guidance,Insider Monkey,https://finance.yahoo.com/news/gartner-stock-rose-q3-management-140205387.html,1671458525,STORY
39a7b6a7-3f77-3b2d-a314-e2b4a2049ffc,IT,2022-12-29,"Gartner Predictions for CMOs Show AI, Social Toxicity, and Data Privacy Forge the Future of Marketing",Business Wire,https://finance.yahoo.com/news/gartner-predictions-cmos-show-ai-130100999.html,1670936460,STORY
5e2c01f3-0936-30ec-b253-5f7dfdc49683,IT,2022-12-29,Gartner (IT) is a Top-Ranked Value Stock: Should You Buy?,Zacks,https://finance.yahoo.com/news/gartner-top-ranked-value-stock-144002079.html,1670856002,STORY
a48ddd12-8fba-3c05-a672-9a6813bef3f5,IT,2022-12-29,Gartner Predicts Half of Sales Leadership Roles Will be Filled by Historically Underrepresented Groups Within Five Years,Business Wire,https://finance.yahoo.com/news/gartner-predicts-half-sales-leadership-144000256.html,1670856000,STORY
ef38337f-87f1-3118-85d8-a00578558076,IT,2022-12-29,Gartner (IT) Gains 34% in the Past 6 Months: Here's How,Zacks,https://finance.yahoo.com/news/gartner-gains-34-past-6-160804936.html,1670515684,STORY
16de9e68-642a-3c31-9a5a-7ed8edd27bcb,IT,2022-12-30,Here's Why Investors Should Buy Gartner (IT) Stock Now,Zacks,https://finance.yahoo.com/news/heres-why-investors-buy-gartner-131401321.html,1672319641,STORY
23aa4feb-8f52-3757-91ab-7f2f7098cc21,IT,2022-12-30,"Zacks Industry Outlook Highlights Gartner, CBIZ and Huron Consulting Group",Zacks,https://finance.yahoo.com/news/zacks-industry-outlook-highlights-gartner-143302575.html,1672151582,STORY
1dd939e7-51d6-33a8-98d6-e1cc5421161a,IT,2022-12-30,3 Stocks From the Flourishing Consulting Services Industry,Zacks,https://finance.yahoo.com/news/3-stocks-flourishing-consulting-services-150003478.html,1671807603,STORY
f6adadff-8c65-3405-ad5e-b1cd05a54f5f,IT,2022-12-30,Is Futu Holdings (FUTU) Stock Outpacing Its Business Services Peers This Year?,Zacks,https://finance.yahoo.com/news/futu-holdings-futu-stock-outpacing-144002617.html,1671547202,STORY
91ee9f53-71d1-3990-85d9-df31e0055972,IT,2022-12-30,Gartner (IT) Stock Rose in Q3 on Management Guidance,Insider Monkey,https://finance.yahoo.com/news/gartner-stock-rose-q3-management-140205387.html,1671458525,STORY
39a7b6a7-3f77-3b2d-a314-e2b4a2049ffc,IT,2022-12-30,"Gartner Predictions for CMOs Show AI, Social Toxicity, and Data Privacy Forge the Future of Marketing",Business Wire,https://finance.yahoo.com/news/gartner-predictions-cmos-show-ai-130100999.html,1670936460,STORY
5e2c01f3-0936-30ec-b253-5f7dfdc49683,IT,2022-12-30,Gartner (IT) is a Top-Ranked Value Stock: Should You Buy?,Zacks,https://finance.yahoo.com/news/gartner-top-ranked-value-stock-144002079.html,1670856002,STORY
a48ddd12-8fba-3c05-a672-9a6813bef3f5,IT,2022-12-30,Gartner Predicts Half of Sales Leadership Roles Will be Filled by Historically Underrepresented Groups Within Five Years,Business Wire,https://finance.yahoo.com/news/gartner-predicts-half-sales-leadership-144000256.html,1670856000,STORY
16de9e68-642a-3c31-9a5a-7ed8edd27bcb,IT,2022-12-31,Here's Why Investors Should Buy Gartner (IT) Stock Now,Zacks,https://finance.yahoo.com/news/heres-why-investors-buy-gartner-131401321.html,1672319641,STORY
23aa4feb-8f52-3757-91ab-7f2f7098cc21,IT,2022-12-31,"Zacks Industry Outlook Highlights Gartner, CBIZ and Huron Consulting Group",Zacks,https://finance.yahoo.com/news/zacks-industry-outlook-highlights-gartner-143302575.html,1672151582,STORY
1dd939e7-51d6-33a8-98d6-e1cc5421161a,IT,2022-12-31,3 Stocks From the Flourishing Consulting Services Industry,Zacks,https://finance.yahoo.com/news/3-stocks-flourishing-consulting-services-150003478.html,1671807603,STORY
f6adadff-8c65-3405-ad5e-b1cd05a54f5f,IT,2022-12-31,Is Futu Holdings (FUTU) Stock Outpacing Its Business Services Peers This Year?,Zacks,https://finance.yahoo.com/news/futu-holdings-futu-stock-outpacing-144002617.html,1671547202,STORY
91ee9f53-71d1-3990-85d9-df31e0055972,IT,2022-12-31,Gartner (IT) Stock Rose in Q3 on Management Guidance,Insider Monkey,https://finance.yahoo.com/news/gartner-stock-rose-q3-management-140205387.html,1671458525,STORY
39a7b6a7-3f77-3b2d-a314-e2b4a2049ffc,IT,2022-12-31,"Gartner Predictions for CMOs Show AI, Social Toxicity, and Data Privacy Forge the Future of Marketing",Business Wire,https://finance.yahoo.com/news/gartner-predictions-cmos-show-ai-130100999.html,1670936460,STORY
5e2c01f3-0936-30ec-b253-5f7dfdc49683,IT,2022-12-31,Gartner (IT) is a Top-Ranked Value Stock: Should You Buy?,Zacks,https://finance.yahoo.com/news/gartner-top-ranked-value-stock-144002079.html,1670856002,STORY
a48ddd12-8fba-3c05-a672-9a6813bef3f5,IT,2022-12-31,Gartner Predicts Half of Sales Leadership Roles Will be Filled by Historically Underrepresented Groups Within Five Years,Business Wire,https://finance.yahoo.com/news/gartner-predicts-half-sales-leadership-144000256.html,1670856000,STORY
16de9e68-642a-3c31-9a5a-7ed8edd27bcb,IT,2023-1-1,Here's Why Investors Should Buy Gartner (IT) Stock Now,Zacks,https://finance.yahoo.com/news/heres-why-investors-buy-gartner-131401321.html,1672319641,STORY
23aa4feb-8f52-3757-91ab-7f2f7098cc21,IT,2023-1-1,"Zacks Industry Outlook Highlights Gartner, CBIZ and Huron Consulting Group",Zacks,https://finance.yahoo.com/news/zacks-industry-outlook-highlights-gartner-143302575.html,1672151582,STORY
1dd939e7-51d6-33a8-98d6-e1cc5421161a,IT,2023-1-1,3 Stocks From the Flourishing Consulting Services Industry,Zacks,https://finance.yahoo.com/news/3-stocks-flourishing-consulting-services-150003478.html,1671807603,STORY
f6adadff-8c65-3405-ad5e-b1cd05a54f5f,IT,2023-1-1,Is Futu Holdings (FUTU) Stock Outpacing Its Business Services Peers This Year?,Zacks,https://finance.yahoo.com/news/futu-holdings-futu-stock-outpacing-144002617.html,1671547202,STORY
91ee9f53-71d1-3990-85d9-df31e0055972,IT,2023-1-1,Gartner (IT) Stock Rose in Q3 on Management Guidance,Insider Monkey,https://finance.yahoo.com/news/gartner-stock-rose-q3-management-140205387.html,1671458525,STORY
39a7b6a7-3f77-3b2d-a314-e2b4a2049ffc,IT,2023-1-1,"Gartner Predictions for CMOs Show AI, Social Toxicity, and Data Privacy Forge the Future of Marketing",Business Wire,https://finance.yahoo.com/news/gartner-predictions-cmos-show-ai-130100999.html,1670936460,STORY
5e2c01f3-0936-30ec-b253-5f7dfdc49683,IT,2023-1-1,Gartner (IT) is a Top-Ranked Value Stock: Should You Buy?,Zacks,https://finance.yahoo.com/news/gartner-top-ranked-value-stock-144002079.html,1670856002,STORY
a48ddd12-8fba-3c05-a672-9a6813bef3f5,IT,2023-1-1,Gartner Predicts Half of Sales Leadership Roles Will be Filled by Historically Underrepresented Groups Within Five Years,Business Wire,https://finance.yahoo.com/news/gartner-predicts-half-sales-leadership-144000256.html,1670856000,STORY
16de9e68-642a-3c31-9a5a-7ed8edd27bcb,IT,2023-1-2,Here's Why Investors Should Buy Gartner (IT) Stock Now,Zacks,https://finance.yahoo.com/news/heres-why-investors-buy-gartner-131401321.html,1672319641,STORY
23aa4feb-8f52-3757-91ab-7f2f7098cc21,IT,2023-1-2,"Zacks Industry Outlook Highlights Gartner, CBIZ and Huron Consulting Group",Zacks,https://finance.yahoo.com/news/zacks-industry-outlook-highlights-gartner-143302575.html,1672151582,STORY
1dd939e7-51d6-33a8-98d6-e1cc5421161a,IT,2023-1-2,3 Stocks From the Flourishing Consulting Services Industry,Zacks,https://finance.yahoo.com/news/3-stocks-flourishing-consulting-services-150003478.html,1671807603,STORY
f6adadff-8c65-3405-ad5e-b1cd05a54f5f,IT,2023-1-2,Is Futu Holdings (FUTU) Stock Outpacing Its Business Services Peers This Year?,Zacks,https://finance.yahoo.com/news/futu-holdings-futu-stock-outpacing-144002617.html,1671547202,STORY
91ee9f53-71d1-3990-85d9-df31e0055972,IT,2023-1-2,Gartner (IT) Stock Rose in Q3 on Management Guidance,Insider Monkey,https://finance.yahoo.com/news/gartner-stock-rose-q3-management-140205387.html,1671458525,STORY
39a7b6a7-3f77-3b2d-a314-e2b4a2049ffc,IT,2023-1-2,"Gartner Predictions for CMOs Show AI, Social Toxicity, and Data Privacy Forge the Future of Marketing",Business Wire,https://finance.yahoo.com/news/gartner-predictions-cmos-show-ai-130100999.html,1670936460,STORY
5e2c01f3-0936-30ec-b253-5f7dfdc49683,IT,2023-1-2,Gartner (IT) is a Top-Ranked Value Stock: Should You Buy?,Zacks,https://finance.yahoo.com/news/gartner-top-ranked-value-stock-144002079.html,1670856002,STORY
a48ddd12-8fba-3c05-a672-9a6813bef3f5,IT,2023-1-2,Gartner Predicts Half of Sales Leadership Roles Will be Filled by Historically Underrepresented Groups Within Five Years,Business Wire,https://finance.yahoo.com/news/gartner-predicts-half-sales-leadership-144000256.html,1670856000,STORY
16de9e68-642a-3c31-9a5a-7ed8edd27bcb,IT,2023-1-3,Here's Why Investors Should Buy Gartner (IT) Stock Now,Zacks,https://finance.yahoo.com/news/heres-why-investors-buy-gartner-131401321.html,1672319641,STORY
23aa4feb-8f52-3757-91ab-7f2f7098cc21,IT,2023-1-3,"Zacks Industry Outlook Highlights Gartner, CBIZ and Huron Consulting Group",Zacks,https://finance.yahoo.com/news/zacks-industry-outlook-highlights-gartner-143302575.html,1672151582,STORY
1dd939e7-51d6-33a8-98d6-e1cc5421161a,IT,2023-1-3,3 Stocks From the Flourishing Consulting Services Industry,Zacks,https://finance.yahoo.com/news/3-stocks-flourishing-consulting-services-150003478.html,1671807603,STORY
f6adadff-8c65-3405-ad5e-b1cd05a54f5f,IT,2023-1-3,Is Futu Holdings (FUTU) Stock Outpacing Its Business Services Peers This Year?,Zacks,https://finance.yahoo.com/news/futu-holdings-futu-stock-outpacing-144002617.html,1671547202,STORY
91ee9f53-71d1-3990-85d9-df31e0055972,IT,2023-1-3,Gartner (IT) Stock Rose in Q3 on Management Guidance,Insider Monkey,https://finance.yahoo.com/news/gartner-stock-rose-q3-management-140205387.html,1671458525,STORY
39a7b6a7-3f77-3b2d-a314-e2b4a2049ffc,IT,2023-1-3,"Gartner Predictions for CMOs Show AI, Social Toxicity, and Data Privacy Forge the Future of Marketing",Business Wire,https://finance.yahoo.com/news/gartner-predictions-cmos-show-ai-130100999.html,1670936460,STORY
5e2c01f3-0936-30ec-b253-5f7dfdc49683,IT,2023-1-3,Gartner (IT) is a Top-Ranked Value Stock: Should You Buy?,Zacks,https://finance.yahoo.com/news/gartner-top-ranked-value-stock-144002079.html,1670856002,STORY
a48ddd12-8fba-3c05-a672-9a6813bef3f5,IT,2023-1-3,Gartner Predicts Half of Sales Leadership Roles Will be Filled by Historically Underrepresented Groups Within Five Years,Business Wire,https://finance.yahoo.com/news/gartner-predicts-half-sales-leadership-144000256.html,1670856000,STORY
16de9e68-642a-3c31-9a5a-7ed8edd27bcb,IT,2023-1-4,Here's Why Investors Should Buy Gartner (IT) Stock Now,Zacks,https://finance.yahoo.com/news/heres-why-investors-buy-gartner-131401321.html,1672319641,STORY
23aa4feb-8f52-3757-91ab-7f2f7098cc21,IT,2023-1-4,"Zacks Industry Outlook Highlights Gartner, CBIZ and Huron Consulting Group",Zacks,https://finance.yahoo.com/news/zacks-industry-outlook-highlights-gartner-143302575.html,1672151582,STORY
1dd939e7-51d6-33a8-98d6-e1cc5421161a,IT,2023-1-4,3 Stocks From the Flourishing Consulting Services Industry,Zacks,https://finance.yahoo.com/news/3-stocks-flourishing-consulting-services-150003478.html,1671807603,STORY
f6adadff-8c65-3405-ad5e-b1cd05a54f5f,IT,2023-1-4,Is Futu Holdings (FUTU) Stock Outpacing Its Business Services Peers This Year?,Zacks,https://finance.yahoo.com/news/futu-holdings-futu-stock-outpacing-144002617.html,1671547202,STORY
91ee9f53-71d1-3990-85d9-df31e0055972,IT,2023-1-4,Gartner (IT) Stock Rose in Q3 on Management Guidance,Insider Monkey,https://finance.yahoo.com/news/gartner-stock-rose-q3-management-140205387.html,1671458525,STORY
39a7b6a7-3f77-3b2d-a314-e2b4a2049ffc,IT,2023-1-4,"Gartner Predictions for CMOs Show AI, Social Toxicity, and Data Privacy Forge the Future of Marketing",Business Wire,https://finance.yahoo.com/news/gartner-predictions-cmos-show-ai-130100999.html,1670936460,STORY
5e2c01f3-0936-30ec-b253-5f7dfdc49683,IT,2023-1-4,Gartner (IT) is a Top-Ranked Value Stock: Should You Buy?,Zacks,https://finance.yahoo.com/news/gartner-top-ranked-value-stock-144002079.html,1670856002,STORY
a48ddd12-8fba-3c05-a672-9a6813bef3f5,IT,2023-1-4,Gartner Predicts Half of Sales Leadership Roles Will be Filled by Historically Underrepresented Groups Within Five Years,Business Wire,https://finance.yahoo.com/news/gartner-predicts-half-sales-leadership-144000256.html,1670856000,STORY
16de9e68-642a-3c31-9a5a-7ed8edd27bcb,IT,2023-1-5,Here's Why Investors Should Buy Gartner (IT) Stock Now,Zacks,https://finance.yahoo.com/news/heres-why-investors-buy-gartner-131401321.html,1672319641,STORY
23aa4feb-8f52-3757-91ab-7f2f7098cc21,IT,2023-1-5,"Zacks Industry Outlook Highlights Gartner, CBIZ and Huron Consulting Group",Zacks,https://finance.yahoo.com/news/zacks-industry-outlook-highlights-gartner-143302575.html,1672151582,STORY
1dd939e7-51d6-33a8-98d6-e1cc5421161a,IT,2023-1-5,3 Stocks From the Flourishing Consulting Services Industry,Zacks,https://finance.yahoo.com/news/3-stocks-flourishing-consulting-services-150003478.html,1671807603,STORY
f6adadff-8c65-3405-ad5e-b1cd05a54f5f,IT,2023-1-5,Is Futu Holdings (FUTU) Stock Outpacing Its Business Services Peers This Year?,Zacks,https://finance.yahoo.com/news/futu-holdings-futu-stock-outpacing-144002617.html,1671547202,STORY
91ee9f53-71d1-3990-85d9-df31e0055972,IT,2023-1-5,Gartner (IT) Stock Rose in Q3 on Management Guidance,Insider Monkey,https://finance.yahoo.com/news/gartner-stock-rose-q3-management-140205387.html,1671458525,STORY
39a7b6a7-3f77-3b2d-a314-e2b4a2049ffc,IT,2023-1-5,"Gartner Predictions for CMOs Show AI, Social Toxicity, and Data Privacy Forge the Future of Marketing",Business Wire,https://finance.yahoo.com/news/gartner-predictions-cmos-show-ai-130100999.html,1670936460,STORY
5e2c01f3-0936-30ec-b253-5f7dfdc49683,IT,2023-1-5,Gartner (IT) is a Top-Ranked Value Stock: Should You Buy?,Zacks,https://finance.yahoo.com/news/gartner-top-ranked-value-stock-144002079.html,1670856002,STORY
a48ddd12-8fba-3c05-a672-9a6813bef3f5,IT,2023-1-5,Gartner Predicts Half of Sales Leadership Roles Will be Filled by Historically Underrepresented Groups Within Five Years,Business Wire,https://finance.yahoo.com/news/gartner-predicts-half-sales-leadership-144000256.html,1670856000,STORY
16de9e68-642a-3c31-9a5a-7ed8edd27bcb,IT,2023-1-6,Here's Why Investors Should Buy Gartner (IT) Stock Now,Zacks,https://finance.yahoo.com/news/heres-why-investors-buy-gartner-131401321.html,1672319641,STORY
23aa4feb-8f52-3757-91ab-7f2f7098cc21,IT,2023-1-6,"Zacks Industry Outlook Highlights Gartner, CBIZ and Huron Consulting Group",Zacks,https://finance.yahoo.com/news/zacks-industry-outlook-highlights-gartner-143302575.html,1672151582,STORY
1dd939e7-51d6-33a8-98d6-e1cc5421161a,IT,2023-1-6,3 Stocks From the Flourishing Consulting Services Industry,Zacks,https://finance.yahoo.com/news/3-stocks-flourishing-consulting-services-150003478.html,1671807603,STORY
f6adadff-8c65-3405-ad5e-b1cd05a54f5f,IT,2023-1-6,Is Futu Holdings (FUTU) Stock Outpacing Its Business Services Peers This Year?,Zacks,https://finance.yahoo.com/news/futu-holdings-futu-stock-outpacing-144002617.html,1671547202,STORY
91ee9f53-71d1-3990-85d9-df31e0055972,IT,2023-1-6,Gartner (IT) Stock Rose in Q3 on Management Guidance,Insider Monkey,https://finance.yahoo.com/news/gartner-stock-rose-q3-management-140205387.html,1671458525,STORY
39a7b6a7-3f77-3b2d-a314-e2b4a2049ffc,IT,2023-1-6,"Gartner Predictions for CMOs Show AI, Social Toxicity, and Data Privacy Forge the Future of Marketing",Business Wire,https://finance.yahoo.com/news/gartner-predictions-cmos-show-ai-130100999.html,1670936460,STORY
5e2c01f3-0936-30ec-b253-5f7dfdc49683,IT,2023-1-6,Gartner (IT) is a Top-Ranked Value Stock: Should You Buy?,Zacks,https://finance.yahoo.com/news/gartner-top-ranked-value-stock-144002079.html,1670856002,STORY
a48ddd12-8fba-3c05-a672-9a6813bef3f5,IT,2023-1-6,Gartner Predicts Half of Sales Leadership Roles Will be Filled by Historically Underrepresented Groups Within Five Years,Business Wire,https://finance.yahoo.com/news/gartner-predicts-half-sales-leadership-144000256.html,1670856000,STORY
16de9e68-642a-3c31-9a5a-7ed8edd27bcb,IT,2023-1-7,Here's Why Investors Should Buy Gartner (IT) Stock Now,Zacks,https://finance.yahoo.com/news/heres-why-investors-buy-gartner-131401321.html,1672319641,STORY
23aa4feb-8f52-3757-91ab-7f2f7098cc21,IT,2023-1-7,"Zacks Industry Outlook Highlights Gartner, CBIZ and Huron Consulting Group",Zacks,https://finance.yahoo.com/news/zacks-industry-outlook-highlights-gartner-143302575.html,1672151582,STORY
1dd939e7-51d6-33a8-98d6-e1cc5421161a,IT,2023-1-7,3 Stocks From the Flourishing Consulting Services Industry,Zacks,https://finance.yahoo.com/news/3-stocks-flourishing-consulting-services-150003478.html,1671807603,STORY
f6adadff-8c65-3405-ad5e-b1cd05a54f5f,IT,2023-1-7,Is Futu Holdings (FUTU) Stock Outpacing Its Business Services Peers This Year?,Zacks,https://finance.yahoo.com/news/futu-holdings-futu-stock-outpacing-144002617.html,1671547202,STORY
91ee9f53-71d1-3990-85d9-df31e0055972,IT,2023-1-7,Gartner (IT) Stock Rose in Q3 on Management Guidance,Insider Monkey,https://finance.yahoo.com/news/gartner-stock-rose-q3-management-140205387.html,1671458525,STORY
39a7b6a7-3f77-3b2d-a314-e2b4a2049ffc,IT,2023-1-7,"Gartner Predictions for CMOs Show AI, Social Toxicity, and Data Privacy Forge the Future of Marketing",Business Wire,https://finance.yahoo.com/news/gartner-predictions-cmos-show-ai-130100999.html,1670936460,STORY
5e2c01f3-0936-30ec-b253-5f7dfdc49683,IT,2023-1-7,Gartner (IT) is a Top-Ranked Value Stock: Should You Buy?,Zacks,https://finance.yahoo.com/news/gartner-top-ranked-value-stock-144002079.html,1670856002,STORY
a48ddd12-8fba-3c05-a672-9a6813bef3f5,IT,2023-1-7,Gartner Predicts Half of Sales Leadership Roles Will be Filled by Historically Underrepresented Groups Within Five Years,Business Wire,https://finance.yahoo.com/news/gartner-predicts-half-sales-leadership-144000256.html,1670856000,STORY
16de9e68-642a-3c31-9a5a-7ed8edd27bcb,IT,2023-1-8,Here's Why Investors Should Buy Gartner (IT) Stock Now,Zacks,https://finance.yahoo.com/news/heres-why-investors-buy-gartner-131401321.html,1672319641,STORY
23aa4feb-8f52-3757-91ab-7f2f7098cc21,IT,2023-1-8,"Zacks Industry Outlook Highlights Gartner, CBIZ and Huron Consulting Group",Zacks,https://finance.yahoo.com/news/zacks-industry-outlook-highlights-gartner-143302575.html,1672151582,STORY
1dd939e7-51d6-33a8-98d6-e1cc5421161a,IT,2023-1-8,3 Stocks From the Flourishing Consulting Services Industry,Zacks,https://finance.yahoo.com/news/3-stocks-flourishing-consulting-services-150003478.html,1671807603,STORY
f6adadff-8c65-3405-ad5e-b1cd05a54f5f,IT,2023-1-8,Is Futu Holdings (FUTU) Stock Outpacing Its Business Services Peers This Year?,Zacks,https://finance.yahoo.com/news/futu-holdings-futu-stock-outpacing-144002617.html,1671547202,STORY
91ee9f53-71d1-3990-85d9-df31e0055972,IT,2023-1-8,Gartner (IT) Stock Rose in Q3 on Management Guidance,Insider Monkey,https://finance.yahoo.com/news/gartner-stock-rose-q3-management-140205387.html,1671458525,STORY
39a7b6a7-3f77-3b2d-a314-e2b4a2049ffc,IT,2023-1-8,"Gartner Predictions for CMOs Show AI, Social Toxicity, and Data Privacy Forge the Future of Marketing",Business Wire,https://finance.yahoo.com/news/gartner-predictions-cmos-show-ai-130100999.html,1670936460,STORY
5e2c01f3-0936-30ec-b253-5f7dfdc49683,IT,2023-1-8,Gartner (IT) is a Top-Ranked Value Stock: Should You Buy?,Zacks,https://finance.yahoo.com/news/gartner-top-ranked-value-stock-144002079.html,1670856002,STORY
a48ddd12-8fba-3c05-a672-9a6813bef3f5,IT,2023-1-8,Gartner Predicts Half of Sales Leadership Roles Will be Filled by Historically Underrepresented Groups Within Five Years,Business Wire,https://finance.yahoo.com/news/gartner-predicts-half-sales-leadership-144000256.html,1670856000,STORY
16de9e68-642a-3c31-9a5a-7ed8edd27bcb,IT,2023-1-9,Here's Why Investors Should Buy Gartner (IT) Stock Now,Zacks,https://finance.yahoo.com/news/heres-why-investors-buy-gartner-131401321.html,1672319641,STORY
23aa4feb-8f52-3757-91ab-7f2f7098cc21,IT,2023-1-9,"Zacks Industry Outlook Highlights Gartner, CBIZ and Huron Consulting Group",Zacks,https://finance.yahoo.com/news/zacks-industry-outlook-highlights-gartner-143302575.html,1672151582,STORY
1dd939e7-51d6-33a8-98d6-e1cc5421161a,IT,2023-1-9,3 Stocks From the Flourishing Consulting Services Industry,Zacks,https://finance.yahoo.com/news/3-stocks-flourishing-consulting-services-150003478.html,1671807603,STORY
f6adadff-8c65-3405-ad5e-b1cd05a54f5f,IT,2023-1-9,Is Futu Holdings (FUTU) Stock Outpacing Its Business Services Peers This Year?,Zacks,https://finance.yahoo.com/news/futu-holdings-futu-stock-outpacing-144002617.html,1671547202,STORY
91ee9f53-71d1-3990-85d9-df31e0055972,IT,2023-1-9,Gartner (IT) Stock Rose in Q3 on Management Guidance,Insider Monkey,https://finance.yahoo.com/news/gartner-stock-rose-q3-management-140205387.html,1671458525,STORY
39a7b6a7-3f77-3b2d-a314-e2b4a2049ffc,IT,2023-1-9,"Gartner Predictions for CMOs Show AI, Social Toxicity, and Data Privacy Forge the Future of Marketing",Business Wire,https://finance.yahoo.com/news/gartner-predictions-cmos-show-ai-130100999.html,1670936460,STORY
5e2c01f3-0936-30ec-b253-5f7dfdc49683,IT,2023-1-9,Gartner (IT) is a Top-Ranked Value Stock: Should You Buy?,Zacks,https://finance.yahoo.com/news/gartner-top-ranked-value-stock-144002079.html,1670856002,STORY
a48ddd12-8fba-3c05-a672-9a6813bef3f5,IT,2023-1-9,Gartner Predicts Half of Sales Leadership Roles Will be Filled by Historically Underrepresented Groups Within Five Years,Business Wire,https://finance.yahoo.com/news/gartner-predicts-half-sales-leadership-144000256.html,1670856000,STORY
8c3bd404-66b7-3ee4-b470-c2c22e39b0be,IT,2023-1-10,Hybrid work is expanding beyond white collar jobs to finally include frontline workers,Fortune,https://finance.yahoo.com/news/hybrid-expanding-beyond-white-collar-195707016.html,1673294227,STORY
16de9e68-642a-3c31-9a5a-7ed8edd27bcb,IT,2023-1-10,Here's Why Investors Should Buy Gartner (IT) Stock Now,Zacks,https://finance.yahoo.com/news/heres-why-investors-buy-gartner-131401321.html,1672319641,STORY
23aa4feb-8f52-3757-91ab-7f2f7098cc21,IT,2023-1-10,"Zacks Industry Outlook Highlights Gartner, CBIZ and Huron Consulting Group",Zacks,https://finance.yahoo.com/news/zacks-industry-outlook-highlights-gartner-143302575.html,1672151582,STORY
1dd939e7-51d6-33a8-98d6-e1cc5421161a,IT,2023-1-10,3 Stocks From the Flourishing Consulting Services Industry,Zacks,https://finance.yahoo.com/news/3-stocks-flourishing-consulting-services-150003478.html,1671807603,STORY
f6adadff-8c65-3405-ad5e-b1cd05a54f5f,IT,2023-1-10,Is Futu Holdings (FUTU) Stock Outpacing Its Business Services Peers This Year?,Zacks,https://finance.yahoo.com/news/futu-holdings-futu-stock-outpacing-144002617.html,1671547202,STORY
91ee9f53-71d1-3990-85d9-df31e0055972,IT,2023-1-10,Gartner (IT) Stock Rose in Q3 on Management Guidance,Insider Monkey,https://finance.yahoo.com/news/gartner-stock-rose-q3-management-140205387.html,1671458525,STORY
39a7b6a7-3f77-3b2d-a314-e2b4a2049ffc,IT,2023-1-10,"Gartner Predictions for CMOs Show AI, Social Toxicity, and Data Privacy Forge the Future of Marketing",Business Wire,https://finance.yahoo.com/news/gartner-predictions-cmos-show-ai-130100999.html,1670936460,STORY
5e2c01f3-0936-30ec-b253-5f7dfdc49683,IT,2023-1-10,Gartner (IT) is a Top-Ranked Value Stock: Should You Buy?,Zacks,https://finance.yahoo.com/news/gartner-top-ranked-value-stock-144002079.html,1670856002,STORY
8c3bd404-66b7-3ee4-b470-c2c22e39b0be,IT,2023-1-11,Hybrid work is expanding beyond white collar jobs to finally include frontline workers,Fortune,https://finance.yahoo.com/news/hybrid-expanding-beyond-white-collar-195707016.html,1673294227,STORY
16de9e68-642a-3c31-9a5a-7ed8edd27bcb,IT,2023-1-11,Here's Why Investors Should Buy Gartner (IT) Stock Now,Zacks,https://finance.yahoo.com/news/heres-why-investors-buy-gartner-131401321.html,1672319641,STORY
23aa4feb-8f52-3757-91ab-7f2f7098cc21,IT,2023-1-11,"Zacks Industry Outlook Highlights Gartner, CBIZ and Huron Consulting Group",Zacks,https://finance.yahoo.com/news/zacks-industry-outlook-highlights-gartner-143302575.html,1672151582,STORY
1dd939e7-51d6-33a8-98d6-e1cc5421161a,IT,2023-1-11,3 Stocks From the Flourishing Consulting Services Industry,Zacks,https://finance.yahoo.com/news/3-stocks-flourishing-consulting-services-150003478.html,1671807603,STORY
f6adadff-8c65-3405-ad5e-b1cd05a54f5f,IT,2023-1-11,Is Futu Holdings (FUTU) Stock Outpacing Its Business Services Peers This Year?,Zacks,https://finance.yahoo.com/news/futu-holdings-futu-stock-outpacing-144002617.html,1671547202,STORY
91ee9f53-71d1-3990-85d9-df31e0055972,IT,2023-1-11,Gartner (IT) Stock Rose in Q3 on Management Guidance,Insider Monkey,https://finance.yahoo.com/news/gartner-stock-rose-q3-management-140205387.html,1671458525,STORY
39a7b6a7-3f77-3b2d-a314-e2b4a2049ffc,IT,2023-1-11,"Gartner Predictions for CMOs Show AI, Social Toxicity, and Data Privacy Forge the Future of Marketing",Business Wire,https://finance.yahoo.com/news/gartner-predictions-cmos-show-ai-130100999.html,1670936460,STORY
5e2c01f3-0936-30ec-b253-5f7dfdc49683,IT,2023-1-11,Gartner (IT) is a Top-Ranked Value Stock: Should You Buy?,Zacks,https://finance.yahoo.com/news/gartner-top-ranked-value-stock-144002079.html,1670856002,STORY
c6943af3-00c2-3987-9421-aa057ac55675,IT,2023-1-12,"The PC industry just suffered its worst decline on record, again",MarketWatch,https://finance.yahoo.com/m/c6943af3-00c2-3987-9421-aa057ac55675/the-pc-industry-just-suffered.html,1673471880,STORY
8c3bd404-66b7-3ee4-b470-c2c22e39b0be,IT,2023-1-12,Hybrid work is expanding beyond white collar jobs to finally include frontline workers,Fortune,https://finance.yahoo.com/news/hybrid-expanding-beyond-white-collar-195707016.html,1673294227,STORY
16de9e68-642a-3c31-9a5a-7ed8edd27bcb,IT,2023-1-12,Here's Why Investors Should Buy Gartner (IT) Stock Now,Zacks,https://finance.yahoo.com/news/heres-why-investors-buy-gartner-131401321.html,1672319641,STORY
23aa4feb-8f52-3757-91ab-7f2f7098cc21,IT,2023-1-12,"Zacks Industry Outlook Highlights Gartner, CBIZ and Huron Consulting Group",Zacks,https://finance.yahoo.com/news/zacks-industry-outlook-highlights-gartner-143302575.html,1672151582,STORY
1dd939e7-51d6-33a8-98d6-e1cc5421161a,IT,2023-1-12,3 Stocks From the Flourishing Consulting Services Industry,Zacks,https://finance.yahoo.com/news/3-stocks-flourishing-consulting-services-150003478.html,1671807603,STORY
f6adadff-8c65-3405-ad5e-b1cd05a54f5f,IT,2023-1-12,Is Futu Holdings (FUTU) Stock Outpacing Its Business Services Peers This Year?,Zacks,https://finance.yahoo.com/news/futu-holdings-futu-stock-outpacing-144002617.html,1671547202,STORY
91ee9f53-71d1-3990-85d9-df31e0055972,IT,2023-1-12,Gartner (IT) Stock Rose in Q3 on Management Guidance,Insider Monkey,https://finance.yahoo.com/news/gartner-stock-rose-q3-management-140205387.html,1671458525,STORY
39a7b6a7-3f77-3b2d-a314-e2b4a2049ffc,IT,2023-1-12,"Gartner Predictions for CMOs Show AI, Social Toxicity, and Data Privacy Forge the Future of Marketing",Business Wire,https://finance.yahoo.com/news/gartner-predictions-cmos-show-ai-130100999.html,1670936460,STORY
a21af139-6fd8-3c67-871f-1ca1031d7b91,IT,2023-1-13,"PC Shipments Crashes in Q4 on Weak Demand, Macroeconomic Woes",Zacks,https://finance.yahoo.com/news/pc-shipments-crashes-q4-weak-124912433.html,1673527752,STORY
c6943af3-00c2-3987-9421-aa057ac55675,IT,2023-1-13,"The PC industry just suffered its worst decline on record, again",MarketWatch,https://finance.yahoo.com/m/c6943af3-00c2-3987-9421-aa057ac55675/the-pc-industry-just-suffered.html,1673471880,STORY
8c3bd404-66b7-3ee4-b470-c2c22e39b0be,IT,2023-1-13,Hybrid work is expanding beyond white collar jobs to finally include frontline workers,Fortune,https://finance.yahoo.com/news/hybrid-expanding-beyond-white-collar-195707016.html,1673294227,STORY
16de9e68-642a-3c31-9a5a-7ed8edd27bcb,IT,2023-1-13,Here's Why Investors Should Buy Gartner (IT) Stock Now,Zacks,https://finance.yahoo.com/news/heres-why-investors-buy-gartner-131401321.html,1672319641,STORY
23aa4feb-8f52-3757-91ab-7f2f7098cc21,IT,2023-1-13,"Zacks Industry Outlook Highlights Gartner, CBIZ and Huron Consulting Group",Zacks,https://finance.yahoo.com/news/zacks-industry-outlook-highlights-gartner-143302575.html,1672151582,STORY
1dd939e7-51d6-33a8-98d6-e1cc5421161a,IT,2023-1-13,3 Stocks From the Flourishing Consulting Services Industry,Zacks,https://finance.yahoo.com/news/3-stocks-flourishing-consulting-services-150003478.html,1671807603,STORY
f6adadff-8c65-3405-ad5e-b1cd05a54f5f,IT,2023-1-13,Is Futu Holdings (FUTU) Stock Outpacing Its Business Services Peers This Year?,Zacks,https://finance.yahoo.com/news/futu-holdings-futu-stock-outpacing-144002617.html,1671547202,STORY
91ee9f53-71d1-3990-85d9-df31e0055972,IT,2023-1-13,Gartner (IT) Stock Rose in Q3 on Management Guidance,Insider Monkey,https://finance.yahoo.com/news/gartner-stock-rose-q3-management-140205387.html,1671458525,STORY
af9047db-f778-3b4d-904e-b4adff19aedd,IT,2023-1-14,HP Sells Fewest PCs in More Than a Decade,Motley Fool,https://finance.yahoo.com/m/af9047db-f778-3b4d-904e-b4adff19aedd/hp-sells-fewest-pcs-in-more.html,1673616600,STORY
a21af139-6fd8-3c67-871f-1ca1031d7b91,IT,2023-1-14,"PC Shipments Crashes in Q4 on Weak Demand, Macroeconomic Woes",Zacks,https://finance.yahoo.com/news/pc-shipments-crashes-q4-weak-124912433.html,1673527752,STORY
c6943af3-00c2-3987-9421-aa057ac55675,IT,2023-1-14,"The PC industry just suffered its worst decline on record, again",MarketWatch,https://finance.yahoo.com/m/c6943af3-00c2-3987-9421-aa057ac55675/the-pc-industry-just-suffered.html,1673471880,STORY
8c3bd404-66b7-3ee4-b470-c2c22e39b0be,IT,2023-1-14,Hybrid work is expanding beyond white collar jobs to finally include frontline workers,Fortune,https://finance.yahoo.com/news/hybrid-expanding-beyond-white-collar-195707016.html,1673294227,STORY
16de9e68-642a-3c31-9a5a-7ed8edd27bcb,IT,2023-1-14,Here's Why Investors Should Buy Gartner (IT) Stock Now,Zacks,https://finance.yahoo.com/news/heres-why-investors-buy-gartner-131401321.html,1672319641,STORY
23aa4feb-8f52-3757-91ab-7f2f7098cc21,IT,2023-1-14,"Zacks Industry Outlook Highlights Gartner, CBIZ and Huron Consulting Group",Zacks,https://finance.yahoo.com/news/zacks-industry-outlook-highlights-gartner-143302575.html,1672151582,STORY
1dd939e7-51d6-33a8-98d6-e1cc5421161a,IT,2023-1-14,3 Stocks From the Flourishing Consulting Services Industry,Zacks,https://finance.yahoo.com/news/3-stocks-flourishing-consulting-services-150003478.html,1671807603,STORY
f6adadff-8c65-3405-ad5e-b1cd05a54f5f,IT,2023-1-14,Is Futu Holdings (FUTU) Stock Outpacing Its Business Services Peers This Year?,Zacks,https://finance.yahoo.com/news/futu-holdings-futu-stock-outpacing-144002617.html,1671547202,STORY
af9047db-f778-3b4d-904e-b4adff19aedd,IT,2023-1-15,HP Sells Fewest PCs in More Than a Decade,Motley Fool,https://finance.yahoo.com/m/af9047db-f778-3b4d-904e-b4adff19aedd/hp-sells-fewest-pcs-in-more.html,1673616600,STORY
a21af139-6fd8-3c67-871f-1ca1031d7b91,IT,2023-1-15,"PC Shipments Crashes in Q4 on Weak Demand, Macroeconomic Woes",Zacks,https://finance.yahoo.com/news/pc-shipments-crashes-q4-weak-124912433.html,1673527752,STORY
c6943af3-00c2-3987-9421-aa057ac55675,IT,2023-1-15,"The PC industry just suffered its worst decline on record, again",MarketWatch,https://finance.yahoo.com/m/c6943af3-00c2-3987-9421-aa057ac55675/the-pc-industry-just-suffered.html,1673471880,STORY
8c3bd404-66b7-3ee4-b470-c2c22e39b0be,IT,2023-1-15,Hybrid work is expanding beyond white collar jobs to finally include frontline workers,Fortune,https://finance.yahoo.com/news/hybrid-expanding-beyond-white-collar-195707016.html,1673294227,STORY
16de9e68-642a-3c31-9a5a-7ed8edd27bcb,IT,2023-1-15,Here's Why Investors Should Buy Gartner (IT) Stock Now,Zacks,https://finance.yahoo.com/news/heres-why-investors-buy-gartner-131401321.html,1672319641,STORY
23aa4feb-8f52-3757-91ab-7f2f7098cc21,IT,2023-1-15,"Zacks Industry Outlook Highlights Gartner, CBIZ and Huron Consulting Group",Zacks,https://finance.yahoo.com/news/zacks-industry-outlook-highlights-gartner-143302575.html,1672151582,STORY
1dd939e7-51d6-33a8-98d6-e1cc5421161a,IT,2023-1-15,3 Stocks From the Flourishing Consulting Services Industry,Zacks,https://finance.yahoo.com/news/3-stocks-flourishing-consulting-services-150003478.html,1671807603,STORY
f6adadff-8c65-3405-ad5e-b1cd05a54f5f,IT,2023-1-15,Is Futu Holdings (FUTU) Stock Outpacing Its Business Services Peers This Year?,Zacks,https://finance.yahoo.com/news/futu-holdings-futu-stock-outpacing-144002617.html,1671547202,STORY
af9047db-f778-3b4d-904e-b4adff19aedd,IT,2023-1-16,HP Sells Fewest PCs in More Than a Decade,Motley Fool,https://finance.yahoo.com/m/af9047db-f778-3b4d-904e-b4adff19aedd/hp-sells-fewest-pcs-in-more.html,1673616600,STORY
a21af139-6fd8-3c67-871f-1ca1031d7b91,IT,2023-1-16,"PC Shipments Crashes in Q4 on Weak Demand, Macroeconomic Woes",Zacks,https://finance.yahoo.com/news/pc-shipments-crashes-q4-weak-124912433.html,1673527752,STORY
c6943af3-00c2-3987-9421-aa057ac55675,IT,2023-1-16,"The PC industry just suffered its worst decline on record, again",MarketWatch,https://finance.yahoo.com/m/c6943af3-00c2-3987-9421-aa057ac55675/the-pc-industry-just-suffered.html,1673471880,STORY
8c3bd404-66b7-3ee4-b470-c2c22e39b0be,IT,2023-1-16,Hybrid work is expanding beyond white collar jobs to finally include frontline workers,Fortune,https://finance.yahoo.com/news/hybrid-expanding-beyond-white-collar-195707016.html,1673294227,STORY
16de9e68-642a-3c31-9a5a-7ed8edd27bcb,IT,2023-1-16,Here's Why Investors Should Buy Gartner (IT) Stock Now,Zacks,https://finance.yahoo.com/news/heres-why-investors-buy-gartner-131401321.html,1672319641,STORY
23aa4feb-8f52-3757-91ab-7f2f7098cc21,IT,2023-1-16,"Zacks Industry Outlook Highlights Gartner, CBIZ and Huron Consulting Group",Zacks,https://finance.yahoo.com/news/zacks-industry-outlook-highlights-gartner-143302575.html,1672151582,STORY
1dd939e7-51d6-33a8-98d6-e1cc5421161a,IT,2023-1-16,3 Stocks From the Flourishing Consulting Services Industry,Zacks,https://finance.yahoo.com/news/3-stocks-flourishing-consulting-services-150003478.html,1671807603,STORY
f6adadff-8c65-3405-ad5e-b1cd05a54f5f,IT,2023-1-16,Is Futu Holdings (FUTU) Stock Outpacing Its Business Services Peers This Year?,Zacks,https://finance.yahoo.com/news/futu-holdings-futu-stock-outpacing-144002617.html,1671547202,STORY
9ea30d16-777e-374e-ad06-b09a88db22bc,IT,2023-1-17,Gartner (IT) Gains 40.7% in the Past 6 Months: Here's How,Zacks,https://finance.yahoo.com/news/gartner-gains-40-7-past-114111491.html,1673955671,STORY
af9047db-f778-3b4d-904e-b4adff19aedd,IT,2023-1-17,HP Sells Fewest PCs in More Than a Decade,Motley Fool,https://finance.yahoo.com/m/af9047db-f778-3b4d-904e-b4adff19aedd/hp-sells-fewest-pcs-in-more.html,1673616600,STORY
a21af139-6fd8-3c67-871f-1ca1031d7b91,IT,2023-1-17,"PC Shipments Crashes in Q4 on Weak Demand, Macroeconomic Woes",Zacks,https://finance.yahoo.com/news/pc-shipments-crashes-q4-weak-124912433.html,1673527752,STORY
c6943af3-00c2-3987-9421-aa057ac55675,IT,2023-1-17,"The PC industry just suffered its worst decline on record, again",MarketWatch,https://finance.yahoo.com/m/c6943af3-00c2-3987-9421-aa057ac55675/the-pc-industry-just-suffered.html,1673471880,STORY
8c3bd404-66b7-3ee4-b470-c2c22e39b0be,IT,2023-1-17,Hybrid work is expanding beyond white collar jobs to finally include frontline workers,Fortune,https://finance.yahoo.com/news/hybrid-expanding-beyond-white-collar-195707016.html,1673294227,STORY
16de9e68-642a-3c31-9a5a-7ed8edd27bcb,IT,2023-1-17,Here's Why Investors Should Buy Gartner (IT) Stock Now,Zacks,https://finance.yahoo.com/news/heres-why-investors-buy-gartner-131401321.html,1672319641,STORY
23aa4feb-8f52-3757-91ab-7f2f7098cc21,IT,2023-1-17,"Zacks Industry Outlook Highlights Gartner, CBIZ and Huron Consulting Group",Zacks,https://finance.yahoo.com/news/zacks-industry-outlook-highlights-gartner-143302575.html,1672151582,STORY
1dd939e7-51d6-33a8-98d6-e1cc5421161a,IT,2023-1-17,3 Stocks From the Flourishing Consulting Services Industry,Zacks,https://finance.yahoo.com/news/3-stocks-flourishing-consulting-services-150003478.html,1671807603,STORY
9ea30d16-777e-374e-ad06-b09a88db22bc,IT,2023-1-18,Gartner (IT) Gains 40.7% in the Past 6 Months: Here's How,Zacks,https://finance.yahoo.com/news/gartner-gains-40-7-past-114111491.html,1673955671,STORY
af9047db-f778-3b4d-904e-b4adff19aedd,IT,2023-1-18,HP Sells Fewest PCs in More Than a Decade,Motley Fool,https://finance.yahoo.com/m/af9047db-f778-3b4d-904e-b4adff19aedd/hp-sells-fewest-pcs-in-more.html,1673616600,STORY
a21af139-6fd8-3c67-871f-1ca1031d7b91,IT,2023-1-18,"PC Shipments Crashes in Q4 on Weak Demand, Macroeconomic Woes",Zacks,https://finance.yahoo.com/news/pc-shipments-crashes-q4-weak-124912433.html,1673527752,STORY
c6943af3-00c2-3987-9421-aa057ac55675,IT,2023-1-18,"The PC industry just suffered its worst decline on record, again",MarketWatch,https://finance.yahoo.com/m/c6943af3-00c2-3987-9421-aa057ac55675/the-pc-industry-just-suffered.html,1673471880,STORY
8c3bd404-66b7-3ee4-b470-c2c22e39b0be,IT,2023-1-18,Hybrid work is expanding beyond white collar jobs to finally include frontline workers,Fortune,https://finance.yahoo.com/news/hybrid-expanding-beyond-white-collar-195707016.html,1673294227,STORY
16de9e68-642a-3c31-9a5a-7ed8edd27bcb,IT,2023-1-18,Here's Why Investors Should Buy Gartner (IT) Stock Now,Zacks,https://finance.yahoo.com/news/heres-why-investors-buy-gartner-131401321.html,1672319641,STORY
23aa4feb-8f52-3757-91ab-7f2f7098cc21,IT,2023-1-18,"Zacks Industry Outlook Highlights Gartner, CBIZ and Huron Consulting Group",Zacks,https://finance.yahoo.com/news/zacks-industry-outlook-highlights-gartner-143302575.html,1672151582,STORY
1dd939e7-51d6-33a8-98d6-e1cc5421161a,IT,2023-1-18,3 Stocks From the Flourishing Consulting Services Industry,Zacks,https://finance.yahoo.com/news/3-stocks-flourishing-consulting-services-150003478.html,1671807603,STORY
e787152e-b9fc-3608-bb98-4cc5ebd166f7,IT,2023-1-19,Are You a Growth Investor? This 1 Stock Could Be the Perfect Pick,Zacks,https://finance.yahoo.com/news/growth-investor-1-stock-could-144502640.html,1674053102,STORY
9ea30d16-777e-374e-ad06-b09a88db22bc,IT,2023-1-19,Gartner (IT) Gains 40.7% in the Past 6 Months: Here's How,Zacks,https://finance.yahoo.com/news/gartner-gains-40-7-past-114111491.html,1673955671,STORY
af9047db-f778-3b4d-904e-b4adff19aedd,IT,2023-1-19,HP Sells Fewest PCs in More Than a Decade,Motley Fool,https://finance.yahoo.com/m/af9047db-f778-3b4d-904e-b4adff19aedd/hp-sells-fewest-pcs-in-more.html,1673616600,STORY
a21af139-6fd8-3c67-871f-1ca1031d7b91,IT,2023-1-19,"PC Shipments Crashes in Q4 on Weak Demand, Macroeconomic Woes",Zacks,https://finance.yahoo.com/news/pc-shipments-crashes-q4-weak-124912433.html,1673527752,STORY
c6943af3-00c2-3987-9421-aa057ac55675,IT,2023-1-19,"The PC industry just suffered its worst decline on record, again",MarketWatch,https://finance.yahoo.com/m/c6943af3-00c2-3987-9421-aa057ac55675/the-pc-industry-just-suffered.html,1673471880,STORY
8c3bd404-66b7-3ee4-b470-c2c22e39b0be,IT,2023-1-19,Hybrid work is expanding beyond white collar jobs to finally include frontline workers,Fortune,https://finance.yahoo.com/news/hybrid-expanding-beyond-white-collar-195707016.html,1673294227,STORY
16de9e68-642a-3c31-9a5a-7ed8edd27bcb,IT,2023-1-19,Here's Why Investors Should Buy Gartner (IT) Stock Now,Zacks,https://finance.yahoo.com/news/heres-why-investors-buy-gartner-131401321.html,1672319641,STORY
23aa4feb-8f52-3757-91ab-7f2f7098cc21,IT,2023-1-19,"Zacks Industry Outlook Highlights Gartner, CBIZ and Huron Consulting Group",Zacks,https://finance.yahoo.com/news/zacks-industry-outlook-highlights-gartner-143302575.html,1672151582,STORY
e787152e-b9fc-3608-bb98-4cc5ebd166f7,IT,2023-1-20,Are You a Growth Investor? This 1 Stock Could Be the Perfect Pick,Zacks,https://finance.yahoo.com/news/growth-investor-1-stock-could-144502640.html,1674053102,STORY
9ea30d16-777e-374e-ad06-b09a88db22bc,IT,2023-1-20,Gartner (IT) Gains 40.7% in the Past 6 Months: Here's How,Zacks,https://finance.yahoo.com/news/gartner-gains-40-7-past-114111491.html,1673955671,STORY
af9047db-f778-3b4d-904e-b4adff19aedd,IT,2023-1-20,HP Sells Fewest PCs in More Than a Decade,Motley Fool,https://finance.yahoo.com/m/af9047db-f778-3b4d-904e-b4adff19aedd/hp-sells-fewest-pcs-in-more.html,1673616600,STORY
a21af139-6fd8-3c67-871f-1ca1031d7b91,IT,2023-1-20,"PC Shipments Crashes in Q4 on Weak Demand, Macroeconomic Woes",Zacks,https://finance.yahoo.com/news/pc-shipments-crashes-q4-weak-124912433.html,1673527752,STORY
c6943af3-00c2-3987-9421-aa057ac55675,IT,2023-1-20,"The PC industry just suffered its worst decline on record, again",MarketWatch,https://finance.yahoo.com/m/c6943af3-00c2-3987-9421-aa057ac55675/the-pc-industry-just-suffered.html,1673471880,STORY
8c3bd404-66b7-3ee4-b470-c2c22e39b0be,IT,2023-1-20,Hybrid work is expanding beyond white collar jobs to finally include frontline workers,Fortune,https://finance.yahoo.com/news/hybrid-expanding-beyond-white-collar-195707016.html,1673294227,STORY
16de9e68-642a-3c31-9a5a-7ed8edd27bcb,IT,2023-1-20,Here's Why Investors Should Buy Gartner (IT) Stock Now,Zacks,https://finance.yahoo.com/news/heres-why-investors-buy-gartner-131401321.html,1672319641,STORY
23aa4feb-8f52-3757-91ab-7f2f7098cc21,IT,2023-1-20,"Zacks Industry Outlook Highlights Gartner, CBIZ and Huron Consulting Group",Zacks,https://finance.yahoo.com/news/zacks-industry-outlook-highlights-gartner-143302575.html,1672151582,STORY
e787152e-b9fc-3608-bb98-4cc5ebd166f7,IT,2023-1-21,Are You a Growth Investor? This 1 Stock Could Be the Perfect Pick,Zacks,https://finance.yahoo.com/news/growth-investor-1-stock-could-144502640.html,1674053102,STORY
9ea30d16-777e-374e-ad06-b09a88db22bc,IT,2023-1-21,Gartner (IT) Gains 40.7% in the Past 6 Months: Here's How,Zacks,https://finance.yahoo.com/news/gartner-gains-40-7-past-114111491.html,1673955671,STORY
af9047db-f778-3b4d-904e-b4adff19aedd,IT,2023-1-21,HP Sells Fewest PCs in More Than a Decade,Motley Fool,https://finance.yahoo.com/m/af9047db-f778-3b4d-904e-b4adff19aedd/hp-sells-fewest-pcs-in-more.html,1673616600,STORY
a21af139-6fd8-3c67-871f-1ca1031d7b91,IT,2023-1-21,"PC Shipments Crashes in Q4 on Weak Demand, Macroeconomic Woes",Zacks,https://finance.yahoo.com/news/pc-shipments-crashes-q4-weak-124912433.html,1673527752,STORY
c6943af3-00c2-3987-9421-aa057ac55675,IT,2023-1-21,"The PC industry just suffered its worst decline on record, again",MarketWatch,https://finance.yahoo.com/m/c6943af3-00c2-3987-9421-aa057ac55675/the-pc-industry-just-suffered.html,1673471880,STORY
8c3bd404-66b7-3ee4-b470-c2c22e39b0be,IT,2023-1-21,Hybrid work is expanding beyond white collar jobs to finally include frontline workers,Fortune,https://finance.yahoo.com/news/hybrid-expanding-beyond-white-collar-195707016.html,1673294227,STORY
16de9e68-642a-3c31-9a5a-7ed8edd27bcb,IT,2023-1-21,Here's Why Investors Should Buy Gartner (IT) Stock Now,Zacks,https://finance.yahoo.com/news/heres-why-investors-buy-gartner-131401321.html,1672319641,STORY
23aa4feb-8f52-3757-91ab-7f2f7098cc21,IT,2023-1-21,"Zacks Industry Outlook Highlights Gartner, CBIZ and Huron Consulting Group",Zacks,https://finance.yahoo.com/news/zacks-industry-outlook-highlights-gartner-143302575.html,1672151582,STORY
e787152e-b9fc-3608-bb98-4cc5ebd166f7,IT,2023-1-22,Are You a Growth Investor? This 1 Stock Could Be the Perfect Pick,Zacks,https://finance.yahoo.com/news/growth-investor-1-stock-could-144502640.html,1674053102,STORY
9ea30d16-777e-374e-ad06-b09a88db22bc,IT,2023-1-22,Gartner (IT) Gains 40.7% in the Past 6 Months: Here's How,Zacks,https://finance.yahoo.com/news/gartner-gains-40-7-past-114111491.html,1673955671,STORY
af9047db-f778-3b4d-904e-b4adff19aedd,IT,2023-1-22,HP Sells Fewest PCs in More Than a Decade,Motley Fool,https://finance.yahoo.com/m/af9047db-f778-3b4d-904e-b4adff19aedd/hp-sells-fewest-pcs-in-more.html,1673616600,STORY
a21af139-6fd8-3c67-871f-1ca1031d7b91,IT,2023-1-22,"PC Shipments Crashes in Q4 on Weak Demand, Macroeconomic Woes",Zacks,https://finance.yahoo.com/news/pc-shipments-crashes-q4-weak-124912433.html,1673527752,STORY
c6943af3-00c2-3987-9421-aa057ac55675,IT,2023-1-22,"The PC industry just suffered its worst decline on record, again",MarketWatch,https://finance.yahoo.com/m/c6943af3-00c2-3987-9421-aa057ac55675/the-pc-industry-just-suffered.html,1673471880,STORY
8c3bd404-66b7-3ee4-b470-c2c22e39b0be,IT,2023-1-22,Hybrid work is expanding beyond white collar jobs to finally include frontline workers,Fortune,https://finance.yahoo.com/news/hybrid-expanding-beyond-white-collar-195707016.html,1673294227,STORY
16de9e68-642a-3c31-9a5a-7ed8edd27bcb,IT,2023-1-22,Here's Why Investors Should Buy Gartner (IT) Stock Now,Zacks,https://finance.yahoo.com/news/heres-why-investors-buy-gartner-131401321.html,1672319641,STORY
23aa4feb-8f52-3757-91ab-7f2f7098cc21,IT,2023-1-22,"Zacks Industry Outlook Highlights Gartner, CBIZ and Huron Consulting Group",Zacks,https://finance.yahoo.com/news/zacks-industry-outlook-highlights-gartner-143302575.html,1672151582,STORY
e787152e-b9fc-3608-bb98-4cc5ebd166f7,IT,2023-1-23,Are You a Growth Investor? This 1 Stock Could Be the Perfect Pick,Zacks,https://finance.yahoo.com/news/growth-investor-1-stock-could-144502640.html,1674053102,STORY
9ea30d16-777e-374e-ad06-b09a88db22bc,IT,2023-1-23,Gartner (IT) Gains 40.7% in the Past 6 Months: Here's How,Zacks,https://finance.yahoo.com/news/gartner-gains-40-7-past-114111491.html,1673955671,STORY
af9047db-f778-3b4d-904e-b4adff19aedd,IT,2023-1-23,HP Sells Fewest PCs in More Than a Decade,Motley Fool,https://finance.yahoo.com/m/af9047db-f778-3b4d-904e-b4adff19aedd/hp-sells-fewest-pcs-in-more.html,1673616600,STORY
a21af139-6fd8-3c67-871f-1ca1031d7b91,IT,2023-1-23,"PC Shipments Crashes in Q4 on Weak Demand, Macroeconomic Woes",Zacks,https://finance.yahoo.com/news/pc-shipments-crashes-q4-weak-124912433.html,1673527752,STORY
c6943af3-00c2-3987-9421-aa057ac55675,IT,2023-1-23,"The PC industry just suffered its worst decline on record, again",MarketWatch,https://finance.yahoo.com/m/c6943af3-00c2-3987-9421-aa057ac55675/the-pc-industry-just-suffered.html,1673471880,STORY
8c3bd404-66b7-3ee4-b470-c2c22e39b0be,IT,2023-1-23,Hybrid work is expanding beyond white collar jobs to finally include frontline workers,Fortune,https://finance.yahoo.com/news/hybrid-expanding-beyond-white-collar-195707016.html,1673294227,STORY
16de9e68-642a-3c31-9a5a-7ed8edd27bcb,IT,2023-1-23,Here's Why Investors Should Buy Gartner (IT) Stock Now,Zacks,https://finance.yahoo.com/news/heres-why-investors-buy-gartner-131401321.html,1672319641,STORY
23aa4feb-8f52-3757-91ab-7f2f7098cc21,IT,2023-1-23,"Zacks Industry Outlook Highlights Gartner, CBIZ and Huron Consulting Group",Zacks,https://finance.yahoo.com/news/zacks-industry-outlook-highlights-gartner-143302575.html,1672151582,STORY
c00a07b4-928d-3f4e-a297-75be37fb69f0,IT,2023-1-24,"Gartner to Report Fourth Quarter 2022 Financial Results on February 7, 2023",Business Wire,https://finance.yahoo.com/news/gartner-report-fourth-quarter-2022-130000933.html,1674565200,STORY
e787152e-b9fc-3608-bb98-4cc5ebd166f7,IT,2023-1-24,Are You a Growth Investor? This 1 Stock Could Be the Perfect Pick,Zacks,https://finance.yahoo.com/news/growth-investor-1-stock-could-144502640.html,1674053102,STORY
9ea30d16-777e-374e-ad06-b09a88db22bc,IT,2023-1-24,Gartner (IT) Gains 40.7% in the Past 6 Months: Here's How,Zacks,https://finance.yahoo.com/news/gartner-gains-40-7-past-114111491.html,1673955671,STORY
af9047db-f778-3b4d-904e-b4adff19aedd,IT,2023-1-24,HP Sells Fewest PCs in More Than a Decade,Motley Fool,https://finance.yahoo.com/m/af9047db-f778-3b4d-904e-b4adff19aedd/hp-sells-fewest-pcs-in-more.html,1673616600,STORY
a21af139-6fd8-3c67-871f-1ca1031d7b91,IT,2023-1-24,"PC Shipments Crashes in Q4 on Weak Demand, Macroeconomic Woes",Zacks,https://finance.yahoo.com/news/pc-shipments-crashes-q4-weak-124912433.html,1673527752,STORY
c6943af3-00c2-3987-9421-aa057ac55675,IT,2023-1-24,"The PC industry just suffered its worst decline on record, again",MarketWatch,https://finance.yahoo.com/m/c6943af3-00c2-3987-9421-aa057ac55675/the-pc-industry-just-suffered.html,1673471880,STORY
8c3bd404-66b7-3ee4-b470-c2c22e39b0be,IT,2023-1-24,Hybrid work is expanding beyond white collar jobs to finally include frontline workers,Fortune,https://finance.yahoo.com/news/hybrid-expanding-beyond-white-collar-195707016.html,1673294227,STORY
16de9e68-642a-3c31-9a5a-7ed8edd27bcb,IT,2023-1-24,Here's Why Investors Should Buy Gartner (IT) Stock Now,Zacks,https://finance.yahoo.com/news/heres-why-investors-buy-gartner-131401321.html,1672319641,STORY
c00a07b4-928d-3f4e-a297-75be37fb69f0,IT,2023-1-25,"Gartner to Report Fourth Quarter 2022 Financial Results on February 7, 2023",Business Wire,https://finance.yahoo.com/news/gartner-report-fourth-quarter-2022-130000933.html,1674565200,STORY
e787152e-b9fc-3608-bb98-4cc5ebd166f7,IT,2023-1-25,Are You a Growth Investor? This 1 Stock Could Be the Perfect Pick,Zacks,https://finance.yahoo.com/news/growth-investor-1-stock-could-144502640.html,1674053102,STORY
9ea30d16-777e-374e-ad06-b09a88db22bc,IT,2023-1-25,Gartner (IT) Gains 40.7% in the Past 6 Months: Here's How,Zacks,https://finance.yahoo.com/news/gartner-gains-40-7-past-114111491.html,1673955671,STORY
af9047db-f778-3b4d-904e-b4adff19aedd,IT,2023-1-25,HP Sells Fewest PCs in More Than a Decade,Motley Fool,https://finance.yahoo.com/m/af9047db-f778-3b4d-904e-b4adff19aedd/hp-sells-fewest-pcs-in-more.html,1673616600,STORY
a21af139-6fd8-3c67-871f-1ca1031d7b91,IT,2023-1-25,"PC Shipments Crashes in Q4 on Weak Demand, Macroeconomic Woes",Zacks,https://finance.yahoo.com/news/pc-shipments-crashes-q4-weak-124912433.html,1673527752,STORY
c6943af3-00c2-3987-9421-aa057ac55675,IT,2023-1-25,"The PC industry just suffered its worst decline on record, again",MarketWatch,https://finance.yahoo.com/m/c6943af3-00c2-3987-9421-aa057ac55675/the-pc-industry-just-suffered.html,1673471880,STORY
8c3bd404-66b7-3ee4-b470-c2c22e39b0be,IT,2023-1-25,Hybrid work is expanding beyond white collar jobs to finally include frontline workers,Fortune,https://finance.yahoo.com/news/hybrid-expanding-beyond-white-collar-195707016.html,1673294227,STORY
16de9e68-642a-3c31-9a5a-7ed8edd27bcb,IT,2023-1-25,Here's Why Investors Should Buy Gartner (IT) Stock Now,Zacks,https://finance.yahoo.com/news/heres-why-investors-buy-gartner-131401321.html,1672319641,STORY
12d25bff-8d8c-3e7c-9656-f631e0c14fa0,IT,2023-1-26,Why Gartner (IT) is Poised to Beat Earnings Estimates Again,Zacks,https://finance.yahoo.com/news/why-gartner-poised-beat-earnings-171005476.html,1674666605,STORY
c00a07b4-928d-3f4e-a297-75be37fb69f0,IT,2023-1-26,"Gartner to Report Fourth Quarter 2022 Financial Results on February 7, 2023",Business Wire,https://finance.yahoo.com/news/gartner-report-fourth-quarter-2022-130000933.html,1674565200,STORY
e787152e-b9fc-3608-bb98-4cc5ebd166f7,IT,2023-1-26,Are You a Growth Investor? This 1 Stock Could Be the Perfect Pick,Zacks,https://finance.yahoo.com/news/growth-investor-1-stock-could-144502640.html,1674053102,STORY
9ea30d16-777e-374e-ad06-b09a88db22bc,IT,2023-1-26,Gartner (IT) Gains 40.7% in the Past 6 Months: Here's How,Zacks,https://finance.yahoo.com/news/gartner-gains-40-7-past-114111491.html,1673955671,STORY
af9047db-f778-3b4d-904e-b4adff19aedd,IT,2023-1-26,HP Sells Fewest PCs in More Than a Decade,Motley Fool,https://finance.yahoo.com/m/af9047db-f778-3b4d-904e-b4adff19aedd/hp-sells-fewest-pcs-in-more.html,1673616600,STORY
a21af139-6fd8-3c67-871f-1ca1031d7b91,IT,2023-1-26,"PC Shipments Crashes in Q4 on Weak Demand, Macroeconomic Woes",Zacks,https://finance.yahoo.com/news/pc-shipments-crashes-q4-weak-124912433.html,1673527752,STORY
c6943af3-00c2-3987-9421-aa057ac55675,IT,2023-1-26,"The PC industry just suffered its worst decline on record, again",MarketWatch,https://finance.yahoo.com/m/c6943af3-00c2-3987-9421-aa057ac55675/the-pc-industry-just-suffered.html,1673471880,STORY
8c3bd404-66b7-3ee4-b470-c2c22e39b0be,IT,2023-1-26,Hybrid work is expanding beyond white collar jobs to finally include frontline workers,Fortune,https://finance.yahoo.com/news/hybrid-expanding-beyond-white-collar-195707016.html,1673294227,STORY
12d25bff-8d8c-3e7c-9656-f631e0c14fa0,IT,2023-1-27,Why Gartner (IT) is Poised to Beat Earnings Estimates Again,Zacks,https://finance.yahoo.com/news/why-gartner-poised-beat-earnings-171005476.html,1674666605,STORY
c00a07b4-928d-3f4e-a297-75be37fb69f0,IT,2023-1-27,"Gartner to Report Fourth Quarter 2022 Financial Results on February 7, 2023",Business Wire,https://finance.yahoo.com/news/gartner-report-fourth-quarter-2022-130000933.html,1674565200,STORY
e787152e-b9fc-3608-bb98-4cc5ebd166f7,IT,2023-1-27,Are You a Growth Investor? This 1 Stock Could Be the Perfect Pick,Zacks,https://finance.yahoo.com/news/growth-investor-1-stock-could-144502640.html,1674053102,STORY
9ea30d16-777e-374e-ad06-b09a88db22bc,IT,2023-1-27,Gartner (IT) Gains 40.7% in the Past 6 Months: Here's How,Zacks,https://finance.yahoo.com/news/gartner-gains-40-7-past-114111491.html,1673955671,STORY
af9047db-f778-3b4d-904e-b4adff19aedd,IT,2023-1-27,HP Sells Fewest PCs in More Than a Decade,Motley Fool,https://finance.yahoo.com/m/af9047db-f778-3b4d-904e-b4adff19aedd/hp-sells-fewest-pcs-in-more.html,1673616600,STORY
a21af139-6fd8-3c67-871f-1ca1031d7b91,IT,2023-1-27,"PC Shipments Crashes in Q4 on Weak Demand, Macroeconomic Woes",Zacks,https://finance.yahoo.com/news/pc-shipments-crashes-q4-weak-124912433.html,1673527752,STORY
c6943af3-00c2-3987-9421-aa057ac55675,IT,2023-1-27,"The PC industry just suffered its worst decline on record, again",MarketWatch,https://finance.yahoo.com/m/c6943af3-00c2-3987-9421-aa057ac55675/the-pc-industry-just-suffered.html,1673471880,STORY
8c3bd404-66b7-3ee4-b470-c2c22e39b0be,IT,2023-1-27,Hybrid work is expanding beyond white collar jobs to finally include frontline workers,Fortune,https://finance.yahoo.com/news/hybrid-expanding-beyond-white-collar-195707016.html,1673294227,STORY
12d25bff-8d8c-3e7c-9656-f631e0c14fa0,IT,2023-1-28,Why Gartner (IT) is Poised to Beat Earnings Estimates Again,Zacks,https://finance.yahoo.com/news/why-gartner-poised-beat-earnings-171005476.html,1674666605,STORY
c00a07b4-928d-3f4e-a297-75be37fb69f0,IT,2023-1-28,"Gartner to Report Fourth Quarter 2022 Financial Results on February 7, 2023",Business Wire,https://finance.yahoo.com/news/gartner-report-fourth-quarter-2022-130000933.html,1674565200,STORY
e787152e-b9fc-3608-bb98-4cc5ebd166f7,IT,2023-1-28,Are You a Growth Investor? This 1 Stock Could Be the Perfect Pick,Zacks,https://finance.yahoo.com/news/growth-investor-1-stock-could-144502640.html,1674053102,STORY
9ea30d16-777e-374e-ad06-b09a88db22bc,IT,2023-1-28,Gartner (IT) Gains 40.7% in the Past 6 Months: Here's How,Zacks,https://finance.yahoo.com/news/gartner-gains-40-7-past-114111491.html,1673955671,STORY
af9047db-f778-3b4d-904e-b4adff19aedd,IT,2023-1-28,HP Sells Fewest PCs in More Than a Decade,Motley Fool,https://finance.yahoo.com/m/af9047db-f778-3b4d-904e-b4adff19aedd/hp-sells-fewest-pcs-in-more.html,1673616600,STORY
a21af139-6fd8-3c67-871f-1ca1031d7b91,IT,2023-1-28,"PC Shipments Crashes in Q4 on Weak Demand, Macroeconomic Woes",Zacks,https://finance.yahoo.com/news/pc-shipments-crashes-q4-weak-124912433.html,1673527752,STORY
c6943af3-00c2-3987-9421-aa057ac55675,IT,2023-1-28,"The PC industry just suffered its worst decline on record, again",MarketWatch,https://finance.yahoo.com/m/c6943af3-00c2-3987-9421-aa057ac55675/the-pc-industry-just-suffered.html,1673471880,STORY
8c3bd404-66b7-3ee4-b470-c2c22e39b0be,IT,2023-1-28,Hybrid work is expanding beyond white collar jobs to finally include frontline workers,Fortune,https://finance.yahoo.com/news/hybrid-expanding-beyond-white-collar-195707016.html,1673294227,STORY
12d25bff-8d8c-3e7c-9656-f631e0c14fa0,IT,2023-1-29,Why Gartner (IT) is Poised to Beat Earnings Estimates Again,Zacks,https://finance.yahoo.com/news/why-gartner-poised-beat-earnings-171005476.html,1674666605,STORY
c00a07b4-928d-3f4e-a297-75be37fb69f0,IT,2023-1-29,"Gartner to Report Fourth Quarter 2022 Financial Results on February 7, 2023",Business Wire,https://finance.yahoo.com/news/gartner-report-fourth-quarter-2022-130000933.html,1674565200,STORY
e787152e-b9fc-3608-bb98-4cc5ebd166f7,IT,2023-1-29,Are You a Growth Investor? This 1 Stock Could Be the Perfect Pick,Zacks,https://finance.yahoo.com/news/growth-investor-1-stock-could-144502640.html,1674053102,STORY
9ea30d16-777e-374e-ad06-b09a88db22bc,IT,2023-1-29,Gartner (IT) Gains 40.7% in the Past 6 Months: Here's How,Zacks,https://finance.yahoo.com/news/gartner-gains-40-7-past-114111491.html,1673955671,STORY
af9047db-f778-3b4d-904e-b4adff19aedd,IT,2023-1-29,HP Sells Fewest PCs in More Than a Decade,Motley Fool,https://finance.yahoo.com/m/af9047db-f778-3b4d-904e-b4adff19aedd/hp-sells-fewest-pcs-in-more.html,1673616600,STORY
a21af139-6fd8-3c67-871f-1ca1031d7b91,IT,2023-1-29,"PC Shipments Crashes in Q4 on Weak Demand, Macroeconomic Woes",Zacks,https://finance.yahoo.com/news/pc-shipments-crashes-q4-weak-124912433.html,1673527752,STORY
c6943af3-00c2-3987-9421-aa057ac55675,IT,2023-1-29,"The PC industry just suffered its worst decline on record, again",MarketWatch,https://finance.yahoo.com/m/c6943af3-00c2-3987-9421-aa057ac55675/the-pc-industry-just-suffered.html,1673471880,STORY
8c3bd404-66b7-3ee4-b470-c2c22e39b0be,IT,2023-1-29,Hybrid work is expanding beyond white collar jobs to finally include frontline workers,Fortune,https://finance.yahoo.com/news/hybrid-expanding-beyond-white-collar-195707016.html,1673294227,STORY
12d25bff-8d8c-3e7c-9656-f631e0c14fa0,IT,2023-1-30,Why Gartner (IT) is Poised to Beat Earnings Estimates Again,Zacks,https://finance.yahoo.com/news/why-gartner-poised-beat-earnings-171005476.html,1674666605,STORY
c00a07b4-928d-3f4e-a297-75be37fb69f0,IT,2023-1-30,"Gartner to Report Fourth Quarter 2022 Financial Results on February 7, 2023",Business Wire,https://finance.yahoo.com/news/gartner-report-fourth-quarter-2022-130000933.html,1674565200,STORY
e787152e-b9fc-3608-bb98-4cc5ebd166f7,IT,2023-1-30,Are You a Growth Investor? This 1 Stock Could Be the Perfect Pick,Zacks,https://finance.yahoo.com/news/growth-investor-1-stock-could-144502640.html,1674053102,STORY
9ea30d16-777e-374e-ad06-b09a88db22bc,IT,2023-1-30,Gartner (IT) Gains 40.7% in the Past 6 Months: Here's How,Zacks,https://finance.yahoo.com/news/gartner-gains-40-7-past-114111491.html,1673955671,STORY
af9047db-f778-3b4d-904e-b4adff19aedd,IT,2023-1-30,HP Sells Fewest PCs in More Than a Decade,Motley Fool,https://finance.yahoo.com/m/af9047db-f778-3b4d-904e-b4adff19aedd/hp-sells-fewest-pcs-in-more.html,1673616600,STORY
a21af139-6fd8-3c67-871f-1ca1031d7b91,IT,2023-1-30,"PC Shipments Crashes in Q4 on Weak Demand, Macroeconomic Woes",Zacks,https://finance.yahoo.com/news/pc-shipments-crashes-q4-weak-124912433.html,1673527752,STORY
c6943af3-00c2-3987-9421-aa057ac55675,IT,2023-1-30,"The PC industry just suffered its worst decline on record, again",MarketWatch,https://finance.yahoo.com/m/c6943af3-00c2-3987-9421-aa057ac55675/the-pc-industry-just-suffered.html,1673471880,STORY
8c3bd404-66b7-3ee4-b470-c2c22e39b0be,IT,2023-1-30,Hybrid work is expanding beyond white collar jobs to finally include frontline workers,Fortune,https://finance.yahoo.com/news/hybrid-expanding-beyond-white-collar-195707016.html,1673294227,STORY
ca199bf4-73c0-34f7-8c6b-37df75b06356,IT,2023-1-31,"Mobile phone, PC shipments to fall again in 2023, Gartner says",Reuters,https://finance.yahoo.com/news/mobile-phone-pc-shipments-fall-083346572.html,1675154026,STORY
47c1e3c2-a2a2-3dca-9603-c154670d2b93,IT,2023-1-31,Want Better Returns? Don't Ignore These 2 Business Services Stocks Set to Beat Earnings,Zacks,https://finance.yahoo.com/news/want-better-returns-dont-ignore-140002248.html,1675087202,STORY
12d25bff-8d8c-3e7c-9656-f631e0c14fa0,IT,2023-1-31,Why Gartner (IT) is Poised to Beat Earnings Estimates Again,Zacks,https://finance.yahoo.com/news/why-gartner-poised-beat-earnings-171005476.html,1674666605,STORY
c00a07b4-928d-3f4e-a297-75be37fb69f0,IT,2023-1-31,"Gartner to Report Fourth Quarter 2022 Financial Results on February 7, 2023",Business Wire,https://finance.yahoo.com/news/gartner-report-fourth-quarter-2022-130000933.html,1674565200,STORY
e787152e-b9fc-3608-bb98-4cc5ebd166f7,IT,2023-1-31,Are You a Growth Investor? This 1 Stock Could Be the Perfect Pick,Zacks,https://finance.yahoo.com/news/growth-investor-1-stock-could-144502640.html,1674053102,STORY
9ea30d16-777e-374e-ad06-b09a88db22bc,IT,2023-1-31,Gartner (IT) Gains 40.7% in the Past 6 Months: Here's How,Zacks,https://finance.yahoo.com/news/gartner-gains-40-7-past-114111491.html,1673955671,STORY
af9047db-f778-3b4d-904e-b4adff19aedd,IT,2023-1-31,HP Sells Fewest PCs in More Than a Decade,Motley Fool,https://finance.yahoo.com/m/af9047db-f778-3b4d-904e-b4adff19aedd/hp-sells-fewest-pcs-in-more.html,1673616600,STORY
a21af139-6fd8-3c67-871f-1ca1031d7b91,IT,2023-1-31,"PC Shipments Crashes in Q4 on Weak Demand, Macroeconomic Woes",Zacks,https://finance.yahoo.com/news/pc-shipments-crashes-q4-weak-124912433.html,1673527752,STORY
c5816399-c61d-34fa-bb00-564697e7afef,IT,2023-2-1,Gartner Announces Gartner CSO & Sales Leader Conference 2023,Business Wire,https://finance.yahoo.com/news/gartner-announces-gartner-cso-sales-130000482.html,1675256400,STORY
ea103f84-8832-3994-b9fd-d48bf7d964ec,IT,2023-2-1,Gartner (IT) Expected to Beat Earnings Estimates: What to Know Ahead of Q4 Release,Zacks,https://finance.yahoo.com/news/gartner-expected-beat-earnings-estimates-150003543.html,1675177203,STORY
57d6fdff-bba0-3b55-a567-3542968bf6b5,IT,2023-2-1,Gartner Announces Gartner Data & Analytics Summit 2023,Business Wire,https://finance.yahoo.com/news/gartner-announces-gartner-data-analytics-140000641.html,1675173600,STORY
ca199bf4-73c0-34f7-8c6b-37df75b06356,IT,2023-2-1,"Mobile phone, PC shipments to fall again in 2023, Gartner says",Reuters,https://finance.yahoo.com/news/mobile-phone-pc-shipments-fall-083346572.html,1675154026,STORY
47c1e3c2-a2a2-3dca-9603-c154670d2b93,IT,2023-2-1,Want Better Returns? Don't Ignore These 2 Business Services Stocks Set to Beat Earnings,Zacks,https://finance.yahoo.com/news/want-better-returns-dont-ignore-140002248.html,1675087202,STORY
12d25bff-8d8c-3e7c-9656-f631e0c14fa0,IT,2023-2-1,Why Gartner (IT) is Poised to Beat Earnings Estimates Again,Zacks,https://finance.yahoo.com/news/why-gartner-poised-beat-earnings-171005476.html,1674666605,STORY
c00a07b4-928d-3f4e-a297-75be37fb69f0,IT,2023-2-1,"Gartner to Report Fourth Quarter 2022 Financial Results on February 7, 2023",Business Wire,https://finance.yahoo.com/news/gartner-report-fourth-quarter-2022-130000933.html,1674565200,STORY
e787152e-b9fc-3608-bb98-4cc5ebd166f7,IT,2023-2-1,Are You a Growth Investor? This 1 Stock Could Be the Perfect Pick,Zacks,https://finance.yahoo.com/news/growth-investor-1-stock-could-144502640.html,1674053102,STORY
b1279590-dac1-3c5a-a21e-e1a97a70196a,IT,2023-2-2,Gartner (IT) to Report Q4 Earnings: What's in the Cards?,Zacks,https://finance.yahoo.com/news/gartner-report-q4-earnings-whats-171605196.html,1675271765,STORY
c5816399-c61d-34fa-bb00-564697e7afef,IT,2023-2-2,Gartner Announces Gartner CSO & Sales Leader Conference 2023,Business Wire,https://finance.yahoo.com/news/gartner-announces-gartner-cso-sales-130000482.html,1675256400,STORY
ea103f84-8832-3994-b9fd-d48bf7d964ec,IT,2023-2-2,Gartner (IT) Expected to Beat Earnings Estimates: What to Know Ahead of Q4 Release,Zacks,https://finance.yahoo.com/news/gartner-expected-beat-earnings-estimates-150003543.html,1675177203,STORY
57d6fdff-bba0-3b55-a567-3542968bf6b5,IT,2023-2-2,Gartner Announces Gartner Data & Analytics Summit 2023,Business Wire,https://finance.yahoo.com/news/gartner-announces-gartner-data-analytics-140000641.html,1675173600,STORY
ca199bf4-73c0-34f7-8c6b-37df75b06356,IT,2023-2-2,"Mobile phone, PC shipments to fall again in 2023, Gartner says",Reuters,https://finance.yahoo.com/news/mobile-phone-pc-shipments-fall-083346572.html,1675154026,STORY
47c1e3c2-a2a2-3dca-9603-c154670d2b93,IT,2023-2-2,Want Better Returns? Don't Ignore These 2 Business Services Stocks Set to Beat Earnings,Zacks,https://finance.yahoo.com/news/want-better-returns-dont-ignore-140002248.html,1675087202,STORY
12d25bff-8d8c-3e7c-9656-f631e0c14fa0,IT,2023-2-2,Why Gartner (IT) is Poised to Beat Earnings Estimates Again,Zacks,https://finance.yahoo.com/news/why-gartner-poised-beat-earnings-171005476.html,1674666605,STORY
c00a07b4-928d-3f4e-a297-75be37fb69f0,IT,2023-2-2,"Gartner to Report Fourth Quarter 2022 Financial Results on February 7, 2023",Business Wire,https://finance.yahoo.com/news/gartner-report-fourth-quarter-2022-130000933.html,1674565200,STORY
0a513d04-6eb9-3d81-b001-42a054e99a80,IT,2023-2-3,"Leeds Equity Partners Acquires TalentNeuron from Gartner, Inc.",PR Newswire,https://finance.yahoo.com/news/leeds-equity-partners-acquires-talentneuron-210000247.html,1675371600,STORY
c27dd7c1-24a1-3ee3-b667-9f91412b3b6f,IT,2023-2-3,"With EPS Growth And More, Gartner (NYSE:IT) Makes An Interesting Case",Simply Wall St.,https://finance.yahoo.com/news/eps-growth-more-gartner-nyse-135751890.html,1675346271,STORY
b1279590-dac1-3c5a-a21e-e1a97a70196a,IT,2023-2-3,Gartner (IT) to Report Q4 Earnings: What's in the Cards?,Zacks,https://finance.yahoo.com/news/gartner-report-q4-earnings-whats-171605196.html,1675271765,STORY
c5816399-c61d-34fa-bb00-564697e7afef,IT,2023-2-3,Gartner Announces Gartner CSO & Sales Leader Conference 2023,Business Wire,https://finance.yahoo.com/news/gartner-announces-gartner-cso-sales-130000482.html,1675256400,STORY
ea103f84-8832-3994-b9fd-d48bf7d964ec,IT,2023-2-3,Gartner (IT) Expected to Beat Earnings Estimates: What to Know Ahead of Q4 Release,Zacks,https://finance.yahoo.com/news/gartner-expected-beat-earnings-estimates-150003543.html,1675177203,STORY
57d6fdff-bba0-3b55-a567-3542968bf6b5,IT,2023-2-3,Gartner Announces Gartner Data & Analytics Summit 2023,Business Wire,https://finance.yahoo.com/news/gartner-announces-gartner-data-analytics-140000641.html,1675173600,STORY
ca199bf4-73c0-34f7-8c6b-37df75b06356,IT,2023-2-3,"Mobile phone, PC shipments to fall again in 2023, Gartner says",Reuters,https://finance.yahoo.com/news/mobile-phone-pc-shipments-fall-083346572.html,1675154026,STORY
47c1e3c2-a2a2-3dca-9603-c154670d2b93,IT,2023-2-3,Want Better Returns? Don't Ignore These 2 Business Services Stocks Set to Beat Earnings,Zacks,https://finance.yahoo.com/news/want-better-returns-dont-ignore-140002248.html,1675087202,STORY
0a513d04-6eb9-3d81-b001-42a054e99a80,IT,2023-2-4,"Leeds Equity Partners Acquires TalentNeuron from Gartner, Inc.",PR Newswire,https://finance.yahoo.com/news/leeds-equity-partners-acquires-talentneuron-210000247.html,1675371600,STORY
c27dd7c1-24a1-3ee3-b667-9f91412b3b6f,IT,2023-2-4,"With EPS Growth And More, Gartner (NYSE:IT) Makes An Interesting Case",Simply Wall St.,https://finance.yahoo.com/news/eps-growth-more-gartner-nyse-135751890.html,1675346271,STORY
b1279590-dac1-3c5a-a21e-e1a97a70196a,IT,2023-2-4,Gartner (IT) to Report Q4 Earnings: What's in the Cards?,Zacks,https://finance.yahoo.com/news/gartner-report-q4-earnings-whats-171605196.html,1675271765,STORY
c5816399-c61d-34fa-bb00-564697e7afef,IT,2023-2-4,Gartner Announces Gartner CSO & Sales Leader Conference 2023,Business Wire,https://finance.yahoo.com/news/gartner-announces-gartner-cso-sales-130000482.html,1675256400,STORY
ea103f84-8832-3994-b9fd-d48bf7d964ec,IT,2023-2-4,Gartner (IT) Expected to Beat Earnings Estimates: What to Know Ahead of Q4 Release,Zacks,https://finance.yahoo.com/news/gartner-expected-beat-earnings-estimates-150003543.html,1675177203,STORY
57d6fdff-bba0-3b55-a567-3542968bf6b5,IT,2023-2-4,Gartner Announces Gartner Data & Analytics Summit 2023,Business Wire,https://finance.yahoo.com/news/gartner-announces-gartner-data-analytics-140000641.html,1675173600,STORY
ca199bf4-73c0-34f7-8c6b-37df75b06356,IT,2023-2-4,"Mobile phone, PC shipments to fall again in 2023, Gartner says",Reuters,https://finance.yahoo.com/news/mobile-phone-pc-shipments-fall-083346572.html,1675154026,STORY
47c1e3c2-a2a2-3dca-9603-c154670d2b93,IT,2023-2-4,Want Better Returns? Don't Ignore These 2 Business Services Stocks Set to Beat Earnings,Zacks,https://finance.yahoo.com/news/want-better-returns-dont-ignore-140002248.html,1675087202,STORY
0a513d04-6eb9-3d81-b001-42a054e99a80,IT,2023-2-5,"Leeds Equity Partners Acquires TalentNeuron from Gartner, Inc.",PR Newswire,https://finance.yahoo.com/news/leeds-equity-partners-acquires-talentneuron-210000247.html,1675371600,STORY
c27dd7c1-24a1-3ee3-b667-9f91412b3b6f,IT,2023-2-5,"With EPS Growth And More, Gartner (NYSE:IT) Makes An Interesting Case",Simply Wall St.,https://finance.yahoo.com/news/eps-growth-more-gartner-nyse-135751890.html,1675346271,STORY
b1279590-dac1-3c5a-a21e-e1a97a70196a,IT,2023-2-5,Gartner (IT) to Report Q4 Earnings: What's in the Cards?,Zacks,https://finance.yahoo.com/news/gartner-report-q4-earnings-whats-171605196.html,1675271765,STORY
c5816399-c61d-34fa-bb00-564697e7afef,IT,2023-2-5,Gartner Announces Gartner CSO & Sales Leader Conference 2023,Business Wire,https://finance.yahoo.com/news/gartner-announces-gartner-cso-sales-130000482.html,1675256400,STORY
ea103f84-8832-3994-b9fd-d48bf7d964ec,IT,2023-2-5,Gartner (IT) Expected to Beat Earnings Estimates: What to Know Ahead of Q4 Release,Zacks,https://finance.yahoo.com/news/gartner-expected-beat-earnings-estimates-150003543.html,1675177203,STORY
57d6fdff-bba0-3b55-a567-3542968bf6b5,IT,2023-2-5,Gartner Announces Gartner Data & Analytics Summit 2023,Business Wire,https://finance.yahoo.com/news/gartner-announces-gartner-data-analytics-140000641.html,1675173600,STORY
ca199bf4-73c0-34f7-8c6b-37df75b06356,IT,2023-2-5,"Mobile phone, PC shipments to fall again in 2023, Gartner says",Reuters,https://finance.yahoo.com/news/mobile-phone-pc-shipments-fall-083346572.html,1675154026,STORY
47c1e3c2-a2a2-3dca-9603-c154670d2b93,IT,2023-2-5,Want Better Returns? Don't Ignore These 2 Business Services Stocks Set to Beat Earnings,Zacks,https://finance.yahoo.com/news/want-better-returns-dont-ignore-140002248.html,1675087202,STORY
0a513d04-6eb9-3d81-b001-42a054e99a80,IT,2023-2-6,"Leeds Equity Partners Acquires TalentNeuron from Gartner, Inc.",PR Newswire,https://finance.yahoo.com/news/leeds-equity-partners-acquires-talentneuron-210000247.html,1675371600,STORY
c27dd7c1-24a1-3ee3-b667-9f91412b3b6f,IT,2023-2-6,"With EPS Growth And More, Gartner (NYSE:IT) Makes An Interesting Case",Simply Wall St.,https://finance.yahoo.com/news/eps-growth-more-gartner-nyse-135751890.html,1675346271,STORY
b1279590-dac1-3c5a-a21e-e1a97a70196a,IT,2023-2-6,Gartner (IT) to Report Q4 Earnings: What's in the Cards?,Zacks,https://finance.yahoo.com/news/gartner-report-q4-earnings-whats-171605196.html,1675271765,STORY
c5816399-c61d-34fa-bb00-564697e7afef,IT,2023-2-6,Gartner Announces Gartner CSO & Sales Leader Conference 2023,Business Wire,https://finance.yahoo.com/news/gartner-announces-gartner-cso-sales-130000482.html,1675256400,STORY
ea103f84-8832-3994-b9fd-d48bf7d964ec,IT,2023-2-6,Gartner (IT) Expected to Beat Earnings Estimates: What to Know Ahead of Q4 Release,Zacks,https://finance.yahoo.com/news/gartner-expected-beat-earnings-estimates-150003543.html,1675177203,STORY
57d6fdff-bba0-3b55-a567-3542968bf6b5,IT,2023-2-6,Gartner Announces Gartner Data & Analytics Summit 2023,Business Wire,https://finance.yahoo.com/news/gartner-announces-gartner-data-analytics-140000641.html,1675173600,STORY
ca199bf4-73c0-34f7-8c6b-37df75b06356,IT,2023-2-6,"Mobile phone, PC shipments to fall again in 2023, Gartner says",Reuters,https://finance.yahoo.com/news/mobile-phone-pc-shipments-fall-083346572.html,1675154026,STORY
47c1e3c2-a2a2-3dca-9603-c154670d2b93,IT,2023-2-6,Want Better Returns? Don't Ignore These 2 Business Services Stocks Set to Beat Earnings,Zacks,https://finance.yahoo.com/news/want-better-returns-dont-ignore-140002248.html,1675087202,STORY
0a733afb-aa6f-3e9a-8bae-3464493c72bb,IT,2023-2-7,Gartner Reports Fourth Quarter 2022 Financial Results,Business Wire,https://finance.yahoo.com/news/gartner-reports-fourth-quarter-2022-110000851.html,1675767600,STORY
1f10ada6-fe3b-3935-be92-0d69fa519072,IT,2023-2-7,Is a Surprise Coming for Gartner (IT) This Earnings Season?,Zacks,https://finance.yahoo.com/news/surprise-coming-gartner-earnings-season-133001424.html,1675690201,STORY
0a513d04-6eb9-3d81-b001-42a054e99a80,IT,2023-2-7,"Leeds Equity Partners Acquires TalentNeuron from Gartner, Inc.",PR Newswire,https://finance.yahoo.com/news/leeds-equity-partners-acquires-talentneuron-210000247.html,1675371600,STORY
c27dd7c1-24a1-3ee3-b667-9f91412b3b6f,IT,2023-2-7,"With EPS Growth And More, Gartner (NYSE:IT) Makes An Interesting Case",Simply Wall St.,https://finance.yahoo.com/news/eps-growth-more-gartner-nyse-135751890.html,1675346271,STORY
b1279590-dac1-3c5a-a21e-e1a97a70196a,IT,2023-2-7,Gartner (IT) to Report Q4 Earnings: What's in the Cards?,Zacks,https://finance.yahoo.com/news/gartner-report-q4-earnings-whats-171605196.html,1675271765,STORY
c5816399-c61d-34fa-bb00-564697e7afef,IT,2023-2-7,Gartner Announces Gartner CSO & Sales Leader Conference 2023,Business Wire,https://finance.yahoo.com/news/gartner-announces-gartner-cso-sales-130000482.html,1675256400,STORY
ea103f84-8832-3994-b9fd-d48bf7d964ec,IT,2023-2-7,Gartner (IT) Expected to Beat Earnings Estimates: What to Know Ahead of Q4 Release,Zacks,https://finance.yahoo.com/news/gartner-expected-beat-earnings-estimates-150003543.html,1675177203,STORY
57d6fdff-bba0-3b55-a567-3542968bf6b5,IT,2023-2-7,Gartner Announces Gartner Data & Analytics Summit 2023,Business Wire,https://finance.yahoo.com/news/gartner-announces-gartner-data-analytics-140000641.html,1675173600,STORY
861ddd59-4da3-3276-b388-2574f5b6d506,IT,2023-2-8,"Gartner (IT) Q4 Earnings & Revenues Top Estimates, Up Y/Y",Zacks,https://finance.yahoo.com/news/gartner-q4-earnings-revenues-top-164504923.html,1675788304,STORY
999e127a-0d53-3bb0-b1a3-486904f9f766,IT,2023-2-8,Gartner (IT) Surpasses Q4 Earnings and Revenue Estimates,Zacks,https://finance.yahoo.com/news/gartner-surpasses-q4-earnings-revenue-122512536.html,1675772712,STORY
0a733afb-aa6f-3e9a-8bae-3464493c72bb,IT,2023-2-8,Gartner Reports Fourth Quarter 2022 Financial Results,Business Wire,https://finance.yahoo.com/news/gartner-reports-fourth-quarter-2022-110000851.html,1675767600,STORY
1f10ada6-fe3b-3935-be92-0d69fa519072,IT,2023-2-8,Is a Surprise Coming for Gartner (IT) This Earnings Season?,Zacks,https://finance.yahoo.com/news/surprise-coming-gartner-earnings-season-133001424.html,1675690201,STORY
0a513d04-6eb9-3d81-b001-42a054e99a80,IT,2023-2-8,"Leeds Equity Partners Acquires TalentNeuron from Gartner, Inc.",PR Newswire,https://finance.yahoo.com/news/leeds-equity-partners-acquires-talentneuron-210000247.html,1675371600,STORY
c27dd7c1-24a1-3ee3-b667-9f91412b3b6f,IT,2023-2-8,"With EPS Growth And More, Gartner (NYSE:IT) Makes An Interesting Case",Simply Wall St.,https://finance.yahoo.com/news/eps-growth-more-gartner-nyse-135751890.html,1675346271,STORY
b1279590-dac1-3c5a-a21e-e1a97a70196a,IT,2023-2-8,Gartner (IT) to Report Q4 Earnings: What's in the Cards?,Zacks,https://finance.yahoo.com/news/gartner-report-q4-earnings-whats-171605196.html,1675271765,STORY
c5816399-c61d-34fa-bb00-564697e7afef,IT,2023-2-8,Gartner Announces Gartner CSO & Sales Leader Conference 2023,Business Wire,https://finance.yahoo.com/news/gartner-announces-gartner-cso-sales-130000482.html,1675256400,STORY
861ddd59-4da3-3276-b388-2574f5b6d506,IT,2023-2-9,"Gartner (IT) Q4 Earnings & Revenues Top Estimates, Up Y/Y",Zacks,https://finance.yahoo.com/news/gartner-q4-earnings-revenues-top-164504923.html,1675788304,STORY
999e127a-0d53-3bb0-b1a3-486904f9f766,IT,2023-2-9,Gartner (IT) Surpasses Q4 Earnings and Revenue Estimates,Zacks,https://finance.yahoo.com/news/gartner-surpasses-q4-earnings-revenue-122512536.html,1675772712,STORY
0a733afb-aa6f-3e9a-8bae-3464493c72bb,IT,2023-2-9,Gartner Reports Fourth Quarter 2022 Financial Results,Business Wire,https://finance.yahoo.com/news/gartner-reports-fourth-quarter-2022-110000851.html,1675767600,STORY
1f10ada6-fe3b-3935-be92-0d69fa519072,IT,2023-2-9,Is a Surprise Coming for Gartner (IT) This Earnings Season?,Zacks,https://finance.yahoo.com/news/surprise-coming-gartner-earnings-season-133001424.html,1675690201,STORY
0a513d04-6eb9-3d81-b001-42a054e99a80,IT,2023-2-9,"Leeds Equity Partners Acquires TalentNeuron from Gartner, Inc.",PR Newswire,https://finance.yahoo.com/news/leeds-equity-partners-acquires-talentneuron-210000247.html,1675371600,STORY
c27dd7c1-24a1-3ee3-b667-9f91412b3b6f,IT,2023-2-9,"With EPS Growth And More, Gartner (NYSE:IT) Makes An Interesting Case",Simply Wall St.,https://finance.yahoo.com/news/eps-growth-more-gartner-nyse-135751890.html,1675346271,STORY
b1279590-dac1-3c5a-a21e-e1a97a70196a,IT,2023-2-9,Gartner (IT) to Report Q4 Earnings: What's in the Cards?,Zacks,https://finance.yahoo.com/news/gartner-report-q4-earnings-whats-171605196.html,1675271765,STORY
c5816399-c61d-34fa-bb00-564697e7afef,IT,2023-2-9,Gartner Announces Gartner CSO & Sales Leader Conference 2023,Business Wire,https://finance.yahoo.com/news/gartner-announces-gartner-cso-sales-130000482.html,1675256400,STORY
329243dc-bef6-3863-b13e-5005eaea384e,IT,2023-2-10,"Gartner, Inc. (NYSE:IT) Q4 2022 Earnings Call Transcript",Insider Monkey,https://finance.yahoo.com/news/gartner-inc-nyse-q4-2022-134321414.html,1675950201,STORY
861ddd59-4da3-3276-b388-2574f5b6d506,IT,2023-2-10,"Gartner (IT) Q4 Earnings & Revenues Top Estimates, Up Y/Y",Zacks,https://finance.yahoo.com/news/gartner-q4-earnings-revenues-top-164504923.html,1675788304,STORY
999e127a-0d53-3bb0-b1a3-486904f9f766,IT,2023-2-10,Gartner (IT) Surpasses Q4 Earnings and Revenue Estimates,Zacks,https://finance.yahoo.com/news/gartner-surpasses-q4-earnings-revenue-122512536.html,1675772712,STORY
0a733afb-aa6f-3e9a-8bae-3464493c72bb,IT,2023-2-10,Gartner Reports Fourth Quarter 2022 Financial Results,Business Wire,https://finance.yahoo.com/news/gartner-reports-fourth-quarter-2022-110000851.html,1675767600,STORY
1f10ada6-fe3b-3935-be92-0d69fa519072,IT,2023-2-10,Is a Surprise Coming for Gartner (IT) This Earnings Season?,Zacks,https://finance.yahoo.com/news/surprise-coming-gartner-earnings-season-133001424.html,1675690201,STORY
0a513d04-6eb9-3d81-b001-42a054e99a80,IT,2023-2-10,"Leeds Equity Partners Acquires TalentNeuron from Gartner, Inc.",PR Newswire,https://finance.yahoo.com/news/leeds-equity-partners-acquires-talentneuron-210000247.html,1675371600,STORY
c27dd7c1-24a1-3ee3-b667-9f91412b3b6f,IT,2023-2-10,"With EPS Growth And More, Gartner (NYSE:IT) Makes An Interesting Case",Simply Wall St.,https://finance.yahoo.com/news/eps-growth-more-gartner-nyse-135751890.html,1675346271,STORY
b1279590-dac1-3c5a-a21e-e1a97a70196a,IT,2023-2-10,Gartner (IT) to Report Q4 Earnings: What's in the Cards?,Zacks,https://finance.yahoo.com/news/gartner-report-q4-earnings-whats-171605196.html,1675271765,STORY
329243dc-bef6-3863-b13e-5005eaea384e,IT,2023-2-11,"Gartner, Inc. (NYSE:IT) Q4 2022 Earnings Call Transcript",Insider Monkey,https://finance.yahoo.com/news/gartner-inc-nyse-q4-2022-134321414.html,1675950201,STORY
861ddd59-4da3-3276-b388-2574f5b6d506,IT,2023-2-11,"Gartner (IT) Q4 Earnings & Revenues Top Estimates, Up Y/Y",Zacks,https://finance.yahoo.com/news/gartner-q4-earnings-revenues-top-164504923.html,1675788304,STORY
999e127a-0d53-3bb0-b1a3-486904f9f766,IT,2023-2-11,Gartner (IT) Surpasses Q4 Earnings and Revenue Estimates,Zacks,https://finance.yahoo.com/news/gartner-surpasses-q4-earnings-revenue-122512536.html,1675772712,STORY
0a733afb-aa6f-3e9a-8bae-3464493c72bb,IT,2023-2-11,Gartner Reports Fourth Quarter 2022 Financial Results,Business Wire,https://finance.yahoo.com/news/gartner-reports-fourth-quarter-2022-110000851.html,1675767600,STORY
1f10ada6-fe3b-3935-be92-0d69fa519072,IT,2023-2-11,Is a Surprise Coming for Gartner (IT) This Earnings Season?,Zacks,https://finance.yahoo.com/news/surprise-coming-gartner-earnings-season-133001424.html,1675690201,STORY
0a513d04-6eb9-3d81-b001-42a054e99a80,IT,2023-2-11,"Leeds Equity Partners Acquires TalentNeuron from Gartner, Inc.",PR Newswire,https://finance.yahoo.com/news/leeds-equity-partners-acquires-talentneuron-210000247.html,1675371600,STORY
c27dd7c1-24a1-3ee3-b667-9f91412b3b6f,IT,2023-2-11,"With EPS Growth And More, Gartner (NYSE:IT) Makes An Interesting Case",Simply Wall St.,https://finance.yahoo.com/news/eps-growth-more-gartner-nyse-135751890.html,1675346271,STORY
b1279590-dac1-3c5a-a21e-e1a97a70196a,IT,2023-2-11,Gartner (IT) to Report Q4 Earnings: What's in the Cards?,Zacks,https://finance.yahoo.com/news/gartner-report-q4-earnings-whats-171605196.html,1675271765,STORY
329243dc-bef6-3863-b13e-5005eaea384e,IT,2023-2-12,"Gartner, Inc. (NYSE:IT) Q4 2022 Earnings Call Transcript",Insider Monkey,https://finance.yahoo.com/news/gartner-inc-nyse-q4-2022-134321414.html,1675950201,STORY
861ddd59-4da3-3276-b388-2574f5b6d506,IT,2023-2-12,"Gartner (IT) Q4 Earnings & Revenues Top Estimates, Up Y/Y",Zacks,https://finance.yahoo.com/news/gartner-q4-earnings-revenues-top-164504923.html,1675788304,STORY
999e127a-0d53-3bb0-b1a3-486904f9f766,IT,2023-2-12,Gartner (IT) Surpasses Q4 Earnings and Revenue Estimates,Zacks,https://finance.yahoo.com/news/gartner-surpasses-q4-earnings-revenue-122512536.html,1675772712,STORY
0a733afb-aa6f-3e9a-8bae-3464493c72bb,IT,2023-2-12,Gartner Reports Fourth Quarter 2022 Financial Results,Business Wire,https://finance.yahoo.com/news/gartner-reports-fourth-quarter-2022-110000851.html,1675767600,STORY
1f10ada6-fe3b-3935-be92-0d69fa519072,IT,2023-2-12,Is a Surprise Coming for Gartner (IT) This Earnings Season?,Zacks,https://finance.yahoo.com/news/surprise-coming-gartner-earnings-season-133001424.html,1675690201,STORY
0a513d04-6eb9-3d81-b001-42a054e99a80,IT,2023-2-12,"Leeds Equity Partners Acquires TalentNeuron from Gartner, Inc.",PR Newswire,https://finance.yahoo.com/news/leeds-equity-partners-acquires-talentneuron-210000247.html,1675371600,STORY
c27dd7c1-24a1-3ee3-b667-9f91412b3b6f,IT,2023-2-12,"With EPS Growth And More, Gartner (NYSE:IT) Makes An Interesting Case",Simply Wall St.,https://finance.yahoo.com/news/eps-growth-more-gartner-nyse-135751890.html,1675346271,STORY
b1279590-dac1-3c5a-a21e-e1a97a70196a,IT,2023-2-12,Gartner (IT) to Report Q4 Earnings: What's in the Cards?,Zacks,https://finance.yahoo.com/news/gartner-report-q4-earnings-whats-171605196.html,1675271765,STORY
92a6155e-4783-36dd-9597-b66dca3bc241,IT,2023-2-13,What Makes Gartner (IT) Stock Attractive?,Insider Monkey,https://finance.yahoo.com/news/makes-gartner-stock-attractive-120734274.html,1676290054,STORY
4af03e65-1016-39b1-a184-2ed1081a6902,IT,2023-2-13,25 Biggest Connecticut Companies and Stocks,Insider Monkey,https://finance.yahoo.com/news/25-biggest-connecticut-companies-stocks-151100459.html,1676214660,STORY
329243dc-bef6-3863-b13e-5005eaea384e,IT,2023-2-13,"Gartner, Inc. (NYSE:IT) Q4 2022 Earnings Call Transcript",Insider Monkey,https://finance.yahoo.com/news/gartner-inc-nyse-q4-2022-134321414.html,1675950201,STORY
861ddd59-4da3-3276-b388-2574f5b6d506,IT,2023-2-13,"Gartner (IT) Q4 Earnings & Revenues Top Estimates, Up Y/Y",Zacks,https://finance.yahoo.com/news/gartner-q4-earnings-revenues-top-164504923.html,1675788304,STORY
999e127a-0d53-3bb0-b1a3-486904f9f766,IT,2023-2-13,Gartner (IT) Surpasses Q4 Earnings and Revenue Estimates,Zacks,https://finance.yahoo.com/news/gartner-surpasses-q4-earnings-revenue-122512536.html,1675772712,STORY
0a733afb-aa6f-3e9a-8bae-3464493c72bb,IT,2023-2-13,Gartner Reports Fourth Quarter 2022 Financial Results,Business Wire,https://finance.yahoo.com/news/gartner-reports-fourth-quarter-2022-110000851.html,1675767600,STORY
1f10ada6-fe3b-3935-be92-0d69fa519072,IT,2023-2-13,Is a Surprise Coming for Gartner (IT) This Earnings Season?,Zacks,https://finance.yahoo.com/news/surprise-coming-gartner-earnings-season-133001424.html,1675690201,STORY
0a513d04-6eb9-3d81-b001-42a054e99a80,IT,2023-2-13,"Leeds Equity Partners Acquires TalentNeuron from Gartner, Inc.",PR Newswire,https://finance.yahoo.com/news/leeds-equity-partners-acquires-talentneuron-210000247.html,1675371600,STORY
b3976dff-a794-32c5-9814-c0453250714f,IT,2023-2-14,Daily – Vickers Top Buyers & Sellers for 02/13/2023,Argus Research,https://finance.yahoo.com/m/b3976dff-a794-32c5-9814-c0453250714f/daily-%E2%80%93-vickers-top-buyers-%26.html,1676291457,STORY
92a6155e-4783-36dd-9597-b66dca3bc241,IT,2023-2-14,What Makes Gartner (IT) Stock Attractive?,Insider Monkey,https://finance.yahoo.com/news/makes-gartner-stock-attractive-120734274.html,1676290054,STORY
4af03e65-1016-39b1-a184-2ed1081a6902,IT,2023-2-14,25 Biggest Connecticut Companies and Stocks,Insider Monkey,https://finance.yahoo.com/news/25-biggest-connecticut-companies-stocks-151100459.html,1676214660,STORY
329243dc-bef6-3863-b13e-5005eaea384e,IT,2023-2-14,"Gartner, Inc. (NYSE:IT) Q4 2022 Earnings Call Transcript",Insider Monkey,https://finance.yahoo.com/news/gartner-inc-nyse-q4-2022-134321414.html,1675950201,STORY
861ddd59-4da3-3276-b388-2574f5b6d506,IT,2023-2-14,"Gartner (IT) Q4 Earnings & Revenues Top Estimates, Up Y/Y",Zacks,https://finance.yahoo.com/news/gartner-q4-earnings-revenues-top-164504923.html,1675788304,STORY
999e127a-0d53-3bb0-b1a3-486904f9f766,IT,2023-2-14,Gartner (IT) Surpasses Q4 Earnings and Revenue Estimates,Zacks,https://finance.yahoo.com/news/gartner-surpasses-q4-earnings-revenue-122512536.html,1675772712,STORY
0a733afb-aa6f-3e9a-8bae-3464493c72bb,IT,2023-2-14,Gartner Reports Fourth Quarter 2022 Financial Results,Business Wire,https://finance.yahoo.com/news/gartner-reports-fourth-quarter-2022-110000851.html,1675767600,STORY
1f10ada6-fe3b-3935-be92-0d69fa519072,IT,2023-2-14,Is a Surprise Coming for Gartner (IT) This Earnings Season?,Zacks,https://finance.yahoo.com/news/surprise-coming-gartner-earnings-season-133001424.html,1675690201,STORY
da4dfb94-1cd9-3c4c-b38f-3f270c1deb99,IT,2023-2-15,4 ways CFOs can maximize their A.I. investments,Fortune,https://finance.yahoo.com/news/4-ways-cfos-maximize-investments-121730534.html,1676377050,STORY
92a6155e-4783-36dd-9597-b66dca3bc241,IT,2023-2-15,What Makes Gartner (IT) Stock Attractive?,Insider Monkey,https://finance.yahoo.com/news/makes-gartner-stock-attractive-120734274.html,1676290054,STORY
4af03e65-1016-39b1-a184-2ed1081a6902,IT,2023-2-15,25 Biggest Connecticut Companies and Stocks,Insider Monkey,https://finance.yahoo.com/news/25-biggest-connecticut-companies-stocks-151100459.html,1676214660,STORY
329243dc-bef6-3863-b13e-5005eaea384e,IT,2023-2-15,"Gartner, Inc. (NYSE:IT) Q4 2022 Earnings Call Transcript",Insider Monkey,https://finance.yahoo.com/news/gartner-inc-nyse-q4-2022-134321414.html,1675950201,STORY
861ddd59-4da3-3276-b388-2574f5b6d506,IT,2023-2-15,"Gartner (IT) Q4 Earnings & Revenues Top Estimates, Up Y/Y",Zacks,https://finance.yahoo.com/news/gartner-q4-earnings-revenues-top-164504923.html,1675788304,STORY
999e127a-0d53-3bb0-b1a3-486904f9f766,IT,2023-2-15,Gartner (IT) Surpasses Q4 Earnings and Revenue Estimates,Zacks,https://finance.yahoo.com/news/gartner-surpasses-q4-earnings-revenue-122512536.html,1675772712,STORY
0a733afb-aa6f-3e9a-8bae-3464493c72bb,IT,2023-2-15,Gartner Reports Fourth Quarter 2022 Financial Results,Business Wire,https://finance.yahoo.com/news/gartner-reports-fourth-quarter-2022-110000851.html,1675767600,STORY
1f10ada6-fe3b-3935-be92-0d69fa519072,IT,2023-2-15,Is a Surprise Coming for Gartner (IT) This Earnings Season?,Zacks,https://finance.yahoo.com/news/surprise-coming-gartner-earnings-season-133001424.html,1675690201,STORY
f156c200-302f-33b5-bfc3-ac87cc215ab6,IT,2023-2-16,"ChatGPT, AI And Other Tech Have This Stock Teasing A Breakout",Investor's Business Daily,https://finance.yahoo.com/m/f156c200-302f-33b5-bfc3-ac87cc215ab6/chatgpt%2C-ai-and-other-tech.html,1676552517,STORY
da4dfb94-1cd9-3c4c-b38f-3f270c1deb99,IT,2023-2-16,4 ways CFOs can maximize their A.I. investments,Fortune,https://finance.yahoo.com/news/4-ways-cfos-maximize-investments-121730534.html,1676377050,STORY
92a6155e-4783-36dd-9597-b66dca3bc241,IT,2023-2-16,What Makes Gartner (IT) Stock Attractive?,Insider Monkey,https://finance.yahoo.com/news/makes-gartner-stock-attractive-120734274.html,1676290054,STORY
4af03e65-1016-39b1-a184-2ed1081a6902,IT,2023-2-16,25 Biggest Connecticut Companies and Stocks,Insider Monkey,https://finance.yahoo.com/news/25-biggest-connecticut-companies-stocks-151100459.html,1676214660,STORY
329243dc-bef6-3863-b13e-5005eaea384e,IT,2023-2-16,"Gartner, Inc. (NYSE:IT) Q4 2022 Earnings Call Transcript",Insider Monkey,https://finance.yahoo.com/news/gartner-inc-nyse-q4-2022-134321414.html,1675950201,STORY
861ddd59-4da3-3276-b388-2574f5b6d506,IT,2023-2-16,"Gartner (IT) Q4 Earnings & Revenues Top Estimates, Up Y/Y",Zacks,https://finance.yahoo.com/news/gartner-q4-earnings-revenues-top-164504923.html,1675788304,STORY
999e127a-0d53-3bb0-b1a3-486904f9f766,IT,2023-2-16,Gartner (IT) Surpasses Q4 Earnings and Revenue Estimates,Zacks,https://finance.yahoo.com/news/gartner-surpasses-q4-earnings-revenue-122512536.html,1675772712,STORY
0a733afb-aa6f-3e9a-8bae-3464493c72bb,IT,2023-2-16,Gartner Reports Fourth Quarter 2022 Financial Results,Business Wire,https://finance.yahoo.com/news/gartner-reports-fourth-quarter-2022-110000851.html,1675767600,STORY
f156c200-302f-33b5-bfc3-ac87cc215ab6,IT,2023-2-17,"ChatGPT, AI And Other Tech Have This Stock Teasing A Breakout",Investor's Business Daily,https://finance.yahoo.com/m/f156c200-302f-33b5-bfc3-ac87cc215ab6/chatgpt%2C-ai-and-other-tech.html,1676582097,STORY
eaed0201-2b27-3607-b1f5-316a32cca8b3,IT,2023-2-17,Gartner Announces Gartner Marketing Symposium/Xpo™,Business Wire,https://finance.yahoo.com/news/gartner-announces-gartner-marketing-symposium-142200311.html,1676557320,STORY
da4dfb94-1cd9-3c4c-b38f-3f270c1deb99,IT,2023-2-17,4 ways CFOs can maximize their A.I. investments,Fortune,https://finance.yahoo.com/news/4-ways-cfos-maximize-investments-121730534.html,1676377050,STORY
92a6155e-4783-36dd-9597-b66dca3bc241,IT,2023-2-17,What Makes Gartner (IT) Stock Attractive?,Insider Monkey,https://finance.yahoo.com/news/makes-gartner-stock-attractive-120734274.html,1676290054,STORY
4af03e65-1016-39b1-a184-2ed1081a6902,IT,2023-2-17,25 Biggest Connecticut Companies and Stocks,Insider Monkey,https://finance.yahoo.com/news/25-biggest-connecticut-companies-stocks-151100459.html,1676214660,STORY
329243dc-bef6-3863-b13e-5005eaea384e,IT,2023-2-17,"Gartner, Inc. (NYSE:IT) Q4 2022 Earnings Call Transcript",Insider Monkey,https://finance.yahoo.com/news/gartner-inc-nyse-q4-2022-134321414.html,1675950201,STORY
861ddd59-4da3-3276-b388-2574f5b6d506,IT,2023-2-17,"Gartner (IT) Q4 Earnings & Revenues Top Estimates, Up Y/Y",Zacks,https://finance.yahoo.com/news/gartner-q4-earnings-revenues-top-164504923.html,1675788304,STORY
999e127a-0d53-3bb0-b1a3-486904f9f766,IT,2023-2-17,Gartner (IT) Surpasses Q4 Earnings and Revenue Estimates,Zacks,https://finance.yahoo.com/news/gartner-surpasses-q4-earnings-revenue-122512536.html,1675772712,STORY
f156c200-302f-33b5-bfc3-ac87cc215ab6,IT,2023-2-18,"ChatGPT, AI And Other Tech Have This Stock Teasing A Breakout",Investor's Business Daily,https://finance.yahoo.com/m/f156c200-302f-33b5-bfc3-ac87cc215ab6/chatgpt%2C-ai-and-other-tech.html,1676667957,STORY
eaed0201-2b27-3607-b1f5-316a32cca8b3,IT,2023-2-18,Gartner Announces Gartner Marketing Symposium/Xpo™,Business Wire,https://finance.yahoo.com/news/gartner-announces-gartner-marketing-symposium-142200311.html,1676557320,STORY
da4dfb94-1cd9-3c4c-b38f-3f270c1deb99,IT,2023-2-18,4 ways CFOs can maximize their A.I. investments,Fortune,https://finance.yahoo.com/news/4-ways-cfos-maximize-investments-121730534.html,1676377050,STORY
92a6155e-4783-36dd-9597-b66dca3bc241,IT,2023-2-18,What Makes Gartner (IT) Stock Attractive?,Insider Monkey,https://finance.yahoo.com/news/makes-gartner-stock-attractive-120734274.html,1676290054,STORY
4af03e65-1016-39b1-a184-2ed1081a6902,IT,2023-2-18,25 Biggest Connecticut Companies and Stocks,Insider Monkey,https://finance.yahoo.com/news/25-biggest-connecticut-companies-stocks-151100459.html,1676214660,STORY
329243dc-bef6-3863-b13e-5005eaea384e,IT,2023-2-18,"Gartner, Inc. (NYSE:IT) Q4 2022 Earnings Call Transcript",Insider Monkey,https://finance.yahoo.com/news/gartner-inc-nyse-q4-2022-134321414.html,1675950201,STORY
861ddd59-4da3-3276-b388-2574f5b6d506,IT,2023-2-18,"Gartner (IT) Q4 Earnings & Revenues Top Estimates, Up Y/Y",Zacks,https://finance.yahoo.com/news/gartner-q4-earnings-revenues-top-164504923.html,1675788304,STORY
999e127a-0d53-3bb0-b1a3-486904f9f766,IT,2023-2-18,Gartner (IT) Surpasses Q4 Earnings and Revenue Estimates,Zacks,https://finance.yahoo.com/news/gartner-surpasses-q4-earnings-revenue-122512536.html,1675772712,STORY
f156c200-302f-33b5-bfc3-ac87cc215ab6,IT,2023-2-19,"ChatGPT, AI And Other Tech Have This Stock Teasing A Breakout",Investor's Business Daily,https://finance.yahoo.com/m/f156c200-302f-33b5-bfc3-ac87cc215ab6/chatgpt%2C-ai-and-other-tech.html,1676667957,STORY
eaed0201-2b27-3607-b1f5-316a32cca8b3,IT,2023-2-19,Gartner Announces Gartner Marketing Symposium/Xpo™,Business Wire,https://finance.yahoo.com/news/gartner-announces-gartner-marketing-symposium-142200311.html,1676557320,STORY
da4dfb94-1cd9-3c4c-b38f-3f270c1deb99,IT,2023-2-19,4 ways CFOs can maximize their A.I. investments,Fortune,https://finance.yahoo.com/news/4-ways-cfos-maximize-investments-121730534.html,1676377050,STORY
92a6155e-4783-36dd-9597-b66dca3bc241,IT,2023-2-19,What Makes Gartner (IT) Stock Attractive?,Insider Monkey,https://finance.yahoo.com/news/makes-gartner-stock-attractive-120734274.html,1676290054,STORY
4af03e65-1016-39b1-a184-2ed1081a6902,IT,2023-2-19,25 Biggest Connecticut Companies and Stocks,Insider Monkey,https://finance.yahoo.com/news/25-biggest-connecticut-companies-stocks-151100459.html,1676214660,STORY
329243dc-bef6-3863-b13e-5005eaea384e,IT,2023-2-19,"Gartner, Inc. (NYSE:IT) Q4 2022 Earnings Call Transcript",Insider Monkey,https://finance.yahoo.com/news/gartner-inc-nyse-q4-2022-134321414.html,1675950201,STORY
861ddd59-4da3-3276-b388-2574f5b6d506,IT,2023-2-19,"Gartner (IT) Q4 Earnings & Revenues Top Estimates, Up Y/Y",Zacks,https://finance.yahoo.com/news/gartner-q4-earnings-revenues-top-164504923.html,1675788304,STORY
999e127a-0d53-3bb0-b1a3-486904f9f766,IT,2023-2-19,Gartner (IT) Surpasses Q4 Earnings and Revenue Estimates,Zacks,https://finance.yahoo.com/news/gartner-surpasses-q4-earnings-revenue-122512536.html,1675772712,STORY
f156c200-302f-33b5-bfc3-ac87cc215ab6,IT,2023-2-20,"ChatGPT, AI And Other Tech Have This Stock Teasing A Breakout",Investor's Business Daily,https://finance.yahoo.com/m/f156c200-302f-33b5-bfc3-ac87cc215ab6/chatgpt%2C-ai-and-other-tech.html,1676667957,STORY
eaed0201-2b27-3607-b1f5-316a32cca8b3,IT,2023-2-20,Gartner Announces Gartner Marketing Symposium/Xpo™,Business Wire,https://finance.yahoo.com/news/gartner-announces-gartner-marketing-symposium-142200311.html,1676557320,STORY
da4dfb94-1cd9-3c4c-b38f-3f270c1deb99,IT,2023-2-20,4 ways CFOs can maximize their A.I. investments,Fortune,https://finance.yahoo.com/news/4-ways-cfos-maximize-investments-121730534.html,1676377050,STORY
92a6155e-4783-36dd-9597-b66dca3bc241,IT,2023-2-20,What Makes Gartner (IT) Stock Attractive?,Insider Monkey,https://finance.yahoo.com/news/makes-gartner-stock-attractive-120734274.html,1676290054,STORY
4af03e65-1016-39b1-a184-2ed1081a6902,IT,2023-2-20,25 Biggest Connecticut Companies and Stocks,Insider Monkey,https://finance.yahoo.com/news/25-biggest-connecticut-companies-stocks-151100459.html,1676214660,STORY
329243dc-bef6-3863-b13e-5005eaea384e,IT,2023-2-20,"Gartner, Inc. (NYSE:IT) Q4 2022 Earnings Call Transcript",Insider Monkey,https://finance.yahoo.com/news/gartner-inc-nyse-q4-2022-134321414.html,1675950201,STORY
861ddd59-4da3-3276-b388-2574f5b6d506,IT,2023-2-20,"Gartner (IT) Q4 Earnings & Revenues Top Estimates, Up Y/Y",Zacks,https://finance.yahoo.com/news/gartner-q4-earnings-revenues-top-164504923.html,1675788304,STORY
999e127a-0d53-3bb0-b1a3-486904f9f766,IT,2023-2-20,Gartner (IT) Surpasses Q4 Earnings and Revenue Estimates,Zacks,https://finance.yahoo.com/news/gartner-surpasses-q4-earnings-revenue-122512536.html,1675772712,STORY
f156c200-302f-33b5-bfc3-ac87cc215ab6,IT,2023-2-21,"ChatGPT, AI And Other Tech Have This Stock Teasing A Breakout",Investor's Business Daily,https://finance.yahoo.com/m/f156c200-302f-33b5-bfc3-ac87cc215ab6/chatgpt%2C-ai-and-other-tech.html,1676667957,STORY
eaed0201-2b27-3607-b1f5-316a32cca8b3,IT,2023-2-21,Gartner Announces Gartner Marketing Symposium/Xpo™,Business Wire,https://finance.yahoo.com/news/gartner-announces-gartner-marketing-symposium-142200311.html,1676557320,STORY
da4dfb94-1cd9-3c4c-b38f-3f270c1deb99,IT,2023-2-21,4 ways CFOs can maximize their A.I. investments,Fortune,https://finance.yahoo.com/news/4-ways-cfos-maximize-investments-121730534.html,1676377050,STORY
92a6155e-4783-36dd-9597-b66dca3bc241,IT,2023-2-21,What Makes Gartner (IT) Stock Attractive?,Insider Monkey,https://finance.yahoo.com/news/makes-gartner-stock-attractive-120734274.html,1676290054,STORY
4af03e65-1016-39b1-a184-2ed1081a6902,IT,2023-2-21,25 Biggest Connecticut Companies and Stocks,Insider Monkey,https://finance.yahoo.com/news/25-biggest-connecticut-companies-stocks-151100459.html,1676214660,STORY
329243dc-bef6-3863-b13e-5005eaea384e,IT,2023-2-21,"Gartner, Inc. (NYSE:IT) Q4 2022 Earnings Call Transcript",Insider Monkey,https://finance.yahoo.com/news/gartner-inc-nyse-q4-2022-134321414.html,1675950201,STORY
861ddd59-4da3-3276-b388-2574f5b6d506,IT,2023-2-21,"Gartner (IT) Q4 Earnings & Revenues Top Estimates, Up Y/Y",Zacks,https://finance.yahoo.com/news/gartner-q4-earnings-revenues-top-164504923.html,1675788304,STORY
999e127a-0d53-3bb0-b1a3-486904f9f766,IT,2023-2-21,Gartner (IT) Surpasses Q4 Earnings and Revenue Estimates,Zacks,https://finance.yahoo.com/news/gartner-surpasses-q4-earnings-revenue-122512536.html,1675772712,STORY
f156c200-302f-33b5-bfc3-ac87cc215ab6,IT,2023-2-22,"ChatGPT, AI And Other Tech Have This Stock Teasing A Breakout",Investor's Business Daily,https://finance.yahoo.com/m/f156c200-302f-33b5-bfc3-ac87cc215ab6/chatgpt%2C-ai-and-other-tech.html,1676667957,STORY
eaed0201-2b27-3607-b1f5-316a32cca8b3,IT,2023-2-22,Gartner Announces Gartner Marketing Symposium/Xpo™,Business Wire,https://finance.yahoo.com/news/gartner-announces-gartner-marketing-symposium-142200311.html,1676557320,STORY
da4dfb94-1cd9-3c4c-b38f-3f270c1deb99,IT,2023-2-22,4 ways CFOs can maximize their A.I. investments,Fortune,https://finance.yahoo.com/news/4-ways-cfos-maximize-investments-121730534.html,1676377050,STORY
92a6155e-4783-36dd-9597-b66dca3bc241,IT,2023-2-22,What Makes Gartner (IT) Stock Attractive?,Insider Monkey,https://finance.yahoo.com/news/makes-gartner-stock-attractive-120734274.html,1676290054,STORY
4af03e65-1016-39b1-a184-2ed1081a6902,IT,2023-2-22,25 Biggest Connecticut Companies and Stocks,Insider Monkey,https://finance.yahoo.com/news/25-biggest-connecticut-companies-stocks-151100459.html,1676214660,STORY
329243dc-bef6-3863-b13e-5005eaea384e,IT,2023-2-22,"Gartner, Inc. (NYSE:IT) Q4 2022 Earnings Call Transcript",Insider Monkey,https://finance.yahoo.com/news/gartner-inc-nyse-q4-2022-134321414.html,1675950201,STORY
861ddd59-4da3-3276-b388-2574f5b6d506,IT,2023-2-22,"Gartner (IT) Q4 Earnings & Revenues Top Estimates, Up Y/Y",Zacks,https://finance.yahoo.com/news/gartner-q4-earnings-revenues-top-164504923.html,1675788304,STORY
999e127a-0d53-3bb0-b1a3-486904f9f766,IT,2023-2-22,Gartner (IT) Surpasses Q4 Earnings and Revenue Estimates,Zacks,https://finance.yahoo.com/news/gartner-surpasses-q4-earnings-revenue-122512536.html,1675772712,STORY
f156c200-302f-33b5-bfc3-ac87cc215ab6,IT,2023-2-23,"ChatGPT, AI And Other Tech Have This Stock Teasing A Breakout",Investor's Business Daily,https://finance.yahoo.com/m/f156c200-302f-33b5-bfc3-ac87cc215ab6/chatgpt%2C-ai-and-other-tech.html,1676667957,STORY
eaed0201-2b27-3607-b1f5-316a32cca8b3,IT,2023-2-23,Gartner Announces Gartner Marketing Symposium/Xpo™,Business Wire,https://finance.yahoo.com/news/gartner-announces-gartner-marketing-symposium-142200311.html,1676557320,STORY
da4dfb94-1cd9-3c4c-b38f-3f270c1deb99,IT,2023-2-23,4 ways CFOs can maximize their A.I. investments,Fortune,https://finance.yahoo.com/news/4-ways-cfos-maximize-investments-121730534.html,1676377050,STORY
92a6155e-4783-36dd-9597-b66dca3bc241,IT,2023-2-23,What Makes Gartner (IT) Stock Attractive?,Insider Monkey,https://finance.yahoo.com/news/makes-gartner-stock-attractive-120734274.html,1676290054,STORY
4af03e65-1016-39b1-a184-2ed1081a6902,IT,2023-2-23,25 Biggest Connecticut Companies and Stocks,Insider Monkey,https://finance.yahoo.com/news/25-biggest-connecticut-companies-stocks-151100459.html,1676214660,STORY
329243dc-bef6-3863-b13e-5005eaea384e,IT,2023-2-23,"Gartner, Inc. (NYSE:IT) Q4 2022 Earnings Call Transcript",Insider Monkey,https://finance.yahoo.com/news/gartner-inc-nyse-q4-2022-134321414.html,1675950201,STORY
861ddd59-4da3-3276-b388-2574f5b6d506,IT,2023-2-23,"Gartner (IT) Q4 Earnings & Revenues Top Estimates, Up Y/Y",Zacks,https://finance.yahoo.com/news/gartner-q4-earnings-revenues-top-164504923.html,1675788304,STORY
999e127a-0d53-3bb0-b1a3-486904f9f766,IT,2023-2-23,Gartner (IT) Surpasses Q4 Earnings and Revenue Estimates,Zacks,https://finance.yahoo.com/news/gartner-surpasses-q4-earnings-revenue-122512536.html,1675772712,STORY
f156c200-302f-33b5-bfc3-ac87cc215ab6,IT,2023-2-24,"ChatGPT, AI And Other Tech Have This Stock Teasing A Breakout",Investor's Business Daily,https://finance.yahoo.com/m/f156c200-302f-33b5-bfc3-ac87cc215ab6/chatgpt%2C-ai-and-other-tech.html,1676667957,STORY
eaed0201-2b27-3607-b1f5-316a32cca8b3,IT,2023-2-24,Gartner Announces Gartner Marketing Symposium/Xpo™,Business Wire,https://finance.yahoo.com/news/gartner-announces-gartner-marketing-symposium-142200311.html,1676557320,STORY
da4dfb94-1cd9-3c4c-b38f-3f270c1deb99,IT,2023-2-24,4 ways CFOs can maximize their A.I. investments,Fortune,https://finance.yahoo.com/news/4-ways-cfos-maximize-investments-121730534.html,1676377050,STORY
92a6155e-4783-36dd-9597-b66dca3bc241,IT,2023-2-24,What Makes Gartner (IT) Stock Attractive?,Insider Monkey,https://finance.yahoo.com/news/makes-gartner-stock-attractive-120734274.html,1676290054,STORY
4af03e65-1016-39b1-a184-2ed1081a6902,IT,2023-2-24,25 Biggest Connecticut Companies and Stocks,Insider Monkey,https://finance.yahoo.com/news/25-biggest-connecticut-companies-stocks-151100459.html,1676214660,STORY
329243dc-bef6-3863-b13e-5005eaea384e,IT,2023-2-24,"Gartner, Inc. (NYSE:IT) Q4 2022 Earnings Call Transcript",Insider Monkey,https://finance.yahoo.com/news/gartner-inc-nyse-q4-2022-134321414.html,1675950201,STORY
861ddd59-4da3-3276-b388-2574f5b6d506,IT,2023-2-24,"Gartner (IT) Q4 Earnings & Revenues Top Estimates, Up Y/Y",Zacks,https://finance.yahoo.com/news/gartner-q4-earnings-revenues-top-164504923.html,1675788304,STORY
999e127a-0d53-3bb0-b1a3-486904f9f766,IT,2023-2-24,Gartner (IT) Surpasses Q4 Earnings and Revenue Estimates,Zacks,https://finance.yahoo.com/news/gartner-surpasses-q4-earnings-revenue-122512536.html,1675772712,STORY
f156c200-302f-33b5-bfc3-ac87cc215ab6,IT,2023-2-25,"ChatGPT, AI And Other Tech Have This Stock Teasing A Breakout",Investor's Business Daily,https://finance.yahoo.com/m/f156c200-302f-33b5-bfc3-ac87cc215ab6/chatgpt%2C-ai-and-other-tech.html,1676667957,STORY
eaed0201-2b27-3607-b1f5-316a32cca8b3,IT,2023-2-25,Gartner Announces Gartner Marketing Symposium/Xpo™,Business Wire,https://finance.yahoo.com/news/gartner-announces-gartner-marketing-symposium-142200311.html,1676557320,STORY
da4dfb94-1cd9-3c4c-b38f-3f270c1deb99,IT,2023-2-25,4 ways CFOs can maximize their A.I. investments,Fortune,https://finance.yahoo.com/news/4-ways-cfos-maximize-investments-121730534.html,1676377050,STORY
92a6155e-4783-36dd-9597-b66dca3bc241,IT,2023-2-25,What Makes Gartner (IT) Stock Attractive?,Insider Monkey,https://finance.yahoo.com/news/makes-gartner-stock-attractive-120734274.html,1676290054,STORY
4af03e65-1016-39b1-a184-2ed1081a6902,IT,2023-2-25,25 Biggest Connecticut Companies and Stocks,Insider Monkey,https://finance.yahoo.com/news/25-biggest-connecticut-companies-stocks-151100459.html,1676214660,STORY
329243dc-bef6-3863-b13e-5005eaea384e,IT,2023-2-25,"Gartner, Inc. (NYSE:IT) Q4 2022 Earnings Call Transcript",Insider Monkey,https://finance.yahoo.com/news/gartner-inc-nyse-q4-2022-134321414.html,1675950201,STORY
861ddd59-4da3-3276-b388-2574f5b6d506,IT,2023-2-25,"Gartner (IT) Q4 Earnings & Revenues Top Estimates, Up Y/Y",Zacks,https://finance.yahoo.com/news/gartner-q4-earnings-revenues-top-164504923.html,1675788304,STORY
999e127a-0d53-3bb0-b1a3-486904f9f766,IT,2023-2-25,Gartner (IT) Surpasses Q4 Earnings and Revenue Estimates,Zacks,https://finance.yahoo.com/news/gartner-surpasses-q4-earnings-revenue-122512536.html,1675772712,STORY
f156c200-302f-33b5-bfc3-ac87cc215ab6,IT,2023-2-26,"ChatGPT, AI And Other Tech Have This Stock Teasing A Breakout",Investor's Business Daily,https://finance.yahoo.com/m/f156c200-302f-33b5-bfc3-ac87cc215ab6/chatgpt%2C-ai-and-other-tech.html,1676667957,STORY
eaed0201-2b27-3607-b1f5-316a32cca8b3,IT,2023-2-26,Gartner Announces Gartner Marketing Symposium/Xpo™,Business Wire,https://finance.yahoo.com/news/gartner-announces-gartner-marketing-symposium-142200311.html,1676557320,STORY
da4dfb94-1cd9-3c4c-b38f-3f270c1deb99,IT,2023-2-26,4 ways CFOs can maximize their A.I. investments,Fortune,https://finance.yahoo.com/news/4-ways-cfos-maximize-investments-121730534.html,1676377050,STORY
92a6155e-4783-36dd-9597-b66dca3bc241,IT,2023-2-26,What Makes Gartner (IT) Stock Attractive?,Insider Monkey,https://finance.yahoo.com/news/makes-gartner-stock-attractive-120734274.html,1676290054,STORY
4af03e65-1016-39b1-a184-2ed1081a6902,IT,2023-2-26,25 Biggest Connecticut Companies and Stocks,Insider Monkey,https://finance.yahoo.com/news/25-biggest-connecticut-companies-stocks-151100459.html,1676214660,STORY
329243dc-bef6-3863-b13e-5005eaea384e,IT,2023-2-26,"Gartner, Inc. (NYSE:IT) Q4 2022 Earnings Call Transcript",Insider Monkey,https://finance.yahoo.com/news/gartner-inc-nyse-q4-2022-134321414.html,1675950201,STORY
861ddd59-4da3-3276-b388-2574f5b6d506,IT,2023-2-26,"Gartner (IT) Q4 Earnings & Revenues Top Estimates, Up Y/Y",Zacks,https://finance.yahoo.com/news/gartner-q4-earnings-revenues-top-164504923.html,1675788304,STORY
999e127a-0d53-3bb0-b1a3-486904f9f766,IT,2023-2-26,Gartner (IT) Surpasses Q4 Earnings and Revenue Estimates,Zacks,https://finance.yahoo.com/news/gartner-surpasses-q4-earnings-revenue-122512536.html,1675772712,STORY
f156c200-302f-33b5-bfc3-ac87cc215ab6,IT,2023-2-27,"ChatGPT, AI And Other Tech Have This Stock Teasing A Breakout",Investor's Business Daily,https://finance.yahoo.com/m/f156c200-302f-33b5-bfc3-ac87cc215ab6/chatgpt%2C-ai-and-other-tech.html,1676667957,STORY
eaed0201-2b27-3607-b1f5-316a32cca8b3,IT,2023-2-27,Gartner Announces Gartner Marketing Symposium/Xpo™,Business Wire,https://finance.yahoo.com/news/gartner-announces-gartner-marketing-symposium-142200311.html,1676557320,STORY
da4dfb94-1cd9-3c4c-b38f-3f270c1deb99,IT,2023-2-27,4 ways CFOs can maximize their A.I. investments,Fortune,https://finance.yahoo.com/news/4-ways-cfos-maximize-investments-121730534.html,1676377050,STORY
92a6155e-4783-36dd-9597-b66dca3bc241,IT,2023-2-27,What Makes Gartner (IT) Stock Attractive?,Insider Monkey,https://finance.yahoo.com/news/makes-gartner-stock-attractive-120734274.html,1676290054,STORY
4af03e65-1016-39b1-a184-2ed1081a6902,IT,2023-2-27,25 Biggest Connecticut Companies and Stocks,Insider Monkey,https://finance.yahoo.com/news/25-biggest-connecticut-companies-stocks-151100459.html,1676214660,STORY
329243dc-bef6-3863-b13e-5005eaea384e,IT,2023-2-27,"Gartner, Inc. (NYSE:IT) Q4 2022 Earnings Call Transcript",Insider Monkey,https://finance.yahoo.com/news/gartner-inc-nyse-q4-2022-134321414.html,1675950201,STORY
861ddd59-4da3-3276-b388-2574f5b6d506,IT,2023-2-27,"Gartner (IT) Q4 Earnings & Revenues Top Estimates, Up Y/Y",Zacks,https://finance.yahoo.com/news/gartner-q4-earnings-revenues-top-164504923.html,1675788304,STORY
999e127a-0d53-3bb0-b1a3-486904f9f766,IT,2023-2-27,Gartner (IT) Surpasses Q4 Earnings and Revenue Estimates,Zacks,https://finance.yahoo.com/news/gartner-surpasses-q4-earnings-revenue-122512536.html,1675772712,STORY
f156c200-302f-33b5-bfc3-ac87cc215ab6,IT,2023-2-28,"ChatGPT, AI And Other Tech Have This Stock Teasing A Breakout",Investor's Business Daily,https://finance.yahoo.com/m/f156c200-302f-33b5-bfc3-ac87cc215ab6/chatgpt%2C-ai-and-other-tech.html,1676667957,STORY
eaed0201-2b27-3607-b1f5-316a32cca8b3,IT,2023-2-28,Gartner Announces Gartner Marketing Symposium/Xpo™,Business Wire,https://finance.yahoo.com/news/gartner-announces-gartner-marketing-symposium-142200311.html,1676557320,STORY
da4dfb94-1cd9-3c4c-b38f-3f270c1deb99,IT,2023-2-28,4 ways CFOs can maximize their A.I. investments,Fortune,https://finance.yahoo.com/news/4-ways-cfos-maximize-investments-121730534.html,1676377050,STORY
92a6155e-4783-36dd-9597-b66dca3bc241,IT,2023-2-28,What Makes Gartner (IT) Stock Attractive?,Insider Monkey,https://finance.yahoo.com/news/makes-gartner-stock-attractive-120734274.html,1676290054,STORY
4af03e65-1016-39b1-a184-2ed1081a6902,IT,2023-2-28,25 Biggest Connecticut Companies and Stocks,Insider Monkey,https://finance.yahoo.com/news/25-biggest-connecticut-companies-stocks-151100459.html,1676214660,STORY
329243dc-bef6-3863-b13e-5005eaea384e,IT,2023-2-28,"Gartner, Inc. (NYSE:IT) Q4 2022 Earnings Call Transcript",Insider Monkey,https://finance.yahoo.com/news/gartner-inc-nyse-q4-2022-134321414.html,1675950201,STORY
861ddd59-4da3-3276-b388-2574f5b6d506,IT,2023-2-28,"Gartner (IT) Q4 Earnings & Revenues Top Estimates, Up Y/Y",Zacks,https://finance.yahoo.com/news/gartner-q4-earnings-revenues-top-164504923.html,1675788304,STORY
999e127a-0d53-3bb0-b1a3-486904f9f766,IT,2023-2-28,Gartner (IT) Surpasses Q4 Earnings and Revenue Estimates,Zacks,https://finance.yahoo.com/news/gartner-surpasses-q4-earnings-revenue-122512536.html,1675772712,STORY
79724391-2464-38b5-bcc5-db3c1f947ebb,IT,2023-3-1,Gartner Announces Gartner CFO & Finance Executive Conference,Business Wire,https://finance.yahoo.com/news/gartner-announces-gartner-cfo-finance-143000788.html,1677594600,STORY
f156c200-302f-33b5-bfc3-ac87cc215ab6,IT,2023-3-1,"ChatGPT, AI And Other Tech Have This Stock Teasing A Breakout",Investor's Business Daily,https://finance.yahoo.com/m/f156c200-302f-33b5-bfc3-ac87cc215ab6/chatgpt%2C-ai-and-other-tech.html,1676667957,STORY
eaed0201-2b27-3607-b1f5-316a32cca8b3,IT,2023-3-1,Gartner Announces Gartner Marketing Symposium/Xpo™,Business Wire,https://finance.yahoo.com/news/gartner-announces-gartner-marketing-symposium-142200311.html,1676557320,STORY
da4dfb94-1cd9-3c4c-b38f-3f270c1deb99,IT,2023-3-1,4 ways CFOs can maximize their A.I. investments,Fortune,https://finance.yahoo.com/news/4-ways-cfos-maximize-investments-121730534.html,1676377050,STORY
92a6155e-4783-36dd-9597-b66dca3bc241,IT,2023-3-1,What Makes Gartner (IT) Stock Attractive?,Insider Monkey,https://finance.yahoo.com/news/makes-gartner-stock-attractive-120734274.html,1676290054,STORY
4af03e65-1016-39b1-a184-2ed1081a6902,IT,2023-3-1,25 Biggest Connecticut Companies and Stocks,Insider Monkey,https://finance.yahoo.com/news/25-biggest-connecticut-companies-stocks-151100459.html,1676214660,STORY
329243dc-bef6-3863-b13e-5005eaea384e,IT,2023-3-1,"Gartner, Inc. (NYSE:IT) Q4 2022 Earnings Call Transcript",Insider Monkey,https://finance.yahoo.com/news/gartner-inc-nyse-q4-2022-134321414.html,1675950201,STORY
861ddd59-4da3-3276-b388-2574f5b6d506,IT,2023-3-1,"Gartner (IT) Q4 Earnings & Revenues Top Estimates, Up Y/Y",Zacks,https://finance.yahoo.com/news/gartner-q4-earnings-revenues-top-164504923.html,1675788304,STORY
a8883cc2-b1f7-38c9-bc51-010c2e0ffcae,IT,2023-3-2,Gartner to Participate in the BofA Securities Information & Business Services Conference,Business Wire,https://finance.yahoo.com/news/gartner-participate-bofa-securities-information-130000454.html,1677762000,STORY
79724391-2464-38b5-bcc5-db3c1f947ebb,IT,2023-3-2,Gartner Announces Gartner CFO & Finance Executive Conference,Business Wire,https://finance.yahoo.com/news/gartner-announces-gartner-cfo-finance-143000788.html,1677594600,STORY
f156c200-302f-33b5-bfc3-ac87cc215ab6,IT,2023-3-2,"ChatGPT, AI And Other Tech Have This Stock Teasing A Breakout",Investor's Business Daily,https://finance.yahoo.com/m/f156c200-302f-33b5-bfc3-ac87cc215ab6/chatgpt%2C-ai-and-other-tech.html,1676667957,STORY
eaed0201-2b27-3607-b1f5-316a32cca8b3,IT,2023-3-2,Gartner Announces Gartner Marketing Symposium/Xpo™,Business Wire,https://finance.yahoo.com/news/gartner-announces-gartner-marketing-symposium-142200311.html,1676557320,STORY
da4dfb94-1cd9-3c4c-b38f-3f270c1deb99,IT,2023-3-2,4 ways CFOs can maximize their A.I. investments,Fortune,https://finance.yahoo.com/news/4-ways-cfos-maximize-investments-121730534.html,1676377050,STORY
92a6155e-4783-36dd-9597-b66dca3bc241,IT,2023-3-2,What Makes Gartner (IT) Stock Attractive?,Insider Monkey,https://finance.yahoo.com/news/makes-gartner-stock-attractive-120734274.html,1676290054,STORY
4af03e65-1016-39b1-a184-2ed1081a6902,IT,2023-3-2,25 Biggest Connecticut Companies and Stocks,Insider Monkey,https://finance.yahoo.com/news/25-biggest-connecticut-companies-stocks-151100459.html,1676214660,STORY
329243dc-bef6-3863-b13e-5005eaea384e,IT,2023-3-2,"Gartner, Inc. (NYSE:IT) Q4 2022 Earnings Call Transcript",Insider Monkey,https://finance.yahoo.com/news/gartner-inc-nyse-q4-2022-134321414.html,1675950201,STORY
d45a6575-dabb-368e-8763-acae4487e1b0,IT,2023-3-3,Gartner Announces Gartner Supply Chain Symposium/Xpo™ 2023,Business Wire,https://finance.yahoo.com/news/gartner-announces-gartner-supply-chain-140000221.html,1677765600,STORY
a8883cc2-b1f7-38c9-bc51-010c2e0ffcae,IT,2023-3-3,Gartner to Participate in the BofA Securities Information & Business Services Conference,Business Wire,https://finance.yahoo.com/news/gartner-participate-bofa-securities-information-130000454.html,1677762000,STORY
79724391-2464-38b5-bcc5-db3c1f947ebb,IT,2023-3-3,Gartner Announces Gartner CFO & Finance Executive Conference,Business Wire,https://finance.yahoo.com/news/gartner-announces-gartner-cfo-finance-143000788.html,1677594600,STORY
f156c200-302f-33b5-bfc3-ac87cc215ab6,IT,2023-3-3,"ChatGPT, AI And Other Tech Have This Stock Teasing A Breakout",Investor's Business Daily,https://finance.yahoo.com/m/f156c200-302f-33b5-bfc3-ac87cc215ab6/chatgpt%2C-ai-and-other-tech.html,1676667957,STORY
eaed0201-2b27-3607-b1f5-316a32cca8b3,IT,2023-3-3,Gartner Announces Gartner Marketing Symposium/Xpo™,Business Wire,https://finance.yahoo.com/news/gartner-announces-gartner-marketing-symposium-142200311.html,1676557320,STORY
da4dfb94-1cd9-3c4c-b38f-3f270c1deb99,IT,2023-3-3,4 ways CFOs can maximize their A.I. investments,Fortune,https://finance.yahoo.com/news/4-ways-cfos-maximize-investments-121730534.html,1676377050,STORY
92a6155e-4783-36dd-9597-b66dca3bc241,IT,2023-3-3,What Makes Gartner (IT) Stock Attractive?,Insider Monkey,https://finance.yahoo.com/news/makes-gartner-stock-attractive-120734274.html,1676290054,STORY
4af03e65-1016-39b1-a184-2ed1081a6902,IT,2023-3-3,25 Biggest Connecticut Companies and Stocks,Insider Monkey,https://finance.yahoo.com/news/25-biggest-connecticut-companies-stocks-151100459.html,1676214660,STORY
d45a6575-dabb-368e-8763-acae4487e1b0,IT,2023-3-4,Gartner Announces Gartner Supply Chain Symposium/Xpo™ 2023,Business Wire,https://finance.yahoo.com/news/gartner-announces-gartner-supply-chain-140000221.html,1677765600,STORY
a8883cc2-b1f7-38c9-bc51-010c2e0ffcae,IT,2023-3-4,Gartner to Participate in the BofA Securities Information & Business Services Conference,Business Wire,https://finance.yahoo.com/news/gartner-participate-bofa-securities-information-130000454.html,1677762000,STORY
79724391-2464-38b5-bcc5-db3c1f947ebb,IT,2023-3-4,Gartner Announces Gartner CFO & Finance Executive Conference,Business Wire,https://finance.yahoo.com/news/gartner-announces-gartner-cfo-finance-143000788.html,1677594600,STORY
f156c200-302f-33b5-bfc3-ac87cc215ab6,IT,2023-3-4,"ChatGPT, AI And Other Tech Have This Stock Teasing A Breakout",Investor's Business Daily,https://finance.yahoo.com/m/f156c200-302f-33b5-bfc3-ac87cc215ab6/chatgpt%2C-ai-and-other-tech.html,1676667957,STORY
eaed0201-2b27-3607-b1f5-316a32cca8b3,IT,2023-3-4,Gartner Announces Gartner Marketing Symposium/Xpo™,Business Wire,https://finance.yahoo.com/news/gartner-announces-gartner-marketing-symposium-142200311.html,1676557320,STORY
da4dfb94-1cd9-3c4c-b38f-3f270c1deb99,IT,2023-3-4,4 ways CFOs can maximize their A.I. investments,Fortune,https://finance.yahoo.com/news/4-ways-cfos-maximize-investments-121730534.html,1676377050,STORY
92a6155e-4783-36dd-9597-b66dca3bc241,IT,2023-3-4,What Makes Gartner (IT) Stock Attractive?,Insider Monkey,https://finance.yahoo.com/news/makes-gartner-stock-attractive-120734274.html,1676290054,STORY
4af03e65-1016-39b1-a184-2ed1081a6902,IT,2023-3-4,25 Biggest Connecticut Companies and Stocks,Insider Monkey,https://finance.yahoo.com/news/25-biggest-connecticut-companies-stocks-151100459.html,1676214660,STORY
d45a6575-dabb-368e-8763-acae4487e1b0,IT,2023-3-5,Gartner Announces Gartner Supply Chain Symposium/Xpo™ 2023,Business Wire,https://finance.yahoo.com/news/gartner-announces-gartner-supply-chain-140000221.html,1677765600,STORY
a8883cc2-b1f7-38c9-bc51-010c2e0ffcae,IT,2023-3-5,Gartner to Participate in the BofA Securities Information & Business Services Conference,Business Wire,https://finance.yahoo.com/news/gartner-participate-bofa-securities-information-130000454.html,1677762000,STORY
79724391-2464-38b5-bcc5-db3c1f947ebb,IT,2023-3-5,Gartner Announces Gartner CFO & Finance Executive Conference,Business Wire,https://finance.yahoo.com/news/gartner-announces-gartner-cfo-finance-143000788.html,1677594600,STORY
f156c200-302f-33b5-bfc3-ac87cc215ab6,IT,2023-3-5,"ChatGPT, AI And Other Tech Have This Stock Teasing A Breakout",Investor's Business Daily,https://finance.yahoo.com/m/f156c200-302f-33b5-bfc3-ac87cc215ab6/chatgpt%2C-ai-and-other-tech.html,1676667957,STORY
eaed0201-2b27-3607-b1f5-316a32cca8b3,IT,2023-3-5,Gartner Announces Gartner Marketing Symposium/Xpo™,Business Wire,https://finance.yahoo.com/news/gartner-announces-gartner-marketing-symposium-142200311.html,1676557320,STORY
da4dfb94-1cd9-3c4c-b38f-3f270c1deb99,IT,2023-3-5,4 ways CFOs can maximize their A.I. investments,Fortune,https://finance.yahoo.com/news/4-ways-cfos-maximize-investments-121730534.html,1676377050,STORY
92a6155e-4783-36dd-9597-b66dca3bc241,IT,2023-3-5,What Makes Gartner (IT) Stock Attractive?,Insider Monkey,https://finance.yahoo.com/news/makes-gartner-stock-attractive-120734274.html,1676290054,STORY
4af03e65-1016-39b1-a184-2ed1081a6902,IT,2023-3-5,25 Biggest Connecticut Companies and Stocks,Insider Monkey,https://finance.yahoo.com/news/25-biggest-connecticut-companies-stocks-151100459.html,1676214660,STORY
d45a6575-dabb-368e-8763-acae4487e1b0,IT,2023-3-6,Gartner Announces Gartner Supply Chain Symposium/Xpo™ 2023,Business Wire,https://finance.yahoo.com/news/gartner-announces-gartner-supply-chain-140000221.html,1677765600,STORY
a8883cc2-b1f7-38c9-bc51-010c2e0ffcae,IT,2023-3-6,Gartner to Participate in the BofA Securities Information & Business Services Conference,Business Wire,https://finance.yahoo.com/news/gartner-participate-bofa-securities-information-130000454.html,1677762000,STORY
79724391-2464-38b5-bcc5-db3c1f947ebb,IT,2023-3-6,Gartner Announces Gartner CFO & Finance Executive Conference,Business Wire,https://finance.yahoo.com/news/gartner-announces-gartner-cfo-finance-143000788.html,1677594600,STORY
f156c200-302f-33b5-bfc3-ac87cc215ab6,IT,2023-3-6,"ChatGPT, AI And Other Tech Have This Stock Teasing A Breakout",Investor's Business Daily,https://finance.yahoo.com/m/f156c200-302f-33b5-bfc3-ac87cc215ab6/chatgpt%2C-ai-and-other-tech.html,1676667957,STORY
eaed0201-2b27-3607-b1f5-316a32cca8b3,IT,2023-3-6,Gartner Announces Gartner Marketing Symposium/Xpo™,Business Wire,https://finance.yahoo.com/news/gartner-announces-gartner-marketing-symposium-142200311.html,1676557320,STORY
da4dfb94-1cd9-3c4c-b38f-3f270c1deb99,IT,2023-3-6,4 ways CFOs can maximize their A.I. investments,Fortune,https://finance.yahoo.com/news/4-ways-cfos-maximize-investments-121730534.html,1676377050,STORY
92a6155e-4783-36dd-9597-b66dca3bc241,IT,2023-3-6,What Makes Gartner (IT) Stock Attractive?,Insider Monkey,https://finance.yahoo.com/news/makes-gartner-stock-attractive-120734274.html,1676290054,STORY
4af03e65-1016-39b1-a184-2ed1081a6902,IT,2023-3-6,25 Biggest Connecticut Companies and Stocks,Insider Monkey,https://finance.yahoo.com/news/25-biggest-connecticut-companies-stocks-151100459.html,1676214660,STORY
d45a6575-dabb-368e-8763-acae4487e1b0,IT,2023-3-9,Gartner Announces Gartner Supply Chain Symposium/Xpo™ 2023,Business Wire,https://finance.yahoo.com/news/gartner-announces-gartner-supply-chain-140000221.html,1677765600,STORY
a8883cc2-b1f7-38c9-bc51-010c2e0ffcae,IT,2023-3-9,Gartner to Participate in the BofA Securities Information & Business Services Conference,Business Wire,https://finance.yahoo.com/news/gartner-participate-bofa-securities-information-130000454.html,1677762000,STORY
79724391-2464-38b5-bcc5-db3c1f947ebb,IT,2023-3-9,Gartner Announces Gartner CFO & Finance Executive Conference,Business Wire,https://finance.yahoo.com/news/gartner-announces-gartner-cfo-finance-143000788.html,1677594600,STORY
f156c200-302f-33b5-bfc3-ac87cc215ab6,IT,2023-3-9,"ChatGPT, AI And Other Tech Have This Stock Teasing A Breakout",Investor's Business Daily,https://finance.yahoo.com/m/f156c200-302f-33b5-bfc3-ac87cc215ab6/chatgpt%2C-ai-and-other-tech.html,1676667957,STORY
eaed0201-2b27-3607-b1f5-316a32cca8b3,IT,2023-3-9,Gartner Announces Gartner Marketing Symposium/Xpo™,Business Wire,https://finance.yahoo.com/news/gartner-announces-gartner-marketing-symposium-142200311.html,1676557320,STORY
da4dfb94-1cd9-3c4c-b38f-3f270c1deb99,IT,2023-3-9,4 ways CFOs can maximize their A.I. investments,Fortune,https://finance.yahoo.com/news/4-ways-cfos-maximize-investments-121730534.html,1676377050,STORY
92a6155e-4783-36dd-9597-b66dca3bc241,IT,2023-3-9,What Makes Gartner (IT) Stock Attractive?,Insider Monkey,https://finance.yahoo.com/news/makes-gartner-stock-attractive-120734274.html,1676290054,STORY
4af03e65-1016-39b1-a184-2ed1081a6902,IT,2023-3-9,25 Biggest Connecticut Companies and Stocks,Insider Monkey,https://finance.yahoo.com/news/25-biggest-connecticut-companies-stocks-151100459.html,1676214660,STORY
5f527970-1c95-31e6-b9ac-3cede8a026c1,IT,2023-3-10,Gartner (IT) Down 2.4% Since Last Earnings Report: Can It Rebound?,Zacks,https://finance.yahoo.com/news/gartner-down-2-4-since-163004462.html,1678379404,STORY
d45a6575-dabb-368e-8763-acae4487e1b0,IT,2023-3-10,Gartner Announces Gartner Supply Chain Symposium/Xpo™ 2023,Business Wire,https://finance.yahoo.com/news/gartner-announces-gartner-supply-chain-140000221.html,1677765600,STORY
a8883cc2-b1f7-38c9-bc51-010c2e0ffcae,IT,2023-3-10,Gartner to Participate in the BofA Securities Information & Business Services Conference,Business Wire,https://finance.yahoo.com/news/gartner-participate-bofa-securities-information-130000454.html,1677762000,STORY
79724391-2464-38b5-bcc5-db3c1f947ebb,IT,2023-3-10,Gartner Announces Gartner CFO & Finance Executive Conference,Business Wire,https://finance.yahoo.com/news/gartner-announces-gartner-cfo-finance-143000788.html,1677594600,STORY
f156c200-302f-33b5-bfc3-ac87cc215ab6,IT,2023-3-10,"ChatGPT, AI And Other Tech Have This Stock Teasing A Breakout",Investor's Business Daily,https://finance.yahoo.com/m/f156c200-302f-33b5-bfc3-ac87cc215ab6/chatgpt%2C-ai-and-other-tech.html,1676667957,STORY
eaed0201-2b27-3607-b1f5-316a32cca8b3,IT,2023-3-10,Gartner Announces Gartner Marketing Symposium/Xpo™,Business Wire,https://finance.yahoo.com/news/gartner-announces-gartner-marketing-symposium-142200311.html,1676557320,STORY
da4dfb94-1cd9-3c4c-b38f-3f270c1deb99,IT,2023-3-10,4 ways CFOs can maximize their A.I. investments,Fortune,https://finance.yahoo.com/news/4-ways-cfos-maximize-investments-121730534.html,1676377050,STORY
92a6155e-4783-36dd-9597-b66dca3bc241,IT,2023-3-10,What Makes Gartner (IT) Stock Attractive?,Insider Monkey,https://finance.yahoo.com/news/makes-gartner-stock-attractive-120734274.html,1676290054,STORY
5f527970-1c95-31e6-b9ac-3cede8a026c1,IT,2023-3-11,Gartner (IT) Down 2.4% Since Last Earnings Report: Can It Rebound?,Zacks,https://finance.yahoo.com/news/gartner-down-2-4-since-163004462.html,1678379404,STORY
d45a6575-dabb-368e-8763-acae4487e1b0,IT,2023-3-11,Gartner Announces Gartner Supply Chain Symposium/Xpo™ 2023,Business Wire,https://finance.yahoo.com/news/gartner-announces-gartner-supply-chain-140000221.html,1677765600,STORY
a8883cc2-b1f7-38c9-bc51-010c2e0ffcae,IT,2023-3-11,Gartner to Participate in the BofA Securities Information & Business Services Conference,Business Wire,https://finance.yahoo.com/news/gartner-participate-bofa-securities-information-130000454.html,1677762000,STORY
79724391-2464-38b5-bcc5-db3c1f947ebb,IT,2023-3-11,Gartner Announces Gartner CFO & Finance Executive Conference,Business Wire,https://finance.yahoo.com/news/gartner-announces-gartner-cfo-finance-143000788.html,1677594600,STORY
f156c200-302f-33b5-bfc3-ac87cc215ab6,IT,2023-3-11,"ChatGPT, AI And Other Tech Have This Stock Teasing A Breakout",Investor's Business Daily,https://finance.yahoo.com/m/f156c200-302f-33b5-bfc3-ac87cc215ab6/chatgpt%2C-ai-and-other-tech.html,1676667957,STORY
eaed0201-2b27-3607-b1f5-316a32cca8b3,IT,2023-3-11,Gartner Announces Gartner Marketing Symposium/Xpo™,Business Wire,https://finance.yahoo.com/news/gartner-announces-gartner-marketing-symposium-142200311.html,1676557320,STORY
da4dfb94-1cd9-3c4c-b38f-3f270c1deb99,IT,2023-3-11,4 ways CFOs can maximize their A.I. investments,Fortune,https://finance.yahoo.com/news/4-ways-cfos-maximize-investments-121730534.html,1676377050,STORY
92a6155e-4783-36dd-9597-b66dca3bc241,IT,2023-3-11,What Makes Gartner (IT) Stock Attractive?,Insider Monkey,https://finance.yahoo.com/news/makes-gartner-stock-attractive-120734274.html,1676290054,STORY
5f527970-1c95-31e6-b9ac-3cede8a026c1,IT,2023-3-12,Gartner (IT) Down 2.4% Since Last Earnings Report: Can It Rebound?,Zacks,https://finance.yahoo.com/news/gartner-down-2-4-since-163004462.html,1678379404,STORY
d45a6575-dabb-368e-8763-acae4487e1b0,IT,2023-3-12,Gartner Announces Gartner Supply Chain Symposium/Xpo™ 2023,Business Wire,https://finance.yahoo.com/news/gartner-announces-gartner-supply-chain-140000221.html,1677765600,STORY
a8883cc2-b1f7-38c9-bc51-010c2e0ffcae,IT,2023-3-12,Gartner to Participate in the BofA Securities Information & Business Services Conference,Business Wire,https://finance.yahoo.com/news/gartner-participate-bofa-securities-information-130000454.html,1677762000,STORY
79724391-2464-38b5-bcc5-db3c1f947ebb,IT,2023-3-12,Gartner Announces Gartner CFO & Finance Executive Conference,Business Wire,https://finance.yahoo.com/news/gartner-announces-gartner-cfo-finance-143000788.html,1677594600,STORY
f156c200-302f-33b5-bfc3-ac87cc215ab6,IT,2023-3-12,"ChatGPT, AI And Other Tech Have This Stock Teasing A Breakout",Investor's Business Daily,https://finance.yahoo.com/m/f156c200-302f-33b5-bfc3-ac87cc215ab6/chatgpt%2C-ai-and-other-tech.html,1676667957,STORY
eaed0201-2b27-3607-b1f5-316a32cca8b3,IT,2023-3-12,Gartner Announces Gartner Marketing Symposium/Xpo™,Business Wire,https://finance.yahoo.com/news/gartner-announces-gartner-marketing-symposium-142200311.html,1676557320,STORY
da4dfb94-1cd9-3c4c-b38f-3f270c1deb99,IT,2023-3-12,4 ways CFOs can maximize their A.I. investments,Fortune,https://finance.yahoo.com/news/4-ways-cfos-maximize-investments-121730534.html,1676377050,STORY
92a6155e-4783-36dd-9597-b66dca3bc241,IT,2023-3-12,What Makes Gartner (IT) Stock Attractive?,Insider Monkey,https://finance.yahoo.com/news/makes-gartner-stock-attractive-120734274.html,1676290054,STORY
16f71706-ccdd-3e5a-8ee1-a0ac3659b17c,IT,2023-3-13,Gartner Announces Keynote Speakers at 2023 Gartner Marketing Symposium/Xpo™,Business Wire,https://finance.yahoo.com/news/gartner-announces-keynote-speakers-2023-132100952.html,1678713660,STORY
5f527970-1c95-31e6-b9ac-3cede8a026c1,IT,2023-3-13,Gartner (IT) Down 2.4% Since Last Earnings Report: Can It Rebound?,Zacks,https://finance.yahoo.com/news/gartner-down-2-4-since-163004462.html,1678379404,STORY
d45a6575-dabb-368e-8763-acae4487e1b0,IT,2023-3-13,Gartner Announces Gartner Supply Chain Symposium/Xpo™ 2023,Business Wire,https://finance.yahoo.com/news/gartner-announces-gartner-supply-chain-140000221.html,1677765600,STORY
a8883cc2-b1f7-38c9-bc51-010c2e0ffcae,IT,2023-3-13,Gartner to Participate in the BofA Securities Information & Business Services Conference,Business Wire,https://finance.yahoo.com/news/gartner-participate-bofa-securities-information-130000454.html,1677762000,STORY
79724391-2464-38b5-bcc5-db3c1f947ebb,IT,2023-3-13,Gartner Announces Gartner CFO & Finance Executive Conference,Business Wire,https://finance.yahoo.com/news/gartner-announces-gartner-cfo-finance-143000788.html,1677594600,STORY
f156c200-302f-33b5-bfc3-ac87cc215ab6,IT,2023-3-13,"ChatGPT, AI And Other Tech Have This Stock Teasing A Breakout",Investor's Business Daily,https://finance.yahoo.com/m/f156c200-302f-33b5-bfc3-ac87cc215ab6/chatgpt%2C-ai-and-other-tech.html,1676667957,STORY
eaed0201-2b27-3607-b1f5-316a32cca8b3,IT,2023-3-13,Gartner Announces Gartner Marketing Symposium/Xpo™,Business Wire,https://finance.yahoo.com/news/gartner-announces-gartner-marketing-symposium-142200311.html,1676557320,STORY
da4dfb94-1cd9-3c4c-b38f-3f270c1deb99,IT,2023-3-13,4 ways CFOs can maximize their A.I. investments,Fortune,https://finance.yahoo.com/news/4-ways-cfos-maximize-investments-121730534.html,1676377050,STORY
16f71706-ccdd-3e5a-8ee1-a0ac3659b17c,IT,2023-3-14,Gartner Announces Keynote Speakers at 2023 Gartner Marketing Symposium/Xpo™,Business Wire,https://finance.yahoo.com/news/gartner-announces-keynote-speakers-2023-132100952.html,1678713660,STORY
5f527970-1c95-31e6-b9ac-3cede8a026c1,IT,2023-3-14,Gartner (IT) Down 2.4% Since Last Earnings Report: Can It Rebound?,Zacks,https://finance.yahoo.com/news/gartner-down-2-4-since-163004462.html,1678379404,STORY
d45a6575-dabb-368e-8763-acae4487e1b0,IT,2023-3-14,Gartner Announces Gartner Supply Chain Symposium/Xpo™ 2023,Business Wire,https://finance.yahoo.com/news/gartner-announces-gartner-supply-chain-140000221.html,1677765600,STORY
a8883cc2-b1f7-38c9-bc51-010c2e0ffcae,IT,2023-3-14,Gartner to Participate in the BofA Securities Information & Business Services Conference,Business Wire,https://finance.yahoo.com/news/gartner-participate-bofa-securities-information-130000454.html,1677762000,STORY
79724391-2464-38b5-bcc5-db3c1f947ebb,IT,2023-3-14,Gartner Announces Gartner CFO & Finance Executive Conference,Business Wire,https://finance.yahoo.com/news/gartner-announces-gartner-cfo-finance-143000788.html,1677594600,STORY
f156c200-302f-33b5-bfc3-ac87cc215ab6,IT,2023-3-14,"ChatGPT, AI And Other Tech Have This Stock Teasing A Breakout",Investor's Business Daily,https://finance.yahoo.com/m/f156c200-302f-33b5-bfc3-ac87cc215ab6/chatgpt%2C-ai-and-other-tech.html,1676667957,STORY
eaed0201-2b27-3607-b1f5-316a32cca8b3,IT,2023-3-14,Gartner Announces Gartner Marketing Symposium/Xpo™,Business Wire,https://finance.yahoo.com/news/gartner-announces-gartner-marketing-symposium-142200311.html,1676557320,STORY
da4dfb94-1cd9-3c4c-b38f-3f270c1deb99,IT,2023-3-14,4 ways CFOs can maximize their A.I. investments,Fortune,https://finance.yahoo.com/news/4-ways-cfos-maximize-investments-121730534.html,1676377050,STORY
3ec07ef7-e464-3a06-bb92-92f59a989f2c,IT,2023-3-15,Gartner Announces Keynote Speakers at 2023 Gartner CSO & Sales Leader Conference,Business Wire,https://finance.yahoo.com/news/gartner-announces-keynote-speakers-2023-130900163.html,1678885740,STORY
16f71706-ccdd-3e5a-8ee1-a0ac3659b17c,IT,2023-3-15,Gartner Announces Keynote Speakers at 2023 Gartner Marketing Symposium/Xpo™,Business Wire,https://finance.yahoo.com/news/gartner-announces-keynote-speakers-2023-132100952.html,1678713660,STORY
5f527970-1c95-31e6-b9ac-3cede8a026c1,IT,2023-3-15,Gartner (IT) Down 2.4% Since Last Earnings Report: Can It Rebound?,Zacks,https://finance.yahoo.com/news/gartner-down-2-4-since-163004462.html,1678379404,STORY
d45a6575-dabb-368e-8763-acae4487e1b0,IT,2023-3-15,Gartner Announces Gartner Supply Chain Symposium/Xpo™ 2023,Business Wire,https://finance.yahoo.com/news/gartner-announces-gartner-supply-chain-140000221.html,1677765600,STORY
a8883cc2-b1f7-38c9-bc51-010c2e0ffcae,IT,2023-3-15,Gartner to Participate in the BofA Securities Information & Business Services Conference,Business Wire,https://finance.yahoo.com/news/gartner-participate-bofa-securities-information-130000454.html,1677762000,STORY
79724391-2464-38b5-bcc5-db3c1f947ebb,IT,2023-3-15,Gartner Announces Gartner CFO & Finance Executive Conference,Business Wire,https://finance.yahoo.com/news/gartner-announces-gartner-cfo-finance-143000788.html,1677594600,STORY
f156c200-302f-33b5-bfc3-ac87cc215ab6,IT,2023-3-15,"ChatGPT, AI And Other Tech Have This Stock Teasing A Breakout",Investor's Business Daily,https://finance.yahoo.com/m/f156c200-302f-33b5-bfc3-ac87cc215ab6/chatgpt%2C-ai-and-other-tech.html,1676667957,STORY
eaed0201-2b27-3607-b1f5-316a32cca8b3,IT,2023-3-15,Gartner Announces Gartner Marketing Symposium/Xpo™,Business Wire,https://finance.yahoo.com/news/gartner-announces-gartner-marketing-symposium-142200311.html,1676557320,STORY
4d88370b-ddd3-3938-a3f3-9e19ebd6e9ad,IT,2023-3-16,HCKT or IT: Which Is the Better Value Stock Right Now?,Zacks,https://finance.yahoo.com/news/hckt-better-value-stock-now-154003490.html,1678894803,STORY
3ec07ef7-e464-3a06-bb92-92f59a989f2c,IT,2023-3-16,Gartner Announces Keynote Speakers at 2023 Gartner CSO & Sales Leader Conference,Business Wire,https://finance.yahoo.com/news/gartner-announces-keynote-speakers-2023-130900163.html,1678885740,STORY
dfdbd9fc-e1a9-3ca0-a569-0a6d6b0f21d0,IT,2023-3-16,Here’s what CHROs actually think about the potential ban on noncompetes,Fortune,https://finance.yahoo.com/news/chros-actually-think-potential-ban-113700284.html,1678880220,STORY
16f71706-ccdd-3e5a-8ee1-a0ac3659b17c,IT,2023-3-16,Gartner Announces Keynote Speakers at 2023 Gartner Marketing Symposium/Xpo™,Business Wire,https://finance.yahoo.com/news/gartner-announces-keynote-speakers-2023-132100952.html,1678713660,STORY
5f527970-1c95-31e6-b9ac-3cede8a026c1,IT,2023-3-16,Gartner (IT) Down 2.4% Since Last Earnings Report: Can It Rebound?,Zacks,https://finance.yahoo.com/news/gartner-down-2-4-since-163004462.html,1678379404,STORY
d45a6575-dabb-368e-8763-acae4487e1b0,IT,2023-3-16,Gartner Announces Gartner Supply Chain Symposium/Xpo™ 2023,Business Wire,https://finance.yahoo.com/news/gartner-announces-gartner-supply-chain-140000221.html,1677765600,STORY
a8883cc2-b1f7-38c9-bc51-010c2e0ffcae,IT,2023-3-16,Gartner to Participate in the BofA Securities Information & Business Services Conference,Business Wire,https://finance.yahoo.com/news/gartner-participate-bofa-securities-information-130000454.html,1677762000,STORY
79724391-2464-38b5-bcc5-db3c1f947ebb,IT,2023-3-16,Gartner Announces Gartner CFO & Finance Executive Conference,Business Wire,https://finance.yahoo.com/news/gartner-announces-gartner-cfo-finance-143000788.html,1677594600,STORY
2483af85-e4b3-3399-95a1-f988a77ab6b7,IT,2023-3-17,Gartner's (NYSE:IT) three-year total shareholder returns outpace the underlying earnings growth,Simply Wall St.,https://finance.yahoo.com/news/gartners-nyse-three-total-shareholder-171432036.html,1678986872,STORY
4d88370b-ddd3-3938-a3f3-9e19ebd6e9ad,IT,2023-3-17,HCKT or IT: Which Is the Better Value Stock Right Now?,Zacks,https://finance.yahoo.com/news/hckt-better-value-stock-now-154003490.html,1678894803,STORY
3ec07ef7-e464-3a06-bb92-92f59a989f2c,IT,2023-3-17,Gartner Announces Keynote Speakers at 2023 Gartner CSO & Sales Leader Conference,Business Wire,https://finance.yahoo.com/news/gartner-announces-keynote-speakers-2023-130900163.html,1678885740,STORY
dfdbd9fc-e1a9-3ca0-a569-0a6d6b0f21d0,IT,2023-3-17,Here’s what CHROs actually think about the potential ban on noncompetes,Fortune,https://finance.yahoo.com/news/chros-actually-think-potential-ban-113700284.html,1678880220,STORY
16f71706-ccdd-3e5a-8ee1-a0ac3659b17c,IT,2023-3-17,Gartner Announces Keynote Speakers at 2023 Gartner Marketing Symposium/Xpo™,Business Wire,https://finance.yahoo.com/news/gartner-announces-keynote-speakers-2023-132100952.html,1678713660,STORY
5f527970-1c95-31e6-b9ac-3cede8a026c1,IT,2023-3-17,Gartner (IT) Down 2.4% Since Last Earnings Report: Can It Rebound?,Zacks,https://finance.yahoo.com/news/gartner-down-2-4-since-163004462.html,1678379404,STORY
d45a6575-dabb-368e-8763-acae4487e1b0,IT,2023-3-17,Gartner Announces Gartner Supply Chain Symposium/Xpo™ 2023,Business Wire,https://finance.yahoo.com/news/gartner-announces-gartner-supply-chain-140000221.html,1677765600,STORY
a8883cc2-b1f7-38c9-bc51-010c2e0ffcae,IT,2023-3-17,Gartner to Participate in the BofA Securities Information & Business Services Conference,Business Wire,https://finance.yahoo.com/news/gartner-participate-bofa-securities-information-130000454.html,1677762000,STORY
91016e44-b3d4-33bf-a6d5-b50f04a6c186,IT,2023-3-18,3 Stocks From the Booming Consulting Services Industry,Zacks,https://finance.yahoo.com/news/3-stocks-booming-consulting-services-152903058.html,1679066943,STORY
2483af85-e4b3-3399-95a1-f988a77ab6b7,IT,2023-3-18,Gartner's (NYSE:IT) three-year total shareholder returns outpace the underlying earnings growth,Simply Wall St.,https://finance.yahoo.com/news/gartners-nyse-three-total-shareholder-171432036.html,1678986872,STORY
4d88370b-ddd3-3938-a3f3-9e19ebd6e9ad,IT,2023-3-18,HCKT or IT: Which Is the Better Value Stock Right Now?,Zacks,https://finance.yahoo.com/news/hckt-better-value-stock-now-154003490.html,1678894803,STORY
3ec07ef7-e464-3a06-bb92-92f59a989f2c,IT,2023-3-18,Gartner Announces Keynote Speakers at 2023 Gartner CSO & Sales Leader Conference,Business Wire,https://finance.yahoo.com/news/gartner-announces-keynote-speakers-2023-130900163.html,1678885740,STORY
dfdbd9fc-e1a9-3ca0-a569-0a6d6b0f21d0,IT,2023-3-18,Here’s what CHROs actually think about the potential ban on noncompetes,Fortune,https://finance.yahoo.com/news/chros-actually-think-potential-ban-113700284.html,1678880220,STORY
16f71706-ccdd-3e5a-8ee1-a0ac3659b17c,IT,2023-3-18,Gartner Announces Keynote Speakers at 2023 Gartner Marketing Symposium/Xpo™,Business Wire,https://finance.yahoo.com/news/gartner-announces-keynote-speakers-2023-132100952.html,1678713660,STORY
5f527970-1c95-31e6-b9ac-3cede8a026c1,IT,2023-3-18,Gartner (IT) Down 2.4% Since Last Earnings Report: Can It Rebound?,Zacks,https://finance.yahoo.com/news/gartner-down-2-4-since-163004462.html,1678379404,STORY
d45a6575-dabb-368e-8763-acae4487e1b0,IT,2023-3-18,Gartner Announces Gartner Supply Chain Symposium/Xpo™ 2023,Business Wire,https://finance.yahoo.com/news/gartner-announces-gartner-supply-chain-140000221.html,1677765600,STORY
91016e44-b3d4-33bf-a6d5-b50f04a6c186,IT,2023-3-19,3 Stocks From the Booming Consulting Services Industry,Zacks,https://finance.yahoo.com/news/3-stocks-booming-consulting-services-152903058.html,1679066943,STORY
2483af85-e4b3-3399-95a1-f988a77ab6b7,IT,2023-3-19,Gartner's (NYSE:IT) three-year total shareholder returns outpace the underlying earnings growth,Simply Wall St.,https://finance.yahoo.com/news/gartners-nyse-three-total-shareholder-171432036.html,1678986872,STORY
4d88370b-ddd3-3938-a3f3-9e19ebd6e9ad,IT,2023-3-19,HCKT or IT: Which Is the Better Value Stock Right Now?,Zacks,https://finance.yahoo.com/news/hckt-better-value-stock-now-154003490.html,1678894803,STORY
3ec07ef7-e464-3a06-bb92-92f59a989f2c,IT,2023-3-19,Gartner Announces Keynote Speakers at 2023 Gartner CSO & Sales Leader Conference,Business Wire,https://finance.yahoo.com/news/gartner-announces-keynote-speakers-2023-130900163.html,1678885740,STORY
dfdbd9fc-e1a9-3ca0-a569-0a6d6b0f21d0,IT,2023-3-19,Here’s what CHROs actually think about the potential ban on noncompetes,Fortune,https://finance.yahoo.com/news/chros-actually-think-potential-ban-113700284.html,1678880220,STORY
16f71706-ccdd-3e5a-8ee1-a0ac3659b17c,IT,2023-3-19,Gartner Announces Keynote Speakers at 2023 Gartner Marketing Symposium/Xpo™,Business Wire,https://finance.yahoo.com/news/gartner-announces-keynote-speakers-2023-132100952.html,1678713660,STORY
5f527970-1c95-31e6-b9ac-3cede8a026c1,IT,2023-3-19,Gartner (IT) Down 2.4% Since Last Earnings Report: Can It Rebound?,Zacks,https://finance.yahoo.com/news/gartner-down-2-4-since-163004462.html,1678379404,STORY
d45a6575-dabb-368e-8763-acae4487e1b0,IT,2023-3-19,Gartner Announces Gartner Supply Chain Symposium/Xpo™ 2023,Business Wire,https://finance.yahoo.com/news/gartner-announces-gartner-supply-chain-140000221.html,1677765600,STORY
40cbba1b-14d5-3153-be18-6f00b162a781,IT,2023-3-23,"Zacks Industry Outlook Highlights Gartner, CBIZ and Huron Consulting Group",Zacks,https://finance.yahoo.com/news/zacks-industry-outlook-highlights-gartner-111411249.html,1679310851,STORY
91016e44-b3d4-33bf-a6d5-b50f04a6c186,IT,2023-3-23,3 Stocks From the Booming Consulting Services Industry,Zacks,https://finance.yahoo.com/news/3-stocks-booming-consulting-services-152903058.html,1679066943,STORY
2483af85-e4b3-3399-95a1-f988a77ab6b7,IT,2023-3-23,Gartner's (NYSE:IT) three-year total shareholder returns outpace the underlying earnings growth,Simply Wall St.,https://finance.yahoo.com/news/gartners-nyse-three-total-shareholder-171432036.html,1678986872,STORY
4d88370b-ddd3-3938-a3f3-9e19ebd6e9ad,IT,2023-3-23,HCKT or IT: Which Is the Better Value Stock Right Now?,Zacks,https://finance.yahoo.com/news/hckt-better-value-stock-now-154003490.html,1678894803,STORY
3ec07ef7-e464-3a06-bb92-92f59a989f2c,IT,2023-3-23,Gartner Announces Keynote Speakers at 2023 Gartner CSO & Sales Leader Conference,Business Wire,https://finance.yahoo.com/news/gartner-announces-keynote-speakers-2023-130900163.html,1678885740,STORY
dfdbd9fc-e1a9-3ca0-a569-0a6d6b0f21d0,IT,2023-3-23,Here’s what CHROs actually think about the potential ban on noncompetes,Fortune,https://finance.yahoo.com/news/chros-actually-think-potential-ban-113700284.html,1678880220,STORY
16f71706-ccdd-3e5a-8ee1-a0ac3659b17c,IT,2023-3-23,Gartner Announces Keynote Speakers at 2023 Gartner Marketing Symposium/Xpo™,Business Wire,https://finance.yahoo.com/news/gartner-announces-keynote-speakers-2023-132100952.html,1678713660,STORY
5f527970-1c95-31e6-b9ac-3cede8a026c1,IT,2023-3-23,Gartner (IT) Down 2.4% Since Last Earnings Report: Can It Rebound?,Zacks,https://finance.yahoo.com/news/gartner-down-2-4-since-163004462.html,1678379404,STORY
40cbba1b-14d5-3153-be18-6f00b162a781,IT,2023-3-24,"Zacks Industry Outlook Highlights Gartner, CBIZ and Huron Consulting Group",Zacks,https://finance.yahoo.com/news/zacks-industry-outlook-highlights-gartner-111411249.html,1679310851,STORY
91016e44-b3d4-33bf-a6d5-b50f04a6c186,IT,2023-3-24,3 Stocks From the Booming Consulting Services Industry,Zacks,https://finance.yahoo.com/news/3-stocks-booming-consulting-services-152903058.html,1679066943,STORY
2483af85-e4b3-3399-95a1-f988a77ab6b7,IT,2023-3-24,Gartner's (NYSE:IT) three-year total shareholder returns outpace the underlying earnings growth,Simply Wall St.,https://finance.yahoo.com/news/gartners-nyse-three-total-shareholder-171432036.html,1678986872,STORY
4d88370b-ddd3-3938-a3f3-9e19ebd6e9ad,IT,2023-3-24,HCKT or IT: Which Is the Better Value Stock Right Now?,Zacks,https://finance.yahoo.com/news/hckt-better-value-stock-now-154003490.html,1678894803,STORY
3ec07ef7-e464-3a06-bb92-92f59a989f2c,IT,2023-3-24,Gartner Announces Keynote Speakers at 2023 Gartner CSO & Sales Leader Conference,Business Wire,https://finance.yahoo.com/news/gartner-announces-keynote-speakers-2023-130900163.html,1678885740,STORY
dfdbd9fc-e1a9-3ca0-a569-0a6d6b0f21d0,IT,2023-3-24,Here’s what CHROs actually think about the potential ban on noncompetes,Fortune,https://finance.yahoo.com/news/chros-actually-think-potential-ban-113700284.html,1678880220,STORY
16f71706-ccdd-3e5a-8ee1-a0ac3659b17c,IT,2023-3-24,Gartner Announces Keynote Speakers at 2023 Gartner Marketing Symposium/Xpo™,Business Wire,https://finance.yahoo.com/news/gartner-announces-keynote-speakers-2023-132100952.html,1678713660,STORY
5f527970-1c95-31e6-b9ac-3cede8a026c1,IT,2023-3-24,Gartner (IT) Down 2.4% Since Last Earnings Report: Can It Rebound?,Zacks,https://finance.yahoo.com/news/gartner-down-2-4-since-163004462.html,1678379404,STORY
40cbba1b-14d5-3153-be18-6f00b162a781,IT,2023-3-25,"Zacks Industry Outlook Highlights Gartner, CBIZ and Huron Consulting Group",Zacks,https://finance.yahoo.com/news/zacks-industry-outlook-highlights-gartner-111411249.html,1679310851,STORY
91016e44-b3d4-33bf-a6d5-b50f04a6c186,IT,2023-3-25,3 Stocks From the Booming Consulting Services Industry,Zacks,https://finance.yahoo.com/news/3-stocks-booming-consulting-services-152903058.html,1679066943,STORY
2483af85-e4b3-3399-95a1-f988a77ab6b7,IT,2023-3-25,Gartner's (NYSE:IT) three-year total shareholder returns outpace the underlying earnings growth,Simply Wall St.,https://finance.yahoo.com/news/gartners-nyse-three-total-shareholder-171432036.html,1678986872,STORY
4d88370b-ddd3-3938-a3f3-9e19ebd6e9ad,IT,2023-3-25,HCKT or IT: Which Is the Better Value Stock Right Now?,Zacks,https://finance.yahoo.com/news/hckt-better-value-stock-now-154003490.html,1678894803,STORY
3ec07ef7-e464-3a06-bb92-92f59a989f2c,IT,2023-3-25,Gartner Announces Keynote Speakers at 2023 Gartner CSO & Sales Leader Conference,Business Wire,https://finance.yahoo.com/news/gartner-announces-keynote-speakers-2023-130900163.html,1678885740,STORY
dfdbd9fc-e1a9-3ca0-a569-0a6d6b0f21d0,IT,2023-3-25,Here’s what CHROs actually think about the potential ban on noncompetes,Fortune,https://finance.yahoo.com/news/chros-actually-think-potential-ban-113700284.html,1678880220,STORY
16f71706-ccdd-3e5a-8ee1-a0ac3659b17c,IT,2023-3-25,Gartner Announces Keynote Speakers at 2023 Gartner Marketing Symposium/Xpo™,Business Wire,https://finance.yahoo.com/news/gartner-announces-keynote-speakers-2023-132100952.html,1678713660,STORY
5f527970-1c95-31e6-b9ac-3cede8a026c1,IT,2023-3-25,Gartner (IT) Down 2.4% Since Last Earnings Report: Can It Rebound?,Zacks,https://finance.yahoo.com/news/gartner-down-2-4-since-163004462.html,1678379404,STORY
40cbba1b-14d5-3153-be18-6f00b162a781,IT,2023-3-26,"Zacks Industry Outlook Highlights Gartner, CBIZ and Huron Consulting Group",Zacks,https://finance.yahoo.com/news/zacks-industry-outlook-highlights-gartner-111411249.html,1679310851,STORY
91016e44-b3d4-33bf-a6d5-b50f04a6c186,IT,2023-3-26,3 Stocks From the Booming Consulting Services Industry,Zacks,https://finance.yahoo.com/news/3-stocks-booming-consulting-services-152903058.html,1679066943,STORY
2483af85-e4b3-3399-95a1-f988a77ab6b7,IT,2023-3-26,Gartner's (NYSE:IT) three-year total shareholder returns outpace the underlying earnings growth,Simply Wall St.,https://finance.yahoo.com/news/gartners-nyse-three-total-shareholder-171432036.html,1678986872,STORY
4d88370b-ddd3-3938-a3f3-9e19ebd6e9ad,IT,2023-3-26,HCKT or IT: Which Is the Better Value Stock Right Now?,Zacks,https://finance.yahoo.com/news/hckt-better-value-stock-now-154003490.html,1678894803,STORY
3ec07ef7-e464-3a06-bb92-92f59a989f2c,IT,2023-3-26,Gartner Announces Keynote Speakers at 2023 Gartner CSO & Sales Leader Conference,Business Wire,https://finance.yahoo.com/news/gartner-announces-keynote-speakers-2023-130900163.html,1678885740,STORY
dfdbd9fc-e1a9-3ca0-a569-0a6d6b0f21d0,IT,2023-3-26,Here’s what CHROs actually think about the potential ban on noncompetes,Fortune,https://finance.yahoo.com/news/chros-actually-think-potential-ban-113700284.html,1678880220,STORY
16f71706-ccdd-3e5a-8ee1-a0ac3659b17c,IT,2023-3-26,Gartner Announces Keynote Speakers at 2023 Gartner Marketing Symposium/Xpo™,Business Wire,https://finance.yahoo.com/news/gartner-announces-keynote-speakers-2023-132100952.html,1678713660,STORY
5f527970-1c95-31e6-b9ac-3cede8a026c1,IT,2023-3-26,Gartner (IT) Down 2.4% Since Last Earnings Report: Can It Rebound?,Zacks,https://finance.yahoo.com/news/gartner-down-2-4-since-163004462.html,1678379404,STORY
40cbba1b-14d5-3153-be18-6f00b162a781,IT,2023-3-27,"Zacks Industry Outlook Highlights Gartner, CBIZ and Huron Consulting Group",Zacks,https://finance.yahoo.com/news/zacks-industry-outlook-highlights-gartner-111411249.html,1679310851,STORY
91016e44-b3d4-33bf-a6d5-b50f04a6c186,IT,2023-3-27,3 Stocks From the Booming Consulting Services Industry,Zacks,https://finance.yahoo.com/news/3-stocks-booming-consulting-services-152903058.html,1679066943,STORY
2483af85-e4b3-3399-95a1-f988a77ab6b7,IT,2023-3-27,Gartner's (NYSE:IT) three-year total shareholder returns outpace the underlying earnings growth,Simply Wall St.,https://finance.yahoo.com/news/gartners-nyse-three-total-shareholder-171432036.html,1678986872,STORY
4d88370b-ddd3-3938-a3f3-9e19ebd6e9ad,IT,2023-3-27,HCKT or IT: Which Is the Better Value Stock Right Now?,Zacks,https://finance.yahoo.com/news/hckt-better-value-stock-now-154003490.html,1678894803,STORY
3ec07ef7-e464-3a06-bb92-92f59a989f2c,IT,2023-3-27,Gartner Announces Keynote Speakers at 2023 Gartner CSO & Sales Leader Conference,Business Wire,https://finance.yahoo.com/news/gartner-announces-keynote-speakers-2023-130900163.html,1678885740,STORY
dfdbd9fc-e1a9-3ca0-a569-0a6d6b0f21d0,IT,2023-3-27,Here’s what CHROs actually think about the potential ban on noncompetes,Fortune,https://finance.yahoo.com/news/chros-actually-think-potential-ban-113700284.html,1678880220,STORY
16f71706-ccdd-3e5a-8ee1-a0ac3659b17c,IT,2023-3-27,Gartner Announces Keynote Speakers at 2023 Gartner Marketing Symposium/Xpo™,Business Wire,https://finance.yahoo.com/news/gartner-announces-keynote-speakers-2023-132100952.html,1678713660,STORY
5f527970-1c95-31e6-b9ac-3cede8a026c1,IT,2023-3-27,Gartner (IT) Down 2.4% Since Last Earnings Report: Can It Rebound?,Zacks,https://finance.yahoo.com/news/gartner-down-2-4-since-163004462.html,1678379404,STORY
40cbba1b-14d5-3153-be18-6f00b162a781,IT,2023-3-28,"Zacks Industry Outlook Highlights Gartner, CBIZ and Huron Consulting Group",Zacks,https://finance.yahoo.com/news/zacks-industry-outlook-highlights-gartner-111411249.html,1679310851,STORY
91016e44-b3d4-33bf-a6d5-b50f04a6c186,IT,2023-3-28,3 Stocks From the Booming Consulting Services Industry,Zacks,https://finance.yahoo.com/news/3-stocks-booming-consulting-services-152903058.html,1679066943,STORY
2483af85-e4b3-3399-95a1-f988a77ab6b7,IT,2023-3-28,Gartner's (NYSE:IT) three-year total shareholder returns outpace the underlying earnings growth,Simply Wall St.,https://finance.yahoo.com/news/gartners-nyse-three-total-shareholder-171432036.html,1678986872,STORY
4d88370b-ddd3-3938-a3f3-9e19ebd6e9ad,IT,2023-3-28,HCKT or IT: Which Is the Better Value Stock Right Now?,Zacks,https://finance.yahoo.com/news/hckt-better-value-stock-now-154003490.html,1678894803,STORY
3ec07ef7-e464-3a06-bb92-92f59a989f2c,IT,2023-3-28,Gartner Announces Keynote Speakers at 2023 Gartner CSO & Sales Leader Conference,Business Wire,https://finance.yahoo.com/news/gartner-announces-keynote-speakers-2023-130900163.html,1678885740,STORY
dfdbd9fc-e1a9-3ca0-a569-0a6d6b0f21d0,IT,2023-3-28,Here’s what CHROs actually think about the potential ban on noncompetes,Fortune,https://finance.yahoo.com/news/chros-actually-think-potential-ban-113700284.html,1678880220,STORY
16f71706-ccdd-3e5a-8ee1-a0ac3659b17c,IT,2023-3-28,Gartner Announces Keynote Speakers at 2023 Gartner Marketing Symposium/Xpo™,Business Wire,https://finance.yahoo.com/news/gartner-announces-keynote-speakers-2023-132100952.html,1678713660,STORY
5f527970-1c95-31e6-b9ac-3cede8a026c1,IT,2023-3-28,Gartner (IT) Down 2.4% Since Last Earnings Report: Can It Rebound?,Zacks,https://finance.yahoo.com/news/gartner-down-2-4-since-163004462.html,1678379404,STORY
40cbba1b-14d5-3153-be18-6f00b162a781,IT,2023-3-29,"Zacks Industry Outlook Highlights Gartner, CBIZ and Huron Consulting Group",Zacks,https://finance.yahoo.com/news/zacks-industry-outlook-highlights-gartner-111411249.html,1679310851,STORY
91016e44-b3d4-33bf-a6d5-b50f04a6c186,IT,2023-3-29,3 Stocks From the Booming Consulting Services Industry,Zacks,https://finance.yahoo.com/news/3-stocks-booming-consulting-services-152903058.html,1679066943,STORY
2483af85-e4b3-3399-95a1-f988a77ab6b7,IT,2023-3-29,Gartner's (NYSE:IT) three-year total shareholder returns outpace the underlying earnings growth,Simply Wall St.,https://finance.yahoo.com/news/gartners-nyse-three-total-shareholder-171432036.html,1678986872,STORY
4d88370b-ddd3-3938-a3f3-9e19ebd6e9ad,IT,2023-3-29,HCKT or IT: Which Is the Better Value Stock Right Now?,Zacks,https://finance.yahoo.com/news/hckt-better-value-stock-now-154003490.html,1678894803,STORY
3ec07ef7-e464-3a06-bb92-92f59a989f2c,IT,2023-3-29,Gartner Announces Keynote Speakers at 2023 Gartner CSO & Sales Leader Conference,Business Wire,https://finance.yahoo.com/news/gartner-announces-keynote-speakers-2023-130900163.html,1678885740,STORY
dfdbd9fc-e1a9-3ca0-a569-0a6d6b0f21d0,IT,2023-3-29,Here’s what CHROs actually think about the potential ban on noncompetes,Fortune,https://finance.yahoo.com/news/chros-actually-think-potential-ban-113700284.html,1678880220,STORY
16f71706-ccdd-3e5a-8ee1-a0ac3659b17c,IT,2023-3-29,Gartner Announces Keynote Speakers at 2023 Gartner Marketing Symposium/Xpo™,Business Wire,https://finance.yahoo.com/news/gartner-announces-keynote-speakers-2023-132100952.html,1678713660,STORY
5f527970-1c95-31e6-b9ac-3cede8a026c1,IT,2023-3-29,Gartner (IT) Down 2.4% Since Last Earnings Report: Can It Rebound?,Zacks,https://finance.yahoo.com/news/gartner-down-2-4-since-163004462.html,1678379404,STORY
a8141efe-55d2-31c3-a21c-3ef79401b343,IT,2023-3-30,What employees say will get them to return the office,Fortune,https://finance.yahoo.com/news/employees-them-return-office-113102798.html,1680089462,STORY
40cbba1b-14d5-3153-be18-6f00b162a781,IT,2023-3-30,"Zacks Industry Outlook Highlights Gartner, CBIZ and Huron Consulting Group",Zacks,https://finance.yahoo.com/news/zacks-industry-outlook-highlights-gartner-111411249.html,1679310851,STORY
91016e44-b3d4-33bf-a6d5-b50f04a6c186,IT,2023-3-30,3 Stocks From the Booming Consulting Services Industry,Zacks,https://finance.yahoo.com/news/3-stocks-booming-consulting-services-152903058.html,1679066943,STORY
2483af85-e4b3-3399-95a1-f988a77ab6b7,IT,2023-3-30,Gartner's (NYSE:IT) three-year total shareholder returns outpace the underlying earnings growth,Simply Wall St.,https://finance.yahoo.com/news/gartners-nyse-three-total-shareholder-171432036.html,1678986872,STORY
4d88370b-ddd3-3938-a3f3-9e19ebd6e9ad,IT,2023-3-30,HCKT or IT: Which Is the Better Value Stock Right Now?,Zacks,https://finance.yahoo.com/news/hckt-better-value-stock-now-154003490.html,1678894803,STORY
3ec07ef7-e464-3a06-bb92-92f59a989f2c,IT,2023-3-30,Gartner Announces Keynote Speakers at 2023 Gartner CSO & Sales Leader Conference,Business Wire,https://finance.yahoo.com/news/gartner-announces-keynote-speakers-2023-130900163.html,1678885740,STORY
dfdbd9fc-e1a9-3ca0-a569-0a6d6b0f21d0,IT,2023-3-30,Here’s what CHROs actually think about the potential ban on noncompetes,Fortune,https://finance.yahoo.com/news/chros-actually-think-potential-ban-113700284.html,1678880220,STORY
16f71706-ccdd-3e5a-8ee1-a0ac3659b17c,IT,2023-3-30,Gartner Announces Keynote Speakers at 2023 Gartner Marketing Symposium/Xpo™,Business Wire,https://finance.yahoo.com/news/gartner-announces-keynote-speakers-2023-132100952.html,1678713660,STORY
a8141efe-55d2-31c3-a21c-3ef79401b343,IT,2023-3-31,What employees say will get them to return the office,Fortune,https://finance.yahoo.com/news/employees-them-return-office-113102798.html,1680089462,STORY
40cbba1b-14d5-3153-be18-6f00b162a781,IT,2023-3-31,"Zacks Industry Outlook Highlights Gartner, CBIZ and Huron Consulting Group",Zacks,https://finance.yahoo.com/news/zacks-industry-outlook-highlights-gartner-111411249.html,1679310851,STORY
91016e44-b3d4-33bf-a6d5-b50f04a6c186,IT,2023-3-31,3 Stocks From the Booming Consulting Services Industry,Zacks,https://finance.yahoo.com/news/3-stocks-booming-consulting-services-152903058.html,1679066943,STORY
2483af85-e4b3-3399-95a1-f988a77ab6b7,IT,2023-3-31,Gartner's (NYSE:IT) three-year total shareholder returns outpace the underlying earnings growth,Simply Wall St.,https://finance.yahoo.com/news/gartners-nyse-three-total-shareholder-171432036.html,1678986872,STORY
4d88370b-ddd3-3938-a3f3-9e19ebd6e9ad,IT,2023-3-31,HCKT or IT: Which Is the Better Value Stock Right Now?,Zacks,https://finance.yahoo.com/news/hckt-better-value-stock-now-154003490.html,1678894803,STORY
3ec07ef7-e464-3a06-bb92-92f59a989f2c,IT,2023-3-31,Gartner Announces Keynote Speakers at 2023 Gartner CSO & Sales Leader Conference,Business Wire,https://finance.yahoo.com/news/gartner-announces-keynote-speakers-2023-130900163.html,1678885740,STORY
dfdbd9fc-e1a9-3ca0-a569-0a6d6b0f21d0,IT,2023-3-31,Here’s what CHROs actually think about the potential ban on noncompetes,Fortune,https://finance.yahoo.com/news/chros-actually-think-potential-ban-113700284.html,1678880220,STORY
16f71706-ccdd-3e5a-8ee1-a0ac3659b17c,IT,2023-3-31,Gartner Announces Keynote Speakers at 2023 Gartner Marketing Symposium/Xpo™,Business Wire,https://finance.yahoo.com/news/gartner-announces-keynote-speakers-2023-132100952.html,1678713660,STORY
3e04316c-1717-3f5c-a157-48ce9725f8eb,IT,2023-4-1,Here's Why The Interpublic Group (IPG) Stock is a Great Pick,Zacks,https://finance.yahoo.com/news/heres-why-interpublic-group-ipg-170805308.html,1680282485,STORY
82d63802-8730-3ea3-a73a-ddf96b0a54b5,IT,2023-4-1,HCKT or IT: Which Is the Better Value Stock Right Now?,Zacks,https://finance.yahoo.com/news/hckt-better-value-stock-now-154003922.html,1680277203,STORY
0513a9c4-5ae1-334f-8254-ca0ea82c31e9,IT,2023-4-1,Should You Hold Gartner (IT)?,Insider Monkey,https://finance.yahoo.com/news/hold-gartner-130339175.html,1680267819,STORY
a8141efe-55d2-31c3-a21c-3ef79401b343,IT,2023-4-1,What employees say will get them to return the office,Fortune,https://finance.yahoo.com/news/employees-them-return-office-113102798.html,1680089462,STORY
40cbba1b-14d5-3153-be18-6f00b162a781,IT,2023-4-1,"Zacks Industry Outlook Highlights Gartner, CBIZ and Huron Consulting Group",Zacks,https://finance.yahoo.com/news/zacks-industry-outlook-highlights-gartner-111411249.html,1679310851,STORY
91016e44-b3d4-33bf-a6d5-b50f04a6c186,IT,2023-4-1,3 Stocks From the Booming Consulting Services Industry,Zacks,https://finance.yahoo.com/news/3-stocks-booming-consulting-services-152903058.html,1679066943,STORY
2483af85-e4b3-3399-95a1-f988a77ab6b7,IT,2023-4-1,Gartner's (NYSE:IT) three-year total shareholder returns outpace the underlying earnings growth,Simply Wall St.,https://finance.yahoo.com/news/gartners-nyse-three-total-shareholder-171432036.html,1678986872,STORY
3ec07ef7-e464-3a06-bb92-92f59a989f2c,IT,2023-4-1,Gartner Announces Keynote Speakers at 2023 Gartner CSO & Sales Leader Conference,Business Wire,https://finance.yahoo.com/news/gartner-announces-keynote-speakers-2023-130900163.html,1678885740,STORY
3e04316c-1717-3f5c-a157-48ce9725f8eb,IT,2023-4-2,Here's Why The Interpublic Group (IPG) Stock is a Great Pick,Zacks,https://finance.yahoo.com/news/heres-why-interpublic-group-ipg-170805308.html,1680282485,STORY
82d63802-8730-3ea3-a73a-ddf96b0a54b5,IT,2023-4-2,HCKT or IT: Which Is the Better Value Stock Right Now?,Zacks,https://finance.yahoo.com/news/hckt-better-value-stock-now-154003922.html,1680277203,STORY
0513a9c4-5ae1-334f-8254-ca0ea82c31e9,IT,2023-4-2,Should You Hold Gartner (IT)?,Insider Monkey,https://finance.yahoo.com/news/hold-gartner-130339175.html,1680267819,STORY
a8141efe-55d2-31c3-a21c-3ef79401b343,IT,2023-4-2,What employees say will get them to return the office,Fortune,https://finance.yahoo.com/news/employees-them-return-office-113102798.html,1680089462,STORY
40cbba1b-14d5-3153-be18-6f00b162a781,IT,2023-4-2,"Zacks Industry Outlook Highlights Gartner, CBIZ and Huron Consulting Group",Zacks,https://finance.yahoo.com/news/zacks-industry-outlook-highlights-gartner-111411249.html,1679310851,STORY
91016e44-b3d4-33bf-a6d5-b50f04a6c186,IT,2023-4-2,3 Stocks From the Booming Consulting Services Industry,Zacks,https://finance.yahoo.com/news/3-stocks-booming-consulting-services-152903058.html,1679066943,STORY
2483af85-e4b3-3399-95a1-f988a77ab6b7,IT,2023-4-2,Gartner's (NYSE:IT) three-year total shareholder returns outpace the underlying earnings growth,Simply Wall St.,https://finance.yahoo.com/news/gartners-nyse-three-total-shareholder-171432036.html,1678986872,STORY
3ec07ef7-e464-3a06-bb92-92f59a989f2c,IT,2023-4-2,Gartner Announces Keynote Speakers at 2023 Gartner CSO & Sales Leader Conference,Business Wire,https://finance.yahoo.com/news/gartner-announces-keynote-speakers-2023-130900163.html,1678885740,STORY
3e04316c-1717-3f5c-a157-48ce9725f8eb,IT,2023-4-3,Here's Why The Interpublic Group (IPG) Stock is a Great Pick,Zacks,https://finance.yahoo.com/news/heres-why-interpublic-group-ipg-170805308.html,1680282485,STORY
82d63802-8730-3ea3-a73a-ddf96b0a54b5,IT,2023-4-3,HCKT or IT: Which Is the Better Value Stock Right Now?,Zacks,https://finance.yahoo.com/news/hckt-better-value-stock-now-154003922.html,1680277203,STORY
0513a9c4-5ae1-334f-8254-ca0ea82c31e9,IT,2023-4-3,Should You Hold Gartner (IT)?,Insider Monkey,https://finance.yahoo.com/news/hold-gartner-130339175.html,1680267819,STORY
a8141efe-55d2-31c3-a21c-3ef79401b343,IT,2023-4-3,What employees say will get them to return the office,Fortune,https://finance.yahoo.com/news/employees-them-return-office-113102798.html,1680089462,STORY
40cbba1b-14d5-3153-be18-6f00b162a781,IT,2023-4-3,"Zacks Industry Outlook Highlights Gartner, CBIZ and Huron Consulting Group",Zacks,https://finance.yahoo.com/news/zacks-industry-outlook-highlights-gartner-111411249.html,1679310851,STORY
91016e44-b3d4-33bf-a6d5-b50f04a6c186,IT,2023-4-3,3 Stocks From the Booming Consulting Services Industry,Zacks,https://finance.yahoo.com/news/3-stocks-booming-consulting-services-152903058.html,1679066943,STORY
2483af85-e4b3-3399-95a1-f988a77ab6b7,IT,2023-4-3,Gartner's (NYSE:IT) three-year total shareholder returns outpace the underlying earnings growth,Simply Wall St.,https://finance.yahoo.com/news/gartners-nyse-three-total-shareholder-171432036.html,1678986872,STORY
3ec07ef7-e464-3a06-bb92-92f59a989f2c,IT,2023-4-3,Gartner Announces Keynote Speakers at 2023 Gartner CSO & Sales Leader Conference,Business Wire,https://finance.yahoo.com/news/gartner-announces-keynote-speakers-2023-130900163.html,1678885740,STORY
3e04316c-1717-3f5c-a157-48ce9725f8eb,IT,2023-4-5,Here's Why The Interpublic Group (IPG) Stock is a Great Pick,Zacks,https://finance.yahoo.com/news/heres-why-interpublic-group-ipg-170805308.html,1680282485,STORY
82d63802-8730-3ea3-a73a-ddf96b0a54b5,IT,2023-4-5,HCKT or IT: Which Is the Better Value Stock Right Now?,Zacks,https://finance.yahoo.com/news/hckt-better-value-stock-now-154003922.html,1680277203,STORY
0513a9c4-5ae1-334f-8254-ca0ea82c31e9,IT,2023-4-5,Should You Hold Gartner (IT)?,Insider Monkey,https://finance.yahoo.com/news/hold-gartner-130339175.html,1680267819,STORY
a8141efe-55d2-31c3-a21c-3ef79401b343,IT,2023-4-5,What employees say will get them to return the office,Fortune,https://finance.yahoo.com/news/employees-them-return-office-113102798.html,1680089462,STORY
40cbba1b-14d5-3153-be18-6f00b162a781,IT,2023-4-5,"Zacks Industry Outlook Highlights Gartner, CBIZ and Huron Consulting Group",Zacks,https://finance.yahoo.com/news/zacks-industry-outlook-highlights-gartner-111411249.html,1679310851,STORY
91016e44-b3d4-33bf-a6d5-b50f04a6c186,IT,2023-4-5,3 Stocks From the Booming Consulting Services Industry,Zacks,https://finance.yahoo.com/news/3-stocks-booming-consulting-services-152903058.html,1679066943,STORY
2483af85-e4b3-3399-95a1-f988a77ab6b7,IT,2023-4-5,Gartner's (NYSE:IT) three-year total shareholder returns outpace the underlying earnings growth,Simply Wall St.,https://finance.yahoo.com/news/gartners-nyse-three-total-shareholder-171432036.html,1678986872,STORY
3ec07ef7-e464-3a06-bb92-92f59a989f2c,IT,2023-4-5,Gartner Announces Keynote Speakers at 2023 Gartner CSO & Sales Leader Conference,Business Wire,https://finance.yahoo.com/news/gartner-announces-keynote-speakers-2023-130900163.html,1678885740,STORY
201243bc-858a-3b7f-81a2-dee94c87a464,IT,2023-4-6,Why We Like The Returns At Gartner (NYSE:IT),Simply Wall St.,https://finance.yahoo.com/news/why-returns-gartner-nyse-100746679.html,1680775666,STORY
dd9b7b7c-cd46-318f-8877-b9010666ddda,IT,2023-4-6,Gartner Announces Gartner Security & Risk Management Summit 2023,Business Wire,https://finance.yahoo.com/news/gartner-announces-gartner-security-risk-125000605.html,1680699000,STORY
3e04316c-1717-3f5c-a157-48ce9725f8eb,IT,2023-4-6,Here's Why The Interpublic Group (IPG) Stock is a Great Pick,Zacks,https://finance.yahoo.com/news/heres-why-interpublic-group-ipg-170805308.html,1680282485,STORY
82d63802-8730-3ea3-a73a-ddf96b0a54b5,IT,2023-4-6,HCKT or IT: Which Is the Better Value Stock Right Now?,Zacks,https://finance.yahoo.com/news/hckt-better-value-stock-now-154003922.html,1680277203,STORY
0513a9c4-5ae1-334f-8254-ca0ea82c31e9,IT,2023-4-6,Should You Hold Gartner (IT)?,Insider Monkey,https://finance.yahoo.com/news/hold-gartner-130339175.html,1680267819,STORY
a8141efe-55d2-31c3-a21c-3ef79401b343,IT,2023-4-6,What employees say will get them to return the office,Fortune,https://finance.yahoo.com/news/employees-them-return-office-113102798.html,1680089462,STORY
40cbba1b-14d5-3153-be18-6f00b162a781,IT,2023-4-6,"Zacks Industry Outlook Highlights Gartner, CBIZ and Huron Consulting Group",Zacks,https://finance.yahoo.com/news/zacks-industry-outlook-highlights-gartner-111411249.html,1679310851,STORY
91016e44-b3d4-33bf-a6d5-b50f04a6c186,IT,2023-4-6,3 Stocks From the Booming Consulting Services Industry,Zacks,https://finance.yahoo.com/news/3-stocks-booming-consulting-services-152903058.html,1679066943,STORY
201243bc-858a-3b7f-81a2-dee94c87a464,IT,2023-4-8,Why We Like The Returns At Gartner (NYSE:IT),Simply Wall St.,https://finance.yahoo.com/news/why-returns-gartner-nyse-100746679.html,1680775666,STORY
dd9b7b7c-cd46-318f-8877-b9010666ddda,IT,2023-4-8,Gartner Announces Gartner Security & Risk Management Summit 2023,Business Wire,https://finance.yahoo.com/news/gartner-announces-gartner-security-risk-125000605.html,1680699000,STORY
3e04316c-1717-3f5c-a157-48ce9725f8eb,IT,2023-4-8,Here's Why The Interpublic Group (IPG) Stock is a Great Pick,Zacks,https://finance.yahoo.com/news/heres-why-interpublic-group-ipg-170805308.html,1680282485,STORY
82d63802-8730-3ea3-a73a-ddf96b0a54b5,IT,2023-4-8,HCKT or IT: Which Is the Better Value Stock Right Now?,Zacks,https://finance.yahoo.com/news/hckt-better-value-stock-now-154003922.html,1680277203,STORY
0513a9c4-5ae1-334f-8254-ca0ea82c31e9,IT,2023-4-8,Should You Hold Gartner (IT)?,Insider Monkey,https://finance.yahoo.com/news/hold-gartner-130339175.html,1680267819,STORY
a8141efe-55d2-31c3-a21c-3ef79401b343,IT,2023-4-8,What employees say will get them to return the office,Fortune,https://finance.yahoo.com/news/employees-them-return-office-113102798.html,1680089462,STORY
40cbba1b-14d5-3153-be18-6f00b162a781,IT,2023-4-8,"Zacks Industry Outlook Highlights Gartner, CBIZ and Huron Consulting Group",Zacks,https://finance.yahoo.com/news/zacks-industry-outlook-highlights-gartner-111411249.html,1679310851,STORY
91016e44-b3d4-33bf-a6d5-b50f04a6c186,IT,2023-4-8,3 Stocks From the Booming Consulting Services Industry,Zacks,https://finance.yahoo.com/news/3-stocks-booming-consulting-services-152903058.html,1679066943,STORY
201243bc-858a-3b7f-81a2-dee94c87a464,IT,2023-4-9,Why We Like The Returns At Gartner (NYSE:IT),Simply Wall St.,https://finance.yahoo.com/news/why-returns-gartner-nyse-100746679.html,1680775666,STORY
dd9b7b7c-cd46-318f-8877-b9010666ddda,IT,2023-4-9,Gartner Announces Gartner Security & Risk Management Summit 2023,Business Wire,https://finance.yahoo.com/news/gartner-announces-gartner-security-risk-125000605.html,1680699000,STORY
3e04316c-1717-3f5c-a157-48ce9725f8eb,IT,2023-4-9,Here's Why The Interpublic Group (IPG) Stock is a Great Pick,Zacks,https://finance.yahoo.com/news/heres-why-interpublic-group-ipg-170805308.html,1680282485,STORY
82d63802-8730-3ea3-a73a-ddf96b0a54b5,IT,2023-4-9,HCKT or IT: Which Is the Better Value Stock Right Now?,Zacks,https://finance.yahoo.com/news/hckt-better-value-stock-now-154003922.html,1680277203,STORY
0513a9c4-5ae1-334f-8254-ca0ea82c31e9,IT,2023-4-9,Should You Hold Gartner (IT)?,Insider Monkey,https://finance.yahoo.com/news/hold-gartner-130339175.html,1680267819,STORY
a8141efe-55d2-31c3-a21c-3ef79401b343,IT,2023-4-9,What employees say will get them to return the office,Fortune,https://finance.yahoo.com/news/employees-them-return-office-113102798.html,1680089462,STORY
40cbba1b-14d5-3153-be18-6f00b162a781,IT,2023-4-9,"Zacks Industry Outlook Highlights Gartner, CBIZ and Huron Consulting Group",Zacks,https://finance.yahoo.com/news/zacks-industry-outlook-highlights-gartner-111411249.html,1679310851,STORY
91016e44-b3d4-33bf-a6d5-b50f04a6c186,IT,2023-4-9,3 Stocks From the Booming Consulting Services Industry,Zacks,https://finance.yahoo.com/news/3-stocks-booming-consulting-services-152903058.html,1679066943,STORY
201243bc-858a-3b7f-81a2-dee94c87a464,IT,2023-4-10,Why We Like The Returns At Gartner (NYSE:IT),Simply Wall St.,https://finance.yahoo.com/news/why-returns-gartner-nyse-100746679.html,1680775666,STORY
dd9b7b7c-cd46-318f-8877-b9010666ddda,IT,2023-4-10,Gartner Announces Gartner Security & Risk Management Summit 2023,Business Wire,https://finance.yahoo.com/news/gartner-announces-gartner-security-risk-125000605.html,1680699000,STORY
3e04316c-1717-3f5c-a157-48ce9725f8eb,IT,2023-4-10,Here's Why The Interpublic Group (IPG) Stock is a Great Pick,Zacks,https://finance.yahoo.com/news/heres-why-interpublic-group-ipg-170805308.html,1680282485,STORY
82d63802-8730-3ea3-a73a-ddf96b0a54b5,IT,2023-4-10,HCKT or IT: Which Is the Better Value Stock Right Now?,Zacks,https://finance.yahoo.com/news/hckt-better-value-stock-now-154003922.html,1680277203,STORY
0513a9c4-5ae1-334f-8254-ca0ea82c31e9,IT,2023-4-10,Should You Hold Gartner (IT)?,Insider Monkey,https://finance.yahoo.com/news/hold-gartner-130339175.html,1680267819,STORY
a8141efe-55d2-31c3-a21c-3ef79401b343,IT,2023-4-10,What employees say will get them to return the office,Fortune,https://finance.yahoo.com/news/employees-them-return-office-113102798.html,1680089462,STORY
40cbba1b-14d5-3153-be18-6f00b162a781,IT,2023-4-10,"Zacks Industry Outlook Highlights Gartner, CBIZ and Huron Consulting Group",Zacks,https://finance.yahoo.com/news/zacks-industry-outlook-highlights-gartner-111411249.html,1679310851,STORY
91016e44-b3d4-33bf-a6d5-b50f04a6c186,IT,2023-4-10,3 Stocks From the Booming Consulting Services Industry,Zacks,https://finance.yahoo.com/news/3-stocks-booming-consulting-services-152903058.html,1679066943,STORY
f6502f81-fa0a-3767-a992-0932743fb8c9,IT,2023-4-12,"The Global PC Market Is Crumbling, New Data Show. What It Means for Apple, HP, Others.",Barrons.com,https://finance.yahoo.com/m/f6502f81-fa0a-3767-a992-0932743fb8c9/the-global-pc-market-is.html,1681298100,STORY
201243bc-858a-3b7f-81a2-dee94c87a464,IT,2023-4-12,Why We Like The Returns At Gartner (NYSE:IT),Simply Wall St.,https://finance.yahoo.com/news/why-returns-gartner-nyse-100746679.html,1680775666,STORY
dd9b7b7c-cd46-318f-8877-b9010666ddda,IT,2023-4-12,Gartner Announces Gartner Security & Risk Management Summit 2023,Business Wire,https://finance.yahoo.com/news/gartner-announces-gartner-security-risk-125000605.html,1680699000,STORY
3e04316c-1717-3f5c-a157-48ce9725f8eb,IT,2023-4-12,Here's Why The Interpublic Group (IPG) Stock is a Great Pick,Zacks,https://finance.yahoo.com/news/heres-why-interpublic-group-ipg-170805308.html,1680282485,STORY
82d63802-8730-3ea3-a73a-ddf96b0a54b5,IT,2023-4-12,HCKT or IT: Which Is the Better Value Stock Right Now?,Zacks,https://finance.yahoo.com/news/hckt-better-value-stock-now-154003922.html,1680277203,STORY
0513a9c4-5ae1-334f-8254-ca0ea82c31e9,IT,2023-4-12,Should You Hold Gartner (IT)?,Insider Monkey,https://finance.yahoo.com/news/hold-gartner-130339175.html,1680267819,STORY
a8141efe-55d2-31c3-a21c-3ef79401b343,IT,2023-4-12,What employees say will get them to return the office,Fortune,https://finance.yahoo.com/news/employees-them-return-office-113102798.html,1680089462,STORY
40cbba1b-14d5-3153-be18-6f00b162a781,IT,2023-4-12,"Zacks Industry Outlook Highlights Gartner, CBIZ and Huron Consulting Group",Zacks,https://finance.yahoo.com/news/zacks-industry-outlook-highlights-gartner-111411249.html,1679310851,STORY
f6502f81-fa0a-3767-a992-0932743fb8c9,IT,2023-4-14,"The Global PC Market Is Crumbling, New Data Show. What It Means for Apple, HP, Others.",Barrons.com,https://finance.yahoo.com/m/f6502f81-fa0a-3767-a992-0932743fb8c9/the-global-pc-market-is.html,1681298100,STORY
201243bc-858a-3b7f-81a2-dee94c87a464,IT,2023-4-14,Why We Like The Returns At Gartner (NYSE:IT),Simply Wall St.,https://finance.yahoo.com/news/why-returns-gartner-nyse-100746679.html,1680775666,STORY
dd9b7b7c-cd46-318f-8877-b9010666ddda,IT,2023-4-14,Gartner Announces Gartner Security & Risk Management Summit 2023,Business Wire,https://finance.yahoo.com/news/gartner-announces-gartner-security-risk-125000605.html,1680699000,STORY
3e04316c-1717-3f5c-a157-48ce9725f8eb,IT,2023-4-14,Here's Why The Interpublic Group (IPG) Stock is a Great Pick,Zacks,https://finance.yahoo.com/news/heres-why-interpublic-group-ipg-170805308.html,1680282485,STORY
82d63802-8730-3ea3-a73a-ddf96b0a54b5,IT,2023-4-14,HCKT or IT: Which Is the Better Value Stock Right Now?,Zacks,https://finance.yahoo.com/news/hckt-better-value-stock-now-154003922.html,1680277203,STORY
0513a9c4-5ae1-334f-8254-ca0ea82c31e9,IT,2023-4-14,Should You Hold Gartner (IT)?,Insider Monkey,https://finance.yahoo.com/news/hold-gartner-130339175.html,1680267819,STORY
a8141efe-55d2-31c3-a21c-3ef79401b343,IT,2023-4-14,What employees say will get them to return the office,Fortune,https://finance.yahoo.com/news/employees-them-return-office-113102798.html,1680089462,STORY
40cbba1b-14d5-3153-be18-6f00b162a781,IT,2023-4-14,"Zacks Industry Outlook Highlights Gartner, CBIZ and Huron Consulting Group",Zacks,https://finance.yahoo.com/news/zacks-industry-outlook-highlights-gartner-111411249.html,1679310851,STORY
f6502f81-fa0a-3767-a992-0932743fb8c9,IT,2023-4-15,"The Global PC Market Is Crumbling, New Data Show. What It Means for Apple, HP, Others.",Barrons.com,https://finance.yahoo.com/m/f6502f81-fa0a-3767-a992-0932743fb8c9/the-global-pc-market-is.html,1681298100,STORY
201243bc-858a-3b7f-81a2-dee94c87a464,IT,2023-4-15,Why We Like The Returns At Gartner (NYSE:IT),Simply Wall St.,https://finance.yahoo.com/news/why-returns-gartner-nyse-100746679.html,1680775666,STORY
dd9b7b7c-cd46-318f-8877-b9010666ddda,IT,2023-4-15,Gartner Announces Gartner Security & Risk Management Summit 2023,Business Wire,https://finance.yahoo.com/news/gartner-announces-gartner-security-risk-125000605.html,1680699000,STORY
3e04316c-1717-3f5c-a157-48ce9725f8eb,IT,2023-4-15,Here's Why The Interpublic Group (IPG) Stock is a Great Pick,Zacks,https://finance.yahoo.com/news/heres-why-interpublic-group-ipg-170805308.html,1680282485,STORY
82d63802-8730-3ea3-a73a-ddf96b0a54b5,IT,2023-4-15,HCKT or IT: Which Is the Better Value Stock Right Now?,Zacks,https://finance.yahoo.com/news/hckt-better-value-stock-now-154003922.html,1680277203,STORY
0513a9c4-5ae1-334f-8254-ca0ea82c31e9,IT,2023-4-15,Should You Hold Gartner (IT)?,Insider Monkey,https://finance.yahoo.com/news/hold-gartner-130339175.html,1680267819,STORY
a8141efe-55d2-31c3-a21c-3ef79401b343,IT,2023-4-15,What employees say will get them to return the office,Fortune,https://finance.yahoo.com/news/employees-them-return-office-113102798.html,1680089462,STORY
40cbba1b-14d5-3153-be18-6f00b162a781,IT,2023-4-15,"Zacks Industry Outlook Highlights Gartner, CBIZ and Huron Consulting Group",Zacks,https://finance.yahoo.com/news/zacks-industry-outlook-highlights-gartner-111411249.html,1679310851,STORY
f6502f81-fa0a-3767-a992-0932743fb8c9,IT,2023-4-16,"The Global PC Market Is Crumbling, New Data Show. What It Means for Apple, HP, Others.",Barrons.com,https://finance.yahoo.com/m/f6502f81-fa0a-3767-a992-0932743fb8c9/the-global-pc-market-is.html,1681298100,STORY
201243bc-858a-3b7f-81a2-dee94c87a464,IT,2023-4-16,Why We Like The Returns At Gartner (NYSE:IT),Simply Wall St.,https://finance.yahoo.com/news/why-returns-gartner-nyse-100746679.html,1680775666,STORY
dd9b7b7c-cd46-318f-8877-b9010666ddda,IT,2023-4-16,Gartner Announces Gartner Security & Risk Management Summit 2023,Business Wire,https://finance.yahoo.com/news/gartner-announces-gartner-security-risk-125000605.html,1680699000,STORY
3e04316c-1717-3f5c-a157-48ce9725f8eb,IT,2023-4-16,Here's Why The Interpublic Group (IPG) Stock is a Great Pick,Zacks,https://finance.yahoo.com/news/heres-why-interpublic-group-ipg-170805308.html,1680282485,STORY
82d63802-8730-3ea3-a73a-ddf96b0a54b5,IT,2023-4-16,HCKT or IT: Which Is the Better Value Stock Right Now?,Zacks,https://finance.yahoo.com/news/hckt-better-value-stock-now-154003922.html,1680277203,STORY
0513a9c4-5ae1-334f-8254-ca0ea82c31e9,IT,2023-4-16,Should You Hold Gartner (IT)?,Insider Monkey,https://finance.yahoo.com/news/hold-gartner-130339175.html,1680267819,STORY
a8141efe-55d2-31c3-a21c-3ef79401b343,IT,2023-4-16,What employees say will get them to return the office,Fortune,https://finance.yahoo.com/news/employees-them-return-office-113102798.html,1680089462,STORY
40cbba1b-14d5-3153-be18-6f00b162a781,IT,2023-4-16,"Zacks Industry Outlook Highlights Gartner, CBIZ and Huron Consulting Group",Zacks,https://finance.yahoo.com/news/zacks-industry-outlook-highlights-gartner-111411249.html,1679310851,STORY
f6502f81-fa0a-3767-a992-0932743fb8c9,IT,2023-4-17,"The Global PC Market Is Crumbling, New Data Show. What It Means for Apple, HP, Others.",Barrons.com,https://finance.yahoo.com/m/f6502f81-fa0a-3767-a992-0932743fb8c9/the-global-pc-market-is.html,1681298100,STORY
201243bc-858a-3b7f-81a2-dee94c87a464,IT,2023-4-17,Why We Like The Returns At Gartner (NYSE:IT),Simply Wall St.,https://finance.yahoo.com/news/why-returns-gartner-nyse-100746679.html,1680775666,STORY
dd9b7b7c-cd46-318f-8877-b9010666ddda,IT,2023-4-17,Gartner Announces Gartner Security & Risk Management Summit 2023,Business Wire,https://finance.yahoo.com/news/gartner-announces-gartner-security-risk-125000605.html,1680699000,STORY
3e04316c-1717-3f5c-a157-48ce9725f8eb,IT,2023-4-17,Here's Why The Interpublic Group (IPG) Stock is a Great Pick,Zacks,https://finance.yahoo.com/news/heres-why-interpublic-group-ipg-170805308.html,1680282485,STORY
82d63802-8730-3ea3-a73a-ddf96b0a54b5,IT,2023-4-17,HCKT or IT: Which Is the Better Value Stock Right Now?,Zacks,https://finance.yahoo.com/news/hckt-better-value-stock-now-154003922.html,1680277203,STORY
0513a9c4-5ae1-334f-8254-ca0ea82c31e9,IT,2023-4-17,Should You Hold Gartner (IT)?,Insider Monkey,https://finance.yahoo.com/news/hold-gartner-130339175.html,1680267819,STORY
a8141efe-55d2-31c3-a21c-3ef79401b343,IT,2023-4-17,What employees say will get them to return the office,Fortune,https://finance.yahoo.com/news/employees-them-return-office-113102798.html,1680089462,STORY
40cbba1b-14d5-3153-be18-6f00b162a781,IT,2023-4-17,"Zacks Industry Outlook Highlights Gartner, CBIZ and Huron Consulting Group",Zacks,https://finance.yahoo.com/news/zacks-industry-outlook-highlights-gartner-111411249.html,1679310851,STORY
627ad97d-35aa-3a31-ab58-6ff25744cbcc,IT,2023-4-18,Gartner Announces Gartner Supply Chain Symposium/Xpo™ EMEA 2023,Business Wire,https://finance.yahoo.com/news/gartner-announces-gartner-supply-chain-120000486.html,1681819200,STORY
5a578261-2237-3e77-92da-b3d31fbb1a69,IT,2023-4-18,"Gartner to Report First Quarter 2023 Financial Results on May 2, 2023",Business Wire,https://finance.yahoo.com/news/gartner-report-first-quarter-2023-120000528.html,1681819200,STORY
40166d7e-21f1-3c60-88e7-82ab924a53f8,IT,2023-4-18,Should You Hold Gartner (IT) for the Long-Term Advantage?,Insider Monkey,https://finance.yahoo.com/news/hold-gartner-long-term-advantage-114255247.html,1681818175,STORY
359b8061-fd21-3ead-91c0-f26934d678b1,IT,2023-4-18,HCKT or IT: Which Is the Better Value Stock Right Now?,Zacks,https://finance.yahoo.com/news/hckt-better-value-stock-now-154003286.html,1681746003,STORY
f6502f81-fa0a-3767-a992-0932743fb8c9,IT,2023-4-18,"The Global PC Market Is Crumbling, New Data Show. What It Means for Apple, HP, Others.",Barrons.com,https://finance.yahoo.com/m/f6502f81-fa0a-3767-a992-0932743fb8c9/the-global-pc-market-is.html,1681298100,STORY
201243bc-858a-3b7f-81a2-dee94c87a464,IT,2023-4-18,Why We Like The Returns At Gartner (NYSE:IT),Simply Wall St.,https://finance.yahoo.com/news/why-returns-gartner-nyse-100746679.html,1680775666,STORY
dd9b7b7c-cd46-318f-8877-b9010666ddda,IT,2023-4-18,Gartner Announces Gartner Security & Risk Management Summit 2023,Business Wire,https://finance.yahoo.com/news/gartner-announces-gartner-security-risk-125000605.html,1680699000,STORY
3e04316c-1717-3f5c-a157-48ce9725f8eb,IT,2023-4-18,Here's Why The Interpublic Group (IPG) Stock is a Great Pick,Zacks,https://finance.yahoo.com/news/heres-why-interpublic-group-ipg-170805308.html,1680282485,STORY
627ad97d-35aa-3a31-ab58-6ff25744cbcc,IT,2023-4-21,Gartner Announces Gartner Supply Chain Symposium/Xpo™ EMEA 2023,Business Wire,https://finance.yahoo.com/news/gartner-announces-gartner-supply-chain-120000486.html,1681819200,STORY
5a578261-2237-3e77-92da-b3d31fbb1a69,IT,2023-4-21,"Gartner to Report First Quarter 2023 Financial Results on May 2, 2023",Business Wire,https://finance.yahoo.com/news/gartner-report-first-quarter-2023-120000528.html,1681819200,STORY
40166d7e-21f1-3c60-88e7-82ab924a53f8,IT,2023-4-21,Should You Hold Gartner (IT) for the Long-Term Advantage?,Insider Monkey,https://finance.yahoo.com/news/hold-gartner-long-term-advantage-114255247.html,1681818175,STORY
359b8061-fd21-3ead-91c0-f26934d678b1,IT,2023-4-21,HCKT or IT: Which Is the Better Value Stock Right Now?,Zacks,https://finance.yahoo.com/news/hckt-better-value-stock-now-154003286.html,1681746003,STORY
f6502f81-fa0a-3767-a992-0932743fb8c9,IT,2023-4-21,"The Global PC Market Is Crumbling, New Data Show. What It Means for Apple, HP, Others.",Barrons.com,https://finance.yahoo.com/m/f6502f81-fa0a-3767-a992-0932743fb8c9/the-global-pc-market-is.html,1681298100,STORY
201243bc-858a-3b7f-81a2-dee94c87a464,IT,2023-4-21,Why We Like The Returns At Gartner (NYSE:IT),Simply Wall St.,https://finance.yahoo.com/news/why-returns-gartner-nyse-100746679.html,1680775666,STORY
dd9b7b7c-cd46-318f-8877-b9010666ddda,IT,2023-4-21,Gartner Announces Gartner Security & Risk Management Summit 2023,Business Wire,https://finance.yahoo.com/news/gartner-announces-gartner-security-risk-125000605.html,1680699000,STORY
3e04316c-1717-3f5c-a157-48ce9725f8eb,IT,2023-4-21,Here's Why The Interpublic Group (IPG) Stock is a Great Pick,Zacks,https://finance.yahoo.com/news/heres-why-interpublic-group-ipg-170805308.html,1680282485,STORY
627ad97d-35aa-3a31-ab58-6ff25744cbcc,IT,2023-4-22,Gartner Announces Gartner Supply Chain Symposium/Xpo™ EMEA 2023,Business Wire,https://finance.yahoo.com/news/gartner-announces-gartner-supply-chain-120000486.html,1681819200,STORY
5a578261-2237-3e77-92da-b3d31fbb1a69,IT,2023-4-22,"Gartner to Report First Quarter 2023 Financial Results on May 2, 2023",Business Wire,https://finance.yahoo.com/news/gartner-report-first-quarter-2023-120000528.html,1681819200,STORY
40166d7e-21f1-3c60-88e7-82ab924a53f8,IT,2023-4-22,Should You Hold Gartner (IT) for the Long-Term Advantage?,Insider Monkey,https://finance.yahoo.com/news/hold-gartner-long-term-advantage-114255247.html,1681818175,STORY
359b8061-fd21-3ead-91c0-f26934d678b1,IT,2023-4-22,HCKT or IT: Which Is the Better Value Stock Right Now?,Zacks,https://finance.yahoo.com/news/hckt-better-value-stock-now-154003286.html,1681746003,STORY
f6502f81-fa0a-3767-a992-0932743fb8c9,IT,2023-4-22,"The Global PC Market Is Crumbling, New Data Show. What It Means for Apple, HP, Others.",Barrons.com,https://finance.yahoo.com/m/f6502f81-fa0a-3767-a992-0932743fb8c9/the-global-pc-market-is.html,1681298100,STORY
201243bc-858a-3b7f-81a2-dee94c87a464,IT,2023-4-22,Why We Like The Returns At Gartner (NYSE:IT),Simply Wall St.,https://finance.yahoo.com/news/why-returns-gartner-nyse-100746679.html,1680775666,STORY
dd9b7b7c-cd46-318f-8877-b9010666ddda,IT,2023-4-22,Gartner Announces Gartner Security & Risk Management Summit 2023,Business Wire,https://finance.yahoo.com/news/gartner-announces-gartner-security-risk-125000605.html,1680699000,STORY
3e04316c-1717-3f5c-a157-48ce9725f8eb,IT,2023-4-22,Here's Why The Interpublic Group (IPG) Stock is a Great Pick,Zacks,https://finance.yahoo.com/news/heres-why-interpublic-group-ipg-170805308.html,1680282485,STORY
627ad97d-35aa-3a31-ab58-6ff25744cbcc,IT,2023-4-24,Gartner Announces Gartner Supply Chain Symposium/Xpo™ EMEA 2023,Business Wire,https://finance.yahoo.com/news/gartner-announces-gartner-supply-chain-120000486.html,1681819200,STORY
5a578261-2237-3e77-92da-b3d31fbb1a69,IT,2023-4-24,"Gartner to Report First Quarter 2023 Financial Results on May 2, 2023",Business Wire,https://finance.yahoo.com/news/gartner-report-first-quarter-2023-120000528.html,1681819200,STORY
40166d7e-21f1-3c60-88e7-82ab924a53f8,IT,2023-4-24,Should You Hold Gartner (IT) for the Long-Term Advantage?,Insider Monkey,https://finance.yahoo.com/news/hold-gartner-long-term-advantage-114255247.html,1681818175,STORY
359b8061-fd21-3ead-91c0-f26934d678b1,IT,2023-4-24,HCKT or IT: Which Is the Better Value Stock Right Now?,Zacks,https://finance.yahoo.com/news/hckt-better-value-stock-now-154003286.html,1681746003,STORY
f6502f81-fa0a-3767-a992-0932743fb8c9,IT,2023-4-24,"The Global PC Market Is Crumbling, New Data Show. What It Means for Apple, HP, Others.",Barrons.com,https://finance.yahoo.com/m/f6502f81-fa0a-3767-a992-0932743fb8c9/the-global-pc-market-is.html,1681298100,STORY
201243bc-858a-3b7f-81a2-dee94c87a464,IT,2023-4-24,Why We Like The Returns At Gartner (NYSE:IT),Simply Wall St.,https://finance.yahoo.com/news/why-returns-gartner-nyse-100746679.html,1680775666,STORY
dd9b7b7c-cd46-318f-8877-b9010666ddda,IT,2023-4-24,Gartner Announces Gartner Security & Risk Management Summit 2023,Business Wire,https://finance.yahoo.com/news/gartner-announces-gartner-security-risk-125000605.html,1680699000,STORY
3e04316c-1717-3f5c-a157-48ce9725f8eb,IT,2023-4-24,Here's Why The Interpublic Group (IPG) Stock is a Great Pick,Zacks,https://finance.yahoo.com/news/heres-why-interpublic-group-ipg-170805308.html,1680282485,STORY
f537452c-f726-305d-b8be-5ae25774951c,IT,2023-4-26,Earnings Preview: Gartner (IT) Q1 Earnings Expected to Decline,Zacks,https://finance.yahoo.com/news/earnings-preview-gartner-q1-earnings-140102224.html,1682431262,STORY
627ad97d-35aa-3a31-ab58-6ff25744cbcc,IT,2023-4-26,Gartner Announces Gartner Supply Chain Symposium/Xpo™ EMEA 2023,Business Wire,https://finance.yahoo.com/news/gartner-announces-gartner-supply-chain-120000486.html,1681819200,STORY
5a578261-2237-3e77-92da-b3d31fbb1a69,IT,2023-4-26,"Gartner to Report First Quarter 2023 Financial Results on May 2, 2023",Business Wire,https://finance.yahoo.com/news/gartner-report-first-quarter-2023-120000528.html,1681819200,STORY
40166d7e-21f1-3c60-88e7-82ab924a53f8,IT,2023-4-26,Should You Hold Gartner (IT) for the Long-Term Advantage?,Insider Monkey,https://finance.yahoo.com/news/hold-gartner-long-term-advantage-114255247.html,1681818175,STORY
359b8061-fd21-3ead-91c0-f26934d678b1,IT,2023-4-26,HCKT or IT: Which Is the Better Value Stock Right Now?,Zacks,https://finance.yahoo.com/news/hckt-better-value-stock-now-154003286.html,1681746003,STORY
f6502f81-fa0a-3767-a992-0932743fb8c9,IT,2023-4-26,"The Global PC Market Is Crumbling, New Data Show. What It Means for Apple, HP, Others.",Barrons.com,https://finance.yahoo.com/m/f6502f81-fa0a-3767-a992-0932743fb8c9/the-global-pc-market-is.html,1681298100,STORY
201243bc-858a-3b7f-81a2-dee94c87a464,IT,2023-4-26,Why We Like The Returns At Gartner (NYSE:IT),Simply Wall St.,https://finance.yahoo.com/news/why-returns-gartner-nyse-100746679.html,1680775666,STORY
dd9b7b7c-cd46-318f-8877-b9010666ddda,IT,2023-4-26,Gartner Announces Gartner Security & Risk Management Summit 2023,Business Wire,https://finance.yahoo.com/news/gartner-announces-gartner-security-risk-125000605.html,1680699000,STORY
f537452c-f726-305d-b8be-5ae25774951c,IT,2023-4-27,Earnings Preview: Gartner (IT) Q1 Earnings Expected to Decline,Zacks,https://finance.yahoo.com/news/earnings-preview-gartner-q1-earnings-140102224.html,1682431262,STORY
627ad97d-35aa-3a31-ab58-6ff25744cbcc,IT,2023-4-27,Gartner Announces Gartner Supply Chain Symposium/Xpo™ EMEA 2023,Business Wire,https://finance.yahoo.com/news/gartner-announces-gartner-supply-chain-120000486.html,1681819200,STORY
5a578261-2237-3e77-92da-b3d31fbb1a69,IT,2023-4-27,"Gartner to Report First Quarter 2023 Financial Results on May 2, 2023",Business Wire,https://finance.yahoo.com/news/gartner-report-first-quarter-2023-120000528.html,1681819200,STORY
40166d7e-21f1-3c60-88e7-82ab924a53f8,IT,2023-4-27,Should You Hold Gartner (IT) for the Long-Term Advantage?,Insider Monkey,https://finance.yahoo.com/news/hold-gartner-long-term-advantage-114255247.html,1681818175,STORY
359b8061-fd21-3ead-91c0-f26934d678b1,IT,2023-4-27,HCKT or IT: Which Is the Better Value Stock Right Now?,Zacks,https://finance.yahoo.com/news/hckt-better-value-stock-now-154003286.html,1681746003,STORY
f6502f81-fa0a-3767-a992-0932743fb8c9,IT,2023-4-27,"The Global PC Market Is Crumbling, New Data Show. What It Means for Apple, HP, Others.",Barrons.com,https://finance.yahoo.com/m/f6502f81-fa0a-3767-a992-0932743fb8c9/the-global-pc-market-is.html,1681298100,STORY
201243bc-858a-3b7f-81a2-dee94c87a464,IT,2023-4-27,Why We Like The Returns At Gartner (NYSE:IT),Simply Wall St.,https://finance.yahoo.com/news/why-returns-gartner-nyse-100746679.html,1680775666,STORY
dd9b7b7c-cd46-318f-8877-b9010666ddda,IT,2023-4-27,Gartner Announces Gartner Security & Risk Management Summit 2023,Business Wire,https://finance.yahoo.com/news/gartner-announces-gartner-security-risk-125000605.html,1680699000,STORY
1396328f-4317-3da1-8e22-11119be93441,IT,2023-4-28,CRA International (CRAI) Expected to Beat Earnings Estimates: Can the Stock Move Higher?,Zacks,https://finance.yahoo.com/news/cra-international-crai-expected-beat-140202410.html,1682604122,STORY
0409243e-c2ba-39eb-8123-914e14411ce2,IT,2023-4-28,IT: Lowering target price to $309.00,Argus Research,https://finance.yahoo.com/m/0409243e-c2ba-39eb-8123-914e14411ce2/it%3A-lowering-target-price-to.html,1682553600,STORY
f537452c-f726-305d-b8be-5ae25774951c,IT,2023-4-28,Earnings Preview: Gartner (IT) Q1 Earnings Expected to Decline,Zacks,https://finance.yahoo.com/news/earnings-preview-gartner-q1-earnings-140102224.html,1682431262,STORY
627ad97d-35aa-3a31-ab58-6ff25744cbcc,IT,2023-4-28,Gartner Announces Gartner Supply Chain Symposium/Xpo™ EMEA 2023,Business Wire,https://finance.yahoo.com/news/gartner-announces-gartner-supply-chain-120000486.html,1681819200,STORY
5a578261-2237-3e77-92da-b3d31fbb1a69,IT,2023-4-28,"Gartner to Report First Quarter 2023 Financial Results on May 2, 2023",Business Wire,https://finance.yahoo.com/news/gartner-report-first-quarter-2023-120000528.html,1681819200,STORY
40166d7e-21f1-3c60-88e7-82ab924a53f8,IT,2023-4-28,Should You Hold Gartner (IT) for the Long-Term Advantage?,Insider Monkey,https://finance.yahoo.com/news/hold-gartner-long-term-advantage-114255247.html,1681818175,STORY
359b8061-fd21-3ead-91c0-f26934d678b1,IT,2023-4-28,HCKT or IT: Which Is the Better Value Stock Right Now?,Zacks,https://finance.yahoo.com/news/hckt-better-value-stock-now-154003286.html,1681746003,STORY
f6502f81-fa0a-3767-a992-0932743fb8c9,IT,2023-4-28,"The Global PC Market Is Crumbling, New Data Show. What It Means for Apple, HP, Others.",Barrons.com,https://finance.yahoo.com/m/f6502f81-fa0a-3767-a992-0932743fb8c9/the-global-pc-market-is.html,1681298100,STORY
1396328f-4317-3da1-8e22-11119be93441,IT,2023-4-29,CRA International (CRAI) Expected to Beat Earnings Estimates: Can the Stock Move Higher?,Zacks,https://finance.yahoo.com/news/cra-international-crai-expected-beat-140202410.html,1682604122,STORY
f537452c-f726-305d-b8be-5ae25774951c,IT,2023-4-29,Earnings Preview: Gartner (IT) Q1 Earnings Expected to Decline,Zacks,https://finance.yahoo.com/news/earnings-preview-gartner-q1-earnings-140102224.html,1682431262,STORY
627ad97d-35aa-3a31-ab58-6ff25744cbcc,IT,2023-4-29,Gartner Announces Gartner Supply Chain Symposium/Xpo™ EMEA 2023,Business Wire,https://finance.yahoo.com/news/gartner-announces-gartner-supply-chain-120000486.html,1681819200,STORY
5a578261-2237-3e77-92da-b3d31fbb1a69,IT,2023-4-29,"Gartner to Report First Quarter 2023 Financial Results on May 2, 2023",Business Wire,https://finance.yahoo.com/news/gartner-report-first-quarter-2023-120000528.html,1681819200,STORY
40166d7e-21f1-3c60-88e7-82ab924a53f8,IT,2023-4-29,Should You Hold Gartner (IT) for the Long-Term Advantage?,Insider Monkey,https://finance.yahoo.com/news/hold-gartner-long-term-advantage-114255247.html,1681818175,STORY
359b8061-fd21-3ead-91c0-f26934d678b1,IT,2023-4-29,HCKT or IT: Which Is the Better Value Stock Right Now?,Zacks,https://finance.yahoo.com/news/hckt-better-value-stock-now-154003286.html,1681746003,STORY
f6502f81-fa0a-3767-a992-0932743fb8c9,IT,2023-4-29,"The Global PC Market Is Crumbling, New Data Show. What It Means for Apple, HP, Others.",Barrons.com,https://finance.yahoo.com/m/f6502f81-fa0a-3767-a992-0932743fb8c9/the-global-pc-market-is.html,1681298100,STORY
201243bc-858a-3b7f-81a2-dee94c87a464,IT,2023-4-29,Why We Like The Returns At Gartner (NYSE:IT),Simply Wall St.,https://finance.yahoo.com/news/why-returns-gartner-nyse-100746679.html,1680775666,STORY
1396328f-4317-3da1-8e22-11119be93441,IT,2023-4-30,CRA International (CRAI) Expected to Beat Earnings Estimates: Can the Stock Move Higher?,Zacks,https://finance.yahoo.com/news/cra-international-crai-expected-beat-140202410.html,1682604122,STORY
f537452c-f726-305d-b8be-5ae25774951c,IT,2023-4-30,Earnings Preview: Gartner (IT) Q1 Earnings Expected to Decline,Zacks,https://finance.yahoo.com/news/earnings-preview-gartner-q1-earnings-140102224.html,1682431262,STORY
627ad97d-35aa-3a31-ab58-6ff25744cbcc,IT,2023-4-30,Gartner Announces Gartner Supply Chain Symposium/Xpo™ EMEA 2023,Business Wire,https://finance.yahoo.com/news/gartner-announces-gartner-supply-chain-120000486.html,1681819200,STORY
5a578261-2237-3e77-92da-b3d31fbb1a69,IT,2023-4-30,"Gartner to Report First Quarter 2023 Financial Results on May 2, 2023",Business Wire,https://finance.yahoo.com/news/gartner-report-first-quarter-2023-120000528.html,1681819200,STORY
40166d7e-21f1-3c60-88e7-82ab924a53f8,IT,2023-4-30,Should You Hold Gartner (IT) for the Long-Term Advantage?,Insider Monkey,https://finance.yahoo.com/news/hold-gartner-long-term-advantage-114255247.html,1681818175,STORY
359b8061-fd21-3ead-91c0-f26934d678b1,IT,2023-4-30,HCKT or IT: Which Is the Better Value Stock Right Now?,Zacks,https://finance.yahoo.com/news/hckt-better-value-stock-now-154003286.html,1681746003,STORY
f6502f81-fa0a-3767-a992-0932743fb8c9,IT,2023-4-30,"The Global PC Market Is Crumbling, New Data Show. What It Means for Apple, HP, Others.",Barrons.com,https://finance.yahoo.com/m/f6502f81-fa0a-3767-a992-0932743fb8c9/the-global-pc-market-is.html,1681298100,STORY
201243bc-858a-3b7f-81a2-dee94c87a464,IT,2023-4-30,Why We Like The Returns At Gartner (NYSE:IT),Simply Wall St.,https://finance.yahoo.com/news/why-returns-gartner-nyse-100746679.html,1680775666,STORY
2e00c9e8-d96b-37ac-936d-889a8de984df,IT,2023-5-2,Is Gartner (IT) in a Good Position Now?,Insider Monkey,https://finance.yahoo.com/news/gartner-good-position-now-103411504.html,1683023651,STORY
edf920c6-5e3f-35d0-8889-490416a33ce0,IT,2023-5-2,Gartner Reports First Quarter 2023 Financial Results,Business Wire,https://finance.yahoo.com/news/gartner-reports-first-quarter-2023-100000261.html,1683021600,STORY
1396328f-4317-3da1-8e22-11119be93441,IT,2023-5-2,CRA International (CRAI) Expected to Beat Earnings Estimates: Can the Stock Move Higher?,Zacks,https://finance.yahoo.com/news/cra-international-crai-expected-beat-140202410.html,1682604122,STORY
f537452c-f726-305d-b8be-5ae25774951c,IT,2023-5-2,Earnings Preview: Gartner (IT) Q1 Earnings Expected to Decline,Zacks,https://finance.yahoo.com/news/earnings-preview-gartner-q1-earnings-140102224.html,1682431262,STORY
627ad97d-35aa-3a31-ab58-6ff25744cbcc,IT,2023-5-2,Gartner Announces Gartner Supply Chain Symposium/Xpo™ EMEA 2023,Business Wire,https://finance.yahoo.com/news/gartner-announces-gartner-supply-chain-120000486.html,1681819200,STORY
5a578261-2237-3e77-92da-b3d31fbb1a69,IT,2023-5-2,"Gartner to Report First Quarter 2023 Financial Results on May 2, 2023",Business Wire,https://finance.yahoo.com/news/gartner-report-first-quarter-2023-120000528.html,1681819200,STORY
40166d7e-21f1-3c60-88e7-82ab924a53f8,IT,2023-5-2,Should You Hold Gartner (IT) for the Long-Term Advantage?,Insider Monkey,https://finance.yahoo.com/news/hold-gartner-long-term-advantage-114255247.html,1681818175,STORY
359b8061-fd21-3ead-91c0-f26934d678b1,IT,2023-5-2,HCKT or IT: Which Is the Better Value Stock Right Now?,Zacks,https://finance.yahoo.com/news/hckt-better-value-stock-now-154003286.html,1681746003,STORY
feab8913-9ffb-388b-8fd1-91cf54ab2f84,IT,2023-5-6,"Is Now An Opportune Moment To Examine Gartner, Inc. (NYSE:IT)?",Simply Wall St.,https://finance.yahoo.com/news/now-opportune-moment-examine-gartner-170715225.html,1683133635,STORY
6731e00c-c240-3b94-bdee-c957b01eb258,IT,2023-5-6,Q1 2023 Gartner Inc Earnings Call,Thomson Reuters StreetEvents,https://finance.yahoo.com/news/q1-2023-gartner-inc-earnings-031900652.html,1683083940,STORY
ace77350-f502-32fa-807f-0b39367d255b,IT,2023-5-6,Gartner (IT) Q1 Earnings and Revenues Surpass Estimates,Zacks,https://finance.yahoo.com/news/gartner-q1-earnings-revenues-surpass-162004173.html,1683044404,STORY
75b65718-0b57-3ff3-957f-e4b6e24f6202,IT,2023-5-6,Gartner (IT) Beats Q1 Earnings and Revenue Estimates,Zacks,https://finance.yahoo.com/news/gartner-beats-q1-earnings-revenue-112511478.html,1683026711,STORY
2e00c9e8-d96b-37ac-936d-889a8de984df,IT,2023-5-6,Is Gartner (IT) in a Good Position Now?,Insider Monkey,https://finance.yahoo.com/news/gartner-good-position-now-103411504.html,1683023651,STORY
edf920c6-5e3f-35d0-8889-490416a33ce0,IT,2023-5-6,Gartner Reports First Quarter 2023 Financial Results,Business Wire,https://finance.yahoo.com/news/gartner-reports-first-quarter-2023-100000261.html,1683021600,STORY
1396328f-4317-3da1-8e22-11119be93441,IT,2023-5-6,CRA International (CRAI) Expected to Beat Earnings Estimates: Can the Stock Move Higher?,Zacks,https://finance.yahoo.com/news/cra-international-crai-expected-beat-140202410.html,1682604122,STORY
f537452c-f726-305d-b8be-5ae25774951c,IT,2023-5-6,Earnings Preview: Gartner (IT) Q1 Earnings Expected to Decline,Zacks,https://finance.yahoo.com/news/earnings-preview-gartner-q1-earnings-140102224.html,1682431262,STORY
feab8913-9ffb-388b-8fd1-91cf54ab2f84,IT,2023-5-7,"Is Now An Opportune Moment To Examine Gartner, Inc. (NYSE:IT)?",Simply Wall St.,https://finance.yahoo.com/news/now-opportune-moment-examine-gartner-170715225.html,1683133635,STORY
6731e00c-c240-3b94-bdee-c957b01eb258,IT,2023-5-7,Q1 2023 Gartner Inc Earnings Call,Thomson Reuters StreetEvents,https://finance.yahoo.com/news/q1-2023-gartner-inc-earnings-031900652.html,1683083940,STORY
ace77350-f502-32fa-807f-0b39367d255b,IT,2023-5-7,Gartner (IT) Q1 Earnings and Revenues Surpass Estimates,Zacks,https://finance.yahoo.com/news/gartner-q1-earnings-revenues-surpass-162004173.html,1683044404,STORY
75b65718-0b57-3ff3-957f-e4b6e24f6202,IT,2023-5-7,Gartner (IT) Beats Q1 Earnings and Revenue Estimates,Zacks,https://finance.yahoo.com/news/gartner-beats-q1-earnings-revenue-112511478.html,1683026711,STORY
2e00c9e8-d96b-37ac-936d-889a8de984df,IT,2023-5-7,Is Gartner (IT) in a Good Position Now?,Insider Monkey,https://finance.yahoo.com/news/gartner-good-position-now-103411504.html,1683023651,STORY
edf920c6-5e3f-35d0-8889-490416a33ce0,IT,2023-5-7,Gartner Reports First Quarter 2023 Financial Results,Business Wire,https://finance.yahoo.com/news/gartner-reports-first-quarter-2023-100000261.html,1683021600,STORY
1396328f-4317-3da1-8e22-11119be93441,IT,2023-5-7,CRA International (CRAI) Expected to Beat Earnings Estimates: Can the Stock Move Higher?,Zacks,https://finance.yahoo.com/news/cra-international-crai-expected-beat-140202410.html,1682604122,STORY
f537452c-f726-305d-b8be-5ae25774951c,IT,2023-5-7,Earnings Preview: Gartner (IT) Q1 Earnings Expected to Decline,Zacks,https://finance.yahoo.com/news/earnings-preview-gartner-q1-earnings-140102224.html,1682431262,STORY
feab8913-9ffb-388b-8fd1-91cf54ab2f84,IT,2023-5-8,"Is Now An Opportune Moment To Examine Gartner, Inc. (NYSE:IT)?",Simply Wall St.,https://finance.yahoo.com/news/now-opportune-moment-examine-gartner-170715225.html,1683133635,STORY
6731e00c-c240-3b94-bdee-c957b01eb258,IT,2023-5-8,Q1 2023 Gartner Inc Earnings Call,Thomson Reuters StreetEvents,https://finance.yahoo.com/news/q1-2023-gartner-inc-earnings-031900652.html,1683083940,STORY
ace77350-f502-32fa-807f-0b39367d255b,IT,2023-5-8,Gartner (IT) Q1 Earnings and Revenues Surpass Estimates,Zacks,https://finance.yahoo.com/news/gartner-q1-earnings-revenues-surpass-162004173.html,1683044404,STORY
75b65718-0b57-3ff3-957f-e4b6e24f6202,IT,2023-5-8,Gartner (IT) Beats Q1 Earnings and Revenue Estimates,Zacks,https://finance.yahoo.com/news/gartner-beats-q1-earnings-revenue-112511478.html,1683026711,STORY
2e00c9e8-d96b-37ac-936d-889a8de984df,IT,2023-5-8,Is Gartner (IT) in a Good Position Now?,Insider Monkey,https://finance.yahoo.com/news/gartner-good-position-now-103411504.html,1683023651,STORY
edf920c6-5e3f-35d0-8889-490416a33ce0,IT,2023-5-8,Gartner Reports First Quarter 2023 Financial Results,Business Wire,https://finance.yahoo.com/news/gartner-reports-first-quarter-2023-100000261.html,1683021600,STORY
1396328f-4317-3da1-8e22-11119be93441,IT,2023-5-8,CRA International (CRAI) Expected to Beat Earnings Estimates: Can the Stock Move Higher?,Zacks,https://finance.yahoo.com/news/cra-international-crai-expected-beat-140202410.html,1682604122,STORY
f537452c-f726-305d-b8be-5ae25774951c,IT,2023-5-8,Earnings Preview: Gartner (IT) Q1 Earnings Expected to Decline,Zacks,https://finance.yahoo.com/news/earnings-preview-gartner-q1-earnings-140102224.html,1682431262,STORY
feab8913-9ffb-388b-8fd1-91cf54ab2f84,IT,2023-5-9,"Is Now An Opportune Moment To Examine Gartner, Inc. (NYSE:IT)?",Simply Wall St.,https://finance.yahoo.com/news/now-opportune-moment-examine-gartner-170715225.html,1683133635,STORY
6731e00c-c240-3b94-bdee-c957b01eb258,IT,2023-5-9,Q1 2023 Gartner Inc Earnings Call,Thomson Reuters StreetEvents,https://finance.yahoo.com/news/q1-2023-gartner-inc-earnings-031900652.html,1683083940,STORY
ace77350-f502-32fa-807f-0b39367d255b,IT,2023-5-9,Gartner (IT) Q1 Earnings and Revenues Surpass Estimates,Zacks,https://finance.yahoo.com/news/gartner-q1-earnings-revenues-surpass-162004173.html,1683044404,STORY
75b65718-0b57-3ff3-957f-e4b6e24f6202,IT,2023-5-9,Gartner (IT) Beats Q1 Earnings and Revenue Estimates,Zacks,https://finance.yahoo.com/news/gartner-beats-q1-earnings-revenue-112511478.html,1683026711,STORY
2e00c9e8-d96b-37ac-936d-889a8de984df,IT,2023-5-9,Is Gartner (IT) in a Good Position Now?,Insider Monkey,https://finance.yahoo.com/news/gartner-good-position-now-103411504.html,1683023651,STORY
edf920c6-5e3f-35d0-8889-490416a33ce0,IT,2023-5-9,Gartner Reports First Quarter 2023 Financial Results,Business Wire,https://finance.yahoo.com/news/gartner-reports-first-quarter-2023-100000261.html,1683021600,STORY
1396328f-4317-3da1-8e22-11119be93441,IT,2023-5-9,CRA International (CRAI) Expected to Beat Earnings Estimates: Can the Stock Move Higher?,Zacks,https://finance.yahoo.com/news/cra-international-crai-expected-beat-140202410.html,1682604122,STORY
f537452c-f726-305d-b8be-5ae25774951c,IT,2023-5-9,Earnings Preview: Gartner (IT) Q1 Earnings Expected to Decline,Zacks,https://finance.yahoo.com/news/earnings-preview-gartner-q1-earnings-140102224.html,1682431262,STORY
f9dc1014-8423-3582-a7c1-e9b1760787c9,IT,2023-5-10,‘Quiet quit’ product of disengaged supply chain workforce,FreightWaves,https://finance.yahoo.com/news/quiet-quit-product-disengaged-supply-134716753.html,1683640036,STORY
feab8913-9ffb-388b-8fd1-91cf54ab2f84,IT,2023-5-10,"Is Now An Opportune Moment To Examine Gartner, Inc. (NYSE:IT)?",Simply Wall St.,https://finance.yahoo.com/news/now-opportune-moment-examine-gartner-170715225.html,1683133635,STORY
6731e00c-c240-3b94-bdee-c957b01eb258,IT,2023-5-10,Q1 2023 Gartner Inc Earnings Call,Thomson Reuters StreetEvents,https://finance.yahoo.com/news/q1-2023-gartner-inc-earnings-031900652.html,1683083940,STORY
ace77350-f502-32fa-807f-0b39367d255b,IT,2023-5-10,Gartner (IT) Q1 Earnings and Revenues Surpass Estimates,Zacks,https://finance.yahoo.com/news/gartner-q1-earnings-revenues-surpass-162004173.html,1683044404,STORY
75b65718-0b57-3ff3-957f-e4b6e24f6202,IT,2023-5-10,Gartner (IT) Beats Q1 Earnings and Revenue Estimates,Zacks,https://finance.yahoo.com/news/gartner-beats-q1-earnings-revenue-112511478.html,1683026711,STORY
2e00c9e8-d96b-37ac-936d-889a8de984df,IT,2023-5-10,Is Gartner (IT) in a Good Position Now?,Insider Monkey,https://finance.yahoo.com/news/gartner-good-position-now-103411504.html,1683023651,STORY
edf920c6-5e3f-35d0-8889-490416a33ce0,IT,2023-5-10,Gartner Reports First Quarter 2023 Financial Results,Business Wire,https://finance.yahoo.com/news/gartner-reports-first-quarter-2023-100000261.html,1683021600,STORY
1396328f-4317-3da1-8e22-11119be93441,IT,2023-5-10,CRA International (CRAI) Expected to Beat Earnings Estimates: Can the Stock Move Higher?,Zacks,https://finance.yahoo.com/news/cra-international-crai-expected-beat-140202410.html,1682604122,STORY
f9dc1014-8423-3582-a7c1-e9b1760787c9,IT,2023-5-11,‘Quiet quit’ product of disengaged supply chain workforce,FreightWaves,https://finance.yahoo.com/news/quiet-quit-product-disengaged-supply-134716753.html,1683640036,STORY
feab8913-9ffb-388b-8fd1-91cf54ab2f84,IT,2023-5-11,"Is Now An Opportune Moment To Examine Gartner, Inc. (NYSE:IT)?",Simply Wall St.,https://finance.yahoo.com/news/now-opportune-moment-examine-gartner-170715225.html,1683133635,STORY
6731e00c-c240-3b94-bdee-c957b01eb258,IT,2023-5-11,Q1 2023 Gartner Inc Earnings Call,Thomson Reuters StreetEvents,https://finance.yahoo.com/news/q1-2023-gartner-inc-earnings-031900652.html,1683083940,STORY
ace77350-f502-32fa-807f-0b39367d255b,IT,2023-5-11,Gartner (IT) Q1 Earnings and Revenues Surpass Estimates,Zacks,https://finance.yahoo.com/news/gartner-q1-earnings-revenues-surpass-162004173.html,1683044404,STORY
75b65718-0b57-3ff3-957f-e4b6e24f6202,IT,2023-5-11,Gartner (IT) Beats Q1 Earnings and Revenue Estimates,Zacks,https://finance.yahoo.com/news/gartner-beats-q1-earnings-revenue-112511478.html,1683026711,STORY
2e00c9e8-d96b-37ac-936d-889a8de984df,IT,2023-5-11,Is Gartner (IT) in a Good Position Now?,Insider Monkey,https://finance.yahoo.com/news/gartner-good-position-now-103411504.html,1683023651,STORY
edf920c6-5e3f-35d0-8889-490416a33ce0,IT,2023-5-11,Gartner Reports First Quarter 2023 Financial Results,Business Wire,https://finance.yahoo.com/news/gartner-reports-first-quarter-2023-100000261.html,1683021600,STORY
1396328f-4317-3da1-8e22-11119be93441,IT,2023-5-11,CRA International (CRAI) Expected to Beat Earnings Estimates: Can the Stock Move Higher?,Zacks,https://finance.yahoo.com/news/cra-international-crai-expected-beat-140202410.html,1682604122,STORY
29e1c6b1-514b-35c1-927b-dd2a8cb53ef3,IT,2023-5-12,When Will PC Sales Recover? And Which Stocks Are Most Counting On A Rebound?,Investor's Business Daily,https://finance.yahoo.com/m/29e1c6b1-514b-35c1-927b-dd2a8cb53ef3/when-will-pc-sales-recover%3F.html,1683892831,STORY
284c01eb-be41-3db6-8148-144b45a5a880,IT,2023-5-12,12 Best Information Technology Services Stocks to Buy,Insider Monkey,https://finance.yahoo.com/news/12-best-information-technology-services-134510190.html,1683812710,STORY
f9dc1014-8423-3582-a7c1-e9b1760787c9,IT,2023-5-12,‘Quiet quit’ product of disengaged supply chain workforce,FreightWaves,https://finance.yahoo.com/news/quiet-quit-product-disengaged-supply-134716753.html,1683640036,STORY
feab8913-9ffb-388b-8fd1-91cf54ab2f84,IT,2023-5-12,"Is Now An Opportune Moment To Examine Gartner, Inc. (NYSE:IT)?",Simply Wall St.,https://finance.yahoo.com/news/now-opportune-moment-examine-gartner-170715225.html,1683133635,STORY
6731e00c-c240-3b94-bdee-c957b01eb258,IT,2023-5-12,Q1 2023 Gartner Inc Earnings Call,Thomson Reuters StreetEvents,https://finance.yahoo.com/news/q1-2023-gartner-inc-earnings-031900652.html,1683083940,STORY
ace77350-f502-32fa-807f-0b39367d255b,IT,2023-5-12,Gartner (IT) Q1 Earnings and Revenues Surpass Estimates,Zacks,https://finance.yahoo.com/news/gartner-q1-earnings-revenues-surpass-162004173.html,1683044404,STORY
75b65718-0b57-3ff3-957f-e4b6e24f6202,IT,2023-5-12,Gartner (IT) Beats Q1 Earnings and Revenue Estimates,Zacks,https://finance.yahoo.com/news/gartner-beats-q1-earnings-revenue-112511478.html,1683026711,STORY
2e00c9e8-d96b-37ac-936d-889a8de984df,IT,2023-5-12,Is Gartner (IT) in a Good Position Now?,Insider Monkey,https://finance.yahoo.com/news/gartner-good-position-now-103411504.html,1683023651,STORY
29e1c6b1-514b-35c1-927b-dd2a8cb53ef3,IT,2023-5-13,When Will PC Sales Recover? And Which Stocks Are Most Counting On A Rebound?,Investor's Business Daily,https://finance.yahoo.com/m/29e1c6b1-514b-35c1-927b-dd2a8cb53ef3/when-will-pc-sales-recover%3F.html,1683892831,STORY
284c01eb-be41-3db6-8148-144b45a5a880,IT,2023-5-13,12 Best Information Technology Services Stocks to Buy,Insider Monkey,https://finance.yahoo.com/news/12-best-information-technology-services-134510190.html,1683812710,STORY
f9dc1014-8423-3582-a7c1-e9b1760787c9,IT,2023-5-13,‘Quiet quit’ product of disengaged supply chain workforce,FreightWaves,https://finance.yahoo.com/news/quiet-quit-product-disengaged-supply-134716753.html,1683640036,STORY
feab8913-9ffb-388b-8fd1-91cf54ab2f84,IT,2023-5-13,"Is Now An Opportune Moment To Examine Gartner, Inc. (NYSE:IT)?",Simply Wall St.,https://finance.yahoo.com/news/now-opportune-moment-examine-gartner-170715225.html,1683133635,STORY
6731e00c-c240-3b94-bdee-c957b01eb258,IT,2023-5-13,Q1 2023 Gartner Inc Earnings Call,Thomson Reuters StreetEvents,https://finance.yahoo.com/news/q1-2023-gartner-inc-earnings-031900652.html,1683083940,STORY
ace77350-f502-32fa-807f-0b39367d255b,IT,2023-5-13,Gartner (IT) Q1 Earnings and Revenues Surpass Estimates,Zacks,https://finance.yahoo.com/news/gartner-q1-earnings-revenues-surpass-162004173.html,1683044404,STORY
75b65718-0b57-3ff3-957f-e4b6e24f6202,IT,2023-5-13,Gartner (IT) Beats Q1 Earnings and Revenue Estimates,Zacks,https://finance.yahoo.com/news/gartner-beats-q1-earnings-revenue-112511478.html,1683026711,STORY
2e00c9e8-d96b-37ac-936d-889a8de984df,IT,2023-5-13,Is Gartner (IT) in a Good Position Now?,Insider Monkey,https://finance.yahoo.com/news/gartner-good-position-now-103411504.html,1683023651,STORY
29e1c6b1-514b-35c1-927b-dd2a8cb53ef3,IT,2023-5-14,When Will PC Sales Recover? And Which Stocks Are Most Counting On A Rebound?,Investor's Business Daily,https://finance.yahoo.com/m/29e1c6b1-514b-35c1-927b-dd2a8cb53ef3/when-will-pc-sales-recover%3F.html,1683892831,STORY
284c01eb-be41-3db6-8148-144b45a5a880,IT,2023-5-14,12 Best Information Technology Services Stocks to Buy,Insider Monkey,https://finance.yahoo.com/news/12-best-information-technology-services-134510190.html,1683812710,STORY
f9dc1014-8423-3582-a7c1-e9b1760787c9,IT,2023-5-14,‘Quiet quit’ product of disengaged supply chain workforce,FreightWaves,https://finance.yahoo.com/news/quiet-quit-product-disengaged-supply-134716753.html,1683640036,STORY
feab8913-9ffb-388b-8fd1-91cf54ab2f84,IT,2023-5-14,"Is Now An Opportune Moment To Examine Gartner, Inc. (NYSE:IT)?",Simply Wall St.,https://finance.yahoo.com/news/now-opportune-moment-examine-gartner-170715225.html,1683133635,STORY
6731e00c-c240-3b94-bdee-c957b01eb258,IT,2023-5-14,Q1 2023 Gartner Inc Earnings Call,Thomson Reuters StreetEvents,https://finance.yahoo.com/news/q1-2023-gartner-inc-earnings-031900652.html,1683083940,STORY
ace77350-f502-32fa-807f-0b39367d255b,IT,2023-5-14,Gartner (IT) Q1 Earnings and Revenues Surpass Estimates,Zacks,https://finance.yahoo.com/news/gartner-q1-earnings-revenues-surpass-162004173.html,1683044404,STORY
75b65718-0b57-3ff3-957f-e4b6e24f6202,IT,2023-5-14,Gartner (IT) Beats Q1 Earnings and Revenue Estimates,Zacks,https://finance.yahoo.com/news/gartner-beats-q1-earnings-revenue-112511478.html,1683026711,STORY
2e00c9e8-d96b-37ac-936d-889a8de984df,IT,2023-5-14,Is Gartner (IT) in a Good Position Now?,Insider Monkey,https://finance.yahoo.com/news/gartner-good-position-now-103411504.html,1683023651,STORY
29e1c6b1-514b-35c1-927b-dd2a8cb53ef3,IT,2023-5-15,When Will PC Sales Recover? And Which Stocks Are Most Counting On A Rebound?,Investor's Business Daily,https://finance.yahoo.com/m/29e1c6b1-514b-35c1-927b-dd2a8cb53ef3/when-will-pc-sales-recover%3F.html,1683892831,STORY
284c01eb-be41-3db6-8148-144b45a5a880,IT,2023-5-15,12 Best Information Technology Services Stocks to Buy,Insider Monkey,https://finance.yahoo.com/news/12-best-information-technology-services-134510190.html,1683812710,STORY
f9dc1014-8423-3582-a7c1-e9b1760787c9,IT,2023-5-15,‘Quiet quit’ product of disengaged supply chain workforce,FreightWaves,https://finance.yahoo.com/news/quiet-quit-product-disengaged-supply-134716753.html,1683640036,STORY
feab8913-9ffb-388b-8fd1-91cf54ab2f84,IT,2023-5-15,"Is Now An Opportune Moment To Examine Gartner, Inc. (NYSE:IT)?",Simply Wall St.,https://finance.yahoo.com/news/now-opportune-moment-examine-gartner-170715225.html,1683133635,STORY
6731e00c-c240-3b94-bdee-c957b01eb258,IT,2023-5-15,Q1 2023 Gartner Inc Earnings Call,Thomson Reuters StreetEvents,https://finance.yahoo.com/news/q1-2023-gartner-inc-earnings-031900652.html,1683083940,STORY
ace77350-f502-32fa-807f-0b39367d255b,IT,2023-5-15,Gartner (IT) Q1 Earnings and Revenues Surpass Estimates,Zacks,https://finance.yahoo.com/news/gartner-q1-earnings-revenues-surpass-162004173.html,1683044404,STORY
75b65718-0b57-3ff3-957f-e4b6e24f6202,IT,2023-5-15,Gartner (IT) Beats Q1 Earnings and Revenue Estimates,Zacks,https://finance.yahoo.com/news/gartner-beats-q1-earnings-revenue-112511478.html,1683026711,STORY
2e00c9e8-d96b-37ac-936d-889a8de984df,IT,2023-5-15,Is Gartner (IT) in a Good Position Now?,Insider Monkey,https://finance.yahoo.com/news/gartner-good-position-now-103411504.html,1683023651,STORY
0afe46af-9cb8-3faa-914e-229432b0e58e,IT,2023-5-16,"Mass layoffs are terrible for shareholders, a new study finds. But there are 10 cost saving options that work better",Fortune,https://finance.yahoo.com/news/mass-layoffs-terrible-shareholders-study-110900104.html,1684148940,STORY
29e1c6b1-514b-35c1-927b-dd2a8cb53ef3,IT,2023-5-16,When Will PC Sales Recover? And Which Stocks Are Most Counting On A Rebound?,Investor's Business Daily,https://finance.yahoo.com/m/29e1c6b1-514b-35c1-927b-dd2a8cb53ef3/when-will-pc-sales-recover%3F.html,1683892831,STORY
284c01eb-be41-3db6-8148-144b45a5a880,IT,2023-5-16,12 Best Information Technology Services Stocks to Buy,Insider Monkey,https://finance.yahoo.com/news/12-best-information-technology-services-134510190.html,1683812710,STORY
f9dc1014-8423-3582-a7c1-e9b1760787c9,IT,2023-5-16,‘Quiet quit’ product of disengaged supply chain workforce,FreightWaves,https://finance.yahoo.com/news/quiet-quit-product-disengaged-supply-134716753.html,1683640036,STORY
feab8913-9ffb-388b-8fd1-91cf54ab2f84,IT,2023-5-16,"Is Now An Opportune Moment To Examine Gartner, Inc. (NYSE:IT)?",Simply Wall St.,https://finance.yahoo.com/news/now-opportune-moment-examine-gartner-170715225.html,1683133635,STORY
6731e00c-c240-3b94-bdee-c957b01eb258,IT,2023-5-16,Q1 2023 Gartner Inc Earnings Call,Thomson Reuters StreetEvents,https://finance.yahoo.com/news/q1-2023-gartner-inc-earnings-031900652.html,1683083940,STORY
ace77350-f502-32fa-807f-0b39367d255b,IT,2023-5-16,Gartner (IT) Q1 Earnings and Revenues Surpass Estimates,Zacks,https://finance.yahoo.com/news/gartner-q1-earnings-revenues-surpass-162004173.html,1683044404,STORY
75b65718-0b57-3ff3-957f-e4b6e24f6202,IT,2023-5-16,Gartner (IT) Beats Q1 Earnings and Revenue Estimates,Zacks,https://finance.yahoo.com/news/gartner-beats-q1-earnings-revenue-112511478.html,1683026711,STORY
96504a6e-78fc-33b6-9cc3-bb49e7be72c9,IT,2023-5-17,"AI isn’t new to the supply chain, but ChatGPT is expanding its role",FreightWaves,https://finance.yahoo.com/news/ai-isn-t-supply-chain-192829768.html,1684265309,STORY
a22f7e3d-ba8b-3333-ad2d-781533d8fedb,IT,2023-5-17,Gartner Says Sales Leaders Who Position Technology As a Teammate Rather Than a Tool will Unlock Seller Productivity and High-Quality Deals,Business Wire,https://finance.yahoo.com/news/gartner-says-sales-leaders-position-183000314.html,1684261800,STORY
0afe46af-9cb8-3faa-914e-229432b0e58e,IT,2023-5-17,"Mass layoffs are terrible for shareholders, a new study finds. But there are 10 cost saving options that work better",Fortune,https://finance.yahoo.com/news/mass-layoffs-terrible-shareholders-study-110900104.html,1684148940,STORY
29e1c6b1-514b-35c1-927b-dd2a8cb53ef3,IT,2023-5-17,When Will PC Sales Recover? And Which Stocks Are Most Counting On A Rebound?,Investor's Business Daily,https://finance.yahoo.com/m/29e1c6b1-514b-35c1-927b-dd2a8cb53ef3/when-will-pc-sales-recover%3F.html,1683892831,STORY
284c01eb-be41-3db6-8148-144b45a5a880,IT,2023-5-17,12 Best Information Technology Services Stocks to Buy,Insider Monkey,https://finance.yahoo.com/news/12-best-information-technology-services-134510190.html,1683812710,STORY
f9dc1014-8423-3582-a7c1-e9b1760787c9,IT,2023-5-17,‘Quiet quit’ product of disengaged supply chain workforce,FreightWaves,https://finance.yahoo.com/news/quiet-quit-product-disengaged-supply-134716753.html,1683640036,STORY
feab8913-9ffb-388b-8fd1-91cf54ab2f84,IT,2023-5-17,"Is Now An Opportune Moment To Examine Gartner, Inc. (NYSE:IT)?",Simply Wall St.,https://finance.yahoo.com/news/now-opportune-moment-examine-gartner-170715225.html,1683133635,STORY
6731e00c-c240-3b94-bdee-c957b01eb258,IT,2023-5-17,Q1 2023 Gartner Inc Earnings Call,Thomson Reuters StreetEvents,https://finance.yahoo.com/news/q1-2023-gartner-inc-earnings-031900652.html,1683083940,STORY
96504a6e-78fc-33b6-9cc3-bb49e7be72c9,IT,2023-5-18,"AI isn’t new to the supply chain, but ChatGPT is expanding its role",FreightWaves,https://finance.yahoo.com/news/ai-isn-t-supply-chain-192829768.html,1684265309,STORY
a22f7e3d-ba8b-3333-ad2d-781533d8fedb,IT,2023-5-18,Gartner Says Sales Leaders Who Position Technology As a Teammate Rather Than a Tool will Unlock Seller Productivity and High-Quality Deals,Business Wire,https://finance.yahoo.com/news/gartner-says-sales-leaders-position-183000314.html,1684261800,STORY
0afe46af-9cb8-3faa-914e-229432b0e58e,IT,2023-5-18,"Mass layoffs are terrible for shareholders, a new study finds. But there are 10 cost saving options that work better",Fortune,https://finance.yahoo.com/news/mass-layoffs-terrible-shareholders-study-110900104.html,1684148940,STORY
29e1c6b1-514b-35c1-927b-dd2a8cb53ef3,IT,2023-5-18,When Will PC Sales Recover? And Which Stocks Are Most Counting On A Rebound?,Investor's Business Daily,https://finance.yahoo.com/m/29e1c6b1-514b-35c1-927b-dd2a8cb53ef3/when-will-pc-sales-recover%3F.html,1683892831,STORY
284c01eb-be41-3db6-8148-144b45a5a880,IT,2023-5-18,12 Best Information Technology Services Stocks to Buy,Insider Monkey,https://finance.yahoo.com/news/12-best-information-technology-services-134510190.html,1683812710,STORY
f9dc1014-8423-3582-a7c1-e9b1760787c9,IT,2023-5-18,‘Quiet quit’ product of disengaged supply chain workforce,FreightWaves,https://finance.yahoo.com/news/quiet-quit-product-disengaged-supply-134716753.html,1683640036,STORY
feab8913-9ffb-388b-8fd1-91cf54ab2f84,IT,2023-5-18,"Is Now An Opportune Moment To Examine Gartner, Inc. (NYSE:IT)?",Simply Wall St.,https://finance.yahoo.com/news/now-opportune-moment-examine-gartner-170715225.html,1683133635,STORY
6731e00c-c240-3b94-bdee-c957b01eb258,IT,2023-5-18,Q1 2023 Gartner Inc Earnings Call,Thomson Reuters StreetEvents,https://finance.yahoo.com/news/q1-2023-gartner-inc-earnings-031900652.html,1683083940,STORY
96504a6e-78fc-33b6-9cc3-bb49e7be72c9,IT,2023-5-19,"AI isn’t new to the supply chain, but ChatGPT is expanding its role",FreightWaves,https://finance.yahoo.com/news/ai-isn-t-supply-chain-192829768.html,1684265309,STORY
a22f7e3d-ba8b-3333-ad2d-781533d8fedb,IT,2023-5-19,Gartner Says Sales Leaders Who Position Technology As a Teammate Rather Than a Tool will Unlock Seller Productivity and High-Quality Deals,Business Wire,https://finance.yahoo.com/news/gartner-says-sales-leaders-position-183000314.html,1684261800,STORY
0afe46af-9cb8-3faa-914e-229432b0e58e,IT,2023-5-19,"Mass layoffs are terrible for shareholders, a new study finds. But there are 10 cost saving options that work better",Fortune,https://finance.yahoo.com/news/mass-layoffs-terrible-shareholders-study-110900104.html,1684148940,STORY
29e1c6b1-514b-35c1-927b-dd2a8cb53ef3,IT,2023-5-19,When Will PC Sales Recover? And Which Stocks Are Most Counting On A Rebound?,Investor's Business Daily,https://finance.yahoo.com/m/29e1c6b1-514b-35c1-927b-dd2a8cb53ef3/when-will-pc-sales-recover%3F.html,1683892831,STORY
284c01eb-be41-3db6-8148-144b45a5a880,IT,2023-5-19,12 Best Information Technology Services Stocks to Buy,Insider Monkey,https://finance.yahoo.com/news/12-best-information-technology-services-134510190.html,1683812710,STORY
f9dc1014-8423-3582-a7c1-e9b1760787c9,IT,2023-5-19,‘Quiet quit’ product of disengaged supply chain workforce,FreightWaves,https://finance.yahoo.com/news/quiet-quit-product-disengaged-supply-134716753.html,1683640036,STORY
feab8913-9ffb-388b-8fd1-91cf54ab2f84,IT,2023-5-19,"Is Now An Opportune Moment To Examine Gartner, Inc. (NYSE:IT)?",Simply Wall St.,https://finance.yahoo.com/news/now-opportune-moment-examine-gartner-170715225.html,1683133635,STORY
6731e00c-c240-3b94-bdee-c957b01eb258,IT,2023-5-19,Q1 2023 Gartner Inc Earnings Call,Thomson Reuters StreetEvents,https://finance.yahoo.com/news/q1-2023-gartner-inc-earnings-031900652.html,1683083940,STORY
1b2e00a4-3d21-3258-9329-22c8e533ece4,IT,2023-5-20,"Gartner Stock Rises; Tech Info Provider's Sales, Profits Climb",Investor's Business Daily,https://finance.yahoo.com/m/1b2e00a4-3d21-3258-9329-22c8e533ece4/gartner-stock-rises%3B-tech.html,1684519140,STORY
96504a6e-78fc-33b6-9cc3-bb49e7be72c9,IT,2023-5-20,"AI isn’t new to the supply chain, but ChatGPT is expanding its role",FreightWaves,https://finance.yahoo.com/news/ai-isn-t-supply-chain-192829768.html,1684265309,STORY
a22f7e3d-ba8b-3333-ad2d-781533d8fedb,IT,2023-5-20,Gartner Says Sales Leaders Who Position Technology As a Teammate Rather Than a Tool will Unlock Seller Productivity and High-Quality Deals,Business Wire,https://finance.yahoo.com/news/gartner-says-sales-leaders-position-183000314.html,1684261800,STORY
0afe46af-9cb8-3faa-914e-229432b0e58e,IT,2023-5-20,"Mass layoffs are terrible for shareholders, a new study finds. But there are 10 cost saving options that work better",Fortune,https://finance.yahoo.com/news/mass-layoffs-terrible-shareholders-study-110900104.html,1684148940,STORY
29e1c6b1-514b-35c1-927b-dd2a8cb53ef3,IT,2023-5-20,When Will PC Sales Recover? And Which Stocks Are Most Counting On A Rebound?,Investor's Business Daily,https://finance.yahoo.com/m/29e1c6b1-514b-35c1-927b-dd2a8cb53ef3/when-will-pc-sales-recover%3F.html,1683892831,STORY
284c01eb-be41-3db6-8148-144b45a5a880,IT,2023-5-20,12 Best Information Technology Services Stocks to Buy,Insider Monkey,https://finance.yahoo.com/news/12-best-information-technology-services-134510190.html,1683812710,STORY
f9dc1014-8423-3582-a7c1-e9b1760787c9,IT,2023-5-20,‘Quiet quit’ product of disengaged supply chain workforce,FreightWaves,https://finance.yahoo.com/news/quiet-quit-product-disengaged-supply-134716753.html,1683640036,STORY
feab8913-9ffb-388b-8fd1-91cf54ab2f84,IT,2023-5-20,"Is Now An Opportune Moment To Examine Gartner, Inc. (NYSE:IT)?",Simply Wall St.,https://finance.yahoo.com/news/now-opportune-moment-examine-gartner-170715225.html,1683133635,STORY
1b2e00a4-3d21-3258-9329-22c8e533ece4,IT,2023-5-21,"Gartner Stock Rises; Tech Info Provider's Sales, Profits Climb",Investor's Business Daily,https://finance.yahoo.com/m/1b2e00a4-3d21-3258-9329-22c8e533ece4/gartner-stock-rises%3B-tech.html,1684519140,STORY
96504a6e-78fc-33b6-9cc3-bb49e7be72c9,IT,2023-5-21,"AI isn’t new to the supply chain, but ChatGPT is expanding its role",FreightWaves,https://finance.yahoo.com/news/ai-isn-t-supply-chain-192829768.html,1684265309,STORY
a22f7e3d-ba8b-3333-ad2d-781533d8fedb,IT,2023-5-21,Gartner Says Sales Leaders Who Position Technology As a Teammate Rather Than a Tool will Unlock Seller Productivity and High-Quality Deals,Business Wire,https://finance.yahoo.com/news/gartner-says-sales-leaders-position-183000314.html,1684261800,STORY
0afe46af-9cb8-3faa-914e-229432b0e58e,IT,2023-5-21,"Mass layoffs are terrible for shareholders, a new study finds. But there are 10 cost saving options that work better",Fortune,https://finance.yahoo.com/news/mass-layoffs-terrible-shareholders-study-110900104.html,1684148940,STORY
29e1c6b1-514b-35c1-927b-dd2a8cb53ef3,IT,2023-5-21,When Will PC Sales Recover? And Which Stocks Are Most Counting On A Rebound?,Investor's Business Daily,https://finance.yahoo.com/m/29e1c6b1-514b-35c1-927b-dd2a8cb53ef3/when-will-pc-sales-recover%3F.html,1683892831,STORY
284c01eb-be41-3db6-8148-144b45a5a880,IT,2023-5-21,12 Best Information Technology Services Stocks to Buy,Insider Monkey,https://finance.yahoo.com/news/12-best-information-technology-services-134510190.html,1683812710,STORY
f9dc1014-8423-3582-a7c1-e9b1760787c9,IT,2023-5-21,‘Quiet quit’ product of disengaged supply chain workforce,FreightWaves,https://finance.yahoo.com/news/quiet-quit-product-disengaged-supply-134716753.html,1683640036,STORY
feab8913-9ffb-388b-8fd1-91cf54ab2f84,IT,2023-5-21,"Is Now An Opportune Moment To Examine Gartner, Inc. (NYSE:IT)?",Simply Wall St.,https://finance.yahoo.com/news/now-opportune-moment-examine-gartner-170715225.html,1683133635,STORY
1b2e00a4-3d21-3258-9329-22c8e533ece4,IT,2023-5-22,"Gartner Stock Rises; Tech Info Provider's Sales, Profits Climb",Investor's Business Daily,https://finance.yahoo.com/m/1b2e00a4-3d21-3258-9329-22c8e533ece4/gartner-stock-rises%3B-tech.html,1684519140,STORY
96504a6e-78fc-33b6-9cc3-bb49e7be72c9,IT,2023-5-22,"AI isn’t new to the supply chain, but ChatGPT is expanding its role",FreightWaves,https://finance.yahoo.com/news/ai-isn-t-supply-chain-192829768.html,1684265309,STORY
a22f7e3d-ba8b-3333-ad2d-781533d8fedb,IT,2023-5-22,Gartner Says Sales Leaders Who Position Technology As a Teammate Rather Than a Tool will Unlock Seller Productivity and High-Quality Deals,Business Wire,https://finance.yahoo.com/news/gartner-says-sales-leaders-position-183000314.html,1684261800,STORY
0afe46af-9cb8-3faa-914e-229432b0e58e,IT,2023-5-22,"Mass layoffs are terrible for shareholders, a new study finds. But there are 10 cost saving options that work better",Fortune,https://finance.yahoo.com/news/mass-layoffs-terrible-shareholders-study-110900104.html,1684148940,STORY
29e1c6b1-514b-35c1-927b-dd2a8cb53ef3,IT,2023-5-22,When Will PC Sales Recover? And Which Stocks Are Most Counting On A Rebound?,Investor's Business Daily,https://finance.yahoo.com/m/29e1c6b1-514b-35c1-927b-dd2a8cb53ef3/when-will-pc-sales-recover%3F.html,1683892831,STORY
284c01eb-be41-3db6-8148-144b45a5a880,IT,2023-5-22,12 Best Information Technology Services Stocks to Buy,Insider Monkey,https://finance.yahoo.com/news/12-best-information-technology-services-134510190.html,1683812710,STORY
f9dc1014-8423-3582-a7c1-e9b1760787c9,IT,2023-5-22,‘Quiet quit’ product of disengaged supply chain workforce,FreightWaves,https://finance.yahoo.com/news/quiet-quit-product-disengaged-supply-134716753.html,1683640036,STORY
feab8913-9ffb-388b-8fd1-91cf54ab2f84,IT,2023-5-22,"Is Now An Opportune Moment To Examine Gartner, Inc. (NYSE:IT)?",Simply Wall St.,https://finance.yahoo.com/news/now-opportune-moment-examine-gartner-170715225.html,1683133635,STORY
0808c4f1-a9f1-3acc-a7ce-c99b3d61591f,IT,2023-5-23,Gartner Survey Reveals 71% of CMOs Believe They Lack Sufficient Budget to Fully Execute Their Strategy in 2023,Business Wire,https://finance.yahoo.com/news/gartner-survey-reveals-71-cmos-173000074.html,1684776600,STORY
bf4bf3b0-5377-3b30-97ff-57993bd6f014,IT,2023-5-23,Gartner Says Catalytic Marketing Allows CMOs to Drive Profitable Growth Amid Macroeconomic Pressures,Business Wire,https://finance.yahoo.com/news/gartner-says-catalytic-marketing-allows-161500796.html,1684772100,STORY
1b2e00a4-3d21-3258-9329-22c8e533ece4,IT,2023-5-23,"Gartner Stock Rises; Tech Info Provider's Sales, Profits Climb",Investor's Business Daily,https://finance.yahoo.com/m/1b2e00a4-3d21-3258-9329-22c8e533ece4/gartner-stock-rises%3B-tech.html,1684519140,STORY
96504a6e-78fc-33b6-9cc3-bb49e7be72c9,IT,2023-5-23,"AI isn’t new to the supply chain, but ChatGPT is expanding its role",FreightWaves,https://finance.yahoo.com/news/ai-isn-t-supply-chain-192829768.html,1684265309,STORY
a22f7e3d-ba8b-3333-ad2d-781533d8fedb,IT,2023-5-23,Gartner Says Sales Leaders Who Position Technology As a Teammate Rather Than a Tool will Unlock Seller Productivity and High-Quality Deals,Business Wire,https://finance.yahoo.com/news/gartner-says-sales-leaders-position-183000314.html,1684261800,STORY
0afe46af-9cb8-3faa-914e-229432b0e58e,IT,2023-5-23,"Mass layoffs are terrible for shareholders, a new study finds. But there are 10 cost saving options that work better",Fortune,https://finance.yahoo.com/news/mass-layoffs-terrible-shareholders-study-110900104.html,1684148940,STORY
29e1c6b1-514b-35c1-927b-dd2a8cb53ef3,IT,2023-5-23,When Will PC Sales Recover? And Which Stocks Are Most Counting On A Rebound?,Investor's Business Daily,https://finance.yahoo.com/m/29e1c6b1-514b-35c1-927b-dd2a8cb53ef3/when-will-pc-sales-recover%3F.html,1683892831,STORY
284c01eb-be41-3db6-8148-144b45a5a880,IT,2023-5-23,12 Best Information Technology Services Stocks to Buy,Insider Monkey,https://finance.yahoo.com/news/12-best-information-technology-services-134510190.html,1683812710,STORY
0808c4f1-a9f1-3acc-a7ce-c99b3d61591f,IT,2023-5-24,Gartner Survey Reveals 71% of CMOs Believe They Lack Sufficient Budget to Fully Execute Their Strategy in 2023,Business Wire,https://finance.yahoo.com/news/gartner-survey-reveals-71-cmos-173000074.html,1684776600,STORY
bf4bf3b0-5377-3b30-97ff-57993bd6f014,IT,2023-5-24,Gartner Says Catalytic Marketing Allows CMOs to Drive Profitable Growth Amid Macroeconomic Pressures,Business Wire,https://finance.yahoo.com/news/gartner-says-catalytic-marketing-allows-161500796.html,1684772100,STORY
1b2e00a4-3d21-3258-9329-22c8e533ece4,IT,2023-5-24,"Gartner Stock Rises; Tech Info Provider's Sales, Profits Climb",Investor's Business Daily,https://finance.yahoo.com/m/1b2e00a4-3d21-3258-9329-22c8e533ece4/gartner-stock-rises%3B-tech.html,1684519140,STORY
96504a6e-78fc-33b6-9cc3-bb49e7be72c9,IT,2023-5-24,"AI isn’t new to the supply chain, but ChatGPT is expanding its role",FreightWaves,https://finance.yahoo.com/news/ai-isn-t-supply-chain-192829768.html,1684265309,STORY
a22f7e3d-ba8b-3333-ad2d-781533d8fedb,IT,2023-5-24,Gartner Says Sales Leaders Who Position Technology As a Teammate Rather Than a Tool will Unlock Seller Productivity and High-Quality Deals,Business Wire,https://finance.yahoo.com/news/gartner-says-sales-leaders-position-183000314.html,1684261800,STORY
0afe46af-9cb8-3faa-914e-229432b0e58e,IT,2023-5-24,"Mass layoffs are terrible for shareholders, a new study finds. But there are 10 cost saving options that work better",Fortune,https://finance.yahoo.com/news/mass-layoffs-terrible-shareholders-study-110900104.html,1684148940,STORY
29e1c6b1-514b-35c1-927b-dd2a8cb53ef3,IT,2023-5-24,When Will PC Sales Recover? And Which Stocks Are Most Counting On A Rebound?,Investor's Business Daily,https://finance.yahoo.com/m/29e1c6b1-514b-35c1-927b-dd2a8cb53ef3/when-will-pc-sales-recover%3F.html,1683892831,STORY
284c01eb-be41-3db6-8148-144b45a5a880,IT,2023-5-24,12 Best Information Technology Services Stocks to Buy,Insider Monkey,https://finance.yahoo.com/news/12-best-information-technology-services-134510190.html,1683812710,STORY
0808c4f1-a9f1-3acc-a7ce-c99b3d61591f,IT,2023-5-25,Gartner Survey Reveals 71% of CMOs Believe They Lack Sufficient Budget to Fully Execute Their Strategy in 2023,Business Wire,https://finance.yahoo.com/news/gartner-survey-reveals-71-cmos-173000074.html,1684776600,STORY
bf4bf3b0-5377-3b30-97ff-57993bd6f014,IT,2023-5-25,Gartner Says Catalytic Marketing Allows CMOs to Drive Profitable Growth Amid Macroeconomic Pressures,Business Wire,https://finance.yahoo.com/news/gartner-says-catalytic-marketing-allows-161500796.html,1684772100,STORY
1b2e00a4-3d21-3258-9329-22c8e533ece4,IT,2023-5-25,"Gartner Stock Rises; Tech Info Provider's Sales, Profits Climb",Investor's Business Daily,https://finance.yahoo.com/m/1b2e00a4-3d21-3258-9329-22c8e533ece4/gartner-stock-rises%3B-tech.html,1684519140,STORY
96504a6e-78fc-33b6-9cc3-bb49e7be72c9,IT,2023-5-25,"AI isn’t new to the supply chain, but ChatGPT is expanding its role",FreightWaves,https://finance.yahoo.com/news/ai-isn-t-supply-chain-192829768.html,1684265309,STORY
a22f7e3d-ba8b-3333-ad2d-781533d8fedb,IT,2023-5-25,Gartner Says Sales Leaders Who Position Technology As a Teammate Rather Than a Tool will Unlock Seller Productivity and High-Quality Deals,Business Wire,https://finance.yahoo.com/news/gartner-says-sales-leaders-position-183000314.html,1684261800,STORY
0afe46af-9cb8-3faa-914e-229432b0e58e,IT,2023-5-25,"Mass layoffs are terrible for shareholders, a new study finds. But there are 10 cost saving options that work better",Fortune,https://finance.yahoo.com/news/mass-layoffs-terrible-shareholders-study-110900104.html,1684148940,STORY
29e1c6b1-514b-35c1-927b-dd2a8cb53ef3,IT,2023-5-25,When Will PC Sales Recover? And Which Stocks Are Most Counting On A Rebound?,Investor's Business Daily,https://finance.yahoo.com/m/29e1c6b1-514b-35c1-927b-dd2a8cb53ef3/when-will-pc-sales-recover%3F.html,1683892831,STORY
284c01eb-be41-3db6-8148-144b45a5a880,IT,2023-5-25,12 Best Information Technology Services Stocks to Buy,Insider Monkey,https://finance.yahoo.com/news/12-best-information-technology-services-134510190.html,1683812710,STORY
e6a93ca6-2020-37fd-9e39-d0a39dbcb604,IT,2023-5-26,"Gartner's (IT) Vast Customer Base Aids Growth, Liquidity Woes Ail",Zacks,https://finance.yahoo.com/news/gartners-vast-customer-aids-growth-192700619.html,1685042820,STORY
aa8402d0-e160-3be2-8a12-151c17b2520e,IT,2023-5-26,"Gartner Stock Tops In Group; Double-Digit Profit, Sales Growth",Investor's Business Daily,https://finance.yahoo.com/m/aa8402d0-e160-3be2-8a12-151c17b2520e/gartner-stock-tops-in-group%3B.html,1685031840,STORY
0808c4f1-a9f1-3acc-a7ce-c99b3d61591f,IT,2023-5-26,Gartner Survey Reveals 71% of CMOs Believe They Lack Sufficient Budget to Fully Execute Their Strategy in 2023,Business Wire,https://finance.yahoo.com/news/gartner-survey-reveals-71-cmos-173000074.html,1684776600,STORY
bf4bf3b0-5377-3b30-97ff-57993bd6f014,IT,2023-5-26,Gartner Says Catalytic Marketing Allows CMOs to Drive Profitable Growth Amid Macroeconomic Pressures,Business Wire,https://finance.yahoo.com/news/gartner-says-catalytic-marketing-allows-161500796.html,1684772100,STORY
1b2e00a4-3d21-3258-9329-22c8e533ece4,IT,2023-5-26,"Gartner Stock Rises; Tech Info Provider's Sales, Profits Climb",Investor's Business Daily,https://finance.yahoo.com/m/1b2e00a4-3d21-3258-9329-22c8e533ece4/gartner-stock-rises%3B-tech.html,1684519140,STORY
96504a6e-78fc-33b6-9cc3-bb49e7be72c9,IT,2023-5-26,"AI isn’t new to the supply chain, but ChatGPT is expanding its role",FreightWaves,https://finance.yahoo.com/news/ai-isn-t-supply-chain-192829768.html,1684265309,STORY
a22f7e3d-ba8b-3333-ad2d-781533d8fedb,IT,2023-5-26,Gartner Says Sales Leaders Who Position Technology As a Teammate Rather Than a Tool will Unlock Seller Productivity and High-Quality Deals,Business Wire,https://finance.yahoo.com/news/gartner-says-sales-leaders-position-183000314.html,1684261800,STORY
0afe46af-9cb8-3faa-914e-229432b0e58e,IT,2023-5-26,"Mass layoffs are terrible for shareholders, a new study finds. But there are 10 cost saving options that work better",Fortune,https://finance.yahoo.com/news/mass-layoffs-terrible-shareholders-study-110900104.html,1684148940,STORY
e6a93ca6-2020-37fd-9e39-d0a39dbcb604,IT,2023-5-27,"Gartner's (IT) Vast Customer Base Aids Growth, Liquidity Woes Ail",Zacks,https://finance.yahoo.com/news/gartners-vast-customer-aids-growth-192700619.html,1685042820,STORY
aa8402d0-e160-3be2-8a12-151c17b2520e,IT,2023-5-27,"Gartner Stock Tops In Group; Double-Digit Profit, Sales Growth",Investor's Business Daily,https://finance.yahoo.com/m/aa8402d0-e160-3be2-8a12-151c17b2520e/gartner-stock-tops-in-group%3B.html,1685031840,STORY
0808c4f1-a9f1-3acc-a7ce-c99b3d61591f,IT,2023-5-27,Gartner Survey Reveals 71% of CMOs Believe They Lack Sufficient Budget to Fully Execute Their Strategy in 2023,Business Wire,https://finance.yahoo.com/news/gartner-survey-reveals-71-cmos-173000074.html,1684776600,STORY
bf4bf3b0-5377-3b30-97ff-57993bd6f014,IT,2023-5-27,Gartner Says Catalytic Marketing Allows CMOs to Drive Profitable Growth Amid Macroeconomic Pressures,Business Wire,https://finance.yahoo.com/news/gartner-says-catalytic-marketing-allows-161500796.html,1684772100,STORY
1b2e00a4-3d21-3258-9329-22c8e533ece4,IT,2023-5-27,"Gartner Stock Rises; Tech Info Provider's Sales, Profits Climb",Investor's Business Daily,https://finance.yahoo.com/m/1b2e00a4-3d21-3258-9329-22c8e533ece4/gartner-stock-rises%3B-tech.html,1684519140,STORY
96504a6e-78fc-33b6-9cc3-bb49e7be72c9,IT,2023-5-27,"AI isn’t new to the supply chain, but ChatGPT is expanding its role",FreightWaves,https://finance.yahoo.com/news/ai-isn-t-supply-chain-192829768.html,1684265309,STORY
a22f7e3d-ba8b-3333-ad2d-781533d8fedb,IT,2023-5-27,Gartner Says Sales Leaders Who Position Technology As a Teammate Rather Than a Tool will Unlock Seller Productivity and High-Quality Deals,Business Wire,https://finance.yahoo.com/news/gartner-says-sales-leaders-position-183000314.html,1684261800,STORY
0afe46af-9cb8-3faa-914e-229432b0e58e,IT,2023-5-27,"Mass layoffs are terrible for shareholders, a new study finds. But there are 10 cost saving options that work better",Fortune,https://finance.yahoo.com/news/mass-layoffs-terrible-shareholders-study-110900104.html,1684148940,STORY
e6a93ca6-2020-37fd-9e39-d0a39dbcb604,IT,2023-5-28,"Gartner's (IT) Vast Customer Base Aids Growth, Liquidity Woes Ail",Zacks,https://finance.yahoo.com/news/gartners-vast-customer-aids-growth-192700619.html,1685042820,STORY
aa8402d0-e160-3be2-8a12-151c17b2520e,IT,2023-5-28,"Gartner Stock Tops In Group; Double-Digit Profit, Sales Growth",Investor's Business Daily,https://finance.yahoo.com/m/aa8402d0-e160-3be2-8a12-151c17b2520e/gartner-stock-tops-in-group%3B.html,1685031840,STORY
0808c4f1-a9f1-3acc-a7ce-c99b3d61591f,IT,2023-5-28,Gartner Survey Reveals 71% of CMOs Believe They Lack Sufficient Budget to Fully Execute Their Strategy in 2023,Business Wire,https://finance.yahoo.com/news/gartner-survey-reveals-71-cmos-173000074.html,1684776600,STORY
bf4bf3b0-5377-3b30-97ff-57993bd6f014,IT,2023-5-28,Gartner Says Catalytic Marketing Allows CMOs to Drive Profitable Growth Amid Macroeconomic Pressures,Business Wire,https://finance.yahoo.com/news/gartner-says-catalytic-marketing-allows-161500796.html,1684772100,STORY
1b2e00a4-3d21-3258-9329-22c8e533ece4,IT,2023-5-28,"Gartner Stock Rises; Tech Info Provider's Sales, Profits Climb",Investor's Business Daily,https://finance.yahoo.com/m/1b2e00a4-3d21-3258-9329-22c8e533ece4/gartner-stock-rises%3B-tech.html,1684519140,STORY
96504a6e-78fc-33b6-9cc3-bb49e7be72c9,IT,2023-5-28,"AI isn’t new to the supply chain, but ChatGPT is expanding its role",FreightWaves,https://finance.yahoo.com/news/ai-isn-t-supply-chain-192829768.html,1684265309,STORY
a22f7e3d-ba8b-3333-ad2d-781533d8fedb,IT,2023-5-28,Gartner Says Sales Leaders Who Position Technology As a Teammate Rather Than a Tool will Unlock Seller Productivity and High-Quality Deals,Business Wire,https://finance.yahoo.com/news/gartner-says-sales-leaders-position-183000314.html,1684261800,STORY
0afe46af-9cb8-3faa-914e-229432b0e58e,IT,2023-5-28,"Mass layoffs are terrible for shareholders, a new study finds. But there are 10 cost saving options that work better",Fortune,https://finance.yahoo.com/news/mass-layoffs-terrible-shareholders-study-110900104.html,1684148940,STORY
757efdc0-524e-3a37-83d2-e27bc7eaad26,IT,2023-5-29,Management Guidance Impacted Gartner (IT) in Q1,Insider Monkey,https://finance.yahoo.com/news/management-guidance-impacted-gartner-q1-115335307.html,1685361215,STORY
e6a93ca6-2020-37fd-9e39-d0a39dbcb604,IT,2023-5-29,"Gartner's (IT) Vast Customer Base Aids Growth, Liquidity Woes Ail",Zacks,https://finance.yahoo.com/news/gartners-vast-customer-aids-growth-192700619.html,1685042820,STORY
aa8402d0-e160-3be2-8a12-151c17b2520e,IT,2023-5-29,"Gartner Stock Tops In Group; Double-Digit Profit, Sales Growth",Investor's Business Daily,https://finance.yahoo.com/m/aa8402d0-e160-3be2-8a12-151c17b2520e/gartner-stock-tops-in-group%3B.html,1685031840,STORY
0808c4f1-a9f1-3acc-a7ce-c99b3d61591f,IT,2023-5-29,Gartner Survey Reveals 71% of CMOs Believe They Lack Sufficient Budget to Fully Execute Their Strategy in 2023,Business Wire,https://finance.yahoo.com/news/gartner-survey-reveals-71-cmos-173000074.html,1684776600,STORY
bf4bf3b0-5377-3b30-97ff-57993bd6f014,IT,2023-5-29,Gartner Says Catalytic Marketing Allows CMOs to Drive Profitable Growth Amid Macroeconomic Pressures,Business Wire,https://finance.yahoo.com/news/gartner-says-catalytic-marketing-allows-161500796.html,1684772100,STORY
1b2e00a4-3d21-3258-9329-22c8e533ece4,IT,2023-5-29,"Gartner Stock Rises; Tech Info Provider's Sales, Profits Climb",Investor's Business Daily,https://finance.yahoo.com/m/1b2e00a4-3d21-3258-9329-22c8e533ece4/gartner-stock-rises%3B-tech.html,1684519140,STORY
96504a6e-78fc-33b6-9cc3-bb49e7be72c9,IT,2023-5-29,"AI isn’t new to the supply chain, but ChatGPT is expanding its role",FreightWaves,https://finance.yahoo.com/news/ai-isn-t-supply-chain-192829768.html,1684265309,STORY
a22f7e3d-ba8b-3333-ad2d-781533d8fedb,IT,2023-5-29,Gartner Says Sales Leaders Who Position Technology As a Teammate Rather Than a Tool will Unlock Seller Productivity and High-Quality Deals,Business Wire,https://finance.yahoo.com/news/gartner-says-sales-leaders-position-183000314.html,1684261800,STORY
757efdc0-524e-3a37-83d2-e27bc7eaad26,IT,2023-5-30,Management Guidance Impacted Gartner (IT) in Q1,Insider Monkey,https://finance.yahoo.com/news/management-guidance-impacted-gartner-q1-115335307.html,1685361215,STORY
e6a93ca6-2020-37fd-9e39-d0a39dbcb604,IT,2023-5-30,"Gartner's (IT) Vast Customer Base Aids Growth, Liquidity Woes Ail",Zacks,https://finance.yahoo.com/news/gartners-vast-customer-aids-growth-192700619.html,1685042820,STORY
aa8402d0-e160-3be2-8a12-151c17b2520e,IT,2023-5-30,"Gartner Stock Tops In Group; Double-Digit Profit, Sales Growth",Investor's Business Daily,https://finance.yahoo.com/m/aa8402d0-e160-3be2-8a12-151c17b2520e/gartner-stock-tops-in-group%3B.html,1685031840,STORY
0808c4f1-a9f1-3acc-a7ce-c99b3d61591f,IT,2023-5-30,Gartner Survey Reveals 71% of CMOs Believe They Lack Sufficient Budget to Fully Execute Their Strategy in 2023,Business Wire,https://finance.yahoo.com/news/gartner-survey-reveals-71-cmos-173000074.html,1684776600,STORY
bf4bf3b0-5377-3b30-97ff-57993bd6f014,IT,2023-5-30,Gartner Says Catalytic Marketing Allows CMOs to Drive Profitable Growth Amid Macroeconomic Pressures,Business Wire,https://finance.yahoo.com/news/gartner-says-catalytic-marketing-allows-161500796.html,1684772100,STORY
1b2e00a4-3d21-3258-9329-22c8e533ece4,IT,2023-5-30,"Gartner Stock Rises; Tech Info Provider's Sales, Profits Climb",Investor's Business Daily,https://finance.yahoo.com/m/1b2e00a4-3d21-3258-9329-22c8e533ece4/gartner-stock-rises%3B-tech.html,1684519140,STORY
96504a6e-78fc-33b6-9cc3-bb49e7be72c9,IT,2023-5-30,"AI isn’t new to the supply chain, but ChatGPT is expanding its role",FreightWaves,https://finance.yahoo.com/news/ai-isn-t-supply-chain-192829768.html,1684265309,STORY
a22f7e3d-ba8b-3333-ad2d-781533d8fedb,IT,2023-5-30,Gartner Says Sales Leaders Who Position Technology As a Teammate Rather Than a Tool will Unlock Seller Productivity and High-Quality Deals,Business Wire,https://finance.yahoo.com/news/gartner-says-sales-leaders-position-183000314.html,1684261800,STORY
757efdc0-524e-3a37-83d2-e27bc7eaad26,IT,2023-5-31,Management Guidance Impacted Gartner (IT) in Q1,Insider Monkey,https://finance.yahoo.com/news/management-guidance-impacted-gartner-q1-115335307.html,1685361215,STORY
e6a93ca6-2020-37fd-9e39-d0a39dbcb604,IT,2023-5-31,"Gartner's (IT) Vast Customer Base Aids Growth, Liquidity Woes Ail",Zacks,https://finance.yahoo.com/news/gartners-vast-customer-aids-growth-192700619.html,1685042820,STORY
aa8402d0-e160-3be2-8a12-151c17b2520e,IT,2023-5-31,"Gartner Stock Tops In Group; Double-Digit Profit, Sales Growth",Investor's Business Daily,https://finance.yahoo.com/m/aa8402d0-e160-3be2-8a12-151c17b2520e/gartner-stock-tops-in-group%3B.html,1685031840,STORY
0808c4f1-a9f1-3acc-a7ce-c99b3d61591f,IT,2023-5-31,Gartner Survey Reveals 71% of CMOs Believe They Lack Sufficient Budget to Fully Execute Their Strategy in 2023,Business Wire,https://finance.yahoo.com/news/gartner-survey-reveals-71-cmos-173000074.html,1684776600,STORY
bf4bf3b0-5377-3b30-97ff-57993bd6f014,IT,2023-5-31,Gartner Says Catalytic Marketing Allows CMOs to Drive Profitable Growth Amid Macroeconomic Pressures,Business Wire,https://finance.yahoo.com/news/gartner-says-catalytic-marketing-allows-161500796.html,1684772100,STORY
1b2e00a4-3d21-3258-9329-22c8e533ece4,IT,2023-5-31,"Gartner Stock Rises; Tech Info Provider's Sales, Profits Climb",Investor's Business Daily,https://finance.yahoo.com/m/1b2e00a4-3d21-3258-9329-22c8e533ece4/gartner-stock-rises%3B-tech.html,1684519140,STORY
96504a6e-78fc-33b6-9cc3-bb49e7be72c9,IT,2023-5-31,"AI isn’t new to the supply chain, but ChatGPT is expanding its role",FreightWaves,https://finance.yahoo.com/news/ai-isn-t-supply-chain-192829768.html,1684265309,STORY
a22f7e3d-ba8b-3333-ad2d-781533d8fedb,IT,2023-5-31,Gartner Says Sales Leaders Who Position Technology As a Teammate Rather Than a Tool will Unlock Seller Productivity and High-Quality Deals,Business Wire,https://finance.yahoo.com/news/gartner-says-sales-leaders-position-183000314.html,1684261800,STORY
067d84c7-f536-3539-9ab5-bf5ecd1a2b6c,IT,2023-6-1,project44 comes out on top in 2023 Gartner Magic Quadrant,FreightWaves,https://finance.yahoo.com/news/project44-comes-top-2023-gartner-204500159.html,1685565900,STORY
757efdc0-524e-3a37-83d2-e27bc7eaad26,IT,2023-6-1,Management Guidance Impacted Gartner (IT) in Q1,Insider Monkey,https://finance.yahoo.com/news/management-guidance-impacted-gartner-q1-115335307.html,1685361215,STORY
e6a93ca6-2020-37fd-9e39-d0a39dbcb604,IT,2023-6-1,"Gartner's (IT) Vast Customer Base Aids Growth, Liquidity Woes Ail",Zacks,https://finance.yahoo.com/news/gartners-vast-customer-aids-growth-192700619.html,1685042820,STORY
aa8402d0-e160-3be2-8a12-151c17b2520e,IT,2023-6-1,"Gartner Stock Tops In Group; Double-Digit Profit, Sales Growth",Investor's Business Daily,https://finance.yahoo.com/m/aa8402d0-e160-3be2-8a12-151c17b2520e/gartner-stock-tops-in-group%3B.html,1685031840,STORY
58bf1831-1eaf-3c32-b66e-454c9538e8b0,IT,2023-6-1,Gartner to Participate in the William Blair Growth Stock Conference,Business Wire,https://finance.yahoo.com/news/gartner-participate-william-blair-growth-123000087.html,1684931400,STORY
4c495a3a-d3a1-3983-91e4-1af96bd37a0a,IT,2023-6-1,"Gartner to Participate in the Baird 2023 Global Consumer, Technology & Services Conference",Business Wire,https://finance.yahoo.com/news/gartner-participate-baird-2023-global-120000264.html,1684843200,STORY
0808c4f1-a9f1-3acc-a7ce-c99b3d61591f,IT,2023-6-1,Gartner Survey Reveals 71% of CMOs Believe They Lack Sufficient Budget to Fully Execute Their Strategy in 2023,Business Wire,https://finance.yahoo.com/news/gartner-survey-reveals-71-cmos-173000074.html,1684776600,STORY
bf4bf3b0-5377-3b30-97ff-57993bd6f014,IT,2023-6-1,Gartner Says Catalytic Marketing Allows CMOs to Drive Profitable Growth Amid Macroeconomic Pressures,Business Wire,https://finance.yahoo.com/news/gartner-says-catalytic-marketing-allows-161500796.html,1684772100,STORY
2d8dc1b2-7c81-3963-b4e1-9e6343d7caa3,IT,2023-6-2,Why Is Gartner (IT) Up 12.1% Since Last Earnings Report?,Zacks,https://finance.yahoo.com/news/why-gartner-12-1-since-153117895.html,1685633477,STORY
067d84c7-f536-3539-9ab5-bf5ecd1a2b6c,IT,2023-6-2,Project44 comes out on top in 2023 Gartner Magic Quadrant,FreightWaves,https://finance.yahoo.com/news/project44-comes-top-2023-gartner-204500159.html,1685565900,STORY
757efdc0-524e-3a37-83d2-e27bc7eaad26,IT,2023-6-2,Management Guidance Impacted Gartner (IT) in Q1,Insider Monkey,https://finance.yahoo.com/news/management-guidance-impacted-gartner-q1-115335307.html,1685361215,STORY
e6a93ca6-2020-37fd-9e39-d0a39dbcb604,IT,2023-6-2,"Gartner's (IT) Vast Customer Base Aids Growth, Liquidity Woes Ail",Zacks,https://finance.yahoo.com/news/gartners-vast-customer-aids-growth-192700619.html,1685042820,STORY
aa8402d0-e160-3be2-8a12-151c17b2520e,IT,2023-6-2,"Gartner Stock Tops In Group; Double-Digit Profit, Sales Growth",Investor's Business Daily,https://finance.yahoo.com/m/aa8402d0-e160-3be2-8a12-151c17b2520e/gartner-stock-tops-in-group%3B.html,1685031840,STORY
58bf1831-1eaf-3c32-b66e-454c9538e8b0,IT,2023-6-2,Gartner to Participate in the William Blair Growth Stock Conference,Business Wire,https://finance.yahoo.com/news/gartner-participate-william-blair-growth-123000087.html,1684931400,STORY
4c495a3a-d3a1-3983-91e4-1af96bd37a0a,IT,2023-6-2,"Gartner to Participate in the Baird 2023 Global Consumer, Technology & Services Conference",Business Wire,https://finance.yahoo.com/news/gartner-participate-baird-2023-global-120000264.html,1684843200,STORY
0808c4f1-a9f1-3acc-a7ce-c99b3d61591f,IT,2023-6-2,Gartner Survey Reveals 71% of CMOs Believe They Lack Sufficient Budget to Fully Execute Their Strategy in 2023,Business Wire,https://finance.yahoo.com/news/gartner-survey-reveals-71-cmos-173000074.html,1684776600,STORY
2d8dc1b2-7c81-3963-b4e1-9e6343d7caa3,IT,2023-6-3,Why Is Gartner (IT) Up 12.1% Since Last Earnings Report?,Zacks,https://finance.yahoo.com/news/why-gartner-12-1-since-153117895.html,1685633477,STORY
067d84c7-f536-3539-9ab5-bf5ecd1a2b6c,IT,2023-6-3,Project44 comes out on top in 2023 Gartner Magic Quadrant,FreightWaves,https://finance.yahoo.com/news/project44-comes-top-2023-gartner-204500159.html,1685565900,STORY
757efdc0-524e-3a37-83d2-e27bc7eaad26,IT,2023-6-3,Management Guidance Impacted Gartner (IT) in Q1,Insider Monkey,https://finance.yahoo.com/news/management-guidance-impacted-gartner-q1-115335307.html,1685361215,STORY
e6a93ca6-2020-37fd-9e39-d0a39dbcb604,IT,2023-6-3,"Gartner's (IT) Vast Customer Base Aids Growth, Liquidity Woes Ail",Zacks,https://finance.yahoo.com/news/gartners-vast-customer-aids-growth-192700619.html,1685042820,STORY
aa8402d0-e160-3be2-8a12-151c17b2520e,IT,2023-6-3,"Gartner Stock Tops In Group; Double-Digit Profit, Sales Growth",Investor's Business Daily,https://finance.yahoo.com/m/aa8402d0-e160-3be2-8a12-151c17b2520e/gartner-stock-tops-in-group%3B.html,1685031840,STORY
58bf1831-1eaf-3c32-b66e-454c9538e8b0,IT,2023-6-3,Gartner to Participate in the William Blair Growth Stock Conference,Business Wire,https://finance.yahoo.com/news/gartner-participate-william-blair-growth-123000087.html,1684931400,STORY
4c495a3a-d3a1-3983-91e4-1af96bd37a0a,IT,2023-6-3,"Gartner to Participate in the Baird 2023 Global Consumer, Technology & Services Conference",Business Wire,https://finance.yahoo.com/news/gartner-participate-baird-2023-global-120000264.html,1684843200,STORY
0808c4f1-a9f1-3acc-a7ce-c99b3d61591f,IT,2023-6-3,Gartner Survey Reveals 71% of CMOs Believe They Lack Sufficient Budget to Fully Execute Their Strategy in 2023,Business Wire,https://finance.yahoo.com/news/gartner-survey-reveals-71-cmos-173000074.html,1684776600,STORY
2d8dc1b2-7c81-3963-b4e1-9e6343d7caa3,IT,2023-6-4,Why Is Gartner (IT) Up 12.1% Since Last Earnings Report?,Zacks,https://finance.yahoo.com/news/why-gartner-12-1-since-153117895.html,1685633477,STORY
067d84c7-f536-3539-9ab5-bf5ecd1a2b6c,IT,2023-6-4,Project44 comes out on top in 2023 Gartner Magic Quadrant,FreightWaves,https://finance.yahoo.com/news/project44-comes-top-2023-gartner-204500159.html,1685565900,STORY
757efdc0-524e-3a37-83d2-e27bc7eaad26,IT,2023-6-4,Management Guidance Impacted Gartner (IT) in Q1,Insider Monkey,https://finance.yahoo.com/news/management-guidance-impacted-gartner-q1-115335307.html,1685361215,STORY
e6a93ca6-2020-37fd-9e39-d0a39dbcb604,IT,2023-6-4,"Gartner's (IT) Vast Customer Base Aids Growth, Liquidity Woes Ail",Zacks,https://finance.yahoo.com/news/gartners-vast-customer-aids-growth-192700619.html,1685042820,STORY
aa8402d0-e160-3be2-8a12-151c17b2520e,IT,2023-6-4,"Gartner Stock Tops In Group; Double-Digit Profit, Sales Growth",Investor's Business Daily,https://finance.yahoo.com/m/aa8402d0-e160-3be2-8a12-151c17b2520e/gartner-stock-tops-in-group%3B.html,1685031840,STORY
58bf1831-1eaf-3c32-b66e-454c9538e8b0,IT,2023-6-4,Gartner to Participate in the William Blair Growth Stock Conference,Business Wire,https://finance.yahoo.com/news/gartner-participate-william-blair-growth-123000087.html,1684931400,STORY
4c495a3a-d3a1-3983-91e4-1af96bd37a0a,IT,2023-6-4,"Gartner to Participate in the Baird 2023 Global Consumer, Technology & Services Conference",Business Wire,https://finance.yahoo.com/news/gartner-participate-baird-2023-global-120000264.html,1684843200,STORY
0808c4f1-a9f1-3acc-a7ce-c99b3d61591f,IT,2023-6-4,Gartner Survey Reveals 71% of CMOs Believe They Lack Sufficient Budget to Fully Execute Their Strategy in 2023,Business Wire,https://finance.yahoo.com/news/gartner-survey-reveals-71-cmos-173000074.html,1684776600,STORY
2d8dc1b2-7c81-3963-b4e1-9e6343d7caa3,IT,2023-6-5,Why Is Gartner (IT) Up 12.1% Since Last Earnings Report?,Zacks,https://finance.yahoo.com/news/why-gartner-12-1-since-153117895.html,1685633477,STORY
067d84c7-f536-3539-9ab5-bf5ecd1a2b6c,IT,2023-6-5,Project44 comes out on top in 2023 Gartner Magic Quadrant,FreightWaves,https://finance.yahoo.com/news/project44-comes-top-2023-gartner-204500159.html,1685565900,STORY
757efdc0-524e-3a37-83d2-e27bc7eaad26,IT,2023-6-5,Management Guidance Impacted Gartner (IT) in Q1,Insider Monkey,https://finance.yahoo.com/news/management-guidance-impacted-gartner-q1-115335307.html,1685361215,STORY
e6a93ca6-2020-37fd-9e39-d0a39dbcb604,IT,2023-6-5,"Gartner's (IT) Vast Customer Base Aids Growth, Liquidity Woes Ail",Zacks,https://finance.yahoo.com/news/gartners-vast-customer-aids-growth-192700619.html,1685042820,STORY
aa8402d0-e160-3be2-8a12-151c17b2520e,IT,2023-6-5,"Gartner Stock Tops In Group; Double-Digit Profit, Sales Growth",Investor's Business Daily,https://finance.yahoo.com/m/aa8402d0-e160-3be2-8a12-151c17b2520e/gartner-stock-tops-in-group%3B.html,1685031840,STORY
58bf1831-1eaf-3c32-b66e-454c9538e8b0,IT,2023-6-5,Gartner to Participate in the William Blair Growth Stock Conference,Business Wire,https://finance.yahoo.com/news/gartner-participate-william-blair-growth-123000087.html,1684931400,STORY
4c495a3a-d3a1-3983-91e4-1af96bd37a0a,IT,2023-6-5,"Gartner to Participate in the Baird 2023 Global Consumer, Technology & Services Conference",Business Wire,https://finance.yahoo.com/news/gartner-participate-baird-2023-global-120000264.html,1684843200,STORY
0808c4f1-a9f1-3acc-a7ce-c99b3d61591f,IT,2023-6-5,Gartner Survey Reveals 71% of CMOs Believe They Lack Sufficient Budget to Fully Execute Their Strategy in 2023,Business Wire,https://finance.yahoo.com/news/gartner-survey-reveals-71-cmos-173000074.html,1684776600,STORY
2d8dc1b2-7c81-3963-b4e1-9e6343d7caa3,IT,2023-6-6,Why Is Gartner (IT) Up 12.1% Since Last Earnings Report?,Zacks,https://finance.yahoo.com/news/why-gartner-12-1-since-153117895.html,1685633477,STORY
067d84c7-f536-3539-9ab5-bf5ecd1a2b6c,IT,2023-6-6,Project44 comes out on top in 2023 Gartner Magic Quadrant,FreightWaves,https://finance.yahoo.com/news/project44-comes-top-2023-gartner-204500159.html,1685565900,STORY
757efdc0-524e-3a37-83d2-e27bc7eaad26,IT,2023-6-6,Management Guidance Impacted Gartner (IT) in Q1,Insider Monkey,https://finance.yahoo.com/news/management-guidance-impacted-gartner-q1-115335307.html,1685361215,STORY
e6a93ca6-2020-37fd-9e39-d0a39dbcb604,IT,2023-6-6,"Gartner's (IT) Vast Customer Base Aids Growth, Liquidity Woes Ail",Zacks,https://finance.yahoo.com/news/gartners-vast-customer-aids-growth-192700619.html,1685042820,STORY
aa8402d0-e160-3be2-8a12-151c17b2520e,IT,2023-6-6,"Gartner Stock Tops In Group; Double-Digit Profit, Sales Growth",Investor's Business Daily,https://finance.yahoo.com/m/aa8402d0-e160-3be2-8a12-151c17b2520e/gartner-stock-tops-in-group%3B.html,1685031840,STORY
58bf1831-1eaf-3c32-b66e-454c9538e8b0,IT,2023-6-6,Gartner to Participate in the William Blair Growth Stock Conference,Business Wire,https://finance.yahoo.com/news/gartner-participate-william-blair-growth-123000087.html,1684931400,STORY
4c495a3a-d3a1-3983-91e4-1af96bd37a0a,IT,2023-6-6,"Gartner to Participate in the Baird 2023 Global Consumer, Technology & Services Conference",Business Wire,https://finance.yahoo.com/news/gartner-participate-baird-2023-global-120000264.html,1684843200,STORY
0808c4f1-a9f1-3acc-a7ce-c99b3d61591f,IT,2023-6-6,Gartner Survey Reveals 71% of CMOs Believe They Lack Sufficient Budget to Fully Execute Their Strategy in 2023,Business Wire,https://finance.yahoo.com/news/gartner-survey-reveals-71-cmos-173000074.html,1684776600,STORY
2d8dc1b2-7c81-3963-b4e1-9e6343d7caa3,IT,2023-6-7,Why Is Gartner (IT) Up 12.1% Since Last Earnings Report?,Zacks,https://finance.yahoo.com/news/why-gartner-12-1-since-153117895.html,1685633477,STORY
067d84c7-f536-3539-9ab5-bf5ecd1a2b6c,IT,2023-6-7,Project44 comes out on top in 2023 Gartner Magic Quadrant,FreightWaves,https://finance.yahoo.com/news/project44-comes-top-2023-gartner-204500159.html,1685565900,STORY
757efdc0-524e-3a37-83d2-e27bc7eaad26,IT,2023-6-7,Management Guidance Impacted Gartner (IT) in Q1,Insider Monkey,https://finance.yahoo.com/news/management-guidance-impacted-gartner-q1-115335307.html,1685361215,STORY
e6a93ca6-2020-37fd-9e39-d0a39dbcb604,IT,2023-6-7,"Gartner's (IT) Vast Customer Base Aids Growth, Liquidity Woes Ail",Zacks,https://finance.yahoo.com/news/gartners-vast-customer-aids-growth-192700619.html,1685042820,STORY
aa8402d0-e160-3be2-8a12-151c17b2520e,IT,2023-6-7,"Gartner Stock Tops In Group; Double-Digit Profit, Sales Growth",Investor's Business Daily,https://finance.yahoo.com/m/aa8402d0-e160-3be2-8a12-151c17b2520e/gartner-stock-tops-in-group%3B.html,1685031840,STORY
58bf1831-1eaf-3c32-b66e-454c9538e8b0,IT,2023-6-7,Gartner to Participate in the William Blair Growth Stock Conference,Business Wire,https://finance.yahoo.com/news/gartner-participate-william-blair-growth-123000087.html,1684931400,STORY
4c495a3a-d3a1-3983-91e4-1af96bd37a0a,IT,2023-6-7,"Gartner to Participate in the Baird 2023 Global Consumer, Technology & Services Conference",Business Wire,https://finance.yahoo.com/news/gartner-participate-baird-2023-global-120000264.html,1684843200,STORY
0808c4f1-a9f1-3acc-a7ce-c99b3d61591f,IT,2023-6-7,Gartner Survey Reveals 71% of CMOs Believe They Lack Sufficient Budget to Fully Execute Their Strategy in 2023,Business Wire,https://finance.yahoo.com/news/gartner-survey-reveals-71-cmos-173000074.html,1684776600,STORY
2d8dc1b2-7c81-3963-b4e1-9e6343d7caa3,IT,2023-6-8,Why Is Gartner (IT) Up 12.1% Since Last Earnings Report?,Zacks,https://finance.yahoo.com/news/why-gartner-12-1-since-153117895.html,1685633477,STORY
067d84c7-f536-3539-9ab5-bf5ecd1a2b6c,IT,2023-6-8,Project44 comes out on top in 2023 Gartner Magic Quadrant,FreightWaves,https://finance.yahoo.com/news/project44-comes-top-2023-gartner-204500159.html,1685565900,STORY
757efdc0-524e-3a37-83d2-e27bc7eaad26,IT,2023-6-8,Management Guidance Impacted Gartner (IT) in Q1,Insider Monkey,https://finance.yahoo.com/news/management-guidance-impacted-gartner-q1-115335307.html,1685361215,STORY
e6a93ca6-2020-37fd-9e39-d0a39dbcb604,IT,2023-6-8,"Gartner's (IT) Vast Customer Base Aids Growth, Liquidity Woes Ail",Zacks,https://finance.yahoo.com/news/gartners-vast-customer-aids-growth-192700619.html,1685042820,STORY
aa8402d0-e160-3be2-8a12-151c17b2520e,IT,2023-6-8,"Gartner Stock Tops In Group; Double-Digit Profit, Sales Growth",Investor's Business Daily,https://finance.yahoo.com/m/aa8402d0-e160-3be2-8a12-151c17b2520e/gartner-stock-tops-in-group%3B.html,1685031840,STORY
58bf1831-1eaf-3c32-b66e-454c9538e8b0,IT,2023-6-8,Gartner to Participate in the William Blair Growth Stock Conference,Business Wire,https://finance.yahoo.com/news/gartner-participate-william-blair-growth-123000087.html,1684931400,STORY
4c495a3a-d3a1-3983-91e4-1af96bd37a0a,IT,2023-6-8,"Gartner to Participate in the Baird 2023 Global Consumer, Technology & Services Conference",Business Wire,https://finance.yahoo.com/news/gartner-participate-baird-2023-global-120000264.html,1684843200,STORY
0808c4f1-a9f1-3acc-a7ce-c99b3d61591f,IT,2023-6-8,Gartner Survey Reveals 71% of CMOs Believe They Lack Sufficient Budget to Fully Execute Their Strategy in 2023,Business Wire,https://finance.yahoo.com/news/gartner-survey-reveals-71-cmos-173000074.html,1684776600,STORY
2d8dc1b2-7c81-3963-b4e1-9e6343d7caa3,IT,2023-6-9,Why Is Gartner (IT) Up 12.1% Since Last Earnings Report?,Zacks,https://finance.yahoo.com/news/why-gartner-12-1-since-153117895.html,1685633477,STORY
067d84c7-f536-3539-9ab5-bf5ecd1a2b6c,IT,2023-6-9,Project44 comes out on top in 2023 Gartner Magic Quadrant,FreightWaves,https://finance.yahoo.com/news/project44-comes-top-2023-gartner-204500159.html,1685565900,STORY
757efdc0-524e-3a37-83d2-e27bc7eaad26,IT,2023-6-9,Management Guidance Impacted Gartner (IT) in Q1,Insider Monkey,https://finance.yahoo.com/news/management-guidance-impacted-gartner-q1-115335307.html,1685361215,STORY
e6a93ca6-2020-37fd-9e39-d0a39dbcb604,IT,2023-6-9,"Gartner's (IT) Vast Customer Base Aids Growth, Liquidity Woes Ail",Zacks,https://finance.yahoo.com/news/gartners-vast-customer-aids-growth-192700619.html,1685042820,STORY
aa8402d0-e160-3be2-8a12-151c17b2520e,IT,2023-6-9,"Gartner Stock Tops In Group; Double-Digit Profit, Sales Growth",Investor's Business Daily,https://finance.yahoo.com/m/aa8402d0-e160-3be2-8a12-151c17b2520e/gartner-stock-tops-in-group%3B.html,1685031840,STORY
58bf1831-1eaf-3c32-b66e-454c9538e8b0,IT,2023-6-9,Gartner to Participate in the William Blair Growth Stock Conference,Business Wire,https://finance.yahoo.com/news/gartner-participate-william-blair-growth-123000087.html,1684931400,STORY
4c495a3a-d3a1-3983-91e4-1af96bd37a0a,IT,2023-6-9,"Gartner to Participate in the Baird 2023 Global Consumer, Technology & Services Conference",Business Wire,https://finance.yahoo.com/news/gartner-participate-baird-2023-global-120000264.html,1684843200,STORY
0808c4f1-a9f1-3acc-a7ce-c99b3d61591f,IT,2023-6-9,Gartner Survey Reveals 71% of CMOs Believe They Lack Sufficient Budget to Fully Execute Their Strategy in 2023,Business Wire,https://finance.yahoo.com/news/gartner-survey-reveals-71-cmos-173000074.html,1684776600,STORY
2d8dc1b2-7c81-3963-b4e1-9e6343d7caa3,IT,2023-6-10,Why Is Gartner (IT) Up 12.1% Since Last Earnings Report?,Zacks,https://finance.yahoo.com/news/why-gartner-12-1-since-153117895.html,1685633477,STORY
067d84c7-f536-3539-9ab5-bf5ecd1a2b6c,IT,2023-6-10,Project44 comes out on top in 2023 Gartner Magic Quadrant,FreightWaves,https://finance.yahoo.com/news/project44-comes-top-2023-gartner-204500159.html,1685565900,STORY
757efdc0-524e-3a37-83d2-e27bc7eaad26,IT,2023-6-10,Management Guidance Impacted Gartner (IT) in Q1,Insider Monkey,https://finance.yahoo.com/news/management-guidance-impacted-gartner-q1-115335307.html,1685361215,STORY
e6a93ca6-2020-37fd-9e39-d0a39dbcb604,IT,2023-6-10,"Gartner's (IT) Vast Customer Base Aids Growth, Liquidity Woes Ail",Zacks,https://finance.yahoo.com/news/gartners-vast-customer-aids-growth-192700619.html,1685042820,STORY
aa8402d0-e160-3be2-8a12-151c17b2520e,IT,2023-6-10,"Gartner Stock Tops In Group; Double-Digit Profit, Sales Growth",Investor's Business Daily,https://finance.yahoo.com/m/aa8402d0-e160-3be2-8a12-151c17b2520e/gartner-stock-tops-in-group%3B.html,1685031840,STORY
58bf1831-1eaf-3c32-b66e-454c9538e8b0,IT,2023-6-10,Gartner to Participate in the William Blair Growth Stock Conference,Business Wire,https://finance.yahoo.com/news/gartner-participate-william-blair-growth-123000087.html,1684931400,STORY
4c495a3a-d3a1-3983-91e4-1af96bd37a0a,IT,2023-6-10,"Gartner to Participate in the Baird 2023 Global Consumer, Technology & Services Conference",Business Wire,https://finance.yahoo.com/news/gartner-participate-baird-2023-global-120000264.html,1684843200,STORY
0808c4f1-a9f1-3acc-a7ce-c99b3d61591f,IT,2023-6-10,Gartner Survey Reveals 71% of CMOs Believe They Lack Sufficient Budget to Fully Execute Their Strategy in 2023,Business Wire,https://finance.yahoo.com/news/gartner-survey-reveals-71-cmos-173000074.html,1684776600,STORY
2d8dc1b2-7c81-3963-b4e1-9e6343d7caa3,IT,2023-6-11,Why Is Gartner (IT) Up 12.1% Since Last Earnings Report?,Zacks,https://finance.yahoo.com/news/why-gartner-12-1-since-153117895.html,1685633477,STORY
067d84c7-f536-3539-9ab5-bf5ecd1a2b6c,IT,2023-6-11,Project44 comes out on top in 2023 Gartner Magic Quadrant,FreightWaves,https://finance.yahoo.com/news/project44-comes-top-2023-gartner-204500159.html,1685565900,STORY
757efdc0-524e-3a37-83d2-e27bc7eaad26,IT,2023-6-11,Management Guidance Impacted Gartner (IT) in Q1,Insider Monkey,https://finance.yahoo.com/news/management-guidance-impacted-gartner-q1-115335307.html,1685361215,STORY
e6a93ca6-2020-37fd-9e39-d0a39dbcb604,IT,2023-6-11,"Gartner's (IT) Vast Customer Base Aids Growth, Liquidity Woes Ail",Zacks,https://finance.yahoo.com/news/gartners-vast-customer-aids-growth-192700619.html,1685042820,STORY
aa8402d0-e160-3be2-8a12-151c17b2520e,IT,2023-6-11,"Gartner Stock Tops In Group; Double-Digit Profit, Sales Growth",Investor's Business Daily,https://finance.yahoo.com/m/aa8402d0-e160-3be2-8a12-151c17b2520e/gartner-stock-tops-in-group%3B.html,1685031840,STORY
58bf1831-1eaf-3c32-b66e-454c9538e8b0,IT,2023-6-11,Gartner to Participate in the William Blair Growth Stock Conference,Business Wire,https://finance.yahoo.com/news/gartner-participate-william-blair-growth-123000087.html,1684931400,STORY
4c495a3a-d3a1-3983-91e4-1af96bd37a0a,IT,2023-6-11,"Gartner to Participate in the Baird 2023 Global Consumer, Technology & Services Conference",Business Wire,https://finance.yahoo.com/news/gartner-participate-baird-2023-global-120000264.html,1684843200,STORY
0808c4f1-a9f1-3acc-a7ce-c99b3d61591f,IT,2023-6-11,Gartner Survey Reveals 71% of CMOs Believe They Lack Sufficient Budget to Fully Execute Their Strategy in 2023,Business Wire,https://finance.yahoo.com/news/gartner-survey-reveals-71-cmos-173000074.html,1684776600,STORY
2d8dc1b2-7c81-3963-b4e1-9e6343d7caa3,IT,2023-6-12,Why Is Gartner (IT) Up 12.1% Since Last Earnings Report?,Zacks,https://finance.yahoo.com/news/why-gartner-12-1-since-153117895.html,1685633477,STORY
067d84c7-f536-3539-9ab5-bf5ecd1a2b6c,IT,2023-6-12,Project44 comes out on top in 2023 Gartner Magic Quadrant,FreightWaves,https://finance.yahoo.com/news/project44-comes-top-2023-gartner-204500159.html,1685565900,STORY
757efdc0-524e-3a37-83d2-e27bc7eaad26,IT,2023-6-12,Management Guidance Impacted Gartner (IT) in Q1,Insider Monkey,https://finance.yahoo.com/news/management-guidance-impacted-gartner-q1-115335307.html,1685361215,STORY
e6a93ca6-2020-37fd-9e39-d0a39dbcb604,IT,2023-6-12,"Gartner's (IT) Vast Customer Base Aids Growth, Liquidity Woes Ail",Zacks,https://finance.yahoo.com/news/gartners-vast-customer-aids-growth-192700619.html,1685042820,STORY
aa8402d0-e160-3be2-8a12-151c17b2520e,IT,2023-6-12,"Gartner Stock Tops In Group; Double-Digit Profit, Sales Growth",Investor's Business Daily,https://finance.yahoo.com/m/aa8402d0-e160-3be2-8a12-151c17b2520e/gartner-stock-tops-in-group%3B.html,1685031840,STORY
58bf1831-1eaf-3c32-b66e-454c9538e8b0,IT,2023-6-12,Gartner to Participate in the William Blair Growth Stock Conference,Business Wire,https://finance.yahoo.com/news/gartner-participate-william-blair-growth-123000087.html,1684931400,STORY
4c495a3a-d3a1-3983-91e4-1af96bd37a0a,IT,2023-6-12,"Gartner to Participate in the Baird 2023 Global Consumer, Technology & Services Conference",Business Wire,https://finance.yahoo.com/news/gartner-participate-baird-2023-global-120000264.html,1684843200,STORY
0808c4f1-a9f1-3acc-a7ce-c99b3d61591f,IT,2023-6-12,Gartner Survey Reveals 71% of CMOs Believe They Lack Sufficient Budget to Fully Execute Their Strategy in 2023,Business Wire,https://finance.yahoo.com/news/gartner-survey-reveals-71-cmos-173000074.html,1684776600,STORY
2d8dc1b2-7c81-3963-b4e1-9e6343d7caa3,IT,2023-6-13,Why Is Gartner (IT) Up 12.1% Since Last Earnings Report?,Zacks,https://finance.yahoo.com/news/why-gartner-12-1-since-153117895.html,1685633477,STORY
067d84c7-f536-3539-9ab5-bf5ecd1a2b6c,IT,2023-6-13,Project44 comes out on top in 2023 Gartner Magic Quadrant,FreightWaves,https://finance.yahoo.com/news/project44-comes-top-2023-gartner-204500159.html,1685565900,STORY
757efdc0-524e-3a37-83d2-e27bc7eaad26,IT,2023-6-13,Management Guidance Impacted Gartner (IT) in Q1,Insider Monkey,https://finance.yahoo.com/news/management-guidance-impacted-gartner-q1-115335307.html,1685361215,STORY
e6a93ca6-2020-37fd-9e39-d0a39dbcb604,IT,2023-6-13,"Gartner's (IT) Vast Customer Base Aids Growth, Liquidity Woes Ail",Zacks,https://finance.yahoo.com/news/gartners-vast-customer-aids-growth-192700619.html,1685042820,STORY
aa8402d0-e160-3be2-8a12-151c17b2520e,IT,2023-6-13,"Gartner Stock Tops In Group; Double-Digit Profit, Sales Growth",Investor's Business Daily,https://finance.yahoo.com/m/aa8402d0-e160-3be2-8a12-151c17b2520e/gartner-stock-tops-in-group%3B.html,1685031840,STORY
58bf1831-1eaf-3c32-b66e-454c9538e8b0,IT,2023-6-13,Gartner to Participate in the William Blair Growth Stock Conference,Business Wire,https://finance.yahoo.com/news/gartner-participate-william-blair-growth-123000087.html,1684931400,STORY
4c495a3a-d3a1-3983-91e4-1af96bd37a0a,IT,2023-6-13,"Gartner to Participate in the Baird 2023 Global Consumer, Technology & Services Conference",Business Wire,https://finance.yahoo.com/news/gartner-participate-baird-2023-global-120000264.html,1684843200,STORY
0808c4f1-a9f1-3acc-a7ce-c99b3d61591f,IT,2023-6-13,Gartner Survey Reveals 71% of CMOs Believe They Lack Sufficient Budget to Fully Execute Their Strategy in 2023,Business Wire,https://finance.yahoo.com/news/gartner-survey-reveals-71-cmos-173000074.html,1684776600,STORY
a9307bc7-bdfc-3019-b41c-78b42961964f,IT,2023-6-14,Daily – Vickers Top Buyers & Sellers for 06/14/2023,Argus Research,https://finance.yahoo.com/m/a9307bc7-bdfc-3019-b41c-78b42961964f/daily-%E2%80%93-vickers-top-buyers-%26.html,1686739196,STORY
2d8dc1b2-7c81-3963-b4e1-9e6343d7caa3,IT,2023-6-14,Why Is Gartner (IT) Up 12.1% Since Last Earnings Report?,Zacks,https://finance.yahoo.com/news/why-gartner-12-1-since-153117895.html,1685633477,STORY
067d84c7-f536-3539-9ab5-bf5ecd1a2b6c,IT,2023-6-14,Project44 comes out on top in 2023 Gartner Magic Quadrant,FreightWaves,https://finance.yahoo.com/news/project44-comes-top-2023-gartner-204500159.html,1685565900,STORY
757efdc0-524e-3a37-83d2-e27bc7eaad26,IT,2023-6-14,Management Guidance Impacted Gartner (IT) in Q1,Insider Monkey,https://finance.yahoo.com/news/management-guidance-impacted-gartner-q1-115335307.html,1685361215,STORY
e6a93ca6-2020-37fd-9e39-d0a39dbcb604,IT,2023-6-14,"Gartner's (IT) Vast Customer Base Aids Growth, Liquidity Woes Ail",Zacks,https://finance.yahoo.com/news/gartners-vast-customer-aids-growth-192700619.html,1685042820,STORY
aa8402d0-e160-3be2-8a12-151c17b2520e,IT,2023-6-14,"Gartner Stock Tops In Group; Double-Digit Profit, Sales Growth",Investor's Business Daily,https://finance.yahoo.com/m/aa8402d0-e160-3be2-8a12-151c17b2520e/gartner-stock-tops-in-group%3B.html,1685031840,STORY
58bf1831-1eaf-3c32-b66e-454c9538e8b0,IT,2023-6-14,Gartner to Participate in the William Blair Growth Stock Conference,Business Wire,https://finance.yahoo.com/news/gartner-participate-william-blair-growth-123000087.html,1684931400,STORY
4c495a3a-d3a1-3983-91e4-1af96bd37a0a,IT,2023-6-14,"Gartner to Participate in the Baird 2023 Global Consumer, Technology & Services Conference",Business Wire,https://finance.yahoo.com/news/gartner-participate-baird-2023-global-120000264.html,1684843200,STORY
a9307bc7-bdfc-3019-b41c-78b42961964f,IT,2023-6-15,Daily – Vickers Top Buyers & Sellers for 06/14/2023,Argus Research,https://finance.yahoo.com/m/a9307bc7-bdfc-3019-b41c-78b42961964f/daily-%E2%80%93-vickers-top-buyers-%26.html,1686739196,STORY
2d8dc1b2-7c81-3963-b4e1-9e6343d7caa3,IT,2023-6-15,Why Is Gartner (IT) Up 12.1% Since Last Earnings Report?,Zacks,https://finance.yahoo.com/news/why-gartner-12-1-since-153117895.html,1685633477,STORY
067d84c7-f536-3539-9ab5-bf5ecd1a2b6c,IT,2023-6-15,Project44 comes out on top in 2023 Gartner Magic Quadrant,FreightWaves,https://finance.yahoo.com/news/project44-comes-top-2023-gartner-204500159.html,1685565900,STORY
757efdc0-524e-3a37-83d2-e27bc7eaad26,IT,2023-6-15,Management Guidance Impacted Gartner (IT) in Q1,Insider Monkey,https://finance.yahoo.com/news/management-guidance-impacted-gartner-q1-115335307.html,1685361215,STORY
e6a93ca6-2020-37fd-9e39-d0a39dbcb604,IT,2023-6-15,"Gartner's (IT) Vast Customer Base Aids Growth, Liquidity Woes Ail",Zacks,https://finance.yahoo.com/news/gartners-vast-customer-aids-growth-192700619.html,1685042820,STORY
aa8402d0-e160-3be2-8a12-151c17b2520e,IT,2023-6-15,"Gartner Stock Tops In Group; Double-Digit Profit, Sales Growth",Investor's Business Daily,https://finance.yahoo.com/m/aa8402d0-e160-3be2-8a12-151c17b2520e/gartner-stock-tops-in-group%3B.html,1685031840,STORY
58bf1831-1eaf-3c32-b66e-454c9538e8b0,IT,2023-6-15,Gartner to Participate in the William Blair Growth Stock Conference,Business Wire,https://finance.yahoo.com/news/gartner-participate-william-blair-growth-123000087.html,1684931400,STORY
4c495a3a-d3a1-3983-91e4-1af96bd37a0a,IT,2023-6-15,"Gartner to Participate in the Baird 2023 Global Consumer, Technology & Services Conference",Business Wire,https://finance.yahoo.com/news/gartner-participate-baird-2023-global-120000264.html,1684843200,STORY
9f2db9b1-e160-3356-a664-7b8b4ce1adc5,IT,2023-6-16,Gartner (IT) Rises 57% in a Year: Here's What You Should Know,Zacks,https://finance.yahoo.com/news/gartner-rises-57-heres-know-163500010.html,1686846900,STORY
2d8dc1b2-7c81-3963-b4e1-9e6343d7caa3,IT,2023-6-16,Why Is Gartner (IT) Up 12.1% Since Last Earnings Report?,Zacks,https://finance.yahoo.com/news/why-gartner-12-1-since-153117895.html,1685633477,STORY
067d84c7-f536-3539-9ab5-bf5ecd1a2b6c,IT,2023-6-16,Project44 comes out on top in 2023 Gartner Magic Quadrant,FreightWaves,https://finance.yahoo.com/news/project44-comes-top-2023-gartner-204500159.html,1685565900,STORY
757efdc0-524e-3a37-83d2-e27bc7eaad26,IT,2023-6-16,Management Guidance Impacted Gartner (IT) in Q1,Insider Monkey,https://finance.yahoo.com/news/management-guidance-impacted-gartner-q1-115335307.html,1685361215,STORY
e6a93ca6-2020-37fd-9e39-d0a39dbcb604,IT,2023-6-16,"Gartner's (IT) Vast Customer Base Aids Growth, Liquidity Woes Ail",Zacks,https://finance.yahoo.com/news/gartners-vast-customer-aids-growth-192700619.html,1685042820,STORY
aa8402d0-e160-3be2-8a12-151c17b2520e,IT,2023-6-16,"Gartner Stock Tops In Group; Double-Digit Profit, Sales Growth",Investor's Business Daily,https://finance.yahoo.com/m/aa8402d0-e160-3be2-8a12-151c17b2520e/gartner-stock-tops-in-group%3B.html,1685031840,STORY
58bf1831-1eaf-3c32-b66e-454c9538e8b0,IT,2023-6-16,Gartner to Participate in the William Blair Growth Stock Conference,Business Wire,https://finance.yahoo.com/news/gartner-participate-william-blair-growth-123000087.html,1684931400,STORY
4c495a3a-d3a1-3983-91e4-1af96bd37a0a,IT,2023-6-16,"Gartner to Participate in the Baird 2023 Global Consumer, Technology & Services Conference",Business Wire,https://finance.yahoo.com/news/gartner-participate-baird-2023-global-120000264.html,1684843200,STORY
9f2db9b1-e160-3356-a664-7b8b4ce1adc5,IT,2023-6-17,Gartner (IT) Rises 57% in a Year: Here's What You Should Know,Zacks,https://finance.yahoo.com/news/gartner-rises-57-heres-know-163500010.html,1686846900,STORY
2d8dc1b2-7c81-3963-b4e1-9e6343d7caa3,IT,2023-6-17,Why Is Gartner (IT) Up 12.1% Since Last Earnings Report?,Zacks,https://finance.yahoo.com/news/why-gartner-12-1-since-153117895.html,1685633477,STORY
067d84c7-f536-3539-9ab5-bf5ecd1a2b6c,IT,2023-6-17,Project44 comes out on top in 2023 Gartner Magic Quadrant,FreightWaves,https://finance.yahoo.com/news/project44-comes-top-2023-gartner-204500159.html,1685565900,STORY
757efdc0-524e-3a37-83d2-e27bc7eaad26,IT,2023-6-17,Management Guidance Impacted Gartner (IT) in Q1,Insider Monkey,https://finance.yahoo.com/news/management-guidance-impacted-gartner-q1-115335307.html,1685361215,STORY
e6a93ca6-2020-37fd-9e39-d0a39dbcb604,IT,2023-6-17,"Gartner's (IT) Vast Customer Base Aids Growth, Liquidity Woes Ail",Zacks,https://finance.yahoo.com/news/gartners-vast-customer-aids-growth-192700619.html,1685042820,STORY
aa8402d0-e160-3be2-8a12-151c17b2520e,IT,2023-6-17,"Gartner Stock Tops In Group; Double-Digit Profit, Sales Growth",Investor's Business Daily,https://finance.yahoo.com/m/aa8402d0-e160-3be2-8a12-151c17b2520e/gartner-stock-tops-in-group%3B.html,1685031840,STORY
58bf1831-1eaf-3c32-b66e-454c9538e8b0,IT,2023-6-17,Gartner to Participate in the William Blair Growth Stock Conference,Business Wire,https://finance.yahoo.com/news/gartner-participate-william-blair-growth-123000087.html,1684931400,STORY
4c495a3a-d3a1-3983-91e4-1af96bd37a0a,IT,2023-6-17,"Gartner to Participate in the Baird 2023 Global Consumer, Technology & Services Conference",Business Wire,https://finance.yahoo.com/news/gartner-participate-baird-2023-global-120000264.html,1684843200,STORY
9f2db9b1-e160-3356-a664-7b8b4ce1adc5,IT,2023-6-18,Gartner (IT) Rises 57% in a Year: Here's What You Should Know,Zacks,https://finance.yahoo.com/news/gartner-rises-57-heres-know-163500010.html,1686846900,STORY
2d8dc1b2-7c81-3963-b4e1-9e6343d7caa3,IT,2023-6-18,Why Is Gartner (IT) Up 12.1% Since Last Earnings Report?,Zacks,https://finance.yahoo.com/news/why-gartner-12-1-since-153117895.html,1685633477,STORY
067d84c7-f536-3539-9ab5-bf5ecd1a2b6c,IT,2023-6-18,Project44 comes out on top in 2023 Gartner Magic Quadrant,FreightWaves,https://finance.yahoo.com/news/project44-comes-top-2023-gartner-204500159.html,1685565900,STORY
757efdc0-524e-3a37-83d2-e27bc7eaad26,IT,2023-6-18,Management Guidance Impacted Gartner (IT) in Q1,Insider Monkey,https://finance.yahoo.com/news/management-guidance-impacted-gartner-q1-115335307.html,1685361215,STORY
e6a93ca6-2020-37fd-9e39-d0a39dbcb604,IT,2023-6-18,"Gartner's (IT) Vast Customer Base Aids Growth, Liquidity Woes Ail",Zacks,https://finance.yahoo.com/news/gartners-vast-customer-aids-growth-192700619.html,1685042820,STORY
aa8402d0-e160-3be2-8a12-151c17b2520e,IT,2023-6-18,"Gartner Stock Tops In Group; Double-Digit Profit, Sales Growth",Investor's Business Daily,https://finance.yahoo.com/m/aa8402d0-e160-3be2-8a12-151c17b2520e/gartner-stock-tops-in-group%3B.html,1685031840,STORY
58bf1831-1eaf-3c32-b66e-454c9538e8b0,IT,2023-6-18,Gartner to Participate in the William Blair Growth Stock Conference,Business Wire,https://finance.yahoo.com/news/gartner-participate-william-blair-growth-123000087.html,1684931400,STORY
4c495a3a-d3a1-3983-91e4-1af96bd37a0a,IT,2023-6-18,"Gartner to Participate in the Baird 2023 Global Consumer, Technology & Services Conference",Business Wire,https://finance.yahoo.com/news/gartner-participate-baird-2023-global-120000264.html,1684843200,STORY
9f2db9b1-e160-3356-a664-7b8b4ce1adc5,IT,2023-6-19,Gartner (IT) Rises 57% in a Year: Here's What You Should Know,Zacks,https://finance.yahoo.com/news/gartner-rises-57-heres-know-163500010.html,1686846900,STORY
2d8dc1b2-7c81-3963-b4e1-9e6343d7caa3,IT,2023-6-19,Why Is Gartner (IT) Up 12.1% Since Last Earnings Report?,Zacks,https://finance.yahoo.com/news/why-gartner-12-1-since-153117895.html,1685633477,STORY
067d84c7-f536-3539-9ab5-bf5ecd1a2b6c,IT,2023-6-19,Project44 comes out on top in 2023 Gartner Magic Quadrant,FreightWaves,https://finance.yahoo.com/news/project44-comes-top-2023-gartner-204500159.html,1685565900,STORY
757efdc0-524e-3a37-83d2-e27bc7eaad26,IT,2023-6-19,Management Guidance Impacted Gartner (IT) in Q1,Insider Monkey,https://finance.yahoo.com/news/management-guidance-impacted-gartner-q1-115335307.html,1685361215,STORY
e6a93ca6-2020-37fd-9e39-d0a39dbcb604,IT,2023-6-19,"Gartner's (IT) Vast Customer Base Aids Growth, Liquidity Woes Ail",Zacks,https://finance.yahoo.com/news/gartners-vast-customer-aids-growth-192700619.html,1685042820,STORY
aa8402d0-e160-3be2-8a12-151c17b2520e,IT,2023-6-19,"Gartner Stock Tops In Group; Double-Digit Profit, Sales Growth",Investor's Business Daily,https://finance.yahoo.com/m/aa8402d0-e160-3be2-8a12-151c17b2520e/gartner-stock-tops-in-group%3B.html,1685031840,STORY
58bf1831-1eaf-3c32-b66e-454c9538e8b0,IT,2023-6-19,Gartner to Participate in the William Blair Growth Stock Conference,Business Wire,https://finance.yahoo.com/news/gartner-participate-william-blair-growth-123000087.html,1684931400,STORY
4c495a3a-d3a1-3983-91e4-1af96bd37a0a,IT,2023-6-19,"Gartner to Participate in the Baird 2023 Global Consumer, Technology & Services Conference",Business Wire,https://finance.yahoo.com/news/gartner-participate-baird-2023-global-120000264.html,1684843200,STORY
9f2db9b1-e160-3356-a664-7b8b4ce1adc5,IT,2023-6-20,Gartner (IT) Rises 57% in a Year: Here's What You Should Know,Zacks,https://finance.yahoo.com/news/gartner-rises-57-heres-know-163500010.html,1686846900,STORY
2d8dc1b2-7c81-3963-b4e1-9e6343d7caa3,IT,2023-6-20,Why Is Gartner (IT) Up 12.1% Since Last Earnings Report?,Zacks,https://finance.yahoo.com/news/why-gartner-12-1-since-153117895.html,1685633477,STORY
067d84c7-f536-3539-9ab5-bf5ecd1a2b6c,IT,2023-6-20,Project44 comes out on top in 2023 Gartner Magic Quadrant,FreightWaves,https://finance.yahoo.com/news/project44-comes-top-2023-gartner-204500159.html,1685565900,STORY
757efdc0-524e-3a37-83d2-e27bc7eaad26,IT,2023-6-20,Management Guidance Impacted Gartner (IT) in Q1,Insider Monkey,https://finance.yahoo.com/news/management-guidance-impacted-gartner-q1-115335307.html,1685361215,STORY
e6a93ca6-2020-37fd-9e39-d0a39dbcb604,IT,2023-6-20,"Gartner's (IT) Vast Customer Base Aids Growth, Liquidity Woes Ail",Zacks,https://finance.yahoo.com/news/gartners-vast-customer-aids-growth-192700619.html,1685042820,STORY
aa8402d0-e160-3be2-8a12-151c17b2520e,IT,2023-6-20,"Gartner Stock Tops In Group; Double-Digit Profit, Sales Growth",Investor's Business Daily,https://finance.yahoo.com/m/aa8402d0-e160-3be2-8a12-151c17b2520e/gartner-stock-tops-in-group%3B.html,1685031840,STORY
58bf1831-1eaf-3c32-b66e-454c9538e8b0,IT,2023-6-20,Gartner to Participate in the William Blair Growth Stock Conference,Business Wire,https://finance.yahoo.com/news/gartner-participate-william-blair-growth-123000087.html,1684931400,STORY
4c495a3a-d3a1-3983-91e4-1af96bd37a0a,IT,2023-6-20,"Gartner to Participate in the Baird 2023 Global Consumer, Technology & Services Conference",Business Wire,https://finance.yahoo.com/news/gartner-participate-baird-2023-global-120000264.html,1684843200,STORY
9f2db9b1-e160-3356-a664-7b8b4ce1adc5,IT,2023-6-21,Gartner (IT) Rises 57% in a Year: Here's What You Should Know,Zacks,https://finance.yahoo.com/news/gartner-rises-57-heres-know-163500010.html,1686846900,STORY
2d8dc1b2-7c81-3963-b4e1-9e6343d7caa3,IT,2023-6-21,Why Is Gartner (IT) Up 12.1% Since Last Earnings Report?,Zacks,https://finance.yahoo.com/news/why-gartner-12-1-since-153117895.html,1685633477,STORY
067d84c7-f536-3539-9ab5-bf5ecd1a2b6c,IT,2023-6-21,Project44 comes out on top in 2023 Gartner Magic Quadrant,FreightWaves,https://finance.yahoo.com/news/project44-comes-top-2023-gartner-204500159.html,1685565900,STORY
757efdc0-524e-3a37-83d2-e27bc7eaad26,IT,2023-6-21,Management Guidance Impacted Gartner (IT) in Q1,Insider Monkey,https://finance.yahoo.com/news/management-guidance-impacted-gartner-q1-115335307.html,1685361215,STORY
e6a93ca6-2020-37fd-9e39-d0a39dbcb604,IT,2023-6-21,"Gartner's (IT) Vast Customer Base Aids Growth, Liquidity Woes Ail",Zacks,https://finance.yahoo.com/news/gartners-vast-customer-aids-growth-192700619.html,1685042820,STORY
aa8402d0-e160-3be2-8a12-151c17b2520e,IT,2023-6-21,"Gartner Stock Tops In Group; Double-Digit Profit, Sales Growth",Investor's Business Daily,https://finance.yahoo.com/m/aa8402d0-e160-3be2-8a12-151c17b2520e/gartner-stock-tops-in-group%3B.html,1685031840,STORY
58bf1831-1eaf-3c32-b66e-454c9538e8b0,IT,2023-6-21,Gartner to Participate in the William Blair Growth Stock Conference,Business Wire,https://finance.yahoo.com/news/gartner-participate-william-blair-growth-123000087.html,1684931400,STORY
4c495a3a-d3a1-3983-91e4-1af96bd37a0a,IT,2023-6-21,"Gartner to Participate in the Baird 2023 Global Consumer, Technology & Services Conference",Business Wire,https://finance.yahoo.com/news/gartner-participate-baird-2023-global-120000264.html,1684843200,STORY
9f2db9b1-e160-3356-a664-7b8b4ce1adc5,IT,2023-6-22,Gartner (IT) Rises 57% in a Year: Here's What You Should Know,Zacks,https://finance.yahoo.com/news/gartner-rises-57-heres-know-163500010.html,1686846900,STORY
2d8dc1b2-7c81-3963-b4e1-9e6343d7caa3,IT,2023-6-22,Why Is Gartner (IT) Up 12.1% Since Last Earnings Report?,Zacks,https://finance.yahoo.com/news/why-gartner-12-1-since-153117895.html,1685633477,STORY
067d84c7-f536-3539-9ab5-bf5ecd1a2b6c,IT,2023-6-22,Project44 comes out on top in 2023 Gartner Magic Quadrant,FreightWaves,https://finance.yahoo.com/news/project44-comes-top-2023-gartner-204500159.html,1685565900,STORY
757efdc0-524e-3a37-83d2-e27bc7eaad26,IT,2023-6-22,Management Guidance Impacted Gartner (IT) in Q1,Insider Monkey,https://finance.yahoo.com/news/management-guidance-impacted-gartner-q1-115335307.html,1685361215,STORY
e6a93ca6-2020-37fd-9e39-d0a39dbcb604,IT,2023-6-22,"Gartner's (IT) Vast Customer Base Aids Growth, Liquidity Woes Ail",Zacks,https://finance.yahoo.com/news/gartners-vast-customer-aids-growth-192700619.html,1685042820,STORY
aa8402d0-e160-3be2-8a12-151c17b2520e,IT,2023-6-22,"Gartner Stock Tops In Group; Double-Digit Profit, Sales Growth",Investor's Business Daily,https://finance.yahoo.com/m/aa8402d0-e160-3be2-8a12-151c17b2520e/gartner-stock-tops-in-group%3B.html,1685031840,STORY
58bf1831-1eaf-3c32-b66e-454c9538e8b0,IT,2023-6-22,Gartner to Participate in the William Blair Growth Stock Conference,Business Wire,https://finance.yahoo.com/news/gartner-participate-william-blair-growth-123000087.html,1684931400,STORY
4c495a3a-d3a1-3983-91e4-1af96bd37a0a,IT,2023-6-22,"Gartner to Participate in the Baird 2023 Global Consumer, Technology & Services Conference",Business Wire,https://finance.yahoo.com/news/gartner-participate-baird-2023-global-120000264.html,1684843200,STORY
8802e72d-0ef9-3bc6-80a7-a7adfaec89f3,IT,2023-6-23,IT: Lowering target price to $368.00,Argus Research,https://finance.yahoo.com/m/8802e72d-0ef9-3bc6-80a7-a7adfaec89f3/it%3A-lowering-target-price-to.html,1687392000,STORY
9f2db9b1-e160-3356-a664-7b8b4ce1adc5,IT,2023-6-23,Gartner (IT) Rises 57% in a Year: Here's What You Should Know,Zacks,https://finance.yahoo.com/news/gartner-rises-57-heres-know-163500010.html,1686846900,STORY
2d8dc1b2-7c81-3963-b4e1-9e6343d7caa3,IT,2023-6-23,Why Is Gartner (IT) Up 12.1% Since Last Earnings Report?,Zacks,https://finance.yahoo.com/news/why-gartner-12-1-since-153117895.html,1685633477,STORY
067d84c7-f536-3539-9ab5-bf5ecd1a2b6c,IT,2023-6-23,Project44 comes out on top in 2023 Gartner Magic Quadrant,FreightWaves,https://finance.yahoo.com/news/project44-comes-top-2023-gartner-204500159.html,1685565900,STORY
757efdc0-524e-3a37-83d2-e27bc7eaad26,IT,2023-6-23,Management Guidance Impacted Gartner (IT) in Q1,Insider Monkey,https://finance.yahoo.com/news/management-guidance-impacted-gartner-q1-115335307.html,1685361215,STORY
e6a93ca6-2020-37fd-9e39-d0a39dbcb604,IT,2023-6-23,"Gartner's (IT) Vast Customer Base Aids Growth, Liquidity Woes Ail",Zacks,https://finance.yahoo.com/news/gartners-vast-customer-aids-growth-192700619.html,1685042820,STORY
aa8402d0-e160-3be2-8a12-151c17b2520e,IT,2023-6-23,"Gartner Stock Tops In Group; Double-Digit Profit, Sales Growth",Investor's Business Daily,https://finance.yahoo.com/m/aa8402d0-e160-3be2-8a12-151c17b2520e/gartner-stock-tops-in-group%3B.html,1685031840,STORY
58bf1831-1eaf-3c32-b66e-454c9538e8b0,IT,2023-6-23,Gartner to Participate in the William Blair Growth Stock Conference,Business Wire,https://finance.yahoo.com/news/gartner-participate-william-blair-growth-123000087.html,1684931400,STORY
53f76513-0ddf-3c66-811f-5c6b7ac91c7f,IT,2023-6-24,"Gene Hall Is the Quiet Type, but His Success at Gartner Speaks Loudly",Barrons.com,https://finance.yahoo.com/m/53f76513-0ddf-3c66-811f-5c6b7ac91c7f/gene-hall-is-the-quiet-type%2C.html,1687549800,STORY
9f2db9b1-e160-3356-a664-7b8b4ce1adc5,IT,2023-6-24,Gartner (IT) Rises 57% in a Year: Here's What You Should Know,Zacks,https://finance.yahoo.com/news/gartner-rises-57-heres-know-163500010.html,1686846900,STORY
2d8dc1b2-7c81-3963-b4e1-9e6343d7caa3,IT,2023-6-24,Why Is Gartner (IT) Up 12.1% Since Last Earnings Report?,Zacks,https://finance.yahoo.com/news/why-gartner-12-1-since-153117895.html,1685633477,STORY
067d84c7-f536-3539-9ab5-bf5ecd1a2b6c,IT,2023-6-24,Project44 comes out on top in 2023 Gartner Magic Quadrant,FreightWaves,https://finance.yahoo.com/news/project44-comes-top-2023-gartner-204500159.html,1685565900,STORY
757efdc0-524e-3a37-83d2-e27bc7eaad26,IT,2023-6-24,Management Guidance Impacted Gartner (IT) in Q1,Insider Monkey,https://finance.yahoo.com/news/management-guidance-impacted-gartner-q1-115335307.html,1685361215,STORY
e6a93ca6-2020-37fd-9e39-d0a39dbcb604,IT,2023-6-24,"Gartner's (IT) Vast Customer Base Aids Growth, Liquidity Woes Ail",Zacks,https://finance.yahoo.com/news/gartners-vast-customer-aids-growth-192700619.html,1685042820,STORY
aa8402d0-e160-3be2-8a12-151c17b2520e,IT,2023-6-24,"Gartner Stock Tops In Group; Double-Digit Profit, Sales Growth",Investor's Business Daily,https://finance.yahoo.com/m/aa8402d0-e160-3be2-8a12-151c17b2520e/gartner-stock-tops-in-group%3B.html,1685031840,STORY
58bf1831-1eaf-3c32-b66e-454c9538e8b0,IT,2023-6-24,Gartner to Participate in the William Blair Growth Stock Conference,Business Wire,https://finance.yahoo.com/news/gartner-participate-william-blair-growth-123000087.html,1684931400,STORY
53f76513-0ddf-3c66-811f-5c6b7ac91c7f,IT,2023-6-25,"Gene Hall Is the Quiet Type, but His Success at Gartner Speaks Loudly",Barrons.com,https://finance.yahoo.com/m/53f76513-0ddf-3c66-811f-5c6b7ac91c7f/gene-hall-is-the-quiet-type%2C.html,1687549800,STORY
9f2db9b1-e160-3356-a664-7b8b4ce1adc5,IT,2023-6-25,Gartner (IT) Rises 57% in a Year: Here's What You Should Know,Zacks,https://finance.yahoo.com/news/gartner-rises-57-heres-know-163500010.html,1686846900,STORY
2d8dc1b2-7c81-3963-b4e1-9e6343d7caa3,IT,2023-6-25,Why Is Gartner (IT) Up 12.1% Since Last Earnings Report?,Zacks,https://finance.yahoo.com/news/why-gartner-12-1-since-153117895.html,1685633477,STORY
067d84c7-f536-3539-9ab5-bf5ecd1a2b6c,IT,2023-6-25,Project44 comes out on top in 2023 Gartner Magic Quadrant,FreightWaves,https://finance.yahoo.com/news/project44-comes-top-2023-gartner-204500159.html,1685565900,STORY
757efdc0-524e-3a37-83d2-e27bc7eaad26,IT,2023-6-25,Management Guidance Impacted Gartner (IT) in Q1,Insider Monkey,https://finance.yahoo.com/news/management-guidance-impacted-gartner-q1-115335307.html,1685361215,STORY
e6a93ca6-2020-37fd-9e39-d0a39dbcb604,IT,2023-6-25,"Gartner's (IT) Vast Customer Base Aids Growth, Liquidity Woes Ail",Zacks,https://finance.yahoo.com/news/gartners-vast-customer-aids-growth-192700619.html,1685042820,STORY
aa8402d0-e160-3be2-8a12-151c17b2520e,IT,2023-6-25,"Gartner Stock Tops In Group; Double-Digit Profit, Sales Growth",Investor's Business Daily,https://finance.yahoo.com/m/aa8402d0-e160-3be2-8a12-151c17b2520e/gartner-stock-tops-in-group%3B.html,1685031840,STORY
58bf1831-1eaf-3c32-b66e-454c9538e8b0,IT,2023-6-25,Gartner to Participate in the William Blair Growth Stock Conference,Business Wire,https://finance.yahoo.com/news/gartner-participate-william-blair-growth-123000087.html,1684931400,STORY
53f76513-0ddf-3c66-811f-5c6b7ac91c7f,IT,2023-6-26,"Gene Hall Is the Quiet Type, but His Success at Gartner Speaks Loudly",Barrons.com,https://finance.yahoo.com/m/53f76513-0ddf-3c66-811f-5c6b7ac91c7f/gene-hall-is-the-quiet-type%2C.html,1687549800,STORY
9f2db9b1-e160-3356-a664-7b8b4ce1adc5,IT,2023-6-26,Gartner (IT) Rises 57% in a Year: Here's What You Should Know,Zacks,https://finance.yahoo.com/news/gartner-rises-57-heres-know-163500010.html,1686846900,STORY
2d8dc1b2-7c81-3963-b4e1-9e6343d7caa3,IT,2023-6-26,Why Is Gartner (IT) Up 12.1% Since Last Earnings Report?,Zacks,https://finance.yahoo.com/news/why-gartner-12-1-since-153117895.html,1685633477,STORY
067d84c7-f536-3539-9ab5-bf5ecd1a2b6c,IT,2023-6-26,Project44 comes out on top in 2023 Gartner Magic Quadrant,FreightWaves,https://finance.yahoo.com/news/project44-comes-top-2023-gartner-204500159.html,1685565900,STORY
757efdc0-524e-3a37-83d2-e27bc7eaad26,IT,2023-6-26,Management Guidance Impacted Gartner (IT) in Q1,Insider Monkey,https://finance.yahoo.com/news/management-guidance-impacted-gartner-q1-115335307.html,1685361215,STORY
e6a93ca6-2020-37fd-9e39-d0a39dbcb604,IT,2023-6-26,"Gartner's (IT) Vast Customer Base Aids Growth, Liquidity Woes Ail",Zacks,https://finance.yahoo.com/news/gartners-vast-customer-aids-growth-192700619.html,1685042820,STORY
aa8402d0-e160-3be2-8a12-151c17b2520e,IT,2023-6-26,"Gartner Stock Tops In Group; Double-Digit Profit, Sales Growth",Investor's Business Daily,https://finance.yahoo.com/m/aa8402d0-e160-3be2-8a12-151c17b2520e/gartner-stock-tops-in-group%3B.html,1685031840,STORY
58bf1831-1eaf-3c32-b66e-454c9538e8b0,IT,2023-6-26,Gartner to Participate in the William Blair Growth Stock Conference,Business Wire,https://finance.yahoo.com/news/gartner-participate-william-blair-growth-123000087.html,1684931400,STORY
53f76513-0ddf-3c66-811f-5c6b7ac91c7f,IT,2023-6-27,"Gene Hall Is the Quiet Type, but His Success at Gartner Speaks Loudly",Barrons.com,https://finance.yahoo.com/m/53f76513-0ddf-3c66-811f-5c6b7ac91c7f/gene-hall-is-the-quiet-type%2C.html,1687549800,STORY
9f2db9b1-e160-3356-a664-7b8b4ce1adc5,IT,2023-6-27,Gartner (IT) Rises 57% in a Year: Here's What You Should Know,Zacks,https://finance.yahoo.com/news/gartner-rises-57-heres-know-163500010.html,1686846900,STORY
2d8dc1b2-7c81-3963-b4e1-9e6343d7caa3,IT,2023-6-27,Why Is Gartner (IT) Up 12.1% Since Last Earnings Report?,Zacks,https://finance.yahoo.com/news/why-gartner-12-1-since-153117895.html,1685633477,STORY
067d84c7-f536-3539-9ab5-bf5ecd1a2b6c,IT,2023-6-27,Project44 comes out on top in 2023 Gartner Magic Quadrant,FreightWaves,https://finance.yahoo.com/news/project44-comes-top-2023-gartner-204500159.html,1685565900,STORY
757efdc0-524e-3a37-83d2-e27bc7eaad26,IT,2023-6-27,Management Guidance Impacted Gartner (IT) in Q1,Insider Monkey,https://finance.yahoo.com/news/management-guidance-impacted-gartner-q1-115335307.html,1685361215,STORY
e6a93ca6-2020-37fd-9e39-d0a39dbcb604,IT,2023-6-27,"Gartner's (IT) Vast Customer Base Aids Growth, Liquidity Woes Ail",Zacks,https://finance.yahoo.com/news/gartners-vast-customer-aids-growth-192700619.html,1685042820,STORY
aa8402d0-e160-3be2-8a12-151c17b2520e,IT,2023-6-27,"Gartner Stock Tops In Group; Double-Digit Profit, Sales Growth",Investor's Business Daily,https://finance.yahoo.com/m/aa8402d0-e160-3be2-8a12-151c17b2520e/gartner-stock-tops-in-group%3B.html,1685031840,STORY
58bf1831-1eaf-3c32-b66e-454c9538e8b0,IT,2023-6-27,Gartner to Participate in the William Blair Growth Stock Conference,Business Wire,https://finance.yahoo.com/news/gartner-participate-william-blair-growth-123000087.html,1684931400,STORY
53f76513-0ddf-3c66-811f-5c6b7ac91c7f,IT,2023-6-28,"Gene Hall Is the Quiet Type, but His Success at Gartner Speaks Loudly",Barrons.com,https://finance.yahoo.com/m/53f76513-0ddf-3c66-811f-5c6b7ac91c7f/gene-hall-is-the-quiet-type%2C.html,1687549800,STORY
9f2db9b1-e160-3356-a664-7b8b4ce1adc5,IT,2023-6-28,Gartner (IT) Rises 57% in a Year: Here's What You Should Know,Zacks,https://finance.yahoo.com/news/gartner-rises-57-heres-know-163500010.html,1686846900,STORY
2d8dc1b2-7c81-3963-b4e1-9e6343d7caa3,IT,2023-6-28,Why Is Gartner (IT) Up 12.1% Since Last Earnings Report?,Zacks,https://finance.yahoo.com/news/why-gartner-12-1-since-153117895.html,1685633477,STORY
067d84c7-f536-3539-9ab5-bf5ecd1a2b6c,IT,2023-6-28,Project44 comes out on top in 2023 Gartner Magic Quadrant,FreightWaves,https://finance.yahoo.com/news/project44-comes-top-2023-gartner-204500159.html,1685565900,STORY
757efdc0-524e-3a37-83d2-e27bc7eaad26,IT,2023-6-28,Management Guidance Impacted Gartner (IT) in Q1,Insider Monkey,https://finance.yahoo.com/news/management-guidance-impacted-gartner-q1-115335307.html,1685361215,STORY
e6a93ca6-2020-37fd-9e39-d0a39dbcb604,IT,2023-6-28,"Gartner's (IT) Vast Customer Base Aids Growth, Liquidity Woes Ail",Zacks,https://finance.yahoo.com/news/gartners-vast-customer-aids-growth-192700619.html,1685042820,STORY
aa8402d0-e160-3be2-8a12-151c17b2520e,IT,2023-6-28,"Gartner Stock Tops In Group; Double-Digit Profit, Sales Growth",Investor's Business Daily,https://finance.yahoo.com/m/aa8402d0-e160-3be2-8a12-151c17b2520e/gartner-stock-tops-in-group%3B.html,1685031840,STORY
58bf1831-1eaf-3c32-b66e-454c9538e8b0,IT,2023-6-28,Gartner to Participate in the William Blair Growth Stock Conference,Business Wire,https://finance.yahoo.com/news/gartner-participate-william-blair-growth-123000087.html,1684931400,STORY
53f76513-0ddf-3c66-811f-5c6b7ac91c7f,IT,2023-6-29,"Gene Hall Is the Quiet Type, but His Success at Gartner Speaks Loudly",Barrons.com,https://finance.yahoo.com/m/53f76513-0ddf-3c66-811f-5c6b7ac91c7f/gene-hall-is-the-quiet-type%2C.html,1687549800,STORY
9f2db9b1-e160-3356-a664-7b8b4ce1adc5,IT,2023-6-29,Gartner (IT) Rises 57% in a Year: Here's What You Should Know,Zacks,https://finance.yahoo.com/news/gartner-rises-57-heres-know-163500010.html,1686846900,STORY
2d8dc1b2-7c81-3963-b4e1-9e6343d7caa3,IT,2023-6-29,Why Is Gartner (IT) Up 12.1% Since Last Earnings Report?,Zacks,https://finance.yahoo.com/news/why-gartner-12-1-since-153117895.html,1685633477,STORY
067d84c7-f536-3539-9ab5-bf5ecd1a2b6c,IT,2023-6-29,Project44 comes out on top in 2023 Gartner Magic Quadrant,FreightWaves,https://finance.yahoo.com/news/project44-comes-top-2023-gartner-204500159.html,1685565900,STORY
757efdc0-524e-3a37-83d2-e27bc7eaad26,IT,2023-6-29,Management Guidance Impacted Gartner (IT) in Q1,Insider Monkey,https://finance.yahoo.com/news/management-guidance-impacted-gartner-q1-115335307.html,1685361215,STORY
e6a93ca6-2020-37fd-9e39-d0a39dbcb604,IT,2023-6-29,"Gartner's (IT) Vast Customer Base Aids Growth, Liquidity Woes Ail",Zacks,https://finance.yahoo.com/news/gartners-vast-customer-aids-growth-192700619.html,1685042820,STORY
aa8402d0-e160-3be2-8a12-151c17b2520e,IT,2023-6-29,"Gartner Stock Tops In Group; Double-Digit Profit, Sales Growth",Investor's Business Daily,https://finance.yahoo.com/m/aa8402d0-e160-3be2-8a12-151c17b2520e/gartner-stock-tops-in-group%3B.html,1685031840,STORY
58bf1831-1eaf-3c32-b66e-454c9538e8b0,IT,2023-6-29,Gartner to Participate in the William Blair Growth Stock Conference,Business Wire,https://finance.yahoo.com/news/gartner-participate-william-blair-growth-123000087.html,1684931400,STORY
53f76513-0ddf-3c66-811f-5c6b7ac91c7f,IT,2023-6-30,"Gene Hall Is the Quiet Type, but His Success at Gartner Speaks Loudly",Barrons.com,https://finance.yahoo.com/m/53f76513-0ddf-3c66-811f-5c6b7ac91c7f/gene-hall-is-the-quiet-type%2C.html,1687549800,STORY
9f2db9b1-e160-3356-a664-7b8b4ce1adc5,IT,2023-6-30,Gartner (IT) Rises 57% in a Year: Here's What You Should Know,Zacks,https://finance.yahoo.com/news/gartner-rises-57-heres-know-163500010.html,1686846900,STORY
2d8dc1b2-7c81-3963-b4e1-9e6343d7caa3,IT,2023-6-30,Why Is Gartner (IT) Up 12.1% Since Last Earnings Report?,Zacks,https://finance.yahoo.com/news/why-gartner-12-1-since-153117895.html,1685633477,STORY
067d84c7-f536-3539-9ab5-bf5ecd1a2b6c,IT,2023-6-30,Project44 comes out on top in 2023 Gartner Magic Quadrant,FreightWaves,https://finance.yahoo.com/news/project44-comes-top-2023-gartner-204500159.html,1685565900,STORY
757efdc0-524e-3a37-83d2-e27bc7eaad26,IT,2023-6-30,Management Guidance Impacted Gartner (IT) in Q1,Insider Monkey,https://finance.yahoo.com/news/management-guidance-impacted-gartner-q1-115335307.html,1685361215,STORY
e6a93ca6-2020-37fd-9e39-d0a39dbcb604,IT,2023-6-30,"Gartner's (IT) Vast Customer Base Aids Growth, Liquidity Woes Ail",Zacks,https://finance.yahoo.com/news/gartners-vast-customer-aids-growth-192700619.html,1685042820,STORY
aa8402d0-e160-3be2-8a12-151c17b2520e,IT,2023-6-30,"Gartner Stock Tops In Group; Double-Digit Profit, Sales Growth",Investor's Business Daily,https://finance.yahoo.com/m/aa8402d0-e160-3be2-8a12-151c17b2520e/gartner-stock-tops-in-group%3B.html,1685031840,STORY
58bf1831-1eaf-3c32-b66e-454c9538e8b0,IT,2023-6-30,Gartner to Participate in the William Blair Growth Stock Conference,Business Wire,https://finance.yahoo.com/news/gartner-participate-william-blair-growth-123000087.html,1684931400,STORY
53f76513-0ddf-3c66-811f-5c6b7ac91c7f,IT,2023-7-1,"Gene Hall Is the Quiet Type, but His Success at Gartner Speaks Loudly",Barrons.com,https://finance.yahoo.com/m/53f76513-0ddf-3c66-811f-5c6b7ac91c7f/gene-hall-is-the-quiet-type%2C.html,1687549800,STORY
9f2db9b1-e160-3356-a664-7b8b4ce1adc5,IT,2023-7-1,Gartner (IT) Rises 57% in a Year: Here's What You Should Know,Zacks,https://finance.yahoo.com/news/gartner-rises-57-heres-know-163500010.html,1686846900,STORY
2d8dc1b2-7c81-3963-b4e1-9e6343d7caa3,IT,2023-7-1,Why Is Gartner (IT) Up 12.1% Since Last Earnings Report?,Zacks,https://finance.yahoo.com/news/why-gartner-12-1-since-153117895.html,1685633477,STORY
067d84c7-f536-3539-9ab5-bf5ecd1a2b6c,IT,2023-7-1,Project44 comes out on top in 2023 Gartner Magic Quadrant,FreightWaves,https://finance.yahoo.com/news/project44-comes-top-2023-gartner-204500159.html,1685565900,STORY
757efdc0-524e-3a37-83d2-e27bc7eaad26,IT,2023-7-1,Management Guidance Impacted Gartner (IT) in Q1,Insider Monkey,https://finance.yahoo.com/news/management-guidance-impacted-gartner-q1-115335307.html,1685361215,STORY
e6a93ca6-2020-37fd-9e39-d0a39dbcb604,IT,2023-7-1,"Gartner's (IT) Vast Customer Base Aids Growth, Liquidity Woes Ail",Zacks,https://finance.yahoo.com/news/gartners-vast-customer-aids-growth-192700619.html,1685042820,STORY
aa8402d0-e160-3be2-8a12-151c17b2520e,IT,2023-7-1,"Gartner Stock Tops In Group; Double-Digit Profit, Sales Growth",Investor's Business Daily,https://finance.yahoo.com/m/aa8402d0-e160-3be2-8a12-151c17b2520e/gartner-stock-tops-in-group%3B.html,1685031840,STORY
58bf1831-1eaf-3c32-b66e-454c9538e8b0,IT,2023-7-1,Gartner to Participate in the William Blair Growth Stock Conference,Business Wire,https://finance.yahoo.com/news/gartner-participate-william-blair-growth-123000087.html,1684931400,STORY
53f76513-0ddf-3c66-811f-5c6b7ac91c7f,IT,2023-7-2,"Gene Hall Is the Quiet Type, but His Success at Gartner Speaks Loudly",Barrons.com,https://finance.yahoo.com/m/53f76513-0ddf-3c66-811f-5c6b7ac91c7f/gene-hall-is-the-quiet-type%2C.html,1687549800,STORY
9f2db9b1-e160-3356-a664-7b8b4ce1adc5,IT,2023-7-2,Gartner (IT) Rises 57% in a Year: Here's What You Should Know,Zacks,https://finance.yahoo.com/news/gartner-rises-57-heres-know-163500010.html,1686846900,STORY
2d8dc1b2-7c81-3963-b4e1-9e6343d7caa3,IT,2023-7-2,Why Is Gartner (IT) Up 12.1% Since Last Earnings Report?,Zacks,https://finance.yahoo.com/news/why-gartner-12-1-since-153117895.html,1685633477,STORY
067d84c7-f536-3539-9ab5-bf5ecd1a2b6c,IT,2023-7-2,Project44 comes out on top in 2023 Gartner Magic Quadrant,FreightWaves,https://finance.yahoo.com/news/project44-comes-top-2023-gartner-204500159.html,1685565900,STORY
757efdc0-524e-3a37-83d2-e27bc7eaad26,IT,2023-7-2,Management Guidance Impacted Gartner (IT) in Q1,Insider Monkey,https://finance.yahoo.com/news/management-guidance-impacted-gartner-q1-115335307.html,1685361215,STORY
e6a93ca6-2020-37fd-9e39-d0a39dbcb604,IT,2023-7-2,"Gartner's (IT) Vast Customer Base Aids Growth, Liquidity Woes Ail",Zacks,https://finance.yahoo.com/news/gartners-vast-customer-aids-growth-192700619.html,1685042820,STORY
aa8402d0-e160-3be2-8a12-151c17b2520e,IT,2023-7-2,"Gartner Stock Tops In Group; Double-Digit Profit, Sales Growth",Investor's Business Daily,https://finance.yahoo.com/m/aa8402d0-e160-3be2-8a12-151c17b2520e/gartner-stock-tops-in-group%3B.html,1685031840,STORY
58bf1831-1eaf-3c32-b66e-454c9538e8b0,IT,2023-7-2,Gartner to Participate in the William Blair Growth Stock Conference,Business Wire,https://finance.yahoo.com/news/gartner-participate-william-blair-growth-123000087.html,1684931400,STORY
53f76513-0ddf-3c66-811f-5c6b7ac91c7f,IT,2023-7-3,"Gene Hall Is the Quiet Type, but His Success at Gartner Speaks Loudly",Barrons.com,https://finance.yahoo.com/m/53f76513-0ddf-3c66-811f-5c6b7ac91c7f/gene-hall-is-the-quiet-type%2C.html,1687549800,STORY
9f2db9b1-e160-3356-a664-7b8b4ce1adc5,IT,2023-7-3,Gartner (IT) Rises 57% in a Year: Here's What You Should Know,Zacks,https://finance.yahoo.com/news/gartner-rises-57-heres-know-163500010.html,1686846900,STORY
2d8dc1b2-7c81-3963-b4e1-9e6343d7caa3,IT,2023-7-3,Why Is Gartner (IT) Up 12.1% Since Last Earnings Report?,Zacks,https://finance.yahoo.com/news/why-gartner-12-1-since-153117895.html,1685633477,STORY
067d84c7-f536-3539-9ab5-bf5ecd1a2b6c,IT,2023-7-3,Project44 comes out on top in 2023 Gartner Magic Quadrant,FreightWaves,https://finance.yahoo.com/news/project44-comes-top-2023-gartner-204500159.html,1685565900,STORY
757efdc0-524e-3a37-83d2-e27bc7eaad26,IT,2023-7-3,Management Guidance Impacted Gartner (IT) in Q1,Insider Monkey,https://finance.yahoo.com/news/management-guidance-impacted-gartner-q1-115335307.html,1685361215,STORY
e6a93ca6-2020-37fd-9e39-d0a39dbcb604,IT,2023-7-3,"Gartner's (IT) Vast Customer Base Aids Growth, Liquidity Woes Ail",Zacks,https://finance.yahoo.com/news/gartners-vast-customer-aids-growth-192700619.html,1685042820,STORY
aa8402d0-e160-3be2-8a12-151c17b2520e,IT,2023-7-3,"Gartner Stock Tops In Group; Double-Digit Profit, Sales Growth",Investor's Business Daily,https://finance.yahoo.com/m/aa8402d0-e160-3be2-8a12-151c17b2520e/gartner-stock-tops-in-group%3B.html,1685031840,STORY
58bf1831-1eaf-3c32-b66e-454c9538e8b0,IT,2023-7-3,Gartner to Participate in the William Blair Growth Stock Conference,Business Wire,https://finance.yahoo.com/news/gartner-participate-william-blair-growth-123000087.html,1684931400,STORY
53f76513-0ddf-3c66-811f-5c6b7ac91c7f,IT,2023-7-4,"Gene Hall Is the Quiet Type, but His Success at Gartner Speaks Loudly",Barrons.com,https://finance.yahoo.com/m/53f76513-0ddf-3c66-811f-5c6b7ac91c7f/gene-hall-is-the-quiet-type%2C.html,1687549800,STORY
9f2db9b1-e160-3356-a664-7b8b4ce1adc5,IT,2023-7-4,Gartner (IT) Rises 57% in a Year: Here's What You Should Know,Zacks,https://finance.yahoo.com/news/gartner-rises-57-heres-know-163500010.html,1686846900,STORY
2d8dc1b2-7c81-3963-b4e1-9e6343d7caa3,IT,2023-7-4,Why Is Gartner (IT) Up 12.1% Since Last Earnings Report?,Zacks,https://finance.yahoo.com/news/why-gartner-12-1-since-153117895.html,1685633477,STORY
067d84c7-f536-3539-9ab5-bf5ecd1a2b6c,IT,2023-7-4,Project44 comes out on top in 2023 Gartner Magic Quadrant,FreightWaves,https://finance.yahoo.com/news/project44-comes-top-2023-gartner-204500159.html,1685565900,STORY
757efdc0-524e-3a37-83d2-e27bc7eaad26,IT,2023-7-4,Management Guidance Impacted Gartner (IT) in Q1,Insider Monkey,https://finance.yahoo.com/news/management-guidance-impacted-gartner-q1-115335307.html,1685361215,STORY
e6a93ca6-2020-37fd-9e39-d0a39dbcb604,IT,2023-7-4,"Gartner's (IT) Vast Customer Base Aids Growth, Liquidity Woes Ail",Zacks,https://finance.yahoo.com/news/gartners-vast-customer-aids-growth-192700619.html,1685042820,STORY
aa8402d0-e160-3be2-8a12-151c17b2520e,IT,2023-7-4,"Gartner Stock Tops In Group; Double-Digit Profit, Sales Growth",Investor's Business Daily,https://finance.yahoo.com/m/aa8402d0-e160-3be2-8a12-151c17b2520e/gartner-stock-tops-in-group%3B.html,1685031840,STORY
58bf1831-1eaf-3c32-b66e-454c9538e8b0,IT,2023-7-4,Gartner to Participate in the William Blair Growth Stock Conference,Business Wire,https://finance.yahoo.com/news/gartner-participate-william-blair-growth-123000087.html,1684931400,STORY
53f76513-0ddf-3c66-811f-5c6b7ac91c7f,IT,2023-7-5,"Gene Hall Is the Quiet Type, but His Success at Gartner Speaks Loudly",Barrons.com,https://finance.yahoo.com/m/53f76513-0ddf-3c66-811f-5c6b7ac91c7f/gene-hall-is-the-quiet-type%2C.html,1687549800,STORY
9f2db9b1-e160-3356-a664-7b8b4ce1adc5,IT,2023-7-5,Gartner (IT) Rises 57% in a Year: Here's What You Should Know,Zacks,https://finance.yahoo.com/news/gartner-rises-57-heres-know-163500010.html,1686846900,STORY
2d8dc1b2-7c81-3963-b4e1-9e6343d7caa3,IT,2023-7-5,Why Is Gartner (IT) Up 12.1% Since Last Earnings Report?,Zacks,https://finance.yahoo.com/news/why-gartner-12-1-since-153117895.html,1685633477,STORY
067d84c7-f536-3539-9ab5-bf5ecd1a2b6c,IT,2023-7-5,Project44 comes out on top in 2023 Gartner Magic Quadrant,FreightWaves,https://finance.yahoo.com/news/project44-comes-top-2023-gartner-204500159.html,1685565900,STORY
757efdc0-524e-3a37-83d2-e27bc7eaad26,IT,2023-7-5,Management Guidance Impacted Gartner (IT) in Q1,Insider Monkey,https://finance.yahoo.com/news/management-guidance-impacted-gartner-q1-115335307.html,1685361215,STORY
e6a93ca6-2020-37fd-9e39-d0a39dbcb604,IT,2023-7-5,"Gartner's (IT) Vast Customer Base Aids Growth, Liquidity Woes Ail",Zacks,https://finance.yahoo.com/news/gartners-vast-customer-aids-growth-192700619.html,1685042820,STORY
aa8402d0-e160-3be2-8a12-151c17b2520e,IT,2023-7-5,"Gartner Stock Tops In Group; Double-Digit Profit, Sales Growth",Investor's Business Daily,https://finance.yahoo.com/m/aa8402d0-e160-3be2-8a12-151c17b2520e/gartner-stock-tops-in-group%3B.html,1685031840,STORY
58bf1831-1eaf-3c32-b66e-454c9538e8b0,IT,2023-7-5,Gartner to Participate in the William Blair Growth Stock Conference,Business Wire,https://finance.yahoo.com/news/gartner-participate-william-blair-growth-123000087.html,1684931400,STORY
53f76513-0ddf-3c66-811f-5c6b7ac91c7f,IT,2023-7-6,"Gene Hall Is the Quiet Type, but His Success at Gartner Speaks Loudly",Barrons.com,https://finance.yahoo.com/m/53f76513-0ddf-3c66-811f-5c6b7ac91c7f/gene-hall-is-the-quiet-type%2C.html,1687549800,STORY
9f2db9b1-e160-3356-a664-7b8b4ce1adc5,IT,2023-7-6,Gartner (IT) Rises 57% in a Year: Here's What You Should Know,Zacks,https://finance.yahoo.com/news/gartner-rises-57-heres-know-163500010.html,1686846900,STORY
2d8dc1b2-7c81-3963-b4e1-9e6343d7caa3,IT,2023-7-6,Why Is Gartner (IT) Up 12.1% Since Last Earnings Report?,Zacks,https://finance.yahoo.com/news/why-gartner-12-1-since-153117895.html,1685633477,STORY
067d84c7-f536-3539-9ab5-bf5ecd1a2b6c,IT,2023-7-6,Project44 comes out on top in 2023 Gartner Magic Quadrant,FreightWaves,https://finance.yahoo.com/news/project44-comes-top-2023-gartner-204500159.html,1685565900,STORY
757efdc0-524e-3a37-83d2-e27bc7eaad26,IT,2023-7-6,Management Guidance Impacted Gartner (IT) in Q1,Insider Monkey,https://finance.yahoo.com/news/management-guidance-impacted-gartner-q1-115335307.html,1685361215,STORY
e6a93ca6-2020-37fd-9e39-d0a39dbcb604,IT,2023-7-6,"Gartner's (IT) Vast Customer Base Aids Growth, Liquidity Woes Ail",Zacks,https://finance.yahoo.com/news/gartners-vast-customer-aids-growth-192700619.html,1685042820,STORY
aa8402d0-e160-3be2-8a12-151c17b2520e,IT,2023-7-6,"Gartner Stock Tops In Group; Double-Digit Profit, Sales Growth",Investor's Business Daily,https://finance.yahoo.com/m/aa8402d0-e160-3be2-8a12-151c17b2520e/gartner-stock-tops-in-group%3B.html,1685031840,STORY
58bf1831-1eaf-3c32-b66e-454c9538e8b0,IT,2023-7-6,Gartner to Participate in the William Blair Growth Stock Conference,Business Wire,https://finance.yahoo.com/news/gartner-participate-william-blair-growth-123000087.html,1684931400,STORY
53f76513-0ddf-3c66-811f-5c6b7ac91c7f,IT,2023-7-7,"Gene Hall Is the Quiet Type, but His Success at Gartner Speaks Loudly",Barrons.com,https://finance.yahoo.com/m/53f76513-0ddf-3c66-811f-5c6b7ac91c7f/gene-hall-is-the-quiet-type%2C.html,1687549800,STORY
9f2db9b1-e160-3356-a664-7b8b4ce1adc5,IT,2023-7-7,Gartner (IT) Rises 57% in a Year: Here's What You Should Know,Zacks,https://finance.yahoo.com/news/gartner-rises-57-heres-know-163500010.html,1686846900,STORY
2d8dc1b2-7c81-3963-b4e1-9e6343d7caa3,IT,2023-7-7,Why Is Gartner (IT) Up 12.1% Since Last Earnings Report?,Zacks,https://finance.yahoo.com/news/why-gartner-12-1-since-153117895.html,1685633477,STORY
067d84c7-f536-3539-9ab5-bf5ecd1a2b6c,IT,2023-7-7,Project44 comes out on top in 2023 Gartner Magic Quadrant,FreightWaves,https://finance.yahoo.com/news/project44-comes-top-2023-gartner-204500159.html,1685565900,STORY
757efdc0-524e-3a37-83d2-e27bc7eaad26,IT,2023-7-7,Management Guidance Impacted Gartner (IT) in Q1,Insider Monkey,https://finance.yahoo.com/news/management-guidance-impacted-gartner-q1-115335307.html,1685361215,STORY
e6a93ca6-2020-37fd-9e39-d0a39dbcb604,IT,2023-7-7,"Gartner's (IT) Vast Customer Base Aids Growth, Liquidity Woes Ail",Zacks,https://finance.yahoo.com/news/gartners-vast-customer-aids-growth-192700619.html,1685042820,STORY
aa8402d0-e160-3be2-8a12-151c17b2520e,IT,2023-7-7,"Gartner Stock Tops In Group; Double-Digit Profit, Sales Growth",Investor's Business Daily,https://finance.yahoo.com/m/aa8402d0-e160-3be2-8a12-151c17b2520e/gartner-stock-tops-in-group%3B.html,1685031840,STORY
58bf1831-1eaf-3c32-b66e-454c9538e8b0,IT,2023-7-7,Gartner to Participate in the William Blair Growth Stock Conference,Business Wire,https://finance.yahoo.com/news/gartner-participate-william-blair-growth-123000087.html,1684931400,STORY
53f76513-0ddf-3c66-811f-5c6b7ac91c7f,IT,2023-7-8,"Gene Hall Is the Quiet Type, but His Success at Gartner Speaks Loudly",Barrons.com,https://finance.yahoo.com/m/53f76513-0ddf-3c66-811f-5c6b7ac91c7f/gene-hall-is-the-quiet-type%2C.html,1687549800,STORY
9f2db9b1-e160-3356-a664-7b8b4ce1adc5,IT,2023-7-8,Gartner (IT) Rises 57% in a Year: Here's What You Should Know,Zacks,https://finance.yahoo.com/news/gartner-rises-57-heres-know-163500010.html,1686846900,STORY
2d8dc1b2-7c81-3963-b4e1-9e6343d7caa3,IT,2023-7-8,Why Is Gartner (IT) Up 12.1% Since Last Earnings Report?,Zacks,https://finance.yahoo.com/news/why-gartner-12-1-since-153117895.html,1685633477,STORY
067d84c7-f536-3539-9ab5-bf5ecd1a2b6c,IT,2023-7-8,Project44 comes out on top in 2023 Gartner Magic Quadrant,FreightWaves,https://finance.yahoo.com/news/project44-comes-top-2023-gartner-204500159.html,1685565900,STORY
757efdc0-524e-3a37-83d2-e27bc7eaad26,IT,2023-7-8,Management Guidance Impacted Gartner (IT) in Q1,Insider Monkey,https://finance.yahoo.com/news/management-guidance-impacted-gartner-q1-115335307.html,1685361215,STORY
e6a93ca6-2020-37fd-9e39-d0a39dbcb604,IT,2023-7-8,"Gartner's (IT) Vast Customer Base Aids Growth, Liquidity Woes Ail",Zacks,https://finance.yahoo.com/news/gartners-vast-customer-aids-growth-192700619.html,1685042820,STORY
aa8402d0-e160-3be2-8a12-151c17b2520e,IT,2023-7-8,"Gartner Stock Tops In Group; Double-Digit Profit, Sales Growth",Investor's Business Daily,https://finance.yahoo.com/m/aa8402d0-e160-3be2-8a12-151c17b2520e/gartner-stock-tops-in-group%3B.html,1685031840,STORY
58bf1831-1eaf-3c32-b66e-454c9538e8b0,IT,2023-7-8,Gartner to Participate in the William Blair Growth Stock Conference,Business Wire,https://finance.yahoo.com/news/gartner-participate-william-blair-growth-123000087.html,1684931400,STORY
eadef6ee-afd1-325e-94be-1baeaec48301,IT,2023-7-9,Don’t Fall for It! 7 Overhyped Stocks to Avoid,InvestorPlace,https://finance.yahoo.com/news/don-t-fall-7-overhyped-182321034.html,1688322201,STORY
53f76513-0ddf-3c66-811f-5c6b7ac91c7f,IT,2023-7-9,"Gene Hall Is the Quiet Type, but His Success at Gartner Speaks Loudly",Barrons.com,https://finance.yahoo.com/m/53f76513-0ddf-3c66-811f-5c6b7ac91c7f/gene-hall-is-the-quiet-type%2C.html,1687549800,STORY
9f2db9b1-e160-3356-a664-7b8b4ce1adc5,IT,2023-7-9,Gartner (IT) Rises 57% in a Year: Here's What You Should Know,Zacks,https://finance.yahoo.com/news/gartner-rises-57-heres-know-163500010.html,1686846900,STORY
2d8dc1b2-7c81-3963-b4e1-9e6343d7caa3,IT,2023-7-9,Why Is Gartner (IT) Up 12.1% Since Last Earnings Report?,Zacks,https://finance.yahoo.com/news/why-gartner-12-1-since-153117895.html,1685633477,STORY
067d84c7-f536-3539-9ab5-bf5ecd1a2b6c,IT,2023-7-9,Project44 comes out on top in 2023 Gartner Magic Quadrant,FreightWaves,https://finance.yahoo.com/news/project44-comes-top-2023-gartner-204500159.html,1685565900,STORY
757efdc0-524e-3a37-83d2-e27bc7eaad26,IT,2023-7-9,Management Guidance Impacted Gartner (IT) in Q1,Insider Monkey,https://finance.yahoo.com/news/management-guidance-impacted-gartner-q1-115335307.html,1685361215,STORY
e6a93ca6-2020-37fd-9e39-d0a39dbcb604,IT,2023-7-9,"Gartner's (IT) Vast Customer Base Aids Growth, Liquidity Woes Ail",Zacks,https://finance.yahoo.com/news/gartners-vast-customer-aids-growth-192700619.html,1685042820,STORY
aa8402d0-e160-3be2-8a12-151c17b2520e,IT,2023-7-9,"Gartner Stock Tops In Group; Double-Digit Profit, Sales Growth",Investor's Business Daily,https://finance.yahoo.com/m/aa8402d0-e160-3be2-8a12-151c17b2520e/gartner-stock-tops-in-group%3B.html,1685031840,STORY
eadef6ee-afd1-325e-94be-1baeaec48301,IT,2023-7-10,Don’t Fall for It! 7 Overhyped Stocks to Avoid,InvestorPlace,https://finance.yahoo.com/news/don-t-fall-7-overhyped-182321034.html,1688322201,STORY
53f76513-0ddf-3c66-811f-5c6b7ac91c7f,IT,2023-7-10,"Gene Hall Is the Quiet Type, but His Success at Gartner Speaks Loudly",Barrons.com,https://finance.yahoo.com/m/53f76513-0ddf-3c66-811f-5c6b7ac91c7f/gene-hall-is-the-quiet-type%2C.html,1687549800,STORY
9f2db9b1-e160-3356-a664-7b8b4ce1adc5,IT,2023-7-10,Gartner (IT) Rises 57% in a Year: Here's What You Should Know,Zacks,https://finance.yahoo.com/news/gartner-rises-57-heres-know-163500010.html,1686846900,STORY
2d8dc1b2-7c81-3963-b4e1-9e6343d7caa3,IT,2023-7-10,Why Is Gartner (IT) Up 12.1% Since Last Earnings Report?,Zacks,https://finance.yahoo.com/news/why-gartner-12-1-since-153117895.html,1685633477,STORY
067d84c7-f536-3539-9ab5-bf5ecd1a2b6c,IT,2023-7-10,Project44 comes out on top in 2023 Gartner Magic Quadrant,FreightWaves,https://finance.yahoo.com/news/project44-comes-top-2023-gartner-204500159.html,1685565900,STORY
757efdc0-524e-3a37-83d2-e27bc7eaad26,IT,2023-7-10,Management Guidance Impacted Gartner (IT) in Q1,Insider Monkey,https://finance.yahoo.com/news/management-guidance-impacted-gartner-q1-115335307.html,1685361215,STORY
e6a93ca6-2020-37fd-9e39-d0a39dbcb604,IT,2023-7-10,"Gartner's (IT) Vast Customer Base Aids Growth, Liquidity Woes Ail",Zacks,https://finance.yahoo.com/news/gartners-vast-customer-aids-growth-192700619.html,1685042820,STORY
aa8402d0-e160-3be2-8a12-151c17b2520e,IT,2023-7-10,"Gartner Stock Tops In Group; Double-Digit Profit, Sales Growth",Investor's Business Daily,https://finance.yahoo.com/m/aa8402d0-e160-3be2-8a12-151c17b2520e/gartner-stock-tops-in-group%3B.html,1685031840,STORY
eadef6ee-afd1-325e-94be-1baeaec48301,IT,2023-7-11,Don’t Fall for It! 7 Overhyped Stocks to Avoid,InvestorPlace,https://finance.yahoo.com/news/don-t-fall-7-overhyped-182321034.html,1688322201,STORY
53f76513-0ddf-3c66-811f-5c6b7ac91c7f,IT,2023-7-11,"Gene Hall Is the Quiet Type, but His Success at Gartner Speaks Loudly",Barrons.com,https://finance.yahoo.com/m/53f76513-0ddf-3c66-811f-5c6b7ac91c7f/gene-hall-is-the-quiet-type%2C.html,1687549800,STORY
9f2db9b1-e160-3356-a664-7b8b4ce1adc5,IT,2023-7-11,Gartner (IT) Rises 57% in a Year: Here's What You Should Know,Zacks,https://finance.yahoo.com/news/gartner-rises-57-heres-know-163500010.html,1686846900,STORY
2d8dc1b2-7c81-3963-b4e1-9e6343d7caa3,IT,2023-7-11,Why Is Gartner (IT) Up 12.1% Since Last Earnings Report?,Zacks,https://finance.yahoo.com/news/why-gartner-12-1-since-153117895.html,1685633477,STORY
067d84c7-f536-3539-9ab5-bf5ecd1a2b6c,IT,2023-7-11,Project44 comes out on top in 2023 Gartner Magic Quadrant,FreightWaves,https://finance.yahoo.com/news/project44-comes-top-2023-gartner-204500159.html,1685565900,STORY
757efdc0-524e-3a37-83d2-e27bc7eaad26,IT,2023-7-11,Management Guidance Impacted Gartner (IT) in Q1,Insider Monkey,https://finance.yahoo.com/news/management-guidance-impacted-gartner-q1-115335307.html,1685361215,STORY
e6a93ca6-2020-37fd-9e39-d0a39dbcb604,IT,2023-7-11,"Gartner's (IT) Vast Customer Base Aids Growth, Liquidity Woes Ail",Zacks,https://finance.yahoo.com/news/gartners-vast-customer-aids-growth-192700619.html,1685042820,STORY
aa8402d0-e160-3be2-8a12-151c17b2520e,IT,2023-7-11,"Gartner Stock Tops In Group; Double-Digit Profit, Sales Growth",Investor's Business Daily,https://finance.yahoo.com/m/aa8402d0-e160-3be2-8a12-151c17b2520e/gartner-stock-tops-in-group%3B.html,1685031840,STORY
797c5a05-83a7-3f95-befd-fdfc3eb99966,IT,2023-7-12,How HR leaders can get the most out of their shrinking budgets this year,Fortune,https://finance.yahoo.com/news/hr-leaders-most-shrinking-budgets-115034690.html,1689076234,STORY
eadef6ee-afd1-325e-94be-1baeaec48301,IT,2023-7-12,Don’t Fall for It! 7 Overhyped Stocks to Avoid,InvestorPlace,https://finance.yahoo.com/news/don-t-fall-7-overhyped-182321034.html,1688322201,STORY
53f76513-0ddf-3c66-811f-5c6b7ac91c7f,IT,2023-7-12,"Gene Hall Is the Quiet Type, but His Success at Gartner Speaks Loudly",Barrons.com,https://finance.yahoo.com/m/53f76513-0ddf-3c66-811f-5c6b7ac91c7f/gene-hall-is-the-quiet-type%2C.html,1687549800,STORY
9f2db9b1-e160-3356-a664-7b8b4ce1adc5,IT,2023-7-12,Gartner (IT) Rises 57% in a Year: Here's What You Should Know,Zacks,https://finance.yahoo.com/news/gartner-rises-57-heres-know-163500010.html,1686846900,STORY
2d8dc1b2-7c81-3963-b4e1-9e6343d7caa3,IT,2023-7-12,Why Is Gartner (IT) Up 12.1% Since Last Earnings Report?,Zacks,https://finance.yahoo.com/news/why-gartner-12-1-since-153117895.html,1685633477,STORY
067d84c7-f536-3539-9ab5-bf5ecd1a2b6c,IT,2023-7-12,Project44 comes out on top in 2023 Gartner Magic Quadrant,FreightWaves,https://finance.yahoo.com/news/project44-comes-top-2023-gartner-204500159.html,1685565900,STORY
757efdc0-524e-3a37-83d2-e27bc7eaad26,IT,2023-7-12,Management Guidance Impacted Gartner (IT) in Q1,Insider Monkey,https://finance.yahoo.com/news/management-guidance-impacted-gartner-q1-115335307.html,1685361215,STORY
e6a93ca6-2020-37fd-9e39-d0a39dbcb604,IT,2023-7-12,"Gartner's (IT) Vast Customer Base Aids Growth, Liquidity Woes Ail",Zacks,https://finance.yahoo.com/news/gartners-vast-customer-aids-growth-192700619.html,1685042820,STORY
a87ba69b-1629-35c3-9dd4-d5835d8e3ca9,IT,2023-7-13,Will multi-robot orchestration platforms transform warehouse logistics?,FreightWaves,https://finance.yahoo.com/news/multi-robot-orchestration-platforms-transform-110000067.html,1689246000,STORY
7e451b68-a423-3d5b-ac6c-ba2b12746aaa,IT,2023-7-13,Do Gartner's (NYSE:IT) Earnings Warrant Your Attention?,Simply Wall St.,https://finance.yahoo.com/news/gartners-nyse-earnings-warrant-attention-145012318.html,1689173412,STORY
f850ec63-38cc-3811-bcc3-20d6669a3086,IT,2023-7-13,Q2 PC Shipment Data Shows Signs of Stabilization in PC Market,Zacks,https://finance.yahoo.com/news/q2-pc-shipment-data-shows-134100490.html,1689169260,STORY
797c5a05-83a7-3f95-befd-fdfc3eb99966,IT,2023-7-13,How HR leaders can get the most out of their shrinking budgets this year,Fortune,https://finance.yahoo.com/news/hr-leaders-most-shrinking-budgets-115034690.html,1689076234,STORY
eadef6ee-afd1-325e-94be-1baeaec48301,IT,2023-7-13,Don’t Fall for It! 7 Overhyped Stocks to Avoid,InvestorPlace,https://finance.yahoo.com/news/don-t-fall-7-overhyped-182321034.html,1688322201,STORY
53f76513-0ddf-3c66-811f-5c6b7ac91c7f,IT,2023-7-13,"Gene Hall Is the Quiet Type, but His Success at Gartner Speaks Loudly",Barrons.com,https://finance.yahoo.com/m/53f76513-0ddf-3c66-811f-5c6b7ac91c7f/gene-hall-is-the-quiet-type%2C.html,1687549800,STORY
9f2db9b1-e160-3356-a664-7b8b4ce1adc5,IT,2023-7-13,Gartner (IT) Rises 57% in a Year: Here's What You Should Know,Zacks,https://finance.yahoo.com/news/gartner-rises-57-heres-know-163500010.html,1686846900,STORY
2d8dc1b2-7c81-3963-b4e1-9e6343d7caa3,IT,2023-7-13,Why Is Gartner (IT) Up 12.1% Since Last Earnings Report?,Zacks,https://finance.yahoo.com/news/why-gartner-12-1-since-153117895.html,1685633477,STORY
a87ba69b-1629-35c3-9dd4-d5835d8e3ca9,IT,2023-7-14,Will multi-robot orchestration platforms transform warehouse logistics?,FreightWaves,https://finance.yahoo.com/news/multi-robot-orchestration-platforms-transform-110000067.html,1689246000,STORY
7e451b68-a423-3d5b-ac6c-ba2b12746aaa,IT,2023-7-14,Do Gartner's (NYSE:IT) Earnings Warrant Your Attention?,Simply Wall St.,https://finance.yahoo.com/news/gartners-nyse-earnings-warrant-attention-145012318.html,1689173412,STORY
f850ec63-38cc-3811-bcc3-20d6669a3086,IT,2023-7-14,Q2 PC Shipment Data Shows Signs of Stabilization in PC Market,Zacks,https://finance.yahoo.com/news/q2-pc-shipment-data-shows-134100490.html,1689169260,STORY
797c5a05-83a7-3f95-befd-fdfc3eb99966,IT,2023-7-14,How HR leaders can get the most out of their shrinking budgets this year,Fortune,https://finance.yahoo.com/news/hr-leaders-most-shrinking-budgets-115034690.html,1689076234,STORY
eadef6ee-afd1-325e-94be-1baeaec48301,IT,2023-7-14,Don’t Fall for It! 7 Overhyped Stocks to Avoid,InvestorPlace,https://finance.yahoo.com/news/don-t-fall-7-overhyped-182321034.html,1688322201,STORY
53f76513-0ddf-3c66-811f-5c6b7ac91c7f,IT,2023-7-14,"Gene Hall Is the Quiet Type, but His Success at Gartner Speaks Loudly",Barrons.com,https://finance.yahoo.com/m/53f76513-0ddf-3c66-811f-5c6b7ac91c7f/gene-hall-is-the-quiet-type%2C.html,1687549800,STORY
9f2db9b1-e160-3356-a664-7b8b4ce1adc5,IT,2023-7-14,Gartner (IT) Rises 57% in a Year: Here's What You Should Know,Zacks,https://finance.yahoo.com/news/gartner-rises-57-heres-know-163500010.html,1686846900,STORY
2d8dc1b2-7c81-3963-b4e1-9e6343d7caa3,IT,2023-7-14,Why Is Gartner (IT) Up 12.1% Since Last Earnings Report?,Zacks,https://finance.yahoo.com/news/why-gartner-12-1-since-153117895.html,1685633477,STORY
a87ba69b-1629-35c3-9dd4-d5835d8e3ca9,IT,2023-7-15,Will multi-robot orchestration platforms transform warehouse logistics?,FreightWaves,https://finance.yahoo.com/news/multi-robot-orchestration-platforms-transform-110000067.html,1689246000,STORY
7e451b68-a423-3d5b-ac6c-ba2b12746aaa,IT,2023-7-15,Do Gartner's (NYSE:IT) Earnings Warrant Your Attention?,Simply Wall St.,https://finance.yahoo.com/news/gartners-nyse-earnings-warrant-attention-145012318.html,1689173412,STORY
f850ec63-38cc-3811-bcc3-20d6669a3086,IT,2023-7-15,Q2 PC Shipment Data Shows Signs of Stabilization in PC Market,Zacks,https://finance.yahoo.com/news/q2-pc-shipment-data-shows-134100490.html,1689169260,STORY
797c5a05-83a7-3f95-befd-fdfc3eb99966,IT,2023-7-15,How HR leaders can get the most out of their shrinking budgets this year,Fortune,https://finance.yahoo.com/news/hr-leaders-most-shrinking-budgets-115034690.html,1689076234,STORY
eadef6ee-afd1-325e-94be-1baeaec48301,IT,2023-7-15,Don’t Fall for It! 7 Overhyped Stocks to Avoid,InvestorPlace,https://finance.yahoo.com/news/don-t-fall-7-overhyped-182321034.html,1688322201,STORY
53f76513-0ddf-3c66-811f-5c6b7ac91c7f,IT,2023-7-15,"Gene Hall Is the Quiet Type, but His Success at Gartner Speaks Loudly",Barrons.com,https://finance.yahoo.com/m/53f76513-0ddf-3c66-811f-5c6b7ac91c7f/gene-hall-is-the-quiet-type%2C.html,1687549800,STORY
9f2db9b1-e160-3356-a664-7b8b4ce1adc5,IT,2023-7-15,Gartner (IT) Rises 57% in a Year: Here's What You Should Know,Zacks,https://finance.yahoo.com/news/gartner-rises-57-heres-know-163500010.html,1686846900,STORY
2d8dc1b2-7c81-3963-b4e1-9e6343d7caa3,IT,2023-7-15,Why Is Gartner (IT) Up 12.1% Since Last Earnings Report?,Zacks,https://finance.yahoo.com/news/why-gartner-12-1-since-153117895.html,1685633477,STORY
a87ba69b-1629-35c3-9dd4-d5835d8e3ca9,IT,2023-7-16,Will multi-robot orchestration platforms transform warehouse logistics?,FreightWaves,https://finance.yahoo.com/news/multi-robot-orchestration-platforms-transform-110000067.html,1689246000,STORY
7e451b68-a423-3d5b-ac6c-ba2b12746aaa,IT,2023-7-16,Do Gartner's (NYSE:IT) Earnings Warrant Your Attention?,Simply Wall St.,https://finance.yahoo.com/news/gartners-nyse-earnings-warrant-attention-145012318.html,1689173412,STORY
f850ec63-38cc-3811-bcc3-20d6669a3086,IT,2023-7-16,Q2 PC Shipment Data Shows Signs of Stabilization in PC Market,Zacks,https://finance.yahoo.com/news/q2-pc-shipment-data-shows-134100490.html,1689169260,STORY
797c5a05-83a7-3f95-befd-fdfc3eb99966,IT,2023-7-16,How HR leaders can get the most out of their shrinking budgets this year,Fortune,https://finance.yahoo.com/news/hr-leaders-most-shrinking-budgets-115034690.html,1689076234,STORY
eadef6ee-afd1-325e-94be-1baeaec48301,IT,2023-7-16,Don’t Fall for It! 7 Overhyped Stocks to Avoid,InvestorPlace,https://finance.yahoo.com/news/don-t-fall-7-overhyped-182321034.html,1688322201,STORY
53f76513-0ddf-3c66-811f-5c6b7ac91c7f,IT,2023-7-16,"Gene Hall Is the Quiet Type, but His Success at Gartner Speaks Loudly",Barrons.com,https://finance.yahoo.com/m/53f76513-0ddf-3c66-811f-5c6b7ac91c7f/gene-hall-is-the-quiet-type%2C.html,1687549800,STORY
9f2db9b1-e160-3356-a664-7b8b4ce1adc5,IT,2023-7-16,Gartner (IT) Rises 57% in a Year: Here's What You Should Know,Zacks,https://finance.yahoo.com/news/gartner-rises-57-heres-know-163500010.html,1686846900,STORY
2d8dc1b2-7c81-3963-b4e1-9e6343d7caa3,IT,2023-7-16,Why Is Gartner (IT) Up 12.1% Since Last Earnings Report?,Zacks,https://finance.yahoo.com/news/why-gartner-12-1-since-153117895.html,1685633477,STORY
9bb96ede-5b12-3d15-ae82-eded5a931ac9,IT,2023-7-17,Gartner Announces Inaugural Gartner CFO & Finance Executive Conference in London,Business Wire,https://finance.yahoo.com/news/gartner-announces-inaugural-gartner-cfo-090000295.html,1689584400,STORY
a87ba69b-1629-35c3-9dd4-d5835d8e3ca9,IT,2023-7-17,Will multi-robot orchestration platforms transform warehouse logistics?,FreightWaves,https://finance.yahoo.com/news/multi-robot-orchestration-platforms-transform-110000067.html,1689246000,STORY
7e451b68-a423-3d5b-ac6c-ba2b12746aaa,IT,2023-7-17,Do Gartner's (NYSE:IT) Earnings Warrant Your Attention?,Simply Wall St.,https://finance.yahoo.com/news/gartners-nyse-earnings-warrant-attention-145012318.html,1689173412,STORY
f850ec63-38cc-3811-bcc3-20d6669a3086,IT,2023-7-17,Q2 PC Shipment Data Shows Signs of Stabilization in PC Market,Zacks,https://finance.yahoo.com/news/q2-pc-shipment-data-shows-134100490.html,1689169260,STORY
797c5a05-83a7-3f95-befd-fdfc3eb99966,IT,2023-7-17,How HR leaders can get the most out of their shrinking budgets this year,Fortune,https://finance.yahoo.com/news/hr-leaders-most-shrinking-budgets-115034690.html,1689076234,STORY
eadef6ee-afd1-325e-94be-1baeaec48301,IT,2023-7-17,Don’t Fall for It! 7 Overhyped Stocks to Avoid,InvestorPlace,https://finance.yahoo.com/news/don-t-fall-7-overhyped-182321034.html,1688322201,STORY
53f76513-0ddf-3c66-811f-5c6b7ac91c7f,IT,2023-7-17,"Gene Hall Is the Quiet Type, but His Success at Gartner Speaks Loudly",Barrons.com,https://finance.yahoo.com/m/53f76513-0ddf-3c66-811f-5c6b7ac91c7f/gene-hall-is-the-quiet-type%2C.html,1687549800,STORY
9f2db9b1-e160-3356-a664-7b8b4ce1adc5,IT,2023-7-17,Gartner (IT) Rises 57% in a Year: Here's What You Should Know,Zacks,https://finance.yahoo.com/news/gartner-rises-57-heres-know-163500010.html,1686846900,STORY
f118cfc2-0b97-3064-9b2d-12896bfc14ce,IT,2023-7-20,"Gartner to Report Second Quarter 2023 Financial Results on August 1, 2023",Business Wire,https://finance.yahoo.com/news/gartner-report-second-quarter-2023-120000493.html,1689681600,STORY
37312873-ef97-39c0-83d2-d99a09cd47bb,IT,2023-7-20,"Gartner Announces Gartner IT Symposium/Xpo, October 16-19, in Orlando",Business Wire,https://finance.yahoo.com/news/gartner-announces-gartner-symposium-xpo-123000653.html,1689597000,STORY
9bb96ede-5b12-3d15-ae82-eded5a931ac9,IT,2023-7-20,Gartner Announces Inaugural Gartner CFO & Finance Executive Conference in London,Business Wire,https://finance.yahoo.com/news/gartner-announces-inaugural-gartner-cfo-090000295.html,1689584400,STORY
a87ba69b-1629-35c3-9dd4-d5835d8e3ca9,IT,2023-7-20,Will multi-robot orchestration platforms transform warehouse logistics?,FreightWaves,https://finance.yahoo.com/news/multi-robot-orchestration-platforms-transform-110000067.html,1689246000,STORY
7e451b68-a423-3d5b-ac6c-ba2b12746aaa,IT,2023-7-20,Do Gartner's (NYSE:IT) Earnings Warrant Your Attention?,Simply Wall St.,https://finance.yahoo.com/news/gartners-nyse-earnings-warrant-attention-145012318.html,1689173412,STORY
f850ec63-38cc-3811-bcc3-20d6669a3086,IT,2023-7-20,Q2 PC Shipment Data Shows Signs of Stabilization in PC Market,Zacks,https://finance.yahoo.com/news/q2-pc-shipment-data-shows-134100490.html,1689169260,STORY
797c5a05-83a7-3f95-befd-fdfc3eb99966,IT,2023-7-20,How HR leaders can get the most out of their shrinking budgets this year,Fortune,https://finance.yahoo.com/news/hr-leaders-most-shrinking-budgets-115034690.html,1689076234,STORY
eadef6ee-afd1-325e-94be-1baeaec48301,IT,2023-7-20,Don’t Fall for It! 7 Overhyped Stocks to Avoid,InvestorPlace,https://finance.yahoo.com/news/don-t-fall-7-overhyped-182321034.html,1688322201,STORY
f118cfc2-0b97-3064-9b2d-12896bfc14ce,IT,2023-7-21,"Gartner to Report Second Quarter 2023 Financial Results on August 1, 2023",Business Wire,https://finance.yahoo.com/news/gartner-report-second-quarter-2023-120000493.html,1689681600,STORY
37312873-ef97-39c0-83d2-d99a09cd47bb,IT,2023-7-21,"Gartner Announces Gartner IT Symposium/Xpo, October 16-19, in Orlando",Business Wire,https://finance.yahoo.com/news/gartner-announces-gartner-symposium-xpo-123000653.html,1689597000,STORY
9bb96ede-5b12-3d15-ae82-eded5a931ac9,IT,2023-7-21,Gartner Announces Inaugural Gartner CFO & Finance Executive Conference in London,Business Wire,https://finance.yahoo.com/news/gartner-announces-inaugural-gartner-cfo-090000295.html,1689584400,STORY
a87ba69b-1629-35c3-9dd4-d5835d8e3ca9,IT,2023-7-21,Will multi-robot orchestration platforms transform warehouse logistics?,FreightWaves,https://finance.yahoo.com/news/multi-robot-orchestration-platforms-transform-110000067.html,1689246000,STORY
7e451b68-a423-3d5b-ac6c-ba2b12746aaa,IT,2023-7-21,Do Gartner's (NYSE:IT) Earnings Warrant Your Attention?,Simply Wall St.,https://finance.yahoo.com/news/gartners-nyse-earnings-warrant-attention-145012318.html,1689173412,STORY
f850ec63-38cc-3811-bcc3-20d6669a3086,IT,2023-7-21,Q2 PC Shipment Data Shows Signs of Stabilization in PC Market,Zacks,https://finance.yahoo.com/news/q2-pc-shipment-data-shows-134100490.html,1689169260,STORY
797c5a05-83a7-3f95-befd-fdfc3eb99966,IT,2023-7-21,How HR leaders can get the most out of their shrinking budgets this year,Fortune,https://finance.yahoo.com/news/hr-leaders-most-shrinking-budgets-115034690.html,1689076234,STORY
eadef6ee-afd1-325e-94be-1baeaec48301,IT,2023-7-21,Don’t Fall for It! 7 Overhyped Stocks to Avoid,InvestorPlace,https://finance.yahoo.com/news/don-t-fall-7-overhyped-182321034.html,1688322201,STORY
f118cfc2-0b97-3064-9b2d-12896bfc14ce,IT,2023-7-22,"Gartner to Report Second Quarter 2023 Financial Results on August 1, 2023",Business Wire,https://finance.yahoo.com/news/gartner-report-second-quarter-2023-120000493.html,1689681600,STORY
37312873-ef97-39c0-83d2-d99a09cd47bb,IT,2023-7-22,"Gartner Announces Gartner IT Symposium/Xpo, October 16-19, in Orlando",Business Wire,https://finance.yahoo.com/news/gartner-announces-gartner-symposium-xpo-123000653.html,1689597000,STORY
9bb96ede-5b12-3d15-ae82-eded5a931ac9,IT,2023-7-22,Gartner Announces Inaugural Gartner CFO & Finance Executive Conference in London,Business Wire,https://finance.yahoo.com/news/gartner-announces-inaugural-gartner-cfo-090000295.html,1689584400,STORY
a87ba69b-1629-35c3-9dd4-d5835d8e3ca9,IT,2023-7-22,Will multi-robot orchestration platforms transform warehouse logistics?,FreightWaves,https://finance.yahoo.com/news/multi-robot-orchestration-platforms-transform-110000067.html,1689246000,STORY
7e451b68-a423-3d5b-ac6c-ba2b12746aaa,IT,2023-7-22,Do Gartner's (NYSE:IT) Earnings Warrant Your Attention?,Simply Wall St.,https://finance.yahoo.com/news/gartners-nyse-earnings-warrant-attention-145012318.html,1689173412,STORY
f850ec63-38cc-3811-bcc3-20d6669a3086,IT,2023-7-22,Q2 PC Shipment Data Shows Signs of Stabilization in PC Market,Zacks,https://finance.yahoo.com/news/q2-pc-shipment-data-shows-134100490.html,1689169260,STORY
797c5a05-83a7-3f95-befd-fdfc3eb99966,IT,2023-7-22,How HR leaders can get the most out of their shrinking budgets this year,Fortune,https://finance.yahoo.com/news/hr-leaders-most-shrinking-budgets-115034690.html,1689076234,STORY
eadef6ee-afd1-325e-94be-1baeaec48301,IT,2023-7-22,Don’t Fall for It! 7 Overhyped Stocks to Avoid,InvestorPlace,https://finance.yahoo.com/news/don-t-fall-7-overhyped-182321034.html,1688322201,STORY
f118cfc2-0b97-3064-9b2d-12896bfc14ce,IT,2023-7-23,"Gartner to Report Second Quarter 2023 Financial Results on August 1, 2023",Business Wire,https://finance.yahoo.com/news/gartner-report-second-quarter-2023-120000493.html,1689681600,STORY
37312873-ef97-39c0-83d2-d99a09cd47bb,IT,2023-7-23,"Gartner Announces Gartner IT Symposium/Xpo, October 16-19, in Orlando",Business Wire,https://finance.yahoo.com/news/gartner-announces-gartner-symposium-xpo-123000653.html,1689597000,STORY
9bb96ede-5b12-3d15-ae82-eded5a931ac9,IT,2023-7-23,Gartner Announces Inaugural Gartner CFO & Finance Executive Conference in London,Business Wire,https://finance.yahoo.com/news/gartner-announces-inaugural-gartner-cfo-090000295.html,1689584400,STORY
a87ba69b-1629-35c3-9dd4-d5835d8e3ca9,IT,2023-7-23,Will multi-robot orchestration platforms transform warehouse logistics?,FreightWaves,https://finance.yahoo.com/news/multi-robot-orchestration-platforms-transform-110000067.html,1689246000,STORY
7e451b68-a423-3d5b-ac6c-ba2b12746aaa,IT,2023-7-23,Do Gartner's (NYSE:IT) Earnings Warrant Your Attention?,Simply Wall St.,https://finance.yahoo.com/news/gartners-nyse-earnings-warrant-attention-145012318.html,1689173412,STORY
f850ec63-38cc-3811-bcc3-20d6669a3086,IT,2023-7-23,Q2 PC Shipment Data Shows Signs of Stabilization in PC Market,Zacks,https://finance.yahoo.com/news/q2-pc-shipment-data-shows-134100490.html,1689169260,STORY
797c5a05-83a7-3f95-befd-fdfc3eb99966,IT,2023-7-23,How HR leaders can get the most out of their shrinking budgets this year,Fortune,https://finance.yahoo.com/news/hr-leaders-most-shrinking-budgets-115034690.html,1689076234,STORY
eadef6ee-afd1-325e-94be-1baeaec48301,IT,2023-7-23,Don’t Fall for It! 7 Overhyped Stocks to Avoid,InvestorPlace,https://finance.yahoo.com/news/don-t-fall-7-overhyped-182321034.html,1688322201,STORY
f118cfc2-0b97-3064-9b2d-12896bfc14ce,IT,2023-7-24,"Gartner to Report Second Quarter 2023 Financial Results on August 1, 2023",Business Wire,https://finance.yahoo.com/news/gartner-report-second-quarter-2023-120000493.html,1689681600,STORY
37312873-ef97-39c0-83d2-d99a09cd47bb,IT,2023-7-24,"Gartner Announces Gartner IT Symposium/Xpo, October 16-19, in Orlando",Business Wire,https://finance.yahoo.com/news/gartner-announces-gartner-symposium-xpo-123000653.html,1689597000,STORY
9bb96ede-5b12-3d15-ae82-eded5a931ac9,IT,2023-7-24,Gartner Announces Inaugural Gartner CFO & Finance Executive Conference in London,Business Wire,https://finance.yahoo.com/news/gartner-announces-inaugural-gartner-cfo-090000295.html,1689584400,STORY
a87ba69b-1629-35c3-9dd4-d5835d8e3ca9,IT,2023-7-24,Will multi-robot orchestration platforms transform warehouse logistics?,FreightWaves,https://finance.yahoo.com/news/multi-robot-orchestration-platforms-transform-110000067.html,1689246000,STORY
7e451b68-a423-3d5b-ac6c-ba2b12746aaa,IT,2023-7-24,Do Gartner's (NYSE:IT) Earnings Warrant Your Attention?,Simply Wall St.,https://finance.yahoo.com/news/gartners-nyse-earnings-warrant-attention-145012318.html,1689173412,STORY
f850ec63-38cc-3811-bcc3-20d6669a3086,IT,2023-7-24,Q2 PC Shipment Data Shows Signs of Stabilization in PC Market,Zacks,https://finance.yahoo.com/news/q2-pc-shipment-data-shows-134100490.html,1689169260,STORY
797c5a05-83a7-3f95-befd-fdfc3eb99966,IT,2023-7-24,How HR leaders can get the most out of their shrinking budgets this year,Fortune,https://finance.yahoo.com/news/hr-leaders-most-shrinking-budgets-115034690.html,1689076234,STORY
eadef6ee-afd1-325e-94be-1baeaec48301,IT,2023-7-24,Don’t Fall for It! 7 Overhyped Stocks to Avoid,InvestorPlace,https://finance.yahoo.com/news/don-t-fall-7-overhyped-182321034.html,1688322201,STORY
f118cfc2-0b97-3064-9b2d-12896bfc14ce,IT,2023-7-25,"Gartner to Report Second Quarter 2023 Financial Results on August 1, 2023",Business Wire,https://finance.yahoo.com/news/gartner-report-second-quarter-2023-120000493.html,1689681600,STORY
37312873-ef97-39c0-83d2-d99a09cd47bb,IT,2023-7-25,"Gartner Announces Gartner IT Symposium/Xpo, October 16-19, in Orlando",Business Wire,https://finance.yahoo.com/news/gartner-announces-gartner-symposium-xpo-123000653.html,1689597000,STORY
9bb96ede-5b12-3d15-ae82-eded5a931ac9,IT,2023-7-25,Gartner Announces Inaugural Gartner CFO & Finance Executive Conference in London,Business Wire,https://finance.yahoo.com/news/gartner-announces-inaugural-gartner-cfo-090000295.html,1689584400,STORY
a87ba69b-1629-35c3-9dd4-d5835d8e3ca9,IT,2023-7-25,Will multi-robot orchestration platforms transform warehouse logistics?,FreightWaves,https://finance.yahoo.com/news/multi-robot-orchestration-platforms-transform-110000067.html,1689246000,STORY
7e451b68-a423-3d5b-ac6c-ba2b12746aaa,IT,2023-7-25,Do Gartner's (NYSE:IT) Earnings Warrant Your Attention?,Simply Wall St.,https://finance.yahoo.com/news/gartners-nyse-earnings-warrant-attention-145012318.html,1689173412,STORY
f850ec63-38cc-3811-bcc3-20d6669a3086,IT,2023-7-25,Q2 PC Shipment Data Shows Signs of Stabilization in PC Market,Zacks,https://finance.yahoo.com/news/q2-pc-shipment-data-shows-134100490.html,1689169260,STORY
797c5a05-83a7-3f95-befd-fdfc3eb99966,IT,2023-7-25,How HR leaders can get the most out of their shrinking budgets this year,Fortune,https://finance.yahoo.com/news/hr-leaders-most-shrinking-budgets-115034690.html,1689076234,STORY
eadef6ee-afd1-325e-94be-1baeaec48301,IT,2023-7-25,Don’t Fall for It! 7 Overhyped Stocks to Avoid,InvestorPlace,https://finance.yahoo.com/news/don-t-fall-7-overhyped-182321034.html,1688322201,STORY
20bf3abe-770b-319a-a40d-c9827dcc2386,IT,2023-7-26,Earnings Preview: Gartner (IT) Q2 Earnings Expected to Decline,Zacks,https://finance.yahoo.com/news/earnings-preview-gartner-q2-earnings-140126190.html,1690293686,STORY
f118cfc2-0b97-3064-9b2d-12896bfc14ce,IT,2023-7-26,"Gartner to Report Second Quarter 2023 Financial Results on August 1, 2023",Business Wire,https://finance.yahoo.com/news/gartner-report-second-quarter-2023-120000493.html,1689681600,STORY
37312873-ef97-39c0-83d2-d99a09cd47bb,IT,2023-7-26,"Gartner Announces Gartner IT Symposium/Xpo, October 16-19, in Orlando",Business Wire,https://finance.yahoo.com/news/gartner-announces-gartner-symposium-xpo-123000653.html,1689597000,STORY
9bb96ede-5b12-3d15-ae82-eded5a931ac9,IT,2023-7-26,Gartner Announces Inaugural Gartner CFO & Finance Executive Conference in London,Business Wire,https://finance.yahoo.com/news/gartner-announces-inaugural-gartner-cfo-090000295.html,1689584400,STORY
a87ba69b-1629-35c3-9dd4-d5835d8e3ca9,IT,2023-7-26,Will multi-robot orchestration platforms transform warehouse logistics?,FreightWaves,https://finance.yahoo.com/news/multi-robot-orchestration-platforms-transform-110000067.html,1689246000,STORY
7e451b68-a423-3d5b-ac6c-ba2b12746aaa,IT,2023-7-26,Do Gartner's (NYSE:IT) Earnings Warrant Your Attention?,Simply Wall St.,https://finance.yahoo.com/news/gartners-nyse-earnings-warrant-attention-145012318.html,1689173412,STORY
f850ec63-38cc-3811-bcc3-20d6669a3086,IT,2023-7-26,Q2 PC Shipment Data Shows Signs of Stabilization in PC Market,Zacks,https://finance.yahoo.com/news/q2-pc-shipment-data-shows-134100490.html,1689169260,STORY
797c5a05-83a7-3f95-befd-fdfc3eb99966,IT,2023-7-26,How HR leaders can get the most out of their shrinking budgets this year,Fortune,https://finance.yahoo.com/news/hr-leaders-most-shrinking-budgets-115034690.html,1689076234,STORY
b44a094d-e83a-3807-894c-99a1659c4d2a,IT,2023-7-27,Only about half of job candidates say they trust the organizations they apply to,Fortune,https://finance.yahoo.com/news/only-half-job-candidates-trust-114959830.html,1690372199,STORY
20bf3abe-770b-319a-a40d-c9827dcc2386,IT,2023-7-27,Earnings Preview: Gartner (IT) Q2 Earnings Expected to Decline,Zacks,https://finance.yahoo.com/news/earnings-preview-gartner-q2-earnings-140126190.html,1690293686,STORY
f118cfc2-0b97-3064-9b2d-12896bfc14ce,IT,2023-7-27,"Gartner to Report Second Quarter 2023 Financial Results on August 1, 2023",Business Wire,https://finance.yahoo.com/news/gartner-report-second-quarter-2023-120000493.html,1689681600,STORY
37312873-ef97-39c0-83d2-d99a09cd47bb,IT,2023-7-27,"Gartner Announces Gartner IT Symposium/Xpo, October 16-19, in Orlando",Business Wire,https://finance.yahoo.com/news/gartner-announces-gartner-symposium-xpo-123000653.html,1689597000,STORY
9bb96ede-5b12-3d15-ae82-eded5a931ac9,IT,2023-7-27,Gartner Announces Inaugural Gartner CFO & Finance Executive Conference in London,Business Wire,https://finance.yahoo.com/news/gartner-announces-inaugural-gartner-cfo-090000295.html,1689584400,STORY
a87ba69b-1629-35c3-9dd4-d5835d8e3ca9,IT,2023-7-27,Will multi-robot orchestration platforms transform warehouse logistics?,FreightWaves,https://finance.yahoo.com/news/multi-robot-orchestration-platforms-transform-110000067.html,1689246000,STORY
7e451b68-a423-3d5b-ac6c-ba2b12746aaa,IT,2023-7-27,Do Gartner's (NYSE:IT) Earnings Warrant Your Attention?,Simply Wall St.,https://finance.yahoo.com/news/gartners-nyse-earnings-warrant-attention-145012318.html,1689173412,STORY
f850ec63-38cc-3811-bcc3-20d6669a3086,IT,2023-7-27,Q2 PC Shipment Data Shows Signs of Stabilization in PC Market,Zacks,https://finance.yahoo.com/news/q2-pc-shipment-data-shows-134100490.html,1689169260,STORY
369e0ad2-f65e-3192-ba9f-2f7b2c14cc34,IT,2023-7-28,Healthy Revenue and Earnings Growth Pushed Gartner (IT) in Q2,Insider Monkey,https://finance.yahoo.com/news/healthy-revenue-earnings-growth-pushed-093746267.html,1690537066,STORY
b44a094d-e83a-3807-894c-99a1659c4d2a,IT,2023-7-28,Only about half of job candidates say they trust the organizations they apply to,Fortune,https://finance.yahoo.com/news/only-half-job-candidates-trust-114959830.html,1690372199,STORY
20bf3abe-770b-319a-a40d-c9827dcc2386,IT,2023-7-28,Earnings Preview: Gartner (IT) Q2 Earnings Expected to Decline,Zacks,https://finance.yahoo.com/news/earnings-preview-gartner-q2-earnings-140126190.html,1690293686,STORY
f118cfc2-0b97-3064-9b2d-12896bfc14ce,IT,2023-7-28,"Gartner to Report Second Quarter 2023 Financial Results on August 1, 2023",Business Wire,https://finance.yahoo.com/news/gartner-report-second-quarter-2023-120000493.html,1689681600,STORY
37312873-ef97-39c0-83d2-d99a09cd47bb,IT,2023-7-28,"Gartner Announces Gartner IT Symposium/Xpo, October 16-19, in Orlando",Business Wire,https://finance.yahoo.com/news/gartner-announces-gartner-symposium-xpo-123000653.html,1689597000,STORY
9bb96ede-5b12-3d15-ae82-eded5a931ac9,IT,2023-7-28,Gartner Announces Inaugural Gartner CFO & Finance Executive Conference in London,Business Wire,https://finance.yahoo.com/news/gartner-announces-inaugural-gartner-cfo-090000295.html,1689584400,STORY
a87ba69b-1629-35c3-9dd4-d5835d8e3ca9,IT,2023-7-28,Will multi-robot orchestration platforms transform warehouse logistics?,FreightWaves,https://finance.yahoo.com/news/multi-robot-orchestration-platforms-transform-110000067.html,1689246000,STORY
7e451b68-a423-3d5b-ac6c-ba2b12746aaa,IT,2023-7-28,Do Gartner's (NYSE:IT) Earnings Warrant Your Attention?,Simply Wall St.,https://finance.yahoo.com/news/gartners-nyse-earnings-warrant-attention-145012318.html,1689173412,STORY
b29d37fc-674d-3423-90f6-4fd9cd2b82e3,IT,2023-7-29,Gartner (IT) to Report Q2 Earnings: Here's What to Expect,Zacks,https://finance.yahoo.com/news/gartner-report-q2-earnings-heres-152300974.html,1690557780,STORY
369e0ad2-f65e-3192-ba9f-2f7b2c14cc34,IT,2023-7-29,Healthy Revenue and Earnings Growth Pushed Gartner (IT) in Q2,Insider Monkey,https://finance.yahoo.com/news/healthy-revenue-earnings-growth-pushed-093746267.html,1690537066,STORY
b44a094d-e83a-3807-894c-99a1659c4d2a,IT,2023-7-29,Only about half of job candidates say they trust the organizations they apply to,Fortune,https://finance.yahoo.com/news/only-half-job-candidates-trust-114959830.html,1690372199,STORY
20bf3abe-770b-319a-a40d-c9827dcc2386,IT,2023-7-29,Earnings Preview: Gartner (IT) Q2 Earnings Expected to Decline,Zacks,https://finance.yahoo.com/news/earnings-preview-gartner-q2-earnings-140126190.html,1690293686,STORY
f118cfc2-0b97-3064-9b2d-12896bfc14ce,IT,2023-7-29,"Gartner to Report Second Quarter 2023 Financial Results on August 1, 2023",Business Wire,https://finance.yahoo.com/news/gartner-report-second-quarter-2023-120000493.html,1689681600,STORY
37312873-ef97-39c0-83d2-d99a09cd47bb,IT,2023-7-29,"Gartner Announces Gartner IT Symposium/Xpo, October 16-19, in Orlando",Business Wire,https://finance.yahoo.com/news/gartner-announces-gartner-symposium-xpo-123000653.html,1689597000,STORY
9bb96ede-5b12-3d15-ae82-eded5a931ac9,IT,2023-7-29,Gartner Announces Inaugural Gartner CFO & Finance Executive Conference in London,Business Wire,https://finance.yahoo.com/news/gartner-announces-inaugural-gartner-cfo-090000295.html,1689584400,STORY
a87ba69b-1629-35c3-9dd4-d5835d8e3ca9,IT,2023-7-29,Will multi-robot orchestration platforms transform warehouse logistics?,FreightWaves,https://finance.yahoo.com/news/multi-robot-orchestration-platforms-transform-110000067.html,1689246000,STORY
b29d37fc-674d-3423-90f6-4fd9cd2b82e3,IT,2023-7-30,Gartner (IT) to Report Q2 Earnings: Here's What to Expect,Zacks,https://finance.yahoo.com/news/gartner-report-q2-earnings-heres-152300974.html,1690557780,STORY
369e0ad2-f65e-3192-ba9f-2f7b2c14cc34,IT,2023-7-30,Healthy Revenue and Earnings Growth Pushed Gartner (IT) in Q2,Insider Monkey,https://finance.yahoo.com/news/healthy-revenue-earnings-growth-pushed-093746267.html,1690537066,STORY
b44a094d-e83a-3807-894c-99a1659c4d2a,IT,2023-7-30,Only about half of job candidates say they trust the organizations they apply to,Fortune,https://finance.yahoo.com/news/only-half-job-candidates-trust-114959830.html,1690372199,STORY
20bf3abe-770b-319a-a40d-c9827dcc2386,IT,2023-7-30,Earnings Preview: Gartner (IT) Q2 Earnings Expected to Decline,Zacks,https://finance.yahoo.com/news/earnings-preview-gartner-q2-earnings-140126190.html,1690293686,STORY
f118cfc2-0b97-3064-9b2d-12896bfc14ce,IT,2023-7-30,"Gartner to Report Second Quarter 2023 Financial Results on August 1, 2023",Business Wire,https://finance.yahoo.com/news/gartner-report-second-quarter-2023-120000493.html,1689681600,STORY
37312873-ef97-39c0-83d2-d99a09cd47bb,IT,2023-7-30,"Gartner Announces Gartner IT Symposium/Xpo, October 16-19, in Orlando",Business Wire,https://finance.yahoo.com/news/gartner-announces-gartner-symposium-xpo-123000653.html,1689597000,STORY
9bb96ede-5b12-3d15-ae82-eded5a931ac9,IT,2023-7-30,Gartner Announces Inaugural Gartner CFO & Finance Executive Conference in London,Business Wire,https://finance.yahoo.com/news/gartner-announces-inaugural-gartner-cfo-090000295.html,1689584400,STORY
a87ba69b-1629-35c3-9dd4-d5835d8e3ca9,IT,2023-7-30,Will multi-robot orchestration platforms transform warehouse logistics?,FreightWaves,https://finance.yahoo.com/news/multi-robot-orchestration-platforms-transform-110000067.html,1689246000,STORY
b29d37fc-674d-3423-90f6-4fd9cd2b82e3,IT,2023-7-31,Gartner (IT) to Report Q2 Earnings: Here's What to Expect,Zacks,https://finance.yahoo.com/news/gartner-report-q2-earnings-heres-152300974.html,1690557780,STORY
369e0ad2-f65e-3192-ba9f-2f7b2c14cc34,IT,2023-7-31,Healthy Revenue and Earnings Growth Pushed Gartner (IT) in Q2,Insider Monkey,https://finance.yahoo.com/news/healthy-revenue-earnings-growth-pushed-093746267.html,1690537066,STORY
b44a094d-e83a-3807-894c-99a1659c4d2a,IT,2023-7-31,Only about half of job candidates say they trust the organizations they apply to,Fortune,https://finance.yahoo.com/news/only-half-job-candidates-trust-114959830.html,1690372199,STORY
20bf3abe-770b-319a-a40d-c9827dcc2386,IT,2023-7-31,Earnings Preview: Gartner (IT) Q2 Earnings Expected to Decline,Zacks,https://finance.yahoo.com/news/earnings-preview-gartner-q2-earnings-140126190.html,1690293686,STORY
f118cfc2-0b97-3064-9b2d-12896bfc14ce,IT,2023-7-31,"Gartner to Report Second Quarter 2023 Financial Results on August 1, 2023",Business Wire,https://finance.yahoo.com/news/gartner-report-second-quarter-2023-120000493.html,1689681600,STORY
37312873-ef97-39c0-83d2-d99a09cd47bb,IT,2023-7-31,"Gartner Announces Gartner IT Symposium/Xpo, October 16-19, in Orlando",Business Wire,https://finance.yahoo.com/news/gartner-announces-gartner-symposium-xpo-123000653.html,1689597000,STORY
9bb96ede-5b12-3d15-ae82-eded5a931ac9,IT,2023-7-31,Gartner Announces Inaugural Gartner CFO & Finance Executive Conference in London,Business Wire,https://finance.yahoo.com/news/gartner-announces-inaugural-gartner-cfo-090000295.html,1689584400,STORY
a87ba69b-1629-35c3-9dd4-d5835d8e3ca9,IT,2023-7-31,Will multi-robot orchestration platforms transform warehouse logistics?,FreightWaves,https://finance.yahoo.com/news/multi-robot-orchestration-platforms-transform-110000067.html,1689246000,STORY
75d9b9db-a7d3-3c11-b67f-ede4b641d7ed,IT,2023-8-1,"Gartner lifts annual profit forecast on consulting, research demand",Reuters,https://finance.yahoo.com/news/gartner-lifts-annual-profit-forecast-120102349.html,1690891262,STORY
49bfaffd-f16d-37fa-b79e-e33d0c6acb65,IT,2023-8-1,Gartner: Q2 Earnings Snapshot,AP Finance,https://finance.yahoo.com/news/gartner-q2-earnings-snapshot-100811324.html,1690884491,STORY
e1c199af-d957-30aa-b004-1f4f49cb3e08,IT,2023-8-1,Gartner Reports Second Quarter 2023 Financial Results,Business Wire,https://finance.yahoo.com/news/gartner-reports-second-quarter-2023-100000824.html,1690884000,STORY
b4e0c902-d087-312a-a004-e72cfecf87f7,IT,2023-8-1,"Business Services' Q2 Earnings Lineup on Aug 1: IT, IQV & NSP",Zacks,https://finance.yahoo.com/news/business-services-q2-earnings-lineup-131800028.html,1690809480,STORY
b29d37fc-674d-3423-90f6-4fd9cd2b82e3,IT,2023-8-1,Gartner (IT) to Report Q2 Earnings: Here's What to Expect,Zacks,https://finance.yahoo.com/news/gartner-report-q2-earnings-heres-152300974.html,1690557780,STORY
369e0ad2-f65e-3192-ba9f-2f7b2c14cc34,IT,2023-8-1,Healthy Revenue and Earnings Growth Pushed Gartner (IT) in Q2,Insider Monkey,https://finance.yahoo.com/news/healthy-revenue-earnings-growth-pushed-093746267.html,1690537066,STORY
b44a094d-e83a-3807-894c-99a1659c4d2a,IT,2023-8-1,Only about half of job candidates say they trust the organizations they apply to,Fortune,https://finance.yahoo.com/news/only-half-job-candidates-trust-114959830.html,1690372199,STORY
20bf3abe-770b-319a-a40d-c9827dcc2386,IT,2023-8-1,Earnings Preview: Gartner (IT) Q2 Earnings Expected to Decline,Zacks,https://finance.yahoo.com/news/earnings-preview-gartner-q2-earnings-140126190.html,1690293686,STORY
d82f2c31-3663-3aef-bfd4-9c3163de90e2,IT,2023-8-2,Gartner (IT) Surpasses Q2 Earnings and Revenue Estimates,Zacks,https://finance.yahoo.com/news/gartner-surpasses-q2-earnings-revenue-165800196.html,1690909080,STORY
53a9a48a-661c-31dc-8030-e13f2db1086e,IT,2023-8-2,"Compared to Estimates, Gartner (IT) Q2 Earnings: A Look at Key Metrics",Zacks,https://finance.yahoo.com/news/compared-estimates-gartner-q2-earnings-133024130.html,1690896624,STORY
75d9b9db-a7d3-3c11-b67f-ede4b641d7ed,IT,2023-8-2,"Gartner lifts annual profit forecast on consulting, research demand",Reuters,https://finance.yahoo.com/news/gartner-lifts-annual-profit-forecast-120102349.html,1690891262,STORY
07a626be-9876-32b6-9479-dcdab6816615,IT,2023-8-2,Gartner (IT) Q2 Earnings and Revenues Top Estimates,Zacks,https://finance.yahoo.com/news/gartner-q2-earnings-revenues-top-111507821.html,1690888507,STORY
49bfaffd-f16d-37fa-b79e-e33d0c6acb65,IT,2023-8-2,Gartner: Q2 Earnings Snapshot,AP Finance,https://finance.yahoo.com/news/gartner-q2-earnings-snapshot-100811324.html,1690884491,STORY
e1c199af-d957-30aa-b004-1f4f49cb3e08,IT,2023-8-2,Gartner Reports Second Quarter 2023 Financial Results,Business Wire,https://finance.yahoo.com/news/gartner-reports-second-quarter-2023-100000824.html,1690884000,STORY
b4e0c902-d087-312a-a004-e72cfecf87f7,IT,2023-8-2,"Business Services' Q2 Earnings Lineup on Aug 1: IT, IQV & NSP",Zacks,https://finance.yahoo.com/news/business-services-q2-earnings-lineup-131800028.html,1690809480,STORY
b29d37fc-674d-3423-90f6-4fd9cd2b82e3,IT,2023-8-2,Gartner (IT) to Report Q2 Earnings: Here's What to Expect,Zacks,https://finance.yahoo.com/news/gartner-report-q2-earnings-heres-152300974.html,1690557780,STORY
cccdd2d5-c2b6-3b8b-81ab-3ce8b9f6b5e4,IT,2023-8-3,"Gartner, Inc. (NYSE:IT) Q2 2023 Earnings Call Transcript",Insider Monkey,https://finance.yahoo.com/news/gartner-inc-nyse-q2-2023-174825429.html,1690998505,STORY
d82f2c31-3663-3aef-bfd4-9c3163de90e2,IT,2023-8-3,Gartner (IT) Surpasses Q2 Earnings and Revenue Estimates,Zacks,https://finance.yahoo.com/news/gartner-surpasses-q2-earnings-revenue-165800196.html,1690909080,STORY
53a9a48a-661c-31dc-8030-e13f2db1086e,IT,2023-8-3,"Compared to Estimates, Gartner (IT) Q2 Earnings: A Look at Key Metrics",Zacks,https://finance.yahoo.com/news/compared-estimates-gartner-q2-earnings-133024130.html,1690896624,STORY
75d9b9db-a7d3-3c11-b67f-ede4b641d7ed,IT,2023-8-3,"Gartner lifts annual profit forecast on consulting, research demand",Reuters,https://finance.yahoo.com/news/gartner-lifts-annual-profit-forecast-120102349.html,1690891262,STORY
07a626be-9876-32b6-9479-dcdab6816615,IT,2023-8-3,Gartner (IT) Q2 Earnings and Revenues Top Estimates,Zacks,https://finance.yahoo.com/news/gartner-q2-earnings-revenues-top-111507821.html,1690888507,STORY
49bfaffd-f16d-37fa-b79e-e33d0c6acb65,IT,2023-8-3,Gartner: Q2 Earnings Snapshot,AP Finance,https://finance.yahoo.com/news/gartner-q2-earnings-snapshot-100811324.html,1690884491,STORY
e1c199af-d957-30aa-b004-1f4f49cb3e08,IT,2023-8-3,Gartner Reports Second Quarter 2023 Financial Results,Business Wire,https://finance.yahoo.com/news/gartner-reports-second-quarter-2023-100000824.html,1690884000,STORY
b4e0c902-d087-312a-a004-e72cfecf87f7,IT,2023-8-3,"Business Services' Q2 Earnings Lineup on Aug 1: IT, IQV & NSP",Zacks,https://finance.yahoo.com/news/business-services-q2-earnings-lineup-131800028.html,1690809480,STORY
cccdd2d5-c2b6-3b8b-81ab-3ce8b9f6b5e4,IT,2023-8-4,"Gartner, Inc. (NYSE:IT) Q2 2023 Earnings Call Transcript",Insider Monkey,https://finance.yahoo.com/news/gartner-inc-nyse-q2-2023-174825429.html,1690998505,STORY
d82f2c31-3663-3aef-bfd4-9c3163de90e2,IT,2023-8-4,Gartner (IT) Surpasses Q2 Earnings and Revenue Estimates,Zacks,https://finance.yahoo.com/news/gartner-surpasses-q2-earnings-revenue-165800196.html,1690909080,STORY
53a9a48a-661c-31dc-8030-e13f2db1086e,IT,2023-8-4,"Compared to Estimates, Gartner (IT) Q2 Earnings: A Look at Key Metrics",Zacks,https://finance.yahoo.com/news/compared-estimates-gartner-q2-earnings-133024130.html,1690896624,STORY
75d9b9db-a7d3-3c11-b67f-ede4b641d7ed,IT,2023-8-4,"Gartner lifts annual profit forecast on consulting, research demand",Reuters,https://finance.yahoo.com/news/gartner-lifts-annual-profit-forecast-120102349.html,1690891262,STORY
07a626be-9876-32b6-9479-dcdab6816615,IT,2023-8-4,Gartner (IT) Q2 Earnings and Revenues Top Estimates,Zacks,https://finance.yahoo.com/news/gartner-q2-earnings-revenues-top-111507821.html,1690888507,STORY
49bfaffd-f16d-37fa-b79e-e33d0c6acb65,IT,2023-8-4,Gartner: Q2 Earnings Snapshot,AP Finance,https://finance.yahoo.com/news/gartner-q2-earnings-snapshot-100811324.html,1690884491,STORY
e1c199af-d957-30aa-b004-1f4f49cb3e08,IT,2023-8-4,Gartner Reports Second Quarter 2023 Financial Results,Business Wire,https://finance.yahoo.com/news/gartner-reports-second-quarter-2023-100000824.html,1690884000,STORY
b4e0c902-d087-312a-a004-e72cfecf87f7,IT,2023-8-4,"Business Services' Q2 Earnings Lineup on Aug 1: IT, IQV & NSP",Zacks,https://finance.yahoo.com/news/business-services-q2-earnings-lineup-131800028.html,1690809480,STORY
cccdd2d5-c2b6-3b8b-81ab-3ce8b9f6b5e4,IT,2023-8-5,"Gartner, Inc. (NYSE:IT) Q2 2023 Earnings Call Transcript",Insider Monkey,https://finance.yahoo.com/news/gartner-inc-nyse-q2-2023-174825429.html,1690998505,STORY
d82f2c31-3663-3aef-bfd4-9c3163de90e2,IT,2023-8-5,Gartner (IT) Surpasses Q2 Earnings and Revenue Estimates,Zacks,https://finance.yahoo.com/news/gartner-surpasses-q2-earnings-revenue-165800196.html,1690909080,STORY
53a9a48a-661c-31dc-8030-e13f2db1086e,IT,2023-8-5,"Compared to Estimates, Gartner (IT) Q2 Earnings: A Look at Key Metrics",Zacks,https://finance.yahoo.com/news/compared-estimates-gartner-q2-earnings-133024130.html,1690896624,STORY
75d9b9db-a7d3-3c11-b67f-ede4b641d7ed,IT,2023-8-5,"Gartner lifts annual profit forecast on consulting, research demand",Reuters,https://finance.yahoo.com/news/gartner-lifts-annual-profit-forecast-120102349.html,1690891262,STORY
07a626be-9876-32b6-9479-dcdab6816615,IT,2023-8-5,Gartner (IT) Q2 Earnings and Revenues Top Estimates,Zacks,https://finance.yahoo.com/news/gartner-q2-earnings-revenues-top-111507821.html,1690888507,STORY
49bfaffd-f16d-37fa-b79e-e33d0c6acb65,IT,2023-8-5,Gartner: Q2 Earnings Snapshot,AP Finance,https://finance.yahoo.com/news/gartner-q2-earnings-snapshot-100811324.html,1690884491,STORY
e1c199af-d957-30aa-b004-1f4f49cb3e08,IT,2023-8-5,Gartner Reports Second Quarter 2023 Financial Results,Business Wire,https://finance.yahoo.com/news/gartner-reports-second-quarter-2023-100000824.html,1690884000,STORY
b4e0c902-d087-312a-a004-e72cfecf87f7,IT,2023-8-5,"Business Services' Q2 Earnings Lineup on Aug 1: IT, IQV & NSP",Zacks,https://finance.yahoo.com/news/business-services-q2-earnings-lineup-131800028.html,1690809480,STORY
cccdd2d5-c2b6-3b8b-81ab-3ce8b9f6b5e4,IT,2023-8-6,"Gartner, Inc. (NYSE:IT) Q2 2023 Earnings Call Transcript",Insider Monkey,https://finance.yahoo.com/news/gartner-inc-nyse-q2-2023-174825429.html,1690998505,STORY
d82f2c31-3663-3aef-bfd4-9c3163de90e2,IT,2023-8-6,Gartner (IT) Surpasses Q2 Earnings and Revenue Estimates,Zacks,https://finance.yahoo.com/news/gartner-surpasses-q2-earnings-revenue-165800196.html,1690909080,STORY
53a9a48a-661c-31dc-8030-e13f2db1086e,IT,2023-8-6,"Compared to Estimates, Gartner (IT) Q2 Earnings: A Look at Key Metrics",Zacks,https://finance.yahoo.com/news/compared-estimates-gartner-q2-earnings-133024130.html,1690896624,STORY
75d9b9db-a7d3-3c11-b67f-ede4b641d7ed,IT,2023-8-6,"Gartner lifts annual profit forecast on consulting, research demand",Reuters,https://finance.yahoo.com/news/gartner-lifts-annual-profit-forecast-120102349.html,1690891262,STORY
07a626be-9876-32b6-9479-dcdab6816615,IT,2023-8-6,Gartner (IT) Q2 Earnings and Revenues Top Estimates,Zacks,https://finance.yahoo.com/news/gartner-q2-earnings-revenues-top-111507821.html,1690888507,STORY
49bfaffd-f16d-37fa-b79e-e33d0c6acb65,IT,2023-8-6,Gartner: Q2 Earnings Snapshot,AP Finance,https://finance.yahoo.com/news/gartner-q2-earnings-snapshot-100811324.html,1690884491,STORY
e1c199af-d957-30aa-b004-1f4f49cb3e08,IT,2023-8-6,Gartner Reports Second Quarter 2023 Financial Results,Business Wire,https://finance.yahoo.com/news/gartner-reports-second-quarter-2023-100000824.html,1690884000,STORY
b4e0c902-d087-312a-a004-e72cfecf87f7,IT,2023-8-6,"Business Services' Q2 Earnings Lineup on Aug 1: IT, IQV & NSP",Zacks,https://finance.yahoo.com/news/business-services-q2-earnings-lineup-131800028.html,1690809480,STORY
cccdd2d5-c2b6-3b8b-81ab-3ce8b9f6b5e4,IT,2023-8-7,"Gartner, Inc. (NYSE:IT) Q2 2023 Earnings Call Transcript",Insider Monkey,https://finance.yahoo.com/news/gartner-inc-nyse-q2-2023-174825429.html,1690998505,STORY
d82f2c31-3663-3aef-bfd4-9c3163de90e2,IT,2023-8-7,Gartner (IT) Surpasses Q2 Earnings and Revenue Estimates,Zacks,https://finance.yahoo.com/news/gartner-surpasses-q2-earnings-revenue-165800196.html,1690909080,STORY
53a9a48a-661c-31dc-8030-e13f2db1086e,IT,2023-8-7,"Compared to Estimates, Gartner (IT) Q2 Earnings: A Look at Key Metrics",Zacks,https://finance.yahoo.com/news/compared-estimates-gartner-q2-earnings-133024130.html,1690896624,STORY
75d9b9db-a7d3-3c11-b67f-ede4b641d7ed,IT,2023-8-7,"Gartner lifts annual profit forecast on consulting, research demand",Reuters,https://finance.yahoo.com/news/gartner-lifts-annual-profit-forecast-120102349.html,1690891262,STORY
07a626be-9876-32b6-9479-dcdab6816615,IT,2023-8-7,Gartner (IT) Q2 Earnings and Revenues Top Estimates,Zacks,https://finance.yahoo.com/news/gartner-q2-earnings-revenues-top-111507821.html,1690888507,STORY
49bfaffd-f16d-37fa-b79e-e33d0c6acb65,IT,2023-8-7,Gartner: Q2 Earnings Snapshot,AP Finance,https://finance.yahoo.com/news/gartner-q2-earnings-snapshot-100811324.html,1690884491,STORY
e1c199af-d957-30aa-b004-1f4f49cb3e08,IT,2023-8-7,Gartner Reports Second Quarter 2023 Financial Results,Business Wire,https://finance.yahoo.com/news/gartner-reports-second-quarter-2023-100000824.html,1690884000,STORY
b4e0c902-d087-312a-a004-e72cfecf87f7,IT,2023-8-7,"Business Services' Q2 Earnings Lineup on Aug 1: IT, IQV & NSP",Zacks,https://finance.yahoo.com/news/business-services-q2-earnings-lineup-131800028.html,1690809480,STORY
cccdd2d5-c2b6-3b8b-81ab-3ce8b9f6b5e4,IT,2023-8-8,"Gartner, Inc. (NYSE:IT) Q2 2023 Earnings Call Transcript",Insider Monkey,https://finance.yahoo.com/news/gartner-inc-nyse-q2-2023-174825429.html,1690998505,STORY
d82f2c31-3663-3aef-bfd4-9c3163de90e2,IT,2023-8-8,Gartner (IT) Surpasses Q2 Earnings and Revenue Estimates,Zacks,https://finance.yahoo.com/news/gartner-surpasses-q2-earnings-revenue-165800196.html,1690909080,STORY
53a9a48a-661c-31dc-8030-e13f2db1086e,IT,2023-8-8,"Compared to Estimates, Gartner (IT) Q2 Earnings: A Look at Key Metrics",Zacks,https://finance.yahoo.com/news/compared-estimates-gartner-q2-earnings-133024130.html,1690896624,STORY
75d9b9db-a7d3-3c11-b67f-ede4b641d7ed,IT,2023-8-8,"Gartner lifts annual profit forecast on consulting, research demand",Reuters,https://finance.yahoo.com/news/gartner-lifts-annual-profit-forecast-120102349.html,1690891262,STORY
07a626be-9876-32b6-9479-dcdab6816615,IT,2023-8-8,Gartner (IT) Q2 Earnings and Revenues Top Estimates,Zacks,https://finance.yahoo.com/news/gartner-q2-earnings-revenues-top-111507821.html,1690888507,STORY
49bfaffd-f16d-37fa-b79e-e33d0c6acb65,IT,2023-8-8,Gartner: Q2 Earnings Snapshot,AP Finance,https://finance.yahoo.com/news/gartner-q2-earnings-snapshot-100811324.html,1690884491,STORY
e1c199af-d957-30aa-b004-1f4f49cb3e08,IT,2023-8-8,Gartner Reports Second Quarter 2023 Financial Results,Business Wire,https://finance.yahoo.com/news/gartner-reports-second-quarter-2023-100000824.html,1690884000,STORY
b4e0c902-d087-312a-a004-e72cfecf87f7,IT,2023-8-8,"Business Services' Q2 Earnings Lineup on Aug 1: IT, IQV & NSP",Zacks,https://finance.yahoo.com/news/business-services-q2-earnings-lineup-131800028.html,1690809480,STORY
cccdd2d5-c2b6-3b8b-81ab-3ce8b9f6b5e4,IT,2023-8-9,"Gartner, Inc. (NYSE:IT) Q2 2023 Earnings Call Transcript",Insider Monkey,https://finance.yahoo.com/news/gartner-inc-nyse-q2-2023-174825429.html,1690998505,STORY
d82f2c31-3663-3aef-bfd4-9c3163de90e2,IT,2023-8-9,Gartner (IT) Surpasses Q2 Earnings and Revenue Estimates,Zacks,https://finance.yahoo.com/news/gartner-surpasses-q2-earnings-revenue-165800196.html,1690909080,STORY
53a9a48a-661c-31dc-8030-e13f2db1086e,IT,2023-8-9,"Compared to Estimates, Gartner (IT) Q2 Earnings: A Look at Key Metrics",Zacks,https://finance.yahoo.com/news/compared-estimates-gartner-q2-earnings-133024130.html,1690896624,STORY
75d9b9db-a7d3-3c11-b67f-ede4b641d7ed,IT,2023-8-9,"Gartner lifts annual profit forecast on consulting, research demand",Reuters,https://finance.yahoo.com/news/gartner-lifts-annual-profit-forecast-120102349.html,1690891262,STORY
07a626be-9876-32b6-9479-dcdab6816615,IT,2023-8-9,Gartner (IT) Q2 Earnings and Revenues Top Estimates,Zacks,https://finance.yahoo.com/news/gartner-q2-earnings-revenues-top-111507821.html,1690888507,STORY
49bfaffd-f16d-37fa-b79e-e33d0c6acb65,IT,2023-8-9,Gartner: Q2 Earnings Snapshot,AP Finance,https://finance.yahoo.com/news/gartner-q2-earnings-snapshot-100811324.html,1690884491,STORY
e1c199af-d957-30aa-b004-1f4f49cb3e08,IT,2023-8-9,Gartner Reports Second Quarter 2023 Financial Results,Business Wire,https://finance.yahoo.com/news/gartner-reports-second-quarter-2023-100000824.html,1690884000,STORY
b4e0c902-d087-312a-a004-e72cfecf87f7,IT,2023-8-9,"Business Services' Q2 Earnings Lineup on Aug 1: IT, IQV & NSP",Zacks,https://finance.yahoo.com/news/business-services-q2-earnings-lineup-131800028.html,1690809480,STORY
cccdd2d5-c2b6-3b8b-81ab-3ce8b9f6b5e4,IT,2023-8-10,"Gartner, Inc. (NYSE:IT) Q2 2023 Earnings Call Transcript",Insider Monkey,https://finance.yahoo.com/news/gartner-inc-nyse-q2-2023-174825429.html,1690998505,STORY
d82f2c31-3663-3aef-bfd4-9c3163de90e2,IT,2023-8-10,Gartner (IT) Surpasses Q2 Earnings and Revenue Estimates,Zacks,https://finance.yahoo.com/news/gartner-surpasses-q2-earnings-revenue-165800196.html,1690909080,STORY
53a9a48a-661c-31dc-8030-e13f2db1086e,IT,2023-8-10,"Compared to Estimates, Gartner (IT) Q2 Earnings: A Look at Key Metrics",Zacks,https://finance.yahoo.com/news/compared-estimates-gartner-q2-earnings-133024130.html,1690896624,STORY
75d9b9db-a7d3-3c11-b67f-ede4b641d7ed,IT,2023-8-10,"Gartner lifts annual profit forecast on consulting, research demand",Reuters,https://finance.yahoo.com/news/gartner-lifts-annual-profit-forecast-120102349.html,1690891262,STORY
07a626be-9876-32b6-9479-dcdab6816615,IT,2023-8-10,Gartner (IT) Q2 Earnings and Revenues Top Estimates,Zacks,https://finance.yahoo.com/news/gartner-q2-earnings-revenues-top-111507821.html,1690888507,STORY
49bfaffd-f16d-37fa-b79e-e33d0c6acb65,IT,2023-8-10,Gartner: Q2 Earnings Snapshot,AP Finance,https://finance.yahoo.com/news/gartner-q2-earnings-snapshot-100811324.html,1690884491,STORY
e1c199af-d957-30aa-b004-1f4f49cb3e08,IT,2023-8-10,Gartner Reports Second Quarter 2023 Financial Results,Business Wire,https://finance.yahoo.com/news/gartner-reports-second-quarter-2023-100000824.html,1690884000,STORY
b4e0c902-d087-312a-a004-e72cfecf87f7,IT,2023-8-10,"Business Services' Q2 Earnings Lineup on Aug 1: IT, IQV & NSP",Zacks,https://finance.yahoo.com/news/business-services-q2-earnings-lineup-131800028.html,1690809480,STORY
cccdd2d5-c2b6-3b8b-81ab-3ce8b9f6b5e4,IT,2023-8-11,"Gartner, Inc. (NYSE:IT) Q2 2023 Earnings Call Transcript",Insider Monkey,https://finance.yahoo.com/news/gartner-inc-nyse-q2-2023-174825429.html,1690998505,STORY
d82f2c31-3663-3aef-bfd4-9c3163de90e2,IT,2023-8-11,Gartner (IT) Surpasses Q2 Earnings and Revenue Estimates,Zacks,https://finance.yahoo.com/news/gartner-surpasses-q2-earnings-revenue-165800196.html,1690909080,STORY
53a9a48a-661c-31dc-8030-e13f2db1086e,IT,2023-8-11,"Compared to Estimates, Gartner (IT) Q2 Earnings: A Look at Key Metrics",Zacks,https://finance.yahoo.com/news/compared-estimates-gartner-q2-earnings-133024130.html,1690896624,STORY
75d9b9db-a7d3-3c11-b67f-ede4b641d7ed,IT,2023-8-11,"Gartner lifts annual profit forecast on consulting, research demand",Reuters,https://finance.yahoo.com/news/gartner-lifts-annual-profit-forecast-120102349.html,1690891262,STORY
07a626be-9876-32b6-9479-dcdab6816615,IT,2023-8-11,Gartner (IT) Q2 Earnings and Revenues Top Estimates,Zacks,https://finance.yahoo.com/news/gartner-q2-earnings-revenues-top-111507821.html,1690888507,STORY
49bfaffd-f16d-37fa-b79e-e33d0c6acb65,IT,2023-8-11,Gartner: Q2 Earnings Snapshot,AP Finance,https://finance.yahoo.com/news/gartner-q2-earnings-snapshot-100811324.html,1690884491,STORY
e1c199af-d957-30aa-b004-1f4f49cb3e08,IT,2023-8-11,Gartner Reports Second Quarter 2023 Financial Results,Business Wire,https://finance.yahoo.com/news/gartner-reports-second-quarter-2023-100000824.html,1690884000,STORY
b4e0c902-d087-312a-a004-e72cfecf87f7,IT,2023-8-11,"Business Services' Q2 Earnings Lineup on Aug 1: IT, IQV & NSP",Zacks,https://finance.yahoo.com/news/business-services-q2-earnings-lineup-131800028.html,1690809480,STORY
cccdd2d5-c2b6-3b8b-81ab-3ce8b9f6b5e4,IT,2023-8-12,"Gartner, Inc. (NYSE:IT) Q2 2023 Earnings Call Transcript",Insider Monkey,https://finance.yahoo.com/news/gartner-inc-nyse-q2-2023-174825429.html,1690998505,STORY
d82f2c31-3663-3aef-bfd4-9c3163de90e2,IT,2023-8-12,Gartner (IT) Surpasses Q2 Earnings and Revenue Estimates,Zacks,https://finance.yahoo.com/news/gartner-surpasses-q2-earnings-revenue-165800196.html,1690909080,STORY
53a9a48a-661c-31dc-8030-e13f2db1086e,IT,2023-8-12,"Compared to Estimates, Gartner (IT) Q2 Earnings: A Look at Key Metrics",Zacks,https://finance.yahoo.com/news/compared-estimates-gartner-q2-earnings-133024130.html,1690896624,STORY
75d9b9db-a7d3-3c11-b67f-ede4b641d7ed,IT,2023-8-12,"Gartner lifts annual profit forecast on consulting, research demand",Reuters,https://finance.yahoo.com/news/gartner-lifts-annual-profit-forecast-120102349.html,1690891262,STORY
07a626be-9876-32b6-9479-dcdab6816615,IT,2023-8-12,Gartner (IT) Q2 Earnings and Revenues Top Estimates,Zacks,https://finance.yahoo.com/news/gartner-q2-earnings-revenues-top-111507821.html,1690888507,STORY
49bfaffd-f16d-37fa-b79e-e33d0c6acb65,IT,2023-8-12,Gartner: Q2 Earnings Snapshot,AP Finance,https://finance.yahoo.com/news/gartner-q2-earnings-snapshot-100811324.html,1690884491,STORY
e1c199af-d957-30aa-b004-1f4f49cb3e08,IT,2023-8-12,Gartner Reports Second Quarter 2023 Financial Results,Business Wire,https://finance.yahoo.com/news/gartner-reports-second-quarter-2023-100000824.html,1690884000,STORY
b4e0c902-d087-312a-a004-e72cfecf87f7,IT,2023-8-12,"Business Services' Q2 Earnings Lineup on Aug 1: IT, IQV & NSP",Zacks,https://finance.yahoo.com/news/business-services-q2-earnings-lineup-131800028.html,1690809480,STORY
cccdd2d5-c2b6-3b8b-81ab-3ce8b9f6b5e4,IT,2023-8-13,"Gartner, Inc. (NYSE:IT) Q2 2023 Earnings Call Transcript",Insider Monkey,https://finance.yahoo.com/news/gartner-inc-nyse-q2-2023-174825429.html,1690998505,STORY
d82f2c31-3663-3aef-bfd4-9c3163de90e2,IT,2023-8-13,Gartner (IT) Surpasses Q2 Earnings and Revenue Estimates,Zacks,https://finance.yahoo.com/news/gartner-surpasses-q2-earnings-revenue-165800196.html,1690909080,STORY
53a9a48a-661c-31dc-8030-e13f2db1086e,IT,2023-8-13,"Compared to Estimates, Gartner (IT) Q2 Earnings: A Look at Key Metrics",Zacks,https://finance.yahoo.com/news/compared-estimates-gartner-q2-earnings-133024130.html,1690896624,STORY
75d9b9db-a7d3-3c11-b67f-ede4b641d7ed,IT,2023-8-13,"Gartner lifts annual profit forecast on consulting, research demand",Reuters,https://finance.yahoo.com/news/gartner-lifts-annual-profit-forecast-120102349.html,1690891262,STORY
07a626be-9876-32b6-9479-dcdab6816615,IT,2023-8-13,Gartner (IT) Q2 Earnings and Revenues Top Estimates,Zacks,https://finance.yahoo.com/news/gartner-q2-earnings-revenues-top-111507821.html,1690888507,STORY
49bfaffd-f16d-37fa-b79e-e33d0c6acb65,IT,2023-8-13,Gartner: Q2 Earnings Snapshot,AP Finance,https://finance.yahoo.com/news/gartner-q2-earnings-snapshot-100811324.html,1690884491,STORY
e1c199af-d957-30aa-b004-1f4f49cb3e08,IT,2023-8-13,Gartner Reports Second Quarter 2023 Financial Results,Business Wire,https://finance.yahoo.com/news/gartner-reports-second-quarter-2023-100000824.html,1690884000,STORY
b4e0c902-d087-312a-a004-e72cfecf87f7,IT,2023-8-13,"Business Services' Q2 Earnings Lineup on Aug 1: IT, IQV & NSP",Zacks,https://finance.yahoo.com/news/business-services-q2-earnings-lineup-131800028.html,1690809480,STORY
cccdd2d5-c2b6-3b8b-81ab-3ce8b9f6b5e4,IT,2023-8-14,"Gartner, Inc. (NYSE:IT) Q2 2023 Earnings Call Transcript",Insider Monkey,https://finance.yahoo.com/news/gartner-inc-nyse-q2-2023-174825429.html,1690998505,STORY
d82f2c31-3663-3aef-bfd4-9c3163de90e2,IT,2023-8-14,Gartner (IT) Surpasses Q2 Earnings and Revenue Estimates,Zacks,https://finance.yahoo.com/news/gartner-surpasses-q2-earnings-revenue-165800196.html,1690909080,STORY
53a9a48a-661c-31dc-8030-e13f2db1086e,IT,2023-8-14,"Compared to Estimates, Gartner (IT) Q2 Earnings: A Look at Key Metrics",Zacks,https://finance.yahoo.com/news/compared-estimates-gartner-q2-earnings-133024130.html,1690896624,STORY
75d9b9db-a7d3-3c11-b67f-ede4b641d7ed,IT,2023-8-14,"Gartner lifts annual profit forecast on consulting, research demand",Reuters,https://finance.yahoo.com/news/gartner-lifts-annual-profit-forecast-120102349.html,1690891262,STORY
07a626be-9876-32b6-9479-dcdab6816615,IT,2023-8-14,Gartner (IT) Q2 Earnings and Revenues Top Estimates,Zacks,https://finance.yahoo.com/news/gartner-q2-earnings-revenues-top-111507821.html,1690888507,STORY
49bfaffd-f16d-37fa-b79e-e33d0c6acb65,IT,2023-8-14,Gartner: Q2 Earnings Snapshot,AP Finance,https://finance.yahoo.com/news/gartner-q2-earnings-snapshot-100811324.html,1690884491,STORY
e1c199af-d957-30aa-b004-1f4f49cb3e08,IT,2023-8-14,Gartner Reports Second Quarter 2023 Financial Results,Business Wire,https://finance.yahoo.com/news/gartner-reports-second-quarter-2023-100000824.html,1690884000,STORY
b4e0c902-d087-312a-a004-e72cfecf87f7,IT,2023-8-14,"Business Services' Q2 Earnings Lineup on Aug 1: IT, IQV & NSP",Zacks,https://finance.yahoo.com/news/business-services-q2-earnings-lineup-131800028.html,1690809480,STORY
cccdd2d5-c2b6-3b8b-81ab-3ce8b9f6b5e4,IT,2023-8-15,"Gartner, Inc. (NYSE:IT) Q2 2023 Earnings Call Transcript",Insider Monkey,https://finance.yahoo.com/news/gartner-inc-nyse-q2-2023-174825429.html,1690998505,STORY
d82f2c31-3663-3aef-bfd4-9c3163de90e2,IT,2023-8-15,Gartner (IT) Surpasses Q2 Earnings and Revenue Estimates,Zacks,https://finance.yahoo.com/news/gartner-surpasses-q2-earnings-revenue-165800196.html,1690909080,STORY
53a9a48a-661c-31dc-8030-e13f2db1086e,IT,2023-8-15,"Compared to Estimates, Gartner (IT) Q2 Earnings: A Look at Key Metrics",Zacks,https://finance.yahoo.com/news/compared-estimates-gartner-q2-earnings-133024130.html,1690896624,STORY
75d9b9db-a7d3-3c11-b67f-ede4b641d7ed,IT,2023-8-15,"Gartner lifts annual profit forecast on consulting, research demand",Reuters,https://finance.yahoo.com/news/gartner-lifts-annual-profit-forecast-120102349.html,1690891262,STORY
07a626be-9876-32b6-9479-dcdab6816615,IT,2023-8-15,Gartner (IT) Q2 Earnings and Revenues Top Estimates,Zacks,https://finance.yahoo.com/news/gartner-q2-earnings-revenues-top-111507821.html,1690888507,STORY
49bfaffd-f16d-37fa-b79e-e33d0c6acb65,IT,2023-8-15,Gartner: Q2 Earnings Snapshot,AP Finance,https://finance.yahoo.com/news/gartner-q2-earnings-snapshot-100811324.html,1690884491,STORY
e1c199af-d957-30aa-b004-1f4f49cb3e08,IT,2023-8-15,Gartner Reports Second Quarter 2023 Financial Results,Business Wire,https://finance.yahoo.com/news/gartner-reports-second-quarter-2023-100000824.html,1690884000,STORY
b4e0c902-d087-312a-a004-e72cfecf87f7,IT,2023-8-15,"Business Services' Q2 Earnings Lineup on Aug 1: IT, IQV & NSP",Zacks,https://finance.yahoo.com/news/business-services-q2-earnings-lineup-131800028.html,1690809480,STORY
cccdd2d5-c2b6-3b8b-81ab-3ce8b9f6b5e4,IT,2023-8-16,"Gartner, Inc. (NYSE:IT) Q2 2023 Earnings Call Transcript",Insider Monkey,https://finance.yahoo.com/news/gartner-inc-nyse-q2-2023-174825429.html,1690998505,STORY
d82f2c31-3663-3aef-bfd4-9c3163de90e2,IT,2023-8-16,Gartner (IT) Surpasses Q2 Earnings and Revenue Estimates,Zacks,https://finance.yahoo.com/news/gartner-surpasses-q2-earnings-revenue-165800196.html,1690909080,STORY
53a9a48a-661c-31dc-8030-e13f2db1086e,IT,2023-8-16,"Compared to Estimates, Gartner (IT) Q2 Earnings: A Look at Key Metrics",Zacks,https://finance.yahoo.com/news/compared-estimates-gartner-q2-earnings-133024130.html,1690896624,STORY
75d9b9db-a7d3-3c11-b67f-ede4b641d7ed,IT,2023-8-16,"Gartner lifts annual profit forecast on consulting, research demand",Reuters,https://finance.yahoo.com/news/gartner-lifts-annual-profit-forecast-120102349.html,1690891262,STORY
07a626be-9876-32b6-9479-dcdab6816615,IT,2023-8-16,Gartner (IT) Q2 Earnings and Revenues Top Estimates,Zacks,https://finance.yahoo.com/news/gartner-q2-earnings-revenues-top-111507821.html,1690888507,STORY
49bfaffd-f16d-37fa-b79e-e33d0c6acb65,IT,2023-8-16,Gartner: Q2 Earnings Snapshot,AP Finance,https://finance.yahoo.com/news/gartner-q2-earnings-snapshot-100811324.html,1690884491,STORY
e1c199af-d957-30aa-b004-1f4f49cb3e08,IT,2023-8-16,Gartner Reports Second Quarter 2023 Financial Results,Business Wire,https://finance.yahoo.com/news/gartner-reports-second-quarter-2023-100000824.html,1690884000,STORY
b4e0c902-d087-312a-a004-e72cfecf87f7,IT,2023-8-16,"Business Services' Q2 Earnings Lineup on Aug 1: IT, IQV & NSP",Zacks,https://finance.yahoo.com/news/business-services-q2-earnings-lineup-131800028.html,1690809480,STORY
cccdd2d5-c2b6-3b8b-81ab-3ce8b9f6b5e4,IT,2023-8-17,"Gartner, Inc. (NYSE:IT) Q2 2023 Earnings Call Transcript",Insider Monkey,https://finance.yahoo.com/news/gartner-inc-nyse-q2-2023-174825429.html,1690998505,STORY
d82f2c31-3663-3aef-bfd4-9c3163de90e2,IT,2023-8-17,Gartner (IT) Surpasses Q2 Earnings and Revenue Estimates,Zacks,https://finance.yahoo.com/news/gartner-surpasses-q2-earnings-revenue-165800196.html,1690909080,STORY
53a9a48a-661c-31dc-8030-e13f2db1086e,IT,2023-8-17,"Compared to Estimates, Gartner (IT) Q2 Earnings: A Look at Key Metrics",Zacks,https://finance.yahoo.com/news/compared-estimates-gartner-q2-earnings-133024130.html,1690896624,STORY
75d9b9db-a7d3-3c11-b67f-ede4b641d7ed,IT,2023-8-17,"Gartner lifts annual profit forecast on consulting, research demand",Reuters,https://finance.yahoo.com/news/gartner-lifts-annual-profit-forecast-120102349.html,1690891262,STORY
07a626be-9876-32b6-9479-dcdab6816615,IT,2023-8-17,Gartner (IT) Q2 Earnings and Revenues Top Estimates,Zacks,https://finance.yahoo.com/news/gartner-q2-earnings-revenues-top-111507821.html,1690888507,STORY
49bfaffd-f16d-37fa-b79e-e33d0c6acb65,IT,2023-8-17,Gartner: Q2 Earnings Snapshot,AP Finance,https://finance.yahoo.com/news/gartner-q2-earnings-snapshot-100811324.html,1690884491,STORY
e1c199af-d957-30aa-b004-1f4f49cb3e08,IT,2023-8-17,Gartner Reports Second Quarter 2023 Financial Results,Business Wire,https://finance.yahoo.com/news/gartner-reports-second-quarter-2023-100000824.html,1690884000,STORY
b4e0c902-d087-312a-a004-e72cfecf87f7,IT,2023-8-17,"Business Services' Q2 Earnings Lineup on Aug 1: IT, IQV & NSP",Zacks,https://finance.yahoo.com/news/business-services-q2-earnings-lineup-131800028.html,1690809480,STORY
cccdd2d5-c2b6-3b8b-81ab-3ce8b9f6b5e4,IT,2023-8-18,"Gartner, Inc. (NYSE:IT) Q2 2023 Earnings Call Transcript",Insider Monkey,https://finance.yahoo.com/news/gartner-inc-nyse-q2-2023-174825429.html,1690998505,STORY
d82f2c31-3663-3aef-bfd4-9c3163de90e2,IT,2023-8-18,Gartner (IT) Surpasses Q2 Earnings and Revenue Estimates,Zacks,https://finance.yahoo.com/news/gartner-surpasses-q2-earnings-revenue-165800196.html,1690909080,STORY
53a9a48a-661c-31dc-8030-e13f2db1086e,IT,2023-8-18,"Compared to Estimates, Gartner (IT) Q2 Earnings: A Look at Key Metrics",Zacks,https://finance.yahoo.com/news/compared-estimates-gartner-q2-earnings-133024130.html,1690896624,STORY
75d9b9db-a7d3-3c11-b67f-ede4b641d7ed,IT,2023-8-18,"Gartner lifts annual profit forecast on consulting, research demand",Reuters,https://finance.yahoo.com/news/gartner-lifts-annual-profit-forecast-120102349.html,1690891262,STORY
07a626be-9876-32b6-9479-dcdab6816615,IT,2023-8-18,Gartner (IT) Q2 Earnings and Revenues Top Estimates,Zacks,https://finance.yahoo.com/news/gartner-q2-earnings-revenues-top-111507821.html,1690888507,STORY
49bfaffd-f16d-37fa-b79e-e33d0c6acb65,IT,2023-8-18,Gartner: Q2 Earnings Snapshot,AP Finance,https://finance.yahoo.com/news/gartner-q2-earnings-snapshot-100811324.html,1690884491,STORY
e1c199af-d957-30aa-b004-1f4f49cb3e08,IT,2023-8-18,Gartner Reports Second Quarter 2023 Financial Results,Business Wire,https://finance.yahoo.com/news/gartner-reports-second-quarter-2023-100000824.html,1690884000,STORY
b4e0c902-d087-312a-a004-e72cfecf87f7,IT,2023-8-18,"Business Services' Q2 Earnings Lineup on Aug 1: IT, IQV & NSP",Zacks,https://finance.yahoo.com/news/business-services-q2-earnings-lineup-131800028.html,1690809480,STORY
cccdd2d5-c2b6-3b8b-81ab-3ce8b9f6b5e4,IT,2023-8-19,"Gartner, Inc. (NYSE:IT) Q2 2023 Earnings Call Transcript",Insider Monkey,https://finance.yahoo.com/news/gartner-inc-nyse-q2-2023-174825429.html,1690998505,STORY
d82f2c31-3663-3aef-bfd4-9c3163de90e2,IT,2023-8-19,Gartner (IT) Surpasses Q2 Earnings and Revenue Estimates,Zacks,https://finance.yahoo.com/news/gartner-surpasses-q2-earnings-revenue-165800196.html,1690909080,STORY
53a9a48a-661c-31dc-8030-e13f2db1086e,IT,2023-8-19,"Compared to Estimates, Gartner (IT) Q2 Earnings: A Look at Key Metrics",Zacks,https://finance.yahoo.com/news/compared-estimates-gartner-q2-earnings-133024130.html,1690896624,STORY
75d9b9db-a7d3-3c11-b67f-ede4b641d7ed,IT,2023-8-19,"Gartner lifts annual profit forecast on consulting, research demand",Reuters,https://finance.yahoo.com/news/gartner-lifts-annual-profit-forecast-120102349.html,1690891262,STORY
07a626be-9876-32b6-9479-dcdab6816615,IT,2023-8-19,Gartner (IT) Q2 Earnings and Revenues Top Estimates,Zacks,https://finance.yahoo.com/news/gartner-q2-earnings-revenues-top-111507821.html,1690888507,STORY
49bfaffd-f16d-37fa-b79e-e33d0c6acb65,IT,2023-8-19,Gartner: Q2 Earnings Snapshot,AP Finance,https://finance.yahoo.com/news/gartner-q2-earnings-snapshot-100811324.html,1690884491,STORY
e1c199af-d957-30aa-b004-1f4f49cb3e08,IT,2023-8-19,Gartner Reports Second Quarter 2023 Financial Results,Business Wire,https://finance.yahoo.com/news/gartner-reports-second-quarter-2023-100000824.html,1690884000,STORY
b4e0c902-d087-312a-a004-e72cfecf87f7,IT,2023-8-19,"Business Services' Q2 Earnings Lineup on Aug 1: IT, IQV & NSP",Zacks,https://finance.yahoo.com/news/business-services-q2-earnings-lineup-131800028.html,1690809480,STORY
cccdd2d5-c2b6-3b8b-81ab-3ce8b9f6b5e4,IT,2023-8-20,"Gartner, Inc. (NYSE:IT) Q2 2023 Earnings Call Transcript",Insider Monkey,https://finance.yahoo.com/news/gartner-inc-nyse-q2-2023-174825429.html,1690998505,STORY
d82f2c31-3663-3aef-bfd4-9c3163de90e2,IT,2023-8-20,Gartner (IT) Surpasses Q2 Earnings and Revenue Estimates,Zacks,https://finance.yahoo.com/news/gartner-surpasses-q2-earnings-revenue-165800196.html,1690909080,STORY
53a9a48a-661c-31dc-8030-e13f2db1086e,IT,2023-8-20,"Compared to Estimates, Gartner (IT) Q2 Earnings: A Look at Key Metrics",Zacks,https://finance.yahoo.com/news/compared-estimates-gartner-q2-earnings-133024130.html,1690896624,STORY
75d9b9db-a7d3-3c11-b67f-ede4b641d7ed,IT,2023-8-20,"Gartner lifts annual profit forecast on consulting, research demand",Reuters,https://finance.yahoo.com/news/gartner-lifts-annual-profit-forecast-120102349.html,1690891262,STORY
07a626be-9876-32b6-9479-dcdab6816615,IT,2023-8-20,Gartner (IT) Q2 Earnings and Revenues Top Estimates,Zacks,https://finance.yahoo.com/news/gartner-q2-earnings-revenues-top-111507821.html,1690888507,STORY
49bfaffd-f16d-37fa-b79e-e33d0c6acb65,IT,2023-8-20,Gartner: Q2 Earnings Snapshot,AP Finance,https://finance.yahoo.com/news/gartner-q2-earnings-snapshot-100811324.html,1690884491,STORY
e1c199af-d957-30aa-b004-1f4f49cb3e08,IT,2023-8-20,Gartner Reports Second Quarter 2023 Financial Results,Business Wire,https://finance.yahoo.com/news/gartner-reports-second-quarter-2023-100000824.html,1690884000,STORY
b4e0c902-d087-312a-a004-e72cfecf87f7,IT,2023-8-20,"Business Services' Q2 Earnings Lineup on Aug 1: IT, IQV & NSP",Zacks,https://finance.yahoo.com/news/business-services-q2-earnings-lineup-131800028.html,1690809480,STORY
cccdd2d5-c2b6-3b8b-81ab-3ce8b9f6b5e4,IT,2023-8-21,"Gartner, Inc. (NYSE:IT) Q2 2023 Earnings Call Transcript",Insider Monkey,https://finance.yahoo.com/news/gartner-inc-nyse-q2-2023-174825429.html,1690998505,STORY
d82f2c31-3663-3aef-bfd4-9c3163de90e2,IT,2023-8-21,Gartner (IT) Surpasses Q2 Earnings and Revenue Estimates,Zacks,https://finance.yahoo.com/news/gartner-surpasses-q2-earnings-revenue-165800196.html,1690909080,STORY
53a9a48a-661c-31dc-8030-e13f2db1086e,IT,2023-8-21,"Compared to Estimates, Gartner (IT) Q2 Earnings: A Look at Key Metrics",Zacks,https://finance.yahoo.com/news/compared-estimates-gartner-q2-earnings-133024130.html,1690896624,STORY
75d9b9db-a7d3-3c11-b67f-ede4b641d7ed,IT,2023-8-21,"Gartner lifts annual profit forecast on consulting, research demand",Reuters,https://finance.yahoo.com/news/gartner-lifts-annual-profit-forecast-120102349.html,1690891262,STORY
07a626be-9876-32b6-9479-dcdab6816615,IT,2023-8-21,Gartner (IT) Q2 Earnings and Revenues Top Estimates,Zacks,https://finance.yahoo.com/news/gartner-q2-earnings-revenues-top-111507821.html,1690888507,STORY
49bfaffd-f16d-37fa-b79e-e33d0c6acb65,IT,2023-8-21,Gartner: Q2 Earnings Snapshot,AP Finance,https://finance.yahoo.com/news/gartner-q2-earnings-snapshot-100811324.html,1690884491,STORY
e1c199af-d957-30aa-b004-1f4f49cb3e08,IT,2023-8-21,Gartner Reports Second Quarter 2023 Financial Results,Business Wire,https://finance.yahoo.com/news/gartner-reports-second-quarter-2023-100000824.html,1690884000,STORY
b4e0c902-d087-312a-a004-e72cfecf87f7,IT,2023-8-21,"Business Services' Q2 Earnings Lineup on Aug 1: IT, IQV & NSP",Zacks,https://finance.yahoo.com/news/business-services-q2-earnings-lineup-131800028.html,1690809480,STORY
cccdd2d5-c2b6-3b8b-81ab-3ce8b9f6b5e4,IT,2023-8-22,"Gartner, Inc. (NYSE:IT) Q2 2023 Earnings Call Transcript",Insider Monkey,https://finance.yahoo.com/news/gartner-inc-nyse-q2-2023-174825429.html,1690998505,STORY
d82f2c31-3663-3aef-bfd4-9c3163de90e2,IT,2023-8-22,Gartner (IT) Surpasses Q2 Earnings and Revenue Estimates,Zacks,https://finance.yahoo.com/news/gartner-surpasses-q2-earnings-revenue-165800196.html,1690909080,STORY
53a9a48a-661c-31dc-8030-e13f2db1086e,IT,2023-8-22,"Compared to Estimates, Gartner (IT) Q2 Earnings: A Look at Key Metrics",Zacks,https://finance.yahoo.com/news/compared-estimates-gartner-q2-earnings-133024130.html,1690896624,STORY
75d9b9db-a7d3-3c11-b67f-ede4b641d7ed,IT,2023-8-22,"Gartner lifts annual profit forecast on consulting, research demand",Reuters,https://finance.yahoo.com/news/gartner-lifts-annual-profit-forecast-120102349.html,1690891262,STORY
07a626be-9876-32b6-9479-dcdab6816615,IT,2023-8-22,Gartner (IT) Q2 Earnings and Revenues Top Estimates,Zacks,https://finance.yahoo.com/news/gartner-q2-earnings-revenues-top-111507821.html,1690888507,STORY
49bfaffd-f16d-37fa-b79e-e33d0c6acb65,IT,2023-8-22,Gartner: Q2 Earnings Snapshot,AP Finance,https://finance.yahoo.com/news/gartner-q2-earnings-snapshot-100811324.html,1690884491,STORY
e1c199af-d957-30aa-b004-1f4f49cb3e08,IT,2023-8-22,Gartner Reports Second Quarter 2023 Financial Results,Business Wire,https://finance.yahoo.com/news/gartner-reports-second-quarter-2023-100000824.html,1690884000,STORY
b4e0c902-d087-312a-a004-e72cfecf87f7,IT,2023-8-22,"Business Services' Q2 Earnings Lineup on Aug 1: IT, IQV & NSP",Zacks,https://finance.yahoo.com/news/business-services-q2-earnings-lineup-131800028.html,1690809480,STORY
86cdbbe9-f9bb-32cf-a83d-3caa7ddcba6a,IT,2023-8-23,Gartner to Participate in the Goldman Sachs Communacopia + Technology Conference,Business Wire,https://finance.yahoo.com/news/gartner-participate-goldman-sachs-communacopia-120000503.html,1692792000,STORY
cccdd2d5-c2b6-3b8b-81ab-3ce8b9f6b5e4,IT,2023-8-23,"Gartner, Inc. (NYSE:IT) Q2 2023 Earnings Call Transcript",Insider Monkey,https://finance.yahoo.com/news/gartner-inc-nyse-q2-2023-174825429.html,1690998505,STORY
d82f2c31-3663-3aef-bfd4-9c3163de90e2,IT,2023-8-23,Gartner (IT) Surpasses Q2 Earnings and Revenue Estimates,Zacks,https://finance.yahoo.com/news/gartner-surpasses-q2-earnings-revenue-165800196.html,1690909080,STORY
53a9a48a-661c-31dc-8030-e13f2db1086e,IT,2023-8-23,"Compared to Estimates, Gartner (IT) Q2 Earnings: A Look at Key Metrics",Zacks,https://finance.yahoo.com/news/compared-estimates-gartner-q2-earnings-133024130.html,1690896624,STORY
75d9b9db-a7d3-3c11-b67f-ede4b641d7ed,IT,2023-8-23,"Gartner lifts annual profit forecast on consulting, research demand",Reuters,https://finance.yahoo.com/news/gartner-lifts-annual-profit-forecast-120102349.html,1690891262,STORY
07a626be-9876-32b6-9479-dcdab6816615,IT,2023-8-23,Gartner (IT) Q2 Earnings and Revenues Top Estimates,Zacks,https://finance.yahoo.com/news/gartner-q2-earnings-revenues-top-111507821.html,1690888507,STORY
49bfaffd-f16d-37fa-b79e-e33d0c6acb65,IT,2023-8-23,Gartner: Q2 Earnings Snapshot,AP Finance,https://finance.yahoo.com/news/gartner-q2-earnings-snapshot-100811324.html,1690884491,STORY
e1c199af-d957-30aa-b004-1f4f49cb3e08,IT,2023-8-23,Gartner Reports Second Quarter 2023 Financial Results,Business Wire,https://finance.yahoo.com/news/gartner-reports-second-quarter-2023-100000824.html,1690884000,STORY
61ddefa9-8bcf-3008-a1e7-5eb7f65e8b7d,IT,2023-8-24,Gartner (NYSE:IT) shareholders have earned a 36% CAGR over the last three years,Simply Wall St.,https://finance.yahoo.com/news/gartner-nyse-shareholders-earned-36-172206986.html,1692811326,STORY
86cdbbe9-f9bb-32cf-a83d-3caa7ddcba6a,IT,2023-8-24,Gartner to Participate in the Goldman Sachs Communacopia + Technology Conference,Business Wire,https://finance.yahoo.com/news/gartner-participate-goldman-sachs-communacopia-120000503.html,1692792000,STORY
cccdd2d5-c2b6-3b8b-81ab-3ce8b9f6b5e4,IT,2023-8-24,"Gartner, Inc. (NYSE:IT) Q2 2023 Earnings Call Transcript",Insider Monkey,https://finance.yahoo.com/news/gartner-inc-nyse-q2-2023-174825429.html,1690998505,STORY
d82f2c31-3663-3aef-bfd4-9c3163de90e2,IT,2023-8-24,Gartner (IT) Surpasses Q2 Earnings and Revenue Estimates,Zacks,https://finance.yahoo.com/news/gartner-surpasses-q2-earnings-revenue-165800196.html,1690909080,STORY
53a9a48a-661c-31dc-8030-e13f2db1086e,IT,2023-8-24,"Compared to Estimates, Gartner (IT) Q2 Earnings: A Look at Key Metrics",Zacks,https://finance.yahoo.com/news/compared-estimates-gartner-q2-earnings-133024130.html,1690896624,STORY
75d9b9db-a7d3-3c11-b67f-ede4b641d7ed,IT,2023-8-24,"Gartner lifts annual profit forecast on consulting, research demand",Reuters,https://finance.yahoo.com/news/gartner-lifts-annual-profit-forecast-120102349.html,1690891262,STORY
07a626be-9876-32b6-9479-dcdab6816615,IT,2023-8-24,Gartner (IT) Q2 Earnings and Revenues Top Estimates,Zacks,https://finance.yahoo.com/news/gartner-q2-earnings-revenues-top-111507821.html,1690888507,STORY
49bfaffd-f16d-37fa-b79e-e33d0c6acb65,IT,2023-8-24,Gartner: Q2 Earnings Snapshot,AP Finance,https://finance.yahoo.com/news/gartner-q2-earnings-snapshot-100811324.html,1690884491,STORY
2b63ac42-d355-3362-91f7-87c176c0b638,IT,2023-8-25,Unpacking Gartner Inc's Market Leadership: A Deep Dive into Financial Metrics and Competitive ...,GuruFocus.com,https://finance.yahoo.com/news/unpacking-gartner-incs-market-leadership-170339511.html,1692896619,STORY
61ddefa9-8bcf-3008-a1e7-5eb7f65e8b7d,IT,2023-8-25,Gartner (NYSE:IT) shareholders have earned a 36% CAGR over the last three years,Simply Wall St.,https://finance.yahoo.com/news/gartner-nyse-shareholders-earned-36-172206986.html,1692811326,STORY
86cdbbe9-f9bb-32cf-a83d-3caa7ddcba6a,IT,2023-8-25,Gartner to Participate in the Goldman Sachs Communacopia + Technology Conference,Business Wire,https://finance.yahoo.com/news/gartner-participate-goldman-sachs-communacopia-120000503.html,1692792000,STORY
cccdd2d5-c2b6-3b8b-81ab-3ce8b9f6b5e4,IT,2023-8-25,"Gartner, Inc. (NYSE:IT) Q2 2023 Earnings Call Transcript",Insider Monkey,https://finance.yahoo.com/news/gartner-inc-nyse-q2-2023-174825429.html,1690998505,STORY
d82f2c31-3663-3aef-bfd4-9c3163de90e2,IT,2023-8-25,Gartner (IT) Surpasses Q2 Earnings and Revenue Estimates,Zacks,https://finance.yahoo.com/news/gartner-surpasses-q2-earnings-revenue-165800196.html,1690909080,STORY
53a9a48a-661c-31dc-8030-e13f2db1086e,IT,2023-8-25,"Compared to Estimates, Gartner (IT) Q2 Earnings: A Look at Key Metrics",Zacks,https://finance.yahoo.com/news/compared-estimates-gartner-q2-earnings-133024130.html,1690896624,STORY
75d9b9db-a7d3-3c11-b67f-ede4b641d7ed,IT,2023-8-25,"Gartner lifts annual profit forecast on consulting, research demand",Reuters,https://finance.yahoo.com/news/gartner-lifts-annual-profit-forecast-120102349.html,1690891262,STORY
07a626be-9876-32b6-9479-dcdab6816615,IT,2023-8-25,Gartner (IT) Q2 Earnings and Revenues Top Estimates,Zacks,https://finance.yahoo.com/news/gartner-q2-earnings-revenues-top-111507821.html,1690888507,STORY
2b63ac42-d355-3362-91f7-87c176c0b638,IT,2023-8-26,Unpacking Gartner Inc's Market Leadership: A Deep Dive into Financial Metrics and Competitive ...,GuruFocus.com,https://finance.yahoo.com/news/unpacking-gartner-incs-market-leadership-170339511.html,1692896619,STORY
61ddefa9-8bcf-3008-a1e7-5eb7f65e8b7d,IT,2023-8-26,Gartner (NYSE:IT) shareholders have earned a 36% CAGR over the last three years,Simply Wall St.,https://finance.yahoo.com/news/gartner-nyse-shareholders-earned-36-172206986.html,1692811326,STORY
86cdbbe9-f9bb-32cf-a83d-3caa7ddcba6a,IT,2023-8-26,Gartner to Participate in the Goldman Sachs Communacopia + Technology Conference,Business Wire,https://finance.yahoo.com/news/gartner-participate-goldman-sachs-communacopia-120000503.html,1692792000,STORY
cccdd2d5-c2b6-3b8b-81ab-3ce8b9f6b5e4,IT,2023-8-26,"Gartner, Inc. (NYSE:IT) Q2 2023 Earnings Call Transcript",Insider Monkey,https://finance.yahoo.com/news/gartner-inc-nyse-q2-2023-174825429.html,1690998505,STORY
d82f2c31-3663-3aef-bfd4-9c3163de90e2,IT,2023-8-26,Gartner (IT) Surpasses Q2 Earnings and Revenue Estimates,Zacks,https://finance.yahoo.com/news/gartner-surpasses-q2-earnings-revenue-165800196.html,1690909080,STORY
53a9a48a-661c-31dc-8030-e13f2db1086e,IT,2023-8-26,"Compared to Estimates, Gartner (IT) Q2 Earnings: A Look at Key Metrics",Zacks,https://finance.yahoo.com/news/compared-estimates-gartner-q2-earnings-133024130.html,1690896624,STORY
75d9b9db-a7d3-3c11-b67f-ede4b641d7ed,IT,2023-8-26,"Gartner lifts annual profit forecast on consulting, research demand",Reuters,https://finance.yahoo.com/news/gartner-lifts-annual-profit-forecast-120102349.html,1690891262,STORY
07a626be-9876-32b6-9479-dcdab6816615,IT,2023-8-26,Gartner (IT) Q2 Earnings and Revenues Top Estimates,Zacks,https://finance.yahoo.com/news/gartner-q2-earnings-revenues-top-111507821.html,1690888507,STORY
2b63ac42-d355-3362-91f7-87c176c0b638,IT,2023-8-27,Unpacking Gartner Inc's Market Leadership: A Deep Dive into Financial Metrics and Competitive ...,GuruFocus.com,https://finance.yahoo.com/news/unpacking-gartner-incs-market-leadership-170339511.html,1692896619,STORY
61ddefa9-8bcf-3008-a1e7-5eb7f65e8b7d,IT,2023-8-27,Gartner (NYSE:IT) shareholders have earned a 36% CAGR over the last three years,Simply Wall St.,https://finance.yahoo.com/news/gartner-nyse-shareholders-earned-36-172206986.html,1692811326,STORY
86cdbbe9-f9bb-32cf-a83d-3caa7ddcba6a,IT,2023-8-27,Gartner to Participate in the Goldman Sachs Communacopia + Technology Conference,Business Wire,https://finance.yahoo.com/news/gartner-participate-goldman-sachs-communacopia-120000503.html,1692792000,STORY
cccdd2d5-c2b6-3b8b-81ab-3ce8b9f6b5e4,IT,2023-8-27,"Gartner, Inc. (NYSE:IT) Q2 2023 Earnings Call Transcript",Insider Monkey,https://finance.yahoo.com/news/gartner-inc-nyse-q2-2023-174825429.html,1690998505,STORY
d82f2c31-3663-3aef-bfd4-9c3163de90e2,IT,2023-8-27,Gartner (IT) Surpasses Q2 Earnings and Revenue Estimates,Zacks,https://finance.yahoo.com/news/gartner-surpasses-q2-earnings-revenue-165800196.html,1690909080,STORY
53a9a48a-661c-31dc-8030-e13f2db1086e,IT,2023-8-27,"Compared to Estimates, Gartner (IT) Q2 Earnings: A Look at Key Metrics",Zacks,https://finance.yahoo.com/news/compared-estimates-gartner-q2-earnings-133024130.html,1690896624,STORY
75d9b9db-a7d3-3c11-b67f-ede4b641d7ed,IT,2023-8-27,"Gartner lifts annual profit forecast on consulting, research demand",Reuters,https://finance.yahoo.com/news/gartner-lifts-annual-profit-forecast-120102349.html,1690891262,STORY
07a626be-9876-32b6-9479-dcdab6816615,IT,2023-8-27,Gartner (IT) Q2 Earnings and Revenues Top Estimates,Zacks,https://finance.yahoo.com/news/gartner-q2-earnings-revenues-top-111507821.html,1690888507,STORY
2b63ac42-d355-3362-91f7-87c176c0b638,IT,2023-8-28,Unpacking Gartner Inc's Market Leadership: A Deep Dive into Financial Metrics and Competitive ...,GuruFocus.com,https://finance.yahoo.com/news/unpacking-gartner-incs-market-leadership-170339511.html,1692896619,STORY
61ddefa9-8bcf-3008-a1e7-5eb7f65e8b7d,IT,2023-8-28,Gartner (NYSE:IT) shareholders have earned a 36% CAGR over the last three years,Simply Wall St.,https://finance.yahoo.com/news/gartner-nyse-shareholders-earned-36-172206986.html,1692811326,STORY
86cdbbe9-f9bb-32cf-a83d-3caa7ddcba6a,IT,2023-8-28,Gartner to Participate in the Goldman Sachs Communacopia + Technology Conference,Business Wire,https://finance.yahoo.com/news/gartner-participate-goldman-sachs-communacopia-120000503.html,1692792000,STORY
cccdd2d5-c2b6-3b8b-81ab-3ce8b9f6b5e4,IT,2023-8-28,"Gartner, Inc. (NYSE:IT) Q2 2023 Earnings Call Transcript",Insider Monkey,https://finance.yahoo.com/news/gartner-inc-nyse-q2-2023-174825429.html,1690998505,STORY
d82f2c31-3663-3aef-bfd4-9c3163de90e2,IT,2023-8-28,Gartner (IT) Surpasses Q2 Earnings and Revenue Estimates,Zacks,https://finance.yahoo.com/news/gartner-surpasses-q2-earnings-revenue-165800196.html,1690909080,STORY
53a9a48a-661c-31dc-8030-e13f2db1086e,IT,2023-8-28,"Compared to Estimates, Gartner (IT) Q2 Earnings: A Look at Key Metrics",Zacks,https://finance.yahoo.com/news/compared-estimates-gartner-q2-earnings-133024130.html,1690896624,STORY
75d9b9db-a7d3-3c11-b67f-ede4b641d7ed,IT,2023-8-28,"Gartner lifts annual profit forecast on consulting, research demand",Reuters,https://finance.yahoo.com/news/gartner-lifts-annual-profit-forecast-120102349.html,1690891262,STORY
07a626be-9876-32b6-9479-dcdab6816615,IT,2023-8-28,Gartner (IT) Q2 Earnings and Revenues Top Estimates,Zacks,https://finance.yahoo.com/news/gartner-q2-earnings-revenues-top-111507821.html,1690888507,STORY
2b63ac42-d355-3362-91f7-87c176c0b638,IT,2023-8-29,Unpacking Gartner Inc's Market Leadership: A Deep Dive into Financial Metrics and Competitive ...,GuruFocus.com,https://finance.yahoo.com/news/unpacking-gartner-incs-market-leadership-170339511.html,1692896619,STORY
61ddefa9-8bcf-3008-a1e7-5eb7f65e8b7d,IT,2023-8-29,Gartner (NYSE:IT) shareholders have earned a 36% CAGR over the last three years,Simply Wall St.,https://finance.yahoo.com/news/gartner-nyse-shareholders-earned-36-172206986.html,1692811326,STORY
86cdbbe9-f9bb-32cf-a83d-3caa7ddcba6a,IT,2023-8-29,Gartner to Participate in the Goldman Sachs Communacopia + Technology Conference,Business Wire,https://finance.yahoo.com/news/gartner-participate-goldman-sachs-communacopia-120000503.html,1692792000,STORY
cccdd2d5-c2b6-3b8b-81ab-3ce8b9f6b5e4,IT,2023-8-29,"Gartner, Inc. (NYSE:IT) Q2 2023 Earnings Call Transcript",Insider Monkey,https://finance.yahoo.com/news/gartner-inc-nyse-q2-2023-174825429.html,1690998505,STORY
d82f2c31-3663-3aef-bfd4-9c3163de90e2,IT,2023-8-29,Gartner (IT) Surpasses Q2 Earnings and Revenue Estimates,Zacks,https://finance.yahoo.com/news/gartner-surpasses-q2-earnings-revenue-165800196.html,1690909080,STORY
53a9a48a-661c-31dc-8030-e13f2db1086e,IT,2023-8-29,"Compared to Estimates, Gartner (IT) Q2 Earnings: A Look at Key Metrics",Zacks,https://finance.yahoo.com/news/compared-estimates-gartner-q2-earnings-133024130.html,1690896624,STORY
75d9b9db-a7d3-3c11-b67f-ede4b641d7ed,IT,2023-8-29,"Gartner lifts annual profit forecast on consulting, research demand",Reuters,https://finance.yahoo.com/news/gartner-lifts-annual-profit-forecast-120102349.html,1690891262,STORY
07a626be-9876-32b6-9479-dcdab6816615,IT,2023-8-29,Gartner (IT) Q2 Earnings and Revenues Top Estimates,Zacks,https://finance.yahoo.com/news/gartner-q2-earnings-revenues-top-111507821.html,1690888507,STORY
7f5d4fed-2430-321b-8b08-f424e8c96b8a,IT,2023-8-30,Gartner (IT) Benefits From Diversified Addressable Market,Zacks,https://finance.yahoo.com/news/gartner-benefits-diversified-addressable-market-155300600.html,1693324380,STORY
09354b29-5b65-3679-9d29-28dbe7deeb0b,IT,2023-8-30,CEOs and CFOs don’t always see eye to eye. But working together through ‘constructive tension’ can help them align on these 3 key priorities,Fortune,https://finance.yahoo.com/news/ceos-cfos-don-t-always-110120665.html,1693306880,STORY
2b63ac42-d355-3362-91f7-87c176c0b638,IT,2023-8-30,Unpacking Gartner Inc's Market Leadership: A Deep Dive into Financial Metrics and Competitive ...,GuruFocus.com,https://finance.yahoo.com/news/unpacking-gartner-incs-market-leadership-170339511.html,1692896619,STORY
61ddefa9-8bcf-3008-a1e7-5eb7f65e8b7d,IT,2023-8-30,Gartner (NYSE:IT) shareholders have earned a 36% CAGR over the last three years,Simply Wall St.,https://finance.yahoo.com/news/gartner-nyse-shareholders-earned-36-172206986.html,1692811326,STORY
86cdbbe9-f9bb-32cf-a83d-3caa7ddcba6a,IT,2023-8-30,Gartner to Participate in the Goldman Sachs Communacopia + Technology Conference,Business Wire,https://finance.yahoo.com/news/gartner-participate-goldman-sachs-communacopia-120000503.html,1692792000,STORY
cccdd2d5-c2b6-3b8b-81ab-3ce8b9f6b5e4,IT,2023-8-30,"Gartner, Inc. (NYSE:IT) Q2 2023 Earnings Call Transcript",Insider Monkey,https://finance.yahoo.com/news/gartner-inc-nyse-q2-2023-174825429.html,1690998505,STORY
d82f2c31-3663-3aef-bfd4-9c3163de90e2,IT,2023-8-30,Gartner (IT) Surpasses Q2 Earnings and Revenue Estimates,Zacks,https://finance.yahoo.com/news/gartner-surpasses-q2-earnings-revenue-165800196.html,1690909080,STORY
53a9a48a-661c-31dc-8030-e13f2db1086e,IT,2023-8-30,"Compared to Estimates, Gartner (IT) Q2 Earnings: A Look at Key Metrics",Zacks,https://finance.yahoo.com/news/compared-estimates-gartner-q2-earnings-133024130.html,1690896624,STORY
7f5d4fed-2430-321b-8b08-f424e8c96b8a,IT,2023-8-31,Gartner (IT) Benefits From Diversified Addressable Market,Zacks,https://finance.yahoo.com/news/gartner-benefits-diversified-addressable-market-155300600.html,1693324380,STORY
09354b29-5b65-3679-9d29-28dbe7deeb0b,IT,2023-8-31,CEOs and CFOs don’t always see eye to eye. But working together through ‘constructive tension’ can help them align on these 3 key priorities,Fortune,https://finance.yahoo.com/news/ceos-cfos-don-t-always-110120665.html,1693306880,STORY
2b63ac42-d355-3362-91f7-87c176c0b638,IT,2023-8-31,Unpacking Gartner Inc's Market Leadership: A Deep Dive into Financial Metrics and Competitive ...,GuruFocus.com,https://finance.yahoo.com/news/unpacking-gartner-incs-market-leadership-170339511.html,1692896619,STORY
61ddefa9-8bcf-3008-a1e7-5eb7f65e8b7d,IT,2023-8-31,Gartner (NYSE:IT) shareholders have earned a 36% CAGR over the last three years,Simply Wall St.,https://finance.yahoo.com/news/gartner-nyse-shareholders-earned-36-172206986.html,1692811326,STORY
86cdbbe9-f9bb-32cf-a83d-3caa7ddcba6a,IT,2023-8-31,Gartner to Participate in the Goldman Sachs Communacopia + Technology Conference,Business Wire,https://finance.yahoo.com/news/gartner-participate-goldman-sachs-communacopia-120000503.html,1692792000,STORY
cccdd2d5-c2b6-3b8b-81ab-3ce8b9f6b5e4,IT,2023-8-31,"Gartner, Inc. (NYSE:IT) Q2 2023 Earnings Call Transcript",Insider Monkey,https://finance.yahoo.com/news/gartner-inc-nyse-q2-2023-174825429.html,1690998505,STORY
d82f2c31-3663-3aef-bfd4-9c3163de90e2,IT,2023-8-31,Gartner (IT) Surpasses Q2 Earnings and Revenue Estimates,Zacks,https://finance.yahoo.com/news/gartner-surpasses-q2-earnings-revenue-165800196.html,1690909080,STORY
53a9a48a-661c-31dc-8030-e13f2db1086e,IT,2023-8-31,"Compared to Estimates, Gartner (IT) Q2 Earnings: A Look at Key Metrics",Zacks,https://finance.yahoo.com/news/compared-estimates-gartner-q2-earnings-133024130.html,1690896624,STORY
bd1f18e7-9a6d-3e26-bb82-4d7646cb0012,IT,2023-9-1,Gartner (IT) Up 3.2% Since Last Earnings Report: Can It Continue?,Zacks,https://finance.yahoo.com/news/gartner-3-2-since-last-153124469.html,1693495884,STORY
7362b385-d652-3a2c-973a-3b8fc65062d9,IT,2023-9-1,"Gartner Announces Keynote Speakers at Gartner IT Symposium/Xpo, October 16-19, in Orlando",Business Wire,https://finance.yahoo.com/news/gartner-announces-keynote-speakers-gartner-133000681.html,1693488600,STORY
7f5d4fed-2430-321b-8b08-f424e8c96b8a,IT,2023-9-1,Gartner (IT) Benefits From Diversified Addressable Market,Zacks,https://finance.yahoo.com/news/gartner-benefits-diversified-addressable-market-155300600.html,1693324380,STORY
09354b29-5b65-3679-9d29-28dbe7deeb0b,IT,2023-9-1,CEOs and CFOs don’t always see eye to eye. But working together through ‘constructive tension’ can help them align on these 3 key priorities,Fortune,https://finance.yahoo.com/news/ceos-cfos-don-t-always-110120665.html,1693306880,STORY
2b63ac42-d355-3362-91f7-87c176c0b638,IT,2023-9-1,Unpacking Gartner Inc's Market Leadership: A Deep Dive into Financial Metrics and Competitive ...,GuruFocus.com,https://finance.yahoo.com/news/unpacking-gartner-incs-market-leadership-170339511.html,1692896619,STORY
61ddefa9-8bcf-3008-a1e7-5eb7f65e8b7d,IT,2023-9-1,Gartner (NYSE:IT) shareholders have earned a 36% CAGR over the last three years,Simply Wall St.,https://finance.yahoo.com/news/gartner-nyse-shareholders-earned-36-172206986.html,1692811326,STORY
86cdbbe9-f9bb-32cf-a83d-3caa7ddcba6a,IT,2023-9-1,Gartner to Participate in the Goldman Sachs Communacopia + Technology Conference,Business Wire,https://finance.yahoo.com/news/gartner-participate-goldman-sachs-communacopia-120000503.html,1692792000,STORY
cccdd2d5-c2b6-3b8b-81ab-3ce8b9f6b5e4,IT,2023-9-1,"Gartner, Inc. (NYSE:IT) Q2 2023 Earnings Call Transcript",Insider Monkey,https://finance.yahoo.com/news/gartner-inc-nyse-q2-2023-174825429.html,1690998505,STORY
bd1f18e7-9a6d-3e26-bb82-4d7646cb0012,IT,2023-9-2,Gartner (IT) Up 3.2% Since Last Earnings Report: Can It Continue?,Zacks,https://finance.yahoo.com/news/gartner-3-2-since-last-153124469.html,1693495884,STORY
7362b385-d652-3a2c-973a-3b8fc65062d9,IT,2023-9-2,"Gartner Announces Keynote Speakers at Gartner IT Symposium/Xpo, October 16-19, in Orlando",Business Wire,https://finance.yahoo.com/news/gartner-announces-keynote-speakers-gartner-133000681.html,1693488600,STORY
7f5d4fed-2430-321b-8b08-f424e8c96b8a,IT,2023-9-2,Gartner (IT) Benefits From Diversified Addressable Market,Zacks,https://finance.yahoo.com/news/gartner-benefits-diversified-addressable-market-155300600.html,1693324380,STORY
09354b29-5b65-3679-9d29-28dbe7deeb0b,IT,2023-9-2,CEOs and CFOs don’t always see eye to eye. But working together through ‘constructive tension’ can help them align on these 3 key priorities,Fortune,https://finance.yahoo.com/news/ceos-cfos-don-t-always-110120665.html,1693306880,STORY
2b63ac42-d355-3362-91f7-87c176c0b638,IT,2023-9-2,Unpacking Gartner Inc's Market Leadership: A Deep Dive into Financial Metrics and Competitive ...,GuruFocus.com,https://finance.yahoo.com/news/unpacking-gartner-incs-market-leadership-170339511.html,1692896619,STORY
61ddefa9-8bcf-3008-a1e7-5eb7f65e8b7d,IT,2023-9-2,Gartner (NYSE:IT) shareholders have earned a 36% CAGR over the last three years,Simply Wall St.,https://finance.yahoo.com/news/gartner-nyse-shareholders-earned-36-172206986.html,1692811326,STORY
86cdbbe9-f9bb-32cf-a83d-3caa7ddcba6a,IT,2023-9-2,Gartner to Participate in the Goldman Sachs Communacopia + Technology Conference,Business Wire,https://finance.yahoo.com/news/gartner-participate-goldman-sachs-communacopia-120000503.html,1692792000,STORY
cccdd2d5-c2b6-3b8b-81ab-3ce8b9f6b5e4,IT,2023-9-2,"Gartner, Inc. (NYSE:IT) Q2 2023 Earnings Call Transcript",Insider Monkey,https://finance.yahoo.com/news/gartner-inc-nyse-q2-2023-174825429.html,1690998505,STORY
bd1f18e7-9a6d-3e26-bb82-4d7646cb0012,IT,2023-9-3,Gartner (IT) Up 3.2% Since Last Earnings Report: Can It Continue?,Zacks,https://finance.yahoo.com/news/gartner-3-2-since-last-153124469.html,1693495884,STORY
7362b385-d652-3a2c-973a-3b8fc65062d9,IT,2023-9-3,"Gartner Announces Keynote Speakers at Gartner IT Symposium/Xpo, October 16-19, in Orlando",Business Wire,https://finance.yahoo.com/news/gartner-announces-keynote-speakers-gartner-133000681.html,1693488600,STORY
7f5d4fed-2430-321b-8b08-f424e8c96b8a,IT,2023-9-3,Gartner (IT) Benefits From Diversified Addressable Market,Zacks,https://finance.yahoo.com/news/gartner-benefits-diversified-addressable-market-155300600.html,1693324380,STORY
09354b29-5b65-3679-9d29-28dbe7deeb0b,IT,2023-9-3,CEOs and CFOs don’t always see eye to eye. But working together through ‘constructive tension’ can help them align on these 3 key priorities,Fortune,https://finance.yahoo.com/news/ceos-cfos-don-t-always-110120665.html,1693306880,STORY
2b63ac42-d355-3362-91f7-87c176c0b638,IT,2023-9-3,Unpacking Gartner Inc's Market Leadership: A Deep Dive into Financial Metrics and Competitive ...,GuruFocus.com,https://finance.yahoo.com/news/unpacking-gartner-incs-market-leadership-170339511.html,1692896619,STORY
61ddefa9-8bcf-3008-a1e7-5eb7f65e8b7d,IT,2023-9-3,Gartner (NYSE:IT) shareholders have earned a 36% CAGR over the last three years,Simply Wall St.,https://finance.yahoo.com/news/gartner-nyse-shareholders-earned-36-172206986.html,1692811326,STORY
86cdbbe9-f9bb-32cf-a83d-3caa7ddcba6a,IT,2023-9-3,Gartner to Participate in the Goldman Sachs Communacopia + Technology Conference,Business Wire,https://finance.yahoo.com/news/gartner-participate-goldman-sachs-communacopia-120000503.html,1692792000,STORY
cccdd2d5-c2b6-3b8b-81ab-3ce8b9f6b5e4,IT,2023-9-3,"Gartner, Inc. (NYSE:IT) Q2 2023 Earnings Call Transcript",Insider Monkey,https://finance.yahoo.com/news/gartner-inc-nyse-q2-2023-174825429.html,1690998505,STORY
bd1f18e7-9a6d-3e26-bb82-4d7646cb0012,IT,2023-9-4,Gartner (IT) Up 3.2% Since Last Earnings Report: Can It Continue?,Zacks,https://finance.yahoo.com/news/gartner-3-2-since-last-153124469.html,1693495884,STORY
7362b385-d652-3a2c-973a-3b8fc65062d9,IT,2023-9-4,"Gartner Announces Keynote Speakers at Gartner IT Symposium/Xpo, October 16-19, in Orlando",Business Wire,https://finance.yahoo.com/news/gartner-announces-keynote-speakers-gartner-133000681.html,1693488600,STORY
7f5d4fed-2430-321b-8b08-f424e8c96b8a,IT,2023-9-4,Gartner (IT) Benefits From Diversified Addressable Market,Zacks,https://finance.yahoo.com/news/gartner-benefits-diversified-addressable-market-155300600.html,1693324380,STORY
09354b29-5b65-3679-9d29-28dbe7deeb0b,IT,2023-9-4,CEOs and CFOs don’t always see eye to eye. But working together through ‘constructive tension’ can help them align on these 3 key priorities,Fortune,https://finance.yahoo.com/news/ceos-cfos-don-t-always-110120665.html,1693306880,STORY
2b63ac42-d355-3362-91f7-87c176c0b638,IT,2023-9-4,Unpacking Gartner Inc's Market Leadership: A Deep Dive into Financial Metrics and Competitive ...,GuruFocus.com,https://finance.yahoo.com/news/unpacking-gartner-incs-market-leadership-170339511.html,1692896619,STORY
61ddefa9-8bcf-3008-a1e7-5eb7f65e8b7d,IT,2023-9-4,Gartner (NYSE:IT) shareholders have earned a 36% CAGR over the last three years,Simply Wall St.,https://finance.yahoo.com/news/gartner-nyse-shareholders-earned-36-172206986.html,1692811326,STORY
86cdbbe9-f9bb-32cf-a83d-3caa7ddcba6a,IT,2023-9-4,Gartner to Participate in the Goldman Sachs Communacopia + Technology Conference,Business Wire,https://finance.yahoo.com/news/gartner-participate-goldman-sachs-communacopia-120000503.html,1692792000,STORY
cccdd2d5-c2b6-3b8b-81ab-3ce8b9f6b5e4,IT,2023-9-4,"Gartner, Inc. (NYSE:IT) Q2 2023 Earnings Call Transcript",Insider Monkey,https://finance.yahoo.com/news/gartner-inc-nyse-q2-2023-174825429.html,1690998505,STORY
bd1f18e7-9a6d-3e26-bb82-4d7646cb0012,IT,2023-9-5,Gartner (IT) Up 3.2% Since Last Earnings Report: Can It Continue?,Zacks,https://finance.yahoo.com/news/gartner-3-2-since-last-153124469.html,1693495884,STORY
7362b385-d652-3a2c-973a-3b8fc65062d9,IT,2023-9-5,"Gartner Announces Keynote Speakers at Gartner IT Symposium/Xpo, October 16-19, in Orlando",Business Wire,https://finance.yahoo.com/news/gartner-announces-keynote-speakers-gartner-133000681.html,1693488600,STORY
7f5d4fed-2430-321b-8b08-f424e8c96b8a,IT,2023-9-5,Gartner (IT) Benefits From Diversified Addressable Market,Zacks,https://finance.yahoo.com/news/gartner-benefits-diversified-addressable-market-155300600.html,1693324380,STORY
09354b29-5b65-3679-9d29-28dbe7deeb0b,IT,2023-9-5,CEOs and CFOs don’t always see eye to eye. But working together through ‘constructive tension’ can help them align on these 3 key priorities,Fortune,https://finance.yahoo.com/news/ceos-cfos-don-t-always-110120665.html,1693306880,STORY
2b63ac42-d355-3362-91f7-87c176c0b638,IT,2023-9-5,Unpacking Gartner Inc's Market Leadership: A Deep Dive into Financial Metrics and Competitive ...,GuruFocus.com,https://finance.yahoo.com/news/unpacking-gartner-incs-market-leadership-170339511.html,1692896619,STORY
61ddefa9-8bcf-3008-a1e7-5eb7f65e8b7d,IT,2023-9-5,Gartner (NYSE:IT) shareholders have earned a 36% CAGR over the last three years,Simply Wall St.,https://finance.yahoo.com/news/gartner-nyse-shareholders-earned-36-172206986.html,1692811326,STORY
86cdbbe9-f9bb-32cf-a83d-3caa7ddcba6a,IT,2023-9-5,Gartner to Participate in the Goldman Sachs Communacopia + Technology Conference,Business Wire,https://finance.yahoo.com/news/gartner-participate-goldman-sachs-communacopia-120000503.html,1692792000,STORY
cccdd2d5-c2b6-3b8b-81ab-3ce8b9f6b5e4,IT,2023-9-5,"Gartner, Inc. (NYSE:IT) Q2 2023 Earnings Call Transcript",Insider Monkey,https://finance.yahoo.com/news/gartner-inc-nyse-q2-2023-174825429.html,1690998505,STORY
bd1f18e7-9a6d-3e26-bb82-4d7646cb0012,IT,2023-9-6,Gartner (IT) Up 3.2% Since Last Earnings Report: Can It Continue?,Zacks,https://finance.yahoo.com/news/gartner-3-2-since-last-153124469.html,1693495884,STORY
7362b385-d652-3a2c-973a-3b8fc65062d9,IT,2023-9-6,"Gartner Announces Keynote Speakers at Gartner IT Symposium/Xpo, October 16-19, in Orlando",Business Wire,https://finance.yahoo.com/news/gartner-announces-keynote-speakers-gartner-133000681.html,1693488600,STORY
7f5d4fed-2430-321b-8b08-f424e8c96b8a,IT,2023-9-6,Gartner (IT) Benefits From Diversified Addressable Market,Zacks,https://finance.yahoo.com/news/gartner-benefits-diversified-addressable-market-155300600.html,1693324380,STORY
09354b29-5b65-3679-9d29-28dbe7deeb0b,IT,2023-9-6,CEOs and CFOs don’t always see eye to eye. But working together through ‘constructive tension’ can help them align on these 3 key priorities,Fortune,https://finance.yahoo.com/news/ceos-cfos-don-t-always-110120665.html,1693306880,STORY
2b63ac42-d355-3362-91f7-87c176c0b638,IT,2023-9-6,Unpacking Gartner Inc's Market Leadership: A Deep Dive into Financial Metrics and Competitive ...,GuruFocus.com,https://finance.yahoo.com/news/unpacking-gartner-incs-market-leadership-170339511.html,1692896619,STORY
61ddefa9-8bcf-3008-a1e7-5eb7f65e8b7d,IT,2023-9-6,Gartner (NYSE:IT) shareholders have earned a 36% CAGR over the last three years,Simply Wall St.,https://finance.yahoo.com/news/gartner-nyse-shareholders-earned-36-172206986.html,1692811326,STORY
86cdbbe9-f9bb-32cf-a83d-3caa7ddcba6a,IT,2023-9-6,Gartner to Participate in the Goldman Sachs Communacopia + Technology Conference,Business Wire,https://finance.yahoo.com/news/gartner-participate-goldman-sachs-communacopia-120000503.html,1692792000,STORY
cccdd2d5-c2b6-3b8b-81ab-3ce8b9f6b5e4,IT,2023-9-6,"Gartner, Inc. (NYSE:IT) Q2 2023 Earnings Call Transcript",Insider Monkey,https://finance.yahoo.com/news/gartner-inc-nyse-q2-2023-174825429.html,1690998505,STORY
bd1f18e7-9a6d-3e26-bb82-4d7646cb0012,IT,2023-9-7,Gartner (IT) Up 3.2% Since Last Earnings Report: Can It Continue?,Zacks,https://finance.yahoo.com/news/gartner-3-2-since-last-153124469.html,1693495884,STORY
7362b385-d652-3a2c-973a-3b8fc65062d9,IT,2023-9-7,"Gartner Announces Keynote Speakers at Gartner IT Symposium/Xpo, October 16-19, in Orlando",Business Wire,https://finance.yahoo.com/news/gartner-announces-keynote-speakers-gartner-133000681.html,1693488600,STORY
7f5d4fed-2430-321b-8b08-f424e8c96b8a,IT,2023-9-7,Gartner (IT) Benefits From Diversified Addressable Market,Zacks,https://finance.yahoo.com/news/gartner-benefits-diversified-addressable-market-155300600.html,1693324380,STORY
09354b29-5b65-3679-9d29-28dbe7deeb0b,IT,2023-9-7,CEOs and CFOs don’t always see eye to eye. But working together through ‘constructive tension’ can help them align on these 3 key priorities,Fortune,https://finance.yahoo.com/news/ceos-cfos-don-t-always-110120665.html,1693306880,STORY
2b63ac42-d355-3362-91f7-87c176c0b638,IT,2023-9-7,Unpacking Gartner Inc's Market Leadership: A Deep Dive into Financial Metrics and Competitive ...,GuruFocus.com,https://finance.yahoo.com/news/unpacking-gartner-incs-market-leadership-170339511.html,1692896619,STORY
61ddefa9-8bcf-3008-a1e7-5eb7f65e8b7d,IT,2023-9-7,Gartner (NYSE:IT) shareholders have earned a 36% CAGR over the last three years,Simply Wall St.,https://finance.yahoo.com/news/gartner-nyse-shareholders-earned-36-172206986.html,1692811326,STORY
86cdbbe9-f9bb-32cf-a83d-3caa7ddcba6a,IT,2023-9-7,Gartner to Participate in the Goldman Sachs Communacopia + Technology Conference,Business Wire,https://finance.yahoo.com/news/gartner-participate-goldman-sachs-communacopia-120000503.html,1692792000,STORY
cccdd2d5-c2b6-3b8b-81ab-3ce8b9f6b5e4,IT,2023-9-7,"Gartner, Inc. (NYSE:IT) Q2 2023 Earnings Call Transcript",Insider Monkey,https://finance.yahoo.com/news/gartner-inc-nyse-q2-2023-174825429.html,1690998505,STORY
bd1f18e7-9a6d-3e26-bb82-4d7646cb0012,IT,2023-9-8,Gartner (IT) Up 3.2% Since Last Earnings Report: Can It Continue?,Zacks,https://finance.yahoo.com/news/gartner-3-2-since-last-153124469.html,1693495884,STORY
7362b385-d652-3a2c-973a-3b8fc65062d9,IT,2023-9-8,"Gartner Announces Keynote Speakers at Gartner IT Symposium/Xpo, October 16-19, in Orlando",Business Wire,https://finance.yahoo.com/news/gartner-announces-keynote-speakers-gartner-133000681.html,1693488600,STORY
7f5d4fed-2430-321b-8b08-f424e8c96b8a,IT,2023-9-8,Gartner (IT) Benefits From Diversified Addressable Market,Zacks,https://finance.yahoo.com/news/gartner-benefits-diversified-addressable-market-155300600.html,1693324380,STORY
09354b29-5b65-3679-9d29-28dbe7deeb0b,IT,2023-9-8,CEOs and CFOs don’t always see eye to eye. But working together through ‘constructive tension’ can help them align on these 3 key priorities,Fortune,https://finance.yahoo.com/news/ceos-cfos-don-t-always-110120665.html,1693306880,STORY
2b63ac42-d355-3362-91f7-87c176c0b638,IT,2023-9-8,Unpacking Gartner Inc's Market Leadership: A Deep Dive into Financial Metrics and Competitive ...,GuruFocus.com,https://finance.yahoo.com/news/unpacking-gartner-incs-market-leadership-170339511.html,1692896619,STORY
61ddefa9-8bcf-3008-a1e7-5eb7f65e8b7d,IT,2023-9-8,Gartner (NYSE:IT) shareholders have earned a 36% CAGR over the last three years,Simply Wall St.,https://finance.yahoo.com/news/gartner-nyse-shareholders-earned-36-172206986.html,1692811326,STORY
86cdbbe9-f9bb-32cf-a83d-3caa7ddcba6a,IT,2023-9-8,Gartner to Participate in the Goldman Sachs Communacopia + Technology Conference,Business Wire,https://finance.yahoo.com/news/gartner-participate-goldman-sachs-communacopia-120000503.html,1692792000,STORY
cccdd2d5-c2b6-3b8b-81ab-3ce8b9f6b5e4,IT,2023-9-8,"Gartner, Inc. (NYSE:IT) Q2 2023 Earnings Call Transcript",Insider Monkey,https://finance.yahoo.com/news/gartner-inc-nyse-q2-2023-174825429.html,1690998505,STORY
91552464-e380-3b00-bd35-534b378f9c68,IT,2023-9-9,Gartner: Research Powerhouse Continues to Roar,GuruFocus.com,https://finance.yahoo.com/news/gartner-research-powerhouse-continues-roar-171406053.html,1694193246,STORY
bd1f18e7-9a6d-3e26-bb82-4d7646cb0012,IT,2023-9-9,Gartner (IT) Up 3.2% Since Last Earnings Report: Can It Continue?,Zacks,https://finance.yahoo.com/news/gartner-3-2-since-last-153124469.html,1693495884,STORY
7362b385-d652-3a2c-973a-3b8fc65062d9,IT,2023-9-9,"Gartner Announces Keynote Speakers at Gartner IT Symposium/Xpo, October 16-19, in Orlando",Business Wire,https://finance.yahoo.com/news/gartner-announces-keynote-speakers-gartner-133000681.html,1693488600,STORY
7f5d4fed-2430-321b-8b08-f424e8c96b8a,IT,2023-9-9,Gartner (IT) Benefits From Diversified Addressable Market,Zacks,https://finance.yahoo.com/news/gartner-benefits-diversified-addressable-market-155300600.html,1693324380,STORY
09354b29-5b65-3679-9d29-28dbe7deeb0b,IT,2023-9-9,CEOs and CFOs don’t always see eye to eye. But working together through ‘constructive tension’ can help them align on these 3 key priorities,Fortune,https://finance.yahoo.com/news/ceos-cfos-don-t-always-110120665.html,1693306880,STORY
2b63ac42-d355-3362-91f7-87c176c0b638,IT,2023-9-9,Unpacking Gartner Inc's Market Leadership: A Deep Dive into Financial Metrics and Competitive ...,GuruFocus.com,https://finance.yahoo.com/news/unpacking-gartner-incs-market-leadership-170339511.html,1692896619,STORY
61ddefa9-8bcf-3008-a1e7-5eb7f65e8b7d,IT,2023-9-9,Gartner (NYSE:IT) shareholders have earned a 36% CAGR over the last three years,Simply Wall St.,https://finance.yahoo.com/news/gartner-nyse-shareholders-earned-36-172206986.html,1692811326,STORY
86cdbbe9-f9bb-32cf-a83d-3caa7ddcba6a,IT,2023-9-9,Gartner to Participate in the Goldman Sachs Communacopia + Technology Conference,Business Wire,https://finance.yahoo.com/news/gartner-participate-goldman-sachs-communacopia-120000503.html,1692792000,STORY
91552464-e380-3b00-bd35-534b378f9c68,IT,2023-9-10,Gartner: Research Powerhouse Continues to Roar,GuruFocus.com,https://finance.yahoo.com/news/gartner-research-powerhouse-continues-roar-171406053.html,1694193246,STORY
bd1f18e7-9a6d-3e26-bb82-4d7646cb0012,IT,2023-9-10,Gartner (IT) Up 3.2% Since Last Earnings Report: Can It Continue?,Zacks,https://finance.yahoo.com/news/gartner-3-2-since-last-153124469.html,1693495884,STORY
7362b385-d652-3a2c-973a-3b8fc65062d9,IT,2023-9-10,"Gartner Announces Keynote Speakers at Gartner IT Symposium/Xpo, October 16-19, in Orlando",Business Wire,https://finance.yahoo.com/news/gartner-announces-keynote-speakers-gartner-133000681.html,1693488600,STORY
7f5d4fed-2430-321b-8b08-f424e8c96b8a,IT,2023-9-10,Gartner (IT) Benefits From Diversified Addressable Market,Zacks,https://finance.yahoo.com/news/gartner-benefits-diversified-addressable-market-155300600.html,1693324380,STORY
09354b29-5b65-3679-9d29-28dbe7deeb0b,IT,2023-9-10,CEOs and CFOs don’t always see eye to eye. But working together through ‘constructive tension’ can help them align on these 3 key priorities,Fortune,https://finance.yahoo.com/news/ceos-cfos-don-t-always-110120665.html,1693306880,STORY
2b63ac42-d355-3362-91f7-87c176c0b638,IT,2023-9-10,Unpacking Gartner Inc's Market Leadership: A Deep Dive into Financial Metrics and Competitive ...,GuruFocus.com,https://finance.yahoo.com/news/unpacking-gartner-incs-market-leadership-170339511.html,1692896619,STORY
61ddefa9-8bcf-3008-a1e7-5eb7f65e8b7d,IT,2023-9-10,Gartner (NYSE:IT) shareholders have earned a 36% CAGR over the last three years,Simply Wall St.,https://finance.yahoo.com/news/gartner-nyse-shareholders-earned-36-172206986.html,1692811326,STORY
86cdbbe9-f9bb-32cf-a83d-3caa7ddcba6a,IT,2023-9-10,Gartner to Participate in the Goldman Sachs Communacopia + Technology Conference,Business Wire,https://finance.yahoo.com/news/gartner-participate-goldman-sachs-communacopia-120000503.html,1692792000,STORY
91552464-e380-3b00-bd35-534b378f9c68,IT,2023-9-11,Gartner: Research Powerhouse Continues to Roar,GuruFocus.com,https://finance.yahoo.com/news/gartner-research-powerhouse-continues-roar-171406053.html,1694193246,STORY
bd1f18e7-9a6d-3e26-bb82-4d7646cb0012,IT,2023-9-11,Gartner (IT) Up 3.2% Since Last Earnings Report: Can It Continue?,Zacks,https://finance.yahoo.com/news/gartner-3-2-since-last-153124469.html,1693495884,STORY
7362b385-d652-3a2c-973a-3b8fc65062d9,IT,2023-9-11,"Gartner Announces Keynote Speakers at Gartner IT Symposium/Xpo, October 16-19, in Orlando",Business Wire,https://finance.yahoo.com/news/gartner-announces-keynote-speakers-gartner-133000681.html,1693488600,STORY
7f5d4fed-2430-321b-8b08-f424e8c96b8a,IT,2023-9-11,Gartner (IT) Benefits From Diversified Addressable Market,Zacks,https://finance.yahoo.com/news/gartner-benefits-diversified-addressable-market-155300600.html,1693324380,STORY
09354b29-5b65-3679-9d29-28dbe7deeb0b,IT,2023-9-11,CEOs and CFOs don’t always see eye to eye. But working together through ‘constructive tension’ can help them align on these 3 key priorities,Fortune,https://finance.yahoo.com/news/ceos-cfos-don-t-always-110120665.html,1693306880,STORY
2b63ac42-d355-3362-91f7-87c176c0b638,IT,2023-9-11,Unpacking Gartner Inc's Market Leadership: A Deep Dive into Financial Metrics and Competitive ...,GuruFocus.com,https://finance.yahoo.com/news/unpacking-gartner-incs-market-leadership-170339511.html,1692896619,STORY
61ddefa9-8bcf-3008-a1e7-5eb7f65e8b7d,IT,2023-9-11,Gartner (NYSE:IT) shareholders have earned a 36% CAGR over the last three years,Simply Wall St.,https://finance.yahoo.com/news/gartner-nyse-shareholders-earned-36-172206986.html,1692811326,STORY
86cdbbe9-f9bb-32cf-a83d-3caa7ddcba6a,IT,2023-9-11,Gartner to Participate in the Goldman Sachs Communacopia + Technology Conference,Business Wire,https://finance.yahoo.com/news/gartner-participate-goldman-sachs-communacopia-120000503.html,1692792000,STORY
eea50d48-b87e-3fc2-9076-d3a6dee35ba5,IT,2023-9-12,Daily – Vickers Top Buyers & Sellers for 09/12/2023,Argus Research,https://finance.yahoo.com/m/eea50d48-b87e-3fc2-9076-d3a6dee35ba5/daily-%E2%80%93-vickers-top-buyers-%26.html,1694514116,STORY
91552464-e380-3b00-bd35-534b378f9c68,IT,2023-9-12,Gartner: Research Powerhouse Continues to Roar,GuruFocus.com,https://finance.yahoo.com/news/gartner-research-powerhouse-continues-roar-171406053.html,1694193246,STORY
bd1f18e7-9a6d-3e26-bb82-4d7646cb0012,IT,2023-9-12,Gartner (IT) Up 3.2% Since Last Earnings Report: Can It Continue?,Zacks,https://finance.yahoo.com/news/gartner-3-2-since-last-153124469.html,1693495884,STORY
7362b385-d652-3a2c-973a-3b8fc65062d9,IT,2023-9-12,"Gartner Announces Keynote Speakers at Gartner IT Symposium/Xpo, October 16-19, in Orlando",Business Wire,https://finance.yahoo.com/news/gartner-announces-keynote-speakers-gartner-133000681.html,1693488600,STORY
7f5d4fed-2430-321b-8b08-f424e8c96b8a,IT,2023-9-12,Gartner (IT) Benefits From Diversified Addressable Market,Zacks,https://finance.yahoo.com/news/gartner-benefits-diversified-addressable-market-155300600.html,1693324380,STORY
09354b29-5b65-3679-9d29-28dbe7deeb0b,IT,2023-9-12,CEOs and CFOs don’t always see eye to eye. But working together through ‘constructive tension’ can help them align on these 3 key priorities,Fortune,https://finance.yahoo.com/news/ceos-cfos-don-t-always-110120665.html,1693306880,STORY
2b63ac42-d355-3362-91f7-87c176c0b638,IT,2023-9-12,Unpacking Gartner Inc's Market Leadership: A Deep Dive into Financial Metrics and Competitive ...,GuruFocus.com,https://finance.yahoo.com/news/unpacking-gartner-incs-market-leadership-170339511.html,1692896619,STORY
61ddefa9-8bcf-3008-a1e7-5eb7f65e8b7d,IT,2023-9-12,Gartner (NYSE:IT) shareholders have earned a 36% CAGR over the last three years,Simply Wall St.,https://finance.yahoo.com/news/gartner-nyse-shareholders-earned-36-172206986.html,1692811326,STORY
eea50d48-b87e-3fc2-9076-d3a6dee35ba5,IT,2023-9-13,Daily – Vickers Top Buyers & Sellers for 09/12/2023,Argus Research,https://finance.yahoo.com/m/eea50d48-b87e-3fc2-9076-d3a6dee35ba5/daily-%E2%80%93-vickers-top-buyers-%26.html,1694514116,STORY
91552464-e380-3b00-bd35-534b378f9c68,IT,2023-9-13,Gartner: Research Powerhouse Continues to Roar,GuruFocus.com,https://finance.yahoo.com/news/gartner-research-powerhouse-continues-roar-171406053.html,1694193246,STORY
bd1f18e7-9a6d-3e26-bb82-4d7646cb0012,IT,2023-9-13,Gartner (IT) Up 3.2% Since Last Earnings Report: Can It Continue?,Zacks,https://finance.yahoo.com/news/gartner-3-2-since-last-153124469.html,1693495884,STORY
7362b385-d652-3a2c-973a-3b8fc65062d9,IT,2023-9-13,"Gartner Announces Keynote Speakers at Gartner IT Symposium/Xpo, October 16-19, in Orlando",Business Wire,https://finance.yahoo.com/news/gartner-announces-keynote-speakers-gartner-133000681.html,1693488600,STORY
7f5d4fed-2430-321b-8b08-f424e8c96b8a,IT,2023-9-13,Gartner (IT) Benefits From Diversified Addressable Market,Zacks,https://finance.yahoo.com/news/gartner-benefits-diversified-addressable-market-155300600.html,1693324380,STORY
09354b29-5b65-3679-9d29-28dbe7deeb0b,IT,2023-9-13,CEOs and CFOs don’t always see eye to eye. But working together through ‘constructive tension’ can help them align on these 3 key priorities,Fortune,https://finance.yahoo.com/news/ceos-cfos-don-t-always-110120665.html,1693306880,STORY
2b63ac42-d355-3362-91f7-87c176c0b638,IT,2023-9-13,Unpacking Gartner Inc's Market Leadership: A Deep Dive into Financial Metrics and Competitive ...,GuruFocus.com,https://finance.yahoo.com/news/unpacking-gartner-incs-market-leadership-170339511.html,1692896619,STORY
61ddefa9-8bcf-3008-a1e7-5eb7f65e8b7d,IT,2023-9-13,Gartner (NYSE:IT) shareholders have earned a 36% CAGR over the last three years,Simply Wall St.,https://finance.yahoo.com/news/gartner-nyse-shareholders-earned-36-172206986.html,1692811326,STORY
af9b1369-146c-35a3-83f9-26d9371ebef8,IT,2023-9-14,We Think Gartner (NYSE:IT) Might Have The DNA Of A Multi-Bagger,Simply Wall St.,https://finance.yahoo.com/news/think-gartner-nyse-might-dna-133505613.html,1694612105,STORY
91552464-e380-3b00-bd35-534b378f9c68,IT,2023-9-14,Gartner: Research Powerhouse Continues to Roar,GuruFocus.com,https://finance.yahoo.com/news/gartner-research-powerhouse-continues-roar-171406053.html,1694193246,STORY
bd1f18e7-9a6d-3e26-bb82-4d7646cb0012,IT,2023-9-14,Gartner (IT) Up 3.2% Since Last Earnings Report: Can It Continue?,Zacks,https://finance.yahoo.com/news/gartner-3-2-since-last-153124469.html,1693495884,STORY
7362b385-d652-3a2c-973a-3b8fc65062d9,IT,2023-9-14,"Gartner Announces Keynote Speakers at Gartner IT Symposium/Xpo, October 16-19, in Orlando",Business Wire,https://finance.yahoo.com/news/gartner-announces-keynote-speakers-gartner-133000681.html,1693488600,STORY
7f5d4fed-2430-321b-8b08-f424e8c96b8a,IT,2023-9-14,Gartner (IT) Benefits From Diversified Addressable Market,Zacks,https://finance.yahoo.com/news/gartner-benefits-diversified-addressable-market-155300600.html,1693324380,STORY
09354b29-5b65-3679-9d29-28dbe7deeb0b,IT,2023-9-14,CEOs and CFOs don’t always see eye to eye. But working together through ‘constructive tension’ can help them align on these 3 key priorities,Fortune,https://finance.yahoo.com/news/ceos-cfos-don-t-always-110120665.html,1693306880,STORY
2b63ac42-d355-3362-91f7-87c176c0b638,IT,2023-9-14,Unpacking Gartner Inc's Market Leadership: A Deep Dive into Financial Metrics and Competitive ...,GuruFocus.com,https://finance.yahoo.com/news/unpacking-gartner-incs-market-leadership-170339511.html,1692896619,STORY
61ddefa9-8bcf-3008-a1e7-5eb7f65e8b7d,IT,2023-9-14,Gartner (NYSE:IT) shareholders have earned a 36% CAGR over the last three years,Simply Wall St.,https://finance.yahoo.com/news/gartner-nyse-shareholders-earned-36-172206986.html,1692811326,STORY
af9b1369-146c-35a3-83f9-26d9371ebef8,IT,2023-9-15,We Think Gartner (NYSE:IT) Might Have The DNA Of A Multi-Bagger,Simply Wall St.,https://finance.yahoo.com/news/think-gartner-nyse-might-dna-133505613.html,1694612105,STORY
91552464-e380-3b00-bd35-534b378f9c68,IT,2023-9-15,Gartner: Research Powerhouse Continues to Roar,GuruFocus.com,https://finance.yahoo.com/news/gartner-research-powerhouse-continues-roar-171406053.html,1694193246,STORY
bd1f18e7-9a6d-3e26-bb82-4d7646cb0012,IT,2023-9-15,Gartner (IT) Up 3.2% Since Last Earnings Report: Can It Continue?,Zacks,https://finance.yahoo.com/news/gartner-3-2-since-last-153124469.html,1693495884,STORY
7362b385-d652-3a2c-973a-3b8fc65062d9,IT,2023-9-15,"Gartner Announces Keynote Speakers at Gartner IT Symposium/Xpo, October 16-19, in Orlando",Business Wire,https://finance.yahoo.com/news/gartner-announces-keynote-speakers-gartner-133000681.html,1693488600,STORY
7f5d4fed-2430-321b-8b08-f424e8c96b8a,IT,2023-9-15,Gartner (IT) Benefits From Diversified Addressable Market,Zacks,https://finance.yahoo.com/news/gartner-benefits-diversified-addressable-market-155300600.html,1693324380,STORY
09354b29-5b65-3679-9d29-28dbe7deeb0b,IT,2023-9-15,CEOs and CFOs don’t always see eye to eye. But working together through ‘constructive tension’ can help them align on these 3 key priorities,Fortune,https://finance.yahoo.com/news/ceos-cfos-don-t-always-110120665.html,1693306880,STORY
2b63ac42-d355-3362-91f7-87c176c0b638,IT,2023-9-15,Unpacking Gartner Inc's Market Leadership: A Deep Dive into Financial Metrics and Competitive ...,GuruFocus.com,https://finance.yahoo.com/news/unpacking-gartner-incs-market-leadership-170339511.html,1692896619,STORY
61ddefa9-8bcf-3008-a1e7-5eb7f65e8b7d,IT,2023-9-15,Gartner (NYSE:IT) shareholders have earned a 36% CAGR over the last three years,Simply Wall St.,https://finance.yahoo.com/news/gartner-nyse-shareholders-earned-36-172206986.html,1692811326,STORY
af9b1369-146c-35a3-83f9-26d9371ebef8,IT,2023-9-16,We Think Gartner (NYSE:IT) Might Have The DNA Of A Multi-Bagger,Simply Wall St.,https://finance.yahoo.com/news/think-gartner-nyse-might-dna-133505613.html,1694612105,STORY
91552464-e380-3b00-bd35-534b378f9c68,IT,2023-9-16,Gartner: Research Powerhouse Continues to Roar,GuruFocus.com,https://finance.yahoo.com/news/gartner-research-powerhouse-continues-roar-171406053.html,1694193246,STORY
bd1f18e7-9a6d-3e26-bb82-4d7646cb0012,IT,2023-9-16,Gartner (IT) Up 3.2% Since Last Earnings Report: Can It Continue?,Zacks,https://finance.yahoo.com/news/gartner-3-2-since-last-153124469.html,1693495884,STORY
7362b385-d652-3a2c-973a-3b8fc65062d9,IT,2023-9-16,"Gartner Announces Keynote Speakers at Gartner IT Symposium/Xpo, October 16-19, in Orlando",Business Wire,https://finance.yahoo.com/news/gartner-announces-keynote-speakers-gartner-133000681.html,1693488600,STORY
7f5d4fed-2430-321b-8b08-f424e8c96b8a,IT,2023-9-16,Gartner (IT) Benefits From Diversified Addressable Market,Zacks,https://finance.yahoo.com/news/gartner-benefits-diversified-addressable-market-155300600.html,1693324380,STORY
09354b29-5b65-3679-9d29-28dbe7deeb0b,IT,2023-9-16,CEOs and CFOs don’t always see eye to eye. But working together through ‘constructive tension’ can help them align on these 3 key priorities,Fortune,https://finance.yahoo.com/news/ceos-cfos-don-t-always-110120665.html,1693306880,STORY
2b63ac42-d355-3362-91f7-87c176c0b638,IT,2023-9-16,Unpacking Gartner Inc's Market Leadership: A Deep Dive into Financial Metrics and Competitive ...,GuruFocus.com,https://finance.yahoo.com/news/unpacking-gartner-incs-market-leadership-170339511.html,1692896619,STORY
61ddefa9-8bcf-3008-a1e7-5eb7f65e8b7d,IT,2023-9-16,Gartner (NYSE:IT) shareholders have earned a 36% CAGR over the last three years,Simply Wall St.,https://finance.yahoo.com/news/gartner-nyse-shareholders-earned-36-172206986.html,1692811326,STORY
af9b1369-146c-35a3-83f9-26d9371ebef8,IT,2023-9-17,We Think Gartner (NYSE:IT) Might Have The DNA Of A Multi-Bagger,Simply Wall St.,https://finance.yahoo.com/news/think-gartner-nyse-might-dna-133505613.html,1694612105,STORY
91552464-e380-3b00-bd35-534b378f9c68,IT,2023-9-17,Gartner: Research Powerhouse Continues to Roar,GuruFocus.com,https://finance.yahoo.com/news/gartner-research-powerhouse-continues-roar-171406053.html,1694193246,STORY
bd1f18e7-9a6d-3e26-bb82-4d7646cb0012,IT,2023-9-17,Gartner (IT) Up 3.2% Since Last Earnings Report: Can It Continue?,Zacks,https://finance.yahoo.com/news/gartner-3-2-since-last-153124469.html,1693495884,STORY
7362b385-d652-3a2c-973a-3b8fc65062d9,IT,2023-9-17,"Gartner Announces Keynote Speakers at Gartner IT Symposium/Xpo, October 16-19, in Orlando",Business Wire,https://finance.yahoo.com/news/gartner-announces-keynote-speakers-gartner-133000681.html,1693488600,STORY
7f5d4fed-2430-321b-8b08-f424e8c96b8a,IT,2023-9-17,Gartner (IT) Benefits From Diversified Addressable Market,Zacks,https://finance.yahoo.com/news/gartner-benefits-diversified-addressable-market-155300600.html,1693324380,STORY
09354b29-5b65-3679-9d29-28dbe7deeb0b,IT,2023-9-17,CEOs and CFOs don’t always see eye to eye. But working together through ‘constructive tension’ can help them align on these 3 key priorities,Fortune,https://finance.yahoo.com/news/ceos-cfos-don-t-always-110120665.html,1693306880,STORY
2b63ac42-d355-3362-91f7-87c176c0b638,IT,2023-9-17,Unpacking Gartner Inc's Market Leadership: A Deep Dive into Financial Metrics and Competitive ...,GuruFocus.com,https://finance.yahoo.com/news/unpacking-gartner-incs-market-leadership-170339511.html,1692896619,STORY
61ddefa9-8bcf-3008-a1e7-5eb7f65e8b7d,IT,2023-9-17,Gartner (NYSE:IT) shareholders have earned a 36% CAGR over the last three years,Simply Wall St.,https://finance.yahoo.com/news/gartner-nyse-shareholders-earned-36-172206986.html,1692811326,STORY
af9b1369-146c-35a3-83f9-26d9371ebef8,IT,2023-9-18,We Think Gartner (NYSE:IT) Might Have The DNA Of A Multi-Bagger,Simply Wall St.,https://finance.yahoo.com/news/think-gartner-nyse-might-dna-133505613.html,1694612105,STORY
91552464-e380-3b00-bd35-534b378f9c68,IT,2023-9-18,Gartner: Research Powerhouse Continues to Roar,GuruFocus.com,https://finance.yahoo.com/news/gartner-research-powerhouse-continues-roar-171406053.html,1694193246,STORY
bd1f18e7-9a6d-3e26-bb82-4d7646cb0012,IT,2023-9-18,Gartner (IT) Up 3.2% Since Last Earnings Report: Can It Continue?,Zacks,https://finance.yahoo.com/news/gartner-3-2-since-last-153124469.html,1693495884,STORY
7362b385-d652-3a2c-973a-3b8fc65062d9,IT,2023-9-18,"Gartner Announces Keynote Speakers at Gartner IT Symposium/Xpo, October 16-19, in Orlando",Business Wire,https://finance.yahoo.com/news/gartner-announces-keynote-speakers-gartner-133000681.html,1693488600,STORY
7f5d4fed-2430-321b-8b08-f424e8c96b8a,IT,2023-9-18,Gartner (IT) Benefits From Diversified Addressable Market,Zacks,https://finance.yahoo.com/news/gartner-benefits-diversified-addressable-market-155300600.html,1693324380,STORY
09354b29-5b65-3679-9d29-28dbe7deeb0b,IT,2023-9-18,CEOs and CFOs don’t always see eye to eye. But working together through ‘constructive tension’ can help them align on these 3 key priorities,Fortune,https://finance.yahoo.com/news/ceos-cfos-don-t-always-110120665.html,1693306880,STORY
2b63ac42-d355-3362-91f7-87c176c0b638,IT,2023-9-18,Unpacking Gartner Inc's Market Leadership: A Deep Dive into Financial Metrics and Competitive ...,GuruFocus.com,https://finance.yahoo.com/news/unpacking-gartner-incs-market-leadership-170339511.html,1692896619,STORY
61ddefa9-8bcf-3008-a1e7-5eb7f65e8b7d,IT,2023-9-18,Gartner (NYSE:IT) shareholders have earned a 36% CAGR over the last three years,Simply Wall St.,https://finance.yahoo.com/news/gartner-nyse-shareholders-earned-36-172206986.html,1692811326,STORY
af9b1369-146c-35a3-83f9-26d9371ebef8,IT,2023-9-20,We Think Gartner (NYSE:IT) Might Have The DNA Of A Multi-Bagger,Simply Wall St.,https://finance.yahoo.com/news/think-gartner-nyse-might-dna-133505613.html,1694612105,STORY
91552464-e380-3b00-bd35-534b378f9c68,IT,2023-9-20,Gartner: Research Powerhouse Continues to Roar,GuruFocus.com,https://finance.yahoo.com/news/gartner-research-powerhouse-continues-roar-171406053.html,1694193246,STORY
bd1f18e7-9a6d-3e26-bb82-4d7646cb0012,IT,2023-9-20,Gartner (IT) Up 3.2% Since Last Earnings Report: Can It Continue?,Zacks,https://finance.yahoo.com/news/gartner-3-2-since-last-153124469.html,1693495884,STORY
7362b385-d652-3a2c-973a-3b8fc65062d9,IT,2023-9-20,"Gartner Announces Keynote Speakers at Gartner IT Symposium/Xpo, October 16-19, in Orlando",Business Wire,https://finance.yahoo.com/news/gartner-announces-keynote-speakers-gartner-133000681.html,1693488600,STORY
7f5d4fed-2430-321b-8b08-f424e8c96b8a,IT,2023-9-20,Gartner (IT) Benefits From Diversified Addressable Market,Zacks,https://finance.yahoo.com/news/gartner-benefits-diversified-addressable-market-155300600.html,1693324380,STORY
09354b29-5b65-3679-9d29-28dbe7deeb0b,IT,2023-9-20,CEOs and CFOs don’t always see eye to eye. But working together through ‘constructive tension’ can help them align on these 3 key priorities,Fortune,https://finance.yahoo.com/news/ceos-cfos-don-t-always-110120665.html,1693306880,STORY
2b63ac42-d355-3362-91f7-87c176c0b638,IT,2023-9-20,Unpacking Gartner Inc's Market Leadership: A Deep Dive into Financial Metrics and Competitive ...,GuruFocus.com,https://finance.yahoo.com/news/unpacking-gartner-incs-market-leadership-170339511.html,1692896619,STORY
61ddefa9-8bcf-3008-a1e7-5eb7f65e8b7d,IT,2023-9-20,Gartner (NYSE:IT) shareholders have earned a 36% CAGR over the last three years,Simply Wall St.,https://finance.yahoo.com/news/gartner-nyse-shareholders-earned-36-172206986.html,1692811326,STORY
af9b1369-146c-35a3-83f9-26d9371ebef8,IT,2023-9-21,We Think Gartner (NYSE:IT) Might Have The DNA Of A Multi-Bagger,Simply Wall St.,https://finance.yahoo.com/news/think-gartner-nyse-might-dna-133505613.html,1694612105,STORY
91552464-e380-3b00-bd35-534b378f9c68,IT,2023-9-21,Gartner: Research Powerhouse Continues to Roar,GuruFocus.com,https://finance.yahoo.com/news/gartner-research-powerhouse-continues-roar-171406053.html,1694193246,STORY
bd1f18e7-9a6d-3e26-bb82-4d7646cb0012,IT,2023-9-21,Gartner (IT) Up 3.2% Since Last Earnings Report: Can It Continue?,Zacks,https://finance.yahoo.com/news/gartner-3-2-since-last-153124469.html,1693495884,STORY
7362b385-d652-3a2c-973a-3b8fc65062d9,IT,2023-9-21,"Gartner Announces Keynote Speakers at Gartner IT Symposium/Xpo, October 16-19, in Orlando",Business Wire,https://finance.yahoo.com/news/gartner-announces-keynote-speakers-gartner-133000681.html,1693488600,STORY
7f5d4fed-2430-321b-8b08-f424e8c96b8a,IT,2023-9-21,Gartner (IT) Benefits From Diversified Addressable Market,Zacks,https://finance.yahoo.com/news/gartner-benefits-diversified-addressable-market-155300600.html,1693324380,STORY
09354b29-5b65-3679-9d29-28dbe7deeb0b,IT,2023-9-21,CEOs and CFOs don’t always see eye to eye. But working together through ‘constructive tension’ can help them align on these 3 key priorities,Fortune,https://finance.yahoo.com/news/ceos-cfos-don-t-always-110120665.html,1693306880,STORY
2b63ac42-d355-3362-91f7-87c176c0b638,IT,2023-9-21,Unpacking Gartner Inc's Market Leadership: A Deep Dive into Financial Metrics and Competitive ...,GuruFocus.com,https://finance.yahoo.com/news/unpacking-gartner-incs-market-leadership-170339511.html,1692896619,STORY
61ddefa9-8bcf-3008-a1e7-5eb7f65e8b7d,IT,2023-9-21,Gartner (NYSE:IT) shareholders have earned a 36% CAGR over the last three years,Simply Wall St.,https://finance.yahoo.com/news/gartner-nyse-shareholders-earned-36-172206986.html,1692811326,STORY
af9b1369-146c-35a3-83f9-26d9371ebef8,IT,2023-9-22,We Think Gartner (NYSE:IT) Might Have The DNA Of A Multi-Bagger,Simply Wall St.,https://finance.yahoo.com/news/think-gartner-nyse-might-dna-133505613.html,1694612105,STORY
91552464-e380-3b00-bd35-534b378f9c68,IT,2023-9-22,Gartner: Research Powerhouse Continues to Roar,GuruFocus.com,https://finance.yahoo.com/news/gartner-research-powerhouse-continues-roar-171406053.html,1694193246,STORY
bd1f18e7-9a6d-3e26-bb82-4d7646cb0012,IT,2023-9-22,Gartner (IT) Up 3.2% Since Last Earnings Report: Can It Continue?,Zacks,https://finance.yahoo.com/news/gartner-3-2-since-last-153124469.html,1693495884,STORY
7362b385-d652-3a2c-973a-3b8fc65062d9,IT,2023-9-22,"Gartner Announces Keynote Speakers at Gartner IT Symposium/Xpo, October 16-19, in Orlando",Business Wire,https://finance.yahoo.com/news/gartner-announces-keynote-speakers-gartner-133000681.html,1693488600,STORY
7f5d4fed-2430-321b-8b08-f424e8c96b8a,IT,2023-9-22,Gartner (IT) Benefits From Diversified Addressable Market,Zacks,https://finance.yahoo.com/news/gartner-benefits-diversified-addressable-market-155300600.html,1693324380,STORY
09354b29-5b65-3679-9d29-28dbe7deeb0b,IT,2023-9-22,CEOs and CFOs don’t always see eye to eye. But working together through ‘constructive tension’ can help them align on these 3 key priorities,Fortune,https://finance.yahoo.com/news/ceos-cfos-don-t-always-110120665.html,1693306880,STORY
2b63ac42-d355-3362-91f7-87c176c0b638,IT,2023-9-22,Unpacking Gartner Inc's Market Leadership: A Deep Dive into Financial Metrics and Competitive ...,GuruFocus.com,https://finance.yahoo.com/news/unpacking-gartner-incs-market-leadership-170339511.html,1692896619,STORY
61ddefa9-8bcf-3008-a1e7-5eb7f65e8b7d,IT,2023-9-22,Gartner (NYSE:IT) shareholders have earned a 36% CAGR over the last three years,Simply Wall St.,https://finance.yahoo.com/news/gartner-nyse-shareholders-earned-36-172206986.html,1692811326,STORY
8d1cb4aa-7df9-3330-a12e-62f71fa72375,IT,2023-9-23,Unveiling Gartner (IT)'s Value: Is It Really Priced Right? A Comprehensive Guide,GuruFocus.com,https://finance.yahoo.com/news/unveiling-gartner-value-really-priced-233215127.html,1695425535,STORY
af9b1369-146c-35a3-83f9-26d9371ebef8,IT,2023-9-23,We Think Gartner (NYSE:IT) Might Have The DNA Of A Multi-Bagger,Simply Wall St.,https://finance.yahoo.com/news/think-gartner-nyse-might-dna-133505613.html,1694612105,STORY
91552464-e380-3b00-bd35-534b378f9c68,IT,2023-9-23,Gartner: Research Powerhouse Continues to Roar,GuruFocus.com,https://finance.yahoo.com/news/gartner-research-powerhouse-continues-roar-171406053.html,1694193246,STORY
bd1f18e7-9a6d-3e26-bb82-4d7646cb0012,IT,2023-9-23,Gartner (IT) Up 3.2% Since Last Earnings Report: Can It Continue?,Zacks,https://finance.yahoo.com/news/gartner-3-2-since-last-153124469.html,1693495884,STORY
7362b385-d652-3a2c-973a-3b8fc65062d9,IT,2023-9-23,"Gartner Announces Keynote Speakers at Gartner IT Symposium/Xpo, October 16-19, in Orlando",Business Wire,https://finance.yahoo.com/news/gartner-announces-keynote-speakers-gartner-133000681.html,1693488600,STORY
7f5d4fed-2430-321b-8b08-f424e8c96b8a,IT,2023-9-23,Gartner (IT) Benefits From Diversified Addressable Market,Zacks,https://finance.yahoo.com/news/gartner-benefits-diversified-addressable-market-155300600.html,1693324380,STORY
09354b29-5b65-3679-9d29-28dbe7deeb0b,IT,2023-9-23,CEOs and CFOs don’t always see eye to eye. But working together through ‘constructive tension’ can help them align on these 3 key priorities,Fortune,https://finance.yahoo.com/news/ceos-cfos-don-t-always-110120665.html,1693306880,STORY
2b63ac42-d355-3362-91f7-87c176c0b638,IT,2023-9-23,Unpacking Gartner Inc's Market Leadership: A Deep Dive into Financial Metrics and Competitive ...,GuruFocus.com,https://finance.yahoo.com/news/unpacking-gartner-incs-market-leadership-170339511.html,1692896619,STORY
8d1cb4aa-7df9-3330-a12e-62f71fa72375,IT,2023-9-24,Unveiling Gartner (IT)'s Value: Is It Really Priced Right? A Comprehensive Guide,GuruFocus.com,https://finance.yahoo.com/news/unveiling-gartner-value-really-priced-233215127.html,1695425535,STORY
af9b1369-146c-35a3-83f9-26d9371ebef8,IT,2023-9-24,We Think Gartner (NYSE:IT) Might Have The DNA Of A Multi-Bagger,Simply Wall St.,https://finance.yahoo.com/news/think-gartner-nyse-might-dna-133505613.html,1694612105,STORY
91552464-e380-3b00-bd35-534b378f9c68,IT,2023-9-24,Gartner: Research Powerhouse Continues to Roar,GuruFocus.com,https://finance.yahoo.com/news/gartner-research-powerhouse-continues-roar-171406053.html,1694193246,STORY
bd1f18e7-9a6d-3e26-bb82-4d7646cb0012,IT,2023-9-24,Gartner (IT) Up 3.2% Since Last Earnings Report: Can It Continue?,Zacks,https://finance.yahoo.com/news/gartner-3-2-since-last-153124469.html,1693495884,STORY
7362b385-d652-3a2c-973a-3b8fc65062d9,IT,2023-9-24,"Gartner Announces Keynote Speakers at Gartner IT Symposium/Xpo, October 16-19, in Orlando",Business Wire,https://finance.yahoo.com/news/gartner-announces-keynote-speakers-gartner-133000681.html,1693488600,STORY
7f5d4fed-2430-321b-8b08-f424e8c96b8a,IT,2023-9-24,Gartner (IT) Benefits From Diversified Addressable Market,Zacks,https://finance.yahoo.com/news/gartner-benefits-diversified-addressable-market-155300600.html,1693324380,STORY
09354b29-5b65-3679-9d29-28dbe7deeb0b,IT,2023-9-24,CEOs and CFOs don’t always see eye to eye. But working together through ‘constructive tension’ can help them align on these 3 key priorities,Fortune,https://finance.yahoo.com/news/ceos-cfos-don-t-always-110120665.html,1693306880,STORY
2b63ac42-d355-3362-91f7-87c176c0b638,IT,2023-9-24,Unpacking Gartner Inc's Market Leadership: A Deep Dive into Financial Metrics and Competitive ...,GuruFocus.com,https://finance.yahoo.com/news/unpacking-gartner-incs-market-leadership-170339511.html,1692896619,STORY
8d1cb4aa-7df9-3330-a12e-62f71fa72375,IT,2023-9-25,Unveiling Gartner (IT)'s Value: Is It Really Priced Right? A Comprehensive Guide,GuruFocus.com,https://finance.yahoo.com/news/unveiling-gartner-value-really-priced-233215127.html,1695425535,STORY
af9b1369-146c-35a3-83f9-26d9371ebef8,IT,2023-9-25,We Think Gartner (NYSE:IT) Might Have The DNA Of A Multi-Bagger,Simply Wall St.,https://finance.yahoo.com/news/think-gartner-nyse-might-dna-133505613.html,1694612105,STORY
91552464-e380-3b00-bd35-534b378f9c68,IT,2023-9-25,Gartner: Research Powerhouse Continues to Roar,GuruFocus.com,https://finance.yahoo.com/news/gartner-research-powerhouse-continues-roar-171406053.html,1694193246,STORY
bd1f18e7-9a6d-3e26-bb82-4d7646cb0012,IT,2023-9-25,Gartner (IT) Up 3.2% Since Last Earnings Report: Can It Continue?,Zacks,https://finance.yahoo.com/news/gartner-3-2-since-last-153124469.html,1693495884,STORY
7362b385-d652-3a2c-973a-3b8fc65062d9,IT,2023-9-25,"Gartner Announces Keynote Speakers at Gartner IT Symposium/Xpo, October 16-19, in Orlando",Business Wire,https://finance.yahoo.com/news/gartner-announces-keynote-speakers-gartner-133000681.html,1693488600,STORY
7f5d4fed-2430-321b-8b08-f424e8c96b8a,IT,2023-9-25,Gartner (IT) Benefits From Diversified Addressable Market,Zacks,https://finance.yahoo.com/news/gartner-benefits-diversified-addressable-market-155300600.html,1693324380,STORY
09354b29-5b65-3679-9d29-28dbe7deeb0b,IT,2023-9-25,CEOs and CFOs don’t always see eye to eye. But working together through ‘constructive tension’ can help them align on these 3 key priorities,Fortune,https://finance.yahoo.com/news/ceos-cfos-don-t-always-110120665.html,1693306880,STORY
2b63ac42-d355-3362-91f7-87c176c0b638,IT,2023-9-25,Unpacking Gartner Inc's Market Leadership: A Deep Dive into Financial Metrics and Competitive ...,GuruFocus.com,https://finance.yahoo.com/news/unpacking-gartner-incs-market-leadership-170339511.html,1692896619,STORY
8ac6bc71-7451-3f7c-b644-001c3c0b71f8,IT,2023-9-26,Gartner Stock Earns Relative Strength Rating Upgrade; Hits Key Threshold,Investor's Business Daily,https://finance.yahoo.com/m/8ac6bc71-7451-3f7c-b644-001c3c0b71f8/gartner-stock-earns-relative.html,1695654660,STORY
8d1cb4aa-7df9-3330-a12e-62f71fa72375,IT,2023-9-26,Unveiling Gartner (IT)'s Value: Is It Really Priced Right? A Comprehensive Guide,GuruFocus.com,https://finance.yahoo.com/news/unveiling-gartner-value-really-priced-233215127.html,1695425535,STORY
af9b1369-146c-35a3-83f9-26d9371ebef8,IT,2023-9-26,We Think Gartner (NYSE:IT) Might Have The DNA Of A Multi-Bagger,Simply Wall St.,https://finance.yahoo.com/news/think-gartner-nyse-might-dna-133505613.html,1694612105,STORY
91552464-e380-3b00-bd35-534b378f9c68,IT,2023-9-26,Gartner: Research Powerhouse Continues to Roar,GuruFocus.com,https://finance.yahoo.com/news/gartner-research-powerhouse-continues-roar-171406053.html,1694193246,STORY
bd1f18e7-9a6d-3e26-bb82-4d7646cb0012,IT,2023-9-26,Gartner (IT) Up 3.2% Since Last Earnings Report: Can It Continue?,Zacks,https://finance.yahoo.com/news/gartner-3-2-since-last-153124469.html,1693495884,STORY
7362b385-d652-3a2c-973a-3b8fc65062d9,IT,2023-9-26,"Gartner Announces Keynote Speakers at Gartner IT Symposium/Xpo, October 16-19, in Orlando",Business Wire,https://finance.yahoo.com/news/gartner-announces-keynote-speakers-gartner-133000681.html,1693488600,STORY
7f5d4fed-2430-321b-8b08-f424e8c96b8a,IT,2023-9-26,Gartner (IT) Benefits From Diversified Addressable Market,Zacks,https://finance.yahoo.com/news/gartner-benefits-diversified-addressable-market-155300600.html,1693324380,STORY
09354b29-5b65-3679-9d29-28dbe7deeb0b,IT,2023-9-26,CEOs and CFOs don’t always see eye to eye. But working together through ‘constructive tension’ can help them align on these 3 key priorities,Fortune,https://finance.yahoo.com/news/ceos-cfos-don-t-always-110120665.html,1693306880,STORY
8ac6bc71-7451-3f7c-b644-001c3c0b71f8,IT,2023-9-28,Gartner Stock Earns Relative Strength Rating Upgrade; Hits Key Threshold,Investor's Business Daily,https://finance.yahoo.com/m/8ac6bc71-7451-3f7c-b644-001c3c0b71f8/gartner-stock-earns-relative.html,1695654660,STORY
8d1cb4aa-7df9-3330-a12e-62f71fa72375,IT,2023-9-28,Unveiling Gartner (IT)'s Value: Is It Really Priced Right? A Comprehensive Guide,GuruFocus.com,https://finance.yahoo.com/news/unveiling-gartner-value-really-priced-233215127.html,1695425535,STORY
af9b1369-146c-35a3-83f9-26d9371ebef8,IT,2023-9-28,We Think Gartner (NYSE:IT) Might Have The DNA Of A Multi-Bagger,Simply Wall St.,https://finance.yahoo.com/news/think-gartner-nyse-might-dna-133505613.html,1694612105,STORY
91552464-e380-3b00-bd35-534b378f9c68,IT,2023-9-28,Gartner: Research Powerhouse Continues to Roar,GuruFocus.com,https://finance.yahoo.com/news/gartner-research-powerhouse-continues-roar-171406053.html,1694193246,STORY
bd1f18e7-9a6d-3e26-bb82-4d7646cb0012,IT,2023-9-28,Gartner (IT) Up 3.2% Since Last Earnings Report: Can It Continue?,Zacks,https://finance.yahoo.com/news/gartner-3-2-since-last-153124469.html,1693495884,STORY
7362b385-d652-3a2c-973a-3b8fc65062d9,IT,2023-9-28,"Gartner Announces Keynote Speakers at Gartner IT Symposium/Xpo, October 16-19, in Orlando",Business Wire,https://finance.yahoo.com/news/gartner-announces-keynote-speakers-gartner-133000681.html,1693488600,STORY
7f5d4fed-2430-321b-8b08-f424e8c96b8a,IT,2023-9-28,Gartner (IT) Benefits From Diversified Addressable Market,Zacks,https://finance.yahoo.com/news/gartner-benefits-diversified-addressable-market-155300600.html,1693324380,STORY
09354b29-5b65-3679-9d29-28dbe7deeb0b,IT,2023-9-28,CEOs and CFOs don’t always see eye to eye. But working together through ‘constructive tension’ can help them align on these 3 key priorities,Fortune,https://finance.yahoo.com/news/ceos-cfos-don-t-always-110120665.html,1693306880,STORY
f5a3c68d-b75e-3b7e-9849-185504dfac84,IT,2023-9-29,Unveiling Gartner (IT)'s Value: Is It Really Priced Right? A Comprehensive Guide,GuruFocus.com,https://finance.yahoo.com/news/unveiling-gartner-value-really-priced-153918004.html,1695915558,STORY
8ac6bc71-7451-3f7c-b644-001c3c0b71f8,IT,2023-9-29,Gartner Stock Earns Relative Strength Rating Upgrade; Hits Key Threshold,Investor's Business Daily,https://finance.yahoo.com/m/8ac6bc71-7451-3f7c-b644-001c3c0b71f8/gartner-stock-earns-relative.html,1695654660,STORY
af9b1369-146c-35a3-83f9-26d9371ebef8,IT,2023-9-29,We Think Gartner (NYSE:IT) Might Have The DNA Of A Multi-Bagger,Simply Wall St.,https://finance.yahoo.com/news/think-gartner-nyse-might-dna-133505613.html,1694612105,STORY
91552464-e380-3b00-bd35-534b378f9c68,IT,2023-9-29,Gartner: Research Powerhouse Continues to Roar,GuruFocus.com,https://finance.yahoo.com/news/gartner-research-powerhouse-continues-roar-171406053.html,1694193246,STORY
bd1f18e7-9a6d-3e26-bb82-4d7646cb0012,IT,2023-9-29,Gartner (IT) Up 3.2% Since Last Earnings Report: Can It Continue?,Zacks,https://finance.yahoo.com/news/gartner-3-2-since-last-153124469.html,1693495884,STORY
7362b385-d652-3a2c-973a-3b8fc65062d9,IT,2023-9-29,"Gartner Announces Keynote Speakers at Gartner IT Symposium/Xpo, October 16-19, in Orlando",Business Wire,https://finance.yahoo.com/news/gartner-announces-keynote-speakers-gartner-133000681.html,1693488600,STORY
7f5d4fed-2430-321b-8b08-f424e8c96b8a,IT,2023-9-29,Gartner (IT) Benefits From Diversified Addressable Market,Zacks,https://finance.yahoo.com/news/gartner-benefits-diversified-addressable-market-155300600.html,1693324380,STORY
09354b29-5b65-3679-9d29-28dbe7deeb0b,IT,2023-9-29,CEOs and CFOs don’t always see eye to eye. But working together through ‘constructive tension’ can help them align on these 3 key priorities,Fortune,https://finance.yahoo.com/news/ceos-cfos-don-t-always-110120665.html,1693306880,STORY
f5a3c68d-b75e-3b7e-9849-185504dfac84,IT,2023-9-30,Unveiling Gartner (IT)'s Value: Is It Really Priced Right? A Comprehensive Guide,GuruFocus.com,https://finance.yahoo.com/news/unveiling-gartner-value-really-priced-153918004.html,1695915558,STORY
8ac6bc71-7451-3f7c-b644-001c3c0b71f8,IT,2023-9-30,Gartner Stock Earns Relative Strength Rating Upgrade; Hits Key Threshold,Investor's Business Daily,https://finance.yahoo.com/m/8ac6bc71-7451-3f7c-b644-001c3c0b71f8/gartner-stock-earns-relative.html,1695654660,STORY
af9b1369-146c-35a3-83f9-26d9371ebef8,IT,2023-9-30,We Think Gartner (NYSE:IT) Might Have The DNA Of A Multi-Bagger,Simply Wall St.,https://finance.yahoo.com/news/think-gartner-nyse-might-dna-133505613.html,1694612105,STORY
91552464-e380-3b00-bd35-534b378f9c68,IT,2023-9-30,Gartner: Research Powerhouse Continues to Roar,GuruFocus.com,https://finance.yahoo.com/news/gartner-research-powerhouse-continues-roar-171406053.html,1694193246,STORY
bd1f18e7-9a6d-3e26-bb82-4d7646cb0012,IT,2023-9-30,Gartner (IT) Up 3.2% Since Last Earnings Report: Can It Continue?,Zacks,https://finance.yahoo.com/news/gartner-3-2-since-last-153124469.html,1693495884,STORY
7362b385-d652-3a2c-973a-3b8fc65062d9,IT,2023-9-30,"Gartner Announces Keynote Speakers at Gartner IT Symposium/Xpo, October 16-19, in Orlando",Business Wire,https://finance.yahoo.com/news/gartner-announces-keynote-speakers-gartner-133000681.html,1693488600,STORY
7f5d4fed-2430-321b-8b08-f424e8c96b8a,IT,2023-9-30,Gartner (IT) Benefits From Diversified Addressable Market,Zacks,https://finance.yahoo.com/news/gartner-benefits-diversified-addressable-market-155300600.html,1693324380,STORY
09354b29-5b65-3679-9d29-28dbe7deeb0b,IT,2023-9-30,CEOs and CFOs don’t always see eye to eye. But working together through ‘constructive tension’ can help them align on these 3 key priorities,Fortune,https://finance.yahoo.com/news/ceos-cfos-don-t-always-110120665.html,1693306880,STORY
f5a3c68d-b75e-3b7e-9849-185504dfac84,IT,2023-10-1,Unveiling Gartner (IT)'s Value: Is It Really Priced Right? A Comprehensive Guide,GuruFocus.com,https://finance.yahoo.com/news/unveiling-gartner-value-really-priced-153918004.html,1695915558,STORY
8ac6bc71-7451-3f7c-b644-001c3c0b71f8,IT,2023-10-1,Gartner Stock Earns Relative Strength Rating Upgrade; Hits Key Threshold,Investor's Business Daily,https://finance.yahoo.com/m/8ac6bc71-7451-3f7c-b644-001c3c0b71f8/gartner-stock-earns-relative.html,1695654660,STORY
af9b1369-146c-35a3-83f9-26d9371ebef8,IT,2023-10-1,We Think Gartner (NYSE:IT) Might Have The DNA Of A Multi-Bagger,Simply Wall St.,https://finance.yahoo.com/news/think-gartner-nyse-might-dna-133505613.html,1694612105,STORY
91552464-e380-3b00-bd35-534b378f9c68,IT,2023-10-1,Gartner: Research Powerhouse Continues to Roar,GuruFocus.com,https://finance.yahoo.com/news/gartner-research-powerhouse-continues-roar-171406053.html,1694193246,STORY
bd1f18e7-9a6d-3e26-bb82-4d7646cb0012,IT,2023-10-1,Gartner (IT) Up 3.2% Since Last Earnings Report: Can It Continue?,Zacks,https://finance.yahoo.com/news/gartner-3-2-since-last-153124469.html,1693495884,STORY
7362b385-d652-3a2c-973a-3b8fc65062d9,IT,2023-10-1,"Gartner Announces Keynote Speakers at Gartner IT Symposium/Xpo, October 16-19, in Orlando",Business Wire,https://finance.yahoo.com/news/gartner-announces-keynote-speakers-gartner-133000681.html,1693488600,STORY
7f5d4fed-2430-321b-8b08-f424e8c96b8a,IT,2023-10-1,Gartner (IT) Benefits From Diversified Addressable Market,Zacks,https://finance.yahoo.com/news/gartner-benefits-diversified-addressable-market-155300600.html,1693324380,STORY
09354b29-5b65-3679-9d29-28dbe7deeb0b,IT,2023-10-1,CEOs and CFOs don’t always see eye to eye. But working together through ‘constructive tension’ can help them align on these 3 key priorities,Fortune,https://finance.yahoo.com/news/ceos-cfos-don-t-always-110120665.html,1693306880,STORY
f5a3c68d-b75e-3b7e-9849-185504dfac84,IT,2023-10-2,Unveiling Gartner (IT)'s Value: Is It Really Priced Right? A Comprehensive Guide,GuruFocus.com,https://finance.yahoo.com/news/unveiling-gartner-value-really-priced-153918004.html,1695915558,STORY
8ac6bc71-7451-3f7c-b644-001c3c0b71f8,IT,2023-10-2,Gartner Stock Earns Relative Strength Rating Upgrade; Hits Key Threshold,Investor's Business Daily,https://finance.yahoo.com/m/8ac6bc71-7451-3f7c-b644-001c3c0b71f8/gartner-stock-earns-relative.html,1695654660,STORY
af9b1369-146c-35a3-83f9-26d9371ebef8,IT,2023-10-2,We Think Gartner (NYSE:IT) Might Have The DNA Of A Multi-Bagger,Simply Wall St.,https://finance.yahoo.com/news/think-gartner-nyse-might-dna-133505613.html,1694612105,STORY
91552464-e380-3b00-bd35-534b378f9c68,IT,2023-10-2,Gartner: Research Powerhouse Continues to Roar,GuruFocus.com,https://finance.yahoo.com/news/gartner-research-powerhouse-continues-roar-171406053.html,1694193246,STORY
bd1f18e7-9a6d-3e26-bb82-4d7646cb0012,IT,2023-10-2,Gartner (IT) Up 3.2% Since Last Earnings Report: Can It Continue?,Zacks,https://finance.yahoo.com/news/gartner-3-2-since-last-153124469.html,1693495884,STORY
7362b385-d652-3a2c-973a-3b8fc65062d9,IT,2023-10-2,"Gartner Announces Keynote Speakers at Gartner IT Symposium/Xpo, October 16-19, in Orlando",Business Wire,https://finance.yahoo.com/news/gartner-announces-keynote-speakers-gartner-133000681.html,1693488600,STORY
7f5d4fed-2430-321b-8b08-f424e8c96b8a,IT,2023-10-2,Gartner (IT) Benefits From Diversified Addressable Market,Zacks,https://finance.yahoo.com/news/gartner-benefits-diversified-addressable-market-155300600.html,1693324380,STORY
09354b29-5b65-3679-9d29-28dbe7deeb0b,IT,2023-10-2,CEOs and CFOs don’t always see eye to eye. But working together through ‘constructive tension’ can help them align on these 3 key priorities,Fortune,https://finance.yahoo.com/news/ceos-cfos-don-t-always-110120665.html,1693306880,STORY
bfa14ef7-1aeb-3e42-8a08-d7cfee28a3ed,IT,2023-10-3,Buyouts and Shareholder-Friendly Policies Aid S&P Global (SPGI),Zacks,https://finance.yahoo.com/news/buyouts-shareholder-friendly-policies-aid-121000721.html,1696248600,STORY
f5a3c68d-b75e-3b7e-9849-185504dfac84,IT,2023-10-3,Unveiling Gartner (IT)'s Value: Is It Really Priced Right? A Comprehensive Guide,GuruFocus.com,https://finance.yahoo.com/news/unveiling-gartner-value-really-priced-153918004.html,1695915558,STORY
8ac6bc71-7451-3f7c-b644-001c3c0b71f8,IT,2023-10-3,Gartner Stock Earns Relative Strength Rating Upgrade; Hits Key Threshold,Investor's Business Daily,https://finance.yahoo.com/m/8ac6bc71-7451-3f7c-b644-001c3c0b71f8/gartner-stock-earns-relative.html,1695654660,STORY
af9b1369-146c-35a3-83f9-26d9371ebef8,IT,2023-10-3,We Think Gartner (NYSE:IT) Might Have The DNA Of A Multi-Bagger,Simply Wall St.,https://finance.yahoo.com/news/think-gartner-nyse-might-dna-133505613.html,1694612105,STORY
91552464-e380-3b00-bd35-534b378f9c68,IT,2023-10-3,Gartner: Research Powerhouse Continues to Roar,GuruFocus.com,https://finance.yahoo.com/news/gartner-research-powerhouse-continues-roar-171406053.html,1694193246,STORY
bd1f18e7-9a6d-3e26-bb82-4d7646cb0012,IT,2023-10-3,Gartner (IT) Up 3.2% Since Last Earnings Report: Can It Continue?,Zacks,https://finance.yahoo.com/news/gartner-3-2-since-last-153124469.html,1693495884,STORY
7362b385-d652-3a2c-973a-3b8fc65062d9,IT,2023-10-3,"Gartner Announces Keynote Speakers at Gartner IT Symposium/Xpo, October 16-19, in Orlando",Business Wire,https://finance.yahoo.com/news/gartner-announces-keynote-speakers-gartner-133000681.html,1693488600,STORY
7f5d4fed-2430-321b-8b08-f424e8c96b8a,IT,2023-10-3,Gartner (IT) Benefits From Diversified Addressable Market,Zacks,https://finance.yahoo.com/news/gartner-benefits-diversified-addressable-market-155300600.html,1693324380,STORY
bfa14ef7-1aeb-3e42-8a08-d7cfee28a3ed,IT,2023-10-4,Buyouts and Shareholder-Friendly Policies Aid S&P Global (SPGI),Zacks,https://finance.yahoo.com/news/buyouts-shareholder-friendly-policies-aid-121000721.html,1696248600,STORY
f5a3c68d-b75e-3b7e-9849-185504dfac84,IT,2023-10-4,Unveiling Gartner (IT)'s Value: Is It Really Priced Right? A Comprehensive Guide,GuruFocus.com,https://finance.yahoo.com/news/unveiling-gartner-value-really-priced-153918004.html,1695915558,STORY
8ac6bc71-7451-3f7c-b644-001c3c0b71f8,IT,2023-10-4,Gartner Stock Earns Relative Strength Rating Upgrade; Hits Key Threshold,Investor's Business Daily,https://finance.yahoo.com/m/8ac6bc71-7451-3f7c-b644-001c3c0b71f8/gartner-stock-earns-relative.html,1695654660,STORY
af9b1369-146c-35a3-83f9-26d9371ebef8,IT,2023-10-4,We Think Gartner (NYSE:IT) Might Have The DNA Of A Multi-Bagger,Simply Wall St.,https://finance.yahoo.com/news/think-gartner-nyse-might-dna-133505613.html,1694612105,STORY
91552464-e380-3b00-bd35-534b378f9c68,IT,2023-10-4,Gartner: Research Powerhouse Continues to Roar,GuruFocus.com,https://finance.yahoo.com/news/gartner-research-powerhouse-continues-roar-171406053.html,1694193246,STORY
bd1f18e7-9a6d-3e26-bb82-4d7646cb0012,IT,2023-10-4,Gartner (IT) Up 3.2% Since Last Earnings Report: Can It Continue?,Zacks,https://finance.yahoo.com/news/gartner-3-2-since-last-153124469.html,1693495884,STORY
7362b385-d652-3a2c-973a-3b8fc65062d9,IT,2023-10-4,"Gartner Announces Keynote Speakers at Gartner IT Symposium/Xpo, October 16-19, in Orlando",Business Wire,https://finance.yahoo.com/news/gartner-announces-keynote-speakers-gartner-133000681.html,1693488600,STORY
7f5d4fed-2430-321b-8b08-f424e8c96b8a,IT,2023-10-4,Gartner (IT) Benefits From Diversified Addressable Market,Zacks,https://finance.yahoo.com/news/gartner-benefits-diversified-addressable-market-155300600.html,1693324380,STORY
0ee9ec59-5e54-3fde-ac0f-ef39f7f491af,IT,2023-10-5,Reasons Why You Should Retain Gartner (IT) in Your Portfolio,Zacks,https://finance.yahoo.com/news/reasons-why-retain-gartner-portfolio-150600975.html,1696431960,STORY
bfa14ef7-1aeb-3e42-8a08-d7cfee28a3ed,IT,2023-10-5,Buyouts and Shareholder-Friendly Policies Aid S&P Global (SPGI),Zacks,https://finance.yahoo.com/news/buyouts-shareholder-friendly-policies-aid-121000721.html,1696248600,STORY
f5a3c68d-b75e-3b7e-9849-185504dfac84,IT,2023-10-5,Unveiling Gartner (IT)'s Value: Is It Really Priced Right? A Comprehensive Guide,GuruFocus.com,https://finance.yahoo.com/news/unveiling-gartner-value-really-priced-153918004.html,1695915558,STORY
8ac6bc71-7451-3f7c-b644-001c3c0b71f8,IT,2023-10-5,Gartner Stock Earns Relative Strength Rating Upgrade; Hits Key Threshold,Investor's Business Daily,https://finance.yahoo.com/m/8ac6bc71-7451-3f7c-b644-001c3c0b71f8/gartner-stock-earns-relative.html,1695654660,STORY
af9b1369-146c-35a3-83f9-26d9371ebef8,IT,2023-10-5,We Think Gartner (NYSE:IT) Might Have The DNA Of A Multi-Bagger,Simply Wall St.,https://finance.yahoo.com/news/think-gartner-nyse-might-dna-133505613.html,1694612105,STORY
91552464-e380-3b00-bd35-534b378f9c68,IT,2023-10-5,Gartner: Research Powerhouse Continues to Roar,GuruFocus.com,https://finance.yahoo.com/news/gartner-research-powerhouse-continues-roar-171406053.html,1694193246,STORY
bd1f18e7-9a6d-3e26-bb82-4d7646cb0012,IT,2023-10-5,Gartner (IT) Up 3.2% Since Last Earnings Report: Can It Continue?,Zacks,https://finance.yahoo.com/news/gartner-3-2-since-last-153124469.html,1693495884,STORY
7362b385-d652-3a2c-973a-3b8fc65062d9,IT,2023-10-5,"Gartner Announces Keynote Speakers at Gartner IT Symposium/Xpo, October 16-19, in Orlando",Business Wire,https://finance.yahoo.com/news/gartner-announces-keynote-speakers-gartner-133000681.html,1693488600,STORY
0ee9ec59-5e54-3fde-ac0f-ef39f7f491af,IT,2023-10-6,Reasons Why You Should Retain Gartner (IT) in Your Portfolio,Zacks,https://finance.yahoo.com/news/reasons-why-retain-gartner-portfolio-150600975.html,1696431960,STORY
bfa14ef7-1aeb-3e42-8a08-d7cfee28a3ed,IT,2023-10-6,Buyouts and Shareholder-Friendly Policies Aid S&P Global (SPGI),Zacks,https://finance.yahoo.com/news/buyouts-shareholder-friendly-policies-aid-121000721.html,1696248600,STORY
f5a3c68d-b75e-3b7e-9849-185504dfac84,IT,2023-10-6,Unveiling Gartner (IT)'s Value: Is It Really Priced Right? A Comprehensive Guide,GuruFocus.com,https://finance.yahoo.com/news/unveiling-gartner-value-really-priced-153918004.html,1695915558,STORY
8ac6bc71-7451-3f7c-b644-001c3c0b71f8,IT,2023-10-6,Gartner Stock Earns Relative Strength Rating Upgrade; Hits Key Threshold,Investor's Business Daily,https://finance.yahoo.com/m/8ac6bc71-7451-3f7c-b644-001c3c0b71f8/gartner-stock-earns-relative.html,1695654660,STORY
af9b1369-146c-35a3-83f9-26d9371ebef8,IT,2023-10-6,We Think Gartner (NYSE:IT) Might Have The DNA Of A Multi-Bagger,Simply Wall St.,https://finance.yahoo.com/news/think-gartner-nyse-might-dna-133505613.html,1694612105,STORY
91552464-e380-3b00-bd35-534b378f9c68,IT,2023-10-6,Gartner: Research Powerhouse Continues to Roar,GuruFocus.com,https://finance.yahoo.com/news/gartner-research-powerhouse-continues-roar-171406053.html,1694193246,STORY
bd1f18e7-9a6d-3e26-bb82-4d7646cb0012,IT,2023-10-6,Gartner (IT) Up 3.2% Since Last Earnings Report: Can It Continue?,Zacks,https://finance.yahoo.com/news/gartner-3-2-since-last-153124469.html,1693495884,STORY
7362b385-d652-3a2c-973a-3b8fc65062d9,IT,2023-10-6,"Gartner Announces Keynote Speakers at Gartner IT Symposium/Xpo, October 16-19, in Orlando",Business Wire,https://finance.yahoo.com/news/gartner-announces-keynote-speakers-gartner-133000681.html,1693488600,STORY
0ee9ec59-5e54-3fde-ac0f-ef39f7f491af,IT,2023-10-7,Reasons Why You Should Retain Gartner (IT) in Your Portfolio,Zacks,https://finance.yahoo.com/news/reasons-why-retain-gartner-portfolio-150600975.html,1696431960,STORY
bfa14ef7-1aeb-3e42-8a08-d7cfee28a3ed,IT,2023-10-7,Buyouts and Shareholder-Friendly Policies Aid S&P Global (SPGI),Zacks,https://finance.yahoo.com/news/buyouts-shareholder-friendly-policies-aid-121000721.html,1696248600,STORY
f5a3c68d-b75e-3b7e-9849-185504dfac84,IT,2023-10-7,Unveiling Gartner (IT)'s Value: Is It Really Priced Right? A Comprehensive Guide,GuruFocus.com,https://finance.yahoo.com/news/unveiling-gartner-value-really-priced-153918004.html,1695915558,STORY
8ac6bc71-7451-3f7c-b644-001c3c0b71f8,IT,2023-10-7,Gartner Stock Earns Relative Strength Rating Upgrade; Hits Key Threshold,Investor's Business Daily,https://finance.yahoo.com/m/8ac6bc71-7451-3f7c-b644-001c3c0b71f8/gartner-stock-earns-relative.html,1695654660,STORY
af9b1369-146c-35a3-83f9-26d9371ebef8,IT,2023-10-7,We Think Gartner (NYSE:IT) Might Have The DNA Of A Multi-Bagger,Simply Wall St.,https://finance.yahoo.com/news/think-gartner-nyse-might-dna-133505613.html,1694612105,STORY
91552464-e380-3b00-bd35-534b378f9c68,IT,2023-10-7,Gartner: Research Powerhouse Continues to Roar,GuruFocus.com,https://finance.yahoo.com/news/gartner-research-powerhouse-continues-roar-171406053.html,1694193246,STORY
bd1f18e7-9a6d-3e26-bb82-4d7646cb0012,IT,2023-10-7,Gartner (IT) Up 3.2% Since Last Earnings Report: Can It Continue?,Zacks,https://finance.yahoo.com/news/gartner-3-2-since-last-153124469.html,1693495884,STORY
7362b385-d652-3a2c-973a-3b8fc65062d9,IT,2023-10-7,"Gartner Announces Keynote Speakers at Gartner IT Symposium/Xpo, October 16-19, in Orlando",Business Wire,https://finance.yahoo.com/news/gartner-announces-keynote-speakers-gartner-133000681.html,1693488600,STORY
0ee9ec59-5e54-3fde-ac0f-ef39f7f491af,IT,2023-10-8,Reasons Why You Should Retain Gartner (IT) in Your Portfolio,Zacks,https://finance.yahoo.com/news/reasons-why-retain-gartner-portfolio-150600975.html,1696431960,STORY
bfa14ef7-1aeb-3e42-8a08-d7cfee28a3ed,IT,2023-10-8,Buyouts and Shareholder-Friendly Policies Aid S&P Global (SPGI),Zacks,https://finance.yahoo.com/news/buyouts-shareholder-friendly-policies-aid-121000721.html,1696248600,STORY
f5a3c68d-b75e-3b7e-9849-185504dfac84,IT,2023-10-8,Unveiling Gartner (IT)'s Value: Is It Really Priced Right? A Comprehensive Guide,GuruFocus.com,https://finance.yahoo.com/news/unveiling-gartner-value-really-priced-153918004.html,1695915558,STORY
8ac6bc71-7451-3f7c-b644-001c3c0b71f8,IT,2023-10-8,Gartner Stock Earns Relative Strength Rating Upgrade; Hits Key Threshold,Investor's Business Daily,https://finance.yahoo.com/m/8ac6bc71-7451-3f7c-b644-001c3c0b71f8/gartner-stock-earns-relative.html,1695654660,STORY
af9b1369-146c-35a3-83f9-26d9371ebef8,IT,2023-10-8,We Think Gartner (NYSE:IT) Might Have The DNA Of A Multi-Bagger,Simply Wall St.,https://finance.yahoo.com/news/think-gartner-nyse-might-dna-133505613.html,1694612105,STORY
91552464-e380-3b00-bd35-534b378f9c68,IT,2023-10-8,Gartner: Research Powerhouse Continues to Roar,GuruFocus.com,https://finance.yahoo.com/news/gartner-research-powerhouse-continues-roar-171406053.html,1694193246,STORY
bd1f18e7-9a6d-3e26-bb82-4d7646cb0012,IT,2023-10-8,Gartner (IT) Up 3.2% Since Last Earnings Report: Can It Continue?,Zacks,https://finance.yahoo.com/news/gartner-3-2-since-last-153124469.html,1693495884,STORY
7362b385-d652-3a2c-973a-3b8fc65062d9,IT,2023-10-8,"Gartner Announces Keynote Speakers at Gartner IT Symposium/Xpo, October 16-19, in Orlando",Business Wire,https://finance.yahoo.com/news/gartner-announces-keynote-speakers-gartner-133000681.html,1693488600,STORY
0ee9ec59-5e54-3fde-ac0f-ef39f7f491af,IT,2023-10-9,Reasons Why You Should Retain Gartner (IT) in Your Portfolio,Zacks,https://finance.yahoo.com/news/reasons-why-retain-gartner-portfolio-150600975.html,1696431960,STORY
bfa14ef7-1aeb-3e42-8a08-d7cfee28a3ed,IT,2023-10-9,Buyouts and Shareholder-Friendly Policies Aid S&P Global (SPGI),Zacks,https://finance.yahoo.com/news/buyouts-shareholder-friendly-policies-aid-121000721.html,1696248600,STORY
f5a3c68d-b75e-3b7e-9849-185504dfac84,IT,2023-10-9,Unveiling Gartner (IT)'s Value: Is It Really Priced Right? A Comprehensive Guide,GuruFocus.com,https://finance.yahoo.com/news/unveiling-gartner-value-really-priced-153918004.html,1695915558,STORY
8ac6bc71-7451-3f7c-b644-001c3c0b71f8,IT,2023-10-9,Gartner Stock Earns Relative Strength Rating Upgrade; Hits Key Threshold,Investor's Business Daily,https://finance.yahoo.com/m/8ac6bc71-7451-3f7c-b644-001c3c0b71f8/gartner-stock-earns-relative.html,1695654660,STORY
af9b1369-146c-35a3-83f9-26d9371ebef8,IT,2023-10-9,We Think Gartner (NYSE:IT) Might Have The DNA Of A Multi-Bagger,Simply Wall St.,https://finance.yahoo.com/news/think-gartner-nyse-might-dna-133505613.html,1694612105,STORY
91552464-e380-3b00-bd35-534b378f9c68,IT,2023-10-9,Gartner: Research Powerhouse Continues to Roar,GuruFocus.com,https://finance.yahoo.com/news/gartner-research-powerhouse-continues-roar-171406053.html,1694193246,STORY
bd1f18e7-9a6d-3e26-bb82-4d7646cb0012,IT,2023-10-9,Gartner (IT) Up 3.2% Since Last Earnings Report: Can It Continue?,Zacks,https://finance.yahoo.com/news/gartner-3-2-since-last-153124469.html,1693495884,STORY
7362b385-d652-3a2c-973a-3b8fc65062d9,IT,2023-10-9,"Gartner Announces Keynote Speakers at Gartner IT Symposium/Xpo, October 16-19, in Orlando",Business Wire,https://finance.yahoo.com/news/gartner-announces-keynote-speakers-gartner-133000681.html,1693488600,STORY
b0c64592-166e-350e-87b4-4666761c5935,IT,2023-10-10,Global PC Shipments Fall 9% in Quarter Seen as Bottom for Market,Bloomberg,https://finance.yahoo.com/news/global-pc-shipments-fall-9-200000866.html,1696881600,STORY
0ee9ec59-5e54-3fde-ac0f-ef39f7f491af,IT,2023-10-10,Reasons Why You Should Retain Gartner (IT) in Your Portfolio,Zacks,https://finance.yahoo.com/news/reasons-why-retain-gartner-portfolio-150600975.html,1696431960,STORY
bfa14ef7-1aeb-3e42-8a08-d7cfee28a3ed,IT,2023-10-10,Buyouts and Shareholder-Friendly Policies Aid S&P Global (SPGI),Zacks,https://finance.yahoo.com/news/buyouts-shareholder-friendly-policies-aid-121000721.html,1696248600,STORY
f5a3c68d-b75e-3b7e-9849-185504dfac84,IT,2023-10-10,Unveiling Gartner (IT)'s Value: Is It Really Priced Right? A Comprehensive Guide,GuruFocus.com,https://finance.yahoo.com/news/unveiling-gartner-value-really-priced-153918004.html,1695915558,STORY
8ac6bc71-7451-3f7c-b644-001c3c0b71f8,IT,2023-10-10,Gartner Stock Earns Relative Strength Rating Upgrade; Hits Key Threshold,Investor's Business Daily,https://finance.yahoo.com/m/8ac6bc71-7451-3f7c-b644-001c3c0b71f8/gartner-stock-earns-relative.html,1695654660,STORY
af9b1369-146c-35a3-83f9-26d9371ebef8,IT,2023-10-10,We Think Gartner (NYSE:IT) Might Have The DNA Of A Multi-Bagger,Simply Wall St.,https://finance.yahoo.com/news/think-gartner-nyse-might-dna-133505613.html,1694612105,STORY
91552464-e380-3b00-bd35-534b378f9c68,IT,2023-10-10,Gartner: Research Powerhouse Continues to Roar,GuruFocus.com,https://finance.yahoo.com/news/gartner-research-powerhouse-continues-roar-171406053.html,1694193246,STORY
bd1f18e7-9a6d-3e26-bb82-4d7646cb0012,IT,2023-10-10,Gartner (IT) Up 3.2% Since Last Earnings Report: Can It Continue?,Zacks,https://finance.yahoo.com/news/gartner-3-2-since-last-153124469.html,1693495884,STORY
89cf2b65-390d-3152-9757-badd00d46008,IT,2023-10-11,The PC Crash Is Almost Over. That's Good News for Intel.,Motley Fool,https://finance.yahoo.com/m/89cf2b65-390d-3152-9757-badd00d46008/the-pc-crash-is-almost-over..html,1697023920,STORY
74298e11-ad0f-31b6-a100-a2ea02f026ad,IT,2023-10-11,"Why Gartner, Inc. (NYSE:IT) Could Be Worth Watching",Simply Wall St.,https://finance.yahoo.com/news/why-gartner-inc-nyse-could-172453180.html,1696958693,STORY
1968cd35-dde1-3cc8-a2c2-6faccf6a2041,IT,2023-10-11,"More Fed Speak, IMF Increases Its US Outlook and PC's Rebound",TheStreet.com,https://finance.yahoo.com/m/1968cd35-dde1-3cc8-a2c2-6faccf6a2041/more-fed-speak%2C-imf-increases.html,1696942860,STORY
b0c64592-166e-350e-87b4-4666761c5935,IT,2023-10-11,Global PC Shipments Fall 9% in Quarter Seen as Bottom for Market,Bloomberg,https://finance.yahoo.com/news/global-pc-shipments-fall-9-200000866.html,1696881600,STORY
0ee9ec59-5e54-3fde-ac0f-ef39f7f491af,IT,2023-10-11,Reasons Why You Should Retain Gartner (IT) in Your Portfolio,Zacks,https://finance.yahoo.com/news/reasons-why-retain-gartner-portfolio-150600975.html,1696431960,STORY
bfa14ef7-1aeb-3e42-8a08-d7cfee28a3ed,IT,2023-10-11,Buyouts and Shareholder-Friendly Policies Aid S&P Global (SPGI),Zacks,https://finance.yahoo.com/news/buyouts-shareholder-friendly-policies-aid-121000721.html,1696248600,STORY
f5a3c68d-b75e-3b7e-9849-185504dfac84,IT,2023-10-11,Unveiling Gartner (IT)'s Value: Is It Really Priced Right? A Comprehensive Guide,GuruFocus.com,https://finance.yahoo.com/news/unveiling-gartner-value-really-priced-153918004.html,1695915558,STORY
8ac6bc71-7451-3f7c-b644-001c3c0b71f8,IT,2023-10-11,Gartner Stock Earns Relative Strength Rating Upgrade; Hits Key Threshold,Investor's Business Daily,https://finance.yahoo.com/m/8ac6bc71-7451-3f7c-b644-001c3c0b71f8/gartner-stock-earns-relative.html,1695654660,STORY
6b8b4e0a-4e74-3845-80e4-03c286028565,IT,2023-10-12,Global PC Shipment Falls in Q3: Recovery Expected Soon,Zacks,https://finance.yahoo.com/news/global-pc-shipment-falls-q3-130300995.html,1697029380,STORY
89cf2b65-390d-3152-9757-badd00d46008,IT,2023-10-12,The PC Crash Is Almost Over. That's Good News for Intel.,Motley Fool,https://finance.yahoo.com/m/89cf2b65-390d-3152-9757-badd00d46008/the-pc-crash-is-almost-over..html,1697023920,STORY
74298e11-ad0f-31b6-a100-a2ea02f026ad,IT,2023-10-12,"Why Gartner, Inc. (NYSE:IT) Could Be Worth Watching",Simply Wall St.,https://finance.yahoo.com/news/why-gartner-inc-nyse-could-172453180.html,1696958693,STORY
1968cd35-dde1-3cc8-a2c2-6faccf6a2041,IT,2023-10-12,"More Fed Speak, IMF Increases Its US Outlook and PC's Rebound",TheStreet.com,https://finance.yahoo.com/m/1968cd35-dde1-3cc8-a2c2-6faccf6a2041/more-fed-speak%2C-imf-increases.html,1696942860,STORY
b0c64592-166e-350e-87b4-4666761c5935,IT,2023-10-12,Global PC Shipments Fall 9% in Quarter Seen as Bottom for Market,Bloomberg,https://finance.yahoo.com/news/global-pc-shipments-fall-9-200000866.html,1696881600,STORY
0ee9ec59-5e54-3fde-ac0f-ef39f7f491af,IT,2023-10-12,Reasons Why You Should Retain Gartner (IT) in Your Portfolio,Zacks,https://finance.yahoo.com/news/reasons-why-retain-gartner-portfolio-150600975.html,1696431960,STORY
bfa14ef7-1aeb-3e42-8a08-d7cfee28a3ed,IT,2023-10-12,Buyouts and Shareholder-Friendly Policies Aid S&P Global (SPGI),Zacks,https://finance.yahoo.com/news/buyouts-shareholder-friendly-policies-aid-121000721.html,1696248600,STORY
f5a3c68d-b75e-3b7e-9849-185504dfac84,IT,2023-10-12,Unveiling Gartner (IT)'s Value: Is It Really Priced Right? A Comprehensive Guide,GuruFocus.com,https://finance.yahoo.com/news/unveiling-gartner-value-really-priced-153918004.html,1695915558,STORY
6b8b4e0a-4e74-3845-80e4-03c286028565,IT,2023-10-13,Global PC Shipment Falls in Q3: Recovery Expected Soon,Zacks,https://finance.yahoo.com/news/global-pc-shipment-falls-q3-130300995.html,1697029380,STORY
89cf2b65-390d-3152-9757-badd00d46008,IT,2023-10-13,The PC Crash Is Almost Over. That's Good News for Intel.,Motley Fool,https://finance.yahoo.com/m/89cf2b65-390d-3152-9757-badd00d46008/the-pc-crash-is-almost-over..html,1697023920,STORY
74298e11-ad0f-31b6-a100-a2ea02f026ad,IT,2023-10-13,"Why Gartner, Inc. (NYSE:IT) Could Be Worth Watching",Simply Wall St.,https://finance.yahoo.com/news/why-gartner-inc-nyse-could-172453180.html,1696958693,STORY
1968cd35-dde1-3cc8-a2c2-6faccf6a2041,IT,2023-10-13,"More Fed Speak, IMF Increases Its US Outlook and PC's Rebound",TheStreet.com,https://finance.yahoo.com/m/1968cd35-dde1-3cc8-a2c2-6faccf6a2041/more-fed-speak%2C-imf-increases.html,1696942860,STORY
b0c64592-166e-350e-87b4-4666761c5935,IT,2023-10-13,Global PC Shipments Fall 9% in Quarter Seen as Bottom for Market,Bloomberg,https://finance.yahoo.com/news/global-pc-shipments-fall-9-200000866.html,1696881600,STORY
0ee9ec59-5e54-3fde-ac0f-ef39f7f491af,IT,2023-10-13,Reasons Why You Should Retain Gartner (IT) in Your Portfolio,Zacks,https://finance.yahoo.com/news/reasons-why-retain-gartner-portfolio-150600975.html,1696431960,STORY
bfa14ef7-1aeb-3e42-8a08-d7cfee28a3ed,IT,2023-10-13,Buyouts and Shareholder-Friendly Policies Aid S&P Global (SPGI),Zacks,https://finance.yahoo.com/news/buyouts-shareholder-friendly-policies-aid-121000721.html,1696248600,STORY
f5a3c68d-b75e-3b7e-9849-185504dfac84,IT,2023-10-13,Unveiling Gartner (IT)'s Value: Is It Really Priced Right? A Comprehensive Guide,GuruFocus.com,https://finance.yahoo.com/news/unveiling-gartner-value-really-priced-153918004.html,1695915558,STORY
6b8b4e0a-4e74-3845-80e4-03c286028565,IT,2023-10-14,Global PC Shipment Falls in Q3: Recovery Expected Soon,Zacks,https://finance.yahoo.com/news/global-pc-shipment-falls-q3-130300995.html,1697029380,STORY
89cf2b65-390d-3152-9757-badd00d46008,IT,2023-10-14,The PC Crash Is Almost Over. That's Good News for Intel.,Motley Fool,https://finance.yahoo.com/m/89cf2b65-390d-3152-9757-badd00d46008/the-pc-crash-is-almost-over..html,1697023920,STORY
74298e11-ad0f-31b6-a100-a2ea02f026ad,IT,2023-10-14,"Why Gartner, Inc. (NYSE:IT) Could Be Worth Watching",Simply Wall St.,https://finance.yahoo.com/news/why-gartner-inc-nyse-could-172453180.html,1696958693,STORY
1968cd35-dde1-3cc8-a2c2-6faccf6a2041,IT,2023-10-14,"More Fed Speak, IMF Increases Its US Outlook and PC's Rebound",TheStreet.com,https://finance.yahoo.com/m/1968cd35-dde1-3cc8-a2c2-6faccf6a2041/more-fed-speak%2C-imf-increases.html,1696942860,STORY
b0c64592-166e-350e-87b4-4666761c5935,IT,2023-10-14,Global PC Shipments Fall 9% in Quarter Seen as Bottom for Market,Bloomberg,https://finance.yahoo.com/news/global-pc-shipments-fall-9-200000866.html,1696881600,STORY
0ee9ec59-5e54-3fde-ac0f-ef39f7f491af,IT,2023-10-14,Reasons Why You Should Retain Gartner (IT) in Your Portfolio,Zacks,https://finance.yahoo.com/news/reasons-why-retain-gartner-portfolio-150600975.html,1696431960,STORY
bfa14ef7-1aeb-3e42-8a08-d7cfee28a3ed,IT,2023-10-14,Buyouts and Shareholder-Friendly Policies Aid S&P Global (SPGI),Zacks,https://finance.yahoo.com/news/buyouts-shareholder-friendly-policies-aid-121000721.html,1696248600,STORY
f5a3c68d-b75e-3b7e-9849-185504dfac84,IT,2023-10-14,Unveiling Gartner (IT)'s Value: Is It Really Priced Right? A Comprehensive Guide,GuruFocus.com,https://finance.yahoo.com/news/unveiling-gartner-value-really-priced-153918004.html,1695915558,STORY
6b8b4e0a-4e74-3845-80e4-03c286028565,IT,2023-10-15,Global PC Shipment Falls in Q3: Recovery Expected Soon,Zacks,https://finance.yahoo.com/news/global-pc-shipment-falls-q3-130300995.html,1697029380,STORY
89cf2b65-390d-3152-9757-badd00d46008,IT,2023-10-15,The PC Crash Is Almost Over. That's Good News for Intel.,Motley Fool,https://finance.yahoo.com/m/89cf2b65-390d-3152-9757-badd00d46008/the-pc-crash-is-almost-over..html,1697023920,STORY
74298e11-ad0f-31b6-a100-a2ea02f026ad,IT,2023-10-15,"Why Gartner, Inc. (NYSE:IT) Could Be Worth Watching",Simply Wall St.,https://finance.yahoo.com/news/why-gartner-inc-nyse-could-172453180.html,1696958693,STORY
1968cd35-dde1-3cc8-a2c2-6faccf6a2041,IT,2023-10-15,"More Fed Speak, IMF Increases Its US Outlook and PC's Rebound",TheStreet.com,https://finance.yahoo.com/m/1968cd35-dde1-3cc8-a2c2-6faccf6a2041/more-fed-speak%2C-imf-increases.html,1696942860,STORY
b0c64592-166e-350e-87b4-4666761c5935,IT,2023-10-15,Global PC Shipments Fall 9% in Quarter Seen as Bottom for Market,Bloomberg,https://finance.yahoo.com/news/global-pc-shipments-fall-9-200000866.html,1696881600,STORY
0ee9ec59-5e54-3fde-ac0f-ef39f7f491af,IT,2023-10-15,Reasons Why You Should Retain Gartner (IT) in Your Portfolio,Zacks,https://finance.yahoo.com/news/reasons-why-retain-gartner-portfolio-150600975.html,1696431960,STORY
bfa14ef7-1aeb-3e42-8a08-d7cfee28a3ed,IT,2023-10-15,Buyouts and Shareholder-Friendly Policies Aid S&P Global (SPGI),Zacks,https://finance.yahoo.com/news/buyouts-shareholder-friendly-policies-aid-121000721.html,1696248600,STORY
f5a3c68d-b75e-3b7e-9849-185504dfac84,IT,2023-10-15,Unveiling Gartner (IT)'s Value: Is It Really Priced Right? A Comprehensive Guide,GuruFocus.com,https://finance.yahoo.com/news/unveiling-gartner-value-really-priced-153918004.html,1695915558,STORY
6b8b4e0a-4e74-3845-80e4-03c286028565,IT,2023-10-16,Global PC Shipment Falls in Q3: Recovery Expected Soon,Zacks,https://finance.yahoo.com/news/global-pc-shipment-falls-q3-130300995.html,1697029380,STORY
89cf2b65-390d-3152-9757-badd00d46008,IT,2023-10-16,The PC Crash Is Almost Over. That's Good News for Intel.,Motley Fool,https://finance.yahoo.com/m/89cf2b65-390d-3152-9757-badd00d46008/the-pc-crash-is-almost-over..html,1697023920,STORY
74298e11-ad0f-31b6-a100-a2ea02f026ad,IT,2023-10-16,"Why Gartner, Inc. (NYSE:IT) Could Be Worth Watching",Simply Wall St.,https://finance.yahoo.com/news/why-gartner-inc-nyse-could-172453180.html,1696958693,STORY
1968cd35-dde1-3cc8-a2c2-6faccf6a2041,IT,2023-10-16,"More Fed Speak, IMF Increases Its US Outlook and PC's Rebound",TheStreet.com,https://finance.yahoo.com/m/1968cd35-dde1-3cc8-a2c2-6faccf6a2041/more-fed-speak%2C-imf-increases.html,1696942860,STORY
b0c64592-166e-350e-87b4-4666761c5935,IT,2023-10-16,Global PC Shipments Fall 9% in Quarter Seen as Bottom for Market,Bloomberg,https://finance.yahoo.com/news/global-pc-shipments-fall-9-200000866.html,1696881600,STORY
0ee9ec59-5e54-3fde-ac0f-ef39f7f491af,IT,2023-10-16,Reasons Why You Should Retain Gartner (IT) in Your Portfolio,Zacks,https://finance.yahoo.com/news/reasons-why-retain-gartner-portfolio-150600975.html,1696431960,STORY
bfa14ef7-1aeb-3e42-8a08-d7cfee28a3ed,IT,2023-10-16,Buyouts and Shareholder-Friendly Policies Aid S&P Global (SPGI),Zacks,https://finance.yahoo.com/news/buyouts-shareholder-friendly-policies-aid-121000721.html,1696248600,STORY
f5a3c68d-b75e-3b7e-9849-185504dfac84,IT,2023-10-16,Unveiling Gartner (IT)'s Value: Is It Really Priced Right? A Comprehensive Guide,GuruFocus.com,https://finance.yahoo.com/news/unveiling-gartner-value-really-priced-153918004.html,1695915558,STORY
7915711c-b2b3-3091-ba30-0feda4d7f2e3,IT,2023-10-17,Pro Take: Chief Executives Turn to CIOs for Digital Leadership,The Wall Street Journal,https://finance.yahoo.com/m/7915711c-b2b3-3091-ba30-0feda4d7f2e3/pro-take%3A-chief-executives.html,1697540400,STORY
badda611-1487-3162-b8f7-053ec94c1fb7,IT,2023-10-17,Gartner Identifies the Top 10 Strategic Technology Trends for 2024,Business Wire,https://finance.yahoo.com/news/gartner-identifies-top-10-strategic-175200649.html,1697478720,STORY
5af82631-43e4-3225-847f-8e0671b12c21,IT,2023-10-17,Gartner Says CIOs Must Prioritize Their AI Ambition and AI-Ready Scenarios for Next 12-24 Months,Business Wire,https://finance.yahoo.com/news/gartner-says-cios-must-prioritize-160200282.html,1697472120,STORY
6b8b4e0a-4e74-3845-80e4-03c286028565,IT,2023-10-17,Global PC Shipment Falls in Q3: Recovery Expected Soon,Zacks,https://finance.yahoo.com/news/global-pc-shipment-falls-q3-130300995.html,1697029380,STORY
89cf2b65-390d-3152-9757-badd00d46008,IT,2023-10-17,The PC Crash Is Almost Over. That's Good News for Intel.,Motley Fool,https://finance.yahoo.com/m/89cf2b65-390d-3152-9757-badd00d46008/the-pc-crash-is-almost-over..html,1697023920,STORY
74298e11-ad0f-31b6-a100-a2ea02f026ad,IT,2023-10-17,"Why Gartner, Inc. (NYSE:IT) Could Be Worth Watching",Simply Wall St.,https://finance.yahoo.com/news/why-gartner-inc-nyse-could-172453180.html,1696958693,STORY
1968cd35-dde1-3cc8-a2c2-6faccf6a2041,IT,2023-10-17,"More Fed Speak, IMF Increases Its US Outlook and PC's Rebound",TheStreet.com,https://finance.yahoo.com/m/1968cd35-dde1-3cc8-a2c2-6faccf6a2041/more-fed-speak%2C-imf-increases.html,1696942860,STORY
b0c64592-166e-350e-87b4-4666761c5935,IT,2023-10-17,Global PC Shipments Fall 9% in Quarter Seen as Bottom for Market,Bloomberg,https://finance.yahoo.com/news/global-pc-shipments-fall-9-200000866.html,1696881600,STORY
d5ce18f3-babc-33c9-889d-4f4883b1b091,IT,2023-10-18,"Gartner Survey of Over 2,400 CIOs Reveals That 45% of CIOs are Driving a Shift to Co-Ownership of Digital Leadership",Business Wire,https://finance.yahoo.com/news/gartner-survey-over-2-400-123500465.html,1697546100,STORY
7915711c-b2b3-3091-ba30-0feda4d7f2e3,IT,2023-10-18,Pro Take: Chief Executives Turn to CIOs for Digital Leadership,The Wall Street Journal,https://finance.yahoo.com/m/7915711c-b2b3-3091-ba30-0feda4d7f2e3/pro-take%3A-chief-executives.html,1697540400,STORY
badda611-1487-3162-b8f7-053ec94c1fb7,IT,2023-10-18,Gartner Identifies the Top 10 Strategic Technology Trends for 2024,Business Wire,https://finance.yahoo.com/news/gartner-identifies-top-10-strategic-175200649.html,1697478720,STORY
5af82631-43e4-3225-847f-8e0671b12c21,IT,2023-10-18,Gartner Says CIOs Must Prioritize Their AI Ambition and AI-Ready Scenarios for Next 12-24 Months,Business Wire,https://finance.yahoo.com/news/gartner-says-cios-must-prioritize-160200282.html,1697472120,STORY
6b8b4e0a-4e74-3845-80e4-03c286028565,IT,2023-10-18,Global PC Shipment Falls in Q3: Recovery Expected Soon,Zacks,https://finance.yahoo.com/news/global-pc-shipment-falls-q3-130300995.html,1697029380,STORY
89cf2b65-390d-3152-9757-badd00d46008,IT,2023-10-18,The PC Crash Is Almost Over. That's Good News for Intel.,Motley Fool,https://finance.yahoo.com/m/89cf2b65-390d-3152-9757-badd00d46008/the-pc-crash-is-almost-over..html,1697023920,STORY
74298e11-ad0f-31b6-a100-a2ea02f026ad,IT,2023-10-18,"Why Gartner, Inc. (NYSE:IT) Could Be Worth Watching",Simply Wall St.,https://finance.yahoo.com/news/why-gartner-inc-nyse-could-172453180.html,1696958693,STORY
1968cd35-dde1-3cc8-a2c2-6faccf6a2041,IT,2023-10-18,"More Fed Speak, IMF Increases Its US Outlook and PC's Rebound",TheStreet.com,https://finance.yahoo.com/m/1968cd35-dde1-3cc8-a2c2-6faccf6a2041/more-fed-speak%2C-imf-increases.html,1696942860,STORY
