70027e7f-ad6b-3b9c-ad81-9793cdbc9ea0,K,2022-9-20,Fostering Connection: Inside Kellogg’s Pre-MBA ‘Culture Camp’,Poets & Quants,https://finance.yahoo.com/news/fostering-connection-inside-kellogg-pre-192839761.html,1663615719,STORY
322bc4e0-23e9-3450-9e17-37ffb793a664,K,2022-9-20,Kellogg and Albertsons Companies join forces to feed children in need,PR Newswire,https://finance.yahoo.com/news/kellogg-albertsons-companies-join-forces-153500492.html,1663601700,STORY
c1f88ada-003c-3ecb-a669-5f286dee8cb7,K,2022-9-20,"Kellogg MBA Class Of 2024 Profile: GPA, GMAT & Internationals All Up",Poets & Quants,https://finance.yahoo.com/news/kellogg-mba-class-2024-profile-161323969.html,1663517603,STORY
c4c9a628-d020-3a01-983c-32be53425a72,K,2022-9-20,Kellogg (K) Gains As Market Dips: What You Should Know,Zacks,https://finance.yahoo.com/news/kellogg-k-gains-market-dips-221510863.html,1663366510,STORY
045e5fc5-725f-3f7d-b832-7ff3cf8b6360,K,2022-9-20,Packaged Foods Stock Group Moves Into Top 20,Investor's Business Daily,https://finance.yahoo.com/m/045e5fc5-725f-3f7d-b832-7ff3cf8b6360/packaged-foods-stock-group.html,1663352398,STORY
366ac5cb-dff7-3fe6-b4f1-890d5abb1b04,K,2022-9-20,"During Recessions, These Dividend Stocks Can Be Your Bread and Butter",TheStreet.com,https://finance.yahoo.com/m/366ac5cb-dff7-3fe6-b4f1-890d5abb1b04/during-recessions%2C-these.html,1663349400,STORY
ac265afc-8476-3de4-bfd7-af56d9586867,K,2022-9-20,Kellogg's debuts cereal bowls that just need water,Yahoo Finance Video,https://finance.yahoo.com/video/kelloggs-debuts-cereal-bowls-just-160425737.html,1663257865,VIDEO
7fcb417e-1a3f-3ac7-8411-6eb64d4d041f,K,2022-9-20,CHEEZ-IT® CROWNS 100% REAL ORIGINALS OF REALITY TV - SNOOKI AND RUPAUL - WITH EXCLUSIVE BOX FEATURES,PR Newswire,https://finance.yahoo.com/news/cheez-crowns-100-real-originals-120000322.html,1663243200,STORY
95634e14-30aa-3e43-9dc6-e59dd0e931df,K,2022-9-22,Pop-Tarts® x Depop is Here For Fashion and Food Fans Craving Unique Flavor-Inspired Looks,PR Newswire,https://finance.yahoo.com/news/pop-tarts-x-depop-fashion-120000518.html,1663848000,STORY
a66776dc-81ef-37b8-8208-13fe76b7d73c,K,2022-9-22,Kellogg® and Little Debbie® Recreate Childhood Memories at the Breakfast Table with New Kellogg's® Little Debbie® Nutty Buddy® Cereal,PR Newswire,https://finance.yahoo.com/news/kellogg-little-debbie-recreate-childhood-130100246.html,1663765260,STORY
70027e7f-ad6b-3b9c-ad81-9793cdbc9ea0,K,2022-9-22,Fostering Connection: Inside Kellogg’s Pre-MBA ‘Culture Camp’,Poets & Quants,https://finance.yahoo.com/news/fostering-connection-inside-kellogg-pre-192839761.html,1663615719,STORY
322bc4e0-23e9-3450-9e17-37ffb793a664,K,2022-9-22,Kellogg and Albertsons Companies join forces to feed children in need,PR Newswire,https://finance.yahoo.com/news/kellogg-albertsons-companies-join-forces-153500492.html,1663601700,STORY
c1f88ada-003c-3ecb-a669-5f286dee8cb7,K,2022-9-22,"Kellogg MBA Class Of 2024 Profile: GPA, GMAT & Internationals All Up",Poets & Quants,https://finance.yahoo.com/news/kellogg-mba-class-2024-profile-161323969.html,1663517603,STORY
c4c9a628-d020-3a01-983c-32be53425a72,K,2022-9-22,Kellogg (K) Gains As Market Dips: What You Should Know,Zacks,https://finance.yahoo.com/news/kellogg-k-gains-market-dips-221510863.html,1663366510,STORY
045e5fc5-725f-3f7d-b832-7ff3cf8b6360,K,2022-9-22,Packaged Foods Stock Group Moves Into Top 20,Investor's Business Daily,https://finance.yahoo.com/m/045e5fc5-725f-3f7d-b832-7ff3cf8b6360/packaged-foods-stock-group.html,1663352398,STORY
366ac5cb-dff7-3fe6-b4f1-890d5abb1b04,K,2022-9-22,"During Recessions, These Dividend Stocks Can Be Your Bread and Butter",TheStreet.com,https://finance.yahoo.com/m/366ac5cb-dff7-3fe6-b4f1-890d5abb1b04/during-recessions%2C-these.html,1663349400,STORY
610242ef-0c70-351d-84d9-bcad6136adc6,K,2022-9-23,Kellogg (K) Gains As Market Dips: What You Should Know,Zacks,https://finance.yahoo.com/news/kellogg-k-gains-market-dips-221510096.html,1663884910,STORY
95634e14-30aa-3e43-9dc6-e59dd0e931df,K,2022-9-23,Pop-Tarts® x Depop is Here For Fashion and Food Fans Craving Unique Flavor-Inspired Looks,PR Newswire,https://finance.yahoo.com/news/pop-tarts-x-depop-fashion-120000518.html,1663848000,STORY
a66776dc-81ef-37b8-8208-13fe76b7d73c,K,2022-9-23,Kellogg® and Little Debbie® Recreate Childhood Memories at the Breakfast Table with New Kellogg's® Little Debbie® Nutty Buddy® Cereal,PR Newswire,https://finance.yahoo.com/news/kellogg-little-debbie-recreate-childhood-130100246.html,1663765260,STORY
70027e7f-ad6b-3b9c-ad81-9793cdbc9ea0,K,2022-9-23,Fostering Connection: Inside Kellogg’s Pre-MBA ‘Culture Camp’,Poets & Quants,https://finance.yahoo.com/news/fostering-connection-inside-kellogg-pre-192839761.html,1663615719,STORY
322bc4e0-23e9-3450-9e17-37ffb793a664,K,2022-9-23,Kellogg and Albertsons Companies join forces to feed children in need,PR Newswire,https://finance.yahoo.com/news/kellogg-albertsons-companies-join-forces-153500492.html,1663601700,STORY
c1f88ada-003c-3ecb-a669-5f286dee8cb7,K,2022-9-23,"Kellogg MBA Class Of 2024 Profile: GPA, GMAT & Internationals All Up",Poets & Quants,https://finance.yahoo.com/news/kellogg-mba-class-2024-profile-161323969.html,1663517603,STORY
045e5fc5-725f-3f7d-b832-7ff3cf8b6360,K,2022-9-23,Packaged Foods Stock Group Moves Into Top 20,Investor's Business Daily,https://finance.yahoo.com/m/045e5fc5-725f-3f7d-b832-7ff3cf8b6360/packaged-foods-stock-group.html,1663352398,STORY
366ac5cb-dff7-3fe6-b4f1-890d5abb1b04,K,2022-9-23,"During Recessions, These Dividend Stocks Can Be Your Bread and Butter",TheStreet.com,https://finance.yahoo.com/m/366ac5cb-dff7-3fe6-b4f1-890d5abb1b04/during-recessions%2C-these.html,1663349400,STORY
610242ef-0c70-351d-84d9-bcad6136adc6,K,2022-9-24,Kellogg (K) Gains As Market Dips: What You Should Know,Zacks,https://finance.yahoo.com/news/kellogg-k-gains-market-dips-221510096.html,1663884910,STORY
95634e14-30aa-3e43-9dc6-e59dd0e931df,K,2022-9-24,Pop-Tarts® x Depop is Here For Fashion and Food Fans Craving Unique Flavor-Inspired Looks,PR Newswire,https://finance.yahoo.com/news/pop-tarts-x-depop-fashion-120000518.html,1663848000,STORY
a66776dc-81ef-37b8-8208-13fe76b7d73c,K,2022-9-24,Kellogg® and Little Debbie® Recreate Childhood Memories at the Breakfast Table with New Kellogg's® Little Debbie® Nutty Buddy® Cereal,PR Newswire,https://finance.yahoo.com/news/kellogg-little-debbie-recreate-childhood-130100246.html,1663765260,STORY
70027e7f-ad6b-3b9c-ad81-9793cdbc9ea0,K,2022-9-24,Fostering Connection: Inside Kellogg’s Pre-MBA ‘Culture Camp’,Poets & Quants,https://finance.yahoo.com/news/fostering-connection-inside-kellogg-pre-192839761.html,1663615719,STORY
322bc4e0-23e9-3450-9e17-37ffb793a664,K,2022-9-24,Kellogg and Albertsons Companies join forces to feed children in need,PR Newswire,https://finance.yahoo.com/news/kellogg-albertsons-companies-join-forces-153500492.html,1663601700,STORY
c1f88ada-003c-3ecb-a669-5f286dee8cb7,K,2022-9-24,"Kellogg MBA Class Of 2024 Profile: GPA, GMAT & Internationals All Up",Poets & Quants,https://finance.yahoo.com/news/kellogg-mba-class-2024-profile-161323969.html,1663517603,STORY
045e5fc5-725f-3f7d-b832-7ff3cf8b6360,K,2022-9-24,Packaged Foods Stock Group Moves Into Top 20,Investor's Business Daily,https://finance.yahoo.com/m/045e5fc5-725f-3f7d-b832-7ff3cf8b6360/packaged-foods-stock-group.html,1663352398,STORY
366ac5cb-dff7-3fe6-b4f1-890d5abb1b04,K,2022-9-24,"During Recessions, These Dividend Stocks Can Be Your Bread and Butter",TheStreet.com,https://finance.yahoo.com/m/366ac5cb-dff7-3fe6-b4f1-890d5abb1b04/during-recessions%2C-these.html,1663349400,STORY
610242ef-0c70-351d-84d9-bcad6136adc6,K,2022-9-25,Kellogg (K) Gains As Market Dips: What You Should Know,Zacks,https://finance.yahoo.com/news/kellogg-k-gains-market-dips-221510096.html,1663884910,STORY
95634e14-30aa-3e43-9dc6-e59dd0e931df,K,2022-9-25,Pop-Tarts® x Depop is Here For Fashion and Food Fans Craving Unique Flavor-Inspired Looks,PR Newswire,https://finance.yahoo.com/news/pop-tarts-x-depop-fashion-120000518.html,1663848000,STORY
a66776dc-81ef-37b8-8208-13fe76b7d73c,K,2022-9-25,Kellogg® and Little Debbie® Recreate Childhood Memories at the Breakfast Table with New Kellogg's® Little Debbie® Nutty Buddy® Cereal,PR Newswire,https://finance.yahoo.com/news/kellogg-little-debbie-recreate-childhood-130100246.html,1663765260,STORY
70027e7f-ad6b-3b9c-ad81-9793cdbc9ea0,K,2022-9-25,Fostering Connection: Inside Kellogg’s Pre-MBA ‘Culture Camp’,Poets & Quants,https://finance.yahoo.com/news/fostering-connection-inside-kellogg-pre-192839761.html,1663615719,STORY
322bc4e0-23e9-3450-9e17-37ffb793a664,K,2022-9-25,Kellogg and Albertsons Companies join forces to feed children in need,PR Newswire,https://finance.yahoo.com/news/kellogg-albertsons-companies-join-forces-153500492.html,1663601700,STORY
c1f88ada-003c-3ecb-a669-5f286dee8cb7,K,2022-9-25,"Kellogg MBA Class Of 2024 Profile: GPA, GMAT & Internationals All Up",Poets & Quants,https://finance.yahoo.com/news/kellogg-mba-class-2024-profile-161323969.html,1663517603,STORY
045e5fc5-725f-3f7d-b832-7ff3cf8b6360,K,2022-9-25,Packaged Foods Stock Group Moves Into Top 20,Investor's Business Daily,https://finance.yahoo.com/m/045e5fc5-725f-3f7d-b832-7ff3cf8b6360/packaged-foods-stock-group.html,1663352398,STORY
366ac5cb-dff7-3fe6-b4f1-890d5abb1b04,K,2022-9-25,"During Recessions, These Dividend Stocks Can Be Your Bread and Butter",TheStreet.com,https://finance.yahoo.com/m/366ac5cb-dff7-3fe6-b4f1-890d5abb1b04/during-recessions%2C-these.html,1663349400,STORY
610242ef-0c70-351d-84d9-bcad6136adc6,K,2022-9-26,Kellogg (K) Gains As Market Dips: What You Should Know,Zacks,https://finance.yahoo.com/news/kellogg-k-gains-market-dips-221510096.html,1663884910,STORY
95634e14-30aa-3e43-9dc6-e59dd0e931df,K,2022-9-26,Pop-Tarts® x Depop is Here For Fashion and Food Fans Craving Unique Flavor-Inspired Looks,PR Newswire,https://finance.yahoo.com/news/pop-tarts-x-depop-fashion-120000518.html,1663848000,STORY
a66776dc-81ef-37b8-8208-13fe76b7d73c,K,2022-9-26,Kellogg® and Little Debbie® Recreate Childhood Memories at the Breakfast Table with New Kellogg's® Little Debbie® Nutty Buddy® Cereal,PR Newswire,https://finance.yahoo.com/news/kellogg-little-debbie-recreate-childhood-130100246.html,1663765260,STORY
70027e7f-ad6b-3b9c-ad81-9793cdbc9ea0,K,2022-9-26,Fostering Connection: Inside Kellogg’s Pre-MBA ‘Culture Camp’,Poets & Quants,https://finance.yahoo.com/news/fostering-connection-inside-kellogg-pre-192839761.html,1663615719,STORY
322bc4e0-23e9-3450-9e17-37ffb793a664,K,2022-9-26,Kellogg and Albertsons Companies join forces to feed children in need,PR Newswire,https://finance.yahoo.com/news/kellogg-albertsons-companies-join-forces-153500492.html,1663601700,STORY
c1f88ada-003c-3ecb-a669-5f286dee8cb7,K,2022-9-26,"Kellogg MBA Class Of 2024 Profile: GPA, GMAT & Internationals All Up",Poets & Quants,https://finance.yahoo.com/news/kellogg-mba-class-2024-profile-161323969.html,1663517603,STORY
045e5fc5-725f-3f7d-b832-7ff3cf8b6360,K,2022-9-26,Packaged Foods Stock Group Moves Into Top 20,Investor's Business Daily,https://finance.yahoo.com/m/045e5fc5-725f-3f7d-b832-7ff3cf8b6360/packaged-foods-stock-group.html,1663352398,STORY
366ac5cb-dff7-3fe6-b4f1-890d5abb1b04,K,2022-9-26,"During Recessions, These Dividend Stocks Can Be Your Bread and Butter",TheStreet.com,https://finance.yahoo.com/m/366ac5cb-dff7-3fe6-b4f1-890d5abb1b04/during-recessions%2C-these.html,1663349400,STORY
ca1d3d96-3f5b-3bc6-ba90-7e312408a0c7,K,2022-9-27,Tony the Tiger® and Mission Tiger™ Partner with Kroger® to Give More Middle School Kids Access to Sports,PR Newswire,https://finance.yahoo.com/news/tony-tiger-mission-tiger-partner-223200292.html,1664231520,STORY
6e238714-e70b-3a05-a4fc-c60f3fd07740,K,2022-9-27,United Natural Foods (UNFI) to Post Q4 Earnings: Things to Note,Zacks,https://finance.yahoo.com/news/united-natural-foods-unfi-post-164304422.html,1664210584,STORY
610242ef-0c70-351d-84d9-bcad6136adc6,K,2022-9-27,Kellogg (K) Gains As Market Dips: What You Should Know,Zacks,https://finance.yahoo.com/news/kellogg-k-gains-market-dips-221510096.html,1663884910,STORY
95634e14-30aa-3e43-9dc6-e59dd0e931df,K,2022-9-27,Pop-Tarts® x Depop is Here For Fashion and Food Fans Craving Unique Flavor-Inspired Looks,PR Newswire,https://finance.yahoo.com/news/pop-tarts-x-depop-fashion-120000518.html,1663848000,STORY
a66776dc-81ef-37b8-8208-13fe76b7d73c,K,2022-9-27,Kellogg® and Little Debbie® Recreate Childhood Memories at the Breakfast Table with New Kellogg's® Little Debbie® Nutty Buddy® Cereal,PR Newswire,https://finance.yahoo.com/news/kellogg-little-debbie-recreate-childhood-130100246.html,1663765260,STORY
70027e7f-ad6b-3b9c-ad81-9793cdbc9ea0,K,2022-9-27,Fostering Connection: Inside Kellogg’s Pre-MBA ‘Culture Camp’,Poets & Quants,https://finance.yahoo.com/news/fostering-connection-inside-kellogg-pre-192839761.html,1663615719,STORY
322bc4e0-23e9-3450-9e17-37ffb793a664,K,2022-9-27,Kellogg and Albertsons Companies join forces to feed children in need,PR Newswire,https://finance.yahoo.com/news/kellogg-albertsons-companies-join-forces-153500492.html,1663601700,STORY
c1f88ada-003c-3ecb-a669-5f286dee8cb7,K,2022-9-27,"Kellogg MBA Class Of 2024 Profile: GPA, GMAT & Internationals All Up",Poets & Quants,https://finance.yahoo.com/news/kellogg-mba-class-2024-profile-161323969.html,1663517603,STORY
a1fd91c7-96b6-3c4b-bd19-4e0892e2bd3a,K,2022-9-28,Experience the Magic of the Season with New Kellogg's® The Elf on the Shelf® North Pole Snow Creme Cereal,PR Newswire,https://finance.yahoo.com/news/experience-magic-season-kelloggs-elf-130100094.html,1664283660,STORY
ca1d3d96-3f5b-3bc6-ba90-7e312408a0c7,K,2022-9-28,Tony the Tiger® and Mission Tiger™ Partner with Kroger® to Give More Middle School Kids Access to Sports,PR Newswire,https://finance.yahoo.com/news/tony-tiger-mission-tiger-partner-223200292.html,1664231520,STORY
6e238714-e70b-3a05-a4fc-c60f3fd07740,K,2022-9-28,United Natural Foods (UNFI) to Post Q4 Earnings: Things to Note,Zacks,https://finance.yahoo.com/news/united-natural-foods-unfi-post-164304422.html,1664210584,STORY
610242ef-0c70-351d-84d9-bcad6136adc6,K,2022-9-28,Kellogg (K) Gains As Market Dips: What You Should Know,Zacks,https://finance.yahoo.com/news/kellogg-k-gains-market-dips-221510096.html,1663884910,STORY
95634e14-30aa-3e43-9dc6-e59dd0e931df,K,2022-9-28,Pop-Tarts® x Depop is Here For Fashion and Food Fans Craving Unique Flavor-Inspired Looks,PR Newswire,https://finance.yahoo.com/news/pop-tarts-x-depop-fashion-120000518.html,1663848000,STORY
a66776dc-81ef-37b8-8208-13fe76b7d73c,K,2022-9-28,Kellogg® and Little Debbie® Recreate Childhood Memories at the Breakfast Table with New Kellogg's® Little Debbie® Nutty Buddy® Cereal,PR Newswire,https://finance.yahoo.com/news/kellogg-little-debbie-recreate-childhood-130100246.html,1663765260,STORY
70027e7f-ad6b-3b9c-ad81-9793cdbc9ea0,K,2022-9-28,Fostering Connection: Inside Kellogg’s Pre-MBA ‘Culture Camp’,Poets & Quants,https://finance.yahoo.com/news/fostering-connection-inside-kellogg-pre-192839761.html,1663615719,STORY
322bc4e0-23e9-3450-9e17-37ffb793a664,K,2022-9-28,Kellogg and Albertsons Companies join forces to feed children in need,PR Newswire,https://finance.yahoo.com/news/kellogg-albertsons-companies-join-forces-153500492.html,1663601700,STORY
3a3d933c-96e3-3c88-82d5-f10f3acca5d3,K,2022-9-29,Kellogg (K) Gains But Lags Market: What You Should Know,Zacks,https://finance.yahoo.com/news/kellogg-k-gains-lags-market-221510916.html,1664403310,STORY
6a7886a6-fa96-3bbd-a159-84ab22ae9bef,K,2022-9-29,KELLOGG COMPANY ANNOUNCES ADDITIONAL APPOINTMENTS TO NORTH AMERICA CEREAL CO. LEADERSHIP TEAM,PR Newswire,https://finance.yahoo.com/news/kellogg-company-announces-additional-appointments-130000162.html,1664370000,STORY
a1fd91c7-96b6-3c4b-bd19-4e0892e2bd3a,K,2022-9-29,Experience the Magic of the Season with New Kellogg's® The Elf on the Shelf® North Pole Snow Creme Cereal,PR Newswire,https://finance.yahoo.com/news/experience-magic-season-kelloggs-elf-130100094.html,1664283660,STORY
ca1d3d96-3f5b-3bc6-ba90-7e312408a0c7,K,2022-9-29,Tony the Tiger® and Mission Tiger™ Partner with Kroger® to Give More Middle School Kids Access to Sports,PR Newswire,https://finance.yahoo.com/news/tony-tiger-mission-tiger-partner-223200292.html,1664231520,STORY
6e238714-e70b-3a05-a4fc-c60f3fd07740,K,2022-9-29,United Natural Foods (UNFI) to Post Q4 Earnings: Things to Note,Zacks,https://finance.yahoo.com/news/united-natural-foods-unfi-post-164304422.html,1664210584,STORY
610242ef-0c70-351d-84d9-bcad6136adc6,K,2022-9-29,Kellogg (K) Gains As Market Dips: What You Should Know,Zacks,https://finance.yahoo.com/news/kellogg-k-gains-market-dips-221510096.html,1663884910,STORY
95634e14-30aa-3e43-9dc6-e59dd0e931df,K,2022-9-29,Pop-Tarts® x Depop is Here For Fashion and Food Fans Craving Unique Flavor-Inspired Looks,PR Newswire,https://finance.yahoo.com/news/pop-tarts-x-depop-fashion-120000518.html,1663848000,STORY
a66776dc-81ef-37b8-8208-13fe76b7d73c,K,2022-9-29,Kellogg® and Little Debbie® Recreate Childhood Memories at the Breakfast Table with New Kellogg's® Little Debbie® Nutty Buddy® Cereal,PR Newswire,https://finance.yahoo.com/news/kellogg-little-debbie-recreate-childhood-130100246.html,1663765260,STORY
2ad7f7fe-ad6c-369e-b40a-1d8074ca9641,K,2022-9-30,Kellogg's names leadership team for new cereal spin-off,American City Business Journals,https://finance.yahoo.com/m/2ad7f7fe-ad6c-369e-b40a-1d8074ca9641/kellogg%27s-names-leadership.html,1664462046,STORY
3a3d933c-96e3-3c88-82d5-f10f3acca5d3,K,2022-9-30,Kellogg (K) Gains But Lags Market: What You Should Know,Zacks,https://finance.yahoo.com/news/kellogg-k-gains-lags-market-221510916.html,1664403310,STORY
6a7886a6-fa96-3bbd-a159-84ab22ae9bef,K,2022-9-30,KELLOGG COMPANY ANNOUNCES ADDITIONAL APPOINTMENTS TO NORTH AMERICA CEREAL CO. LEADERSHIP TEAM,PR Newswire,https://finance.yahoo.com/news/kellogg-company-announces-additional-appointments-130000162.html,1664370000,STORY
a1fd91c7-96b6-3c4b-bd19-4e0892e2bd3a,K,2022-9-30,Experience the Magic of the Season with New Kellogg's® The Elf on the Shelf® North Pole Snow Creme Cereal,PR Newswire,https://finance.yahoo.com/news/experience-magic-season-kelloggs-elf-130100094.html,1664283660,STORY
ca1d3d96-3f5b-3bc6-ba90-7e312408a0c7,K,2022-9-30,Tony the Tiger® and Mission Tiger™ Partner with Kroger® to Give More Middle School Kids Access to Sports,PR Newswire,https://finance.yahoo.com/news/tony-tiger-mission-tiger-partner-223200292.html,1664231520,STORY
6e238714-e70b-3a05-a4fc-c60f3fd07740,K,2022-9-30,United Natural Foods (UNFI) to Post Q4 Earnings: Things to Note,Zacks,https://finance.yahoo.com/news/united-natural-foods-unfi-post-164304422.html,1664210584,STORY
610242ef-0c70-351d-84d9-bcad6136adc6,K,2022-9-30,Kellogg (K) Gains As Market Dips: What You Should Know,Zacks,https://finance.yahoo.com/news/kellogg-k-gains-market-dips-221510096.html,1663884910,STORY
95634e14-30aa-3e43-9dc6-e59dd0e931df,K,2022-9-30,Pop-Tarts® x Depop is Here For Fashion and Food Fans Craving Unique Flavor-Inspired Looks,PR Newswire,https://finance.yahoo.com/news/pop-tarts-x-depop-fashion-120000518.html,1663848000,STORY
188c7820-d0e6-33dd-8a5c-f713ece6ae8f,K,2022-10-1,Conagra Brands' (CAG) Q1 Earnings Upcoming: Things to Note,Zacks,https://finance.yahoo.com/news/conagra-brands-cag-q1-earnings-161504136.html,1664554504,STORY
aa57f27f-e758-3f0a-949c-947a47fe00a5,K,2022-10-1,McCormick & Company (MKC) to Post Q3 Earnings: Things to Note,Zacks,https://finance.yahoo.com/news/mccormick-company-mkc-post-q3-160704085.html,1664554024,STORY
3dbcfb8b-20b7-369a-bb98-1be4db01c263,K,2022-10-1,What's in the Offing for Lamb Weston's (LW) in Q1 Earnings?,Zacks,https://finance.yahoo.com/news/whats-offing-lamb-westons-lw-155603768.html,1664553363,STORY
0c711cd3-fc08-396d-aa96-5428ead2b97b,K,2022-10-1,Helen of Troy (HELE) Q2 Earnings Coming Up: Things to Note,Zacks,https://finance.yahoo.com/news/helen-troy-hele-q2-earnings-155203562.html,1664553123,STORY
3a3d933c-96e3-3c88-82d5-f10f3acca5d3,K,2022-10-1,Kellogg (K) Gains But Lags Market: What You Should Know,Zacks,https://finance.yahoo.com/news/kellogg-k-gains-lags-market-221510916.html,1664403310,STORY
6a7886a6-fa96-3bbd-a159-84ab22ae9bef,K,2022-10-1,KELLOGG COMPANY ANNOUNCES ADDITIONAL APPOINTMENTS TO NORTH AMERICA CEREAL CO. LEADERSHIP TEAM,PR Newswire,https://finance.yahoo.com/news/kellogg-company-announces-additional-appointments-130000162.html,1664370000,STORY
a1fd91c7-96b6-3c4b-bd19-4e0892e2bd3a,K,2022-10-1,Experience the Magic of the Season with New Kellogg's® The Elf on the Shelf® North Pole Snow Creme Cereal,PR Newswire,https://finance.yahoo.com/news/experience-magic-season-kelloggs-elf-130100094.html,1664283660,STORY
ca1d3d96-3f5b-3bc6-ba90-7e312408a0c7,K,2022-10-1,Tony the Tiger® and Mission Tiger™ Partner with Kroger® to Give More Middle School Kids Access to Sports,PR Newswire,https://finance.yahoo.com/news/tony-tiger-mission-tiger-partner-223200292.html,1664231520,STORY
188c7820-d0e6-33dd-8a5c-f713ece6ae8f,K,2022-10-2,Conagra Brands' (CAG) Q1 Earnings Upcoming: Things to Note,Zacks,https://finance.yahoo.com/news/conagra-brands-cag-q1-earnings-161504136.html,1664554504,STORY
aa57f27f-e758-3f0a-949c-947a47fe00a5,K,2022-10-2,McCormick & Company (MKC) to Post Q3 Earnings: Things to Note,Zacks,https://finance.yahoo.com/news/mccormick-company-mkc-post-q3-160704085.html,1664554024,STORY
3dbcfb8b-20b7-369a-bb98-1be4db01c263,K,2022-10-2,What's in the Offing for Lamb Weston's (LW) in Q1 Earnings?,Zacks,https://finance.yahoo.com/news/whats-offing-lamb-westons-lw-155603768.html,1664553363,STORY
0c711cd3-fc08-396d-aa96-5428ead2b97b,K,2022-10-2,Helen of Troy (HELE) Q2 Earnings Coming Up: Things to Note,Zacks,https://finance.yahoo.com/news/helen-troy-hele-q2-earnings-155203562.html,1664553123,STORY
3a3d933c-96e3-3c88-82d5-f10f3acca5d3,K,2022-10-2,Kellogg (K) Gains But Lags Market: What You Should Know,Zacks,https://finance.yahoo.com/news/kellogg-k-gains-lags-market-221510916.html,1664403310,STORY
6a7886a6-fa96-3bbd-a159-84ab22ae9bef,K,2022-10-2,KELLOGG COMPANY ANNOUNCES ADDITIONAL APPOINTMENTS TO NORTH AMERICA CEREAL CO. LEADERSHIP TEAM,PR Newswire,https://finance.yahoo.com/news/kellogg-company-announces-additional-appointments-130000162.html,1664370000,STORY
a1fd91c7-96b6-3c4b-bd19-4e0892e2bd3a,K,2022-10-2,Experience the Magic of the Season with New Kellogg's® The Elf on the Shelf® North Pole Snow Creme Cereal,PR Newswire,https://finance.yahoo.com/news/experience-magic-season-kelloggs-elf-130100094.html,1664283660,STORY
ca1d3d96-3f5b-3bc6-ba90-7e312408a0c7,K,2022-10-2,Tony the Tiger® and Mission Tiger™ Partner with Kroger® to Give More Middle School Kids Access to Sports,PR Newswire,https://finance.yahoo.com/news/tony-tiger-mission-tiger-partner-223200292.html,1664231520,STORY
188c7820-d0e6-33dd-8a5c-f713ece6ae8f,K,2022-10-3,Conagra Brands' (CAG) Q1 Earnings Upcoming: Things to Note,Zacks,https://finance.yahoo.com/news/conagra-brands-cag-q1-earnings-161504136.html,1664554504,STORY
aa57f27f-e758-3f0a-949c-947a47fe00a5,K,2022-10-3,McCormick & Company (MKC) to Post Q3 Earnings: Things to Note,Zacks,https://finance.yahoo.com/news/mccormick-company-mkc-post-q3-160704085.html,1664554024,STORY
3dbcfb8b-20b7-369a-bb98-1be4db01c263,K,2022-10-3,What's in the Offing for Lamb Weston's (LW) in Q1 Earnings?,Zacks,https://finance.yahoo.com/news/whats-offing-lamb-westons-lw-155603768.html,1664553363,STORY
0c711cd3-fc08-396d-aa96-5428ead2b97b,K,2022-10-3,Helen of Troy (HELE) Q2 Earnings Coming Up: Things to Note,Zacks,https://finance.yahoo.com/news/helen-troy-hele-q2-earnings-155203562.html,1664553123,STORY
3a3d933c-96e3-3c88-82d5-f10f3acca5d3,K,2022-10-3,Kellogg (K) Gains But Lags Market: What You Should Know,Zacks,https://finance.yahoo.com/news/kellogg-k-gains-lags-market-221510916.html,1664403310,STORY
6a7886a6-fa96-3bbd-a159-84ab22ae9bef,K,2022-10-3,KELLOGG COMPANY ANNOUNCES ADDITIONAL APPOINTMENTS TO NORTH AMERICA CEREAL CO. LEADERSHIP TEAM,PR Newswire,https://finance.yahoo.com/news/kellogg-company-announces-additional-appointments-130000162.html,1664370000,STORY
a1fd91c7-96b6-3c4b-bd19-4e0892e2bd3a,K,2022-10-3,Experience the Magic of the Season with New Kellogg's® The Elf on the Shelf® North Pole Snow Creme Cereal,PR Newswire,https://finance.yahoo.com/news/experience-magic-season-kelloggs-elf-130100094.html,1664283660,STORY
ca1d3d96-3f5b-3bc6-ba90-7e312408a0c7,K,2022-10-3,Tony the Tiger® and Mission Tiger™ Partner with Kroger® to Give More Middle School Kids Access to Sports,PR Newswire,https://finance.yahoo.com/news/tony-tiger-mission-tiger-partner-223200292.html,1664231520,STORY
7c84131e-0d57-329f-b436-24661fe8f063,K,2022-10-4,Unleashing Our Potential: Kellogg Company's five-year growth journey,PR Newswire,https://finance.yahoo.com/news/unleashing-potential-kellogg-companys-five-142800948.html,1664807280,STORY
3c7a94ac-f154-38f1-8feb-9973008ed74c,K,2022-10-4,Kellogg (K) Benefits From Brand Strength & Prudent Acquisitions,Zacks,https://finance.yahoo.com/news/kellogg-k-benefits-brand-strength-130501725.html,1664802301,STORY
188c7820-d0e6-33dd-8a5c-f713ece6ae8f,K,2022-10-4,Conagra Brands' (CAG) Q1 Earnings Upcoming: Things to Note,Zacks,https://finance.yahoo.com/news/conagra-brands-cag-q1-earnings-161504136.html,1664554504,STORY
aa57f27f-e758-3f0a-949c-947a47fe00a5,K,2022-10-4,McCormick & Company (MKC) to Post Q3 Earnings: Things to Note,Zacks,https://finance.yahoo.com/news/mccormick-company-mkc-post-q3-160704085.html,1664554024,STORY
3dbcfb8b-20b7-369a-bb98-1be4db01c263,K,2022-10-4,What's in the Offing for Lamb Weston's (LW) in Q1 Earnings?,Zacks,https://finance.yahoo.com/news/whats-offing-lamb-westons-lw-155603768.html,1664553363,STORY
0c711cd3-fc08-396d-aa96-5428ead2b97b,K,2022-10-4,Helen of Troy (HELE) Q2 Earnings Coming Up: Things to Note,Zacks,https://finance.yahoo.com/news/helen-troy-hele-q2-earnings-155203562.html,1664553123,STORY
3a3d933c-96e3-3c88-82d5-f10f3acca5d3,K,2022-10-4,Kellogg (K) Gains But Lags Market: What You Should Know,Zacks,https://finance.yahoo.com/news/kellogg-k-gains-lags-market-221510916.html,1664403310,STORY
6a7886a6-fa96-3bbd-a159-84ab22ae9bef,K,2022-10-4,KELLOGG COMPANY ANNOUNCES ADDITIONAL APPOINTMENTS TO NORTH AMERICA CEREAL CO. LEADERSHIP TEAM,PR Newswire,https://finance.yahoo.com/news/kellogg-company-announces-additional-appointments-130000162.html,1664370000,STORY
2ef3657d-8162-3d53-9f63-c6c2abc3ff09,K,2022-10-5,Kellogg (K) Gains But Lags Market: What You Should Know,Zacks,https://finance.yahoo.com/news/kellogg-k-gains-lags-market-221510188.html,1664921710,STORY
4e77f86e-4ad8-307a-a07f-c332abf1eefe,K,2022-10-5,12 Best Food Stocks To Buy Now,Insider Monkey,https://finance.yahoo.com/news/12-best-food-stocks-buy-165458511.html,1664902498,STORY
f2a5d0f9-0c09-36d8-8206-c010d25f4b71,K,2022-10-5,Want Better Returns? Don't Ignore These 2 Consumer Staples Stocks Set to Beat Earnings,Zacks,https://finance.yahoo.com/news/want-better-returns-dont-ignore-130001357.html,1664888401,STORY
7c84131e-0d57-329f-b436-24661fe8f063,K,2022-10-5,Unleashing Our Potential: Kellogg Company's five-year growth journey,PR Newswire,https://finance.yahoo.com/news/unleashing-potential-kellogg-companys-five-142800948.html,1664807280,STORY
3c7a94ac-f154-38f1-8feb-9973008ed74c,K,2022-10-5,Kellogg (K) Benefits From Brand Strength & Prudent Acquisitions,Zacks,https://finance.yahoo.com/news/kellogg-k-benefits-brand-strength-130501725.html,1664802301,STORY
188c7820-d0e6-33dd-8a5c-f713ece6ae8f,K,2022-10-5,Conagra Brands' (CAG) Q1 Earnings Upcoming: Things to Note,Zacks,https://finance.yahoo.com/news/conagra-brands-cag-q1-earnings-161504136.html,1664554504,STORY
aa57f27f-e758-3f0a-949c-947a47fe00a5,K,2022-10-5,McCormick & Company (MKC) to Post Q3 Earnings: Things to Note,Zacks,https://finance.yahoo.com/news/mccormick-company-mkc-post-q3-160704085.html,1664554024,STORY
3dbcfb8b-20b7-369a-bb98-1be4db01c263,K,2022-10-5,What's in the Offing for Lamb Weston's (LW) in Q1 Earnings?,Zacks,https://finance.yahoo.com/news/whats-offing-lamb-westons-lw-155603768.html,1664553363,STORY
e7b93c67-8206-367c-8d02-a8e463b7174b,K,2022-10-6,Kellogg Company Sets Date for 2022 Third Quarter Results Webcast,PR Newswire,https://finance.yahoo.com/news/kellogg-company-sets-date-2022-150000160.html,1664982000,STORY
2ef3657d-8162-3d53-9f63-c6c2abc3ff09,K,2022-10-6,Kellogg (K) Gains But Lags Market: What You Should Know,Zacks,https://finance.yahoo.com/news/kellogg-k-gains-lags-market-221510188.html,1664921710,STORY
4e77f86e-4ad8-307a-a07f-c332abf1eefe,K,2022-10-6,12 Best Food Stocks To Buy Now,Insider Monkey,https://finance.yahoo.com/news/12-best-food-stocks-buy-165458511.html,1664902498,STORY
f2a5d0f9-0c09-36d8-8206-c010d25f4b71,K,2022-10-6,Want Better Returns? Don't Ignore These 2 Consumer Staples Stocks Set to Beat Earnings,Zacks,https://finance.yahoo.com/news/want-better-returns-dont-ignore-130001357.html,1664888401,STORY
7c84131e-0d57-329f-b436-24661fe8f063,K,2022-10-6,Unleashing Our Potential: Kellogg Company's five-year growth journey,PR Newswire,https://finance.yahoo.com/news/unleashing-potential-kellogg-companys-five-142800948.html,1664807280,STORY
3c7a94ac-f154-38f1-8feb-9973008ed74c,K,2022-10-6,Kellogg (K) Benefits From Brand Strength & Prudent Acquisitions,Zacks,https://finance.yahoo.com/news/kellogg-k-benefits-brand-strength-130501725.html,1664802301,STORY
188c7820-d0e6-33dd-8a5c-f713ece6ae8f,K,2022-10-6,Conagra Brands' (CAG) Q1 Earnings Upcoming: Things to Note,Zacks,https://finance.yahoo.com/news/conagra-brands-cag-q1-earnings-161504136.html,1664554504,STORY
aa57f27f-e758-3f0a-949c-947a47fe00a5,K,2022-10-6,McCormick & Company (MKC) to Post Q3 Earnings: Things to Note,Zacks,https://finance.yahoo.com/news/mccormick-company-mkc-post-q3-160704085.html,1664554024,STORY
cbcb08b8-e250-3899-88b3-dc345f5e0d55,K,2022-10-7,A Closer Look at Kellogg's Transition,GuruFocus.com,https://finance.yahoo.com/news/closer-look-kelloggs-transition-180412428.html,1665079452,STORY
e7b93c67-8206-367c-8d02-a8e463b7174b,K,2022-10-7,Kellogg Company Sets Date for 2022 Third Quarter Results Webcast,PR Newswire,https://finance.yahoo.com/news/kellogg-company-sets-date-2022-150000160.html,1664982000,STORY
2ef3657d-8162-3d53-9f63-c6c2abc3ff09,K,2022-10-7,Kellogg (K) Gains But Lags Market: What You Should Know,Zacks,https://finance.yahoo.com/news/kellogg-k-gains-lags-market-221510188.html,1664921710,STORY
4e77f86e-4ad8-307a-a07f-c332abf1eefe,K,2022-10-7,12 Best Food Stocks To Buy Now,Insider Monkey,https://finance.yahoo.com/news/12-best-food-stocks-buy-165458511.html,1664902498,STORY
f2a5d0f9-0c09-36d8-8206-c010d25f4b71,K,2022-10-7,Want Better Returns? Don't Ignore These 2 Consumer Staples Stocks Set to Beat Earnings,Zacks,https://finance.yahoo.com/news/want-better-returns-dont-ignore-130001357.html,1664888401,STORY
7c84131e-0d57-329f-b436-24661fe8f063,K,2022-10-7,Unleashing Our Potential: Kellogg Company's five-year growth journey,PR Newswire,https://finance.yahoo.com/news/unleashing-potential-kellogg-companys-five-142800948.html,1664807280,STORY
3c7a94ac-f154-38f1-8feb-9973008ed74c,K,2022-10-7,Kellogg (K) Benefits From Brand Strength & Prudent Acquisitions,Zacks,https://finance.yahoo.com/news/kellogg-k-benefits-brand-strength-130501725.html,1664802301,STORY
188c7820-d0e6-33dd-8a5c-f713ece6ae8f,K,2022-10-7,Conagra Brands' (CAG) Q1 Earnings Upcoming: Things to Note,Zacks,https://finance.yahoo.com/news/conagra-brands-cag-q1-earnings-161504136.html,1664554504,STORY
cbcb08b8-e250-3899-88b3-dc345f5e0d55,K,2022-10-8,A Closer Look at Kellogg's Transition,GuruFocus.com,https://finance.yahoo.com/news/closer-look-kelloggs-transition-180412428.html,1665079452,STORY
e7b93c67-8206-367c-8d02-a8e463b7174b,K,2022-10-8,Kellogg Company Sets Date for 2022 Third Quarter Results Webcast,PR Newswire,https://finance.yahoo.com/news/kellogg-company-sets-date-2022-150000160.html,1664982000,STORY
2ef3657d-8162-3d53-9f63-c6c2abc3ff09,K,2022-10-8,Kellogg (K) Gains But Lags Market: What You Should Know,Zacks,https://finance.yahoo.com/news/kellogg-k-gains-lags-market-221510188.html,1664921710,STORY
4e77f86e-4ad8-307a-a07f-c332abf1eefe,K,2022-10-8,12 Best Food Stocks To Buy Now,Insider Monkey,https://finance.yahoo.com/news/12-best-food-stocks-buy-165458511.html,1664902498,STORY
f2a5d0f9-0c09-36d8-8206-c010d25f4b71,K,2022-10-8,Want Better Returns? Don't Ignore These 2 Consumer Staples Stocks Set to Beat Earnings,Zacks,https://finance.yahoo.com/news/want-better-returns-dont-ignore-130001357.html,1664888401,STORY
7c84131e-0d57-329f-b436-24661fe8f063,K,2022-10-8,Unleashing Our Potential: Kellogg Company's five-year growth journey,PR Newswire,https://finance.yahoo.com/news/unleashing-potential-kellogg-companys-five-142800948.html,1664807280,STORY
3c7a94ac-f154-38f1-8feb-9973008ed74c,K,2022-10-8,Kellogg (K) Benefits From Brand Strength & Prudent Acquisitions,Zacks,https://finance.yahoo.com/news/kellogg-k-benefits-brand-strength-130501725.html,1664802301,STORY
188c7820-d0e6-33dd-8a5c-f713ece6ae8f,K,2022-10-8,Conagra Brands' (CAG) Q1 Earnings Upcoming: Things to Note,Zacks,https://finance.yahoo.com/news/conagra-brands-cag-q1-earnings-161504136.html,1664554504,STORY
cbcb08b8-e250-3899-88b3-dc345f5e0d55,K,2022-10-9,A Closer Look at Kellogg's Transition,GuruFocus.com,https://finance.yahoo.com/news/closer-look-kelloggs-transition-180412428.html,1665079452,STORY
e7b93c67-8206-367c-8d02-a8e463b7174b,K,2022-10-9,Kellogg Company Sets Date for 2022 Third Quarter Results Webcast,PR Newswire,https://finance.yahoo.com/news/kellogg-company-sets-date-2022-150000160.html,1664982000,STORY
2ef3657d-8162-3d53-9f63-c6c2abc3ff09,K,2022-10-9,Kellogg (K) Gains But Lags Market: What You Should Know,Zacks,https://finance.yahoo.com/news/kellogg-k-gains-lags-market-221510188.html,1664921710,STORY
4e77f86e-4ad8-307a-a07f-c332abf1eefe,K,2022-10-9,12 Best Food Stocks To Buy Now,Insider Monkey,https://finance.yahoo.com/news/12-best-food-stocks-buy-165458511.html,1664902498,STORY
f2a5d0f9-0c09-36d8-8206-c010d25f4b71,K,2022-10-9,Want Better Returns? Don't Ignore These 2 Consumer Staples Stocks Set to Beat Earnings,Zacks,https://finance.yahoo.com/news/want-better-returns-dont-ignore-130001357.html,1664888401,STORY
7c84131e-0d57-329f-b436-24661fe8f063,K,2022-10-9,Unleashing Our Potential: Kellogg Company's five-year growth journey,PR Newswire,https://finance.yahoo.com/news/unleashing-potential-kellogg-companys-five-142800948.html,1664807280,STORY
3c7a94ac-f154-38f1-8feb-9973008ed74c,K,2022-10-9,Kellogg (K) Benefits From Brand Strength & Prudent Acquisitions,Zacks,https://finance.yahoo.com/news/kellogg-k-benefits-brand-strength-130501725.html,1664802301,STORY
188c7820-d0e6-33dd-8a5c-f713ece6ae8f,K,2022-10-9,Conagra Brands' (CAG) Q1 Earnings Upcoming: Things to Note,Zacks,https://finance.yahoo.com/news/conagra-brands-cag-q1-earnings-161504136.html,1664554504,STORY
86d181b6-00d7-3e32-86d3-248c3e18c0f8,K,2022-10-10,Kellogg Company recognizes World Mental Health Day,PR Newswire,https://finance.yahoo.com/news/kellogg-company-recognizes-world-mental-120000889.html,1665403200,STORY
cbcb08b8-e250-3899-88b3-dc345f5e0d55,K,2022-10-10,A Closer Look at Kellogg's Transition,GuruFocus.com,https://finance.yahoo.com/news/closer-look-kelloggs-transition-180412428.html,1665079452,STORY
e7b93c67-8206-367c-8d02-a8e463b7174b,K,2022-10-10,Kellogg Company Sets Date for 2022 Third Quarter Results Webcast,PR Newswire,https://finance.yahoo.com/news/kellogg-company-sets-date-2022-150000160.html,1664982000,STORY
2ef3657d-8162-3d53-9f63-c6c2abc3ff09,K,2022-10-10,Kellogg (K) Gains But Lags Market: What You Should Know,Zacks,https://finance.yahoo.com/news/kellogg-k-gains-lags-market-221510188.html,1664921710,STORY
4e77f86e-4ad8-307a-a07f-c332abf1eefe,K,2022-10-10,12 Best Food Stocks To Buy Now,Insider Monkey,https://finance.yahoo.com/news/12-best-food-stocks-buy-165458511.html,1664902498,STORY
f2a5d0f9-0c09-36d8-8206-c010d25f4b71,K,2022-10-10,Want Better Returns? Don't Ignore These 2 Consumer Staples Stocks Set to Beat Earnings,Zacks,https://finance.yahoo.com/news/want-better-returns-dont-ignore-130001357.html,1664888401,STORY
7c84131e-0d57-329f-b436-24661fe8f063,K,2022-10-10,Unleashing Our Potential: Kellogg Company's five-year growth journey,PR Newswire,https://finance.yahoo.com/news/unleashing-potential-kellogg-companys-five-142800948.html,1664807280,STORY
3c7a94ac-f154-38f1-8feb-9973008ed74c,K,2022-10-10,Kellogg (K) Benefits From Brand Strength & Prudent Acquisitions,Zacks,https://finance.yahoo.com/news/kellogg-k-benefits-brand-strength-130501725.html,1664802301,STORY
ffd80962-db94-373a-8fab-4ff28ddbfd8c,K,2022-10-11,Kellogg (K) Gains As Market Dips: What You Should Know,Zacks,https://finance.yahoo.com/news/kellogg-k-gains-market-dips-221510109.html,1665440110,STORY
880d795f-14c8-34ba-8677-23ece4b4d273,K,2022-10-11,Why Kellogg (K) is Poised to Beat Earnings Estimates Again,Zacks,https://finance.yahoo.com/news/why-kellogg-k-poised-beat-161004625.html,1665418204,STORY
86d181b6-00d7-3e32-86d3-248c3e18c0f8,K,2022-10-11,Kellogg Company recognizes World Mental Health Day,PR Newswire,https://finance.yahoo.com/news/kellogg-company-recognizes-world-mental-120000889.html,1665403200,STORY
cbcb08b8-e250-3899-88b3-dc345f5e0d55,K,2022-10-11,A Closer Look at Kellogg's Transition,GuruFocus.com,https://finance.yahoo.com/news/closer-look-kelloggs-transition-180412428.html,1665079452,STORY
e7b93c67-8206-367c-8d02-a8e463b7174b,K,2022-10-11,Kellogg Company Sets Date for 2022 Third Quarter Results Webcast,PR Newswire,https://finance.yahoo.com/news/kellogg-company-sets-date-2022-150000160.html,1664982000,STORY
2ef3657d-8162-3d53-9f63-c6c2abc3ff09,K,2022-10-11,Kellogg (K) Gains But Lags Market: What You Should Know,Zacks,https://finance.yahoo.com/news/kellogg-k-gains-lags-market-221510188.html,1664921710,STORY
4e77f86e-4ad8-307a-a07f-c332abf1eefe,K,2022-10-11,12 Best Food Stocks To Buy Now,Insider Monkey,https://finance.yahoo.com/news/12-best-food-stocks-buy-165458511.html,1664902498,STORY
f2a5d0f9-0c09-36d8-8206-c010d25f4b71,K,2022-10-11,Want Better Returns? Don't Ignore These 2 Consumer Staples Stocks Set to Beat Earnings,Zacks,https://finance.yahoo.com/news/want-better-returns-dont-ignore-130001357.html,1664888401,STORY
d9ec6193-b54a-34f4-a34e-7674793abb7b,K,2022-10-12,"EGGO® LAUNCHES FIRST-EVER EGGO NOG, A SPIRITED HOLIDAY DRINK MADE WITH SUGARLANDS DISTILLING CO., TO SPREAD CHEERS",PR Newswire,https://finance.yahoo.com/news/eggo-launches-first-ever-eggo-130000655.html,1665493200,STORY
ffd80962-db94-373a-8fab-4ff28ddbfd8c,K,2022-10-12,Kellogg (K) Gains As Market Dips: What You Should Know,Zacks,https://finance.yahoo.com/news/kellogg-k-gains-market-dips-221510109.html,1665440110,STORY
880d795f-14c8-34ba-8677-23ece4b4d273,K,2022-10-12,Why Kellogg (K) is Poised to Beat Earnings Estimates Again,Zacks,https://finance.yahoo.com/news/why-kellogg-k-poised-beat-161004625.html,1665418204,STORY
86d181b6-00d7-3e32-86d3-248c3e18c0f8,K,2022-10-12,Kellogg Company recognizes World Mental Health Day,PR Newswire,https://finance.yahoo.com/news/kellogg-company-recognizes-world-mental-120000889.html,1665403200,STORY
cbcb08b8-e250-3899-88b3-dc345f5e0d55,K,2022-10-12,A Closer Look at Kellogg's Transition,GuruFocus.com,https://finance.yahoo.com/news/closer-look-kelloggs-transition-180412428.html,1665079452,STORY
e7b93c67-8206-367c-8d02-a8e463b7174b,K,2022-10-12,Kellogg Company Sets Date for 2022 Third Quarter Results Webcast,PR Newswire,https://finance.yahoo.com/news/kellogg-company-sets-date-2022-150000160.html,1664982000,STORY
2ef3657d-8162-3d53-9f63-c6c2abc3ff09,K,2022-10-12,Kellogg (K) Gains But Lags Market: What You Should Know,Zacks,https://finance.yahoo.com/news/kellogg-k-gains-lags-market-221510188.html,1664921710,STORY
4e77f86e-4ad8-307a-a07f-c332abf1eefe,K,2022-10-12,12 Best Food Stocks To Buy Now,Insider Monkey,https://finance.yahoo.com/news/12-best-food-stocks-buy-165458511.html,1664902498,STORY
0587f1eb-f39a-392b-9d2d-c4452bc6dc03,K,2022-10-13,Slow Your Roll! Kellogg's® Cinnabon® Bakery Inspired Cereal is Back,PR Newswire,https://finance.yahoo.com/news/slow-roll-kelloggs-cinnabon-bakery-130100180.html,1665579660,STORY
2d3cd836-9f10-3755-ad76-0950ca177c3f,K,2022-10-13,Daily – Vickers Top Buyers & Sellers for 10/12/2022,Argus Research,https://finance.yahoo.com/m/2d3cd836-9f10-3755-ad76-0950ca177c3f/daily-%E2%80%93-vickers-top-buyers-%26.html,1665571356,STORY
d9ec6193-b54a-34f4-a34e-7674793abb7b,K,2022-10-13,"EGGO® LAUNCHES FIRST-EVER EGGO NOG, A SPIRITED HOLIDAY DRINK MADE WITH SUGARLANDS DISTILLING CO., TO SPREAD CHEERS",PR Newswire,https://finance.yahoo.com/news/eggo-launches-first-ever-eggo-130000655.html,1665493200,STORY
ffd80962-db94-373a-8fab-4ff28ddbfd8c,K,2022-10-13,Kellogg (K) Gains As Market Dips: What You Should Know,Zacks,https://finance.yahoo.com/news/kellogg-k-gains-market-dips-221510109.html,1665440110,STORY
880d795f-14c8-34ba-8677-23ece4b4d273,K,2022-10-13,Why Kellogg (K) is Poised to Beat Earnings Estimates Again,Zacks,https://finance.yahoo.com/news/why-kellogg-k-poised-beat-161004625.html,1665418204,STORY
86d181b6-00d7-3e32-86d3-248c3e18c0f8,K,2022-10-13,Kellogg Company recognizes World Mental Health Day,PR Newswire,https://finance.yahoo.com/news/kellogg-company-recognizes-world-mental-120000889.html,1665403200,STORY
cbcb08b8-e250-3899-88b3-dc345f5e0d55,K,2022-10-13,A Closer Look at Kellogg's Transition,GuruFocus.com,https://finance.yahoo.com/news/closer-look-kelloggs-transition-180412428.html,1665079452,STORY
e7b93c67-8206-367c-8d02-a8e463b7174b,K,2022-10-13,Kellogg Company Sets Date for 2022 Third Quarter Results Webcast,PR Newswire,https://finance.yahoo.com/news/kellogg-company-sets-date-2022-150000160.html,1664982000,STORY
44768d1f-d150-32fb-9cd8-0ec6ef03d675,K,2022-10-14,Kellogg (K) Gains But Lags Market: What You Should Know,Zacks,https://finance.yahoo.com/news/kellogg-k-gains-lags-market-220010255.html,1665698410,STORY
0587f1eb-f39a-392b-9d2d-c4452bc6dc03,K,2022-10-14,Slow Your Roll! Kellogg's® Cinnabon® Bakery Inspired Cereal is Back,PR Newswire,https://finance.yahoo.com/news/slow-roll-kelloggs-cinnabon-bakery-130100180.html,1665579660,STORY
d9ec6193-b54a-34f4-a34e-7674793abb7b,K,2022-10-14,"EGGO® LAUNCHES FIRST-EVER EGGO NOG, A SPIRITED HOLIDAY DRINK MADE WITH SUGARLANDS DISTILLING CO., TO SPREAD CHEERS",PR Newswire,https://finance.yahoo.com/news/eggo-launches-first-ever-eggo-130000655.html,1665493200,STORY
ffd80962-db94-373a-8fab-4ff28ddbfd8c,K,2022-10-14,Kellogg (K) Gains As Market Dips: What You Should Know,Zacks,https://finance.yahoo.com/news/kellogg-k-gains-market-dips-221510109.html,1665440110,STORY
880d795f-14c8-34ba-8677-23ece4b4d273,K,2022-10-14,Why Kellogg (K) is Poised to Beat Earnings Estimates Again,Zacks,https://finance.yahoo.com/news/why-kellogg-k-poised-beat-161004625.html,1665418204,STORY
86d181b6-00d7-3e32-86d3-248c3e18c0f8,K,2022-10-14,Kellogg Company recognizes World Mental Health Day,PR Newswire,https://finance.yahoo.com/news/kellogg-company-recognizes-world-mental-120000889.html,1665403200,STORY
cbcb08b8-e250-3899-88b3-dc345f5e0d55,K,2022-10-14,A Closer Look at Kellogg's Transition,GuruFocus.com,https://finance.yahoo.com/news/closer-look-kelloggs-transition-180412428.html,1665079452,STORY
e7b93c67-8206-367c-8d02-a8e463b7174b,K,2022-10-14,Kellogg Company Sets Date for 2022 Third Quarter Results Webcast,PR Newswire,https://finance.yahoo.com/news/kellogg-company-sets-date-2022-150000160.html,1664982000,STORY
6de6e0db-ace8-3fd9-bace-d4d05f1e0be9,K,2022-10-15,Why Boston Beer (SAM) Looks Well-Poised Before Q3 Earnings,Zacks,https://finance.yahoo.com/news/why-boston-beer-sam-looks-131701637.html,1665753421,STORY
44768d1f-d150-32fb-9cd8-0ec6ef03d675,K,2022-10-15,Kellogg (K) Gains But Lags Market: What You Should Know,Zacks,https://finance.yahoo.com/news/kellogg-k-gains-lags-market-220010255.html,1665698410,STORY
0587f1eb-f39a-392b-9d2d-c4452bc6dc03,K,2022-10-15,Slow Your Roll! Kellogg's® Cinnabon® Bakery Inspired Cereal is Back,PR Newswire,https://finance.yahoo.com/news/slow-roll-kelloggs-cinnabon-bakery-130100180.html,1665579660,STORY
d9ec6193-b54a-34f4-a34e-7674793abb7b,K,2022-10-15,"EGGO® LAUNCHES FIRST-EVER EGGO NOG, A SPIRITED HOLIDAY DRINK MADE WITH SUGARLANDS DISTILLING CO., TO SPREAD CHEERS",PR Newswire,https://finance.yahoo.com/news/eggo-launches-first-ever-eggo-130000655.html,1665493200,STORY
ffd80962-db94-373a-8fab-4ff28ddbfd8c,K,2022-10-15,Kellogg (K) Gains As Market Dips: What You Should Know,Zacks,https://finance.yahoo.com/news/kellogg-k-gains-market-dips-221510109.html,1665440110,STORY
880d795f-14c8-34ba-8677-23ece4b4d273,K,2022-10-15,Why Kellogg (K) is Poised to Beat Earnings Estimates Again,Zacks,https://finance.yahoo.com/news/why-kellogg-k-poised-beat-161004625.html,1665418204,STORY
86d181b6-00d7-3e32-86d3-248c3e18c0f8,K,2022-10-15,Kellogg Company recognizes World Mental Health Day,PR Newswire,https://finance.yahoo.com/news/kellogg-company-recognizes-world-mental-120000889.html,1665403200,STORY
cbcb08b8-e250-3899-88b3-dc345f5e0d55,K,2022-10-15,A Closer Look at Kellogg's Transition,GuruFocus.com,https://finance.yahoo.com/news/closer-look-kelloggs-transition-180412428.html,1665079452,STORY
6de6e0db-ace8-3fd9-bace-d4d05f1e0be9,K,2022-10-16,Why Boston Beer (SAM) Looks Well-Poised Before Q3 Earnings,Zacks,https://finance.yahoo.com/news/why-boston-beer-sam-looks-131701637.html,1665753421,STORY
44768d1f-d150-32fb-9cd8-0ec6ef03d675,K,2022-10-16,Kellogg (K) Gains But Lags Market: What You Should Know,Zacks,https://finance.yahoo.com/news/kellogg-k-gains-lags-market-220010255.html,1665698410,STORY
0587f1eb-f39a-392b-9d2d-c4452bc6dc03,K,2022-10-16,Slow Your Roll! Kellogg's® Cinnabon® Bakery Inspired Cereal is Back,PR Newswire,https://finance.yahoo.com/news/slow-roll-kelloggs-cinnabon-bakery-130100180.html,1665579660,STORY
d9ec6193-b54a-34f4-a34e-7674793abb7b,K,2022-10-16,"EGGO® LAUNCHES FIRST-EVER EGGO NOG, A SPIRITED HOLIDAY DRINK MADE WITH SUGARLANDS DISTILLING CO., TO SPREAD CHEERS",PR Newswire,https://finance.yahoo.com/news/eggo-launches-first-ever-eggo-130000655.html,1665493200,STORY
ffd80962-db94-373a-8fab-4ff28ddbfd8c,K,2022-10-16,Kellogg (K) Gains As Market Dips: What You Should Know,Zacks,https://finance.yahoo.com/news/kellogg-k-gains-market-dips-221510109.html,1665440110,STORY
880d795f-14c8-34ba-8677-23ece4b4d273,K,2022-10-16,Why Kellogg (K) is Poised to Beat Earnings Estimates Again,Zacks,https://finance.yahoo.com/news/why-kellogg-k-poised-beat-161004625.html,1665418204,STORY
86d181b6-00d7-3e32-86d3-248c3e18c0f8,K,2022-10-16,Kellogg Company recognizes World Mental Health Day,PR Newswire,https://finance.yahoo.com/news/kellogg-company-recognizes-world-mental-120000889.html,1665403200,STORY
cbcb08b8-e250-3899-88b3-dc345f5e0d55,K,2022-10-16,A Closer Look at Kellogg's Transition,GuruFocus.com,https://finance.yahoo.com/news/closer-look-kelloggs-transition-180412428.html,1665079452,STORY
fc7ed797-d474-384d-ac2c-1f2b7013de4c,K,2022-10-17,Executive MBA Ranking 2022: rising in east Asia,Financial Times,https://finance.yahoo.com/m/fc7ed797-d474-384d-ac2c-1f2b7013de4c/executive-mba-ranking-2022%3A.html,1665939605,STORY
6de6e0db-ace8-3fd9-bace-d4d05f1e0be9,K,2022-10-17,Why Boston Beer (SAM) Looks Well-Poised Before Q3 Earnings,Zacks,https://finance.yahoo.com/news/why-boston-beer-sam-looks-131701637.html,1665753421,STORY
44768d1f-d150-32fb-9cd8-0ec6ef03d675,K,2022-10-17,Kellogg (K) Gains But Lags Market: What You Should Know,Zacks,https://finance.yahoo.com/news/kellogg-k-gains-lags-market-220010255.html,1665698410,STORY
0587f1eb-f39a-392b-9d2d-c4452bc6dc03,K,2022-10-17,Slow Your Roll! Kellogg's® Cinnabon® Bakery Inspired Cereal is Back,PR Newswire,https://finance.yahoo.com/news/slow-roll-kelloggs-cinnabon-bakery-130100180.html,1665579660,STORY
d9ec6193-b54a-34f4-a34e-7674793abb7b,K,2022-10-17,"EGGO® LAUNCHES FIRST-EVER EGGO NOG, A SPIRITED HOLIDAY DRINK MADE WITH SUGARLANDS DISTILLING CO., TO SPREAD CHEERS",PR Newswire,https://finance.yahoo.com/news/eggo-launches-first-ever-eggo-130000655.html,1665493200,STORY
ffd80962-db94-373a-8fab-4ff28ddbfd8c,K,2022-10-17,Kellogg (K) Gains As Market Dips: What You Should Know,Zacks,https://finance.yahoo.com/news/kellogg-k-gains-market-dips-221510109.html,1665440110,STORY
880d795f-14c8-34ba-8677-23ece4b4d273,K,2022-10-17,Why Kellogg (K) is Poised to Beat Earnings Estimates Again,Zacks,https://finance.yahoo.com/news/why-kellogg-k-poised-beat-161004625.html,1665418204,STORY
86d181b6-00d7-3e32-86d3-248c3e18c0f8,K,2022-10-17,Kellogg Company recognizes World Mental Health Day,PR Newswire,https://finance.yahoo.com/news/kellogg-company-recognizes-world-mental-120000889.html,1665403200,STORY
0be33ceb-080f-39a0-af23-963738566718,K,2022-10-18,"SHOW A ROCKSTAR TEACHER ""I'VE GOT YOUR BACK"" THANKS TO KELLOGG'S® NUTRI-GRAIN®",PR Newswire,https://finance.yahoo.com/news/show-rockstar-teacher-ive-got-194000332.html,1666035600,STORY
f557d824-6342-3fce-be60-0d243cf9b725,K,2022-10-18,Cybersecurity Tops the CIO Agenda as Threats Continue to Escalate,The Wall Street Journal,https://finance.yahoo.com/m/f557d824-6342-3fce-be60-0d243cf9b725/cybersecurity-tops-the-cio.html,1666034100,STORY
cbe33449-c232-336a-b246-dfc6b883c569,K,2022-10-18,Giant Food and Kellogg Company Partner to Donate Food and Money to the Maryland Food Bank and Volunteer to Help Hungry Marylanders,PR Newswire,https://finance.yahoo.com/news/giant-food-kellogg-company-partner-140000646.html,1666015200,STORY
f5572a0c-abeb-3a58-97f9-8c23295c6cab,K,2022-10-18,Philip Morris (PM) Q3 Earnings Upcoming: Factors to Note,Zacks,https://finance.yahoo.com/news/philip-morris-pm-q3-earnings-135401265.html,1666014841,STORY
fc7ed797-d474-384d-ac2c-1f2b7013de4c,K,2022-10-18,Executive MBA Ranking 2022: rising in east Asia,Financial Times,https://finance.yahoo.com/m/fc7ed797-d474-384d-ac2c-1f2b7013de4c/executive-mba-ranking-2022%3A.html,1665939605,STORY
6de6e0db-ace8-3fd9-bace-d4d05f1e0be9,K,2022-10-18,Why Boston Beer (SAM) Looks Well-Poised Before Q3 Earnings,Zacks,https://finance.yahoo.com/news/why-boston-beer-sam-looks-131701637.html,1665753421,STORY
44768d1f-d150-32fb-9cd8-0ec6ef03d675,K,2022-10-18,Kellogg (K) Gains But Lags Market: What You Should Know,Zacks,https://finance.yahoo.com/news/kellogg-k-gains-lags-market-220010255.html,1665698410,STORY
0587f1eb-f39a-392b-9d2d-c4452bc6dc03,K,2022-10-18,Slow Your Roll! Kellogg's® Cinnabon® Bakery Inspired Cereal is Back,PR Newswire,https://finance.yahoo.com/news/slow-roll-kelloggs-cinnabon-bakery-130100180.html,1665579660,STORY
71e03a16-825b-376a-b5fe-e29e0366fac8,K,2022-10-19,KELLOGG COMPANY ALLOCATED SUSTAINABILITY BOND NET PROCEEDS,PR Newswire,https://finance.yahoo.com/news/kellogg-company-allocated-sustainability-bond-170000470.html,1666112400,STORY
0be33ceb-080f-39a0-af23-963738566718,K,2022-10-19,"SHOW A ROCKSTAR TEACHER ""I'VE GOT YOUR BACK"" THANKS TO KELLOGG'S® NUTRI-GRAIN®",PR Newswire,https://finance.yahoo.com/news/show-rockstar-teacher-ive-got-194000332.html,1666035600,STORY
f557d824-6342-3fce-be60-0d243cf9b725,K,2022-10-19,Cybersecurity Tops the CIO Agenda as Threats Continue to Escalate,The Wall Street Journal,https://finance.yahoo.com/m/f557d824-6342-3fce-be60-0d243cf9b725/cybersecurity-tops-the-cio.html,1666034100,STORY
cbe33449-c232-336a-b246-dfc6b883c569,K,2022-10-19,Giant Food and Kellogg Company Partner to Donate Food and Money to the Maryland Food Bank and Volunteer to Help Hungry Marylanders,PR Newswire,https://finance.yahoo.com/news/giant-food-kellogg-company-partner-140000646.html,1666015200,STORY
f5572a0c-abeb-3a58-97f9-8c23295c6cab,K,2022-10-19,Philip Morris (PM) Q3 Earnings Upcoming: Factors to Note,Zacks,https://finance.yahoo.com/news/philip-morris-pm-q3-earnings-135401265.html,1666014841,STORY
fc7ed797-d474-384d-ac2c-1f2b7013de4c,K,2022-10-19,Executive MBA Ranking 2022: rising in east Asia,Financial Times,https://finance.yahoo.com/m/fc7ed797-d474-384d-ac2c-1f2b7013de4c/executive-mba-ranking-2022%3A.html,1665939605,STORY
6de6e0db-ace8-3fd9-bace-d4d05f1e0be9,K,2022-10-19,Why Boston Beer (SAM) Looks Well-Poised Before Q3 Earnings,Zacks,https://finance.yahoo.com/news/why-boston-beer-sam-looks-131701637.html,1665753421,STORY
44768d1f-d150-32fb-9cd8-0ec6ef03d675,K,2022-10-19,Kellogg (K) Gains But Lags Market: What You Should Know,Zacks,https://finance.yahoo.com/news/kellogg-k-gains-lags-market-220010255.html,1665698410,STORY
264faf00-6dcd-39d4-b652-ea2ef7bce0c3,K,2022-10-20,"POP-TARTS x TAJÍN: A COLLAB THAT MAKES ""CRAZY GOOD"" EVEN ""MORE BUENO""",PR Newswire,https://finance.yahoo.com/news/pop-tarts-x-taj-n-120000719.html,1666267200,STORY
9cd87942-a7c3-32ed-81cd-740e7b8fbeb9,K,2022-10-20,Kellogg (K) Gains As Market Dips: What You Should Know,Zacks,https://finance.yahoo.com/news/kellogg-k-gains-market-dips-220010624.html,1666216810,STORY
71e03a16-825b-376a-b5fe-e29e0366fac8,K,2022-10-20,KELLOGG COMPANY ALLOCATED SUSTAINABILITY BOND NET PROCEEDS,PR Newswire,https://finance.yahoo.com/news/kellogg-company-allocated-sustainability-bond-170000470.html,1666112400,STORY
0be33ceb-080f-39a0-af23-963738566718,K,2022-10-20,"SHOW A ROCKSTAR TEACHER ""I'VE GOT YOUR BACK"" THANKS TO KELLOGG'S® NUTRI-GRAIN®",PR Newswire,https://finance.yahoo.com/news/show-rockstar-teacher-ive-got-194000332.html,1666035600,STORY
f557d824-6342-3fce-be60-0d243cf9b725,K,2022-10-20,Cybersecurity Tops the CIO Agenda as Threats Continue to Escalate,The Wall Street Journal,https://finance.yahoo.com/m/f557d824-6342-3fce-be60-0d243cf9b725/cybersecurity-tops-the-cio.html,1666034100,STORY
cbe33449-c232-336a-b246-dfc6b883c569,K,2022-10-20,Giant Food and Kellogg Company Partner to Donate Food and Money to the Maryland Food Bank and Volunteer to Help Hungry Marylanders,PR Newswire,https://finance.yahoo.com/news/giant-food-kellogg-company-partner-140000646.html,1666015200,STORY
f5572a0c-abeb-3a58-97f9-8c23295c6cab,K,2022-10-20,Philip Morris (PM) Q3 Earnings Upcoming: Factors to Note,Zacks,https://finance.yahoo.com/news/philip-morris-pm-q3-earnings-135401265.html,1666014841,STORY
fc7ed797-d474-384d-ac2c-1f2b7013de4c,K,2022-10-20,Executive MBA Ranking 2022: rising in east Asia,Financial Times,https://finance.yahoo.com/m/fc7ed797-d474-384d-ac2c-1f2b7013de4c/executive-mba-ranking-2022%3A.html,1665939605,STORY
7590cd0d-bab2-3272-a010-25094409e143,K,2022-10-21,Kimberly-Clark (KMB) Q3 Earnings Coming Up: Things to Note,Zacks,https://finance.yahoo.com/news/kimberly-clark-kmb-q3-earnings-172505473.html,1666286705,STORY
e42fcbe6-e2d3-3851-a82d-c48cdc037c99,K,2022-10-21,Pilgrim's Pride (PPC) Q3 Earnings Upcoming: Factors to Note,Zacks,https://finance.yahoo.com/news/pilgrims-pride-ppc-q3-earnings-143802153.html,1666276682,STORY
264faf00-6dcd-39d4-b652-ea2ef7bce0c3,K,2022-10-21,"POP-TARTS x TAJÍN: A COLLAB THAT MAKES ""CRAZY GOOD"" EVEN ""MORE BUENO""",PR Newswire,https://finance.yahoo.com/news/pop-tarts-x-taj-n-120000719.html,1666267200,STORY
9cd87942-a7c3-32ed-81cd-740e7b8fbeb9,K,2022-10-21,Kellogg (K) Gains As Market Dips: What You Should Know,Zacks,https://finance.yahoo.com/news/kellogg-k-gains-market-dips-220010624.html,1666216810,STORY
71e03a16-825b-376a-b5fe-e29e0366fac8,K,2022-10-21,KELLOGG COMPANY ALLOCATED SUSTAINABILITY BOND NET PROCEEDS,PR Newswire,https://finance.yahoo.com/news/kellogg-company-allocated-sustainability-bond-170000470.html,1666112400,STORY
0be33ceb-080f-39a0-af23-963738566718,K,2022-10-21,"SHOW A ROCKSTAR TEACHER ""I'VE GOT YOUR BACK"" THANKS TO KELLOGG'S® NUTRI-GRAIN®",PR Newswire,https://finance.yahoo.com/news/show-rockstar-teacher-ive-got-194000332.html,1666035600,STORY
f557d824-6342-3fce-be60-0d243cf9b725,K,2022-10-21,Cybersecurity Tops the CIO Agenda as Threats Continue to Escalate,The Wall Street Journal,https://finance.yahoo.com/m/f557d824-6342-3fce-be60-0d243cf9b725/cybersecurity-tops-the-cio.html,1666034100,STORY
cbe33449-c232-336a-b246-dfc6b883c569,K,2022-10-21,Giant Food and Kellogg Company Partner to Donate Food and Money to the Maryland Food Bank and Volunteer to Help Hungry Marylanders,PR Newswire,https://finance.yahoo.com/news/giant-food-kellogg-company-partner-140000646.html,1666015200,STORY
83f6095f-b85e-3b52-ae4c-46977ede7937,K,2022-10-22,Kraft Heinz (KHC) Q3 Earnings Upcoming: Key Factors to Note,Zacks,https://finance.yahoo.com/news/kraft-heinz-khc-q3-earnings-143802904.html,1666363082,STORY
8a5661d2-4c61-3fb1-ad98-d2dbae7e1340,K,2022-10-22,Tony the Tiger® Laces Up in Arkansas to Give More Middle School Kids Better Access to Sports,PR Newswire,https://finance.yahoo.com/news/tony-tiger-laces-arkansas-more-130000454.html,1666357200,STORY
1e706bad-004e-3971-b144-d5a9406c1b8c,K,2022-10-22,Daily – Vickers Top Buyers & Sellers for 10/21/2022,Argus Research,https://finance.yahoo.com/m/1e706bad-004e-3971-b144-d5a9406c1b8c/daily-%E2%80%93-vickers-top-buyers-%26.html,1666347911,STORY
7590cd0d-bab2-3272-a010-25094409e143,K,2022-10-22,Kimberly-Clark (KMB) Q3 Earnings Coming Up: Things to Note,Zacks,https://finance.yahoo.com/news/kimberly-clark-kmb-q3-earnings-172505473.html,1666286705,STORY
e42fcbe6-e2d3-3851-a82d-c48cdc037c99,K,2022-10-22,Pilgrim's Pride (PPC) Q3 Earnings Upcoming: Factors to Note,Zacks,https://finance.yahoo.com/news/pilgrims-pride-ppc-q3-earnings-143802153.html,1666276682,STORY
264faf00-6dcd-39d4-b652-ea2ef7bce0c3,K,2022-10-22,"POP-TARTS x TAJÍN: A COLLAB THAT MAKES ""CRAZY GOOD"" EVEN ""MORE BUENO""",PR Newswire,https://finance.yahoo.com/news/pop-tarts-x-taj-n-120000719.html,1666267200,STORY
9cd87942-a7c3-32ed-81cd-740e7b8fbeb9,K,2022-10-22,Kellogg (K) Gains As Market Dips: What You Should Know,Zacks,https://finance.yahoo.com/news/kellogg-k-gains-market-dips-220010624.html,1666216810,STORY
71e03a16-825b-376a-b5fe-e29e0366fac8,K,2022-10-22,KELLOGG COMPANY ALLOCATED SUSTAINABILITY BOND NET PROCEEDS,PR Newswire,https://finance.yahoo.com/news/kellogg-company-allocated-sustainability-bond-170000470.html,1666112400,STORY
83f6095f-b85e-3b52-ae4c-46977ede7937,K,2022-10-23,Kraft Heinz (KHC) Q3 Earnings Upcoming: Key Factors to Note,Zacks,https://finance.yahoo.com/news/kraft-heinz-khc-q3-earnings-143802904.html,1666363082,STORY
8a5661d2-4c61-3fb1-ad98-d2dbae7e1340,K,2022-10-23,Tony the Tiger® Laces Up in Arkansas to Give More Middle School Kids Better Access to Sports,PR Newswire,https://finance.yahoo.com/news/tony-tiger-laces-arkansas-more-130000454.html,1666357200,STORY
7590cd0d-bab2-3272-a010-25094409e143,K,2022-10-23,Kimberly-Clark (KMB) Q3 Earnings Coming Up: Things to Note,Zacks,https://finance.yahoo.com/news/kimberly-clark-kmb-q3-earnings-172505473.html,1666286705,STORY
e42fcbe6-e2d3-3851-a82d-c48cdc037c99,K,2022-10-23,Pilgrim's Pride (PPC) Q3 Earnings Upcoming: Factors to Note,Zacks,https://finance.yahoo.com/news/pilgrims-pride-ppc-q3-earnings-143802153.html,1666276682,STORY
264faf00-6dcd-39d4-b652-ea2ef7bce0c3,K,2022-10-23,"POP-TARTS x TAJÍN: A COLLAB THAT MAKES ""CRAZY GOOD"" EVEN ""MORE BUENO""",PR Newswire,https://finance.yahoo.com/news/pop-tarts-x-taj-n-120000719.html,1666267200,STORY
9cd87942-a7c3-32ed-81cd-740e7b8fbeb9,K,2022-10-23,Kellogg (K) Gains As Market Dips: What You Should Know,Zacks,https://finance.yahoo.com/news/kellogg-k-gains-market-dips-220010624.html,1666216810,STORY
71e03a16-825b-376a-b5fe-e29e0366fac8,K,2022-10-23,KELLOGG COMPANY ALLOCATED SUSTAINABILITY BOND NET PROCEEDS,PR Newswire,https://finance.yahoo.com/news/kellogg-company-allocated-sustainability-bond-170000470.html,1666112400,STORY
0be33ceb-080f-39a0-af23-963738566718,K,2022-10-23,"SHOW A ROCKSTAR TEACHER ""I'VE GOT YOUR BACK"" THANKS TO KELLOGG'S® NUTRI-GRAIN®",PR Newswire,https://finance.yahoo.com/news/show-rockstar-teacher-ive-got-194000332.html,1666035600,STORY
83f6095f-b85e-3b52-ae4c-46977ede7937,K,2022-10-24,Kraft Heinz (KHC) Q3 Earnings Upcoming: Key Factors to Note,Zacks,https://finance.yahoo.com/news/kraft-heinz-khc-q3-earnings-143802904.html,1666363082,STORY
8a5661d2-4c61-3fb1-ad98-d2dbae7e1340,K,2022-10-24,Tony the Tiger® Laces Up in Arkansas to Give More Middle School Kids Better Access to Sports,PR Newswire,https://finance.yahoo.com/news/tony-tiger-laces-arkansas-more-130000454.html,1666357200,STORY
7590cd0d-bab2-3272-a010-25094409e143,K,2022-10-24,Kimberly-Clark (KMB) Q3 Earnings Coming Up: Things to Note,Zacks,https://finance.yahoo.com/news/kimberly-clark-kmb-q3-earnings-172505473.html,1666286705,STORY
e42fcbe6-e2d3-3851-a82d-c48cdc037c99,K,2022-10-24,Pilgrim's Pride (PPC) Q3 Earnings Upcoming: Factors to Note,Zacks,https://finance.yahoo.com/news/pilgrims-pride-ppc-q3-earnings-143802153.html,1666276682,STORY
264faf00-6dcd-39d4-b652-ea2ef7bce0c3,K,2022-10-24,"POP-TARTS x TAJÍN: A COLLAB THAT MAKES ""CRAZY GOOD"" EVEN ""MORE BUENO""",PR Newswire,https://finance.yahoo.com/news/pop-tarts-x-taj-n-120000719.html,1666267200,STORY
9cd87942-a7c3-32ed-81cd-740e7b8fbeb9,K,2022-10-24,Kellogg (K) Gains As Market Dips: What You Should Know,Zacks,https://finance.yahoo.com/news/kellogg-k-gains-market-dips-220010624.html,1666216810,STORY
71e03a16-825b-376a-b5fe-e29e0366fac8,K,2022-10-24,KELLOGG COMPANY ALLOCATED SUSTAINABILITY BOND NET PROCEEDS,PR Newswire,https://finance.yahoo.com/news/kellogg-company-allocated-sustainability-bond-170000470.html,1666112400,STORY
0be33ceb-080f-39a0-af23-963738566718,K,2022-10-24,"SHOW A ROCKSTAR TEACHER ""I'VE GOT YOUR BACK"" THANKS TO KELLOGG'S® NUTRI-GRAIN®",PR Newswire,https://finance.yahoo.com/news/show-rockstar-teacher-ive-got-194000332.html,1666035600,STORY
83f6095f-b85e-3b52-ae4c-46977ede7937,K,2022-10-25,Kraft Heinz (KHC) Q3 Earnings Upcoming: Key Factors to Note,Zacks,https://finance.yahoo.com/news/kraft-heinz-khc-q3-earnings-143802904.html,1666363082,STORY
8a5661d2-4c61-3fb1-ad98-d2dbae7e1340,K,2022-10-25,Tony the Tiger® Laces Up in Arkansas to Give More Middle School Kids Better Access to Sports,PR Newswire,https://finance.yahoo.com/news/tony-tiger-laces-arkansas-more-130000454.html,1666357200,STORY
7590cd0d-bab2-3272-a010-25094409e143,K,2022-10-25,Kimberly-Clark (KMB) Q3 Earnings Coming Up: Things to Note,Zacks,https://finance.yahoo.com/news/kimberly-clark-kmb-q3-earnings-172505473.html,1666286705,STORY
e42fcbe6-e2d3-3851-a82d-c48cdc037c99,K,2022-10-25,Pilgrim's Pride (PPC) Q3 Earnings Upcoming: Factors to Note,Zacks,https://finance.yahoo.com/news/pilgrims-pride-ppc-q3-earnings-143802153.html,1666276682,STORY
264faf00-6dcd-39d4-b652-ea2ef7bce0c3,K,2022-10-25,"POP-TARTS x TAJÍN: A COLLAB THAT MAKES ""CRAZY GOOD"" EVEN ""MORE BUENO""",PR Newswire,https://finance.yahoo.com/news/pop-tarts-x-taj-n-120000719.html,1666267200,STORY
9cd87942-a7c3-32ed-81cd-740e7b8fbeb9,K,2022-10-25,Kellogg (K) Gains As Market Dips: What You Should Know,Zacks,https://finance.yahoo.com/news/kellogg-k-gains-market-dips-220010624.html,1666216810,STORY
71e03a16-825b-376a-b5fe-e29e0366fac8,K,2022-10-25,KELLOGG COMPANY ALLOCATED SUSTAINABILITY BOND NET PROCEEDS,PR Newswire,https://finance.yahoo.com/news/kellogg-company-allocated-sustainability-bond-170000470.html,1666112400,STORY
0be33ceb-080f-39a0-af23-963738566718,K,2022-10-25,"SHOW A ROCKSTAR TEACHER ""I'VE GOT YOUR BACK"" THANKS TO KELLOGG'S® NUTRI-GRAIN®",PR Newswire,https://finance.yahoo.com/news/show-rockstar-teacher-ive-got-194000332.html,1666035600,STORY
78a3123e-a464-378f-90fa-9164fcf4cec9,K,2022-10-26,Kellogg (K) Gains But Lags Market: What You Should Know,Zacks,https://finance.yahoo.com/news/kellogg-k-gains-lags-market-220010191.html,1666735210,STORY
761b71e9-1fc2-3929-bf09-ca4922bfc4dc,K,2022-10-26,Altria's (MO) Q3 Earnings Upcoming: Key Factors to Note,Zacks,https://finance.yahoo.com/news/altrias-mo-q3-earnings-upcoming-161004056.html,1666714204,STORY
e3d47a52-522e-35ea-bda6-f8857729f876,K,2022-10-26,Will Pricing Aid Keurig's (KDP) Q3 Earnings Amid Cost Woes?,Zacks,https://finance.yahoo.com/news/pricing-aid-keurigs-kdp-q3-145302917.html,1666709582,STORY
83f6095f-b85e-3b52-ae4c-46977ede7937,K,2022-10-26,Kraft Heinz (KHC) Q3 Earnings Upcoming: Key Factors to Note,Zacks,https://finance.yahoo.com/news/kraft-heinz-khc-q3-earnings-143802904.html,1666363082,STORY
8a5661d2-4c61-3fb1-ad98-d2dbae7e1340,K,2022-10-26,Tony the Tiger® Laces Up in Arkansas to Give More Middle School Kids Better Access to Sports,PR Newswire,https://finance.yahoo.com/news/tony-tiger-laces-arkansas-more-130000454.html,1666357200,STORY
7590cd0d-bab2-3272-a010-25094409e143,K,2022-10-26,Kimberly-Clark (KMB) Q3 Earnings Coming Up: Things to Note,Zacks,https://finance.yahoo.com/news/kimberly-clark-kmb-q3-earnings-172505473.html,1666286705,STORY
e42fcbe6-e2d3-3851-a82d-c48cdc037c99,K,2022-10-26,Pilgrim's Pride (PPC) Q3 Earnings Upcoming: Factors to Note,Zacks,https://finance.yahoo.com/news/pilgrims-pride-ppc-q3-earnings-143802153.html,1666276682,STORY
264faf00-6dcd-39d4-b652-ea2ef7bce0c3,K,2022-10-26,"POP-TARTS x TAJÍN: A COLLAB THAT MAKES ""CRAZY GOOD"" EVEN ""MORE BUENO""",PR Newswire,https://finance.yahoo.com/news/pop-tarts-x-taj-n-120000719.html,1666267200,STORY
255c29ba-9bda-3eb1-9ea0-fcc084c04048,K,2022-10-27,Church & Dwight (CHD) Q3 Earnings Upcoming: Key Things to Note,Zacks,https://finance.yahoo.com/news/church-dwight-chd-q3-earnings-145302630.html,1666795982,STORY
d273a44d-55e7-3cb0-b6f4-80633b836e92,K,2022-10-27,Can Colgate (CL) Beat Q3 Earnings Estimates Amid Cost Woes?,Zacks,https://finance.yahoo.com/news/colgate-cl-beat-q3-earnings-142502160.html,1666794302,STORY
f6217bbe-3c96-39d9-830f-15196274787d,K,2022-10-27,Things You Need to Know Before FEMSA's (FMX) Q3 Earnings,Zacks,https://finance.yahoo.com/news/things-know-femsas-fmx-q3-142002719.html,1666794002,STORY
2c4f5ed7-d480-35c1-88c7-c174b83b1485,K,2022-10-27,New research underscores importance of school breakfast programs,PR Newswire,https://finance.yahoo.com/news/research-underscores-importance-school-breakfast-140800752.html,1666793280,STORY
78a3123e-a464-378f-90fa-9164fcf4cec9,K,2022-10-27,Kellogg (K) Gains But Lags Market: What You Should Know,Zacks,https://finance.yahoo.com/news/kellogg-k-gains-lags-market-220010191.html,1666735210,STORY
761b71e9-1fc2-3929-bf09-ca4922bfc4dc,K,2022-10-27,Altria's (MO) Q3 Earnings Upcoming: Key Factors to Note,Zacks,https://finance.yahoo.com/news/altrias-mo-q3-earnings-upcoming-161004056.html,1666714204,STORY
e3d47a52-522e-35ea-bda6-f8857729f876,K,2022-10-27,Will Pricing Aid Keurig's (KDP) Q3 Earnings Amid Cost Woes?,Zacks,https://finance.yahoo.com/news/pricing-aid-keurigs-kdp-q3-145302917.html,1666709582,STORY
83f6095f-b85e-3b52-ae4c-46977ede7937,K,2022-10-27,Kraft Heinz (KHC) Q3 Earnings Upcoming: Key Factors to Note,Zacks,https://finance.yahoo.com/news/kraft-heinz-khc-q3-earnings-143802904.html,1666363082,STORY
5ebf1c4b-80b2-31c0-9c41-22bdc3d9eda5,K,2022-10-28,Kellogg (K) Expected to Beat Earnings Estimates: What to Know Ahead of Q3 Release,Zacks,https://finance.yahoo.com/news/kellogg-k-expected-beat-earnings-140202428.html,1666879322,STORY
53768fb5-2b29-3b28-9cd1-99f63bd4fa26,K,2022-10-28,How to Find Strong Consumer Staples Stocks Slated for Positive Earnings Surprises,Zacks,https://finance.yahoo.com/news/strong-consumer-staples-stocks-slated-130001867.html,1666875601,STORY
255c29ba-9bda-3eb1-9ea0-fcc084c04048,K,2022-10-28,Church & Dwight (CHD) Q3 Earnings Upcoming: Key Things to Note,Zacks,https://finance.yahoo.com/news/church-dwight-chd-q3-earnings-145302630.html,1666795982,STORY
d273a44d-55e7-3cb0-b6f4-80633b836e92,K,2022-10-28,Can Colgate (CL) Beat Q3 Earnings Estimates Amid Cost Woes?,Zacks,https://finance.yahoo.com/news/colgate-cl-beat-q3-earnings-142502160.html,1666794302,STORY
f6217bbe-3c96-39d9-830f-15196274787d,K,2022-10-28,Things You Need to Know Before FEMSA's (FMX) Q3 Earnings,Zacks,https://finance.yahoo.com/news/things-know-femsas-fmx-q3-142002719.html,1666794002,STORY
2c4f5ed7-d480-35c1-88c7-c174b83b1485,K,2022-10-28,New research underscores importance of school breakfast programs,PR Newswire,https://finance.yahoo.com/news/research-underscores-importance-school-breakfast-140800752.html,1666793280,STORY
78a3123e-a464-378f-90fa-9164fcf4cec9,K,2022-10-28,Kellogg (K) Gains But Lags Market: What You Should Know,Zacks,https://finance.yahoo.com/news/kellogg-k-gains-lags-market-220010191.html,1666735210,STORY
761b71e9-1fc2-3929-bf09-ca4922bfc4dc,K,2022-10-28,Altria's (MO) Q3 Earnings Upcoming: Key Factors to Note,Zacks,https://finance.yahoo.com/news/altrias-mo-q3-earnings-upcoming-161004056.html,1666714204,STORY
a15b9a01-a734-325a-b104-5ac1ad24b92e,K,2022-10-29,Analyst Report: Kellogg Company,Morningstar Research,https://finance.yahoo.com/m/a15b9a01-a734-325a-b104-5ac1ad24b92e/analyst-report%3A-kellogg.html,1667001960,STORY
ea786722-94c6-3d4e-accc-45538239a4e6,K,2022-10-29,Kellogg Company Declares Regular Dividend of $0.59 per Share,PR Newswire,https://finance.yahoo.com/news/kellogg-company-declares-regular-dividend-161800540.html,1666973880,STORY
46dd4cbf-c278-3a2a-93eb-d47a9081ba0f,K,2022-10-29,Service Corporation (SCI) to Report Q3 Earnings: Things to Note,Zacks,https://finance.yahoo.com/news/corporation-sci-report-q3-earnings-153503179.html,1666971303,STORY
5ebf1c4b-80b2-31c0-9c41-22bdc3d9eda5,K,2022-10-29,Kellogg (K) Expected to Beat Earnings Estimates: What to Know Ahead of Q3 Release,Zacks,https://finance.yahoo.com/news/kellogg-k-expected-beat-earnings-140202428.html,1666879322,STORY
53768fb5-2b29-3b28-9cd1-99f63bd4fa26,K,2022-10-29,How to Find Strong Consumer Staples Stocks Slated for Positive Earnings Surprises,Zacks,https://finance.yahoo.com/news/strong-consumer-staples-stocks-slated-130001867.html,1666875601,STORY
255c29ba-9bda-3eb1-9ea0-fcc084c04048,K,2022-10-29,Church & Dwight (CHD) Q3 Earnings Upcoming: Key Things to Note,Zacks,https://finance.yahoo.com/news/church-dwight-chd-q3-earnings-145302630.html,1666795982,STORY
d273a44d-55e7-3cb0-b6f4-80633b836e92,K,2022-10-29,Can Colgate (CL) Beat Q3 Earnings Estimates Amid Cost Woes?,Zacks,https://finance.yahoo.com/news/colgate-cl-beat-q3-earnings-142502160.html,1666794302,STORY
f6217bbe-3c96-39d9-830f-15196274787d,K,2022-10-29,Things You Need to Know Before FEMSA's (FMX) Q3 Earnings,Zacks,https://finance.yahoo.com/news/things-know-femsas-fmx-q3-142002719.html,1666794002,STORY
a15b9a01-a734-325a-b104-5ac1ad24b92e,K,2022-10-30,Analyst Report: Kellogg Company,Morningstar Research,https://finance.yahoo.com/m/a15b9a01-a734-325a-b104-5ac1ad24b92e/analyst-report%3A-kellogg.html,1667001960,STORY
ea786722-94c6-3d4e-accc-45538239a4e6,K,2022-10-30,Kellogg Company Declares Regular Dividend of $0.59 per Share,PR Newswire,https://finance.yahoo.com/news/kellogg-company-declares-regular-dividend-161800540.html,1666973880,STORY
46dd4cbf-c278-3a2a-93eb-d47a9081ba0f,K,2022-10-30,Service Corporation (SCI) to Report Q3 Earnings: Things to Note,Zacks,https://finance.yahoo.com/news/corporation-sci-report-q3-earnings-153503179.html,1666971303,STORY
5ebf1c4b-80b2-31c0-9c41-22bdc3d9eda5,K,2022-10-30,Kellogg (K) Expected to Beat Earnings Estimates: What to Know Ahead of Q3 Release,Zacks,https://finance.yahoo.com/news/kellogg-k-expected-beat-earnings-140202428.html,1666879322,STORY
53768fb5-2b29-3b28-9cd1-99f63bd4fa26,K,2022-10-30,How to Find Strong Consumer Staples Stocks Slated for Positive Earnings Surprises,Zacks,https://finance.yahoo.com/news/strong-consumer-staples-stocks-slated-130001867.html,1666875601,STORY
255c29ba-9bda-3eb1-9ea0-fcc084c04048,K,2022-10-30,Church & Dwight (CHD) Q3 Earnings Upcoming: Key Things to Note,Zacks,https://finance.yahoo.com/news/church-dwight-chd-q3-earnings-145302630.html,1666795982,STORY
d273a44d-55e7-3cb0-b6f4-80633b836e92,K,2022-10-30,Can Colgate (CL) Beat Q3 Earnings Estimates Amid Cost Woes?,Zacks,https://finance.yahoo.com/news/colgate-cl-beat-q3-earnings-142502160.html,1666794302,STORY
f6217bbe-3c96-39d9-830f-15196274787d,K,2022-10-30,Things You Need to Know Before FEMSA's (FMX) Q3 Earnings,Zacks,https://finance.yahoo.com/news/things-know-femsas-fmx-q3-142002719.html,1666794002,STORY
312ebe89-c081-3cec-b18a-2f5ada9a6fc3,K,2022-10-31,‘Problems Worth Solving’: How Kellogg Equips MBAs For The Diverse Demands Of Product Management,Poets & Quants,https://finance.yahoo.com/news/problems-worth-solving-kellogg-equips-124629053.html,1667220389,STORY
ea786722-94c6-3d4e-accc-45538239a4e6,K,2022-10-31,Kellogg Company Declares Regular Dividend of $0.59 per Share,PR Newswire,https://finance.yahoo.com/news/kellogg-company-declares-regular-dividend-161800540.html,1666973880,STORY
46dd4cbf-c278-3a2a-93eb-d47a9081ba0f,K,2022-10-31,Service Corporation (SCI) to Report Q3 Earnings: Things to Note,Zacks,https://finance.yahoo.com/news/corporation-sci-report-q3-earnings-153503179.html,1666971303,STORY
5ebf1c4b-80b2-31c0-9c41-22bdc3d9eda5,K,2022-10-31,Kellogg (K) Expected to Beat Earnings Estimates: What to Know Ahead of Q3 Release,Zacks,https://finance.yahoo.com/news/kellogg-k-expected-beat-earnings-140202428.html,1666879322,STORY
53768fb5-2b29-3b28-9cd1-99f63bd4fa26,K,2022-10-31,How to Find Strong Consumer Staples Stocks Slated for Positive Earnings Surprises,Zacks,https://finance.yahoo.com/news/strong-consumer-staples-stocks-slated-130001867.html,1666875601,STORY
255c29ba-9bda-3eb1-9ea0-fcc084c04048,K,2022-10-31,Church & Dwight (CHD) Q3 Earnings Upcoming: Key Things to Note,Zacks,https://finance.yahoo.com/news/church-dwight-chd-q3-earnings-145302630.html,1666795982,STORY
d273a44d-55e7-3cb0-b6f4-80633b836e92,K,2022-10-31,Can Colgate (CL) Beat Q3 Earnings Estimates Amid Cost Woes?,Zacks,https://finance.yahoo.com/news/colgate-cl-beat-q3-earnings-142502160.html,1666794302,STORY
f6217bbe-3c96-39d9-830f-15196274787d,K,2022-10-31,Things You Need to Know Before FEMSA's (FMX) Q3 Earnings,Zacks,https://finance.yahoo.com/news/things-know-femsas-fmx-q3-142002719.html,1666794002,STORY
8a0d99f2-bde6-3c8f-9287-8598d2856374,K,2022-11-1,What Awaits The Estee Lauder Companies (EL) in Q1 Earnings?,Zacks,https://finance.yahoo.com/news/awaits-estee-lauder-companies-el-165804238.html,1667235484,STORY
e4168929-7b1a-3058-9238-9f1799f0a087,K,2022-11-1,Nu Skin (NUS) Queued for Q3 Earnings: Things to Consider,Zacks,https://finance.yahoo.com/news/nu-skin-nus-queued-q3-165304608.html,1667235184,STORY
924c1287-2fe1-348c-9a41-90168bae3895,K,2022-11-1,Kellogg's (K) Q3 Earnings Upcoming: Here's All You Should Note,Zacks,https://finance.yahoo.com/news/kelloggs-k-q3-earnings-upcoming-150903364.html,1667228943,STORY
312ebe89-c081-3cec-b18a-2f5ada9a6fc3,K,2022-11-1,‘Problems Worth Solving’: How Kellogg Equips MBAs For The Diverse Demands Of Product Management,Poets & Quants,https://finance.yahoo.com/news/problems-worth-solving-kellogg-equips-124629053.html,1667220389,STORY
c3f36ff2-5373-3040-acd6-8fe4b77c42c9,K,2022-11-1,Sysco's (SYY) Q1 Earnings Upcoming: Key Factors to Note,Zacks,https://finance.yahoo.com/news/syscos-syy-q1-earnings-upcoming-122612679.html,1667219172,STORY
ea786722-94c6-3d4e-accc-45538239a4e6,K,2022-11-1,Kellogg Company Declares Regular Dividend of $0.59 per Share,PR Newswire,https://finance.yahoo.com/news/kellogg-company-declares-regular-dividend-161800540.html,1666973880,STORY
46dd4cbf-c278-3a2a-93eb-d47a9081ba0f,K,2022-11-1,Service Corporation (SCI) to Report Q3 Earnings: Things to Note,Zacks,https://finance.yahoo.com/news/corporation-sci-report-q3-earnings-153503179.html,1666971303,STORY
5ebf1c4b-80b2-31c0-9c41-22bdc3d9eda5,K,2022-11-1,Kellogg (K) Expected to Beat Earnings Estimates: What to Know Ahead of Q3 Release,Zacks,https://finance.yahoo.com/news/kellogg-k-expected-beat-earnings-140202428.html,1666879322,STORY
b9b2e9ff-72e0-39e5-a53e-21d9d84196e1,K,2022-11-2,Kellogg 2022 MBA Jobs Report: Median Salary Jumps 10% To $165K,Poets & Quants,https://finance.yahoo.com/news/kellogg-2022-mba-jobs-report-205414767.html,1667336054,STORY
ae1590be-d2ed-37f5-8743-e1cec566fabe,K,2022-11-2,Hershey (HSY) Q3 Earnings Upcoming: Here's All You Should Note,Zacks,https://finance.yahoo.com/news/hershey-hsy-q3-earnings-upcoming-163404041.html,1667320444,STORY
79196dc6-00db-3788-bbc4-23a79e7a23f9,K,2022-11-2,Darling Ingredients (DAR) Reports Next Week: Wall Street Expects Earnings Growth,Zacks,https://finance.yahoo.com/news/darling-ingredients-dar-reports-next-140102767.html,1667311262,STORY
8657ce8c-6df4-324a-bcb1-71683fff5e85,K,2022-11-2,Medifast's (MED) Q3 Earnings Upcoming: Things Worth Noting,Zacks,https://finance.yahoo.com/news/medifasts-med-q3-earnings-upcoming-114711923.html,1667303231,STORY
8a0d99f2-bde6-3c8f-9287-8598d2856374,K,2022-11-2,What Awaits The Estee Lauder Companies (EL) in Q1 Earnings?,Zacks,https://finance.yahoo.com/news/awaits-estee-lauder-companies-el-165804238.html,1667235484,STORY
e4168929-7b1a-3058-9238-9f1799f0a087,K,2022-11-2,Nu Skin (NUS) Queued for Q3 Earnings: Things to Consider,Zacks,https://finance.yahoo.com/news/nu-skin-nus-queued-q3-165304608.html,1667235184,STORY
924c1287-2fe1-348c-9a41-90168bae3895,K,2022-11-2,Kellogg's (K) Q3 Earnings Upcoming: Here's All You Should Note,Zacks,https://finance.yahoo.com/news/kelloggs-k-q3-earnings-upcoming-150903364.html,1667228943,STORY
312ebe89-c081-3cec-b18a-2f5ada9a6fc3,K,2022-11-2,‘Problems Worth Solving’: How Kellogg Equips MBAs For The Diverse Demands Of Product Management,Poets & Quants,https://finance.yahoo.com/news/problems-worth-solving-kellogg-equips-124629053.html,1667220389,STORY
51f760b5-cced-3cd1-b25b-35f76ca7e01f,K,2022-11-3,Kellogg Raises Outlook as Third-Quarter Sales Rose 9%,The Wall Street Journal,https://finance.yahoo.com/m/51f760b5-cced-3cd1-b25b-35f76ca7e01f/kellogg-raises-outlook-as.html,1667480400,STORY
d255c2ed-4b5a-3bd5-9407-9e05d2d08edc,K,2022-11-3,"Kellogg raises full-year profit and revenue outlook, amid strength in snacks and emerging markets",MarketWatch,https://finance.yahoo.com/m/d255c2ed-4b5a-3bd5-9407-9e05d2d08edc/kellogg-raises-full-year.html,1667480333,STORY
e6436699-d4f0-3fbf-acc3-47a657f38bea,K,2022-11-3,UPDATE 2-Kellogg raises full-year sales forecast on boost from higher prices,Reuters,https://finance.yahoo.com/news/2-kellogg-raises-full-sales-121204389.html,1667477524,STORY
3eb0ac03-412e-3ccd-bbdc-b46bf900e9b8,K,2022-11-3,Kellogg raises full-year sales forecast on boost from higher prices,Reuters,https://finance.yahoo.com/news/kellogg-raises-full-sales-forecast-120514373.html,1667477114,STORY
554714b9-7149-30a0-9f4b-09a2d18aa2a0,K,2022-11-3,Kellogg Company Reports 2022 Third Quarter Results,PR Newswire,https://finance.yahoo.com/news/kellogg-company-reports-2022-third-120000389.html,1667476800,STORY
da0d0834-2c26-337b-8182-9b385c14b15d,K,2022-11-3,Why Earnings Season Could Be Great for Kellogg (K),Zacks,https://finance.yahoo.com/news/why-earnings-season-could-great-124812630.html,1667393292,STORY
b9b2e9ff-72e0-39e5-a53e-21d9d84196e1,K,2022-11-3,Kellogg 2022 MBA Jobs Report: Median Salary Jumps 10% To $165K,Poets & Quants,https://finance.yahoo.com/news/kellogg-2022-mba-jobs-report-205414767.html,1667336054,STORY
ae1590be-d2ed-37f5-8743-e1cec566fabe,K,2022-11-3,Hershey (HSY) Q3 Earnings Upcoming: Here's All You Should Note,Zacks,https://finance.yahoo.com/news/hershey-hsy-q3-earnings-upcoming-163404041.html,1667320444,STORY
fc3b28c3-80b7-3d09-b523-a9765caabf8a,K,2022-11-4,Analyst Report: Kellogg Company,Morningstar Research,https://finance.yahoo.com/m/fc3b28c3-80b7-3d09-b523-a9765caabf8a/analyst-report%3A-kellogg.html,1667519420,STORY
c195a5b4-8888-3cd7-a48c-ff90b8b4b732,K,2022-11-4,"Kellogg raised its outlook, but fundamentals may have reached a ‘high watermark’, says analyst",MarketWatch,https://finance.yahoo.com/m/c195a5b4-8888-3cd7-a48c-ff90b8b4b732/kellogg-raised-its-outlook%2C.html,1667500320,STORY
51f760b5-cced-3cd1-b25b-35f76ca7e01f,K,2022-11-4,Kellogg Raises Outlook as Third-Quarter Sales Rose 9%,The Wall Street Journal,https://finance.yahoo.com/m/51f760b5-cced-3cd1-b25b-35f76ca7e01f/kellogg-raises-outlook-as.html,1667499240,STORY
8ac4cbce-99cc-3288-9452-761b62d6006b,K,2022-11-4,Kellogg Raises Its Sales Forecast. Higher Prices Have Been Helping,Barrons.com,https://finance.yahoo.com/m/8ac4cbce-99cc-3288-9452-761b62d6006b/kellogg-raises-its-sales.html,1667493180,STORY
fe7723e4-0d44-386c-b787-6cb326e9f6c6,K,2022-11-4,"Kellogg (K) Tops Q3 Earnings Estimates, Raises 2022 Guidance",Zacks,https://finance.yahoo.com/news/kellogg-k-tops-q3-earnings-161604969.html,1667492164,STORY
8e4a8f54-22cb-3ecf-84a0-7a5df5905ff0,K,2022-11-4,Kellogg Q3 Earnings Beat Estimates,Benzinga,https://finance.yahoo.com/news/kellogg-q3-earnings-beat-estimates-140313635.html,1667484193,STORY
fbe9881f-19f0-3425-a1c0-dbb3fa19e6aa,K,2022-11-4,Kellogg (K) Tops Q3 Earnings and Revenue Estimates,Zacks,https://finance.yahoo.com/news/kellogg-k-tops-q3-earnings-131501662.html,1667481301,STORY
d255c2ed-4b5a-3bd5-9407-9e05d2d08edc,K,2022-11-4,"Kellogg raises full-year profit and revenue outlook, amid strength in snacks and emerging markets",MarketWatch,https://finance.yahoo.com/m/d255c2ed-4b5a-3bd5-9407-9e05d2d08edc/kellogg-raises-full-year.html,1667480333,STORY
fc3b28c3-80b7-3d09-b523-a9765caabf8a,K,2022-11-5,Analyst Report: Kellogg Company,Morningstar Research,https://finance.yahoo.com/m/fc3b28c3-80b7-3d09-b523-a9765caabf8a/analyst-report%3A-kellogg.html,1667519420,STORY
c195a5b4-8888-3cd7-a48c-ff90b8b4b732,K,2022-11-5,"Kellogg raised its outlook, but fundamentals may have reached a ‘high watermark’, says analyst",MarketWatch,https://finance.yahoo.com/m/c195a5b4-8888-3cd7-a48c-ff90b8b4b732/kellogg-raised-its-outlook%2C.html,1667500320,STORY
51f760b5-cced-3cd1-b25b-35f76ca7e01f,K,2022-11-5,Kellogg Raises Outlook as Third-Quarter Sales Rose 9%,The Wall Street Journal,https://finance.yahoo.com/m/51f760b5-cced-3cd1-b25b-35f76ca7e01f/kellogg-raises-outlook-as.html,1667499240,STORY
8ac4cbce-99cc-3288-9452-761b62d6006b,K,2022-11-5,Kellogg Raises Its Sales Forecast. Higher Prices Have Been Helping,Barrons.com,https://finance.yahoo.com/m/8ac4cbce-99cc-3288-9452-761b62d6006b/kellogg-raises-its-sales.html,1667493180,STORY
fe7723e4-0d44-386c-b787-6cb326e9f6c6,K,2022-11-5,"Kellogg (K) Tops Q3 Earnings Estimates, Raises 2022 Guidance",Zacks,https://finance.yahoo.com/news/kellogg-k-tops-q3-earnings-161604969.html,1667492164,STORY
8e4a8f54-22cb-3ecf-84a0-7a5df5905ff0,K,2022-11-5,Kellogg Q3 Earnings Beat Estimates,Benzinga,https://finance.yahoo.com/news/kellogg-q3-earnings-beat-estimates-140313635.html,1667484193,STORY
fbe9881f-19f0-3425-a1c0-dbb3fa19e6aa,K,2022-11-5,Kellogg (K) Tops Q3 Earnings and Revenue Estimates,Zacks,https://finance.yahoo.com/news/kellogg-k-tops-q3-earnings-131501662.html,1667481301,STORY
d255c2ed-4b5a-3bd5-9407-9e05d2d08edc,K,2022-11-5,"Kellogg raises full-year profit and revenue outlook, amid strength in snacks and emerging markets",MarketWatch,https://finance.yahoo.com/m/d255c2ed-4b5a-3bd5-9407-9e05d2d08edc/kellogg-raises-full-year.html,1667480333,STORY
56e51bb5-94be-3ce1-abd9-f3961c839592,K,2022-11-6,15 Largest Food and Beverage Companies in the World in 2022,Insider Monkey,https://finance.yahoo.com/news/15-largest-food-beverage-companies-221801364.html,1667686681,STORY
c195a5b4-8888-3cd7-a48c-ff90b8b4b732,K,2022-11-6,"Kellogg raised its outlook, but fundamentals may have reached a ‘high watermark’, says analyst",MarketWatch,https://finance.yahoo.com/m/c195a5b4-8888-3cd7-a48c-ff90b8b4b732/kellogg-raised-its-outlook%2C.html,1667500320,STORY
51f760b5-cced-3cd1-b25b-35f76ca7e01f,K,2022-11-6,Kellogg Raises Outlook as Third-Quarter Sales Rose 9%,The Wall Street Journal,https://finance.yahoo.com/m/51f760b5-cced-3cd1-b25b-35f76ca7e01f/kellogg-raises-outlook-as.html,1667499240,STORY
8ac4cbce-99cc-3288-9452-761b62d6006b,K,2022-11-6,Kellogg Raises Its Sales Forecast. Higher Prices Have Been Helping,Barrons.com,https://finance.yahoo.com/m/8ac4cbce-99cc-3288-9452-761b62d6006b/kellogg-raises-its-sales.html,1667493180,STORY
fe7723e4-0d44-386c-b787-6cb326e9f6c6,K,2022-11-6,"Kellogg (K) Tops Q3 Earnings Estimates, Raises 2022 Guidance",Zacks,https://finance.yahoo.com/news/kellogg-k-tops-q3-earnings-161604969.html,1667492164,STORY
8e4a8f54-22cb-3ecf-84a0-7a5df5905ff0,K,2022-11-6,Kellogg Q3 Earnings Beat Estimates,Benzinga,https://finance.yahoo.com/news/kellogg-q3-earnings-beat-estimates-140313635.html,1667484193,STORY
fbe9881f-19f0-3425-a1c0-dbb3fa19e6aa,K,2022-11-6,Kellogg (K) Tops Q3 Earnings and Revenue Estimates,Zacks,https://finance.yahoo.com/news/kellogg-k-tops-q3-earnings-131501662.html,1667481301,STORY
d255c2ed-4b5a-3bd5-9407-9e05d2d08edc,K,2022-11-6,"Kellogg raises full-year profit and revenue outlook, amid strength in snacks and emerging markets",MarketWatch,https://finance.yahoo.com/m/d255c2ed-4b5a-3bd5-9407-9e05d2d08edc/kellogg-raises-full-year.html,1667480333,STORY
aa7234d8-e3fb-3916-ac47-876d62607130,K,2022-11-7,SPREAD JOY AT A MOMENT'S NOTICE THIS HOLIDAY SEASON WITH KELLOGG'S® CRACKERS,PR Newswire,https://finance.yahoo.com/news/spread-joy-moments-notice-holiday-130000204.html,1667826000,STORY
56e51bb5-94be-3ce1-abd9-f3961c839592,K,2022-11-7,15 Largest Food and Beverage Companies in the World in 2022,Insider Monkey,https://finance.yahoo.com/news/15-largest-food-beverage-companies-221801364.html,1667686681,STORY
c195a5b4-8888-3cd7-a48c-ff90b8b4b732,K,2022-11-7,"Kellogg raised its outlook, but fundamentals may have reached a ‘high watermark’, says analyst",MarketWatch,https://finance.yahoo.com/m/c195a5b4-8888-3cd7-a48c-ff90b8b4b732/kellogg-raised-its-outlook%2C.html,1667500320,STORY
51f760b5-cced-3cd1-b25b-35f76ca7e01f,K,2022-11-7,Kellogg Raises Outlook as Third-Quarter Sales Rose 9%,The Wall Street Journal,https://finance.yahoo.com/m/51f760b5-cced-3cd1-b25b-35f76ca7e01f/kellogg-raises-outlook-as.html,1667499240,STORY
8ac4cbce-99cc-3288-9452-761b62d6006b,K,2022-11-7,Kellogg Raises Its Sales Forecast. Higher Prices Have Been Helping,Barrons.com,https://finance.yahoo.com/m/8ac4cbce-99cc-3288-9452-761b62d6006b/kellogg-raises-its-sales.html,1667493180,STORY
fe7723e4-0d44-386c-b787-6cb326e9f6c6,K,2022-11-7,"Kellogg (K) Tops Q3 Earnings Estimates, Raises 2022 Guidance",Zacks,https://finance.yahoo.com/news/kellogg-k-tops-q3-earnings-161604969.html,1667492164,STORY
8e4a8f54-22cb-3ecf-84a0-7a5df5905ff0,K,2022-11-7,Kellogg Q3 Earnings Beat Estimates,Benzinga,https://finance.yahoo.com/news/kellogg-q3-earnings-beat-estimates-140313635.html,1667484193,STORY
fbe9881f-19f0-3425-a1c0-dbb3fa19e6aa,K,2022-11-7,Kellogg (K) Tops Q3 Earnings and Revenue Estimates,Zacks,https://finance.yahoo.com/news/kellogg-k-tops-q3-earnings-131501662.html,1667481301,STORY
efa4cd72-4964-3372-96da-26cdbf42d8a6,K,2022-11-8,Analyst Report: Kellogg Co,Argus Research,https://finance.yahoo.com/m/efa4cd72-4964-3372-96da-26cdbf42d8a6/analyst-report%3A-kellogg-co.html,1667845558,STORY
d79191b9-b070-35fa-bc9b-d3cba267333b,K,2022-11-8,"Market Update: THRM, EMR, F, IP, K, MAR, PWR, SHEL, LEA, LIN",Argus Research,https://finance.yahoo.com/m/d79191b9-b070-35fa-bc9b-d3cba267333b/market-update%3A-thrm%2C-emr%2C-f%2C.html,1667844658,STORY
a54ba4f2-2a82-3f3b-925f-50b0a0819026,K,2022-11-8,Analyst Report: Kellogg Company,Morningstar Research,https://finance.yahoo.com/m/a54ba4f2-2a82-3f3b-925f-50b0a0819026/analyst-report%3A-kellogg.html,1667841419,STORY
56e51bb5-94be-3ce1-abd9-f3961c839592,K,2022-11-8,15 Largest Food and Beverage Companies in the World in 2022 (Updated),Insider Monkey,https://finance.yahoo.com/news/15-largest-food-beverage-companies-221801364.html,1667837881,STORY
aa7234d8-e3fb-3916-ac47-876d62607130,K,2022-11-8,SPREAD JOY AT A MOMENT'S NOTICE THIS HOLIDAY SEASON WITH KELLOGG'S® CRACKERS,PR Newswire,https://finance.yahoo.com/news/spread-joy-moments-notice-holiday-130000204.html,1667826000,STORY
c195a5b4-8888-3cd7-a48c-ff90b8b4b732,K,2022-11-8,"Kellogg raised its outlook, but fundamentals may have reached a ‘high watermark’, says analyst",MarketWatch,https://finance.yahoo.com/m/c195a5b4-8888-3cd7-a48c-ff90b8b4b732/kellogg-raised-its-outlook%2C.html,1667500320,STORY
51f760b5-cced-3cd1-b25b-35f76ca7e01f,K,2022-11-8,Kellogg Raises Outlook as Third-Quarter Sales Rose 9%,The Wall Street Journal,https://finance.yahoo.com/m/51f760b5-cced-3cd1-b25b-35f76ca7e01f/kellogg-raises-outlook-as.html,1667499240,STORY
8ac4cbce-99cc-3288-9452-761b62d6006b,K,2022-11-8,Kellogg Raises Its Sales Forecast. Higher Prices Have Been Helping,Barrons.com,https://finance.yahoo.com/m/8ac4cbce-99cc-3288-9452-761b62d6006b/kellogg-raises-its-sales.html,1667493180,STORY
efa4cd72-4964-3372-96da-26cdbf42d8a6,K,2022-11-9,Analyst Report: Kellogg Co,Argus Research,https://finance.yahoo.com/m/efa4cd72-4964-3372-96da-26cdbf42d8a6/analyst-report%3A-kellogg-co.html,1667845558,STORY
d79191b9-b070-35fa-bc9b-d3cba267333b,K,2022-11-9,"Market Update: THRM, EMR, F, IP, K, MAR, PWR, SHEL, LEA, LIN",Argus Research,https://finance.yahoo.com/m/d79191b9-b070-35fa-bc9b-d3cba267333b/market-update%3A-thrm%2C-emr%2C-f%2C.html,1667844658,STORY
a54ba4f2-2a82-3f3b-925f-50b0a0819026,K,2022-11-9,Analyst Report: Kellogg Company,Morningstar Research,https://finance.yahoo.com/m/a54ba4f2-2a82-3f3b-925f-50b0a0819026/analyst-report%3A-kellogg.html,1667841419,STORY
56e51bb5-94be-3ce1-abd9-f3961c839592,K,2022-11-9,15 Largest Food and Beverage Companies in the World in 2022 (Updated),Insider Monkey,https://finance.yahoo.com/news/15-largest-food-beverage-companies-221801364.html,1667837881,STORY
aa7234d8-e3fb-3916-ac47-876d62607130,K,2022-11-9,SPREAD JOY AT A MOMENT'S NOTICE THIS HOLIDAY SEASON WITH KELLOGG'S® CRACKERS,PR Newswire,https://finance.yahoo.com/news/spread-joy-moments-notice-holiday-130000204.html,1667826000,STORY
c195a5b4-8888-3cd7-a48c-ff90b8b4b732,K,2022-11-9,"Kellogg raised its outlook, but fundamentals may have reached a ‘high watermark’, says analyst",MarketWatch,https://finance.yahoo.com/m/c195a5b4-8888-3cd7-a48c-ff90b8b4b732/kellogg-raised-its-outlook%2C.html,1667500320,STORY
51f760b5-cced-3cd1-b25b-35f76ca7e01f,K,2022-11-9,Kellogg Raises Outlook as Third-Quarter Sales Rose 9%,The Wall Street Journal,https://finance.yahoo.com/m/51f760b5-cced-3cd1-b25b-35f76ca7e01f/kellogg-raises-outlook-as.html,1667499240,STORY
8ac4cbce-99cc-3288-9452-761b62d6006b,K,2022-11-9,Kellogg Raises Its Sales Forecast. Higher Prices Have Been Helping,Barrons.com,https://finance.yahoo.com/m/8ac4cbce-99cc-3288-9452-761b62d6006b/kellogg-raises-its-sales.html,1667493180,STORY
70989a22-1551-3e78-8de8-e08544776427,K,2022-11-10,POP-TARTS CELEBRATES FIRST FROSTED GINGERBREAD FLAVOR BY LISTING A GINGERBREAD HOUSE ON ZILLOW,PR Newswire,https://finance.yahoo.com/news/pop-tarts-celebrates-first-frosted-130000968.html,1668085200,STORY
56e51bb5-94be-3ce1-abd9-f3961c839592,K,2022-11-10,15 Largest Food and Beverage Companies in the World in 2022 (Updated),Insider Monkey,https://finance.yahoo.com/news/15-largest-food-beverage-companies-221801364.html,1667837881,STORY
aa7234d8-e3fb-3916-ac47-876d62607130,K,2022-11-10,SPREAD JOY AT A MOMENT'S NOTICE THIS HOLIDAY SEASON WITH KELLOGG'S® CRACKERS,PR Newswire,https://finance.yahoo.com/news/spread-joy-moments-notice-holiday-130000204.html,1667826000,STORY
c195a5b4-8888-3cd7-a48c-ff90b8b4b732,K,2022-11-10,"Kellogg raised its outlook, but fundamentals may have reached a ‘high watermark’, says analyst",MarketWatch,https://finance.yahoo.com/m/c195a5b4-8888-3cd7-a48c-ff90b8b4b732/kellogg-raised-its-outlook%2C.html,1667500320,STORY
51f760b5-cced-3cd1-b25b-35f76ca7e01f,K,2022-11-10,Kellogg Raises Outlook as Third-Quarter Sales Rose 9%,The Wall Street Journal,https://finance.yahoo.com/m/51f760b5-cced-3cd1-b25b-35f76ca7e01f/kellogg-raises-outlook-as.html,1667499240,STORY
8ac4cbce-99cc-3288-9452-761b62d6006b,K,2022-11-10,Kellogg Raises Its Sales Forecast. Higher Prices Have Been Helping,Barrons.com,https://finance.yahoo.com/m/8ac4cbce-99cc-3288-9452-761b62d6006b/kellogg-raises-its-sales.html,1667493180,STORY
fe7723e4-0d44-386c-b787-6cb326e9f6c6,K,2022-11-10,"Kellogg (K) Tops Q3 Earnings Estimates, Raises 2022 Guidance",Zacks,https://finance.yahoo.com/news/kellogg-k-tops-q3-earnings-161604969.html,1667492164,STORY
8e4a8f54-22cb-3ecf-84a0-7a5df5905ff0,K,2022-11-10,Kellogg Q3 Earnings Beat Estimates,Benzinga,https://finance.yahoo.com/news/kellogg-q3-earnings-beat-estimates-140313635.html,1667484193,STORY
9c8716ff-2878-3437-b79b-40339e889a8d,K,2022-11-11,Kellogg Company CIO: You're only as good as your team,PR Newswire,https://finance.yahoo.com/news/kellogg-company-cio-youre-only-204200146.html,1668112920,STORY
70989a22-1551-3e78-8de8-e08544776427,K,2022-11-11,POP-TARTS CELEBRATES FIRST FROSTED GINGERBREAD FLAVOR BY LISTING A GINGERBREAD HOUSE ON ZILLOW,PR Newswire,https://finance.yahoo.com/news/pop-tarts-celebrates-first-frosted-130000968.html,1668085200,STORY
56e51bb5-94be-3ce1-abd9-f3961c839592,K,2022-11-11,15 Largest Food and Beverage Companies in the World in 2022 (Updated),Insider Monkey,https://finance.yahoo.com/news/15-largest-food-beverage-companies-221801364.html,1667837881,STORY
aa7234d8-e3fb-3916-ac47-876d62607130,K,2022-11-11,SPREAD JOY AT A MOMENT'S NOTICE THIS HOLIDAY SEASON WITH KELLOGG'S® CRACKERS,PR Newswire,https://finance.yahoo.com/news/spread-joy-moments-notice-holiday-130000204.html,1667826000,STORY
c195a5b4-8888-3cd7-a48c-ff90b8b4b732,K,2022-11-11,"Kellogg raised its outlook, but fundamentals may have reached a ‘high watermark’, says analyst",MarketWatch,https://finance.yahoo.com/m/c195a5b4-8888-3cd7-a48c-ff90b8b4b732/kellogg-raised-its-outlook%2C.html,1667500320,STORY
51f760b5-cced-3cd1-b25b-35f76ca7e01f,K,2022-11-11,Kellogg Raises Outlook as Third-Quarter Sales Rose 9%,The Wall Street Journal,https://finance.yahoo.com/m/51f760b5-cced-3cd1-b25b-35f76ca7e01f/kellogg-raises-outlook-as.html,1667499240,STORY
8ac4cbce-99cc-3288-9452-761b62d6006b,K,2022-11-11,Kellogg Raises Its Sales Forecast. Higher Prices Have Been Helping,Barrons.com,https://finance.yahoo.com/m/8ac4cbce-99cc-3288-9452-761b62d6006b/kellogg-raises-its-sales.html,1667493180,STORY
fe7723e4-0d44-386c-b787-6cb326e9f6c6,K,2022-11-11,"Kellogg (K) Tops Q3 Earnings Estimates, Raises 2022 Guidance",Zacks,https://finance.yahoo.com/news/kellogg-k-tops-q3-earnings-161604969.html,1667492164,STORY
399d486b-f0c1-36c3-8af2-082af39bb7c1,K,2022-11-12,Daily – Vickers Top Buyers & Sellers for 11/11/2022,Argus Research,https://finance.yahoo.com/m/399d486b-f0c1-36c3-8af2-082af39bb7c1/daily-%E2%80%93-vickers-top-buyers-%26.html,1668168146,STORY
9c8716ff-2878-3437-b79b-40339e889a8d,K,2022-11-12,Kellogg Company CIO: You're only as good as your team,PR Newswire,https://finance.yahoo.com/news/kellogg-company-cio-youre-only-204200146.html,1668112920,STORY
70989a22-1551-3e78-8de8-e08544776427,K,2022-11-12,POP-TARTS CELEBRATES FIRST FROSTED GINGERBREAD FLAVOR BY LISTING A GINGERBREAD HOUSE ON ZILLOW,PR Newswire,https://finance.yahoo.com/news/pop-tarts-celebrates-first-frosted-130000968.html,1668085200,STORY
56e51bb5-94be-3ce1-abd9-f3961c839592,K,2022-11-12,15 Largest Food and Beverage Companies in the World in 2022 (Updated),Insider Monkey,https://finance.yahoo.com/news/15-largest-food-beverage-companies-221801364.html,1667837881,STORY
aa7234d8-e3fb-3916-ac47-876d62607130,K,2022-11-12,SPREAD JOY AT A MOMENT'S NOTICE THIS HOLIDAY SEASON WITH KELLOGG'S® CRACKERS,PR Newswire,https://finance.yahoo.com/news/spread-joy-moments-notice-holiday-130000204.html,1667826000,STORY
c195a5b4-8888-3cd7-a48c-ff90b8b4b732,K,2022-11-12,"Kellogg raised its outlook, but fundamentals may have reached a ‘high watermark’, says analyst",MarketWatch,https://finance.yahoo.com/m/c195a5b4-8888-3cd7-a48c-ff90b8b4b732/kellogg-raised-its-outlook%2C.html,1667500320,STORY
51f760b5-cced-3cd1-b25b-35f76ca7e01f,K,2022-11-12,Kellogg Raises Outlook as Third-Quarter Sales Rose 9%,The Wall Street Journal,https://finance.yahoo.com/m/51f760b5-cced-3cd1-b25b-35f76ca7e01f/kellogg-raises-outlook-as.html,1667499240,STORY
8ac4cbce-99cc-3288-9452-761b62d6006b,K,2022-11-12,Kellogg Raises Its Sales Forecast. Higher Prices Have Been Helping,Barrons.com,https://finance.yahoo.com/m/8ac4cbce-99cc-3288-9452-761b62d6006b/kellogg-raises-its-sales.html,1667493180,STORY
9c8716ff-2878-3437-b79b-40339e889a8d,K,2022-11-13,Kellogg Company CIO: You're only as good as your team,PR Newswire,https://finance.yahoo.com/news/kellogg-company-cio-youre-only-204200146.html,1668112920,STORY
70989a22-1551-3e78-8de8-e08544776427,K,2022-11-13,POP-TARTS CELEBRATES FIRST FROSTED GINGERBREAD FLAVOR BY LISTING A GINGERBREAD HOUSE ON ZILLOW,PR Newswire,https://finance.yahoo.com/news/pop-tarts-celebrates-first-frosted-130000968.html,1668085200,STORY
56e51bb5-94be-3ce1-abd9-f3961c839592,K,2022-11-13,15 Largest Food and Beverage Companies in the World in 2022 (Updated),Insider Monkey,https://finance.yahoo.com/news/15-largest-food-beverage-companies-221801364.html,1667837881,STORY
aa7234d8-e3fb-3916-ac47-876d62607130,K,2022-11-13,SPREAD JOY AT A MOMENT'S NOTICE THIS HOLIDAY SEASON WITH KELLOGG'S® CRACKERS,PR Newswire,https://finance.yahoo.com/news/spread-joy-moments-notice-holiday-130000204.html,1667826000,STORY
c195a5b4-8888-3cd7-a48c-ff90b8b4b732,K,2022-11-13,"Kellogg raised its outlook, but fundamentals may have reached a ‘high watermark’, says analyst",MarketWatch,https://finance.yahoo.com/m/c195a5b4-8888-3cd7-a48c-ff90b8b4b732/kellogg-raised-its-outlook%2C.html,1667500320,STORY
51f760b5-cced-3cd1-b25b-35f76ca7e01f,K,2022-11-13,Kellogg Raises Outlook as Third-Quarter Sales Rose 9%,The Wall Street Journal,https://finance.yahoo.com/m/51f760b5-cced-3cd1-b25b-35f76ca7e01f/kellogg-raises-outlook-as.html,1667499240,STORY
8ac4cbce-99cc-3288-9452-761b62d6006b,K,2022-11-13,Kellogg Raises Its Sales Forecast. Higher Prices Have Been Helping,Barrons.com,https://finance.yahoo.com/m/8ac4cbce-99cc-3288-9452-761b62d6006b/kellogg-raises-its-sales.html,1667493180,STORY
fe7723e4-0d44-386c-b787-6cb326e9f6c6,K,2022-11-13,"Kellogg (K) Tops Q3 Earnings Estimates, Raises 2022 Guidance",Zacks,https://finance.yahoo.com/news/kellogg-k-tops-q3-earnings-161604969.html,1667492164,STORY
9c8716ff-2878-3437-b79b-40339e889a8d,K,2022-11-14,Kellogg Company CIO: You're only as good as your team,PR Newswire,https://finance.yahoo.com/news/kellogg-company-cio-youre-only-204200146.html,1668112920,STORY
70989a22-1551-3e78-8de8-e08544776427,K,2022-11-14,POP-TARTS CELEBRATES FIRST FROSTED GINGERBREAD FLAVOR BY LISTING A GINGERBREAD HOUSE ON ZILLOW,PR Newswire,https://finance.yahoo.com/news/pop-tarts-celebrates-first-frosted-130000968.html,1668085200,STORY
56e51bb5-94be-3ce1-abd9-f3961c839592,K,2022-11-14,15 Largest Food and Beverage Companies in the World in 2022 (Updated),Insider Monkey,https://finance.yahoo.com/news/15-largest-food-beverage-companies-221801364.html,1667837881,STORY
aa7234d8-e3fb-3916-ac47-876d62607130,K,2022-11-14,SPREAD JOY AT A MOMENT'S NOTICE THIS HOLIDAY SEASON WITH KELLOGG'S® CRACKERS,PR Newswire,https://finance.yahoo.com/news/spread-joy-moments-notice-holiday-130000204.html,1667826000,STORY
c195a5b4-8888-3cd7-a48c-ff90b8b4b732,K,2022-11-14,"Kellogg raised its outlook, but fundamentals may have reached a ‘high watermark’, says analyst",MarketWatch,https://finance.yahoo.com/m/c195a5b4-8888-3cd7-a48c-ff90b8b4b732/kellogg-raised-its-outlook%2C.html,1667500320,STORY
51f760b5-cced-3cd1-b25b-35f76ca7e01f,K,2022-11-14,Kellogg Raises Outlook as Third-Quarter Sales Rose 9%,The Wall Street Journal,https://finance.yahoo.com/m/51f760b5-cced-3cd1-b25b-35f76ca7e01f/kellogg-raises-outlook-as.html,1667499240,STORY
8ac4cbce-99cc-3288-9452-761b62d6006b,K,2022-11-14,Kellogg Raises Its Sales Forecast. Higher Prices Have Been Helping,Barrons.com,https://finance.yahoo.com/m/8ac4cbce-99cc-3288-9452-761b62d6006b/kellogg-raises-its-sales.html,1667493180,STORY
fe7723e4-0d44-386c-b787-6cb326e9f6c6,K,2022-11-14,"Kellogg (K) Tops Q3 Earnings Estimates, Raises 2022 Guidance",Zacks,https://finance.yahoo.com/news/kellogg-k-tops-q3-earnings-161604969.html,1667492164,STORY
f9251b98-0a32-38e0-be27-283716693830,K,2022-11-15,CHEEZ-IT® JOINS CITRUS BOWL AS TITLE PARTNER FOR THE NEWLY NAMED CHEEZ-IT® CITRUS BOWL,PR Newswire,https://finance.yahoo.com/news/cheez-joins-citrus-bowl-title-130000210.html,1668517200,STORY
12fa13cb-343a-3d28-92c9-cdca4ad750f2,K,2022-11-15,Attention Laid-Off Tech Workers: This Elite B-School Wants You To Consider An MBA,Poets & Quants,https://finance.yahoo.com/news/attention-laid-off-tech-workers-015741168.html,1668477461,STORY
9c8716ff-2878-3437-b79b-40339e889a8d,K,2022-11-15,Kellogg Company CIO: You're only as good as your team,PR Newswire,https://finance.yahoo.com/news/kellogg-company-cio-youre-only-204200146.html,1668112920,STORY
70989a22-1551-3e78-8de8-e08544776427,K,2022-11-15,POP-TARTS CELEBRATES FIRST FROSTED GINGERBREAD FLAVOR BY LISTING A GINGERBREAD HOUSE ON ZILLOW,PR Newswire,https://finance.yahoo.com/news/pop-tarts-celebrates-first-frosted-130000968.html,1668085200,STORY
56e51bb5-94be-3ce1-abd9-f3961c839592,K,2022-11-15,15 Largest Food and Beverage Companies in the World in 2022 (Updated),Insider Monkey,https://finance.yahoo.com/news/15-largest-food-beverage-companies-221801364.html,1667837881,STORY
aa7234d8-e3fb-3916-ac47-876d62607130,K,2022-11-15,SPREAD JOY AT A MOMENT'S NOTICE THIS HOLIDAY SEASON WITH KELLOGG'S® CRACKERS,PR Newswire,https://finance.yahoo.com/news/spread-joy-moments-notice-holiday-130000204.html,1667826000,STORY
c195a5b4-8888-3cd7-a48c-ff90b8b4b732,K,2022-11-15,"Kellogg raised its outlook, but fundamentals may have reached a ‘high watermark’, says analyst",MarketWatch,https://finance.yahoo.com/m/c195a5b4-8888-3cd7-a48c-ff90b8b4b732/kellogg-raised-its-outlook%2C.html,1667500320,STORY
51f760b5-cced-3cd1-b25b-35f76ca7e01f,K,2022-11-15,Kellogg Raises Outlook as Third-Quarter Sales Rose 9%,The Wall Street Journal,https://finance.yahoo.com/m/51f760b5-cced-3cd1-b25b-35f76ca7e01f/kellogg-raises-outlook-as.html,1667499240,STORY
a3e5ff27-27fd-3261-9b4d-3f7804db8b32,K,2022-11-16,"PSA from the North Pole! Santa Wants Kellogg's® Rice Krispies® Treats This Year, Not Cookies",PR Newswire,https://finance.yahoo.com/news/psa-north-pole-santa-wants-180300759.html,1668535380,STORY
45395eb2-d1f2-38b5-94d8-6ad3b2e8dd50,K,2022-11-16,"United to Feed Innovation Challenge supports unique, sustainable and equitable food projects",PR Newswire,https://finance.yahoo.com/news/united-feed-innovation-challenge-supports-162600781.html,1668529560,STORY
f9251b98-0a32-38e0-be27-283716693830,K,2022-11-16,CHEEZ-IT® JOINS CITRUS BOWL AS TITLE PARTNER FOR THE NEWLY NAMED CHEEZ-IT® CITRUS BOWL,PR Newswire,https://finance.yahoo.com/news/cheez-joins-citrus-bowl-title-130000210.html,1668517200,STORY
12fa13cb-343a-3d28-92c9-cdca4ad750f2,K,2022-11-16,Attention Laid-Off Tech Workers: A Top-5 B-School Wants You To Consider An MBA,Poets & Quants,https://finance.yahoo.com/news/attention-laid-off-tech-workers-015741168.html,1668477461,STORY
9c8716ff-2878-3437-b79b-40339e889a8d,K,2022-11-16,Kellogg Company CIO: You're only as good as your team,PR Newswire,https://finance.yahoo.com/news/kellogg-company-cio-youre-only-204200146.html,1668112920,STORY
70989a22-1551-3e78-8de8-e08544776427,K,2022-11-16,POP-TARTS CELEBRATES FIRST FROSTED GINGERBREAD FLAVOR BY LISTING A GINGERBREAD HOUSE ON ZILLOW,PR Newswire,https://finance.yahoo.com/news/pop-tarts-celebrates-first-frosted-130000968.html,1668085200,STORY
56e51bb5-94be-3ce1-abd9-f3961c839592,K,2022-11-16,15 Largest Food and Beverage Companies in the World in 2022 (Updated),Insider Monkey,https://finance.yahoo.com/news/15-largest-food-beverage-companies-221801364.html,1667837881,STORY
aa7234d8-e3fb-3916-ac47-876d62607130,K,2022-11-16,SPREAD JOY AT A MOMENT'S NOTICE THIS HOLIDAY SEASON WITH KELLOGG'S® CRACKERS,PR Newswire,https://finance.yahoo.com/news/spread-joy-moments-notice-holiday-130000204.html,1667826000,STORY
a3e5ff27-27fd-3261-9b4d-3f7804db8b32,K,2022-11-17,"PSA from the North Pole! Santa Wants Kellogg's® Rice Krispies® Treats This Year, Not Cookies",PR Newswire,https://finance.yahoo.com/news/psa-north-pole-santa-wants-180300759.html,1668535380,STORY
45395eb2-d1f2-38b5-94d8-6ad3b2e8dd50,K,2022-11-17,"United to Feed Innovation Challenge supports unique, sustainable and equitable food projects",PR Newswire,https://finance.yahoo.com/news/united-feed-innovation-challenge-supports-162600781.html,1668529560,STORY
f9251b98-0a32-38e0-be27-283716693830,K,2022-11-17,CHEEZ-IT® JOINS CITRUS BOWL AS TITLE PARTNER FOR THE NEWLY NAMED CHEEZ-IT® CITRUS BOWL,PR Newswire,https://finance.yahoo.com/news/cheez-joins-citrus-bowl-title-130000210.html,1668517200,STORY
12fa13cb-343a-3d28-92c9-cdca4ad750f2,K,2022-11-17,Attention Laid-Off Tech Workers: A Top-5 B-School Wants You To Consider An MBA,Poets & Quants,https://finance.yahoo.com/news/attention-laid-off-tech-workers-015741168.html,1668477461,STORY
9c8716ff-2878-3437-b79b-40339e889a8d,K,2022-11-17,Kellogg Company CIO: You're only as good as your team,PR Newswire,https://finance.yahoo.com/news/kellogg-company-cio-youre-only-204200146.html,1668112920,STORY
70989a22-1551-3e78-8de8-e08544776427,K,2022-11-17,POP-TARTS CELEBRATES FIRST FROSTED GINGERBREAD FLAVOR BY LISTING A GINGERBREAD HOUSE ON ZILLOW,PR Newswire,https://finance.yahoo.com/news/pop-tarts-celebrates-first-frosted-130000968.html,1668085200,STORY
56e51bb5-94be-3ce1-abd9-f3961c839592,K,2022-11-17,15 Largest Food and Beverage Companies in the World in 2022 (Updated),Insider Monkey,https://finance.yahoo.com/news/15-largest-food-beverage-companies-221801364.html,1667837881,STORY
aa7234d8-e3fb-3916-ac47-876d62607130,K,2022-11-17,SPREAD JOY AT A MOMENT'S NOTICE THIS HOLIDAY SEASON WITH KELLOGG'S® CRACKERS,PR Newswire,https://finance.yahoo.com/news/spread-joy-moments-notice-holiday-130000204.html,1667826000,STORY
a3e5ff27-27fd-3261-9b4d-3f7804db8b32,K,2022-11-18,"PSA from the North Pole! Santa Wants Kellogg's® Rice Krispies® Treats This Year, Not Cookies",PR Newswire,https://finance.yahoo.com/news/psa-north-pole-santa-wants-180300759.html,1668535380,STORY
45395eb2-d1f2-38b5-94d8-6ad3b2e8dd50,K,2022-11-18,"United to Feed Innovation Challenge supports unique, sustainable and equitable food projects",PR Newswire,https://finance.yahoo.com/news/united-feed-innovation-challenge-supports-162600781.html,1668529560,STORY
f9251b98-0a32-38e0-be27-283716693830,K,2022-11-18,CHEEZ-IT® JOINS CITRUS BOWL AS TITLE PARTNER FOR THE NEWLY NAMED CHEEZ-IT® CITRUS BOWL,PR Newswire,https://finance.yahoo.com/news/cheez-joins-citrus-bowl-title-130000210.html,1668517200,STORY
12fa13cb-343a-3d28-92c9-cdca4ad750f2,K,2022-11-18,Attention Laid-Off Tech Workers: A Top-5 B-School Wants You To Consider An MBA,Poets & Quants,https://finance.yahoo.com/news/attention-laid-off-tech-workers-015741168.html,1668477461,STORY
9c8716ff-2878-3437-b79b-40339e889a8d,K,2022-11-18,Kellogg Company CIO: You're only as good as your team,PR Newswire,https://finance.yahoo.com/news/kellogg-company-cio-youre-only-204200146.html,1668112920,STORY
70989a22-1551-3e78-8de8-e08544776427,K,2022-11-18,POP-TARTS CELEBRATES FIRST FROSTED GINGERBREAD FLAVOR BY LISTING A GINGERBREAD HOUSE ON ZILLOW,PR Newswire,https://finance.yahoo.com/news/pop-tarts-celebrates-first-frosted-130000968.html,1668085200,STORY
56e51bb5-94be-3ce1-abd9-f3961c839592,K,2022-11-18,15 Largest Food and Beverage Companies in the World in 2022 (Updated),Insider Monkey,https://finance.yahoo.com/news/15-largest-food-beverage-companies-221801364.html,1667837881,STORY
aa7234d8-e3fb-3916-ac47-876d62607130,K,2022-11-18,SPREAD JOY AT A MOMENT'S NOTICE THIS HOLIDAY SEASON WITH KELLOGG'S® CRACKERS,PR Newswire,https://finance.yahoo.com/news/spread-joy-moments-notice-holiday-130000204.html,1667826000,STORY
bba48342-4fdf-39f6-b143-c8e9a5daa15b,K,2022-11-19,The Consortium Grows Again: Kellogg Becomes 23rd Member B-School,Poets & Quants,https://finance.yahoo.com/news/consortium-grows-again-kellogg-becomes-213853128.html,1668807533,STORY
a74dac65-7be4-3531-a326-edad9efb215b,K,2022-11-19,Kellogg Company and NewEdge Inc: Why Innovation and R&D Must Drive Global Food System Transformation,PR Newswire,https://finance.yahoo.com/news/kellogg-company-newedge-inc-why-182800017.html,1668796080,STORY
a3e5ff27-27fd-3261-9b4d-3f7804db8b32,K,2022-11-19,"PSA from the North Pole! Santa Wants Kellogg's® Rice Krispies® Treats This Year, Not Cookies",PR Newswire,https://finance.yahoo.com/news/psa-north-pole-santa-wants-180300759.html,1668535380,STORY
45395eb2-d1f2-38b5-94d8-6ad3b2e8dd50,K,2022-11-19,"United to Feed Innovation Challenge supports unique, sustainable and equitable food projects",PR Newswire,https://finance.yahoo.com/news/united-feed-innovation-challenge-supports-162600781.html,1668529560,STORY
f9251b98-0a32-38e0-be27-283716693830,K,2022-11-19,CHEEZ-IT® JOINS CITRUS BOWL AS TITLE PARTNER FOR THE NEWLY NAMED CHEEZ-IT® CITRUS BOWL,PR Newswire,https://finance.yahoo.com/news/cheez-joins-citrus-bowl-title-130000210.html,1668517200,STORY
12fa13cb-343a-3d28-92c9-cdca4ad750f2,K,2022-11-19,Attention Laid-Off Tech Workers: A Top-5 B-School Wants You To Consider An MBA,Poets & Quants,https://finance.yahoo.com/news/attention-laid-off-tech-workers-015741168.html,1668477461,STORY
9c8716ff-2878-3437-b79b-40339e889a8d,K,2022-11-19,Kellogg Company CIO: You're only as good as your team,PR Newswire,https://finance.yahoo.com/news/kellogg-company-cio-youre-only-204200146.html,1668112920,STORY
70989a22-1551-3e78-8de8-e08544776427,K,2022-11-19,POP-TARTS CELEBRATES FIRST FROSTED GINGERBREAD FLAVOR BY LISTING A GINGERBREAD HOUSE ON ZILLOW,PR Newswire,https://finance.yahoo.com/news/pop-tarts-celebrates-first-frosted-130000968.html,1668085200,STORY
bba48342-4fdf-39f6-b143-c8e9a5daa15b,K,2022-11-20,The Consortium Grows Again: Kellogg Becomes 23rd Member B-School,Poets & Quants,https://finance.yahoo.com/news/consortium-grows-again-kellogg-becomes-213853128.html,1668807533,STORY
a74dac65-7be4-3531-a326-edad9efb215b,K,2022-11-20,Kellogg Company and NewEdge Inc: Why Innovation and R&D Must Drive Global Food System Transformation,PR Newswire,https://finance.yahoo.com/news/kellogg-company-newedge-inc-why-182800017.html,1668796080,STORY
a3e5ff27-27fd-3261-9b4d-3f7804db8b32,K,2022-11-20,"PSA from the North Pole! Santa Wants Kellogg's® Rice Krispies® Treats This Year, Not Cookies",PR Newswire,https://finance.yahoo.com/news/psa-north-pole-santa-wants-180300759.html,1668535380,STORY
45395eb2-d1f2-38b5-94d8-6ad3b2e8dd50,K,2022-11-20,"United to Feed Innovation Challenge supports unique, sustainable and equitable food projects",PR Newswire,https://finance.yahoo.com/news/united-feed-innovation-challenge-supports-162600781.html,1668529560,STORY
f9251b98-0a32-38e0-be27-283716693830,K,2022-11-20,CHEEZ-IT® JOINS CITRUS BOWL AS TITLE PARTNER FOR THE NEWLY NAMED CHEEZ-IT® CITRUS BOWL,PR Newswire,https://finance.yahoo.com/news/cheez-joins-citrus-bowl-title-130000210.html,1668517200,STORY
12fa13cb-343a-3d28-92c9-cdca4ad750f2,K,2022-11-20,Attention Laid-Off Tech Workers: A Top-5 B-School Wants You To Consider An MBA,Poets & Quants,https://finance.yahoo.com/news/attention-laid-off-tech-workers-015741168.html,1668477461,STORY
9c8716ff-2878-3437-b79b-40339e889a8d,K,2022-11-20,Kellogg Company CIO: You're only as good as your team,PR Newswire,https://finance.yahoo.com/news/kellogg-company-cio-youre-only-204200146.html,1668112920,STORY
70989a22-1551-3e78-8de8-e08544776427,K,2022-11-20,POP-TARTS CELEBRATES FIRST FROSTED GINGERBREAD FLAVOR BY LISTING A GINGERBREAD HOUSE ON ZILLOW,PR Newswire,https://finance.yahoo.com/news/pop-tarts-celebrates-first-frosted-130000968.html,1668085200,STORY
bba48342-4fdf-39f6-b143-c8e9a5daa15b,K,2022-11-21,The Consortium Grows Again: Kellogg Becomes 23rd Member B-School,Poets & Quants,https://finance.yahoo.com/news/consortium-grows-again-kellogg-becomes-213853128.html,1668807533,STORY
a74dac65-7be4-3531-a326-edad9efb215b,K,2022-11-21,Kellogg Company and NewEdge Inc: Why Innovation and R&D Must Drive Global Food System Transformation,PR Newswire,https://finance.yahoo.com/news/kellogg-company-newedge-inc-why-182800017.html,1668796080,STORY
a3e5ff27-27fd-3261-9b4d-3f7804db8b32,K,2022-11-21,"PSA from the North Pole! Santa Wants Kellogg's® Rice Krispies® Treats This Year, Not Cookies",PR Newswire,https://finance.yahoo.com/news/psa-north-pole-santa-wants-180300759.html,1668535380,STORY
45395eb2-d1f2-38b5-94d8-6ad3b2e8dd50,K,2022-11-21,"United to Feed Innovation Challenge supports unique, sustainable and equitable food projects",PR Newswire,https://finance.yahoo.com/news/united-feed-innovation-challenge-supports-162600781.html,1668529560,STORY
f9251b98-0a32-38e0-be27-283716693830,K,2022-11-21,CHEEZ-IT® JOINS CITRUS BOWL AS TITLE PARTNER FOR THE NEWLY NAMED CHEEZ-IT® CITRUS BOWL,PR Newswire,https://finance.yahoo.com/news/cheez-joins-citrus-bowl-title-130000210.html,1668517200,STORY
12fa13cb-343a-3d28-92c9-cdca4ad750f2,K,2022-11-21,Attention Laid-Off Tech Workers: A Top-5 B-School Wants You To Consider An MBA,Poets & Quants,https://finance.yahoo.com/news/attention-laid-off-tech-workers-015741168.html,1668477461,STORY
9c8716ff-2878-3437-b79b-40339e889a8d,K,2022-11-21,Kellogg Company CIO: You're only as good as your team,PR Newswire,https://finance.yahoo.com/news/kellogg-company-cio-youre-only-204200146.html,1668112920,STORY
70989a22-1551-3e78-8de8-e08544776427,K,2022-11-21,POP-TARTS CELEBRATES FIRST FROSTED GINGERBREAD FLAVOR BY LISTING A GINGERBREAD HOUSE ON ZILLOW,PR Newswire,https://finance.yahoo.com/news/pop-tarts-celebrates-first-frosted-130000968.html,1668085200,STORY
cf21510e-7f38-392f-9ed8-57a74ffd266f,K,2022-11-22,More B-Schools Make Overtures To Laid-Off Tech Workers,Poets & Quants,https://finance.yahoo.com/news/more-b-schools-overtures-laid-184706190.html,1669056426,STORY
979f062a-d4f5-3eae-b730-e8a1660e05f7,K,2022-11-22,SAY CHEEZ! CHEEZ-IT® SNAP'D AND IHEARTRADIO GIVE FANS THE CHANCE TO SNAP THEIR HOLIDAY CARD PHOTO WITH THE BACKSTREET BOYS,PR Newswire,https://finance.yahoo.com/news/cheez-cheez-snapd-iheartradio-fans-140000211.html,1669039200,STORY
bba48342-4fdf-39f6-b143-c8e9a5daa15b,K,2022-11-22,The Consortium Grows Again: Kellogg Becomes 23rd Member B-School,Poets & Quants,https://finance.yahoo.com/news/consortium-grows-again-kellogg-becomes-213853128.html,1668807533,STORY
a74dac65-7be4-3531-a326-edad9efb215b,K,2022-11-22,Kellogg Company and NewEdge Inc: Why Innovation and R&D Must Drive Global Food System Transformation,PR Newswire,https://finance.yahoo.com/news/kellogg-company-newedge-inc-why-182800017.html,1668796080,STORY
667b2c86-5c6e-38a2-b784-4bab98963756,K,2022-11-22,5 Food Stocks Positioned to Profit in 2023,InvestorPlace,https://finance.yahoo.com/news/5-food-stocks-positioned-profit-142639099.html,1668781599,STORY
a3e5ff27-27fd-3261-9b4d-3f7804db8b32,K,2022-11-22,"PSA from the North Pole! Santa Wants Kellogg's® Rice Krispies® Treats This Year, Not Cookies",PR Newswire,https://finance.yahoo.com/news/psa-north-pole-santa-wants-180300759.html,1668535380,STORY
45395eb2-d1f2-38b5-94d8-6ad3b2e8dd50,K,2022-11-22,"United to Feed Innovation Challenge supports unique, sustainable and equitable food projects",PR Newswire,https://finance.yahoo.com/news/united-feed-innovation-challenge-supports-162600781.html,1668529560,STORY
f9251b98-0a32-38e0-be27-283716693830,K,2022-11-22,CHEEZ-IT® JOINS CITRUS BOWL AS TITLE PARTNER FOR THE NEWLY NAMED CHEEZ-IT® CITRUS BOWL,PR Newswire,https://finance.yahoo.com/news/cheez-joins-citrus-bowl-title-130000210.html,1668517200,STORY
1abe2af5-741d-3a8b-86a9-e5d880dcf3fe,K,2022-11-23,Kellogg Makes Morningstar List of Undervalued Stocks,TheStreet.com,https://finance.yahoo.com/m/1abe2af5-741d-3a8b-86a9-e5d880dcf3fe/kellogg-makes-morningstar.html,1669148880,STORY
cf21510e-7f38-392f-9ed8-57a74ffd266f,K,2022-11-23,More B-Schools Make Overtures To Laid-Off Tech Workers,Poets & Quants,https://finance.yahoo.com/news/more-b-schools-overtures-laid-184706190.html,1669056426,STORY
979f062a-d4f5-3eae-b730-e8a1660e05f7,K,2022-11-23,SAY CHEEZ! CHEEZ-IT® SNAP'D AND IHEARTRADIO GIVE FANS THE CHANCE TO SNAP THEIR HOLIDAY CARD PHOTO WITH THE BACKSTREET BOYS,PR Newswire,https://finance.yahoo.com/news/cheez-cheez-snapd-iheartradio-fans-140000211.html,1669039200,STORY
bba48342-4fdf-39f6-b143-c8e9a5daa15b,K,2022-11-23,The Consortium Grows Again: Kellogg Becomes 23rd Member B-School,Poets & Quants,https://finance.yahoo.com/news/consortium-grows-again-kellogg-becomes-213853128.html,1668807533,STORY
a74dac65-7be4-3531-a326-edad9efb215b,K,2022-11-23,Kellogg Company and NewEdge Inc: Why Innovation and R&D Must Drive Global Food System Transformation,PR Newswire,https://finance.yahoo.com/news/kellogg-company-newedge-inc-why-182800017.html,1668796080,STORY
667b2c86-5c6e-38a2-b784-4bab98963756,K,2022-11-23,5 Food Stocks Positioned to Profit in 2023,InvestorPlace,https://finance.yahoo.com/news/5-food-stocks-positioned-profit-142639099.html,1668781599,STORY
a3e5ff27-27fd-3261-9b4d-3f7804db8b32,K,2022-11-23,"PSA from the North Pole! Santa Wants Kellogg's® Rice Krispies® Treats This Year, Not Cookies",PR Newswire,https://finance.yahoo.com/news/psa-north-pole-santa-wants-180300759.html,1668535380,STORY
45395eb2-d1f2-38b5-94d8-6ad3b2e8dd50,K,2022-11-23,"United to Feed Innovation Challenge supports unique, sustainable and equitable food projects",PR Newswire,https://finance.yahoo.com/news/united-feed-innovation-challenge-supports-162600781.html,1668529560,STORY
87b72d63-a2a8-370f-980f-dc0e3a759eb2,K,2022-11-24,Daily – Vickers Top Buyers & Sellers for 11/23/2022,Argus Research,https://finance.yahoo.com/m/87b72d63-a2a8-370f-980f-dc0e3a759eb2/daily-%E2%80%93-vickers-top-buyers-%26.html,1669202526,STORY
1abe2af5-741d-3a8b-86a9-e5d880dcf3fe,K,2022-11-24,Kellogg Makes Morningstar List of Undervalued Stocks,TheStreet.com,https://finance.yahoo.com/m/1abe2af5-741d-3a8b-86a9-e5d880dcf3fe/kellogg-makes-morningstar.html,1669148880,STORY
cf21510e-7f38-392f-9ed8-57a74ffd266f,K,2022-11-24,More B-Schools Make Overtures To Laid-Off Tech Workers,Poets & Quants,https://finance.yahoo.com/news/more-b-schools-overtures-laid-184706190.html,1669056426,STORY
979f062a-d4f5-3eae-b730-e8a1660e05f7,K,2022-11-24,SAY CHEEZ! CHEEZ-IT® SNAP'D AND IHEARTRADIO GIVE FANS THE CHANCE TO SNAP THEIR HOLIDAY CARD PHOTO WITH THE BACKSTREET BOYS,PR Newswire,https://finance.yahoo.com/news/cheez-cheez-snapd-iheartradio-fans-140000211.html,1669039200,STORY
bba48342-4fdf-39f6-b143-c8e9a5daa15b,K,2022-11-24,The Consortium Grows Again: Kellogg Becomes 23rd Member B-School,Poets & Quants,https://finance.yahoo.com/news/consortium-grows-again-kellogg-becomes-213853128.html,1668807533,STORY
a74dac65-7be4-3531-a326-edad9efb215b,K,2022-11-24,Kellogg Company and NewEdge Inc: Why Innovation and R&D Must Drive Global Food System Transformation,PR Newswire,https://finance.yahoo.com/news/kellogg-company-newedge-inc-why-182800017.html,1668796080,STORY
667b2c86-5c6e-38a2-b784-4bab98963756,K,2022-11-24,5 Food Stocks Positioned to Profit in 2023,InvestorPlace,https://finance.yahoo.com/news/5-food-stocks-positioned-profit-142639099.html,1668781599,STORY
a3e5ff27-27fd-3261-9b4d-3f7804db8b32,K,2022-11-24,"PSA from the North Pole! Santa Wants Kellogg's® Rice Krispies® Treats This Year, Not Cookies",PR Newswire,https://finance.yahoo.com/news/psa-north-pole-santa-wants-180300759.html,1668535380,STORY
49adc583-3c84-3930-9876-11ed18c03712,K,2022-11-25,Is Kellogg Company (NYSE:K) Trading At A 47% Discount?,Simply Wall St.,https://finance.yahoo.com/news/kellogg-company-nyse-k-trading-105824187.html,1669373904,STORY
8a7a2979-8919-323f-b550-27a040a1a0b8,K,2022-11-25,Income Investors Should Know That Kellogg Company (NYSE:K) Goes Ex-Dividend Soon,Simply Wall St.,https://finance.yahoo.com/news/income-investors-know-kellogg-company-103728353.html,1669372648,STORY
1abe2af5-741d-3a8b-86a9-e5d880dcf3fe,K,2022-11-25,Kellogg Makes Morningstar List of Undervalued Stocks,TheStreet.com,https://finance.yahoo.com/m/1abe2af5-741d-3a8b-86a9-e5d880dcf3fe/kellogg-makes-morningstar.html,1669148880,STORY
cf21510e-7f38-392f-9ed8-57a74ffd266f,K,2022-11-25,More B-Schools Make Overtures To Laid-Off Tech Workers,Poets & Quants,https://finance.yahoo.com/news/more-b-schools-overtures-laid-184706190.html,1669056426,STORY
979f062a-d4f5-3eae-b730-e8a1660e05f7,K,2022-11-25,SAY CHEEZ! CHEEZ-IT® SNAP'D AND IHEARTRADIO GIVE FANS THE CHANCE TO SNAP THEIR HOLIDAY CARD PHOTO WITH THE BACKSTREET BOYS,PR Newswire,https://finance.yahoo.com/news/cheez-cheez-snapd-iheartradio-fans-140000211.html,1669039200,STORY
bba48342-4fdf-39f6-b143-c8e9a5daa15b,K,2022-11-25,The Consortium Grows Again: Kellogg Becomes 23rd Member B-School,Poets & Quants,https://finance.yahoo.com/news/consortium-grows-again-kellogg-becomes-213853128.html,1668807533,STORY
a74dac65-7be4-3531-a326-edad9efb215b,K,2022-11-25,Kellogg Company and NewEdge Inc: Why Innovation and R&D Must Drive Global Food System Transformation,PR Newswire,https://finance.yahoo.com/news/kellogg-company-newedge-inc-why-182800017.html,1668796080,STORY
667b2c86-5c6e-38a2-b784-4bab98963756,K,2022-11-25,5 Food Stocks Positioned to Profit in 2023,InvestorPlace,https://finance.yahoo.com/news/5-food-stocks-positioned-profit-142639099.html,1668781599,STORY
49adc583-3c84-3930-9876-11ed18c03712,K,2022-11-26,Is Kellogg Company (NYSE:K) Trading At A 47% Discount?,Simply Wall St.,https://finance.yahoo.com/news/kellogg-company-nyse-k-trading-105824187.html,1669373904,STORY
8a7a2979-8919-323f-b550-27a040a1a0b8,K,2022-11-26,Income Investors Should Know That Kellogg Company (NYSE:K) Goes Ex-Dividend Soon,Simply Wall St.,https://finance.yahoo.com/news/income-investors-know-kellogg-company-103728353.html,1669372648,STORY
1abe2af5-741d-3a8b-86a9-e5d880dcf3fe,K,2022-11-26,Kellogg Makes Morningstar List of Undervalued Stocks,TheStreet.com,https://finance.yahoo.com/m/1abe2af5-741d-3a8b-86a9-e5d880dcf3fe/kellogg-makes-morningstar.html,1669148880,STORY
cf21510e-7f38-392f-9ed8-57a74ffd266f,K,2022-11-26,More B-Schools Make Overtures To Laid-Off Tech Workers,Poets & Quants,https://finance.yahoo.com/news/more-b-schools-overtures-laid-184706190.html,1669056426,STORY
979f062a-d4f5-3eae-b730-e8a1660e05f7,K,2022-11-26,SAY CHEEZ! CHEEZ-IT® SNAP'D AND IHEARTRADIO GIVE FANS THE CHANCE TO SNAP THEIR HOLIDAY CARD PHOTO WITH THE BACKSTREET BOYS,PR Newswire,https://finance.yahoo.com/news/cheez-cheez-snapd-iheartradio-fans-140000211.html,1669039200,STORY
bba48342-4fdf-39f6-b143-c8e9a5daa15b,K,2022-11-26,The Consortium Grows Again: Kellogg Becomes 23rd Member B-School,Poets & Quants,https://finance.yahoo.com/news/consortium-grows-again-kellogg-becomes-213853128.html,1668807533,STORY
a74dac65-7be4-3531-a326-edad9efb215b,K,2022-11-26,Kellogg Company and NewEdge Inc: Why Innovation and R&D Must Drive Global Food System Transformation,PR Newswire,https://finance.yahoo.com/news/kellogg-company-newedge-inc-why-182800017.html,1668796080,STORY
667b2c86-5c6e-38a2-b784-4bab98963756,K,2022-11-26,5 Food Stocks Positioned to Profit in 2023,InvestorPlace,https://finance.yahoo.com/news/5-food-stocks-positioned-profit-142639099.html,1668781599,STORY
49adc583-3c84-3930-9876-11ed18c03712,K,2022-11-27,Is Kellogg Company (NYSE:K) Trading At A 47% Discount?,Simply Wall St.,https://finance.yahoo.com/news/kellogg-company-nyse-k-trading-105824187.html,1669373904,STORY
8a7a2979-8919-323f-b550-27a040a1a0b8,K,2022-11-27,Income Investors Should Know That Kellogg Company (NYSE:K) Goes Ex-Dividend Soon,Simply Wall St.,https://finance.yahoo.com/news/income-investors-know-kellogg-company-103728353.html,1669372648,STORY
1abe2af5-741d-3a8b-86a9-e5d880dcf3fe,K,2022-11-27,Kellogg Makes Morningstar List of Undervalued Stocks,TheStreet.com,https://finance.yahoo.com/m/1abe2af5-741d-3a8b-86a9-e5d880dcf3fe/kellogg-makes-morningstar.html,1669148880,STORY
cf21510e-7f38-392f-9ed8-57a74ffd266f,K,2022-11-27,More B-Schools Make Overtures To Laid-Off Tech Workers,Poets & Quants,https://finance.yahoo.com/news/more-b-schools-overtures-laid-184706190.html,1669056426,STORY
979f062a-d4f5-3eae-b730-e8a1660e05f7,K,2022-11-27,SAY CHEEZ! CHEEZ-IT® SNAP'D AND IHEARTRADIO GIVE FANS THE CHANCE TO SNAP THEIR HOLIDAY CARD PHOTO WITH THE BACKSTREET BOYS,PR Newswire,https://finance.yahoo.com/news/cheez-cheez-snapd-iheartradio-fans-140000211.html,1669039200,STORY
bba48342-4fdf-39f6-b143-c8e9a5daa15b,K,2022-11-27,The Consortium Grows Again: Kellogg Becomes 23rd Member B-School,Poets & Quants,https://finance.yahoo.com/news/consortium-grows-again-kellogg-becomes-213853128.html,1668807533,STORY
a74dac65-7be4-3531-a326-edad9efb215b,K,2022-11-27,Kellogg Company and NewEdge Inc: Why Innovation and R&D Must Drive Global Food System Transformation,PR Newswire,https://finance.yahoo.com/news/kellogg-company-newedge-inc-why-182800017.html,1668796080,STORY
667b2c86-5c6e-38a2-b784-4bab98963756,K,2022-11-27,5 Food Stocks Positioned to Profit in 2023,InvestorPlace,https://finance.yahoo.com/news/5-food-stocks-positioned-profit-142639099.html,1668781599,STORY
49adc583-3c84-3930-9876-11ed18c03712,K,2022-11-28,Is Kellogg Company (NYSE:K) Trading At A 47% Discount?,Simply Wall St.,https://finance.yahoo.com/news/kellogg-company-nyse-k-trading-105824187.html,1669373904,STORY
8a7a2979-8919-323f-b550-27a040a1a0b8,K,2022-11-28,Income Investors Should Know That Kellogg Company (NYSE:K) Goes Ex-Dividend Soon,Simply Wall St.,https://finance.yahoo.com/news/income-investors-know-kellogg-company-103728353.html,1669372648,STORY
1abe2af5-741d-3a8b-86a9-e5d880dcf3fe,K,2022-11-28,Kellogg Makes Morningstar List of Undervalued Stocks,TheStreet.com,https://finance.yahoo.com/m/1abe2af5-741d-3a8b-86a9-e5d880dcf3fe/kellogg-makes-morningstar.html,1669148880,STORY
cf21510e-7f38-392f-9ed8-57a74ffd266f,K,2022-11-28,More B-Schools Make Overtures To Laid-Off Tech Workers,Poets & Quants,https://finance.yahoo.com/news/more-b-schools-overtures-laid-184706190.html,1669056426,STORY
979f062a-d4f5-3eae-b730-e8a1660e05f7,K,2022-11-28,SAY CHEEZ! CHEEZ-IT® SNAP'D AND IHEARTRADIO GIVE FANS THE CHANCE TO SNAP THEIR HOLIDAY CARD PHOTO WITH THE BACKSTREET BOYS,PR Newswire,https://finance.yahoo.com/news/cheez-cheez-snapd-iheartradio-fans-140000211.html,1669039200,STORY
bba48342-4fdf-39f6-b143-c8e9a5daa15b,K,2022-11-28,The Consortium Grows Again: Kellogg Becomes 23rd Member B-School,Poets & Quants,https://finance.yahoo.com/news/consortium-grows-again-kellogg-becomes-213853128.html,1668807533,STORY
a74dac65-7be4-3531-a326-edad9efb215b,K,2022-11-28,Kellogg Company and NewEdge Inc: Why Innovation and R&D Must Drive Global Food System Transformation,PR Newswire,https://finance.yahoo.com/news/kellogg-company-newedge-inc-why-182800017.html,1668796080,STORY
667b2c86-5c6e-38a2-b784-4bab98963756,K,2022-11-28,5 Food Stocks Positioned to Profit in 2023,InvestorPlace,https://finance.yahoo.com/news/5-food-stocks-positioned-profit-142639099.html,1668781599,STORY
49adc583-3c84-3930-9876-11ed18c03712,K,2022-11-29,Is Kellogg Company (NYSE:K) Trading At A 47% Discount?,Simply Wall St.,https://finance.yahoo.com/news/kellogg-company-nyse-k-trading-105824187.html,1669373904,STORY
8a7a2979-8919-323f-b550-27a040a1a0b8,K,2022-11-29,Income Investors Should Know That Kellogg Company (NYSE:K) Goes Ex-Dividend Soon,Simply Wall St.,https://finance.yahoo.com/news/income-investors-know-kellogg-company-103728353.html,1669372648,STORY
1abe2af5-741d-3a8b-86a9-e5d880dcf3fe,K,2022-11-29,Kellogg Makes Morningstar List of Undervalued Stocks,TheStreet.com,https://finance.yahoo.com/m/1abe2af5-741d-3a8b-86a9-e5d880dcf3fe/kellogg-makes-morningstar.html,1669148880,STORY
cf21510e-7f38-392f-9ed8-57a74ffd266f,K,2022-11-29,More B-Schools Make Overtures To Laid-Off Tech Workers,Poets & Quants,https://finance.yahoo.com/news/more-b-schools-overtures-laid-184706190.html,1669056426,STORY
979f062a-d4f5-3eae-b730-e8a1660e05f7,K,2022-11-29,SAY CHEEZ! CHEEZ-IT® SNAP'D AND IHEARTRADIO GIVE FANS THE CHANCE TO SNAP THEIR HOLIDAY CARD PHOTO WITH THE BACKSTREET BOYS,PR Newswire,https://finance.yahoo.com/news/cheez-cheez-snapd-iheartradio-fans-140000211.html,1669039200,STORY
bba48342-4fdf-39f6-b143-c8e9a5daa15b,K,2022-11-29,The Consortium Grows Again: Kellogg Becomes 23rd Member B-School,Poets & Quants,https://finance.yahoo.com/news/consortium-grows-again-kellogg-becomes-213853128.html,1668807533,STORY
a74dac65-7be4-3531-a326-edad9efb215b,K,2022-11-29,Kellogg Company and NewEdge Inc: Why Innovation and R&D Must Drive Global Food System Transformation,PR Newswire,https://finance.yahoo.com/news/kellogg-company-newedge-inc-why-182800017.html,1668796080,STORY
667b2c86-5c6e-38a2-b784-4bab98963756,K,2022-11-29,5 Food Stocks Positioned to Profit in 2023,InvestorPlace,https://finance.yahoo.com/news/5-food-stocks-positioned-profit-142639099.html,1668781599,STORY
49adc583-3c84-3930-9876-11ed18c03712,K,2022-11-30,Is Kellogg Company (NYSE:K) Trading At A 47% Discount?,Simply Wall St.,https://finance.yahoo.com/news/kellogg-company-nyse-k-trading-105824187.html,1669373904,STORY
8a7a2979-8919-323f-b550-27a040a1a0b8,K,2022-11-30,Income Investors Should Know That Kellogg Company (NYSE:K) Goes Ex-Dividend Soon,Simply Wall St.,https://finance.yahoo.com/news/income-investors-know-kellogg-company-103728353.html,1669372648,STORY
1abe2af5-741d-3a8b-86a9-e5d880dcf3fe,K,2022-11-30,Kellogg Makes Morningstar List of Undervalued Stocks,TheStreet.com,https://finance.yahoo.com/m/1abe2af5-741d-3a8b-86a9-e5d880dcf3fe/kellogg-makes-morningstar.html,1669148880,STORY
cf21510e-7f38-392f-9ed8-57a74ffd266f,K,2022-11-30,More B-Schools Make Overtures To Laid-Off Tech Workers,Poets & Quants,https://finance.yahoo.com/news/more-b-schools-overtures-laid-184706190.html,1669056426,STORY
979f062a-d4f5-3eae-b730-e8a1660e05f7,K,2022-11-30,SAY CHEEZ! CHEEZ-IT® SNAP'D AND IHEARTRADIO GIVE FANS THE CHANCE TO SNAP THEIR HOLIDAY CARD PHOTO WITH THE BACKSTREET BOYS,PR Newswire,https://finance.yahoo.com/news/cheez-cheez-snapd-iheartradio-fans-140000211.html,1669039200,STORY
bba48342-4fdf-39f6-b143-c8e9a5daa15b,K,2022-11-30,The Consortium Grows Again: Kellogg Becomes 23rd Member B-School,Poets & Quants,https://finance.yahoo.com/news/consortium-grows-again-kellogg-becomes-213853128.html,1668807533,STORY
a74dac65-7be4-3531-a326-edad9efb215b,K,2022-11-30,Kellogg Company and NewEdge Inc: Why Innovation and R&D Must Drive Global Food System Transformation,PR Newswire,https://finance.yahoo.com/news/kellogg-company-newedge-inc-why-182800017.html,1668796080,STORY
667b2c86-5c6e-38a2-b784-4bab98963756,K,2022-11-30,5 Food Stocks Positioned to Profit in 2023,InvestorPlace,https://finance.yahoo.com/news/5-food-stocks-positioned-profit-142639099.html,1668781599,STORY
96122293-bee7-3766-b3ed-cfd08f930ca8,K,2022-12-1,CHEEZ-IT® WANTS FOOTBALL PLAYERS AND FANS TO WAKE UP 'FEELIN' THE CHEEZIEST' AT THIS SEASON'S CHEEZ-IT BOWL AND NEW CHEEZ-IT CITRUS BOWL,PR Newswire,https://finance.yahoo.com/news/cheez-wants-football-players-fans-130000861.html,1669899600,STORY
49adc583-3c84-3930-9876-11ed18c03712,K,2022-12-1,Is Kellogg Company (NYSE:K) Trading At A 47% Discount?,Simply Wall St.,https://finance.yahoo.com/news/kellogg-company-nyse-k-trading-105824187.html,1669373904,STORY
8a7a2979-8919-323f-b550-27a040a1a0b8,K,2022-12-1,Income Investors Should Know That Kellogg Company (NYSE:K) Goes Ex-Dividend Soon,Simply Wall St.,https://finance.yahoo.com/news/income-investors-know-kellogg-company-103728353.html,1669372648,STORY
1abe2af5-741d-3a8b-86a9-e5d880dcf3fe,K,2022-12-1,Kellogg Makes Morningstar List of Undervalued Stocks,TheStreet.com,https://finance.yahoo.com/m/1abe2af5-741d-3a8b-86a9-e5d880dcf3fe/kellogg-makes-morningstar.html,1669148880,STORY
cf21510e-7f38-392f-9ed8-57a74ffd266f,K,2022-12-1,More B-Schools Make Overtures To Laid-Off Tech Workers,Poets & Quants,https://finance.yahoo.com/news/more-b-schools-overtures-laid-184706190.html,1669056426,STORY
979f062a-d4f5-3eae-b730-e8a1660e05f7,K,2022-12-1,SAY CHEEZ! CHEEZ-IT® SNAP'D AND IHEARTRADIO GIVE FANS THE CHANCE TO SNAP THEIR HOLIDAY CARD PHOTO WITH THE BACKSTREET BOYS,PR Newswire,https://finance.yahoo.com/news/cheez-cheez-snapd-iheartradio-fans-140000211.html,1669039200,STORY
bba48342-4fdf-39f6-b143-c8e9a5daa15b,K,2022-12-1,The Consortium Grows Again: Kellogg Becomes 23rd Member B-School,Poets & Quants,https://finance.yahoo.com/news/consortium-grows-again-kellogg-becomes-213853128.html,1668807533,STORY
a74dac65-7be4-3531-a326-edad9efb215b,K,2022-12-1,Kellogg Company and NewEdge Inc: Why Innovation and R&D Must Drive Global Food System Transformation,PR Newswire,https://finance.yahoo.com/news/kellogg-company-newedge-inc-why-182800017.html,1668796080,STORY
20050be7-91fd-38e1-ae8e-953b7cc9386d,K,2022-12-2,Satisfy Any Craving with Two New Flavors: Kellogg's® Krave® Double Chocolate Brownie Batter Cereal and Kellogg's Froot Loops® with Marshmallows Jumbo Snax,PR Newswire,https://finance.yahoo.com/news/satisfy-craving-two-flavors-kelloggs-160200723.html,1669910520,STORY
ca7074f9-34a8-3efd-bb48-167039459de6,K,2022-12-2,Is the Options Market Predicting a Spike in Kellogg (K) Stock?,Zacks,https://finance.yahoo.com/news/options-market-predicting-spike-kellogg-134601984.html,1669902361,STORY
96122293-bee7-3766-b3ed-cfd08f930ca8,K,2022-12-2,CHEEZ-IT® WANTS FOOTBALL PLAYERS AND FANS TO WAKE UP 'FEELIN' THE CHEEZIEST' AT THIS SEASON'S CHEEZ-IT BOWL AND NEW CHEEZ-IT CITRUS BOWL,PR Newswire,https://finance.yahoo.com/news/cheez-wants-football-players-fans-130000861.html,1669899600,STORY
49adc583-3c84-3930-9876-11ed18c03712,K,2022-12-2,Is Kellogg Company (NYSE:K) Trading At A 47% Discount?,Simply Wall St.,https://finance.yahoo.com/news/kellogg-company-nyse-k-trading-105824187.html,1669373904,STORY
8a7a2979-8919-323f-b550-27a040a1a0b8,K,2022-12-2,Income Investors Should Know That Kellogg Company (NYSE:K) Goes Ex-Dividend Soon,Simply Wall St.,https://finance.yahoo.com/news/income-investors-know-kellogg-company-103728353.html,1669372648,STORY
1abe2af5-741d-3a8b-86a9-e5d880dcf3fe,K,2022-12-2,Kellogg Makes Morningstar List of Undervalued Stocks,TheStreet.com,https://finance.yahoo.com/m/1abe2af5-741d-3a8b-86a9-e5d880dcf3fe/kellogg-makes-morningstar.html,1669148880,STORY
cf21510e-7f38-392f-9ed8-57a74ffd266f,K,2022-12-2,More B-Schools Make Overtures To Laid-Off Tech Workers,Poets & Quants,https://finance.yahoo.com/news/more-b-schools-overtures-laid-184706190.html,1669056426,STORY
979f062a-d4f5-3eae-b730-e8a1660e05f7,K,2022-12-2,SAY CHEEZ! CHEEZ-IT® SNAP'D AND IHEARTRADIO GIVE FANS THE CHANCE TO SNAP THEIR HOLIDAY CARD PHOTO WITH THE BACKSTREET BOYS,PR Newswire,https://finance.yahoo.com/news/cheez-cheez-snapd-iheartradio-fans-140000211.html,1669039200,STORY
20050be7-91fd-38e1-ae8e-953b7cc9386d,K,2022-12-3,Satisfy Any Craving with Two New Flavors: Kellogg's® Krave® Double Chocolate Brownie Batter Cereal and Kellogg's Froot Loops® with Marshmallows Jumbo Snax,PR Newswire,https://finance.yahoo.com/news/satisfy-craving-two-flavors-kelloggs-160200723.html,1669910520,STORY
ca7074f9-34a8-3efd-bb48-167039459de6,K,2022-12-3,Is the Options Market Predicting a Spike in Kellogg (K) Stock?,Zacks,https://finance.yahoo.com/news/options-market-predicting-spike-kellogg-134601984.html,1669902361,STORY
96122293-bee7-3766-b3ed-cfd08f930ca8,K,2022-12-3,CHEEZ-IT® WANTS FOOTBALL PLAYERS AND FANS TO WAKE UP 'FEELIN' THE CHEEZIEST' AT THIS SEASON'S CHEEZ-IT BOWL AND NEW CHEEZ-IT CITRUS BOWL,PR Newswire,https://finance.yahoo.com/news/cheez-wants-football-players-fans-130000861.html,1669899600,STORY
49adc583-3c84-3930-9876-11ed18c03712,K,2022-12-3,Is Kellogg Company (NYSE:K) Trading At A 47% Discount?,Simply Wall St.,https://finance.yahoo.com/news/kellogg-company-nyse-k-trading-105824187.html,1669373904,STORY
8a7a2979-8919-323f-b550-27a040a1a0b8,K,2022-12-3,Income Investors Should Know That Kellogg Company (NYSE:K) Goes Ex-Dividend Soon,Simply Wall St.,https://finance.yahoo.com/news/income-investors-know-kellogg-company-103728353.html,1669372648,STORY
1abe2af5-741d-3a8b-86a9-e5d880dcf3fe,K,2022-12-3,Kellogg Makes Morningstar List of Undervalued Stocks,TheStreet.com,https://finance.yahoo.com/m/1abe2af5-741d-3a8b-86a9-e5d880dcf3fe/kellogg-makes-morningstar.html,1669148880,STORY
cf21510e-7f38-392f-9ed8-57a74ffd266f,K,2022-12-3,More B-Schools Make Overtures To Laid-Off Tech Workers,Poets & Quants,https://finance.yahoo.com/news/more-b-schools-overtures-laid-184706190.html,1669056426,STORY
979f062a-d4f5-3eae-b730-e8a1660e05f7,K,2022-12-3,SAY CHEEZ! CHEEZ-IT® SNAP'D AND IHEARTRADIO GIVE FANS THE CHANCE TO SNAP THEIR HOLIDAY CARD PHOTO WITH THE BACKSTREET BOYS,PR Newswire,https://finance.yahoo.com/news/cheez-cheez-snapd-iheartradio-fans-140000211.html,1669039200,STORY
20050be7-91fd-38e1-ae8e-953b7cc9386d,K,2022-12-4,Satisfy Any Craving with Two New Flavors: Kellogg's® Krave® Double Chocolate Brownie Batter Cereal and Kellogg's Froot Loops® with Marshmallows Jumbo Snax,PR Newswire,https://finance.yahoo.com/news/satisfy-craving-two-flavors-kelloggs-160200723.html,1669910520,STORY
ca7074f9-34a8-3efd-bb48-167039459de6,K,2022-12-4,Is the Options Market Predicting a Spike in Kellogg (K) Stock?,Zacks,https://finance.yahoo.com/news/options-market-predicting-spike-kellogg-134601984.html,1669902361,STORY
96122293-bee7-3766-b3ed-cfd08f930ca8,K,2022-12-4,CHEEZ-IT® WANTS FOOTBALL PLAYERS AND FANS TO WAKE UP 'FEELIN' THE CHEEZIEST' AT THIS SEASON'S CHEEZ-IT BOWL AND NEW CHEEZ-IT CITRUS BOWL,PR Newswire,https://finance.yahoo.com/news/cheez-wants-football-players-fans-130000861.html,1669899600,STORY
49adc583-3c84-3930-9876-11ed18c03712,K,2022-12-4,Is Kellogg Company (NYSE:K) Trading At A 47% Discount?,Simply Wall St.,https://finance.yahoo.com/news/kellogg-company-nyse-k-trading-105824187.html,1669373904,STORY
8a7a2979-8919-323f-b550-27a040a1a0b8,K,2022-12-4,Income Investors Should Know That Kellogg Company (NYSE:K) Goes Ex-Dividend Soon,Simply Wall St.,https://finance.yahoo.com/news/income-investors-know-kellogg-company-103728353.html,1669372648,STORY
1abe2af5-741d-3a8b-86a9-e5d880dcf3fe,K,2022-12-4,Kellogg Makes Morningstar List of Undervalued Stocks,TheStreet.com,https://finance.yahoo.com/m/1abe2af5-741d-3a8b-86a9-e5d880dcf3fe/kellogg-makes-morningstar.html,1669148880,STORY
cf21510e-7f38-392f-9ed8-57a74ffd266f,K,2022-12-4,More B-Schools Make Overtures To Laid-Off Tech Workers,Poets & Quants,https://finance.yahoo.com/news/more-b-schools-overtures-laid-184706190.html,1669056426,STORY
979f062a-d4f5-3eae-b730-e8a1660e05f7,K,2022-12-4,SAY CHEEZ! CHEEZ-IT® SNAP'D AND IHEARTRADIO GIVE FANS THE CHANCE TO SNAP THEIR HOLIDAY CARD PHOTO WITH THE BACKSTREET BOYS,PR Newswire,https://finance.yahoo.com/news/cheez-cheez-snapd-iheartradio-fans-140000211.html,1669039200,STORY
20050be7-91fd-38e1-ae8e-953b7cc9386d,K,2022-12-5,Satisfy Any Craving with Two New Flavors: Kellogg's® Krave® Double Chocolate Brownie Batter Cereal and Kellogg's Froot Loops® with Marshmallows Jumbo Snax,PR Newswire,https://finance.yahoo.com/news/satisfy-craving-two-flavors-kelloggs-160200723.html,1669910520,STORY
ca7074f9-34a8-3efd-bb48-167039459de6,K,2022-12-5,Is the Options Market Predicting a Spike in Kellogg (K) Stock?,Zacks,https://finance.yahoo.com/news/options-market-predicting-spike-kellogg-134601984.html,1669902361,STORY
96122293-bee7-3766-b3ed-cfd08f930ca8,K,2022-12-5,CHEEZ-IT® WANTS FOOTBALL PLAYERS AND FANS TO WAKE UP 'FEELIN' THE CHEEZIEST' AT THIS SEASON'S CHEEZ-IT BOWL AND NEW CHEEZ-IT CITRUS BOWL,PR Newswire,https://finance.yahoo.com/news/cheez-wants-football-players-fans-130000861.html,1669899600,STORY
49adc583-3c84-3930-9876-11ed18c03712,K,2022-12-5,Is Kellogg Company (NYSE:K) Trading At A 47% Discount?,Simply Wall St.,https://finance.yahoo.com/news/kellogg-company-nyse-k-trading-105824187.html,1669373904,STORY
8a7a2979-8919-323f-b550-27a040a1a0b8,K,2022-12-5,Income Investors Should Know That Kellogg Company (NYSE:K) Goes Ex-Dividend Soon,Simply Wall St.,https://finance.yahoo.com/news/income-investors-know-kellogg-company-103728353.html,1669372648,STORY
1abe2af5-741d-3a8b-86a9-e5d880dcf3fe,K,2022-12-5,Kellogg Makes Morningstar List of Undervalued Stocks,TheStreet.com,https://finance.yahoo.com/m/1abe2af5-741d-3a8b-86a9-e5d880dcf3fe/kellogg-makes-morningstar.html,1669148880,STORY
cf21510e-7f38-392f-9ed8-57a74ffd266f,K,2022-12-5,More B-Schools Make Overtures To Laid-Off Tech Workers,Poets & Quants,https://finance.yahoo.com/news/more-b-schools-overtures-laid-184706190.html,1669056426,STORY
979f062a-d4f5-3eae-b730-e8a1660e05f7,K,2022-12-5,SAY CHEEZ! CHEEZ-IT® SNAP'D AND IHEARTRADIO GIVE FANS THE CHANCE TO SNAP THEIR HOLIDAY CARD PHOTO WITH THE BACKSTREET BOYS,PR Newswire,https://finance.yahoo.com/news/cheez-cheez-snapd-iheartradio-fans-140000211.html,1669039200,STORY
c247ce52-4037-3199-b6b3-16ed480c16ee,K,2022-12-6,"Kellogg Employees volunteer more than 2,400 hours in communities around the world",PR Newswire,https://finance.yahoo.com/news/kellogg-employees-volunteer-more-2-141000370.html,1670249400,STORY
20050be7-91fd-38e1-ae8e-953b7cc9386d,K,2022-12-6,Satisfy Any Craving with Two New Flavors: Kellogg's® Krave® Double Chocolate Brownie Batter Cereal and Kellogg's Froot Loops® with Marshmallows Jumbo Snax,PR Newswire,https://finance.yahoo.com/news/satisfy-craving-two-flavors-kelloggs-160200723.html,1669910520,STORY
ca7074f9-34a8-3efd-bb48-167039459de6,K,2022-12-6,Is the Options Market Predicting a Spike in Kellogg (K) Stock?,Zacks,https://finance.yahoo.com/news/options-market-predicting-spike-kellogg-134601984.html,1669902361,STORY
96122293-bee7-3766-b3ed-cfd08f930ca8,K,2022-12-6,CHEEZ-IT® WANTS FOOTBALL PLAYERS AND FANS TO WAKE UP 'FEELIN' THE CHEEZIEST' AT THIS SEASON'S CHEEZ-IT BOWL AND NEW CHEEZ-IT CITRUS BOWL,PR Newswire,https://finance.yahoo.com/news/cheez-wants-football-players-fans-130000861.html,1669899600,STORY
49adc583-3c84-3930-9876-11ed18c03712,K,2022-12-6,Is Kellogg Company (NYSE:K) Trading At A 47% Discount?,Simply Wall St.,https://finance.yahoo.com/news/kellogg-company-nyse-k-trading-105824187.html,1669373904,STORY
8a7a2979-8919-323f-b550-27a040a1a0b8,K,2022-12-6,Income Investors Should Know That Kellogg Company (NYSE:K) Goes Ex-Dividend Soon,Simply Wall St.,https://finance.yahoo.com/news/income-investors-know-kellogg-company-103728353.html,1669372648,STORY
1abe2af5-741d-3a8b-86a9-e5d880dcf3fe,K,2022-12-6,Kellogg Makes Morningstar List of Undervalued Stocks,TheStreet.com,https://finance.yahoo.com/m/1abe2af5-741d-3a8b-86a9-e5d880dcf3fe/kellogg-makes-morningstar.html,1669148880,STORY
cf21510e-7f38-392f-9ed8-57a74ffd266f,K,2022-12-6,More B-Schools Make Overtures To Laid-Off Tech Workers,Poets & Quants,https://finance.yahoo.com/news/more-b-schools-overtures-laid-184706190.html,1669056426,STORY
084ea6c7-63e3-3726-b7b7-faf4ca4064a0,K,2022-12-7,Kellogg donates 30 million servings of food to Feeding America,PR Newswire,https://finance.yahoo.com/news/kellogg-donates-30-million-servings-141300923.html,1670335980,STORY
c247ce52-4037-3199-b6b3-16ed480c16ee,K,2022-12-7,"Kellogg Employees volunteer more than 2,400 hours in communities around the world",PR Newswire,https://finance.yahoo.com/news/kellogg-employees-volunteer-more-2-141000370.html,1670249400,STORY
20050be7-91fd-38e1-ae8e-953b7cc9386d,K,2022-12-7,Satisfy Any Craving with Two New Flavors: Kellogg's® Krave® Double Chocolate Brownie Batter Cereal and Kellogg's Froot Loops® with Marshmallows Jumbo Snax,PR Newswire,https://finance.yahoo.com/news/satisfy-craving-two-flavors-kelloggs-160200723.html,1669910520,STORY
ca7074f9-34a8-3efd-bb48-167039459de6,K,2022-12-7,Is the Options Market Predicting a Spike in Kellogg (K) Stock?,Zacks,https://finance.yahoo.com/news/options-market-predicting-spike-kellogg-134601984.html,1669902361,STORY
96122293-bee7-3766-b3ed-cfd08f930ca8,K,2022-12-7,CHEEZ-IT® WANTS FOOTBALL PLAYERS AND FANS TO WAKE UP 'FEELIN' THE CHEEZIEST' AT THIS SEASON'S CHEEZ-IT BOWL AND NEW CHEEZ-IT CITRUS BOWL,PR Newswire,https://finance.yahoo.com/news/cheez-wants-football-players-fans-130000861.html,1669899600,STORY
49adc583-3c84-3930-9876-11ed18c03712,K,2022-12-7,Is Kellogg Company (NYSE:K) Trading At A 47% Discount?,Simply Wall St.,https://finance.yahoo.com/news/kellogg-company-nyse-k-trading-105824187.html,1669373904,STORY
8a7a2979-8919-323f-b550-27a040a1a0b8,K,2022-12-7,Income Investors Should Know That Kellogg Company (NYSE:K) Goes Ex-Dividend Soon,Simply Wall St.,https://finance.yahoo.com/news/income-investors-know-kellogg-company-103728353.html,1669372648,STORY
1abe2af5-741d-3a8b-86a9-e5d880dcf3fe,K,2022-12-7,Kellogg Makes Morningstar List of Undervalued Stocks,TheStreet.com,https://finance.yahoo.com/m/1abe2af5-741d-3a8b-86a9-e5d880dcf3fe/kellogg-makes-morningstar.html,1669148880,STORY
e1fffc7b-e2f4-378f-9ed8-64023910b9e5,K,2022-12-8,"SATISFY EVERY ""FOOD MOOD"" WITH ALL-NEW FLAVORS FROM KELLOGG'S® SPECIAL K®",PR Newswire,https://finance.yahoo.com/news/satisfy-every-food-mood-flavors-170000217.html,1670432400,STORY
084ea6c7-63e3-3726-b7b7-faf4ca4064a0,K,2022-12-8,Kellogg donates 30 million servings of food to Feeding America,PR Newswire,https://finance.yahoo.com/news/kellogg-donates-30-million-servings-141300923.html,1670335980,STORY
c247ce52-4037-3199-b6b3-16ed480c16ee,K,2022-12-8,"Kellogg Employees volunteer more than 2,400 hours in communities around the world",PR Newswire,https://finance.yahoo.com/news/kellogg-employees-volunteer-more-2-141000370.html,1670249400,STORY
20050be7-91fd-38e1-ae8e-953b7cc9386d,K,2022-12-8,Satisfy Any Craving with Two New Flavors: Kellogg's® Krave® Double Chocolate Brownie Batter Cereal and Kellogg's Froot Loops® with Marshmallows Jumbo Snax,PR Newswire,https://finance.yahoo.com/news/satisfy-craving-two-flavors-kelloggs-160200723.html,1669910520,STORY
ca7074f9-34a8-3efd-bb48-167039459de6,K,2022-12-8,Is the Options Market Predicting a Spike in Kellogg (K) Stock?,Zacks,https://finance.yahoo.com/news/options-market-predicting-spike-kellogg-134601984.html,1669902361,STORY
96122293-bee7-3766-b3ed-cfd08f930ca8,K,2022-12-8,CHEEZ-IT® WANTS FOOTBALL PLAYERS AND FANS TO WAKE UP 'FEELIN' THE CHEEZIEST' AT THIS SEASON'S CHEEZ-IT BOWL AND NEW CHEEZ-IT CITRUS BOWL,PR Newswire,https://finance.yahoo.com/news/cheez-wants-football-players-fans-130000861.html,1669899600,STORY
49adc583-3c84-3930-9876-11ed18c03712,K,2022-12-8,Is Kellogg Company (NYSE:K) Trading At A 47% Discount?,Simply Wall St.,https://finance.yahoo.com/news/kellogg-company-nyse-k-trading-105824187.html,1669373904,STORY
8a7a2979-8919-323f-b550-27a040a1a0b8,K,2022-12-8,Income Investors Should Know That Kellogg Company (NYSE:K) Goes Ex-Dividend Soon,Simply Wall St.,https://finance.yahoo.com/news/income-investors-know-kellogg-company-103728353.html,1669372648,STORY
b554ff66-3504-3359-b98e-9fd98cff6288,K,2022-12-9,Kellogg Company (NYSE:K) is largely controlled by institutional shareholders who own 84% of the company,Simply Wall St.,https://finance.yahoo.com/news/kellogg-company-nyse-k-largely-111422806.html,1670584462,STORY
a25369c8-c162-3ec9-a76b-28dc7a511650,K,2022-12-9,Kellogg's Frosted Flakes® Teams up with Albertsons Foundation to Bring Mission Tiger™ to the 2022 Tony the Tiger® Sun Bowl,PR Newswire,https://finance.yahoo.com/news/kelloggs-frosted-flakes-teams-albertsons-161600315.html,1670516160,STORY
e1fffc7b-e2f4-378f-9ed8-64023910b9e5,K,2022-12-9,"SATISFY EVERY ""FOOD MOOD"" WITH ALL-NEW FLAVORS FROM KELLOGG'S® SPECIAL K®",PR Newswire,https://finance.yahoo.com/news/satisfy-every-food-mood-flavors-170000217.html,1670432400,STORY
084ea6c7-63e3-3726-b7b7-faf4ca4064a0,K,2022-12-9,Kellogg donates 30 million servings of food to Feeding America,PR Newswire,https://finance.yahoo.com/news/kellogg-donates-30-million-servings-141300923.html,1670335980,STORY
c247ce52-4037-3199-b6b3-16ed480c16ee,K,2022-12-9,"Kellogg Employees volunteer more than 2,400 hours in communities around the world",PR Newswire,https://finance.yahoo.com/news/kellogg-employees-volunteer-more-2-141000370.html,1670249400,STORY
20050be7-91fd-38e1-ae8e-953b7cc9386d,K,2022-12-9,Satisfy Any Craving with Two New Flavors: Kellogg's® Krave® Double Chocolate Brownie Batter Cereal and Kellogg's Froot Loops® with Marshmallows Jumbo Snax,PR Newswire,https://finance.yahoo.com/news/satisfy-craving-two-flavors-kelloggs-160200723.html,1669910520,STORY
ca7074f9-34a8-3efd-bb48-167039459de6,K,2022-12-9,Is the Options Market Predicting a Spike in Kellogg (K) Stock?,Zacks,https://finance.yahoo.com/news/options-market-predicting-spike-kellogg-134601984.html,1669902361,STORY
96122293-bee7-3766-b3ed-cfd08f930ca8,K,2022-12-9,CHEEZ-IT® WANTS FOOTBALL PLAYERS AND FANS TO WAKE UP 'FEELIN' THE CHEEZIEST' AT THIS SEASON'S CHEEZ-IT BOWL AND NEW CHEEZ-IT CITRUS BOWL,PR Newswire,https://finance.yahoo.com/news/cheez-wants-football-players-fans-130000861.html,1669899600,STORY
b554ff66-3504-3359-b98e-9fd98cff6288,K,2022-12-10,Kellogg Company (NYSE:K) is largely controlled by institutional shareholders who own 84% of the company,Simply Wall St.,https://finance.yahoo.com/news/kellogg-company-nyse-k-largely-111422806.html,1670584462,STORY
a25369c8-c162-3ec9-a76b-28dc7a511650,K,2022-12-10,Kellogg's Frosted Flakes® Teams up with Albertsons Foundation to Bring Mission Tiger™ to the 2022 Tony the Tiger® Sun Bowl,PR Newswire,https://finance.yahoo.com/news/kelloggs-frosted-flakes-teams-albertsons-161600315.html,1670516160,STORY
e1fffc7b-e2f4-378f-9ed8-64023910b9e5,K,2022-12-10,"SATISFY EVERY ""FOOD MOOD"" WITH ALL-NEW FLAVORS FROM KELLOGG'S® SPECIAL K®",PR Newswire,https://finance.yahoo.com/news/satisfy-every-food-mood-flavors-170000217.html,1670432400,STORY
084ea6c7-63e3-3726-b7b7-faf4ca4064a0,K,2022-12-10,Kellogg donates 30 million servings of food to Feeding America,PR Newswire,https://finance.yahoo.com/news/kellogg-donates-30-million-servings-141300923.html,1670335980,STORY
c247ce52-4037-3199-b6b3-16ed480c16ee,K,2022-12-10,"Kellogg Employees volunteer more than 2,400 hours in communities around the world",PR Newswire,https://finance.yahoo.com/news/kellogg-employees-volunteer-more-2-141000370.html,1670249400,STORY
20050be7-91fd-38e1-ae8e-953b7cc9386d,K,2022-12-10,Satisfy Any Craving with Two New Flavors: Kellogg's® Krave® Double Chocolate Brownie Batter Cereal and Kellogg's Froot Loops® with Marshmallows Jumbo Snax,PR Newswire,https://finance.yahoo.com/news/satisfy-craving-two-flavors-kelloggs-160200723.html,1669910520,STORY
ca7074f9-34a8-3efd-bb48-167039459de6,K,2022-12-10,Is the Options Market Predicting a Spike in Kellogg (K) Stock?,Zacks,https://finance.yahoo.com/news/options-market-predicting-spike-kellogg-134601984.html,1669902361,STORY
96122293-bee7-3766-b3ed-cfd08f930ca8,K,2022-12-10,CHEEZ-IT® WANTS FOOTBALL PLAYERS AND FANS TO WAKE UP 'FEELIN' THE CHEEZIEST' AT THIS SEASON'S CHEEZ-IT BOWL AND NEW CHEEZ-IT CITRUS BOWL,PR Newswire,https://finance.yahoo.com/news/cheez-wants-football-players-fans-130000861.html,1669899600,STORY
b554ff66-3504-3359-b98e-9fd98cff6288,K,2022-12-11,Kellogg Company (NYSE:K) is largely controlled by institutional shareholders who own 84% of the company,Simply Wall St.,https://finance.yahoo.com/news/kellogg-company-nyse-k-largely-111422806.html,1670584462,STORY
a25369c8-c162-3ec9-a76b-28dc7a511650,K,2022-12-11,Kellogg's Frosted Flakes® Teams up with Albertsons Foundation to Bring Mission Tiger™ to the 2022 Tony the Tiger® Sun Bowl,PR Newswire,https://finance.yahoo.com/news/kelloggs-frosted-flakes-teams-albertsons-161600315.html,1670516160,STORY
e1fffc7b-e2f4-378f-9ed8-64023910b9e5,K,2022-12-11,"SATISFY EVERY ""FOOD MOOD"" WITH ALL-NEW FLAVORS FROM KELLOGG'S® SPECIAL K®",PR Newswire,https://finance.yahoo.com/news/satisfy-every-food-mood-flavors-170000217.html,1670432400,STORY
084ea6c7-63e3-3726-b7b7-faf4ca4064a0,K,2022-12-11,Kellogg donates 30 million servings of food to Feeding America,PR Newswire,https://finance.yahoo.com/news/kellogg-donates-30-million-servings-141300923.html,1670335980,STORY
c247ce52-4037-3199-b6b3-16ed480c16ee,K,2022-12-11,"Kellogg Employees volunteer more than 2,400 hours in communities around the world",PR Newswire,https://finance.yahoo.com/news/kellogg-employees-volunteer-more-2-141000370.html,1670249400,STORY
20050be7-91fd-38e1-ae8e-953b7cc9386d,K,2022-12-11,Satisfy Any Craving with Two New Flavors: Kellogg's® Krave® Double Chocolate Brownie Batter Cereal and Kellogg's Froot Loops® with Marshmallows Jumbo Snax,PR Newswire,https://finance.yahoo.com/news/satisfy-craving-two-flavors-kelloggs-160200723.html,1669910520,STORY
ca7074f9-34a8-3efd-bb48-167039459de6,K,2022-12-11,Is the Options Market Predicting a Spike in Kellogg (K) Stock?,Zacks,https://finance.yahoo.com/news/options-market-predicting-spike-kellogg-134601984.html,1669902361,STORY
96122293-bee7-3766-b3ed-cfd08f930ca8,K,2022-12-11,CHEEZ-IT® WANTS FOOTBALL PLAYERS AND FANS TO WAKE UP 'FEELIN' THE CHEEZIEST' AT THIS SEASON'S CHEEZ-IT BOWL AND NEW CHEEZ-IT CITRUS BOWL,PR Newswire,https://finance.yahoo.com/news/cheez-wants-football-players-fans-130000861.html,1669899600,STORY
b554ff66-3504-3359-b98e-9fd98cff6288,K,2022-12-12,Kellogg Company (NYSE:K) is largely controlled by institutional shareholders who own 84% of the company,Simply Wall St.,https://finance.yahoo.com/news/kellogg-company-nyse-k-largely-111422806.html,1670584462,STORY
a25369c8-c162-3ec9-a76b-28dc7a511650,K,2022-12-12,Kellogg's Frosted Flakes® Teams up with Albertsons Foundation to Bring Mission Tiger™ to the 2022 Tony the Tiger® Sun Bowl,PR Newswire,https://finance.yahoo.com/news/kelloggs-frosted-flakes-teams-albertsons-161600315.html,1670516160,STORY
e1fffc7b-e2f4-378f-9ed8-64023910b9e5,K,2022-12-12,"SATISFY EVERY ""FOOD MOOD"" WITH ALL-NEW FLAVORS FROM KELLOGG'S® SPECIAL K®",PR Newswire,https://finance.yahoo.com/news/satisfy-every-food-mood-flavors-170000217.html,1670432400,STORY
084ea6c7-63e3-3726-b7b7-faf4ca4064a0,K,2022-12-12,Kellogg donates 30 million servings of food to Feeding America,PR Newswire,https://finance.yahoo.com/news/kellogg-donates-30-million-servings-141300923.html,1670335980,STORY
c247ce52-4037-3199-b6b3-16ed480c16ee,K,2022-12-12,"Kellogg Employees volunteer more than 2,400 hours in communities around the world",PR Newswire,https://finance.yahoo.com/news/kellogg-employees-volunteer-more-2-141000370.html,1670249400,STORY
20050be7-91fd-38e1-ae8e-953b7cc9386d,K,2022-12-12,Satisfy Any Craving with Two New Flavors: Kellogg's® Krave® Double Chocolate Brownie Batter Cereal and Kellogg's Froot Loops® with Marshmallows Jumbo Snax,PR Newswire,https://finance.yahoo.com/news/satisfy-craving-two-flavors-kelloggs-160200723.html,1669910520,STORY
ca7074f9-34a8-3efd-bb48-167039459de6,K,2022-12-12,Is the Options Market Predicting a Spike in Kellogg (K) Stock?,Zacks,https://finance.yahoo.com/news/options-market-predicting-spike-kellogg-134601984.html,1669902361,STORY
96122293-bee7-3766-b3ed-cfd08f930ca8,K,2022-12-12,CHEEZ-IT® WANTS FOOTBALL PLAYERS AND FANS TO WAKE UP 'FEELIN' THE CHEEZIEST' AT THIS SEASON'S CHEEZ-IT BOWL AND NEW CHEEZ-IT CITRUS BOWL,PR Newswire,https://finance.yahoo.com/news/cheez-wants-football-players-fans-130000861.html,1669899600,STORY
ca0e4710-7fe2-3e1d-86cc-af0776e8153b,K,2022-12-13,Kellogg board approves share buyback program of up to $1.5 billion,MarketWatch,https://finance.yahoo.com/m/ca0e4710-7fe2-3e1d-86cc-af0776e8153b/kellogg-board-approves-share.html,1670852152,STORY
3c23bcc9-ad92-3843-810c-ffb60a23ae16,K,2022-12-13,Kellogg Company Announces Share Repurchase Authorization,PR Newswire,https://finance.yahoo.com/news/kellogg-company-announces-share-repurchase-133000059.html,1670851800,STORY
b554ff66-3504-3359-b98e-9fd98cff6288,K,2022-12-13,Kellogg Company (NYSE:K) is largely controlled by institutional shareholders who own 84% of the company,Simply Wall St.,https://finance.yahoo.com/news/kellogg-company-nyse-k-largely-111422806.html,1670584462,STORY
a25369c8-c162-3ec9-a76b-28dc7a511650,K,2022-12-13,Kellogg's Frosted Flakes® Teams up with Albertsons Foundation to Bring Mission Tiger™ to the 2022 Tony the Tiger® Sun Bowl,PR Newswire,https://finance.yahoo.com/news/kelloggs-frosted-flakes-teams-albertsons-161600315.html,1670516160,STORY
e1fffc7b-e2f4-378f-9ed8-64023910b9e5,K,2022-12-13,"SATISFY EVERY ""FOOD MOOD"" WITH ALL-NEW FLAVORS FROM KELLOGG'S® SPECIAL K®",PR Newswire,https://finance.yahoo.com/news/satisfy-every-food-mood-flavors-170000217.html,1670432400,STORY
084ea6c7-63e3-3726-b7b7-faf4ca4064a0,K,2022-12-13,Kellogg donates 30 million servings of food to Feeding America,PR Newswire,https://finance.yahoo.com/news/kellogg-donates-30-million-servings-141300923.html,1670335980,STORY
c247ce52-4037-3199-b6b3-16ed480c16ee,K,2022-12-13,"Kellogg Employees volunteer more than 2,400 hours in communities around the world",PR Newswire,https://finance.yahoo.com/news/kellogg-employees-volunteer-more-2-141000370.html,1670249400,STORY
20050be7-91fd-38e1-ae8e-953b7cc9386d,K,2022-12-13,Satisfy Any Craving with Two New Flavors: Kellogg's® Krave® Double Chocolate Brownie Batter Cereal and Kellogg's Froot Loops® with Marshmallows Jumbo Snax,PR Newswire,https://finance.yahoo.com/news/satisfy-craving-two-flavors-kelloggs-160200723.html,1669910520,STORY
ca0e4710-7fe2-3e1d-86cc-af0776e8153b,K,2022-12-14,Kellogg board approves share buyback program of up to $1.5 billion,MarketWatch,https://finance.yahoo.com/m/ca0e4710-7fe2-3e1d-86cc-af0776e8153b/kellogg-board-approves-share.html,1670852152,STORY
3c23bcc9-ad92-3843-810c-ffb60a23ae16,K,2022-12-14,Kellogg Company Announces Share Repurchase Authorization,PR Newswire,https://finance.yahoo.com/news/kellogg-company-announces-share-repurchase-133000059.html,1670851800,STORY
b554ff66-3504-3359-b98e-9fd98cff6288,K,2022-12-14,Kellogg Company (NYSE:K) is largely controlled by institutional shareholders who own 84% of the company,Simply Wall St.,https://finance.yahoo.com/news/kellogg-company-nyse-k-largely-111422806.html,1670584462,STORY
a25369c8-c162-3ec9-a76b-28dc7a511650,K,2022-12-14,Kellogg's Frosted Flakes® Teams up with Albertsons Foundation to Bring Mission Tiger™ to the 2022 Tony the Tiger® Sun Bowl,PR Newswire,https://finance.yahoo.com/news/kelloggs-frosted-flakes-teams-albertsons-161600315.html,1670516160,STORY
e1fffc7b-e2f4-378f-9ed8-64023910b9e5,K,2022-12-14,"SATISFY EVERY ""FOOD MOOD"" WITH ALL-NEW FLAVORS FROM KELLOGG'S® SPECIAL K®",PR Newswire,https://finance.yahoo.com/news/satisfy-every-food-mood-flavors-170000217.html,1670432400,STORY
084ea6c7-63e3-3726-b7b7-faf4ca4064a0,K,2022-12-14,Kellogg donates 30 million servings of food to Feeding America,PR Newswire,https://finance.yahoo.com/news/kellogg-donates-30-million-servings-141300923.html,1670335980,STORY
c247ce52-4037-3199-b6b3-16ed480c16ee,K,2022-12-14,"Kellogg Employees volunteer more than 2,400 hours in communities around the world",PR Newswire,https://finance.yahoo.com/news/kellogg-employees-volunteer-more-2-141000370.html,1670249400,STORY
20050be7-91fd-38e1-ae8e-953b7cc9386d,K,2022-12-14,Satisfy Any Craving with Two New Flavors: Kellogg's® Krave® Double Chocolate Brownie Batter Cereal and Kellogg's Froot Loops® with Marshmallows Jumbo Snax,PR Newswire,https://finance.yahoo.com/news/satisfy-craving-two-flavors-kelloggs-160200723.html,1669910520,STORY
8ed65529-5b4b-357e-9702-47dc1a67823c,K,2022-12-15,Kellogg empowers blind consumers in U.S. with NaviLens technology on packaging,PR Newswire,https://finance.yahoo.com/news/kellogg-empowers-blind-consumers-u-151700419.html,1671031020,STORY
3e4c4260-a60a-32d6-ac0a-45b2cd01ebcf,K,2022-12-15,Tony the Tiger® is Hitting it Out of the Park in Missouri to Give More Middle School Kids Better Access to Sports,PR Newswire,https://finance.yahoo.com/news/tony-tiger-hitting-park-missouri-140000208.html,1671026400,STORY
72f44c02-fc70-3295-a58a-57fb205eb109,K,2022-12-15,Daily – Vickers Top Buyers & Sellers for 12/14/2022,Argus Research,https://finance.yahoo.com/m/72f44c02-fc70-3295-a58a-57fb205eb109/daily-%E2%80%93-vickers-top-buyers-%26.html,1671017713,STORY
ca0e4710-7fe2-3e1d-86cc-af0776e8153b,K,2022-12-15,Kellogg board approves share buyback program of up to $1.5 billion,MarketWatch,https://finance.yahoo.com/m/ca0e4710-7fe2-3e1d-86cc-af0776e8153b/kellogg-board-approves-share.html,1670852152,STORY
3c23bcc9-ad92-3843-810c-ffb60a23ae16,K,2022-12-15,Kellogg Company Announces Share Repurchase Authorization,PR Newswire,https://finance.yahoo.com/news/kellogg-company-announces-share-repurchase-133000059.html,1670851800,STORY
b554ff66-3504-3359-b98e-9fd98cff6288,K,2022-12-15,Kellogg Company (NYSE:K) is largely controlled by institutional shareholders who own 84% of the company,Simply Wall St.,https://finance.yahoo.com/news/kellogg-company-nyse-k-largely-111422806.html,1670584462,STORY
a25369c8-c162-3ec9-a76b-28dc7a511650,K,2022-12-15,Kellogg's Frosted Flakes® Teams up with Albertsons Foundation to Bring Mission Tiger™ to the 2022 Tony the Tiger® Sun Bowl,PR Newswire,https://finance.yahoo.com/news/kelloggs-frosted-flakes-teams-albertsons-161600315.html,1670516160,STORY
e1fffc7b-e2f4-378f-9ed8-64023910b9e5,K,2022-12-15,"SATISFY EVERY ""FOOD MOOD"" WITH ALL-NEW FLAVORS FROM KELLOGG'S® SPECIAL K®",PR Newswire,https://finance.yahoo.com/news/satisfy-every-food-mood-flavors-170000217.html,1670432400,STORY
a6567272-10b7-3892-95ad-fb965a724a7e,K,2022-12-16,Tastemade and Kellogg's Announce Winner of Corn Flakes Holiday Cookie Sleigh Competition,PR Newswire,https://finance.yahoo.com/news/tastemade-kelloggs-announce-winner-corn-162700345.html,1671121620,STORY
8ed65529-5b4b-357e-9702-47dc1a67823c,K,2022-12-16,Kellogg empowers blind consumers in U.S. with NaviLens technology on packaging,PR Newswire,https://finance.yahoo.com/news/kellogg-empowers-blind-consumers-u-151700419.html,1671031020,STORY
3e4c4260-a60a-32d6-ac0a-45b2cd01ebcf,K,2022-12-16,Tony the Tiger® is Hitting it Out of the Park in Missouri to Give More Middle School Kids Better Access to Sports,PR Newswire,https://finance.yahoo.com/news/tony-tiger-hitting-park-missouri-140000208.html,1671026400,STORY
ca0e4710-7fe2-3e1d-86cc-af0776e8153b,K,2022-12-16,Kellogg board approves share buyback program of up to $1.5 billion,MarketWatch,https://finance.yahoo.com/m/ca0e4710-7fe2-3e1d-86cc-af0776e8153b/kellogg-board-approves-share.html,1670852152,STORY
3c23bcc9-ad92-3843-810c-ffb60a23ae16,K,2022-12-16,Kellogg Company Announces Share Repurchase Authorization,PR Newswire,https://finance.yahoo.com/news/kellogg-company-announces-share-repurchase-133000059.html,1670851800,STORY
b554ff66-3504-3359-b98e-9fd98cff6288,K,2022-12-16,Kellogg Company (NYSE:K) is largely controlled by institutional shareholders who own 84% of the company,Simply Wall St.,https://finance.yahoo.com/news/kellogg-company-nyse-k-largely-111422806.html,1670584462,STORY
a25369c8-c162-3ec9-a76b-28dc7a511650,K,2022-12-16,Kellogg's Frosted Flakes® Teams up with Albertsons Foundation to Bring Mission Tiger™ to the 2022 Tony the Tiger® Sun Bowl,PR Newswire,https://finance.yahoo.com/news/kelloggs-frosted-flakes-teams-albertsons-161600315.html,1670516160,STORY
e1fffc7b-e2f4-378f-9ed8-64023910b9e5,K,2022-12-16,"SATISFY EVERY ""FOOD MOOD"" WITH ALL-NEW FLAVORS FROM KELLOGG'S® SPECIAL K®",PR Newswire,https://finance.yahoo.com/news/satisfy-every-food-mood-flavors-170000217.html,1670432400,STORY
a6567272-10b7-3892-95ad-fb965a724a7e,K,2022-12-17,Tastemade and Kellogg's Announce Winner of Corn Flakes Holiday Cookie Sleigh Competition,PR Newswire,https://finance.yahoo.com/news/tastemade-kelloggs-announce-winner-corn-162700345.html,1671121620,STORY
8ed65529-5b4b-357e-9702-47dc1a67823c,K,2022-12-17,Kellogg empowers blind consumers in U.S. with NaviLens technology on packaging,PR Newswire,https://finance.yahoo.com/news/kellogg-empowers-blind-consumers-u-151700419.html,1671031020,STORY
3e4c4260-a60a-32d6-ac0a-45b2cd01ebcf,K,2022-12-17,Tony the Tiger® is Hitting it Out of the Park in Missouri to Give More Middle School Kids Better Access to Sports,PR Newswire,https://finance.yahoo.com/news/tony-tiger-hitting-park-missouri-140000208.html,1671026400,STORY
ca0e4710-7fe2-3e1d-86cc-af0776e8153b,K,2022-12-17,Kellogg board approves share buyback program of up to $1.5 billion,MarketWatch,https://finance.yahoo.com/m/ca0e4710-7fe2-3e1d-86cc-af0776e8153b/kellogg-board-approves-share.html,1670852152,STORY
3c23bcc9-ad92-3843-810c-ffb60a23ae16,K,2022-12-17,Kellogg Company Announces Share Repurchase Authorization,PR Newswire,https://finance.yahoo.com/news/kellogg-company-announces-share-repurchase-133000059.html,1670851800,STORY
b554ff66-3504-3359-b98e-9fd98cff6288,K,2022-12-17,Kellogg Company (NYSE:K) is largely controlled by institutional shareholders who own 84% of the company,Simply Wall St.,https://finance.yahoo.com/news/kellogg-company-nyse-k-largely-111422806.html,1670584462,STORY
a25369c8-c162-3ec9-a76b-28dc7a511650,K,2022-12-17,Kellogg's Frosted Flakes® Teams up with Albertsons Foundation to Bring Mission Tiger™ to the 2022 Tony the Tiger® Sun Bowl,PR Newswire,https://finance.yahoo.com/news/kelloggs-frosted-flakes-teams-albertsons-161600315.html,1670516160,STORY
e1fffc7b-e2f4-378f-9ed8-64023910b9e5,K,2022-12-17,"SATISFY EVERY ""FOOD MOOD"" WITH ALL-NEW FLAVORS FROM KELLOGG'S® SPECIAL K®",PR Newswire,https://finance.yahoo.com/news/satisfy-every-food-mood-flavors-170000217.html,1670432400,STORY
b925dee8-0f83-3ba9-ac9e-ce051961ac98,K,2022-12-18,"In case you missed it, 5 big stock buybacks this week: Centene, Raytheon",Investing.com,https://finance.yahoo.com/news/case-missed-5-big-stock-184154267.html,1671302514,STORY
a6567272-10b7-3892-95ad-fb965a724a7e,K,2022-12-18,Tastemade and Kellogg's Announce Winner of Corn Flakes Holiday Cookie Sleigh Competition,PR Newswire,https://finance.yahoo.com/news/tastemade-kelloggs-announce-winner-corn-162700345.html,1671121620,STORY
8ed65529-5b4b-357e-9702-47dc1a67823c,K,2022-12-18,Kellogg empowers blind consumers in U.S. with NaviLens technology on packaging,PR Newswire,https://finance.yahoo.com/news/kellogg-empowers-blind-consumers-u-151700419.html,1671031020,STORY
3e4c4260-a60a-32d6-ac0a-45b2cd01ebcf,K,2022-12-18,Tony the Tiger® is Hitting it Out of the Park in Missouri to Give More Middle School Kids Better Access to Sports,PR Newswire,https://finance.yahoo.com/news/tony-tiger-hitting-park-missouri-140000208.html,1671026400,STORY
ca0e4710-7fe2-3e1d-86cc-af0776e8153b,K,2022-12-18,Kellogg board approves share buyback program of up to $1.5 billion,MarketWatch,https://finance.yahoo.com/m/ca0e4710-7fe2-3e1d-86cc-af0776e8153b/kellogg-board-approves-share.html,1670852152,STORY
3c23bcc9-ad92-3843-810c-ffb60a23ae16,K,2022-12-18,Kellogg Company Announces Share Repurchase Authorization,PR Newswire,https://finance.yahoo.com/news/kellogg-company-announces-share-repurchase-133000059.html,1670851800,STORY
b554ff66-3504-3359-b98e-9fd98cff6288,K,2022-12-18,Kellogg Company (NYSE:K) is largely controlled by institutional shareholders who own 84% of the company,Simply Wall St.,https://finance.yahoo.com/news/kellogg-company-nyse-k-largely-111422806.html,1670584462,STORY
a25369c8-c162-3ec9-a76b-28dc7a511650,K,2022-12-18,Kellogg's Frosted Flakes® Teams up with Albertsons Foundation to Bring Mission Tiger™ to the 2022 Tony the Tiger® Sun Bowl,PR Newswire,https://finance.yahoo.com/news/kelloggs-frosted-flakes-teams-albertsons-161600315.html,1670516160,STORY
b925dee8-0f83-3ba9-ac9e-ce051961ac98,K,2022-12-19,"In case you missed it, 5 big stock buybacks this week: Centene, Raytheon",Investing.com,https://finance.yahoo.com/news/case-missed-5-big-stock-184154267.html,1671302514,STORY
a6567272-10b7-3892-95ad-fb965a724a7e,K,2022-12-19,Tastemade and Kellogg's Announce Winner of Corn Flakes Holiday Cookie Sleigh Competition,PR Newswire,https://finance.yahoo.com/news/tastemade-kelloggs-announce-winner-corn-162700345.html,1671121620,STORY
8ed65529-5b4b-357e-9702-47dc1a67823c,K,2022-12-19,Kellogg empowers blind consumers in U.S. with NaviLens technology on packaging,PR Newswire,https://finance.yahoo.com/news/kellogg-empowers-blind-consumers-u-151700419.html,1671031020,STORY
3e4c4260-a60a-32d6-ac0a-45b2cd01ebcf,K,2022-12-19,Tony the Tiger® is Hitting it Out of the Park in Missouri to Give More Middle School Kids Better Access to Sports,PR Newswire,https://finance.yahoo.com/news/tony-tiger-hitting-park-missouri-140000208.html,1671026400,STORY
ca0e4710-7fe2-3e1d-86cc-af0776e8153b,K,2022-12-19,Kellogg board approves share buyback program of up to $1.5 billion,MarketWatch,https://finance.yahoo.com/m/ca0e4710-7fe2-3e1d-86cc-af0776e8153b/kellogg-board-approves-share.html,1670852152,STORY
3c23bcc9-ad92-3843-810c-ffb60a23ae16,K,2022-12-19,Kellogg Company Announces Share Repurchase Authorization,PR Newswire,https://finance.yahoo.com/news/kellogg-company-announces-share-repurchase-133000059.html,1670851800,STORY
b554ff66-3504-3359-b98e-9fd98cff6288,K,2022-12-19,Kellogg Company (NYSE:K) is largely controlled by institutional shareholders who own 84% of the company,Simply Wall St.,https://finance.yahoo.com/news/kellogg-company-nyse-k-largely-111422806.html,1670584462,STORY
a25369c8-c162-3ec9-a76b-28dc7a511650,K,2022-12-19,Kellogg's Frosted Flakes® Teams up with Albertsons Foundation to Bring Mission Tiger™ to the 2022 Tony the Tiger® Sun Bowl,PR Newswire,https://finance.yahoo.com/news/kelloggs-frosted-flakes-teams-albertsons-161600315.html,1670516160,STORY
d8d3ab9d-a271-3ed7-abcf-5803d55609a1,K,2022-12-20,3 Companies Recently Unveiling New Buyback Programs,Zacks,https://finance.yahoo.com/news/3-companies-recently-unveiling-buyback-205608315.html,1671483368,STORY
9a4cd989-8cb1-3b68-a91c-8859474ae140,K,2022-12-20,Is Rising Beef Prices a Boon for Plant-Based Meat Stocks?,Zacks,https://finance.yahoo.com/news/rising-beef-prices-boon-plant-140902889.html,1671458942,STORY
b925dee8-0f83-3ba9-ac9e-ce051961ac98,K,2022-12-20,"In case you missed it, 5 big stock buybacks this week: Centene, Raytheon",Investing.com,https://finance.yahoo.com/news/case-missed-5-big-stock-184154267.html,1671302514,STORY
a6567272-10b7-3892-95ad-fb965a724a7e,K,2022-12-20,Tastemade and Kellogg's Announce Winner of Corn Flakes Holiday Cookie Sleigh Competition,PR Newswire,https://finance.yahoo.com/news/tastemade-kelloggs-announce-winner-corn-162700345.html,1671121620,STORY
8ed65529-5b4b-357e-9702-47dc1a67823c,K,2022-12-20,Kellogg empowers blind consumers in U.S. with NaviLens technology on packaging,PR Newswire,https://finance.yahoo.com/news/kellogg-empowers-blind-consumers-u-151700419.html,1671031020,STORY
3e4c4260-a60a-32d6-ac0a-45b2cd01ebcf,K,2022-12-20,Tony the Tiger® is Hitting it Out of the Park in Missouri to Give More Middle School Kids Better Access to Sports,PR Newswire,https://finance.yahoo.com/news/tony-tiger-hitting-park-missouri-140000208.html,1671026400,STORY
ca0e4710-7fe2-3e1d-86cc-af0776e8153b,K,2022-12-20,Kellogg board approves share buyback program of up to $1.5 billion,MarketWatch,https://finance.yahoo.com/m/ca0e4710-7fe2-3e1d-86cc-af0776e8153b/kellogg-board-approves-share.html,1670852152,STORY
3c23bcc9-ad92-3843-810c-ffb60a23ae16,K,2022-12-20,Kellogg Company Announces Share Repurchase Authorization,PR Newswire,https://finance.yahoo.com/news/kellogg-company-announces-share-repurchase-133000059.html,1670851800,STORY
d8d3ab9d-a271-3ed7-abcf-5803d55609a1,K,2022-12-21,3 Companies Recently Unveiling New Buyback Programs,Zacks,https://finance.yahoo.com/news/3-companies-recently-unveiling-buyback-205608315.html,1671483368,STORY
9a4cd989-8cb1-3b68-a91c-8859474ae140,K,2022-12-21,Is Rising Beef Prices a Boon for Plant-Based Meat Stocks?,Zacks,https://finance.yahoo.com/news/rising-beef-prices-boon-plant-140902889.html,1671458942,STORY
b925dee8-0f83-3ba9-ac9e-ce051961ac98,K,2022-12-21,"In case you missed it, 5 big stock buybacks this week: Centene, Raytheon",Investing.com,https://finance.yahoo.com/news/case-missed-5-big-stock-184154267.html,1671302514,STORY
a6567272-10b7-3892-95ad-fb965a724a7e,K,2022-12-21,Tastemade and Kellogg's Announce Winner of Corn Flakes Holiday Cookie Sleigh Competition,PR Newswire,https://finance.yahoo.com/news/tastemade-kelloggs-announce-winner-corn-162700345.html,1671121620,STORY
8ed65529-5b4b-357e-9702-47dc1a67823c,K,2022-12-21,Kellogg empowers blind consumers in U.S. with NaviLens technology on packaging,PR Newswire,https://finance.yahoo.com/news/kellogg-empowers-blind-consumers-u-151700419.html,1671031020,STORY
3e4c4260-a60a-32d6-ac0a-45b2cd01ebcf,K,2022-12-21,Tony the Tiger® is Hitting it Out of the Park in Missouri to Give More Middle School Kids Better Access to Sports,PR Newswire,https://finance.yahoo.com/news/tony-tiger-hitting-park-missouri-140000208.html,1671026400,STORY
ca0e4710-7fe2-3e1d-86cc-af0776e8153b,K,2022-12-21,Kellogg board approves share buyback program of up to $1.5 billion,MarketWatch,https://finance.yahoo.com/m/ca0e4710-7fe2-3e1d-86cc-af0776e8153b/kellogg-board-approves-share.html,1670852152,STORY
3c23bcc9-ad92-3843-810c-ffb60a23ae16,K,2022-12-21,Kellogg Company Announces Share Repurchase Authorization,PR Newswire,https://finance.yahoo.com/news/kellogg-company-announces-share-repurchase-133000059.html,1670851800,STORY
d3457410-d654-3661-a9ad-c26ce53e634b,K,2022-12-22,"PepsiCo, Kellogg, and Other Stocks That Can Thrive During a Recession",Barrons.com,https://finance.yahoo.com/m/d3457410-d654-3661-a9ad-c26ce53e634b/pepsico%2C-kellogg%2C-and-other.html,1671642000,STORY
d8d3ab9d-a271-3ed7-abcf-5803d55609a1,K,2022-12-22,3 Companies Recently Unveiling New Buyback Programs,Zacks,https://finance.yahoo.com/news/3-companies-recently-unveiling-buyback-205608315.html,1671483368,STORY
9a4cd989-8cb1-3b68-a91c-8859474ae140,K,2022-12-22,Is Rising Beef Prices a Boon for Plant-Based Meat Stocks?,Zacks,https://finance.yahoo.com/news/rising-beef-prices-boon-plant-140902889.html,1671458942,STORY
b925dee8-0f83-3ba9-ac9e-ce051961ac98,K,2022-12-22,"In case you missed it, 5 big stock buybacks this week: Centene, Raytheon",Investing.com,https://finance.yahoo.com/news/case-missed-5-big-stock-184154267.html,1671302514,STORY
a6567272-10b7-3892-95ad-fb965a724a7e,K,2022-12-22,Tastemade and Kellogg's Announce Winner of Corn Flakes Holiday Cookie Sleigh Competition,PR Newswire,https://finance.yahoo.com/news/tastemade-kelloggs-announce-winner-corn-162700345.html,1671121620,STORY
8ed65529-5b4b-357e-9702-47dc1a67823c,K,2022-12-22,Kellogg empowers blind consumers in U.S. with NaviLens technology on packaging,PR Newswire,https://finance.yahoo.com/news/kellogg-empowers-blind-consumers-u-151700419.html,1671031020,STORY
3e4c4260-a60a-32d6-ac0a-45b2cd01ebcf,K,2022-12-22,Tony the Tiger® is Hitting it Out of the Park in Missouri to Give More Middle School Kids Better Access to Sports,PR Newswire,https://finance.yahoo.com/news/tony-tiger-hitting-park-missouri-140000208.html,1671026400,STORY
ca0e4710-7fe2-3e1d-86cc-af0776e8153b,K,2022-12-22,Kellogg board approves share buyback program of up to $1.5 billion,MarketWatch,https://finance.yahoo.com/m/ca0e4710-7fe2-3e1d-86cc-af0776e8153b/kellogg-board-approves-share.html,1670852152,STORY
c11f3b84-e8ff-394e-9b6d-f6151c5a98ec,K,2022-12-23,Kellogg (NYSE:K) Hasn't Managed To Accelerate Its Returns,Simply Wall St.,https://finance.yahoo.com/news/kellogg-nyse-k-hasnt-managed-124119523.html,1671799279,STORY
709f2fa9-1210-3a91-ba75-8205fb882dd7,K,2022-12-23,Kellogg divests Russian operations to local snacks maker Chernogolovka,Reuters,https://finance.yahoo.com/news/kellogg-divests-russian-operations-local-155024382.html,1671724224,STORY
782ddc15-28c9-349a-82eb-09f2b77292c0,K,2022-12-23,UPDATE 2-Kellogg divests Russian operations to local snacks maker Chernogolovka,Reuters,https://finance.yahoo.com/news/1-kellogg-divests-russian-operations-154430026.html,1671723870,STORY
396666d8-e35e-3aca-918c-7b934a11cf25,K,2022-12-23,Daily – Vickers Top Buyers & Sellers for 12/22/2022,Argus Research,https://finance.yahoo.com/m/396666d8-e35e-3aca-918c-7b934a11cf25/daily-%E2%80%93-vickers-top-buyers-%26.html,1671708861,STORY
d3457410-d654-3661-a9ad-c26ce53e634b,K,2022-12-23,"PepsiCo, Kellogg, and Other Stocks That Can Thrive During a Recession",Barrons.com,https://finance.yahoo.com/m/d3457410-d654-3661-a9ad-c26ce53e634b/pepsico%2C-kellogg%2C-and-other.html,1671642000,STORY
d8d3ab9d-a271-3ed7-abcf-5803d55609a1,K,2022-12-23,3 Companies Recently Unveiling New Buyback Programs,Zacks,https://finance.yahoo.com/news/3-companies-recently-unveiling-buyback-205608315.html,1671483368,STORY
9a4cd989-8cb1-3b68-a91c-8859474ae140,K,2022-12-23,Is Rising Beef Prices a Boon for Plant-Based Meat Stocks?,Zacks,https://finance.yahoo.com/news/rising-beef-prices-boon-plant-140902889.html,1671458942,STORY
b925dee8-0f83-3ba9-ac9e-ce051961ac98,K,2022-12-23,"In case you missed it, 5 big stock buybacks this week: Centene, Raytheon",Investing.com,https://finance.yahoo.com/news/case-missed-5-big-stock-184154267.html,1671302514,STORY
c11f3b84-e8ff-394e-9b6d-f6151c5a98ec,K,2022-12-24,Kellogg (NYSE:K) Hasn't Managed To Accelerate Its Returns,Simply Wall St.,https://finance.yahoo.com/news/kellogg-nyse-k-hasnt-managed-124119523.html,1671799279,STORY
709f2fa9-1210-3a91-ba75-8205fb882dd7,K,2022-12-24,Kellogg divests Russian operations to local snacks maker Chernogolovka,Reuters,https://finance.yahoo.com/news/kellogg-divests-russian-operations-local-155024382.html,1671724224,STORY
782ddc15-28c9-349a-82eb-09f2b77292c0,K,2022-12-24,UPDATE 2-Kellogg divests Russian operations to local snacks maker Chernogolovka,Reuters,https://finance.yahoo.com/news/1-kellogg-divests-russian-operations-154430026.html,1671723870,STORY
d3457410-d654-3661-a9ad-c26ce53e634b,K,2022-12-24,"PepsiCo, Kellogg, and Other Stocks That Can Thrive During a Recession",Barrons.com,https://finance.yahoo.com/m/d3457410-d654-3661-a9ad-c26ce53e634b/pepsico%2C-kellogg%2C-and-other.html,1671642000,STORY
d8d3ab9d-a271-3ed7-abcf-5803d55609a1,K,2022-12-24,3 Companies Recently Unveiling New Buyback Programs,Zacks,https://finance.yahoo.com/news/3-companies-recently-unveiling-buyback-205608315.html,1671483368,STORY
9a4cd989-8cb1-3b68-a91c-8859474ae140,K,2022-12-24,Is Rising Beef Prices a Boon for Plant-Based Meat Stocks?,Zacks,https://finance.yahoo.com/news/rising-beef-prices-boon-plant-140902889.html,1671458942,STORY
b925dee8-0f83-3ba9-ac9e-ce051961ac98,K,2022-12-24,"In case you missed it, 5 big stock buybacks this week: Centene, Raytheon",Investing.com,https://finance.yahoo.com/news/case-missed-5-big-stock-184154267.html,1671302514,STORY
a6567272-10b7-3892-95ad-fb965a724a7e,K,2022-12-24,Tastemade and Kellogg's Announce Winner of Corn Flakes Holiday Cookie Sleigh Competition,PR Newswire,https://finance.yahoo.com/news/tastemade-kelloggs-announce-winner-corn-162700345.html,1671121620,STORY
c11f3b84-e8ff-394e-9b6d-f6151c5a98ec,K,2022-12-25,Kellogg (NYSE:K) Hasn't Managed To Accelerate Its Returns,Simply Wall St.,https://finance.yahoo.com/news/kellogg-nyse-k-hasnt-managed-124119523.html,1671799279,STORY
709f2fa9-1210-3a91-ba75-8205fb882dd7,K,2022-12-25,Kellogg divests Russian operations to local snacks maker Chernogolovka,Reuters,https://finance.yahoo.com/news/kellogg-divests-russian-operations-local-155024382.html,1671724224,STORY
782ddc15-28c9-349a-82eb-09f2b77292c0,K,2022-12-25,UPDATE 2-Kellogg divests Russian operations to local snacks maker Chernogolovka,Reuters,https://finance.yahoo.com/news/1-kellogg-divests-russian-operations-154430026.html,1671723870,STORY
30d61654-7421-386c-8bbd-918d6c2bdb87,K,2022-12-25,7 Recession-Proof Stocks to Buy as Market Fears Mount,InvestorPlace,https://finance.yahoo.com/news/7-recession-proof-stocks-buy-184858386.html,1671648538,STORY
d3457410-d654-3661-a9ad-c26ce53e634b,K,2022-12-25,"PepsiCo, Kellogg, and Other Stocks That Can Thrive During a Recession",Barrons.com,https://finance.yahoo.com/m/d3457410-d654-3661-a9ad-c26ce53e634b/pepsico%2C-kellogg%2C-and-other.html,1671642000,STORY
d8d3ab9d-a271-3ed7-abcf-5803d55609a1,K,2022-12-25,3 Companies Recently Unveiling New Buyback Programs,Zacks,https://finance.yahoo.com/news/3-companies-recently-unveiling-buyback-205608315.html,1671483368,STORY
9a4cd989-8cb1-3b68-a91c-8859474ae140,K,2022-12-25,Is Rising Beef Prices a Boon for Plant-Based Meat Stocks?,Zacks,https://finance.yahoo.com/news/rising-beef-prices-boon-plant-140902889.html,1671458942,STORY
b925dee8-0f83-3ba9-ac9e-ce051961ac98,K,2022-12-25,"In case you missed it, 5 big stock buybacks this week: Centene, Raytheon",Investing.com,https://finance.yahoo.com/news/case-missed-5-big-stock-184154267.html,1671302514,STORY
c11f3b84-e8ff-394e-9b6d-f6151c5a98ec,K,2022-12-26,Kellogg (NYSE:K) Hasn't Managed To Accelerate Its Returns,Simply Wall St.,https://finance.yahoo.com/news/kellogg-nyse-k-hasnt-managed-124119523.html,1671799279,STORY
709f2fa9-1210-3a91-ba75-8205fb882dd7,K,2022-12-26,Kellogg divests Russian operations to local snacks maker Chernogolovka,Reuters,https://finance.yahoo.com/news/kellogg-divests-russian-operations-local-155024382.html,1671724224,STORY
782ddc15-28c9-349a-82eb-09f2b77292c0,K,2022-12-26,UPDATE 2-Kellogg divests Russian operations to local snacks maker Chernogolovka,Reuters,https://finance.yahoo.com/news/1-kellogg-divests-russian-operations-154430026.html,1671723870,STORY
30d61654-7421-386c-8bbd-918d6c2bdb87,K,2022-12-26,7 Recession-Proof Stocks to Buy as Market Fears Mount,InvestorPlace,https://finance.yahoo.com/news/7-recession-proof-stocks-buy-184858386.html,1671648538,STORY
d3457410-d654-3661-a9ad-c26ce53e634b,K,2022-12-26,"PepsiCo, Kellogg, and Other Stocks That Can Thrive During a Recession",Barrons.com,https://finance.yahoo.com/m/d3457410-d654-3661-a9ad-c26ce53e634b/pepsico%2C-kellogg%2C-and-other.html,1671642000,STORY
d8d3ab9d-a271-3ed7-abcf-5803d55609a1,K,2022-12-26,3 Companies Recently Unveiling New Buyback Programs,Zacks,https://finance.yahoo.com/news/3-companies-recently-unveiling-buyback-205608315.html,1671483368,STORY
9a4cd989-8cb1-3b68-a91c-8859474ae140,K,2022-12-26,Is Rising Beef Prices a Boon for Plant-Based Meat Stocks?,Zacks,https://finance.yahoo.com/news/rising-beef-prices-boon-plant-140902889.html,1671458942,STORY
b925dee8-0f83-3ba9-ac9e-ce051961ac98,K,2022-12-26,"In case you missed it, 5 big stock buybacks this week: Centene, Raytheon",Investing.com,https://finance.yahoo.com/news/case-missed-5-big-stock-184154267.html,1671302514,STORY
4f36fd53-bd98-38e2-9b30-0b77fbd2b13a,K,2022-12-28,Want Better Returns? Don't Ignore These 2 Consumer Staples Stocks Set to Beat Earnings,Zacks,https://finance.yahoo.com/news/want-better-returns-dont-ignore-140002545.html,1672149602,STORY
77f12941-77e5-36cb-9b2d-8ec2d7c52cf3,K,2022-12-28,"CHEEZ-IT® SIGNS FOUR OF THE MOST ABSURDLY CHEEZY COLLEGE FOOTBALL ATHLETES TO WAKE UP ""FEELIN' THE CHEEZIEST"" VIA THE BRAND'S FIRST-EVER NIL DEALS",PR Newswire,https://finance.yahoo.com/news/cheez-signs-four-most-absurdly-130000133.html,1672146000,STORY
c11f3b84-e8ff-394e-9b6d-f6151c5a98ec,K,2022-12-28,Kellogg (NYSE:K) Hasn't Managed To Accelerate Its Returns,Simply Wall St.,https://finance.yahoo.com/news/kellogg-nyse-k-hasnt-managed-124119523.html,1671799279,STORY
709f2fa9-1210-3a91-ba75-8205fb882dd7,K,2022-12-28,Kellogg divests Russian operations to local snacks maker Chernogolovka,Reuters,https://finance.yahoo.com/news/kellogg-divests-russian-operations-local-155024382.html,1671724224,STORY
782ddc15-28c9-349a-82eb-09f2b77292c0,K,2022-12-28,UPDATE 2-Kellogg divests Russian operations to local snacks maker Chernogolovka,Reuters,https://finance.yahoo.com/news/1-kellogg-divests-russian-operations-154430026.html,1671723870,STORY
30d61654-7421-386c-8bbd-918d6c2bdb87,K,2022-12-28,7 Recession-Proof Stocks to Buy as Market Fears Mount,InvestorPlace,https://finance.yahoo.com/news/7-recession-proof-stocks-buy-184858386.html,1671648538,STORY
d3457410-d654-3661-a9ad-c26ce53e634b,K,2022-12-28,"PepsiCo, Kellogg, and Other Stocks That Can Thrive During a Recession",Barrons.com,https://finance.yahoo.com/m/d3457410-d654-3661-a9ad-c26ce53e634b/pepsico%2C-kellogg%2C-and-other.html,1671642000,STORY
d8d3ab9d-a271-3ed7-abcf-5803d55609a1,K,2022-12-28,3 Companies Recently Unveiling New Buyback Programs,Zacks,https://finance.yahoo.com/news/3-companies-recently-unveiling-buyback-205608315.html,1671483368,STORY
4f36fd53-bd98-38e2-9b30-0b77fbd2b13a,K,2022-12-29,Want Better Returns? Don't Ignore These 2 Consumer Staples Stocks Set to Beat Earnings,Zacks,https://finance.yahoo.com/news/want-better-returns-dont-ignore-140002545.html,1672149602,STORY
77f12941-77e5-36cb-9b2d-8ec2d7c52cf3,K,2022-12-29,"CHEEZ-IT® SIGNS FOUR OF THE MOST ABSURDLY CHEEZY COLLEGE FOOTBALL ATHLETES TO WAKE UP ""FEELIN' THE CHEEZIEST"" VIA THE BRAND'S FIRST-EVER NIL DEALS",PR Newswire,https://finance.yahoo.com/news/cheez-signs-four-most-absurdly-130000133.html,1672146000,STORY
c11f3b84-e8ff-394e-9b6d-f6151c5a98ec,K,2022-12-29,Kellogg (NYSE:K) Hasn't Managed To Accelerate Its Returns,Simply Wall St.,https://finance.yahoo.com/news/kellogg-nyse-k-hasnt-managed-124119523.html,1671799279,STORY
709f2fa9-1210-3a91-ba75-8205fb882dd7,K,2022-12-29,Kellogg divests Russian operations to local snacks maker Chernogolovka,Reuters,https://finance.yahoo.com/news/kellogg-divests-russian-operations-local-155024382.html,1671724224,STORY
782ddc15-28c9-349a-82eb-09f2b77292c0,K,2022-12-29,UPDATE 2-Kellogg divests Russian operations to local snacks maker Chernogolovka,Reuters,https://finance.yahoo.com/news/1-kellogg-divests-russian-operations-154430026.html,1671723870,STORY
30d61654-7421-386c-8bbd-918d6c2bdb87,K,2022-12-29,7 Recession-Proof Stocks to Buy as Market Fears Mount,InvestorPlace,https://finance.yahoo.com/news/7-recession-proof-stocks-buy-184858386.html,1671648538,STORY
d3457410-d654-3661-a9ad-c26ce53e634b,K,2022-12-29,"PepsiCo, Kellogg, and Other Stocks That Can Thrive During a Recession",Barrons.com,https://finance.yahoo.com/m/d3457410-d654-3661-a9ad-c26ce53e634b/pepsico%2C-kellogg%2C-and-other.html,1671642000,STORY
d8d3ab9d-a271-3ed7-abcf-5803d55609a1,K,2022-12-29,3 Companies Recently Unveiling New Buyback Programs,Zacks,https://finance.yahoo.com/news/3-companies-recently-unveiling-buyback-205608315.html,1671483368,STORY
4f36fd53-bd98-38e2-9b30-0b77fbd2b13a,K,2022-12-30,Want Better Returns? Don't Ignore These 2 Consumer Staples Stocks Set to Beat Earnings,Zacks,https://finance.yahoo.com/news/want-better-returns-dont-ignore-140002545.html,1672149602,STORY
77f12941-77e5-36cb-9b2d-8ec2d7c52cf3,K,2022-12-30,"CHEEZ-IT® SIGNS FOUR OF THE MOST ABSURDLY CHEEZY COLLEGE FOOTBALL ATHLETES TO WAKE UP ""FEELIN' THE CHEEZIEST"" VIA THE BRAND'S FIRST-EVER NIL DEALS",PR Newswire,https://finance.yahoo.com/news/cheez-signs-four-most-absurdly-130000133.html,1672146000,STORY
c11f3b84-e8ff-394e-9b6d-f6151c5a98ec,K,2022-12-30,Kellogg (NYSE:K) Hasn't Managed To Accelerate Its Returns,Simply Wall St.,https://finance.yahoo.com/news/kellogg-nyse-k-hasnt-managed-124119523.html,1671799279,STORY
709f2fa9-1210-3a91-ba75-8205fb882dd7,K,2022-12-30,Kellogg divests Russian operations to local snacks maker Chernogolovka,Reuters,https://finance.yahoo.com/news/kellogg-divests-russian-operations-local-155024382.html,1671724224,STORY
782ddc15-28c9-349a-82eb-09f2b77292c0,K,2022-12-30,UPDATE 2-Kellogg divests Russian operations to local snacks maker Chernogolovka,Reuters,https://finance.yahoo.com/news/1-kellogg-divests-russian-operations-154430026.html,1671723870,STORY
30d61654-7421-386c-8bbd-918d6c2bdb87,K,2022-12-30,7 Recession-Proof Stocks to Buy as Market Fears Mount,InvestorPlace,https://finance.yahoo.com/news/7-recession-proof-stocks-buy-184858386.html,1671648538,STORY
d3457410-d654-3661-a9ad-c26ce53e634b,K,2022-12-30,"PepsiCo, Kellogg, and Other Stocks That Can Thrive During a Recession",Barrons.com,https://finance.yahoo.com/m/d3457410-d654-3661-a9ad-c26ce53e634b/pepsico%2C-kellogg%2C-and-other.html,1671642000,STORY
d8d3ab9d-a271-3ed7-abcf-5803d55609a1,K,2022-12-30,3 Companies Recently Unveiling New Buyback Programs,Zacks,https://finance.yahoo.com/news/3-companies-recently-unveiling-buyback-205608315.html,1671483368,STORY
4f36fd53-bd98-38e2-9b30-0b77fbd2b13a,K,2022-12-31,Want Better Returns? Don't Ignore These 2 Consumer Staples Stocks Set to Beat Earnings,Zacks,https://finance.yahoo.com/news/want-better-returns-dont-ignore-140002545.html,1672149602,STORY
77f12941-77e5-36cb-9b2d-8ec2d7c52cf3,K,2022-12-31,"CHEEZ-IT® SIGNS FOUR OF THE MOST ABSURDLY CHEEZY COLLEGE FOOTBALL ATHLETES TO WAKE UP ""FEELIN' THE CHEEZIEST"" VIA THE BRAND'S FIRST-EVER NIL DEALS",PR Newswire,https://finance.yahoo.com/news/cheez-signs-four-most-absurdly-130000133.html,1672146000,STORY
c11f3b84-e8ff-394e-9b6d-f6151c5a98ec,K,2022-12-31,Kellogg (NYSE:K) Hasn't Managed To Accelerate Its Returns,Simply Wall St.,https://finance.yahoo.com/news/kellogg-nyse-k-hasnt-managed-124119523.html,1671799279,STORY
709f2fa9-1210-3a91-ba75-8205fb882dd7,K,2022-12-31,Kellogg divests Russian operations to local snacks maker Chernogolovka,Reuters,https://finance.yahoo.com/news/kellogg-divests-russian-operations-local-155024382.html,1671724224,STORY
782ddc15-28c9-349a-82eb-09f2b77292c0,K,2022-12-31,UPDATE 2-Kellogg divests Russian operations to local snacks maker Chernogolovka,Reuters,https://finance.yahoo.com/news/1-kellogg-divests-russian-operations-154430026.html,1671723870,STORY
30d61654-7421-386c-8bbd-918d6c2bdb87,K,2022-12-31,7 Recession-Proof Stocks to Buy as Market Fears Mount,InvestorPlace,https://finance.yahoo.com/news/7-recession-proof-stocks-buy-184858386.html,1671648538,STORY
d3457410-d654-3661-a9ad-c26ce53e634b,K,2022-12-31,"PepsiCo, Kellogg, and Other Stocks That Can Thrive During a Recession",Barrons.com,https://finance.yahoo.com/m/d3457410-d654-3661-a9ad-c26ce53e634b/pepsico%2C-kellogg%2C-and-other.html,1671642000,STORY
d8d3ab9d-a271-3ed7-abcf-5803d55609a1,K,2022-12-31,3 Companies Recently Unveiling New Buyback Programs,Zacks,https://finance.yahoo.com/news/3-companies-recently-unveiling-buyback-205608315.html,1671483368,STORY
4f36fd53-bd98-38e2-9b30-0b77fbd2b13a,K,2023-1-1,Want Better Returns? Don't Ignore These 2 Consumer Staples Stocks Set to Beat Earnings,Zacks,https://finance.yahoo.com/news/want-better-returns-dont-ignore-140002545.html,1672149602,STORY
77f12941-77e5-36cb-9b2d-8ec2d7c52cf3,K,2023-1-1,"CHEEZ-IT® SIGNS FOUR OF THE MOST ABSURDLY CHEEZY COLLEGE FOOTBALL ATHLETES TO WAKE UP ""FEELIN' THE CHEEZIEST"" VIA THE BRAND'S FIRST-EVER NIL DEALS",PR Newswire,https://finance.yahoo.com/news/cheez-signs-four-most-absurdly-130000133.html,1672146000,STORY
c11f3b84-e8ff-394e-9b6d-f6151c5a98ec,K,2023-1-1,Kellogg (NYSE:K) Hasn't Managed To Accelerate Its Returns,Simply Wall St.,https://finance.yahoo.com/news/kellogg-nyse-k-hasnt-managed-124119523.html,1671799279,STORY
709f2fa9-1210-3a91-ba75-8205fb882dd7,K,2023-1-1,Kellogg divests Russian operations to local snacks maker Chernogolovka,Reuters,https://finance.yahoo.com/news/kellogg-divests-russian-operations-local-155024382.html,1671724224,STORY
782ddc15-28c9-349a-82eb-09f2b77292c0,K,2023-1-1,UPDATE 2-Kellogg divests Russian operations to local snacks maker Chernogolovka,Reuters,https://finance.yahoo.com/news/1-kellogg-divests-russian-operations-154430026.html,1671723870,STORY
30d61654-7421-386c-8bbd-918d6c2bdb87,K,2023-1-1,7 Recession-Proof Stocks to Buy as Market Fears Mount,InvestorPlace,https://finance.yahoo.com/news/7-recession-proof-stocks-buy-184858386.html,1671648538,STORY
d3457410-d654-3661-a9ad-c26ce53e634b,K,2023-1-1,"PepsiCo, Kellogg, and Other Stocks That Can Thrive During a Recession",Barrons.com,https://finance.yahoo.com/m/d3457410-d654-3661-a9ad-c26ce53e634b/pepsico%2C-kellogg%2C-and-other.html,1671642000,STORY
d8d3ab9d-a271-3ed7-abcf-5803d55609a1,K,2023-1-1,3 Companies Recently Unveiling New Buyback Programs,Zacks,https://finance.yahoo.com/news/3-companies-recently-unveiling-buyback-205608315.html,1671483368,STORY
4f36fd53-bd98-38e2-9b30-0b77fbd2b13a,K,2023-1-2,Want Better Returns? Don't Ignore These 2 Consumer Staples Stocks Set to Beat Earnings,Zacks,https://finance.yahoo.com/news/want-better-returns-dont-ignore-140002545.html,1672149602,STORY
77f12941-77e5-36cb-9b2d-8ec2d7c52cf3,K,2023-1-2,"CHEEZ-IT® SIGNS FOUR OF THE MOST ABSURDLY CHEEZY COLLEGE FOOTBALL ATHLETES TO WAKE UP ""FEELIN' THE CHEEZIEST"" VIA THE BRAND'S FIRST-EVER NIL DEALS",PR Newswire,https://finance.yahoo.com/news/cheez-signs-four-most-absurdly-130000133.html,1672146000,STORY
c11f3b84-e8ff-394e-9b6d-f6151c5a98ec,K,2023-1-2,Kellogg (NYSE:K) Hasn't Managed To Accelerate Its Returns,Simply Wall St.,https://finance.yahoo.com/news/kellogg-nyse-k-hasnt-managed-124119523.html,1671799279,STORY
709f2fa9-1210-3a91-ba75-8205fb882dd7,K,2023-1-2,Kellogg divests Russian operations to local snacks maker Chernogolovka,Reuters,https://finance.yahoo.com/news/kellogg-divests-russian-operations-local-155024382.html,1671724224,STORY
782ddc15-28c9-349a-82eb-09f2b77292c0,K,2023-1-2,UPDATE 2-Kellogg divests Russian operations to local snacks maker Chernogolovka,Reuters,https://finance.yahoo.com/news/1-kellogg-divests-russian-operations-154430026.html,1671723870,STORY
30d61654-7421-386c-8bbd-918d6c2bdb87,K,2023-1-2,7 Recession-Proof Stocks to Buy as Market Fears Mount,InvestorPlace,https://finance.yahoo.com/news/7-recession-proof-stocks-buy-184858386.html,1671648538,STORY
d3457410-d654-3661-a9ad-c26ce53e634b,K,2023-1-2,"PepsiCo, Kellogg, and Other Stocks That Can Thrive During a Recession",Barrons.com,https://finance.yahoo.com/m/d3457410-d654-3661-a9ad-c26ce53e634b/pepsico%2C-kellogg%2C-and-other.html,1671642000,STORY
d8d3ab9d-a271-3ed7-abcf-5803d55609a1,K,2023-1-2,3 Companies Recently Unveiling New Buyback Programs,Zacks,https://finance.yahoo.com/news/3-companies-recently-unveiling-buyback-205608315.html,1671483368,STORY
4f36fd53-bd98-38e2-9b30-0b77fbd2b13a,K,2023-1-3,Want Better Returns? Don't Ignore These 2 Consumer Staples Stocks Set to Beat Earnings,Zacks,https://finance.yahoo.com/news/want-better-returns-dont-ignore-140002545.html,1672149602,STORY
77f12941-77e5-36cb-9b2d-8ec2d7c52cf3,K,2023-1-3,"CHEEZ-IT® SIGNS FOUR OF THE MOST ABSURDLY CHEEZY COLLEGE FOOTBALL ATHLETES TO WAKE UP ""FEELIN' THE CHEEZIEST"" VIA THE BRAND'S FIRST-EVER NIL DEALS",PR Newswire,https://finance.yahoo.com/news/cheez-signs-four-most-absurdly-130000133.html,1672146000,STORY
c11f3b84-e8ff-394e-9b6d-f6151c5a98ec,K,2023-1-3,Kellogg (NYSE:K) Hasn't Managed To Accelerate Its Returns,Simply Wall St.,https://finance.yahoo.com/news/kellogg-nyse-k-hasnt-managed-124119523.html,1671799279,STORY
709f2fa9-1210-3a91-ba75-8205fb882dd7,K,2023-1-3,Kellogg divests Russian operations to local snacks maker Chernogolovka,Reuters,https://finance.yahoo.com/news/kellogg-divests-russian-operations-local-155024382.html,1671724224,STORY
782ddc15-28c9-349a-82eb-09f2b77292c0,K,2023-1-3,UPDATE 2-Kellogg divests Russian operations to local snacks maker Chernogolovka,Reuters,https://finance.yahoo.com/news/1-kellogg-divests-russian-operations-154430026.html,1671723870,STORY
30d61654-7421-386c-8bbd-918d6c2bdb87,K,2023-1-3,7 Recession-Proof Stocks to Buy as Market Fears Mount,InvestorPlace,https://finance.yahoo.com/news/7-recession-proof-stocks-buy-184858386.html,1671648538,STORY
d3457410-d654-3661-a9ad-c26ce53e634b,K,2023-1-3,"PepsiCo, Kellogg, and Other Stocks That Can Thrive During a Recession",Barrons.com,https://finance.yahoo.com/m/d3457410-d654-3661-a9ad-c26ce53e634b/pepsico%2C-kellogg%2C-and-other.html,1671642000,STORY
d8d3ab9d-a271-3ed7-abcf-5803d55609a1,K,2023-1-3,3 Companies Recently Unveiling New Buyback Programs,Zacks,https://finance.yahoo.com/news/3-companies-recently-unveiling-buyback-205608315.html,1671483368,STORY
d68209c6-55e0-3eff-97de-1555478f3f22,K,2023-1-4,Helen of Troy (HELE) Queued for Q3 Earnings: Things to Note,Zacks,https://finance.yahoo.com/news/helen-troy-hele-queued-q3-165904944.html,1672765144,STORY
458020ff-83d4-364e-8b84-a0d3656aa1a1,K,2023-1-4,Conagra Brands (CAG) Readies for Q2 Earnings: Things to Note,Zacks,https://finance.yahoo.com/news/conagra-brands-cag-readies-q2-133501508.html,1672752901,STORY
4f36fd53-bd98-38e2-9b30-0b77fbd2b13a,K,2023-1-4,Want Better Returns? Don't Ignore These 2 Consumer Staples Stocks Set to Beat Earnings,Zacks,https://finance.yahoo.com/news/want-better-returns-dont-ignore-140002545.html,1672149602,STORY
77f12941-77e5-36cb-9b2d-8ec2d7c52cf3,K,2023-1-4,"CHEEZ-IT® SIGNS FOUR OF THE MOST ABSURDLY CHEEZY COLLEGE FOOTBALL ATHLETES TO WAKE UP ""FEELIN' THE CHEEZIEST"" VIA THE BRAND'S FIRST-EVER NIL DEALS",PR Newswire,https://finance.yahoo.com/news/cheez-signs-four-most-absurdly-130000133.html,1672146000,STORY
c11f3b84-e8ff-394e-9b6d-f6151c5a98ec,K,2023-1-4,Kellogg (NYSE:K) Hasn't Managed To Accelerate Its Returns,Simply Wall St.,https://finance.yahoo.com/news/kellogg-nyse-k-hasnt-managed-124119523.html,1671799279,STORY
709f2fa9-1210-3a91-ba75-8205fb882dd7,K,2023-1-4,Kellogg divests Russian operations to local snacks maker Chernogolovka,Reuters,https://finance.yahoo.com/news/kellogg-divests-russian-operations-local-155024382.html,1671724224,STORY
782ddc15-28c9-349a-82eb-09f2b77292c0,K,2023-1-4,UPDATE 2-Kellogg divests Russian operations to local snacks maker Chernogolovka,Reuters,https://finance.yahoo.com/news/1-kellogg-divests-russian-operations-154430026.html,1671723870,STORY
30d61654-7421-386c-8bbd-918d6c2bdb87,K,2023-1-4,7 Recession-Proof Stocks to Buy as Market Fears Mount,InvestorPlace,https://finance.yahoo.com/news/7-recession-proof-stocks-buy-184858386.html,1671648538,STORY
0a85c185-b4cf-3dab-896e-d13a9c47dccd,K,2023-1-5,Lamb Weston (LW) Gears Up for Q2 Earnings: Things to Note,Zacks,https://finance.yahoo.com/news/lamb-weston-lw-gears-q2-143702091.html,1672843022,STORY
d68209c6-55e0-3eff-97de-1555478f3f22,K,2023-1-5,Helen of Troy (HELE) Queued for Q3 Earnings: Things to Note,Zacks,https://finance.yahoo.com/news/helen-troy-hele-queued-q3-165904944.html,1672765144,STORY
458020ff-83d4-364e-8b84-a0d3656aa1a1,K,2023-1-5,Conagra Brands (CAG) Readies for Q2 Earnings: Things to Note,Zacks,https://finance.yahoo.com/news/conagra-brands-cag-readies-q2-133501508.html,1672752901,STORY
4f36fd53-bd98-38e2-9b30-0b77fbd2b13a,K,2023-1-5,Want Better Returns? Don't Ignore These 2 Consumer Staples Stocks Set to Beat Earnings,Zacks,https://finance.yahoo.com/news/want-better-returns-dont-ignore-140002545.html,1672149602,STORY
77f12941-77e5-36cb-9b2d-8ec2d7c52cf3,K,2023-1-5,"CHEEZ-IT® SIGNS FOUR OF THE MOST ABSURDLY CHEEZY COLLEGE FOOTBALL ATHLETES TO WAKE UP ""FEELIN' THE CHEEZIEST"" VIA THE BRAND'S FIRST-EVER NIL DEALS",PR Newswire,https://finance.yahoo.com/news/cheez-signs-four-most-absurdly-130000133.html,1672146000,STORY
c11f3b84-e8ff-394e-9b6d-f6151c5a98ec,K,2023-1-5,Kellogg (NYSE:K) Hasn't Managed To Accelerate Its Returns,Simply Wall St.,https://finance.yahoo.com/news/kellogg-nyse-k-hasnt-managed-124119523.html,1671799279,STORY
709f2fa9-1210-3a91-ba75-8205fb882dd7,K,2023-1-5,Kellogg divests Russian operations to local snacks maker Chernogolovka,Reuters,https://finance.yahoo.com/news/kellogg-divests-russian-operations-local-155024382.html,1671724224,STORY
782ddc15-28c9-349a-82eb-09f2b77292c0,K,2023-1-5,UPDATE 2-Kellogg divests Russian operations to local snacks maker Chernogolovka,Reuters,https://finance.yahoo.com/news/1-kellogg-divests-russian-operations-154430026.html,1671723870,STORY
0e94ce14-91e5-3615-a962-67b852379482,K,2023-1-6,How Kellogg Uses Standardized Benchmarks to Boost Cost Savings,The Wall Street Journal,https://finance.yahoo.com/m/0e94ce14-91e5-3615-a962-67b852379482/how-kellogg-uses-standardized.html,1673002800,STORY
1a6a6990-0f5f-3c5d-b423-320b7d8f351c,K,2023-1-6,"Don't Give Up on Consumer Staples Stocks, Just Buy Companies Like These",Motley Fool,https://finance.yahoo.com/m/1a6a6990-0f5f-3c5d-b423-320b7d8f351c/don%27t-give-up-on-consumer.html,1672928100,STORY
bc588280-68ce-377c-8055-f19e3bce8f29,K,2023-1-6,3 Dividend Stocks to Buy for Bear Market Downturns,Motley Fool,https://finance.yahoo.com/m/bc588280-68ce-377c-8055-f19e3bce8f29/3-dividend-stocks-to-buy-for.html,1672925400,STORY
0a85c185-b4cf-3dab-896e-d13a9c47dccd,K,2023-1-6,Lamb Weston (LW) Gears Up for Q2 Earnings: Things to Note,Zacks,https://finance.yahoo.com/news/lamb-weston-lw-gears-q2-143702091.html,1672843022,STORY
d68209c6-55e0-3eff-97de-1555478f3f22,K,2023-1-6,Helen of Troy (HELE) Queued for Q3 Earnings: Things to Note,Zacks,https://finance.yahoo.com/news/helen-troy-hele-queued-q3-165904944.html,1672765144,STORY
458020ff-83d4-364e-8b84-a0d3656aa1a1,K,2023-1-6,Conagra Brands (CAG) Readies for Q2 Earnings: Things to Note,Zacks,https://finance.yahoo.com/news/conagra-brands-cag-readies-q2-133501508.html,1672752901,STORY
4f36fd53-bd98-38e2-9b30-0b77fbd2b13a,K,2023-1-6,Want Better Returns? Don't Ignore These 2 Consumer Staples Stocks Set to Beat Earnings,Zacks,https://finance.yahoo.com/news/want-better-returns-dont-ignore-140002545.html,1672149602,STORY
77f12941-77e5-36cb-9b2d-8ec2d7c52cf3,K,2023-1-6,"CHEEZ-IT® SIGNS FOUR OF THE MOST ABSURDLY CHEEZY COLLEGE FOOTBALL ATHLETES TO WAKE UP ""FEELIN' THE CHEEZIEST"" VIA THE BRAND'S FIRST-EVER NIL DEALS",PR Newswire,https://finance.yahoo.com/news/cheez-signs-four-most-absurdly-130000133.html,1672146000,STORY
3c6ae6b7-4aef-3c1b-9aef-272dd3dd1608,K,2023-1-7,Do Kellogg's (NYSE:K) Earnings Warrant Your Attention?,Simply Wall St.,https://finance.yahoo.com/news/kelloggs-nyse-k-earnings-warrant-133916131.html,1673012356,STORY
0e94ce14-91e5-3615-a962-67b852379482,K,2023-1-7,How Kellogg Uses Standardized Benchmarks to Boost Cost Savings,The Wall Street Journal,https://finance.yahoo.com/m/0e94ce14-91e5-3615-a962-67b852379482/how-kellogg-uses-standardized.html,1673002800,STORY
1a6a6990-0f5f-3c5d-b423-320b7d8f351c,K,2023-1-7,"Don't Give Up on Consumer Staples Stocks, Just Buy Companies Like These",Motley Fool,https://finance.yahoo.com/m/1a6a6990-0f5f-3c5d-b423-320b7d8f351c/don%27t-give-up-on-consumer.html,1672928100,STORY
bc588280-68ce-377c-8055-f19e3bce8f29,K,2023-1-7,3 Dividend Stocks to Buy for Bear Market Downturns,Motley Fool,https://finance.yahoo.com/m/bc588280-68ce-377c-8055-f19e3bce8f29/3-dividend-stocks-to-buy-for.html,1672925400,STORY
0a85c185-b4cf-3dab-896e-d13a9c47dccd,K,2023-1-7,Lamb Weston (LW) Gears Up for Q2 Earnings: Things to Note,Zacks,https://finance.yahoo.com/news/lamb-weston-lw-gears-q2-143702091.html,1672843022,STORY
d68209c6-55e0-3eff-97de-1555478f3f22,K,2023-1-7,Helen of Troy (HELE) Queued for Q3 Earnings: Things to Note,Zacks,https://finance.yahoo.com/news/helen-troy-hele-queued-q3-165904944.html,1672765144,STORY
458020ff-83d4-364e-8b84-a0d3656aa1a1,K,2023-1-7,Conagra Brands (CAG) Readies for Q2 Earnings: Things to Note,Zacks,https://finance.yahoo.com/news/conagra-brands-cag-readies-q2-133501508.html,1672752901,STORY
4f36fd53-bd98-38e2-9b30-0b77fbd2b13a,K,2023-1-7,Want Better Returns? Don't Ignore These 2 Consumer Staples Stocks Set to Beat Earnings,Zacks,https://finance.yahoo.com/news/want-better-returns-dont-ignore-140002545.html,1672149602,STORY
3c6ae6b7-4aef-3c1b-9aef-272dd3dd1608,K,2023-1-8,Do Kellogg's (NYSE:K) Earnings Warrant Your Attention?,Simply Wall St.,https://finance.yahoo.com/news/kelloggs-nyse-k-earnings-warrant-133916131.html,1673012356,STORY
0e94ce14-91e5-3615-a962-67b852379482,K,2023-1-8,How Kellogg Uses Standardized Benchmarks to Boost Cost Savings,The Wall Street Journal,https://finance.yahoo.com/m/0e94ce14-91e5-3615-a962-67b852379482/how-kellogg-uses-standardized.html,1673002800,STORY
1a6a6990-0f5f-3c5d-b423-320b7d8f351c,K,2023-1-8,"Don't Give Up on Consumer Staples Stocks, Just Buy Companies Like These",Motley Fool,https://finance.yahoo.com/m/1a6a6990-0f5f-3c5d-b423-320b7d8f351c/don%27t-give-up-on-consumer.html,1672928100,STORY
bc588280-68ce-377c-8055-f19e3bce8f29,K,2023-1-8,3 Dividend Stocks to Buy for Bear Market Downturns,Motley Fool,https://finance.yahoo.com/m/bc588280-68ce-377c-8055-f19e3bce8f29/3-dividend-stocks-to-buy-for.html,1672925400,STORY
0a85c185-b4cf-3dab-896e-d13a9c47dccd,K,2023-1-8,Lamb Weston (LW) Gears Up for Q2 Earnings: Things to Note,Zacks,https://finance.yahoo.com/news/lamb-weston-lw-gears-q2-143702091.html,1672843022,STORY
d68209c6-55e0-3eff-97de-1555478f3f22,K,2023-1-8,Helen of Troy (HELE) Queued for Q3 Earnings: Things to Note,Zacks,https://finance.yahoo.com/news/helen-troy-hele-queued-q3-165904944.html,1672765144,STORY
458020ff-83d4-364e-8b84-a0d3656aa1a1,K,2023-1-8,Conagra Brands (CAG) Readies for Q2 Earnings: Things to Note,Zacks,https://finance.yahoo.com/news/conagra-brands-cag-readies-q2-133501508.html,1672752901,STORY
4f36fd53-bd98-38e2-9b30-0b77fbd2b13a,K,2023-1-8,Want Better Returns? Don't Ignore These 2 Consumer Staples Stocks Set to Beat Earnings,Zacks,https://finance.yahoo.com/news/want-better-returns-dont-ignore-140002545.html,1672149602,STORY
3c6ae6b7-4aef-3c1b-9aef-272dd3dd1608,K,2023-1-9,Do Kellogg's (NYSE:K) Earnings Warrant Your Attention?,Simply Wall St.,https://finance.yahoo.com/news/kelloggs-nyse-k-earnings-warrant-133916131.html,1673012356,STORY
0e94ce14-91e5-3615-a962-67b852379482,K,2023-1-9,How Kellogg Uses Standardized Benchmarks to Boost Cost Savings,The Wall Street Journal,https://finance.yahoo.com/m/0e94ce14-91e5-3615-a962-67b852379482/how-kellogg-uses-standardized.html,1673002800,STORY
1a6a6990-0f5f-3c5d-b423-320b7d8f351c,K,2023-1-9,"Don't Give Up on Consumer Staples Stocks, Just Buy Companies Like These",Motley Fool,https://finance.yahoo.com/m/1a6a6990-0f5f-3c5d-b423-320b7d8f351c/don%27t-give-up-on-consumer.html,1672928100,STORY
bc588280-68ce-377c-8055-f19e3bce8f29,K,2023-1-9,3 Dividend Stocks to Buy for Bear Market Downturns,Motley Fool,https://finance.yahoo.com/m/bc588280-68ce-377c-8055-f19e3bce8f29/3-dividend-stocks-to-buy-for.html,1672925400,STORY
0a85c185-b4cf-3dab-896e-d13a9c47dccd,K,2023-1-9,Lamb Weston (LW) Gears Up for Q2 Earnings: Things to Note,Zacks,https://finance.yahoo.com/news/lamb-weston-lw-gears-q2-143702091.html,1672843022,STORY
d68209c6-55e0-3eff-97de-1555478f3f22,K,2023-1-9,Helen of Troy (HELE) Queued for Q3 Earnings: Things to Note,Zacks,https://finance.yahoo.com/news/helen-troy-hele-queued-q3-165904944.html,1672765144,STORY
458020ff-83d4-364e-8b84-a0d3656aa1a1,K,2023-1-9,Conagra Brands (CAG) Readies for Q2 Earnings: Things to Note,Zacks,https://finance.yahoo.com/news/conagra-brands-cag-readies-q2-133501508.html,1672752901,STORY
4f36fd53-bd98-38e2-9b30-0b77fbd2b13a,K,2023-1-9,Want Better Returns? Don't Ignore These 2 Consumer Staples Stocks Set to Beat Earnings,Zacks,https://finance.yahoo.com/news/want-better-returns-dont-ignore-140002545.html,1672149602,STORY
80f2523b-61ed-3695-a00a-b946da096f02,K,2023-1-10,NO B.S. GOES BEYOND THE BAR WITH FIRST-EVER RXBAR® GRANOLA,PR Newswire,https://finance.yahoo.com/news/no-b-goes-beyond-bar-130000850.html,1673355600,STORY
9f6a8715-6d4e-3fdf-a831-1d25e2c904d0,K,2023-1-10,Kellogg Company's Vitamin D Petition Accepted by FDA,PR Newswire,https://finance.yahoo.com/news/kellogg-companys-vitamin-d-petition-143200361.html,1673274720,STORY
3c6ae6b7-4aef-3c1b-9aef-272dd3dd1608,K,2023-1-10,Do Kellogg's (NYSE:K) Earnings Warrant Your Attention?,Simply Wall St.,https://finance.yahoo.com/news/kelloggs-nyse-k-earnings-warrant-133916131.html,1673012356,STORY
0e94ce14-91e5-3615-a962-67b852379482,K,2023-1-10,How Kellogg Uses Standardized Benchmarks to Boost Cost Savings,The Wall Street Journal,https://finance.yahoo.com/m/0e94ce14-91e5-3615-a962-67b852379482/how-kellogg-uses-standardized.html,1673002800,STORY
1a6a6990-0f5f-3c5d-b423-320b7d8f351c,K,2023-1-10,"Don't Give Up on Consumer Staples Stocks, Just Buy Companies Like These",Motley Fool,https://finance.yahoo.com/m/1a6a6990-0f5f-3c5d-b423-320b7d8f351c/don%27t-give-up-on-consumer.html,1672928100,STORY
bc588280-68ce-377c-8055-f19e3bce8f29,K,2023-1-10,3 Dividend Stocks to Buy for Bear Market Downturns,Motley Fool,https://finance.yahoo.com/m/bc588280-68ce-377c-8055-f19e3bce8f29/3-dividend-stocks-to-buy-for.html,1672925400,STORY
0a85c185-b4cf-3dab-896e-d13a9c47dccd,K,2023-1-10,Lamb Weston (LW) Gears Up for Q2 Earnings: Things to Note,Zacks,https://finance.yahoo.com/news/lamb-weston-lw-gears-q2-143702091.html,1672843022,STORY
d68209c6-55e0-3eff-97de-1555478f3f22,K,2023-1-10,Helen of Troy (HELE) Queued for Q3 Earnings: Things to Note,Zacks,https://finance.yahoo.com/news/helen-troy-hele-queued-q3-165904944.html,1672765144,STORY
fbeab5e5-addc-32a3-92f2-5a0088a95f92,K,2023-1-11,Will Kellogg (K) Beat Estimates Again in Its Next Earnings Report?,Zacks,https://finance.yahoo.com/news/kellogg-k-beat-estimates-again-171005477.html,1673370605,STORY
80f2523b-61ed-3695-a00a-b946da096f02,K,2023-1-11,NO B.S. GOES BEYOND THE BAR WITH FIRST-EVER RXBAR® GRANOLA,PR Newswire,https://finance.yahoo.com/news/no-b-goes-beyond-bar-130000850.html,1673355600,STORY
9f6a8715-6d4e-3fdf-a831-1d25e2c904d0,K,2023-1-11,Kellogg Company's Vitamin D Petition Accepted by FDA,PR Newswire,https://finance.yahoo.com/news/kellogg-companys-vitamin-d-petition-143200361.html,1673274720,STORY
3c6ae6b7-4aef-3c1b-9aef-272dd3dd1608,K,2023-1-11,Do Kellogg's (NYSE:K) Earnings Warrant Your Attention?,Simply Wall St.,https://finance.yahoo.com/news/kelloggs-nyse-k-earnings-warrant-133916131.html,1673012356,STORY
0e94ce14-91e5-3615-a962-67b852379482,K,2023-1-11,How Kellogg Uses Standardized Benchmarks to Boost Cost Savings,The Wall Street Journal,https://finance.yahoo.com/m/0e94ce14-91e5-3615-a962-67b852379482/how-kellogg-uses-standardized.html,1673002800,STORY
1a6a6990-0f5f-3c5d-b423-320b7d8f351c,K,2023-1-11,"Don't Give Up on Consumer Staples Stocks, Just Buy Companies Like These",Motley Fool,https://finance.yahoo.com/m/1a6a6990-0f5f-3c5d-b423-320b7d8f351c/don%27t-give-up-on-consumer.html,1672928100,STORY
bc588280-68ce-377c-8055-f19e3bce8f29,K,2023-1-11,3 Dividend Stocks to Buy for Bear Market Downturns,Motley Fool,https://finance.yahoo.com/m/bc588280-68ce-377c-8055-f19e3bce8f29/3-dividend-stocks-to-buy-for.html,1672925400,STORY
0a85c185-b4cf-3dab-896e-d13a9c47dccd,K,2023-1-11,Lamb Weston (LW) Gears Up for Q2 Earnings: Things to Note,Zacks,https://finance.yahoo.com/news/lamb-weston-lw-gears-q2-143702091.html,1672843022,STORY
9e2cb1e8-5dbc-3d08-9249-49963d8a9a53,K,2023-1-12,"Kellogg Company's People Analytics drive a winning culture by design, not default",PR Newswire,https://finance.yahoo.com/news/kellogg-companys-people-analytics-drive-141500698.html,1673446500,STORY
4c681d3d-339e-3fe3-b364-ac98c39df2da,K,2023-1-12,Daily – Vickers Top Buyers & Sellers for 01/11/2023,Argus Research,https://finance.yahoo.com/m/4c681d3d-339e-3fe3-b364-ac98c39df2da/daily-%E2%80%93-vickers-top-buyers-%26.html,1673438013,STORY
fbeab5e5-addc-32a3-92f2-5a0088a95f92,K,2023-1-12,Will Kellogg (K) Beat Estimates Again in Its Next Earnings Report?,Zacks,https://finance.yahoo.com/news/kellogg-k-beat-estimates-again-171005477.html,1673370605,STORY
80f2523b-61ed-3695-a00a-b946da096f02,K,2023-1-12,NO B.S. GOES BEYOND THE BAR WITH FIRST-EVER RXBAR® GRANOLA,PR Newswire,https://finance.yahoo.com/news/no-b-goes-beyond-bar-130000850.html,1673355600,STORY
9f6a8715-6d4e-3fdf-a831-1d25e2c904d0,K,2023-1-12,Kellogg Company's Vitamin D Petition Accepted by FDA,PR Newswire,https://finance.yahoo.com/news/kellogg-companys-vitamin-d-petition-143200361.html,1673274720,STORY
3c6ae6b7-4aef-3c1b-9aef-272dd3dd1608,K,2023-1-12,Do Kellogg's (NYSE:K) Earnings Warrant Your Attention?,Simply Wall St.,https://finance.yahoo.com/news/kelloggs-nyse-k-earnings-warrant-133916131.html,1673012356,STORY
0e94ce14-91e5-3615-a962-67b852379482,K,2023-1-12,How Kellogg Uses Standardized Benchmarks to Boost Cost Savings,The Wall Street Journal,https://finance.yahoo.com/m/0e94ce14-91e5-3615-a962-67b852379482/how-kellogg-uses-standardized.html,1673002800,STORY
1a6a6990-0f5f-3c5d-b423-320b7d8f351c,K,2023-1-12,"Don't Give Up on Consumer Staples Stocks, Just Buy Companies Like These",Motley Fool,https://finance.yahoo.com/m/1a6a6990-0f5f-3c5d-b423-320b7d8f351c/don%27t-give-up-on-consumer.html,1672928100,STORY
9e2cb1e8-5dbc-3d08-9249-49963d8a9a53,K,2023-1-13,"Kellogg Company's People Analytics drive a winning culture by design, not default",PR Newswire,https://finance.yahoo.com/news/kellogg-companys-people-analytics-drive-141500698.html,1673446500,STORY
fbeab5e5-addc-32a3-92f2-5a0088a95f92,K,2023-1-13,Will Kellogg (K) Beat Estimates Again in Its Next Earnings Report?,Zacks,https://finance.yahoo.com/news/kellogg-k-beat-estimates-again-171005477.html,1673370605,STORY
80f2523b-61ed-3695-a00a-b946da096f02,K,2023-1-13,NO B.S. GOES BEYOND THE BAR WITH FIRST-EVER RXBAR® GRANOLA,PR Newswire,https://finance.yahoo.com/news/no-b-goes-beyond-bar-130000850.html,1673355600,STORY
9f6a8715-6d4e-3fdf-a831-1d25e2c904d0,K,2023-1-13,Kellogg Company's Vitamin D Petition Accepted by FDA,PR Newswire,https://finance.yahoo.com/news/kellogg-companys-vitamin-d-petition-143200361.html,1673274720,STORY
3c6ae6b7-4aef-3c1b-9aef-272dd3dd1608,K,2023-1-13,Do Kellogg's (NYSE:K) Earnings Warrant Your Attention?,Simply Wall St.,https://finance.yahoo.com/news/kelloggs-nyse-k-earnings-warrant-133916131.html,1673012356,STORY
0e94ce14-91e5-3615-a962-67b852379482,K,2023-1-13,How Kellogg Uses Standardized Benchmarks to Boost Cost Savings,The Wall Street Journal,https://finance.yahoo.com/m/0e94ce14-91e5-3615-a962-67b852379482/how-kellogg-uses-standardized.html,1673002800,STORY
1a6a6990-0f5f-3c5d-b423-320b7d8f351c,K,2023-1-13,"Don't Give Up on Consumer Staples Stocks, Just Buy Companies Like These",Motley Fool,https://finance.yahoo.com/m/1a6a6990-0f5f-3c5d-b423-320b7d8f351c/don%27t-give-up-on-consumer.html,1672928100,STORY
bc588280-68ce-377c-8055-f19e3bce8f29,K,2023-1-13,3 Dividend Stocks to Buy for Bear Market Downturns,Motley Fool,https://finance.yahoo.com/m/bc588280-68ce-377c-8055-f19e3bce8f29/3-dividend-stocks-to-buy-for.html,1672925400,STORY
e6459461-d987-3cd9-88f0-b7dafe2900ae,K,2023-1-14,Kellogg Company Sets Date for 2022 Fourth Quarter Results Webcast,PR Newswire,https://finance.yahoo.com/news/kellogg-company-sets-date-2022-153000858.html,1673623800,STORY
9e2cb1e8-5dbc-3d08-9249-49963d8a9a53,K,2023-1-14,"Kellogg Company's People Analytics drive a winning culture by design, not default",PR Newswire,https://finance.yahoo.com/news/kellogg-companys-people-analytics-drive-141500698.html,1673446500,STORY
fbeab5e5-addc-32a3-92f2-5a0088a95f92,K,2023-1-14,Will Kellogg (K) Beat Estimates Again in Its Next Earnings Report?,Zacks,https://finance.yahoo.com/news/kellogg-k-beat-estimates-again-171005477.html,1673370605,STORY
80f2523b-61ed-3695-a00a-b946da096f02,K,2023-1-14,NO B.S. GOES BEYOND THE BAR WITH FIRST-EVER RXBAR® GRANOLA,PR Newswire,https://finance.yahoo.com/news/no-b-goes-beyond-bar-130000850.html,1673355600,STORY
9f6a8715-6d4e-3fdf-a831-1d25e2c904d0,K,2023-1-14,Kellogg Company's Vitamin D Petition Accepted by FDA,PR Newswire,https://finance.yahoo.com/news/kellogg-companys-vitamin-d-petition-143200361.html,1673274720,STORY
3c6ae6b7-4aef-3c1b-9aef-272dd3dd1608,K,2023-1-14,Do Kellogg's (NYSE:K) Earnings Warrant Your Attention?,Simply Wall St.,https://finance.yahoo.com/news/kelloggs-nyse-k-earnings-warrant-133916131.html,1673012356,STORY
0e94ce14-91e5-3615-a962-67b852379482,K,2023-1-14,How Kellogg Uses Standardized Benchmarks to Boost Cost Savings,The Wall Street Journal,https://finance.yahoo.com/m/0e94ce14-91e5-3615-a962-67b852379482/how-kellogg-uses-standardized.html,1673002800,STORY
1a6a6990-0f5f-3c5d-b423-320b7d8f351c,K,2023-1-14,"Don't Give Up on Consumer Staples Stocks, Just Buy Companies Like These",Motley Fool,https://finance.yahoo.com/m/1a6a6990-0f5f-3c5d-b423-320b7d8f351c/don%27t-give-up-on-consumer.html,1672928100,STORY
e6459461-d987-3cd9-88f0-b7dafe2900ae,K,2023-1-15,Kellogg Company Sets Date for 2022 Fourth Quarter Results Webcast,PR Newswire,https://finance.yahoo.com/news/kellogg-company-sets-date-2022-153000858.html,1673623800,STORY
9e2cb1e8-5dbc-3d08-9249-49963d8a9a53,K,2023-1-15,"Kellogg Company's People Analytics drive a winning culture by design, not default",PR Newswire,https://finance.yahoo.com/news/kellogg-companys-people-analytics-drive-141500698.html,1673446500,STORY
fbeab5e5-addc-32a3-92f2-5a0088a95f92,K,2023-1-15,Will Kellogg (K) Beat Estimates Again in Its Next Earnings Report?,Zacks,https://finance.yahoo.com/news/kellogg-k-beat-estimates-again-171005477.html,1673370605,STORY
80f2523b-61ed-3695-a00a-b946da096f02,K,2023-1-15,NO B.S. GOES BEYOND THE BAR WITH FIRST-EVER RXBAR® GRANOLA,PR Newswire,https://finance.yahoo.com/news/no-b-goes-beyond-bar-130000850.html,1673355600,STORY
9f6a8715-6d4e-3fdf-a831-1d25e2c904d0,K,2023-1-15,Kellogg Company's Vitamin D Petition Accepted by FDA,PR Newswire,https://finance.yahoo.com/news/kellogg-companys-vitamin-d-petition-143200361.html,1673274720,STORY
3c6ae6b7-4aef-3c1b-9aef-272dd3dd1608,K,2023-1-15,Do Kellogg's (NYSE:K) Earnings Warrant Your Attention?,Simply Wall St.,https://finance.yahoo.com/news/kelloggs-nyse-k-earnings-warrant-133916131.html,1673012356,STORY
0e94ce14-91e5-3615-a962-67b852379482,K,2023-1-15,How Kellogg Uses Standardized Benchmarks to Boost Cost Savings,The Wall Street Journal,https://finance.yahoo.com/m/0e94ce14-91e5-3615-a962-67b852379482/how-kellogg-uses-standardized.html,1673002800,STORY
1a6a6990-0f5f-3c5d-b423-320b7d8f351c,K,2023-1-15,"Don't Give Up on Consumer Staples Stocks, Just Buy Companies Like These",Motley Fool,https://finance.yahoo.com/m/1a6a6990-0f5f-3c5d-b423-320b7d8f351c/don%27t-give-up-on-consumer.html,1672928100,STORY
e6459461-d987-3cd9-88f0-b7dafe2900ae,K,2023-1-16,Kellogg Company Sets Date for 2022 Fourth Quarter Results Webcast,PR Newswire,https://finance.yahoo.com/news/kellogg-company-sets-date-2022-153000858.html,1673623800,STORY
9e2cb1e8-5dbc-3d08-9249-49963d8a9a53,K,2023-1-16,"Kellogg Company's People Analytics drive a winning culture by design, not default",PR Newswire,https://finance.yahoo.com/news/kellogg-companys-people-analytics-drive-141500698.html,1673446500,STORY
fbeab5e5-addc-32a3-92f2-5a0088a95f92,K,2023-1-16,Will Kellogg (K) Beat Estimates Again in Its Next Earnings Report?,Zacks,https://finance.yahoo.com/news/kellogg-k-beat-estimates-again-171005477.html,1673370605,STORY
80f2523b-61ed-3695-a00a-b946da096f02,K,2023-1-16,NO B.S. GOES BEYOND THE BAR WITH FIRST-EVER RXBAR® GRANOLA,PR Newswire,https://finance.yahoo.com/news/no-b-goes-beyond-bar-130000850.html,1673355600,STORY
9f6a8715-6d4e-3fdf-a831-1d25e2c904d0,K,2023-1-16,Kellogg Company's Vitamin D Petition Accepted by FDA,PR Newswire,https://finance.yahoo.com/news/kellogg-companys-vitamin-d-petition-143200361.html,1673274720,STORY
3c6ae6b7-4aef-3c1b-9aef-272dd3dd1608,K,2023-1-16,Do Kellogg's (NYSE:K) Earnings Warrant Your Attention?,Simply Wall St.,https://finance.yahoo.com/news/kelloggs-nyse-k-earnings-warrant-133916131.html,1673012356,STORY
0e94ce14-91e5-3615-a962-67b852379482,K,2023-1-16,How Kellogg Uses Standardized Benchmarks to Boost Cost Savings,The Wall Street Journal,https://finance.yahoo.com/m/0e94ce14-91e5-3615-a962-67b852379482/how-kellogg-uses-standardized.html,1673002800,STORY
1a6a6990-0f5f-3c5d-b423-320b7d8f351c,K,2023-1-16,"Don't Give Up on Consumer Staples Stocks, Just Buy Companies Like These",Motley Fool,https://finance.yahoo.com/m/1a6a6990-0f5f-3c5d-b423-320b7d8f351c/don%27t-give-up-on-consumer.html,1672928100,STORY
e6459461-d987-3cd9-88f0-b7dafe2900ae,K,2023-1-17,Kellogg Company Sets Date for 2022 Fourth Quarter Results Webcast,PR Newswire,https://finance.yahoo.com/news/kellogg-company-sets-date-2022-153000858.html,1673623800,STORY
9e2cb1e8-5dbc-3d08-9249-49963d8a9a53,K,2023-1-17,"Kellogg Company's People Analytics drive a winning culture by design, not default",PR Newswire,https://finance.yahoo.com/news/kellogg-companys-people-analytics-drive-141500698.html,1673446500,STORY
fbeab5e5-addc-32a3-92f2-5a0088a95f92,K,2023-1-17,Will Kellogg (K) Beat Estimates Again in Its Next Earnings Report?,Zacks,https://finance.yahoo.com/news/kellogg-k-beat-estimates-again-171005477.html,1673370605,STORY
80f2523b-61ed-3695-a00a-b946da096f02,K,2023-1-17,NO B.S. GOES BEYOND THE BAR WITH FIRST-EVER RXBAR® GRANOLA,PR Newswire,https://finance.yahoo.com/news/no-b-goes-beyond-bar-130000850.html,1673355600,STORY
9f6a8715-6d4e-3fdf-a831-1d25e2c904d0,K,2023-1-17,Kellogg Company's Vitamin D Petition Accepted by FDA,PR Newswire,https://finance.yahoo.com/news/kellogg-companys-vitamin-d-petition-143200361.html,1673274720,STORY
3c6ae6b7-4aef-3c1b-9aef-272dd3dd1608,K,2023-1-17,Do Kellogg's (NYSE:K) Earnings Warrant Your Attention?,Simply Wall St.,https://finance.yahoo.com/news/kelloggs-nyse-k-earnings-warrant-133916131.html,1673012356,STORY
0e94ce14-91e5-3615-a962-67b852379482,K,2023-1-17,How Kellogg Uses Standardized Benchmarks to Boost Cost Savings,The Wall Street Journal,https://finance.yahoo.com/m/0e94ce14-91e5-3615-a962-67b852379482/how-kellogg-uses-standardized.html,1673002800,STORY
1a6a6990-0f5f-3c5d-b423-320b7d8f351c,K,2023-1-17,"Don't Give Up on Consumer Staples Stocks, Just Buy Companies Like These",Motley Fool,https://finance.yahoo.com/m/1a6a6990-0f5f-3c5d-b423-320b7d8f351c/don%27t-give-up-on-consumer.html,1672928100,STORY
4a2701ce-10c9-35c0-9249-15fa1a11f747,K,2023-1-18,How to Boost Your Portfolio with Top Consumer Staples Stocks Set to Beat Earnings,Zacks,https://finance.yahoo.com/news/boost-portfolio-top-consumer-staples-140002693.html,1673964002,STORY
e6459461-d987-3cd9-88f0-b7dafe2900ae,K,2023-1-18,Kellogg Company Sets Date for 2022 Fourth Quarter Results Webcast,PR Newswire,https://finance.yahoo.com/news/kellogg-company-sets-date-2022-153000858.html,1673623800,STORY
9e2cb1e8-5dbc-3d08-9249-49963d8a9a53,K,2023-1-18,"Kellogg Company's People Analytics drive a winning culture by design, not default",PR Newswire,https://finance.yahoo.com/news/kellogg-companys-people-analytics-drive-141500698.html,1673446500,STORY
fbeab5e5-addc-32a3-92f2-5a0088a95f92,K,2023-1-18,Will Kellogg (K) Beat Estimates Again in Its Next Earnings Report?,Zacks,https://finance.yahoo.com/news/kellogg-k-beat-estimates-again-171005477.html,1673370605,STORY
80f2523b-61ed-3695-a00a-b946da096f02,K,2023-1-18,NO B.S. GOES BEYOND THE BAR WITH FIRST-EVER RXBAR® GRANOLA,PR Newswire,https://finance.yahoo.com/news/no-b-goes-beyond-bar-130000850.html,1673355600,STORY
9f6a8715-6d4e-3fdf-a831-1d25e2c904d0,K,2023-1-18,Kellogg Company's Vitamin D Petition Accepted by FDA,PR Newswire,https://finance.yahoo.com/news/kellogg-companys-vitamin-d-petition-143200361.html,1673274720,STORY
3c6ae6b7-4aef-3c1b-9aef-272dd3dd1608,K,2023-1-18,Do Kellogg's (NYSE:K) Earnings Warrant Your Attention?,Simply Wall St.,https://finance.yahoo.com/news/kelloggs-nyse-k-earnings-warrant-133916131.html,1673012356,STORY
0e94ce14-91e5-3615-a962-67b852379482,K,2023-1-18,How Kellogg Uses Standardized Benchmarks to Boost Cost Savings,The Wall Street Journal,https://finance.yahoo.com/m/0e94ce14-91e5-3615-a962-67b852379482/how-kellogg-uses-standardized.html,1673002800,STORY
b121478d-37f1-37c9-84d7-bbf726af917d,K,2023-1-19,"Kellogg Extends Test Waiver Through Round 3, Continuing Its Overture To Laid-Off Tech Workers",Poets & Quants,https://finance.yahoo.com/news/kellogg-extends-test-waiver-round-230239876.html,1674082959,STORY
4a2701ce-10c9-35c0-9249-15fa1a11f747,K,2023-1-19,How to Boost Your Portfolio with Top Consumer Staples Stocks Set to Beat Earnings,Zacks,https://finance.yahoo.com/news/boost-portfolio-top-consumer-staples-140002693.html,1673964002,STORY
e6459461-d987-3cd9-88f0-b7dafe2900ae,K,2023-1-19,Kellogg Company Sets Date for 2022 Fourth Quarter Results Webcast,PR Newswire,https://finance.yahoo.com/news/kellogg-company-sets-date-2022-153000858.html,1673623800,STORY
9e2cb1e8-5dbc-3d08-9249-49963d8a9a53,K,2023-1-19,"Kellogg Company's People Analytics drive a winning culture by design, not default",PR Newswire,https://finance.yahoo.com/news/kellogg-companys-people-analytics-drive-141500698.html,1673446500,STORY
fbeab5e5-addc-32a3-92f2-5a0088a95f92,K,2023-1-19,Will Kellogg (K) Beat Estimates Again in Its Next Earnings Report?,Zacks,https://finance.yahoo.com/news/kellogg-k-beat-estimates-again-171005477.html,1673370605,STORY
80f2523b-61ed-3695-a00a-b946da096f02,K,2023-1-19,NO B.S. GOES BEYOND THE BAR WITH FIRST-EVER RXBAR® GRANOLA,PR Newswire,https://finance.yahoo.com/news/no-b-goes-beyond-bar-130000850.html,1673355600,STORY
9f6a8715-6d4e-3fdf-a831-1d25e2c904d0,K,2023-1-19,Kellogg Company's Vitamin D Petition Accepted by FDA,PR Newswire,https://finance.yahoo.com/news/kellogg-companys-vitamin-d-petition-143200361.html,1673274720,STORY
3c6ae6b7-4aef-3c1b-9aef-272dd3dd1608,K,2023-1-19,Do Kellogg's (NYSE:K) Earnings Warrant Your Attention?,Simply Wall St.,https://finance.yahoo.com/news/kelloggs-nyse-k-earnings-warrant-133916131.html,1673012356,STORY
a73a269b-10b8-36b5-82c3-00f594f62aa5,K,2023-1-20,Kimberly-Clark (KMB) Gears Up for Q4 Earnings: Things to Note,Zacks,https://finance.yahoo.com/news/kimberly-clark-kmb-gears-q4-151503172.html,1674141303,STORY
b121478d-37f1-37c9-84d7-bbf726af917d,K,2023-1-20,"Kellogg Extends Test Waiver Through Round 3, Continuing Its Overture To Laid-Off Tech Workers",Poets & Quants,https://finance.yahoo.com/news/kellogg-extends-test-waiver-round-230239876.html,1674082959,STORY
4a2701ce-10c9-35c0-9249-15fa1a11f747,K,2023-1-20,How to Boost Your Portfolio with Top Consumer Staples Stocks Set to Beat Earnings,Zacks,https://finance.yahoo.com/news/boost-portfolio-top-consumer-staples-140002693.html,1673964002,STORY
e6459461-d987-3cd9-88f0-b7dafe2900ae,K,2023-1-20,Kellogg Company Sets Date for 2022 Fourth Quarter Results Webcast,PR Newswire,https://finance.yahoo.com/news/kellogg-company-sets-date-2022-153000858.html,1673623800,STORY
9e2cb1e8-5dbc-3d08-9249-49963d8a9a53,K,2023-1-20,"Kellogg Company's People Analytics drive a winning culture by design, not default",PR Newswire,https://finance.yahoo.com/news/kellogg-companys-people-analytics-drive-141500698.html,1673446500,STORY
fbeab5e5-addc-32a3-92f2-5a0088a95f92,K,2023-1-20,Will Kellogg (K) Beat Estimates Again in Its Next Earnings Report?,Zacks,https://finance.yahoo.com/news/kellogg-k-beat-estimates-again-171005477.html,1673370605,STORY
80f2523b-61ed-3695-a00a-b946da096f02,K,2023-1-20,NO B.S. GOES BEYOND THE BAR WITH FIRST-EVER RXBAR® GRANOLA,PR Newswire,https://finance.yahoo.com/news/no-b-goes-beyond-bar-130000850.html,1673355600,STORY
9f6a8715-6d4e-3fdf-a831-1d25e2c904d0,K,2023-1-20,Kellogg Company's Vitamin D Petition Accepted by FDA,PR Newswire,https://finance.yahoo.com/news/kellogg-companys-vitamin-d-petition-143200361.html,1673274720,STORY
d7fcca31-e135-3ccc-95d4-aa6050569895,K,2023-1-21,McCormick (MKC) Gears Up for Q4 Earnings: Things to Consider,Zacks,https://finance.yahoo.com/news/mccormick-mkc-gears-q4-earnings-163104166.html,1674232264,STORY
a73a269b-10b8-36b5-82c3-00f594f62aa5,K,2023-1-21,Kimberly-Clark (KMB) Gears Up for Q4 Earnings: Things to Note,Zacks,https://finance.yahoo.com/news/kimberly-clark-kmb-gears-q4-151503172.html,1674141303,STORY
b121478d-37f1-37c9-84d7-bbf726af917d,K,2023-1-21,"Kellogg Extends Test Waiver Through Round 3, Continuing Its Overture To Laid-Off Tech Workers",Poets & Quants,https://finance.yahoo.com/news/kellogg-extends-test-waiver-round-230239876.html,1674082959,STORY
4a2701ce-10c9-35c0-9249-15fa1a11f747,K,2023-1-21,How to Boost Your Portfolio with Top Consumer Staples Stocks Set to Beat Earnings,Zacks,https://finance.yahoo.com/news/boost-portfolio-top-consumer-staples-140002693.html,1673964002,STORY
e6459461-d987-3cd9-88f0-b7dafe2900ae,K,2023-1-21,Kellogg Company Sets Date for 2022 Fourth Quarter Results Webcast,PR Newswire,https://finance.yahoo.com/news/kellogg-company-sets-date-2022-153000858.html,1673623800,STORY
9e2cb1e8-5dbc-3d08-9249-49963d8a9a53,K,2023-1-21,"Kellogg Company's People Analytics drive a winning culture by design, not default",PR Newswire,https://finance.yahoo.com/news/kellogg-companys-people-analytics-drive-141500698.html,1673446500,STORY
fbeab5e5-addc-32a3-92f2-5a0088a95f92,K,2023-1-21,Will Kellogg (K) Beat Estimates Again in Its Next Earnings Report?,Zacks,https://finance.yahoo.com/news/kellogg-k-beat-estimates-again-171005477.html,1673370605,STORY
80f2523b-61ed-3695-a00a-b946da096f02,K,2023-1-21,NO B.S. GOES BEYOND THE BAR WITH FIRST-EVER RXBAR® GRANOLA,PR Newswire,https://finance.yahoo.com/news/no-b-goes-beyond-bar-130000850.html,1673355600,STORY
5f55ba1c-cdcf-36da-9dd2-3edaada82015,K,2023-1-22,Kellogg Makes Morningstar List of Undervalued Dividend Stocks,TheStreet.com,https://finance.yahoo.com/m/5f55ba1c-cdcf-36da-9dd2-3edaada82015/kellogg-makes-morningstar.html,1674308520,STORY
d7fcca31-e135-3ccc-95d4-aa6050569895,K,2023-1-22,McCormick (MKC) Gears Up for Q4 Earnings: Things to Consider,Zacks,https://finance.yahoo.com/news/mccormick-mkc-gears-q4-earnings-163104166.html,1674232264,STORY
a73a269b-10b8-36b5-82c3-00f594f62aa5,K,2023-1-22,Kimberly-Clark (KMB) Gears Up for Q4 Earnings: Things to Note,Zacks,https://finance.yahoo.com/news/kimberly-clark-kmb-gears-q4-151503172.html,1674141303,STORY
b121478d-37f1-37c9-84d7-bbf726af917d,K,2023-1-22,"Kellogg Extends Test Waiver Through Round 3, Continuing Its Overture To Laid-Off Tech Workers",Poets & Quants,https://finance.yahoo.com/news/kellogg-extends-test-waiver-round-230239876.html,1674082959,STORY
4a2701ce-10c9-35c0-9249-15fa1a11f747,K,2023-1-22,How to Boost Your Portfolio with Top Consumer Staples Stocks Set to Beat Earnings,Zacks,https://finance.yahoo.com/news/boost-portfolio-top-consumer-staples-140002693.html,1673964002,STORY
e6459461-d987-3cd9-88f0-b7dafe2900ae,K,2023-1-22,Kellogg Company Sets Date for 2022 Fourth Quarter Results Webcast,PR Newswire,https://finance.yahoo.com/news/kellogg-company-sets-date-2022-153000858.html,1673623800,STORY
9e2cb1e8-5dbc-3d08-9249-49963d8a9a53,K,2023-1-22,"Kellogg Company's People Analytics drive a winning culture by design, not default",PR Newswire,https://finance.yahoo.com/news/kellogg-companys-people-analytics-drive-141500698.html,1673446500,STORY
fbeab5e5-addc-32a3-92f2-5a0088a95f92,K,2023-1-22,Will Kellogg (K) Beat Estimates Again in Its Next Earnings Report?,Zacks,https://finance.yahoo.com/news/kellogg-k-beat-estimates-again-171005477.html,1673370605,STORY
5f55ba1c-cdcf-36da-9dd2-3edaada82015,K,2023-1-23,Kellogg Makes Morningstar List of Undervalued Dividend Stocks,TheStreet.com,https://finance.yahoo.com/m/5f55ba1c-cdcf-36da-9dd2-3edaada82015/kellogg-makes-morningstar.html,1674308520,STORY
d7fcca31-e135-3ccc-95d4-aa6050569895,K,2023-1-23,McCormick (MKC) Gears Up for Q4 Earnings: Things to Consider,Zacks,https://finance.yahoo.com/news/mccormick-mkc-gears-q4-earnings-163104166.html,1674232264,STORY
a73a269b-10b8-36b5-82c3-00f594f62aa5,K,2023-1-23,Kimberly-Clark (KMB) Gears Up for Q4 Earnings: Things to Note,Zacks,https://finance.yahoo.com/news/kimberly-clark-kmb-gears-q4-151503172.html,1674141303,STORY
b121478d-37f1-37c9-84d7-bbf726af917d,K,2023-1-23,"Kellogg Extends Test Waiver Through Round 3, Continuing Its Overture To Laid-Off Tech Workers",Poets & Quants,https://finance.yahoo.com/news/kellogg-extends-test-waiver-round-230239876.html,1674082959,STORY
4a2701ce-10c9-35c0-9249-15fa1a11f747,K,2023-1-23,How to Boost Your Portfolio with Top Consumer Staples Stocks Set to Beat Earnings,Zacks,https://finance.yahoo.com/news/boost-portfolio-top-consumer-staples-140002693.html,1673964002,STORY
e6459461-d987-3cd9-88f0-b7dafe2900ae,K,2023-1-23,Kellogg Company Sets Date for 2022 Fourth Quarter Results Webcast,PR Newswire,https://finance.yahoo.com/news/kellogg-company-sets-date-2022-153000858.html,1673623800,STORY
9e2cb1e8-5dbc-3d08-9249-49963d8a9a53,K,2023-1-23,"Kellogg Company's People Analytics drive a winning culture by design, not default",PR Newswire,https://finance.yahoo.com/news/kellogg-companys-people-analytics-drive-141500698.html,1673446500,STORY
fbeab5e5-addc-32a3-92f2-5a0088a95f92,K,2023-1-23,Will Kellogg (K) Beat Estimates Again in Its Next Earnings Report?,Zacks,https://finance.yahoo.com/news/kellogg-k-beat-estimates-again-171005477.html,1673370605,STORY
a1d9d7c7-2397-3e8c-a287-569e6ac17dee,K,2023-1-24,Kellogg helping rice farmers reduce greenhouse gas emissions,PR Newswire,https://finance.yahoo.com/news/kellogg-helping-rice-farmers-reduce-142500132.html,1674483900,STORY
3f343a00-79ec-3dc7-beef-d032c5017bda,K,2023-1-24,Weekly Stock List,Argus Research,https://finance.yahoo.com/m/3f343a00-79ec-3dc7-beef-d032c5017bda/weekly-stock-list.html,1674476241,STORY
3b763e69-540b-3df8-a86a-2a2a75232eed,K,2023-1-24,Daily – Vickers Top Buyers & Sellers for 01/23/2023,Argus Research,https://finance.yahoo.com/m/3b763e69-540b-3df8-a86a-2a2a75232eed/daily-%E2%80%93-vickers-top-buyers-%26.html,1674475139,STORY
5f55ba1c-cdcf-36da-9dd2-3edaada82015,K,2023-1-24,Kellogg Makes Morningstar List of Undervalued Dividend Stocks,TheStreet.com,https://finance.yahoo.com/m/5f55ba1c-cdcf-36da-9dd2-3edaada82015/kellogg-makes-morningstar.html,1674308520,STORY
d7fcca31-e135-3ccc-95d4-aa6050569895,K,2023-1-24,McCormick (MKC) Gears Up for Q4 Earnings: Things to Consider,Zacks,https://finance.yahoo.com/news/mccormick-mkc-gears-q4-earnings-163104166.html,1674232264,STORY
a73a269b-10b8-36b5-82c3-00f594f62aa5,K,2023-1-24,Kimberly-Clark (KMB) Gears Up for Q4 Earnings: Things to Note,Zacks,https://finance.yahoo.com/news/kimberly-clark-kmb-gears-q4-151503172.html,1674141303,STORY
b121478d-37f1-37c9-84d7-bbf726af917d,K,2023-1-24,"Kellogg Extends Test Waiver Through Round 3, Continuing Its Overture To Laid-Off Tech Workers",Poets & Quants,https://finance.yahoo.com/news/kellogg-extends-test-waiver-round-230239876.html,1674082959,STORY
4a2701ce-10c9-35c0-9249-15fa1a11f747,K,2023-1-24,How to Boost Your Portfolio with Top Consumer Staples Stocks Set to Beat Earnings,Zacks,https://finance.yahoo.com/news/boost-portfolio-top-consumer-staples-140002693.html,1673964002,STORY
c1b6cb85-b7d9-30b4-a835-2f69a38487be,K,2023-1-25,"ALL POWER, NO FLOWERS: RXBAR UNVEILS NO B.S. RXBAR-QUETS FOR VALENTINE'S DAY",PR Newswire,https://finance.yahoo.com/news/power-no-flowers-rxbar-unveils-130000385.html,1674651600,STORY
a1d9d7c7-2397-3e8c-a287-569e6ac17dee,K,2023-1-25,Kellogg helping rice farmers reduce greenhouse gas emissions,PR Newswire,https://finance.yahoo.com/news/kellogg-helping-rice-farmers-reduce-142500132.html,1674483900,STORY
5f55ba1c-cdcf-36da-9dd2-3edaada82015,K,2023-1-25,Kellogg Makes Morningstar List of Undervalued Dividend Stocks,TheStreet.com,https://finance.yahoo.com/m/5f55ba1c-cdcf-36da-9dd2-3edaada82015/kellogg-makes-morningstar.html,1674308520,STORY
d7fcca31-e135-3ccc-95d4-aa6050569895,K,2023-1-25,McCormick (MKC) Gears Up for Q4 Earnings: Things to Consider,Zacks,https://finance.yahoo.com/news/mccormick-mkc-gears-q4-earnings-163104166.html,1674232264,STORY
a73a269b-10b8-36b5-82c3-00f594f62aa5,K,2023-1-25,Kimberly-Clark (KMB) Gears Up for Q4 Earnings: Things to Note,Zacks,https://finance.yahoo.com/news/kimberly-clark-kmb-gears-q4-151503172.html,1674141303,STORY
b121478d-37f1-37c9-84d7-bbf726af917d,K,2023-1-25,"Kellogg Extends Test Waiver Through Round 3, Continuing Its Overture To Laid-Off Tech Workers",Poets & Quants,https://finance.yahoo.com/news/kellogg-extends-test-waiver-round-230239876.html,1674082959,STORY
4a2701ce-10c9-35c0-9249-15fa1a11f747,K,2023-1-25,How to Boost Your Portfolio with Top Consumer Staples Stocks Set to Beat Earnings,Zacks,https://finance.yahoo.com/news/boost-portfolio-top-consumer-staples-140002693.html,1673964002,STORY
e6459461-d987-3cd9-88f0-b7dafe2900ae,K,2023-1-25,Kellogg Company Sets Date for 2022 Fourth Quarter Results Webcast,PR Newswire,https://finance.yahoo.com/news/kellogg-company-sets-date-2022-153000858.html,1673623800,STORY
f27e1131-8051-3a27-94d0-188e5fe95588,K,2023-1-26,Sysco Corporation (SYY) Readies for Q2 Earnings: Things to Note,Zacks,https://finance.yahoo.com/news/sysco-corporation-syy-readies-q2-110911318.html,1674731351,STORY
c1b6cb85-b7d9-30b4-a835-2f69a38487be,K,2023-1-26,"ALL POWER, NO FLOWERS: RXBAR UNVEILS NO B.S. RXBAR-QUETS FOR VALENTINE'S DAY",PR Newswire,https://finance.yahoo.com/news/power-no-flowers-rxbar-unveils-130000385.html,1674651600,STORY
a1d9d7c7-2397-3e8c-a287-569e6ac17dee,K,2023-1-26,Kellogg helping rice farmers reduce greenhouse gas emissions,PR Newswire,https://finance.yahoo.com/news/kellogg-helping-rice-farmers-reduce-142500132.html,1674483900,STORY
5f55ba1c-cdcf-36da-9dd2-3edaada82015,K,2023-1-26,Kellogg Makes Morningstar List of Undervalued Dividend Stocks,TheStreet.com,https://finance.yahoo.com/m/5f55ba1c-cdcf-36da-9dd2-3edaada82015/kellogg-makes-morningstar.html,1674308520,STORY
d7fcca31-e135-3ccc-95d4-aa6050569895,K,2023-1-26,McCormick (MKC) Gears Up for Q4 Earnings: Things to Consider,Zacks,https://finance.yahoo.com/news/mccormick-mkc-gears-q4-earnings-163104166.html,1674232264,STORY
a73a269b-10b8-36b5-82c3-00f594f62aa5,K,2023-1-26,Kimberly-Clark (KMB) Gears Up for Q4 Earnings: Things to Note,Zacks,https://finance.yahoo.com/news/kimberly-clark-kmb-gears-q4-151503172.html,1674141303,STORY
b121478d-37f1-37c9-84d7-bbf726af917d,K,2023-1-26,"Kellogg Extends Test Waiver Through Round 3, Continuing Its Overture To Laid-Off Tech Workers",Poets & Quants,https://finance.yahoo.com/news/kellogg-extends-test-waiver-round-230239876.html,1674082959,STORY
4a2701ce-10c9-35c0-9249-15fa1a11f747,K,2023-1-26,How to Boost Your Portfolio with Top Consumer Staples Stocks Set to Beat Earnings,Zacks,https://finance.yahoo.com/news/boost-portfolio-top-consumer-staples-140002693.html,1673964002,STORY
3fc8b2aa-e258-3fd3-9088-102a1bc195e8,K,2023-1-27,Mondelez's (MDLZ) Q4 Earnings Upcoming: Factors to Consider,Zacks,https://finance.yahoo.com/news/mondelezs-mdlz-q4-earnings-upcoming-122512208.html,1674735912,STORY
f27e1131-8051-3a27-94d0-188e5fe95588,K,2023-1-27,Sysco Corporation (SYY) Readies for Q2 Earnings: Things to Note,Zacks,https://finance.yahoo.com/news/sysco-corporation-syy-readies-q2-110911318.html,1674731351,STORY
c1b6cb85-b7d9-30b4-a835-2f69a38487be,K,2023-1-27,"ALL POWER, NO FLOWERS: RXBAR UNVEILS NO B.S. RXBAR-QUETS FOR VALENTINE'S DAY",PR Newswire,https://finance.yahoo.com/news/power-no-flowers-rxbar-unveils-130000385.html,1674651600,STORY
a1d9d7c7-2397-3e8c-a287-569e6ac17dee,K,2023-1-27,Kellogg helping rice farmers reduce greenhouse gas emissions,PR Newswire,https://finance.yahoo.com/news/kellogg-helping-rice-farmers-reduce-142500132.html,1674483900,STORY
5f55ba1c-cdcf-36da-9dd2-3edaada82015,K,2023-1-27,Kellogg Makes Morningstar List of Undervalued Dividend Stocks,TheStreet.com,https://finance.yahoo.com/m/5f55ba1c-cdcf-36da-9dd2-3edaada82015/kellogg-makes-morningstar.html,1674308520,STORY
d7fcca31-e135-3ccc-95d4-aa6050569895,K,2023-1-27,McCormick (MKC) Gears Up for Q4 Earnings: Things to Consider,Zacks,https://finance.yahoo.com/news/mccormick-mkc-gears-q4-earnings-163104166.html,1674232264,STORY
a73a269b-10b8-36b5-82c3-00f594f62aa5,K,2023-1-27,Kimberly-Clark (KMB) Gears Up for Q4 Earnings: Things to Note,Zacks,https://finance.yahoo.com/news/kimberly-clark-kmb-gears-q4-151503172.html,1674141303,STORY
b121478d-37f1-37c9-84d7-bbf726af917d,K,2023-1-27,"Kellogg Extends Test Waiver Through Round 3, Continuing Its Overture To Laid-Off Tech Workers",Poets & Quants,https://finance.yahoo.com/news/kellogg-extends-test-waiver-round-230239876.html,1674082959,STORY
5762136c-e9ed-3b35-9efb-c281ba4cd9c4,K,2023-1-28,Prestige Consumer (PBH) to Post Q3 Earnings: Factors to Consider,Zacks,https://finance.yahoo.com/news/prestige-consumer-pbh-post-q3-160904012.html,1674835744,STORY
3fc8b2aa-e258-3fd3-9088-102a1bc195e8,K,2023-1-28,Mondelez's (MDLZ) Q4 Earnings Upcoming: Factors to Consider,Zacks,https://finance.yahoo.com/news/mondelezs-mdlz-q4-earnings-upcoming-122512208.html,1674735912,STORY
f27e1131-8051-3a27-94d0-188e5fe95588,K,2023-1-28,Sysco Corporation (SYY) Readies for Q2 Earnings: Things to Note,Zacks,https://finance.yahoo.com/news/sysco-corporation-syy-readies-q2-110911318.html,1674731351,STORY
c1b6cb85-b7d9-30b4-a835-2f69a38487be,K,2023-1-28,"ALL POWER, NO FLOWERS: RXBAR UNVEILS NO B.S. RXBAR-QUETS FOR VALENTINE'S DAY",PR Newswire,https://finance.yahoo.com/news/power-no-flowers-rxbar-unveils-130000385.html,1674651600,STORY
a1d9d7c7-2397-3e8c-a287-569e6ac17dee,K,2023-1-28,Kellogg helping rice farmers reduce greenhouse gas emissions,PR Newswire,https://finance.yahoo.com/news/kellogg-helping-rice-farmers-reduce-142500132.html,1674483900,STORY
5f55ba1c-cdcf-36da-9dd2-3edaada82015,K,2023-1-28,Kellogg Makes Morningstar List of Undervalued Dividend Stocks,TheStreet.com,https://finance.yahoo.com/m/5f55ba1c-cdcf-36da-9dd2-3edaada82015/kellogg-makes-morningstar.html,1674308520,STORY
d7fcca31-e135-3ccc-95d4-aa6050569895,K,2023-1-28,McCormick (MKC) Gears Up for Q4 Earnings: Things to Consider,Zacks,https://finance.yahoo.com/news/mccormick-mkc-gears-q4-earnings-163104166.html,1674232264,STORY
a73a269b-10b8-36b5-82c3-00f594f62aa5,K,2023-1-28,Kimberly-Clark (KMB) Gears Up for Q4 Earnings: Things to Note,Zacks,https://finance.yahoo.com/news/kimberly-clark-kmb-gears-q4-151503172.html,1674141303,STORY
af26c5ad-1959-3c3b-9ae7-3b9f22816287,K,2023-1-29,Can Kellogg Company (NYSE:K) Maintain Its Strong Returns?,Simply Wall St.,https://finance.yahoo.com/news/kellogg-company-nyse-k-maintain-140332903.html,1674914612,STORY
5762136c-e9ed-3b35-9efb-c281ba4cd9c4,K,2023-1-29,Prestige Consumer (PBH) to Post Q3 Earnings: Factors to Consider,Zacks,https://finance.yahoo.com/news/prestige-consumer-pbh-post-q3-160904012.html,1674835744,STORY
3fc8b2aa-e258-3fd3-9088-102a1bc195e8,K,2023-1-29,Mondelez's (MDLZ) Q4 Earnings Upcoming: Factors to Consider,Zacks,https://finance.yahoo.com/news/mondelezs-mdlz-q4-earnings-upcoming-122512208.html,1674735912,STORY
f27e1131-8051-3a27-94d0-188e5fe95588,K,2023-1-29,Sysco Corporation (SYY) Readies for Q2 Earnings: Things to Note,Zacks,https://finance.yahoo.com/news/sysco-corporation-syy-readies-q2-110911318.html,1674731351,STORY
c1b6cb85-b7d9-30b4-a835-2f69a38487be,K,2023-1-29,"ALL POWER, NO FLOWERS: RXBAR UNVEILS NO B.S. RXBAR-QUETS FOR VALENTINE'S DAY",PR Newswire,https://finance.yahoo.com/news/power-no-flowers-rxbar-unveils-130000385.html,1674651600,STORY
a1d9d7c7-2397-3e8c-a287-569e6ac17dee,K,2023-1-29,Kellogg helping rice farmers reduce greenhouse gas emissions,PR Newswire,https://finance.yahoo.com/news/kellogg-helping-rice-farmers-reduce-142500132.html,1674483900,STORY
5f55ba1c-cdcf-36da-9dd2-3edaada82015,K,2023-1-29,Kellogg Makes Morningstar List of Undervalued Dividend Stocks,TheStreet.com,https://finance.yahoo.com/m/5f55ba1c-cdcf-36da-9dd2-3edaada82015/kellogg-makes-morningstar.html,1674308520,STORY
d7fcca31-e135-3ccc-95d4-aa6050569895,K,2023-1-29,McCormick (MKC) Gears Up for Q4 Earnings: Things to Consider,Zacks,https://finance.yahoo.com/news/mccormick-mkc-gears-q4-earnings-163104166.html,1674232264,STORY
45cb76ce-2646-35a5-b8bd-c3ccf43ebeb4,K,2023-1-30,Altria Group (MO) Readies for Q4 Earnings: Things to Note,Zacks,https://finance.yahoo.com/news/altria-group-mo-readies-q4-114311979.html,1675078991,STORY
af26c5ad-1959-3c3b-9ae7-3b9f22816287,K,2023-1-30,Can Kellogg Company (NYSE:K) Maintain Its Strong Returns?,Simply Wall St.,https://finance.yahoo.com/news/kellogg-company-nyse-k-maintain-140332903.html,1674914612,STORY
5762136c-e9ed-3b35-9efb-c281ba4cd9c4,K,2023-1-30,Prestige Consumer (PBH) to Post Q3 Earnings: Factors to Consider,Zacks,https://finance.yahoo.com/news/prestige-consumer-pbh-post-q3-160904012.html,1674835744,STORY
3fc8b2aa-e258-3fd3-9088-102a1bc195e8,K,2023-1-30,Mondelez's (MDLZ) Q4 Earnings Upcoming: Factors to Consider,Zacks,https://finance.yahoo.com/news/mondelezs-mdlz-q4-earnings-upcoming-122512208.html,1674735912,STORY
f27e1131-8051-3a27-94d0-188e5fe95588,K,2023-1-30,Sysco Corporation (SYY) Readies for Q2 Earnings: Things to Note,Zacks,https://finance.yahoo.com/news/sysco-corporation-syy-readies-q2-110911318.html,1674731351,STORY
c1b6cb85-b7d9-30b4-a835-2f69a38487be,K,2023-1-30,"ALL POWER, NO FLOWERS: RXBAR UNVEILS NO B.S. RXBAR-QUETS FOR VALENTINE'S DAY",PR Newswire,https://finance.yahoo.com/news/power-no-flowers-rxbar-unveils-130000385.html,1674651600,STORY
a1d9d7c7-2397-3e8c-a287-569e6ac17dee,K,2023-1-30,Kellogg helping rice farmers reduce greenhouse gas emissions,PR Newswire,https://finance.yahoo.com/news/kellogg-helping-rice-farmers-reduce-142500132.html,1674483900,STORY
5f55ba1c-cdcf-36da-9dd2-3edaada82015,K,2023-1-30,Kellogg Makes Morningstar List of Undervalued Dividend Stocks,TheStreet.com,https://finance.yahoo.com/m/5f55ba1c-cdcf-36da-9dd2-3edaada82015/kellogg-makes-morningstar.html,1674308520,STORY
df5cf314-6b8f-36b7-af24-6622683e8655,K,2023-1-31,15 Undervalued Defensive Stocks For 2023,Insider Monkey,https://finance.yahoo.com/news/15-undervalued-defensive-stocks-2023-195843794.html,1675108723,STORY
67b7fd2d-3765-3bb7-b6b5-2e24c0fa5bf8,K,2023-1-31,Hershey (HSY) to Post Q4 Earnings: What's in the Cards?,Zacks,https://finance.yahoo.com/news/hershey-hsy-post-q4-earnings-184106124.html,1675104066,STORY
e7987424-3db2-3eb6-8ed8-e41dfc5e16ed,K,2023-1-31,What Awaits The Estee Lauder Companies (EL) in Q2 Earnings?,Zacks,https://finance.yahoo.com/news/awaits-estee-lauder-companies-el-145002151.html,1675090202,STORY
4f1337f9-e87d-33d9-a1bb-2d6096d952b1,K,2023-1-31,Factors Likely to Influence Post Holdings' (POST) Q1 Earnings,Zacks,https://finance.yahoo.com/news/factors-likely-influence-post-holdings-120012649.html,1675080012,STORY
0dcb7eed-8c50-39ff-af9e-0a4946dbdcc2,K,2023-1-31,Columbia Sportswear (COLM) to Post Q4 Earnings: Things to Note,Zacks,https://finance.yahoo.com/news/columbia-sportswear-colm-post-q4-115311662.html,1675079591,STORY
45cb76ce-2646-35a5-b8bd-c3ccf43ebeb4,K,2023-1-31,Altria Group (MO) Readies for Q4 Earnings: Things to Note,Zacks,https://finance.yahoo.com/news/altria-group-mo-readies-q4-114311979.html,1675078991,STORY
af26c5ad-1959-3c3b-9ae7-3b9f22816287,K,2023-1-31,Can Kellogg Company (NYSE:K) Maintain Its Strong Returns?,Simply Wall St.,https://finance.yahoo.com/news/kellogg-company-nyse-k-maintain-140332903.html,1674914612,STORY
5762136c-e9ed-3b35-9efb-c281ba4cd9c4,K,2023-1-31,Prestige Consumer (PBH) to Post Q3 Earnings: Factors to Consider,Zacks,https://finance.yahoo.com/news/prestige-consumer-pbh-post-q3-160904012.html,1674835744,STORY
78e07f72-3d21-3a9d-aabf-2f1a681eae3e,K,2023-2-1,Tyson Foods (TSN) Queued for Q1 Earnings: Things to Note,Zacks,https://finance.yahoo.com/news/tyson-foods-tsn-queued-q1-154203086.html,1675179723,STORY
5732be5f-af46-335a-bcfe-3e0172b093da,K,2023-2-1,What's in Store for Church & Dwight (CHD) in Q4 Earnings?,Zacks,https://finance.yahoo.com/news/whats-store-church-dwight-chd-154003136.html,1675179603,STORY
7778b3ea-e4d6-3291-9d72-8192218eac70,K,2023-2-1,Kroger and Kellogg Team Up to Take Top Honors in Cook-off to Benefit the FMI Foundation,PR Newswire,https://finance.yahoo.com/news/kroger-kellogg-team-top-honors-153000658.html,1675179000,STORY
df5cf314-6b8f-36b7-af24-6622683e8655,K,2023-2-1,15 Undervalued Defensive Stocks For 2023,Insider Monkey,https://finance.yahoo.com/news/15-undervalued-defensive-stocks-2023-195843794.html,1675108723,STORY
67b7fd2d-3765-3bb7-b6b5-2e24c0fa5bf8,K,2023-2-1,Hershey (HSY) to Post Q4 Earnings: What's in the Cards?,Zacks,https://finance.yahoo.com/news/hershey-hsy-post-q4-earnings-184106124.html,1675104066,STORY
e7987424-3db2-3eb6-8ed8-e41dfc5e16ed,K,2023-2-1,What Awaits The Estee Lauder Companies (EL) in Q2 Earnings?,Zacks,https://finance.yahoo.com/news/awaits-estee-lauder-companies-el-145002151.html,1675090202,STORY
4f1337f9-e87d-33d9-a1bb-2d6096d952b1,K,2023-2-1,Factors Likely to Influence Post Holdings' (POST) Q1 Earnings,Zacks,https://finance.yahoo.com/news/factors-likely-influence-post-holdings-120012649.html,1675080012,STORY
0dcb7eed-8c50-39ff-af9e-0a4946dbdcc2,K,2023-2-1,Columbia Sportswear (COLM) to Post Q4 Earnings: Things to Note,Zacks,https://finance.yahoo.com/news/columbia-sportswear-colm-post-q4-115311662.html,1675079591,STORY
78e07f72-3d21-3a9d-aabf-2f1a681eae3e,K,2023-2-2,Tyson Foods (TSN) Queued for Q1 Earnings: Things to Note,Zacks,https://finance.yahoo.com/news/tyson-foods-tsn-queued-q1-154203086.html,1675179723,STORY
5732be5f-af46-335a-bcfe-3e0172b093da,K,2023-2-2,What's in Store for Church & Dwight (CHD) in Q4 Earnings?,Zacks,https://finance.yahoo.com/news/whats-store-church-dwight-chd-154003136.html,1675179603,STORY
7778b3ea-e4d6-3291-9d72-8192218eac70,K,2023-2-2,Kroger and Kellogg Team Up to Take Top Honors in Cook-off to Benefit the FMI Foundation,PR Newswire,https://finance.yahoo.com/news/kroger-kellogg-team-top-honors-153000658.html,1675179000,STORY
df5cf314-6b8f-36b7-af24-6622683e8655,K,2023-2-2,15 Undervalued Defensive Stocks For 2023,Insider Monkey,https://finance.yahoo.com/news/15-undervalued-defensive-stocks-2023-195843794.html,1675108723,STORY
67b7fd2d-3765-3bb7-b6b5-2e24c0fa5bf8,K,2023-2-2,Hershey (HSY) to Post Q4 Earnings: What's in the Cards?,Zacks,https://finance.yahoo.com/news/hershey-hsy-post-q4-earnings-184106124.html,1675104066,STORY
e7987424-3db2-3eb6-8ed8-e41dfc5e16ed,K,2023-2-2,What Awaits The Estee Lauder Companies (EL) in Q2 Earnings?,Zacks,https://finance.yahoo.com/news/awaits-estee-lauder-companies-el-145002151.html,1675090202,STORY
4f1337f9-e87d-33d9-a1bb-2d6096d952b1,K,2023-2-2,Factors Likely to Influence Post Holdings' (POST) Q1 Earnings,Zacks,https://finance.yahoo.com/news/factors-likely-influence-post-holdings-120012649.html,1675080012,STORY
0dcb7eed-8c50-39ff-af9e-0a4946dbdcc2,K,2023-2-2,Columbia Sportswear (COLM) to Post Q4 Earnings: Things to Note,Zacks,https://finance.yahoo.com/news/columbia-sportswear-colm-post-q4-115311662.html,1675079591,STORY
1b14d8d6-fddc-37f9-91bc-5d707f42dc77,K,2023-2-3,Coty (COTY) to Report Q2 Earnings: What's in the Offing?,Zacks,https://finance.yahoo.com/news/coty-coty-report-q2-earnings-184206696.html,1675363326,STORY
1f488260-51ab-3bb5-ad13-434cf1acd373,K,2023-2-3,Kellogg (K) Earnings Expected to Grow: Should You Buy?,Zacks,https://finance.yahoo.com/news/kellogg-k-earnings-expected-grow-150003153.html,1675350003,STORY
7fc8bbd3-36ab-32df-a644-065e3b92e916,K,2023-2-3,Why Investors Need to Take Advantage of These 2 Consumer Staples Stocks Now,Zacks,https://finance.yahoo.com/news/why-investors-advantage-2-consumer-140002590.html,1675346402,STORY
78e07f72-3d21-3a9d-aabf-2f1a681eae3e,K,2023-2-3,Tyson Foods (TSN) Queued for Q1 Earnings: Things to Note,Zacks,https://finance.yahoo.com/news/tyson-foods-tsn-queued-q1-154203086.html,1675179723,STORY
5732be5f-af46-335a-bcfe-3e0172b093da,K,2023-2-3,What's in Store for Church & Dwight (CHD) in Q4 Earnings?,Zacks,https://finance.yahoo.com/news/whats-store-church-dwight-chd-154003136.html,1675179603,STORY
7778b3ea-e4d6-3291-9d72-8192218eac70,K,2023-2-3,Kroger and Kellogg Team Up to Take Top Honors in Cook-off to Benefit the FMI Foundation,PR Newswire,https://finance.yahoo.com/news/kroger-kellogg-team-top-honors-153000658.html,1675179000,STORY
df5cf314-6b8f-36b7-af24-6622683e8655,K,2023-2-3,15 Undervalued Defensive Stocks For 2023,Insider Monkey,https://finance.yahoo.com/news/15-undervalued-defensive-stocks-2023-195843794.html,1675108723,STORY
059959fb-7efd-3e36-b04c-e5c5cd19d3c7,K,2023-2-3,7 Stocks to Buy as the Doomsday Clock Ticks Closer to Midnight,InvestorPlace,https://finance.yahoo.com/news/7-stocks-buy-doomsday-clock-185803725.html,1675105083,STORY
1b14d8d6-fddc-37f9-91bc-5d707f42dc77,K,2023-2-4,Coty (COTY) to Report Q2 Earnings: What's in the Offing?,Zacks,https://finance.yahoo.com/news/coty-coty-report-q2-earnings-184206696.html,1675363326,STORY
1f488260-51ab-3bb5-ad13-434cf1acd373,K,2023-2-4,Kellogg (K) Earnings Expected to Grow: Should You Buy?,Zacks,https://finance.yahoo.com/news/kellogg-k-earnings-expected-grow-150003153.html,1675350003,STORY
7fc8bbd3-36ab-32df-a644-065e3b92e916,K,2023-2-4,Why Investors Need to Take Advantage of These 2 Consumer Staples Stocks Now,Zacks,https://finance.yahoo.com/news/why-investors-advantage-2-consumer-140002590.html,1675346402,STORY
78e07f72-3d21-3a9d-aabf-2f1a681eae3e,K,2023-2-4,Tyson Foods (TSN) Queued for Q1 Earnings: Things to Note,Zacks,https://finance.yahoo.com/news/tyson-foods-tsn-queued-q1-154203086.html,1675179723,STORY
5732be5f-af46-335a-bcfe-3e0172b093da,K,2023-2-4,What's in Store for Church & Dwight (CHD) in Q4 Earnings?,Zacks,https://finance.yahoo.com/news/whats-store-church-dwight-chd-154003136.html,1675179603,STORY
7778b3ea-e4d6-3291-9d72-8192218eac70,K,2023-2-4,Kroger and Kellogg Team Up to Take Top Honors in Cook-off to Benefit the FMI Foundation,PR Newswire,https://finance.yahoo.com/news/kroger-kellogg-team-top-honors-153000658.html,1675179000,STORY
df5cf314-6b8f-36b7-af24-6622683e8655,K,2023-2-4,15 Undervalued Defensive Stocks For 2023,Insider Monkey,https://finance.yahoo.com/news/15-undervalued-defensive-stocks-2023-195843794.html,1675108723,STORY
059959fb-7efd-3e36-b04c-e5c5cd19d3c7,K,2023-2-4,7 Stocks to Buy as the Doomsday Clock Ticks Closer to Midnight,InvestorPlace,https://finance.yahoo.com/news/7-stocks-buy-doomsday-clock-185803725.html,1675105083,STORY
1b14d8d6-fddc-37f9-91bc-5d707f42dc77,K,2023-2-5,Coty (COTY) to Report Q2 Earnings: What's in the Offing?,Zacks,https://finance.yahoo.com/news/coty-coty-report-q2-earnings-184206696.html,1675363326,STORY
1f488260-51ab-3bb5-ad13-434cf1acd373,K,2023-2-5,Kellogg (K) Earnings Expected to Grow: Should You Buy?,Zacks,https://finance.yahoo.com/news/kellogg-k-earnings-expected-grow-150003153.html,1675350003,STORY
7fc8bbd3-36ab-32df-a644-065e3b92e916,K,2023-2-5,Why Investors Need to Take Advantage of These 2 Consumer Staples Stocks Now,Zacks,https://finance.yahoo.com/news/why-investors-advantage-2-consumer-140002590.html,1675346402,STORY
78e07f72-3d21-3a9d-aabf-2f1a681eae3e,K,2023-2-5,Tyson Foods (TSN) Queued for Q1 Earnings: Things to Note,Zacks,https://finance.yahoo.com/news/tyson-foods-tsn-queued-q1-154203086.html,1675179723,STORY
5732be5f-af46-335a-bcfe-3e0172b093da,K,2023-2-5,What's in Store for Church & Dwight (CHD) in Q4 Earnings?,Zacks,https://finance.yahoo.com/news/whats-store-church-dwight-chd-154003136.html,1675179603,STORY
7778b3ea-e4d6-3291-9d72-8192218eac70,K,2023-2-5,Kroger and Kellogg Team Up to Take Top Honors in Cook-off to Benefit the FMI Foundation,PR Newswire,https://finance.yahoo.com/news/kroger-kellogg-team-top-honors-153000658.html,1675179000,STORY
df5cf314-6b8f-36b7-af24-6622683e8655,K,2023-2-5,15 Undervalued Defensive Stocks For 2023,Insider Monkey,https://finance.yahoo.com/news/15-undervalued-defensive-stocks-2023-195843794.html,1675108723,STORY
059959fb-7efd-3e36-b04c-e5c5cd19d3c7,K,2023-2-5,7 Stocks to Buy as the Doomsday Clock Ticks Closer to Midnight,InvestorPlace,https://finance.yahoo.com/news/7-stocks-buy-doomsday-clock-185803725.html,1675105083,STORY
1b14d8d6-fddc-37f9-91bc-5d707f42dc77,K,2023-2-6,Coty (COTY) to Report Q2 Earnings: What's in the Offing?,Zacks,https://finance.yahoo.com/news/coty-coty-report-q2-earnings-184206696.html,1675363326,STORY
1f488260-51ab-3bb5-ad13-434cf1acd373,K,2023-2-6,Kellogg (K) Earnings Expected to Grow: Should You Buy?,Zacks,https://finance.yahoo.com/news/kellogg-k-earnings-expected-grow-150003153.html,1675350003,STORY
7fc8bbd3-36ab-32df-a644-065e3b92e916,K,2023-2-6,Why Investors Need to Take Advantage of These 2 Consumer Staples Stocks Now,Zacks,https://finance.yahoo.com/news/why-investors-advantage-2-consumer-140002590.html,1675346402,STORY
78e07f72-3d21-3a9d-aabf-2f1a681eae3e,K,2023-2-6,Tyson Foods (TSN) Queued for Q1 Earnings: Things to Note,Zacks,https://finance.yahoo.com/news/tyson-foods-tsn-queued-q1-154203086.html,1675179723,STORY
5732be5f-af46-335a-bcfe-3e0172b093da,K,2023-2-6,What's in Store for Church & Dwight (CHD) in Q4 Earnings?,Zacks,https://finance.yahoo.com/news/whats-store-church-dwight-chd-154003136.html,1675179603,STORY
7778b3ea-e4d6-3291-9d72-8192218eac70,K,2023-2-6,Kroger and Kellogg Team Up to Take Top Honors in Cook-off to Benefit the FMI Foundation,PR Newswire,https://finance.yahoo.com/news/kroger-kellogg-team-top-honors-153000658.html,1675179000,STORY
df5cf314-6b8f-36b7-af24-6622683e8655,K,2023-2-6,15 Undervalued Defensive Stocks For 2023,Insider Monkey,https://finance.yahoo.com/news/15-undervalued-defensive-stocks-2023-195843794.html,1675108723,STORY
059959fb-7efd-3e36-b04c-e5c5cd19d3c7,K,2023-2-6,7 Stocks to Buy as the Doomsday Clock Ticks Closer to Midnight,InvestorPlace,https://finance.yahoo.com/news/7-stocks-buy-doomsday-clock-185803725.html,1675105083,STORY
d39423b8-2e63-303b-9489-9acfe6550483,K,2023-2-7,Things to Know Before Hain Celestial's (HAIN) Q2 Earnings,Zacks,https://finance.yahoo.com/news/things-know-hain-celestials-hain-181706701.html,1675707426,STORY
431fae4f-9d0a-3b19-b7d6-e363a91754d8,K,2023-2-7,Here's Why PepsiCo (PEP) Looks Poised for Earnings Beat in Q4,Zacks,https://finance.yahoo.com/news/heres-why-pepsico-pep-looks-153803659.html,1675697883,STORY
1fc46f5e-2e77-3c25-8d3a-fdc19e90eaff,K,2023-2-7,Kellogg (K) Set to Report Q4 Earnings: What Should You Know?,Zacks,https://finance.yahoo.com/news/kellogg-k-set-report-q4-123612571.html,1675686972,STORY
5f009259-58a7-3dbd-8693-31acc885f7c0,K,2023-2-7,Philip Morris (PM) Set to Report Q4 Earnings: What to Know?,Zacks,https://finance.yahoo.com/news/philip-morris-pm-set-report-123012892.html,1675686612,STORY
1b14d8d6-fddc-37f9-91bc-5d707f42dc77,K,2023-2-7,Coty (COTY) to Report Q2 Earnings: What's in the Offing?,Zacks,https://finance.yahoo.com/news/coty-coty-report-q2-earnings-184206696.html,1675363326,STORY
1f488260-51ab-3bb5-ad13-434cf1acd373,K,2023-2-7,Kellogg (K) Earnings Expected to Grow: Should You Buy?,Zacks,https://finance.yahoo.com/news/kellogg-k-earnings-expected-grow-150003153.html,1675350003,STORY
7fc8bbd3-36ab-32df-a644-065e3b92e916,K,2023-2-7,Why Investors Need to Take Advantage of These 2 Consumer Staples Stocks Now,Zacks,https://finance.yahoo.com/news/why-investors-advantage-2-consumer-140002590.html,1675346402,STORY
78e07f72-3d21-3a9d-aabf-2f1a681eae3e,K,2023-2-7,Tyson Foods (TSN) Queued for Q1 Earnings: Things to Note,Zacks,https://finance.yahoo.com/news/tyson-foods-tsn-queued-q1-154203086.html,1675179723,STORY
2b2f6b75-65ca-320b-9562-ec3785afd447,K,2023-2-8,Kellogg Company to Webcast Presentation at 2023 CAGNY Conference,PR Newswire,https://finance.yahoo.com/news/kellogg-company-webcast-presentation-2023-200000251.html,1675800000,STORY
5df57ece-0d1d-3a7c-bf2a-5e93926c80a9,K,2023-2-8,Flowers Foods (FLO) Readies for Q4 Earnings: Things to Note,Zacks,https://finance.yahoo.com/news/flowers-foods-flo-readies-q4-171905912.html,1675790345,STORY
0202c7c6-a783-3fb9-a485-c865186dc1aa,K,2023-2-8,PRINGLES® SHOWS FANS GETTING 'STUCK IN' HAPPENS TO THE BEST OF US -- EVEN GLOBAL SUPERSTAR MEGHAN TRAINOR -- IN 2023 BIG GAME SPOT,PR Newswire,https://finance.yahoo.com/news/pringles-shows-fans-getting-stuck-160000455.html,1675785600,STORY
d39423b8-2e63-303b-9489-9acfe6550483,K,2023-2-8,Things to Know Before Hain Celestial's (HAIN) Q2 Earnings,Zacks,https://finance.yahoo.com/news/things-know-hain-celestials-hain-181706701.html,1675707426,STORY
431fae4f-9d0a-3b19-b7d6-e363a91754d8,K,2023-2-8,Here's Why PepsiCo (PEP) Looks Poised for Earnings Beat in Q4,Zacks,https://finance.yahoo.com/news/heres-why-pepsico-pep-looks-153803659.html,1675697883,STORY
1fc46f5e-2e77-3c25-8d3a-fdc19e90eaff,K,2023-2-8,Kellogg (K) Set to Report Q4 Earnings: What Should You Know?,Zacks,https://finance.yahoo.com/news/kellogg-k-set-report-q4-123612571.html,1675686972,STORY
5f009259-58a7-3dbd-8693-31acc885f7c0,K,2023-2-8,Philip Morris (PM) Set to Report Q4 Earnings: What to Know?,Zacks,https://finance.yahoo.com/news/philip-morris-pm-set-report-123012892.html,1675686612,STORY
1b14d8d6-fddc-37f9-91bc-5d707f42dc77,K,2023-2-8,Coty (COTY) to Report Q2 Earnings: What's in the Offing?,Zacks,https://finance.yahoo.com/news/coty-coty-report-q2-earnings-184206696.html,1675363326,STORY
d2fd2a60-a10d-3e88-89f3-e0c63e8bedd3,K,2023-2-9,Kellogg stock up premarket after earnings beat ahead of planned separation into three publicly traded companies,MarketWatch,https://finance.yahoo.com/m/d2fd2a60-a10d-3e88-89f3-e0c63e8bedd3/kellogg-stock-up-premarket.html,1675948380,STORY
c79e0aa4-4913-3067-b6bf-7a870e5a50e3,K,2023-2-9,Kellogg beats quarterly sales estimates,Reuters,https://finance.yahoo.com/news/kellogg-beats-quarterly-sales-estimates-130553407.html,1675947953,STORY
3891fb44-0db5-3071-b8fa-9441be07996a,K,2023-2-9,Kellogg Company Reports 2022 Fourth Quarter Results,PR Newswire,https://finance.yahoo.com/news/kellogg-company-reports-2022-fourth-130000328.html,1675947600,STORY
84040741-885d-394d-9194-7965303dfa2a,K,2023-2-9,Factors Likely to Support Coca-Cola's (KO) Earnings Beat in Q4,Zacks,https://finance.yahoo.com/news/factors-likely-support-coca-colas-113811761.html,1675942691,STORY
5702ca3d-63c4-3156-ab1a-be6b2f8d17dd,K,2023-2-9,Is a Surprise Coming for Kellogg (K) This Earnings Season?,Zacks,https://finance.yahoo.com/news/surprise-coming-kellogg-k-earnings-170205508.html,1675875725,STORY
0c442b28-a07c-361f-b040-145c345fa600,K,2023-2-9,Here's How Newell (NWL) is Placed Just Before Q4 Earnings,Zacks,https://finance.yahoo.com/news/heres-newell-nwl-placed-just-160504030.html,1675872304,STORY
853cd1b0-0055-30eb-a0cc-e3b7b20151a4,K,2023-2-9,How to Boost Your Portfolio with Top Consumer Staples Stocks Set to Beat Earnings,Zacks,https://finance.yahoo.com/news/boost-portfolio-top-consumer-staples-140002147.html,1675864802,STORY
2b2f6b75-65ca-320b-9562-ec3785afd447,K,2023-2-9,Kellogg Company to Webcast Presentation at 2023 CAGNY Conference,PR Newswire,https://finance.yahoo.com/news/kellogg-company-webcast-presentation-2023-200000251.html,1675800000,STORY
28ab6ea9-f179-3947-a8f0-f66c357571bf,K,2023-2-10,What pricing from consumer brands says about the state of consumer spending,Yahoo Finance Video,https://finance.yahoo.com/video/pricing-consumer-brands-says-state-202832651.html,1675974512,VIDEO
9c45f93c-d713-3a2a-9ff6-a4f9abb9df3e,K,2023-2-10,Analyst Report: Kellogg Company,Morningstar Research,https://finance.yahoo.com/m/9c45f93c-d713-3a2a-9ff6-a4f9abb9df3e/analyst-report%3A-kellogg.html,1675967848,STORY
d4304621-5c82-379d-9431-2a8f13cdf39b,K,2023-2-10,Kellogg’s Earnings and Sales Beat Forecasts With ‘Sustained Momentum in Snacks’,Barrons.com,https://finance.yahoo.com/m/d4304621-5c82-379d-9431-2a8f13cdf39b/kellogg%E2%80%99s-earnings-and-sales.html,1675967100,STORY
c4eeb0db-2c87-37de-a178-7b1e8a8626f1,K,2023-2-10,Kellogg's Q4 Performance Exceeds Expectations,Benzinga,https://finance.yahoo.com/news/kelloggs-q4-performance-exceeds-expectations-182114513.html,1675966874,STORY
580678a8-379a-31ba-a56c-7f704c22bbfb,K,2023-2-10,"Kellogg (K) Tops Q4 Earnings Estimates, Sales Increase Y/Y",Zacks,https://finance.yahoo.com/news/kellogg-k-tops-q4-earnings-180806341.html,1675966086,STORY
e934ec1e-33f4-3fdf-beb5-36b03e9945ee,K,2023-2-10,"PepsiCo, Kellogg Sales Jump as Shoppers Splurge on Snacks",The Wall Street Journal,https://finance.yahoo.com/m/e934ec1e-33f4-3fdf-beb5-36b03e9945ee/pepsico%2C-kellogg-sales-jump.html,1675963860,STORY
b9f90ded-0151-3544-8af1-50a787f002ee,K,2023-2-10,"Credit Suisse sees 96% plunge in equity trading revenue, plus other stocks on the move",Yahoo Finance Video,https://finance.yahoo.com/video/credit-suisse-sees-96-plunge-160214195.html,1675958534,VIDEO
bfc38903-49d1-371c-b372-1fdc01ccf817,K,2023-2-10,Kellogg Earnings Top Views as Sales Rise 12%,The Wall Street Journal,https://finance.yahoo.com/m/bfc38903-49d1-371c-b372-1fdc01ccf817/kellogg-earnings-top-views-as.html,1675956180,STORY
1ed7cee2-c0ad-3673-ac48-b499f26aaa77,K,2023-2-11,Kellogg Full Year 2022 Earnings: EPS: US$2.82 (vs US$4.36 in FY 2021),Simply Wall St.,https://finance.yahoo.com/news/kellogg-full-2022-earnings-eps-122735641.html,1676118455,STORY
2aae95ef-22ce-3970-b10f-d491351125f9,K,2023-2-11,Kellogg Company (NYSE:K) Q4 2022 Earnings Call Transcript,Insider Monkey,https://finance.yahoo.com/news/kellogg-company-nyse-k-q4-202405110.html,1676060645,STORY
87a893d1-e757-36f3-81cb-da14e6e93730,K,2023-2-11,Kellogg (K) Reports Q4 Earnings: What Key Metrics Have to Say,Zacks,https://finance.yahoo.com/news/kellogg-k-reports-q4-earnings-133801740.html,1676036281,STORY
28ab6ea9-f179-3947-a8f0-f66c357571bf,K,2023-2-11,What pricing from consumer brands says about the state of consumer spending,Yahoo Finance Video,https://finance.yahoo.com/video/pricing-consumer-brands-says-state-202832651.html,1675974512,VIDEO
9c45f93c-d713-3a2a-9ff6-a4f9abb9df3e,K,2023-2-11,Analyst Report: Kellogg Company,Morningstar Research,https://finance.yahoo.com/m/9c45f93c-d713-3a2a-9ff6-a4f9abb9df3e/analyst-report%3A-kellogg.html,1675967848,STORY
d4304621-5c82-379d-9431-2a8f13cdf39b,K,2023-2-11,Kellogg’s Earnings and Sales Beat Forecasts With ‘Sustained Momentum in Snacks’,Barrons.com,https://finance.yahoo.com/m/d4304621-5c82-379d-9431-2a8f13cdf39b/kellogg%E2%80%99s-earnings-and-sales.html,1675967100,STORY
c4eeb0db-2c87-37de-a178-7b1e8a8626f1,K,2023-2-11,Kellogg's Q4 Performance Exceeds Expectations,Benzinga,https://finance.yahoo.com/news/kelloggs-q4-performance-exceeds-expectations-182114513.html,1675966874,STORY
580678a8-379a-31ba-a56c-7f704c22bbfb,K,2023-2-11,"Kellogg (K) Tops Q4 Earnings Estimates, Sales Increase Y/Y",Zacks,https://finance.yahoo.com/news/kellogg-k-tops-q4-earnings-180806341.html,1675966086,STORY
1ed7cee2-c0ad-3673-ac48-b499f26aaa77,K,2023-2-12,Kellogg Full Year 2022 Earnings: EPS: US$2.82 (vs US$4.36 in FY 2021),Simply Wall St.,https://finance.yahoo.com/news/kellogg-full-2022-earnings-eps-122735641.html,1676118455,STORY
2aae95ef-22ce-3970-b10f-d491351125f9,K,2023-2-12,Kellogg Company (NYSE:K) Q4 2022 Earnings Call Transcript,Insider Monkey,https://finance.yahoo.com/news/kellogg-company-nyse-k-q4-202405110.html,1676060645,STORY
87a893d1-e757-36f3-81cb-da14e6e93730,K,2023-2-12,Kellogg (K) Reports Q4 Earnings: What Key Metrics Have to Say,Zacks,https://finance.yahoo.com/news/kellogg-k-reports-q4-earnings-133801740.html,1676036281,STORY
28ab6ea9-f179-3947-a8f0-f66c357571bf,K,2023-2-12,What pricing from consumer brands says about the state of consumer spending,Yahoo Finance Video,https://finance.yahoo.com/video/pricing-consumer-brands-says-state-202832651.html,1675974512,VIDEO
d4304621-5c82-379d-9431-2a8f13cdf39b,K,2023-2-12,Kellogg’s Earnings and Sales Beat Forecasts With ‘Sustained Momentum in Snacks’,Barrons.com,https://finance.yahoo.com/m/d4304621-5c82-379d-9431-2a8f13cdf39b/kellogg%E2%80%99s-earnings-and-sales.html,1675967100,STORY
c4eeb0db-2c87-37de-a178-7b1e8a8626f1,K,2023-2-12,Kellogg's Q4 Performance Exceeds Expectations,Benzinga,https://finance.yahoo.com/news/kelloggs-q4-performance-exceeds-expectations-182114513.html,1675966874,STORY
580678a8-379a-31ba-a56c-7f704c22bbfb,K,2023-2-12,"Kellogg (K) Tops Q4 Earnings Estimates, Sales Increase Y/Y",Zacks,https://finance.yahoo.com/news/kellogg-k-tops-q4-earnings-180806341.html,1675966086,STORY
e934ec1e-33f4-3fdf-beb5-36b03e9945ee,K,2023-2-12,"PepsiCo, Kellogg Sales Jump as Shoppers Splurge on Snacks",The Wall Street Journal,https://finance.yahoo.com/m/e934ec1e-33f4-3fdf-beb5-36b03e9945ee/pepsico%2C-kellogg-sales-jump.html,1675963860,STORY
5f71cad3-6c8f-37c4-9c62-426fd2476460,K,2023-2-13,The Fed’s Focused on Data. Why Tuesday’s Inflation Figures Are Crucial for Markets.,Barrons.com,https://finance.yahoo.com/m/5f71cad3-6c8f-37c4-9c62-426fd2476460/the-fed%E2%80%99s-focused-on-data..html,1676288280,STORY
1ed7cee2-c0ad-3673-ac48-b499f26aaa77,K,2023-2-13,Kellogg Full Year 2022 Earnings: EPS: US$2.82 (vs US$4.36 in FY 2021),Simply Wall St.,https://finance.yahoo.com/news/kellogg-full-2022-earnings-eps-122735641.html,1676118455,STORY
2aae95ef-22ce-3970-b10f-d491351125f9,K,2023-2-13,Kellogg Company (NYSE:K) Q4 2022 Earnings Call Transcript,Insider Monkey,https://finance.yahoo.com/news/kellogg-company-nyse-k-q4-202405110.html,1676060645,STORY
87a893d1-e757-36f3-81cb-da14e6e93730,K,2023-2-13,Kellogg (K) Reports Q4 Earnings: What Key Metrics Have to Say,Zacks,https://finance.yahoo.com/news/kellogg-k-reports-q4-earnings-133801740.html,1676036281,STORY
28ab6ea9-f179-3947-a8f0-f66c357571bf,K,2023-2-13,What pricing from consumer brands says about the state of consumer spending,Yahoo Finance Video,https://finance.yahoo.com/video/pricing-consumer-brands-says-state-202832651.html,1675974512,VIDEO
d4304621-5c82-379d-9431-2a8f13cdf39b,K,2023-2-13,Kellogg’s Earnings and Sales Beat Forecasts With ‘Sustained Momentum in Snacks’,Barrons.com,https://finance.yahoo.com/m/d4304621-5c82-379d-9431-2a8f13cdf39b/kellogg%E2%80%99s-earnings-and-sales.html,1675967100,STORY
c4eeb0db-2c87-37de-a178-7b1e8a8626f1,K,2023-2-13,Kellogg's Q4 Performance Exceeds Expectations,Benzinga,https://finance.yahoo.com/news/kelloggs-q4-performance-exceeds-expectations-182114513.html,1675966874,STORY
580678a8-379a-31ba-a56c-7f704c22bbfb,K,2023-2-13,"Kellogg (K) Tops Q4 Earnings Estimates, Sales Increase Y/Y",Zacks,https://finance.yahoo.com/news/kellogg-k-tops-q4-earnings-180806341.html,1675966086,STORY
1377f9a0-b24d-3789-8d48-f06001e19c9e,K,2023-2-14,"Snap, Crackle, Spinoff",TheStreet.com,https://finance.yahoo.com/m/1377f9a0-b24d-3789-8d48-f06001e19c9e/snap%2C-crackle%2C-spinoff.html,1676323980,STORY
dc6bbb2d-fe2e-36be-a983-8f07defdb1e5,K,2023-2-14,Analyst Report: Kellogg Co,Argus Research,https://finance.yahoo.com/m/dc6bbb2d-fe2e-36be-a983-8f07defdb1e5/analyst-report%3A-kellogg-co.html,1676313856,STORY
e2901427-c521-3f45-89a7-ddf30fa113aa,K,2023-2-14,"Market Update: ALL, ATO, EXPE, EXPE, FISV, K, LRLCY",Argus Research,https://finance.yahoo.com/m/e2901427-c521-3f45-89a7-ddf30fa113aa/market-update%3A-all%2C-ato%2C.html,1676312956,STORY
b539f34f-b7ae-3fd3-8899-642fcc52a144,K,2023-2-14,"ClimateCAP Keeps Growing, Announces Inaugural Cohort Of Fellows",Poets & Quants,https://finance.yahoo.com/news/climatecap-keeps-growing-announces-inaugural-173616696.html,1676309776,STORY
5f71cad3-6c8f-37c4-9c62-426fd2476460,K,2023-2-14,The Fed’s Focused on Data. Why Tuesday’s Inflation Figures Are Crucial for Markets.,Barrons.com,https://finance.yahoo.com/m/5f71cad3-6c8f-37c4-9c62-426fd2476460/the-fed%E2%80%99s-focused-on-data..html,1676288280,STORY
1ed7cee2-c0ad-3673-ac48-b499f26aaa77,K,2023-2-14,Kellogg Full Year 2022 Earnings: EPS: US$2.82 (vs US$4.36 in FY 2021),Simply Wall St.,https://finance.yahoo.com/news/kellogg-full-2022-earnings-eps-122735641.html,1676118455,STORY
2aae95ef-22ce-3970-b10f-d491351125f9,K,2023-2-14,Kellogg Company (NYSE:K) Q4 2022 Earnings Call Transcript,Insider Monkey,https://finance.yahoo.com/news/kellogg-company-nyse-k-q4-202405110.html,1676060645,STORY
87a893d1-e757-36f3-81cb-da14e6e93730,K,2023-2-14,Kellogg (K) Reports Q4 Earnings: What Key Metrics Have to Say,Zacks,https://finance.yahoo.com/news/kellogg-k-reports-q4-earnings-133801740.html,1676036281,STORY
1377f9a0-b24d-3789-8d48-f06001e19c9e,K,2023-2-15,"Snap, Crackle, Spinoff",TheStreet.com,https://finance.yahoo.com/m/1377f9a0-b24d-3789-8d48-f06001e19c9e/snap%2C-crackle%2C-spinoff.html,1676323980,STORY
dc6bbb2d-fe2e-36be-a983-8f07defdb1e5,K,2023-2-15,Analyst Report: Kellogg Co,Argus Research,https://finance.yahoo.com/m/dc6bbb2d-fe2e-36be-a983-8f07defdb1e5/analyst-report%3A-kellogg-co.html,1676313856,STORY
e2901427-c521-3f45-89a7-ddf30fa113aa,K,2023-2-15,"Market Update: ALL, ATO, EXPE, EXPE, FISV, K, LRLCY",Argus Research,https://finance.yahoo.com/m/e2901427-c521-3f45-89a7-ddf30fa113aa/market-update%3A-all%2C-ato%2C.html,1676312956,STORY
b539f34f-b7ae-3fd3-8899-642fcc52a144,K,2023-2-15,"ClimateCAP Keeps Growing, Announces Inaugural Cohort Of Fellows",Poets & Quants,https://finance.yahoo.com/news/climatecap-keeps-growing-announces-inaugural-173616696.html,1676309776,STORY
5f71cad3-6c8f-37c4-9c62-426fd2476460,K,2023-2-15,The Fed’s Focused on Data. Why Tuesday’s Inflation Figures Are Crucial for Markets.,Barrons.com,https://finance.yahoo.com/m/5f71cad3-6c8f-37c4-9c62-426fd2476460/the-fed%E2%80%99s-focused-on-data..html,1676288280,STORY
1ed7cee2-c0ad-3673-ac48-b499f26aaa77,K,2023-2-15,Kellogg Full Year 2022 Earnings: EPS: US$2.82 (vs US$4.36 in FY 2021),Simply Wall St.,https://finance.yahoo.com/news/kellogg-full-2022-earnings-eps-122735641.html,1676118455,STORY
2aae95ef-22ce-3970-b10f-d491351125f9,K,2023-2-15,Kellogg Company (NYSE:K) Q4 2022 Earnings Call Transcript,Insider Monkey,https://finance.yahoo.com/news/kellogg-company-nyse-k-q4-202405110.html,1676060645,STORY
87a893d1-e757-36f3-81cb-da14e6e93730,K,2023-2-15,Kellogg (K) Reports Q4 Earnings: What Key Metrics Have to Say,Zacks,https://finance.yahoo.com/news/kellogg-k-reports-q4-earnings-133801740.html,1676036281,STORY
f4a9a4da-ae73-3efa-8a6b-462883ff5829,K,2023-2-16,Early Retirement Portfolio: 15 Stocks to Live Off Dividends Revisited,Insider Monkey,https://finance.yahoo.com/news/early-retirement-portfolio-15-stocks-001129511.html,1676506289,STORY
24eecbca-8d04-3180-9d3c-b85484b871e4,K,2023-2-16,Beyond Meat Is Down 93% From Its High. Time to Buy?,Motley Fool,https://finance.yahoo.com/m/24eecbca-8d04-3180-9d3c-b85484b871e4/beyond-meat-is-down-93%25-from.html,1676475000,STORY
5643c15a-ba1d-3b00-8198-9104e74b0824,K,2023-2-16,"Bunnies, Eggs and Jelly Beans, Oh My! Frankford Candy Debuts New Easter Treats",PR Newswire,https://finance.yahoo.com/news/bunnies-eggs-jelly-beans-oh-140900552.html,1676470140,STORY
007697a6-ea1e-3dc3-87c6-5ec7f6433a6c,K,2023-2-16,MORNINGSTAR FARMS® AND PRINGLES® COMBINE ICONIC FLAVORS IN FIRST-OF-ITS-KIND PLANT-BASED CHIK'N FRIES,PR Newswire,https://finance.yahoo.com/news/morningstar-farms-pringles-combine-iconic-140000619.html,1676469600,STORY
1377f9a0-b24d-3789-8d48-f06001e19c9e,K,2023-2-16,"Snap, Crackle, Spinoff",TheStreet.com,https://finance.yahoo.com/m/1377f9a0-b24d-3789-8d48-f06001e19c9e/snap%2C-crackle%2C-spinoff.html,1676323980,STORY
b539f34f-b7ae-3fd3-8899-642fcc52a144,K,2023-2-16,"ClimateCAP Keeps Growing, Announces Inaugural Cohort Of Fellows",Poets & Quants,https://finance.yahoo.com/news/climatecap-keeps-growing-announces-inaugural-173616696.html,1676309776,STORY
5f71cad3-6c8f-37c4-9c62-426fd2476460,K,2023-2-16,The Fed’s Focused on Data. Why Tuesday’s Inflation Figures Are Crucial for Markets.,Barrons.com,https://finance.yahoo.com/m/5f71cad3-6c8f-37c4-9c62-426fd2476460/the-fed%E2%80%99s-focused-on-data..html,1676288280,STORY
1ed7cee2-c0ad-3673-ac48-b499f26aaa77,K,2023-2-16,Kellogg Full Year 2022 Earnings: EPS: US$2.82 (vs US$4.36 in FY 2021),Simply Wall St.,https://finance.yahoo.com/news/kellogg-full-2022-earnings-eps-122735641.html,1676118455,STORY
45cbe29d-7f50-3f1f-9800-16283335841b,K,2023-2-17,Daily Spotlight: Inverted Yield Curve Expected to Flatten,Argus Research,https://finance.yahoo.com/m/45cbe29d-7f50-3f1f-9800-16283335841b/daily-spotlight%3A-inverted.html,1676635503,STORY
687d31be-3b6f-37a7-86db-aedb559088e2,K,2023-2-17,Kellogg Decides to Keep Its Plant-Based Meat Business. Is It a Hidden Gem for Shareholders?,Motley Fool,https://finance.yahoo.com/m/687d31be-3b6f-37a7-86db-aedb559088e2/kellogg-decides-to-keep-its.html,1676560980,STORY
7618f6d7-f9b8-34ed-854b-7fe39d03ab7d,K,2023-2-17,Kellogg Company employees driving force behind efforts to create better days for 3 billion people by the end of 2030,PR Newswire,https://finance.yahoo.com/news/kellogg-company-employees-driving-force-134500936.html,1676555100,STORY
f4a9a4da-ae73-3efa-8a6b-462883ff5829,K,2023-2-17,Early Retirement Portfolio: 15 Stocks to Live Off Dividends Revisited,Insider Monkey,https://finance.yahoo.com/news/early-retirement-portfolio-15-stocks-001129511.html,1676506289,STORY
24eecbca-8d04-3180-9d3c-b85484b871e4,K,2023-2-17,Beyond Meat Is Down 93% From Its High. Time to Buy?,Motley Fool,https://finance.yahoo.com/m/24eecbca-8d04-3180-9d3c-b85484b871e4/beyond-meat-is-down-93%25-from.html,1676475000,STORY
5643c15a-ba1d-3b00-8198-9104e74b0824,K,2023-2-17,"Bunnies, Eggs and Jelly Beans, Oh My! Frankford Candy Debuts New Easter Treats",PR Newswire,https://finance.yahoo.com/news/bunnies-eggs-jelly-beans-oh-140900552.html,1676470140,STORY
007697a6-ea1e-3dc3-87c6-5ec7f6433a6c,K,2023-2-17,MORNINGSTAR FARMS® AND PRINGLES® COMBINE ICONIC FLAVORS IN FIRST-OF-ITS-KIND PLANT-BASED CHIK'N FRIES,PR Newswire,https://finance.yahoo.com/news/morningstar-farms-pringles-combine-iconic-140000619.html,1676469600,STORY
ca804feb-efba-3372-b7b5-d04d99f182de,K,2023-2-17,7 Stocks That Wall Street Hates — and YOU Should Buy!,InvestorPlace,https://finance.yahoo.com/news/7-stocks-wall-street-hates-223227761.html,1676327547,STORY
a50fd04d-53da-3e08-b71c-4cec58fc3559,K,2023-2-18,Kellogg Company Declares Regular Dividend of $0.59 per Share,PR Newswire,https://finance.yahoo.com/news/kellogg-company-declares-regular-dividend-161100548.html,1676650260,STORY
45cbe29d-7f50-3f1f-9800-16283335841b,K,2023-2-18,Daily Spotlight: Inverted Yield Curve Expected to Flatten,Argus Research,https://finance.yahoo.com/m/45cbe29d-7f50-3f1f-9800-16283335841b/daily-spotlight%3A-inverted.html,1676635503,STORY
687d31be-3b6f-37a7-86db-aedb559088e2,K,2023-2-18,Kellogg Decides to Keep Its Plant-Based Meat Business. Is It a Hidden Gem for Shareholders?,Motley Fool,https://finance.yahoo.com/m/687d31be-3b6f-37a7-86db-aedb559088e2/kellogg-decides-to-keep-its.html,1676560980,STORY
7618f6d7-f9b8-34ed-854b-7fe39d03ab7d,K,2023-2-18,Kellogg Company employees driving force behind efforts to create better days for 3 billion people by the end of 2030,PR Newswire,https://finance.yahoo.com/news/kellogg-company-employees-driving-force-134500936.html,1676555100,STORY
f4a9a4da-ae73-3efa-8a6b-462883ff5829,K,2023-2-18,Early Retirement Portfolio: 15 Stocks to Live Off Dividends Revisited,Insider Monkey,https://finance.yahoo.com/news/early-retirement-portfolio-15-stocks-001129511.html,1676506289,STORY
24eecbca-8d04-3180-9d3c-b85484b871e4,K,2023-2-18,Beyond Meat Is Down 93% From Its High. Time to Buy?,Motley Fool,https://finance.yahoo.com/m/24eecbca-8d04-3180-9d3c-b85484b871e4/beyond-meat-is-down-93%25-from.html,1676475000,STORY
5643c15a-ba1d-3b00-8198-9104e74b0824,K,2023-2-18,"Bunnies, Eggs and Jelly Beans, Oh My! Frankford Candy Debuts New Easter Treats",PR Newswire,https://finance.yahoo.com/news/bunnies-eggs-jelly-beans-oh-140900552.html,1676470140,STORY
007697a6-ea1e-3dc3-87c6-5ec7f6433a6c,K,2023-2-18,MORNINGSTAR FARMS® AND PRINGLES® COMBINE ICONIC FLAVORS IN FIRST-OF-ITS-KIND PLANT-BASED CHIK'N FRIES,PR Newswire,https://finance.yahoo.com/news/morningstar-farms-pringles-combine-iconic-140000619.html,1676469600,STORY
a50fd04d-53da-3e08-b71c-4cec58fc3559,K,2023-2-19,Kellogg Company Declares Regular Dividend of $0.59 per Share,PR Newswire,https://finance.yahoo.com/news/kellogg-company-declares-regular-dividend-161100548.html,1676650260,STORY
687d31be-3b6f-37a7-86db-aedb559088e2,K,2023-2-19,Kellogg Decides to Keep Its Plant-Based Meat Business. Is It a Hidden Gem for Shareholders?,Motley Fool,https://finance.yahoo.com/m/687d31be-3b6f-37a7-86db-aedb559088e2/kellogg-decides-to-keep-its.html,1676560980,STORY
7618f6d7-f9b8-34ed-854b-7fe39d03ab7d,K,2023-2-19,Kellogg Company employees driving force behind efforts to create better days for 3 billion people by the end of 2030,PR Newswire,https://finance.yahoo.com/news/kellogg-company-employees-driving-force-134500936.html,1676555100,STORY
f4a9a4da-ae73-3efa-8a6b-462883ff5829,K,2023-2-19,Early Retirement Portfolio: 15 Stocks to Live Off Dividends Revisited,Insider Monkey,https://finance.yahoo.com/news/early-retirement-portfolio-15-stocks-001129511.html,1676506289,STORY
24eecbca-8d04-3180-9d3c-b85484b871e4,K,2023-2-19,Beyond Meat Is Down 93% From Its High. Time to Buy?,Motley Fool,https://finance.yahoo.com/m/24eecbca-8d04-3180-9d3c-b85484b871e4/beyond-meat-is-down-93%25-from.html,1676475000,STORY
5643c15a-ba1d-3b00-8198-9104e74b0824,K,2023-2-19,"Bunnies, Eggs and Jelly Beans, Oh My! Frankford Candy Debuts New Easter Treats",PR Newswire,https://finance.yahoo.com/news/bunnies-eggs-jelly-beans-oh-140900552.html,1676470140,STORY
007697a6-ea1e-3dc3-87c6-5ec7f6433a6c,K,2023-2-19,MORNINGSTAR FARMS® AND PRINGLES® COMBINE ICONIC FLAVORS IN FIRST-OF-ITS-KIND PLANT-BASED CHIK'N FRIES,PR Newswire,https://finance.yahoo.com/news/morningstar-farms-pringles-combine-iconic-140000619.html,1676469600,STORY
ca804feb-efba-3372-b7b5-d04d99f182de,K,2023-2-19,7 Stocks That Wall Street Hates — and YOU Should Buy!,InvestorPlace,https://finance.yahoo.com/news/7-stocks-wall-street-hates-223227761.html,1676327547,STORY
a50fd04d-53da-3e08-b71c-4cec58fc3559,K,2023-2-20,Kellogg Company Declares Regular Dividend of $0.59 per Share,PR Newswire,https://finance.yahoo.com/news/kellogg-company-declares-regular-dividend-161100548.html,1676650260,STORY
687d31be-3b6f-37a7-86db-aedb559088e2,K,2023-2-20,Kellogg Decides to Keep Its Plant-Based Meat Business. Is It a Hidden Gem for Shareholders?,Motley Fool,https://finance.yahoo.com/m/687d31be-3b6f-37a7-86db-aedb559088e2/kellogg-decides-to-keep-its.html,1676560980,STORY
7618f6d7-f9b8-34ed-854b-7fe39d03ab7d,K,2023-2-20,Kellogg Company employees driving force behind efforts to create better days for 3 billion people by the end of 2030,PR Newswire,https://finance.yahoo.com/news/kellogg-company-employees-driving-force-134500936.html,1676555100,STORY
f4a9a4da-ae73-3efa-8a6b-462883ff5829,K,2023-2-20,Early Retirement Portfolio: 15 Stocks to Live Off Dividends Revisited,Insider Monkey,https://finance.yahoo.com/news/early-retirement-portfolio-15-stocks-001129511.html,1676506289,STORY
24eecbca-8d04-3180-9d3c-b85484b871e4,K,2023-2-20,Beyond Meat Is Down 93% From Its High. Time to Buy?,Motley Fool,https://finance.yahoo.com/m/24eecbca-8d04-3180-9d3c-b85484b871e4/beyond-meat-is-down-93%25-from.html,1676475000,STORY
5643c15a-ba1d-3b00-8198-9104e74b0824,K,2023-2-20,"Bunnies, Eggs and Jelly Beans, Oh My! Frankford Candy Debuts New Easter Treats",PR Newswire,https://finance.yahoo.com/news/bunnies-eggs-jelly-beans-oh-140900552.html,1676470140,STORY
007697a6-ea1e-3dc3-87c6-5ec7f6433a6c,K,2023-2-20,MORNINGSTAR FARMS® AND PRINGLES® COMBINE ICONIC FLAVORS IN FIRST-OF-ITS-KIND PLANT-BASED CHIK'N FRIES,PR Newswire,https://finance.yahoo.com/news/morningstar-farms-pringles-combine-iconic-140000619.html,1676469600,STORY
ca804feb-efba-3372-b7b5-d04d99f182de,K,2023-2-20,7 Stocks That Wall Street Hates — and YOU Should Buy!,InvestorPlace,https://finance.yahoo.com/news/7-stocks-wall-street-hates-223227761.html,1676327547,STORY
a50fd04d-53da-3e08-b71c-4cec58fc3559,K,2023-2-21,Kellogg Company Declares Regular Dividend of $0.59 per Share,PR Newswire,https://finance.yahoo.com/news/kellogg-company-declares-regular-dividend-161100548.html,1676650260,STORY
687d31be-3b6f-37a7-86db-aedb559088e2,K,2023-2-21,Kellogg Decides to Keep Its Plant-Based Meat Business. Is It a Hidden Gem for Shareholders?,Motley Fool,https://finance.yahoo.com/m/687d31be-3b6f-37a7-86db-aedb559088e2/kellogg-decides-to-keep-its.html,1676560980,STORY
7618f6d7-f9b8-34ed-854b-7fe39d03ab7d,K,2023-2-21,Kellogg Company employees driving force behind efforts to create better days for 3 billion people by the end of 2030,PR Newswire,https://finance.yahoo.com/news/kellogg-company-employees-driving-force-134500936.html,1676555100,STORY
f4a9a4da-ae73-3efa-8a6b-462883ff5829,K,2023-2-21,Early Retirement Portfolio: 15 Stocks to Live Off Dividends Revisited,Insider Monkey,https://finance.yahoo.com/news/early-retirement-portfolio-15-stocks-001129511.html,1676506289,STORY
24eecbca-8d04-3180-9d3c-b85484b871e4,K,2023-2-21,Beyond Meat Is Down 93% From Its High. Time to Buy?,Motley Fool,https://finance.yahoo.com/m/24eecbca-8d04-3180-9d3c-b85484b871e4/beyond-meat-is-down-93%25-from.html,1676475000,STORY
5643c15a-ba1d-3b00-8198-9104e74b0824,K,2023-2-21,"Bunnies, Eggs and Jelly Beans, Oh My! Frankford Candy Debuts New Easter Treats",PR Newswire,https://finance.yahoo.com/news/bunnies-eggs-jelly-beans-oh-140900552.html,1676470140,STORY
007697a6-ea1e-3dc3-87c6-5ec7f6433a6c,K,2023-2-21,MORNINGSTAR FARMS® AND PRINGLES® COMBINE ICONIC FLAVORS IN FIRST-OF-ITS-KIND PLANT-BASED CHIK'N FRIES,PR Newswire,https://finance.yahoo.com/news/morningstar-farms-pringles-combine-iconic-140000619.html,1676469600,STORY
ca804feb-efba-3372-b7b5-d04d99f182de,K,2023-2-21,7 Stocks That Wall Street Hates — and YOU Should Buy!,InvestorPlace,https://finance.yahoo.com/news/7-stocks-wall-street-hates-223227761.html,1676327547,STORY
823b315e-e5a4-3b1e-a173-daae0e219a49,K,2023-2-22,The Argus High-Yield Model Portfolio,Argus Research,https://finance.yahoo.com/m/823b315e-e5a4-3b1e-a173-daae0e219a49/the-argus-high-yield-model.html,1676992411,STORY
d1287d06-3264-368a-8c68-8f622e793fbe,K,2023-2-22,"Kellogg Company, retailer Meijer invest to help build a strong pipeline of younger farmers in the Midwest",PR Newswire,https://finance.yahoo.com/news/kellogg-company-retailer-meijer-invest-150000800.html,1676991600,STORY
a50fd04d-53da-3e08-b71c-4cec58fc3559,K,2023-2-22,Kellogg Company Declares Regular Dividend of $0.59 per Share,PR Newswire,https://finance.yahoo.com/news/kellogg-company-declares-regular-dividend-161100548.html,1676650260,STORY
687d31be-3b6f-37a7-86db-aedb559088e2,K,2023-2-22,Kellogg Decides to Keep Its Plant-Based Meat Business. Is It a Hidden Gem for Shareholders?,Motley Fool,https://finance.yahoo.com/m/687d31be-3b6f-37a7-86db-aedb559088e2/kellogg-decides-to-keep-its.html,1676560980,STORY
7618f6d7-f9b8-34ed-854b-7fe39d03ab7d,K,2023-2-22,Kellogg Company employees driving force behind efforts to create better days for 3 billion people by the end of 2030,PR Newswire,https://finance.yahoo.com/news/kellogg-company-employees-driving-force-134500936.html,1676555100,STORY
f4a9a4da-ae73-3efa-8a6b-462883ff5829,K,2023-2-22,Early Retirement Portfolio: 15 Stocks to Live Off Dividends Revisited,Insider Monkey,https://finance.yahoo.com/news/early-retirement-portfolio-15-stocks-001129511.html,1676506289,STORY
24eecbca-8d04-3180-9d3c-b85484b871e4,K,2023-2-22,Beyond Meat Is Down 93% From Its High. Time to Buy?,Motley Fool,https://finance.yahoo.com/m/24eecbca-8d04-3180-9d3c-b85484b871e4/beyond-meat-is-down-93%25-from.html,1676475000,STORY
5643c15a-ba1d-3b00-8198-9104e74b0824,K,2023-2-22,"Bunnies, Eggs and Jelly Beans, Oh My! Frankford Candy Debuts New Easter Treats",PR Newswire,https://finance.yahoo.com/news/bunnies-eggs-jelly-beans-oh-140900552.html,1676470140,STORY
c12049c5-ff98-3e55-973d-a77c550b7c36,K,2023-2-23,Forget the Spoon: New Apple Jacks® Pop-Tarts® Takes Cereal Experience On the Go,PR Newswire,https://finance.yahoo.com/news/forget-spoon-apple-jacks-pop-130000891.html,1677157200,STORY
a6917c00-411d-31a6-b372-cf2e7eedde2c,K,2023-2-23,"Johnny Rockets to L’Eggo The Bun for All-New, Limited-Time Chicken & Waffle Sandwich Made with Eggo® Waffles",GlobeNewswire,https://finance.yahoo.com/news/johnny-rockets-l-eggo-bun-140000023.html,1677074400,STORY
823b315e-e5a4-3b1e-a173-daae0e219a49,K,2023-2-23,The Argus High-Yield Model Portfolio,Argus Research,https://finance.yahoo.com/m/823b315e-e5a4-3b1e-a173-daae0e219a49/the-argus-high-yield-model.html,1676992411,STORY
d1287d06-3264-368a-8c68-8f622e793fbe,K,2023-2-23,"Kellogg Company, retailer Meijer invest to help build a strong pipeline of younger farmers in the Midwest",PR Newswire,https://finance.yahoo.com/news/kellogg-company-retailer-meijer-invest-150000800.html,1676991600,STORY
a50fd04d-53da-3e08-b71c-4cec58fc3559,K,2023-2-23,Kellogg Company Declares Regular Dividend of $0.59 per Share,PR Newswire,https://finance.yahoo.com/news/kellogg-company-declares-regular-dividend-161100548.html,1676650260,STORY
687d31be-3b6f-37a7-86db-aedb559088e2,K,2023-2-23,Kellogg Decides to Keep Its Plant-Based Meat Business. Is It a Hidden Gem for Shareholders?,Motley Fool,https://finance.yahoo.com/m/687d31be-3b6f-37a7-86db-aedb559088e2/kellogg-decides-to-keep-its.html,1676560980,STORY
7618f6d7-f9b8-34ed-854b-7fe39d03ab7d,K,2023-2-23,Kellogg Company employees driving force behind efforts to create better days for 3 billion people by the end of 2030,PR Newswire,https://finance.yahoo.com/news/kellogg-company-employees-driving-force-134500936.html,1676555100,STORY
f4a9a4da-ae73-3efa-8a6b-462883ff5829,K,2023-2-23,Early Retirement Portfolio: 15 Stocks to Live Off Dividends Revisited,Insider Monkey,https://finance.yahoo.com/news/early-retirement-portfolio-15-stocks-001129511.html,1676506289,STORY
91fc7d89-5dc3-34db-acc6-6014216f20b1,K,2023-2-24,4 Elite B-School Deans: MBA Leadership Needed In An Uncertain World,Poets & Quants,https://finance.yahoo.com/news/4-elite-b-school-deans-162938059.html,1677169778,STORY
c12049c5-ff98-3e55-973d-a77c550b7c36,K,2023-2-24,Forget the Spoon: New Apple Jacks® Pop-Tarts® Takes Cereal Experience On the Go,PR Newswire,https://finance.yahoo.com/news/forget-spoon-apple-jacks-pop-130000891.html,1677157200,STORY
a6917c00-411d-31a6-b372-cf2e7eedde2c,K,2023-2-24,"Johnny Rockets to L’Eggo The Bun for All-New, Limited-Time Chicken & Waffle Sandwich Made with Eggo® Waffles",GlobeNewswire,https://finance.yahoo.com/news/johnny-rockets-l-eggo-bun-140000023.html,1677074400,STORY
d1287d06-3264-368a-8c68-8f622e793fbe,K,2023-2-24,"Kellogg Company, retailer Meijer invest to help build a strong pipeline of younger farmers in the Midwest",PR Newswire,https://finance.yahoo.com/news/kellogg-company-retailer-meijer-invest-150000800.html,1676991600,STORY
d1d39e5f-0f1b-3562-9793-3ef9316f7f88,K,2023-2-24,Stay Long and Strong on These 7 Stocks,InvestorPlace,https://finance.yahoo.com/news/stay-long-strong-7-stocks-185851060.html,1676919531,STORY
a50fd04d-53da-3e08-b71c-4cec58fc3559,K,2023-2-24,Kellogg Company Declares Regular Dividend of $0.59 per Share,PR Newswire,https://finance.yahoo.com/news/kellogg-company-declares-regular-dividend-161100548.html,1676650260,STORY
687d31be-3b6f-37a7-86db-aedb559088e2,K,2023-2-24,Kellogg Decides to Keep Its Plant-Based Meat Business. Is It a Hidden Gem for Shareholders?,Motley Fool,https://finance.yahoo.com/m/687d31be-3b6f-37a7-86db-aedb559088e2/kellogg-decides-to-keep-its.html,1676560980,STORY
7618f6d7-f9b8-34ed-854b-7fe39d03ab7d,K,2023-2-24,Kellogg Company employees driving force behind efforts to create better days for 3 billion people by the end of 2030,PR Newswire,https://finance.yahoo.com/news/kellogg-company-employees-driving-force-134500936.html,1676555100,STORY
91fc7d89-5dc3-34db-acc6-6014216f20b1,K,2023-2-25,4 Elite B-School Deans: MBA Leadership Needed In An Uncertain World,Poets & Quants,https://finance.yahoo.com/news/4-elite-b-school-deans-162938059.html,1677169778,STORY
c12049c5-ff98-3e55-973d-a77c550b7c36,K,2023-2-25,Forget the Spoon: New Apple Jacks® Pop-Tarts® Takes Cereal Experience On the Go,PR Newswire,https://finance.yahoo.com/news/forget-spoon-apple-jacks-pop-130000891.html,1677157200,STORY
a6917c00-411d-31a6-b372-cf2e7eedde2c,K,2023-2-25,"Johnny Rockets to L’Eggo The Bun for All-New, Limited-Time Chicken & Waffle Sandwich Made with Eggo® Waffles",GlobeNewswire,https://finance.yahoo.com/news/johnny-rockets-l-eggo-bun-140000023.html,1677074400,STORY
d1287d06-3264-368a-8c68-8f622e793fbe,K,2023-2-25,"Kellogg Company, retailer Meijer invest to help build a strong pipeline of younger farmers in the Midwest",PR Newswire,https://finance.yahoo.com/news/kellogg-company-retailer-meijer-invest-150000800.html,1676991600,STORY
d1d39e5f-0f1b-3562-9793-3ef9316f7f88,K,2023-2-25,Stay Long and Strong on These 7 Stocks,InvestorPlace,https://finance.yahoo.com/news/stay-long-strong-7-stocks-185851060.html,1676919531,STORY
a50fd04d-53da-3e08-b71c-4cec58fc3559,K,2023-2-25,Kellogg Company Declares Regular Dividend of $0.59 per Share,PR Newswire,https://finance.yahoo.com/news/kellogg-company-declares-regular-dividend-161100548.html,1676650260,STORY
687d31be-3b6f-37a7-86db-aedb559088e2,K,2023-2-25,Kellogg Decides to Keep Its Plant-Based Meat Business. Is It a Hidden Gem for Shareholders?,Motley Fool,https://finance.yahoo.com/m/687d31be-3b6f-37a7-86db-aedb559088e2/kellogg-decides-to-keep-its.html,1676560980,STORY
7618f6d7-f9b8-34ed-854b-7fe39d03ab7d,K,2023-2-25,Kellogg Company employees driving force behind efforts to create better days for 3 billion people by the end of 2030,PR Newswire,https://finance.yahoo.com/news/kellogg-company-employees-driving-force-134500936.html,1676555100,STORY
91fc7d89-5dc3-34db-acc6-6014216f20b1,K,2023-2-26,4 Elite B-School Deans: MBA Leadership Needed In An Uncertain World,Poets & Quants,https://finance.yahoo.com/news/4-elite-b-school-deans-162938059.html,1677169778,STORY
c12049c5-ff98-3e55-973d-a77c550b7c36,K,2023-2-26,Forget the Spoon: New Apple Jacks® Pop-Tarts® Takes Cereal Experience On the Go,PR Newswire,https://finance.yahoo.com/news/forget-spoon-apple-jacks-pop-130000891.html,1677157200,STORY
a6917c00-411d-31a6-b372-cf2e7eedde2c,K,2023-2-26,"Johnny Rockets to L’Eggo The Bun for All-New, Limited-Time Chicken & Waffle Sandwich Made with Eggo® Waffles",GlobeNewswire,https://finance.yahoo.com/news/johnny-rockets-l-eggo-bun-140000023.html,1677074400,STORY
d1287d06-3264-368a-8c68-8f622e793fbe,K,2023-2-26,"Kellogg Company, retailer Meijer invest to help build a strong pipeline of younger farmers in the Midwest",PR Newswire,https://finance.yahoo.com/news/kellogg-company-retailer-meijer-invest-150000800.html,1676991600,STORY
d1d39e5f-0f1b-3562-9793-3ef9316f7f88,K,2023-2-26,Stay Long and Strong on These 7 Stocks,InvestorPlace,https://finance.yahoo.com/news/stay-long-strong-7-stocks-185851060.html,1676919531,STORY
a50fd04d-53da-3e08-b71c-4cec58fc3559,K,2023-2-26,Kellogg Company Declares Regular Dividend of $0.59 per Share,PR Newswire,https://finance.yahoo.com/news/kellogg-company-declares-regular-dividend-161100548.html,1676650260,STORY
687d31be-3b6f-37a7-86db-aedb559088e2,K,2023-2-26,Kellogg Decides to Keep Its Plant-Based Meat Business. Is It a Hidden Gem for Shareholders?,Motley Fool,https://finance.yahoo.com/m/687d31be-3b6f-37a7-86db-aedb559088e2/kellogg-decides-to-keep-its.html,1676560980,STORY
7618f6d7-f9b8-34ed-854b-7fe39d03ab7d,K,2023-2-26,Kellogg Company employees driving force behind efforts to create better days for 3 billion people by the end of 2030,PR Newswire,https://finance.yahoo.com/news/kellogg-company-employees-driving-force-134500936.html,1676555100,STORY
91fc7d89-5dc3-34db-acc6-6014216f20b1,K,2023-2-27,4 Elite B-School Deans: MBA Leadership Needed In An Uncertain World,Poets & Quants,https://finance.yahoo.com/news/4-elite-b-school-deans-162938059.html,1677169778,STORY
c12049c5-ff98-3e55-973d-a77c550b7c36,K,2023-2-27,Forget the Spoon: New Apple Jacks® Pop-Tarts® Takes Cereal Experience On the Go,PR Newswire,https://finance.yahoo.com/news/forget-spoon-apple-jacks-pop-130000891.html,1677157200,STORY
a6917c00-411d-31a6-b372-cf2e7eedde2c,K,2023-2-27,"Johnny Rockets to L’Eggo The Bun for All-New, Limited-Time Chicken & Waffle Sandwich Made with Eggo® Waffles",GlobeNewswire,https://finance.yahoo.com/news/johnny-rockets-l-eggo-bun-140000023.html,1677074400,STORY
d1287d06-3264-368a-8c68-8f622e793fbe,K,2023-2-27,"Kellogg Company, retailer Meijer invest to help build a strong pipeline of younger farmers in the Midwest",PR Newswire,https://finance.yahoo.com/news/kellogg-company-retailer-meijer-invest-150000800.html,1676991600,STORY
d1d39e5f-0f1b-3562-9793-3ef9316f7f88,K,2023-2-27,Stay Long and Strong on These 7 Stocks,InvestorPlace,https://finance.yahoo.com/news/stay-long-strong-7-stocks-185851060.html,1676919531,STORY
a50fd04d-53da-3e08-b71c-4cec58fc3559,K,2023-2-27,Kellogg Company Declares Regular Dividend of $0.59 per Share,PR Newswire,https://finance.yahoo.com/news/kellogg-company-declares-regular-dividend-161100548.html,1676650260,STORY
687d31be-3b6f-37a7-86db-aedb559088e2,K,2023-2-27,Kellogg Decides to Keep Its Plant-Based Meat Business. Is It a Hidden Gem for Shareholders?,Motley Fool,https://finance.yahoo.com/m/687d31be-3b6f-37a7-86db-aedb559088e2/kellogg-decides-to-keep-its.html,1676560980,STORY
7618f6d7-f9b8-34ed-854b-7fe39d03ab7d,K,2023-2-27,Kellogg Company employees driving force behind efforts to create better days for 3 billion people by the end of 2030,PR Newswire,https://finance.yahoo.com/news/kellogg-company-employees-driving-force-134500936.html,1676555100,STORY
bd9a732a-5685-30c8-9627-328c940d2e72,K,2023-2-28,"Kellogg Co. donates $75,000 to Albertsons Companies Foundation's Nourishing Neighbors Initiative",PR Newswire,https://finance.yahoo.com/news/kellogg-co-donates-75-000-140500141.html,1677506700,STORY
91fc7d89-5dc3-34db-acc6-6014216f20b1,K,2023-2-28,4 Elite B-School Deans: MBA Leadership Needed In An Uncertain World,Poets & Quants,https://finance.yahoo.com/news/4-elite-b-school-deans-162938059.html,1677169778,STORY
c12049c5-ff98-3e55-973d-a77c550b7c36,K,2023-2-28,Forget the Spoon: New Apple Jacks® Pop-Tarts® Takes Cereal Experience On the Go,PR Newswire,https://finance.yahoo.com/news/forget-spoon-apple-jacks-pop-130000891.html,1677157200,STORY
a6917c00-411d-31a6-b372-cf2e7eedde2c,K,2023-2-28,"Johnny Rockets to L’Eggo The Bun for All-New, Limited-Time Chicken & Waffle Sandwich Made with Eggo® Waffles",GlobeNewswire,https://finance.yahoo.com/news/johnny-rockets-l-eggo-bun-140000023.html,1677074400,STORY
d1287d06-3264-368a-8c68-8f622e793fbe,K,2023-2-28,"Kellogg Company, retailer Meijer invest to help build a strong pipeline of younger farmers in the Midwest",PR Newswire,https://finance.yahoo.com/news/kellogg-company-retailer-meijer-invest-150000800.html,1676991600,STORY
d1d39e5f-0f1b-3562-9793-3ef9316f7f88,K,2023-2-28,Stay Long and Strong on These 7 Stocks,InvestorPlace,https://finance.yahoo.com/news/stay-long-strong-7-stocks-185851060.html,1676919531,STORY
a50fd04d-53da-3e08-b71c-4cec58fc3559,K,2023-2-28,Kellogg Company Declares Regular Dividend of $0.59 per Share,PR Newswire,https://finance.yahoo.com/news/kellogg-company-declares-regular-dividend-161100548.html,1676650260,STORY
687d31be-3b6f-37a7-86db-aedb559088e2,K,2023-2-28,Kellogg Decides to Keep Its Plant-Based Meat Business. Is It a Hidden Gem for Shareholders?,Motley Fool,https://finance.yahoo.com/m/687d31be-3b6f-37a7-86db-aedb559088e2/kellogg-decides-to-keep-its.html,1676560980,STORY
bd9a732a-5685-30c8-9627-328c940d2e72,K,2023-3-1,"Kellogg Co. donates $75,000 to Albertsons Companies Foundation's Nourishing Neighbors Initiative",PR Newswire,https://finance.yahoo.com/news/kellogg-co-donates-75-000-140500141.html,1677506700,STORY
91fc7d89-5dc3-34db-acc6-6014216f20b1,K,2023-3-1,4 Elite B-School Deans: MBA Leadership Needed In An Uncertain World,Poets & Quants,https://finance.yahoo.com/news/4-elite-b-school-deans-162938059.html,1677169778,STORY
c12049c5-ff98-3e55-973d-a77c550b7c36,K,2023-3-1,Forget the Spoon: New Apple Jacks® Pop-Tarts® Takes Cereal Experience On the Go,PR Newswire,https://finance.yahoo.com/news/forget-spoon-apple-jacks-pop-130000891.html,1677157200,STORY
a6917c00-411d-31a6-b372-cf2e7eedde2c,K,2023-3-1,"Johnny Rockets to L’Eggo The Bun for All-New, Limited-Time Chicken & Waffle Sandwich Made with Eggo® Waffles",GlobeNewswire,https://finance.yahoo.com/news/johnny-rockets-l-eggo-bun-140000023.html,1677074400,STORY
d1287d06-3264-368a-8c68-8f622e793fbe,K,2023-3-1,"Kellogg Company, retailer Meijer invest to help build a strong pipeline of younger farmers in the Midwest",PR Newswire,https://finance.yahoo.com/news/kellogg-company-retailer-meijer-invest-150000800.html,1676991600,STORY
d1d39e5f-0f1b-3562-9793-3ef9316f7f88,K,2023-3-1,Stay Long and Strong on These 7 Stocks,InvestorPlace,https://finance.yahoo.com/news/stay-long-strong-7-stocks-185851060.html,1676919531,STORY
a50fd04d-53da-3e08-b71c-4cec58fc3559,K,2023-3-1,Kellogg Company Declares Regular Dividend of $0.59 per Share,PR Newswire,https://finance.yahoo.com/news/kellogg-company-declares-regular-dividend-161100548.html,1676650260,STORY
687d31be-3b6f-37a7-86db-aedb559088e2,K,2023-3-1,Kellogg Decides to Keep Its Plant-Based Meat Business. Is It a Hidden Gem for Shareholders?,Motley Fool,https://finance.yahoo.com/m/687d31be-3b6f-37a7-86db-aedb559088e2/kellogg-decides-to-keep-its.html,1676560980,STORY
644187aa-0b82-34ff-8ef5-637cf2899bce,K,2023-3-2,THIS DAYLIGHT SAVING TIME EGGO® GIVES TIRED PARENTS EVERYWHERE A CHANCE TO TAKE THE MORNING OFF WITH A BABYSITTER,PR Newswire,https://finance.yahoo.com/news/daylight-saving-time-eggo-gives-130000324.html,1677762000,STORY
bd9a732a-5685-30c8-9627-328c940d2e72,K,2023-3-2,"Kellogg Co. donates $75,000 to Albertsons Companies Foundation's Nourishing Neighbors Initiative",PR Newswire,https://finance.yahoo.com/news/kellogg-co-donates-75-000-140500141.html,1677506700,STORY
91fc7d89-5dc3-34db-acc6-6014216f20b1,K,2023-3-2,4 Elite B-School Deans: MBA Leadership Needed In An Uncertain World,Poets & Quants,https://finance.yahoo.com/news/4-elite-b-school-deans-162938059.html,1677169778,STORY
c12049c5-ff98-3e55-973d-a77c550b7c36,K,2023-3-2,Forget the Spoon: New Apple Jacks® Pop-Tarts® Takes Cereal Experience On the Go,PR Newswire,https://finance.yahoo.com/news/forget-spoon-apple-jacks-pop-130000891.html,1677157200,STORY
a6917c00-411d-31a6-b372-cf2e7eedde2c,K,2023-3-2,"Johnny Rockets to L’Eggo The Bun for All-New, Limited-Time Chicken & Waffle Sandwich Made with Eggo® Waffles",GlobeNewswire,https://finance.yahoo.com/news/johnny-rockets-l-eggo-bun-140000023.html,1677074400,STORY
d1287d06-3264-368a-8c68-8f622e793fbe,K,2023-3-2,"Kellogg Company, retailer Meijer invest to help build a strong pipeline of younger farmers in the Midwest",PR Newswire,https://finance.yahoo.com/news/kellogg-company-retailer-meijer-invest-150000800.html,1676991600,STORY
d1d39e5f-0f1b-3562-9793-3ef9316f7f88,K,2023-3-2,Stay Long and Strong on These 7 Stocks,InvestorPlace,https://finance.yahoo.com/news/stay-long-strong-7-stocks-185851060.html,1676919531,STORY
a50fd04d-53da-3e08-b71c-4cec58fc3559,K,2023-3-2,Kellogg Company Declares Regular Dividend of $0.59 per Share,PR Newswire,https://finance.yahoo.com/news/kellogg-company-declares-regular-dividend-161100548.html,1676650260,STORY
644187aa-0b82-34ff-8ef5-637cf2899bce,K,2023-3-3,THIS DAYLIGHT SAVING TIME EGGO® GIVES TIRED PARENTS EVERYWHERE A CHANCE TO TAKE THE MORNING OFF WITH A BABYSITTER,PR Newswire,https://finance.yahoo.com/news/daylight-saving-time-eggo-gives-130000324.html,1677762000,STORY
bd9a732a-5685-30c8-9627-328c940d2e72,K,2023-3-3,"Kellogg Co. donates $75,000 to Albertsons Companies Foundation's Nourishing Neighbors Initiative",PR Newswire,https://finance.yahoo.com/news/kellogg-co-donates-75-000-140500141.html,1677506700,STORY
91fc7d89-5dc3-34db-acc6-6014216f20b1,K,2023-3-3,4 Elite B-School Deans: MBA Leadership Needed In An Uncertain World,Poets & Quants,https://finance.yahoo.com/news/4-elite-b-school-deans-162938059.html,1677169778,STORY
c12049c5-ff98-3e55-973d-a77c550b7c36,K,2023-3-3,Forget the Spoon: New Apple Jacks® Pop-Tarts® Takes Cereal Experience On the Go,PR Newswire,https://finance.yahoo.com/news/forget-spoon-apple-jacks-pop-130000891.html,1677157200,STORY
a6917c00-411d-31a6-b372-cf2e7eedde2c,K,2023-3-3,"Johnny Rockets to L’Eggo The Bun for All-New, Limited-Time Chicken & Waffle Sandwich Made with Eggo® Waffles",GlobeNewswire,https://finance.yahoo.com/news/johnny-rockets-l-eggo-bun-140000023.html,1677074400,STORY
d1287d06-3264-368a-8c68-8f622e793fbe,K,2023-3-3,"Kellogg Company, retailer Meijer invest to help build a strong pipeline of younger farmers in the Midwest",PR Newswire,https://finance.yahoo.com/news/kellogg-company-retailer-meijer-invest-150000800.html,1676991600,STORY
d1d39e5f-0f1b-3562-9793-3ef9316f7f88,K,2023-3-3,Stay Long and Strong on These 7 Stocks,InvestorPlace,https://finance.yahoo.com/news/stay-long-strong-7-stocks-185851060.html,1676919531,STORY
a50fd04d-53da-3e08-b71c-4cec58fc3559,K,2023-3-3,Kellogg Company Declares Regular Dividend of $0.59 per Share,PR Newswire,https://finance.yahoo.com/news/kellogg-company-declares-regular-dividend-161100548.html,1676650260,STORY
37085735-9e49-3c2c-9bfb-5146ff95ca38,K,2023-3-4,Master Kellogg Teacher Gains Deanship At WashU’s Olin School,Poets & Quants,https://finance.yahoo.com/news/master-kellogg-teacher-gains-deanship-170615444.html,1677863175,STORY
644187aa-0b82-34ff-8ef5-637cf2899bce,K,2023-3-4,THIS DAYLIGHT SAVING TIME EGGO® GIVES TIRED PARENTS EVERYWHERE A CHANCE TO TAKE THE MORNING OFF WITH A BABYSITTER,PR Newswire,https://finance.yahoo.com/news/daylight-saving-time-eggo-gives-130000324.html,1677762000,STORY
bd9a732a-5685-30c8-9627-328c940d2e72,K,2023-3-4,"Kellogg Co. donates $75,000 to Albertsons Companies Foundation's Nourishing Neighbors Initiative",PR Newswire,https://finance.yahoo.com/news/kellogg-co-donates-75-000-140500141.html,1677506700,STORY
91fc7d89-5dc3-34db-acc6-6014216f20b1,K,2023-3-4,4 Elite B-School Deans: MBA Leadership Needed In An Uncertain World,Poets & Quants,https://finance.yahoo.com/news/4-elite-b-school-deans-162938059.html,1677169778,STORY
c12049c5-ff98-3e55-973d-a77c550b7c36,K,2023-3-4,Forget the Spoon: New Apple Jacks® Pop-Tarts® Takes Cereal Experience On the Go,PR Newswire,https://finance.yahoo.com/news/forget-spoon-apple-jacks-pop-130000891.html,1677157200,STORY
a6917c00-411d-31a6-b372-cf2e7eedde2c,K,2023-3-4,"Johnny Rockets to L’Eggo The Bun for All-New, Limited-Time Chicken & Waffle Sandwich Made with Eggo® Waffles",GlobeNewswire,https://finance.yahoo.com/news/johnny-rockets-l-eggo-bun-140000023.html,1677074400,STORY
d1287d06-3264-368a-8c68-8f622e793fbe,K,2023-3-4,"Kellogg Company, retailer Meijer invest to help build a strong pipeline of younger farmers in the Midwest",PR Newswire,https://finance.yahoo.com/news/kellogg-company-retailer-meijer-invest-150000800.html,1676991600,STORY
d1d39e5f-0f1b-3562-9793-3ef9316f7f88,K,2023-3-4,Stay Long and Strong on These 7 Stocks,InvestorPlace,https://finance.yahoo.com/news/stay-long-strong-7-stocks-185851060.html,1676919531,STORY
37085735-9e49-3c2c-9bfb-5146ff95ca38,K,2023-3-5,Master Kellogg Teacher Gains Deanship At WashU’s Olin School,Poets & Quants,https://finance.yahoo.com/news/master-kellogg-teacher-gains-deanship-170615444.html,1677863175,STORY
644187aa-0b82-34ff-8ef5-637cf2899bce,K,2023-3-5,THIS DAYLIGHT SAVING TIME EGGO® GIVES TIRED PARENTS EVERYWHERE A CHANCE TO TAKE THE MORNING OFF WITH A BABYSITTER,PR Newswire,https://finance.yahoo.com/news/daylight-saving-time-eggo-gives-130000324.html,1677762000,STORY
bd9a732a-5685-30c8-9627-328c940d2e72,K,2023-3-5,"Kellogg Co. donates $75,000 to Albertsons Companies Foundation's Nourishing Neighbors Initiative",PR Newswire,https://finance.yahoo.com/news/kellogg-co-donates-75-000-140500141.html,1677506700,STORY
91fc7d89-5dc3-34db-acc6-6014216f20b1,K,2023-3-5,4 Elite B-School Deans: MBA Leadership Needed In An Uncertain World,Poets & Quants,https://finance.yahoo.com/news/4-elite-b-school-deans-162938059.html,1677169778,STORY
c12049c5-ff98-3e55-973d-a77c550b7c36,K,2023-3-5,Forget the Spoon: New Apple Jacks® Pop-Tarts® Takes Cereal Experience On the Go,PR Newswire,https://finance.yahoo.com/news/forget-spoon-apple-jacks-pop-130000891.html,1677157200,STORY
a6917c00-411d-31a6-b372-cf2e7eedde2c,K,2023-3-5,"Johnny Rockets to L’Eggo The Bun for All-New, Limited-Time Chicken & Waffle Sandwich Made with Eggo® Waffles",GlobeNewswire,https://finance.yahoo.com/news/johnny-rockets-l-eggo-bun-140000023.html,1677074400,STORY
d1287d06-3264-368a-8c68-8f622e793fbe,K,2023-3-5,"Kellogg Company, retailer Meijer invest to help build a strong pipeline of younger farmers in the Midwest",PR Newswire,https://finance.yahoo.com/news/kellogg-company-retailer-meijer-invest-150000800.html,1676991600,STORY
d1d39e5f-0f1b-3562-9793-3ef9316f7f88,K,2023-3-5,Stay Long and Strong on These 7 Stocks,InvestorPlace,https://finance.yahoo.com/news/stay-long-strong-7-stocks-185851060.html,1676919531,STORY
37085735-9e49-3c2c-9bfb-5146ff95ca38,K,2023-3-6,Master Kellogg Teacher Gains Deanship At WashU’s Olin School,Poets & Quants,https://finance.yahoo.com/news/master-kellogg-teacher-gains-deanship-170615444.html,1677863175,STORY
644187aa-0b82-34ff-8ef5-637cf2899bce,K,2023-3-6,THIS DAYLIGHT SAVING TIME EGGO® GIVES TIRED PARENTS EVERYWHERE A CHANCE TO TAKE THE MORNING OFF WITH A BABYSITTER,PR Newswire,https://finance.yahoo.com/news/daylight-saving-time-eggo-gives-130000324.html,1677762000,STORY
bd9a732a-5685-30c8-9627-328c940d2e72,K,2023-3-6,"Kellogg Co. donates $75,000 to Albertsons Companies Foundation's Nourishing Neighbors Initiative",PR Newswire,https://finance.yahoo.com/news/kellogg-co-donates-75-000-140500141.html,1677506700,STORY
91fc7d89-5dc3-34db-acc6-6014216f20b1,K,2023-3-6,4 Elite B-School Deans: MBA Leadership Needed In An Uncertain World,Poets & Quants,https://finance.yahoo.com/news/4-elite-b-school-deans-162938059.html,1677169778,STORY
c12049c5-ff98-3e55-973d-a77c550b7c36,K,2023-3-6,Forget the Spoon: New Apple Jacks® Pop-Tarts® Takes Cereal Experience On the Go,PR Newswire,https://finance.yahoo.com/news/forget-spoon-apple-jacks-pop-130000891.html,1677157200,STORY
a6917c00-411d-31a6-b372-cf2e7eedde2c,K,2023-3-6,"Johnny Rockets to L’Eggo The Bun for All-New, Limited-Time Chicken & Waffle Sandwich Made with Eggo® Waffles",GlobeNewswire,https://finance.yahoo.com/news/johnny-rockets-l-eggo-bun-140000023.html,1677074400,STORY
d1287d06-3264-368a-8c68-8f622e793fbe,K,2023-3-6,"Kellogg Company, retailer Meijer invest to help build a strong pipeline of younger farmers in the Midwest",PR Newswire,https://finance.yahoo.com/news/kellogg-company-retailer-meijer-invest-150000800.html,1676991600,STORY
d1d39e5f-0f1b-3562-9793-3ef9316f7f88,K,2023-3-6,Stay Long and Strong on These 7 Stocks,InvestorPlace,https://finance.yahoo.com/news/stay-long-strong-7-stocks-185851060.html,1676919531,STORY
bce44ebe-d9db-325d-8fbb-193c795b7909,K,2023-3-9,Kellogg's (NYSE:K) investors will be pleased with their 24% return over the last three years,Simply Wall St.,https://finance.yahoo.com/news/kelloggs-nyse-k-investors-pleased-105146410.html,1678359106,STORY
37085735-9e49-3c2c-9bfb-5146ff95ca38,K,2023-3-9,Master Kellogg Teacher Gains Deanship At WashU’s Olin School,Poets & Quants,https://finance.yahoo.com/news/master-kellogg-teacher-gains-deanship-170615444.html,1677863175,STORY
644187aa-0b82-34ff-8ef5-637cf2899bce,K,2023-3-9,THIS DAYLIGHT SAVING TIME EGGO® GIVES TIRED PARENTS EVERYWHERE A CHANCE TO TAKE THE MORNING OFF WITH A BABYSITTER,PR Newswire,https://finance.yahoo.com/news/daylight-saving-time-eggo-gives-130000324.html,1677762000,STORY
bd9a732a-5685-30c8-9627-328c940d2e72,K,2023-3-9,"Kellogg Co. donates $75,000 to Albertsons Companies Foundation's Nourishing Neighbors Initiative",PR Newswire,https://finance.yahoo.com/news/kellogg-co-donates-75-000-140500141.html,1677506700,STORY
91fc7d89-5dc3-34db-acc6-6014216f20b1,K,2023-3-9,4 Elite B-School Deans: MBA Leadership Needed In An Uncertain World,Poets & Quants,https://finance.yahoo.com/news/4-elite-b-school-deans-162938059.html,1677169778,STORY
c12049c5-ff98-3e55-973d-a77c550b7c36,K,2023-3-9,Forget the Spoon: New Apple Jacks® Pop-Tarts® Takes Cereal Experience On the Go,PR Newswire,https://finance.yahoo.com/news/forget-spoon-apple-jacks-pop-130000891.html,1677157200,STORY
a6917c00-411d-31a6-b372-cf2e7eedde2c,K,2023-3-9,"Johnny Rockets to L’Eggo The Bun for All-New, Limited-Time Chicken & Waffle Sandwich Made with Eggo® Waffles",GlobeNewswire,https://finance.yahoo.com/news/johnny-rockets-l-eggo-bun-140000023.html,1677074400,STORY
d1287d06-3264-368a-8c68-8f622e793fbe,K,2023-3-9,"Kellogg Company, retailer Meijer invest to help build a strong pipeline of younger farmers in the Midwest",PR Newswire,https://finance.yahoo.com/news/kellogg-company-retailer-meijer-invest-150000800.html,1676991600,STORY
4b7d6aba-1a1b-3bd3-b837-00d66575f190,K,2023-3-10,"Johnson & Johnson, Kellogg, and 2 Other Spinoffs to Watch in 2023",Barrons.com,https://finance.yahoo.com/m/4b7d6aba-1a1b-3bd3-b837-00d66575f190/johnson-%26-johnson%2C-kellogg%2C.html,1678428900,STORY
bce44ebe-d9db-325d-8fbb-193c795b7909,K,2023-3-10,Kellogg's (NYSE:K) investors will be pleased with their 24% return over the last three years,Simply Wall St.,https://finance.yahoo.com/news/kelloggs-nyse-k-investors-pleased-105146410.html,1678359106,STORY
0fb62660-3b8c-3f8e-ae39-62005fd2a0f2,K,2023-3-10,7 Stocks to Buy for the Worrying Climate Change Crisis,InvestorPlace,https://finance.yahoo.com/news/7-stocks-buy-worrying-climate-220752515.html,1678140472,STORY
37085735-9e49-3c2c-9bfb-5146ff95ca38,K,2023-3-10,Master Kellogg Teacher Gains Deanship At WashU’s Olin School,Poets & Quants,https://finance.yahoo.com/news/master-kellogg-teacher-gains-deanship-170615444.html,1677863175,STORY
644187aa-0b82-34ff-8ef5-637cf2899bce,K,2023-3-10,THIS DAYLIGHT SAVING TIME EGGO® GIVES TIRED PARENTS EVERYWHERE A CHANCE TO TAKE THE MORNING OFF WITH A BABYSITTER,PR Newswire,https://finance.yahoo.com/news/daylight-saving-time-eggo-gives-130000324.html,1677762000,STORY
bd9a732a-5685-30c8-9627-328c940d2e72,K,2023-3-10,"Kellogg Co. donates $75,000 to Albertsons Companies Foundation's Nourishing Neighbors Initiative",PR Newswire,https://finance.yahoo.com/news/kellogg-co-donates-75-000-140500141.html,1677506700,STORY
91fc7d89-5dc3-34db-acc6-6014216f20b1,K,2023-3-10,4 Elite B-School Deans: MBA Leadership Needed In An Uncertain World,Poets & Quants,https://finance.yahoo.com/news/4-elite-b-school-deans-162938059.html,1677169778,STORY
c12049c5-ff98-3e55-973d-a77c550b7c36,K,2023-3-10,Forget the Spoon: New Apple Jacks® Pop-Tarts® Takes Cereal Experience On the Go,PR Newswire,https://finance.yahoo.com/news/forget-spoon-apple-jacks-pop-130000891.html,1677157200,STORY
4b7d6aba-1a1b-3bd3-b837-00d66575f190,K,2023-3-11,"Johnson & Johnson, Kellogg, and 2 Other Spinoffs to Watch in 2023",Barrons.com,https://finance.yahoo.com/m/4b7d6aba-1a1b-3bd3-b837-00d66575f190/johnson-%26-johnson%2C-kellogg%2C.html,1678428900,STORY
bce44ebe-d9db-325d-8fbb-193c795b7909,K,2023-3-11,Kellogg's (NYSE:K) investors will be pleased with their 24% return over the last three years,Simply Wall St.,https://finance.yahoo.com/news/kelloggs-nyse-k-investors-pleased-105146410.html,1678359106,STORY
0fb62660-3b8c-3f8e-ae39-62005fd2a0f2,K,2023-3-11,7 Stocks to Buy for the Worrying Climate Change Crisis,InvestorPlace,https://finance.yahoo.com/news/7-stocks-buy-worrying-climate-220752515.html,1678140472,STORY
37085735-9e49-3c2c-9bfb-5146ff95ca38,K,2023-3-11,Master Kellogg Teacher Gains Deanship At WashU’s Olin School,Poets & Quants,https://finance.yahoo.com/news/master-kellogg-teacher-gains-deanship-170615444.html,1677863175,STORY
644187aa-0b82-34ff-8ef5-637cf2899bce,K,2023-3-11,THIS DAYLIGHT SAVING TIME EGGO® GIVES TIRED PARENTS EVERYWHERE A CHANCE TO TAKE THE MORNING OFF WITH A BABYSITTER,PR Newswire,https://finance.yahoo.com/news/daylight-saving-time-eggo-gives-130000324.html,1677762000,STORY
bd9a732a-5685-30c8-9627-328c940d2e72,K,2023-3-11,"Kellogg Co. donates $75,000 to Albertsons Companies Foundation's Nourishing Neighbors Initiative",PR Newswire,https://finance.yahoo.com/news/kellogg-co-donates-75-000-140500141.html,1677506700,STORY
91fc7d89-5dc3-34db-acc6-6014216f20b1,K,2023-3-11,4 Elite B-School Deans: MBA Leadership Needed In An Uncertain World,Poets & Quants,https://finance.yahoo.com/news/4-elite-b-school-deans-162938059.html,1677169778,STORY
c12049c5-ff98-3e55-973d-a77c550b7c36,K,2023-3-11,Forget the Spoon: New Apple Jacks® Pop-Tarts® Takes Cereal Experience On the Go,PR Newswire,https://finance.yahoo.com/news/forget-spoon-apple-jacks-pop-130000891.html,1677157200,STORY
4b7d6aba-1a1b-3bd3-b837-00d66575f190,K,2023-3-12,"Johnson & Johnson, Kellogg, and 2 Other Spinoffs to Watch in 2023",Barrons.com,https://finance.yahoo.com/m/4b7d6aba-1a1b-3bd3-b837-00d66575f190/johnson-%26-johnson%2C-kellogg%2C.html,1678428900,STORY
bce44ebe-d9db-325d-8fbb-193c795b7909,K,2023-3-12,Kellogg's (NYSE:K) investors will be pleased with their 24% return over the last three years,Simply Wall St.,https://finance.yahoo.com/news/kelloggs-nyse-k-investors-pleased-105146410.html,1678359106,STORY
0fb62660-3b8c-3f8e-ae39-62005fd2a0f2,K,2023-3-12,7 Stocks to Buy for the Worrying Climate Change Crisis,InvestorPlace,https://finance.yahoo.com/news/7-stocks-buy-worrying-climate-220752515.html,1678140472,STORY
37085735-9e49-3c2c-9bfb-5146ff95ca38,K,2023-3-12,Master Kellogg Teacher Gains Deanship At WashU’s Olin School,Poets & Quants,https://finance.yahoo.com/news/master-kellogg-teacher-gains-deanship-170615444.html,1677863175,STORY
644187aa-0b82-34ff-8ef5-637cf2899bce,K,2023-3-12,THIS DAYLIGHT SAVING TIME EGGO® GIVES TIRED PARENTS EVERYWHERE A CHANCE TO TAKE THE MORNING OFF WITH A BABYSITTER,PR Newswire,https://finance.yahoo.com/news/daylight-saving-time-eggo-gives-130000324.html,1677762000,STORY
bd9a732a-5685-30c8-9627-328c940d2e72,K,2023-3-12,"Kellogg Co. donates $75,000 to Albertsons Companies Foundation's Nourishing Neighbors Initiative",PR Newswire,https://finance.yahoo.com/news/kellogg-co-donates-75-000-140500141.html,1677506700,STORY
91fc7d89-5dc3-34db-acc6-6014216f20b1,K,2023-3-12,4 Elite B-School Deans: MBA Leadership Needed In An Uncertain World,Poets & Quants,https://finance.yahoo.com/news/4-elite-b-school-deans-162938059.html,1677169778,STORY
c12049c5-ff98-3e55-973d-a77c550b7c36,K,2023-3-12,Forget the Spoon: New Apple Jacks® Pop-Tarts® Takes Cereal Experience On the Go,PR Newswire,https://finance.yahoo.com/news/forget-spoon-apple-jacks-pop-130000891.html,1677157200,STORY
d3deaf0d-57eb-37da-a5e9-fce23f13ee94,K,2023-3-13,Ethisphere names Kellogg Co. to World's Most Ethical Companies® for the 15th time,PR Newswire,https://finance.yahoo.com/news/ethisphere-names-kellogg-co-worlds-120000754.html,1678708800,STORY
4b7d6aba-1a1b-3bd3-b837-00d66575f190,K,2023-3-13,"Johnson & Johnson, Kellogg, and 2 Other Spinoffs to Watch in 2023",Barrons.com,https://finance.yahoo.com/m/4b7d6aba-1a1b-3bd3-b837-00d66575f190/johnson-%26-johnson%2C-kellogg%2C.html,1678428900,STORY
bce44ebe-d9db-325d-8fbb-193c795b7909,K,2023-3-13,Kellogg's (NYSE:K) investors will be pleased with their 24% return over the last three years,Simply Wall St.,https://finance.yahoo.com/news/kelloggs-nyse-k-investors-pleased-105146410.html,1678359106,STORY
0fb62660-3b8c-3f8e-ae39-62005fd2a0f2,K,2023-3-13,7 Stocks to Buy for the Worrying Climate Change Crisis,InvestorPlace,https://finance.yahoo.com/news/7-stocks-buy-worrying-climate-220752515.html,1678140472,STORY
37085735-9e49-3c2c-9bfb-5146ff95ca38,K,2023-3-13,Master Kellogg Teacher Gains Deanship At WashU’s Olin School,Poets & Quants,https://finance.yahoo.com/news/master-kellogg-teacher-gains-deanship-170615444.html,1677863175,STORY
644187aa-0b82-34ff-8ef5-637cf2899bce,K,2023-3-13,THIS DAYLIGHT SAVING TIME EGGO® GIVES TIRED PARENTS EVERYWHERE A CHANCE TO TAKE THE MORNING OFF WITH A BABYSITTER,PR Newswire,https://finance.yahoo.com/news/daylight-saving-time-eggo-gives-130000324.html,1677762000,STORY
bd9a732a-5685-30c8-9627-328c940d2e72,K,2023-3-13,"Kellogg Co. donates $75,000 to Albertsons Companies Foundation's Nourishing Neighbors Initiative",PR Newswire,https://finance.yahoo.com/news/kellogg-co-donates-75-000-140500141.html,1677506700,STORY
91fc7d89-5dc3-34db-acc6-6014216f20b1,K,2023-3-13,4 Elite B-School Deans: MBA Leadership Needed In An Uncertain World,Poets & Quants,https://finance.yahoo.com/news/4-elite-b-school-deans-162938059.html,1677169778,STORY
d3deaf0d-57eb-37da-a5e9-fce23f13ee94,K,2023-3-14,Ethisphere names Kellogg Co. to World's Most Ethical Companies® for the 15th time,PR Newswire,https://finance.yahoo.com/news/ethisphere-names-kellogg-co-worlds-120000754.html,1678708800,STORY
4b7d6aba-1a1b-3bd3-b837-00d66575f190,K,2023-3-14,"Johnson & Johnson, Kellogg, and 2 Other Spinoffs to Watch in 2023",Barrons.com,https://finance.yahoo.com/m/4b7d6aba-1a1b-3bd3-b837-00d66575f190/johnson-%26-johnson%2C-kellogg%2C.html,1678428900,STORY
bce44ebe-d9db-325d-8fbb-193c795b7909,K,2023-3-14,Kellogg's (NYSE:K) investors will be pleased with their 24% return over the last three years,Simply Wall St.,https://finance.yahoo.com/news/kelloggs-nyse-k-investors-pleased-105146410.html,1678359106,STORY
0fb62660-3b8c-3f8e-ae39-62005fd2a0f2,K,2023-3-14,7 Stocks to Buy for the Worrying Climate Change Crisis,InvestorPlace,https://finance.yahoo.com/news/7-stocks-buy-worrying-climate-220752515.html,1678140472,STORY
37085735-9e49-3c2c-9bfb-5146ff95ca38,K,2023-3-14,Master Kellogg Teacher Gains Deanship At WashU’s Olin School,Poets & Quants,https://finance.yahoo.com/news/master-kellogg-teacher-gains-deanship-170615444.html,1677863175,STORY
644187aa-0b82-34ff-8ef5-637cf2899bce,K,2023-3-14,THIS DAYLIGHT SAVING TIME EGGO® GIVES TIRED PARENTS EVERYWHERE A CHANCE TO TAKE THE MORNING OFF WITH A BABYSITTER,PR Newswire,https://finance.yahoo.com/news/daylight-saving-time-eggo-gives-130000324.html,1677762000,STORY
bd9a732a-5685-30c8-9627-328c940d2e72,K,2023-3-14,"Kellogg Co. donates $75,000 to Albertsons Companies Foundation's Nourishing Neighbors Initiative",PR Newswire,https://finance.yahoo.com/news/kellogg-co-donates-75-000-140500141.html,1677506700,STORY
91fc7d89-5dc3-34db-acc6-6014216f20b1,K,2023-3-14,4 Elite B-School Deans: MBA Leadership Needed In An Uncertain World,Poets & Quants,https://finance.yahoo.com/news/4-elite-b-school-deans-162938059.html,1677169778,STORY
9e412031-3a94-3613-a174-14fde7e955a6,K,2023-3-15,PRINGLES® CELEBRATES A FULL COURT OF SENSATIONAL 'STACHES WITH NEW MARCH MUSTACHE COLLECTION,PR Newswire,https://finance.yahoo.com/news/pringles-celebrates-full-court-sensational-120000414.html,1678881600,STORY
d3deaf0d-57eb-37da-a5e9-fce23f13ee94,K,2023-3-15,Ethisphere names Kellogg Co. to World's Most Ethical Companies® for the 15th time,PR Newswire,https://finance.yahoo.com/news/ethisphere-names-kellogg-co-worlds-120000754.html,1678708800,STORY
4b7d6aba-1a1b-3bd3-b837-00d66575f190,K,2023-3-15,"Johnson & Johnson, Kellogg, and 2 Other Spinoffs to Watch in 2023",Barrons.com,https://finance.yahoo.com/m/4b7d6aba-1a1b-3bd3-b837-00d66575f190/johnson-%26-johnson%2C-kellogg%2C.html,1678428900,STORY
bce44ebe-d9db-325d-8fbb-193c795b7909,K,2023-3-15,Kellogg's (NYSE:K) investors will be pleased with their 24% return over the last three years,Simply Wall St.,https://finance.yahoo.com/news/kelloggs-nyse-k-investors-pleased-105146410.html,1678359106,STORY
0fb62660-3b8c-3f8e-ae39-62005fd2a0f2,K,2023-3-15,7 Stocks to Buy for the Worrying Climate Change Crisis,InvestorPlace,https://finance.yahoo.com/news/7-stocks-buy-worrying-climate-220752515.html,1678140472,STORY
37085735-9e49-3c2c-9bfb-5146ff95ca38,K,2023-3-15,Master Kellogg Teacher Gains Deanship At WashU’s Olin School,Poets & Quants,https://finance.yahoo.com/news/master-kellogg-teacher-gains-deanship-170615444.html,1677863175,STORY
644187aa-0b82-34ff-8ef5-637cf2899bce,K,2023-3-15,THIS DAYLIGHT SAVING TIME EGGO® GIVES TIRED PARENTS EVERYWHERE A CHANCE TO TAKE THE MORNING OFF WITH A BABYSITTER,PR Newswire,https://finance.yahoo.com/news/daylight-saving-time-eggo-gives-130000324.html,1677762000,STORY
bd9a732a-5685-30c8-9627-328c940d2e72,K,2023-3-15,"Kellogg Co. donates $75,000 to Albertsons Companies Foundation's Nourishing Neighbors Initiative",PR Newswire,https://finance.yahoo.com/news/kellogg-co-donates-75-000-140500141.html,1677506700,STORY
9964df85-0eb5-3d7d-922b-2a1a17a53cb5,K,2023-3-16,Kellogg will split into two companies. Here are the names,Fox Business,https://finance.yahoo.com/news/kellogg-split-two-companies-names-001727361.html,1678925847,STORY
18795818-637a-3982-8206-31a4cdffacfb,K,2023-3-16,Kellogg’s announces split into Kellanova and WK Kellogg Co. by end of 2023,Yahoo Finance Video,https://finance.yahoo.com/video/kellogg-announces-split-kellanova-wk-200227818.html,1678910547,VIDEO
ee38a036-7ba8-40b8-a2c6-524373bf8fcc,K,2023-3-16,Kellogg reveals new names following its split: Kellanova and WK Kellogg Co,Yahoo Finance,https://finance.yahoo.com/news/kellogg-reveals-new-names-following-its-split-kellanova-and-wk-kellogg-co-181059617.html,1678903859,STORY
16f8001c-d82d-3e37-bef0-8cdbfa0c6421,K,2023-3-16,UPDATE 1-Kellogg snack business to be named 'Kellanova' after cereal unit spin-off,Reuters,https://finance.yahoo.com/news/1-kellogg-snack-business-named-165452754.html,1678899292,STORY
b80396cb-c987-33a7-8a74-45fabf431e79,K,2023-3-16,Kellogg snack business to be named 'Kellanova' after cereal unit spin-off,Reuters,https://finance.yahoo.com/news/kellogg-snack-business-named-kellanova-151150286.html,1678893110,STORY
734285fe-4865-3a00-98d5-3bacc728ffd0,K,2023-3-16,What’s Kellanova? How Kellogg’s Snack Company Got Its New Name,The Wall Street Journal,https://finance.yahoo.com/m/734285fe-4865-3a00-98d5-3bacc728ffd0/what%E2%80%99s-kellanova%3F-how.html,1678889700,STORY
a96b7d12-c418-30a4-a949-782b5359acc0,K,2023-3-16,KELLOGG COMPANY UNVEILS NAMES FOR GLOBAL SNACKING AND NORTH AMERICAN CEREAL BUSINESSES FOLLOWING PLANNED SEPARATION,PR Newswire,https://finance.yahoo.com/news/kellogg-company-unveils-names-global-141400894.html,1678889640,STORY
9e412031-3a94-3613-a174-14fde7e955a6,K,2023-3-16,PRINGLES® CELEBRATES A FULL COURT OF SENSATIONAL 'STACHES WITH NEW MARCH MUSTACHE COLLECTION,PR Newswire,https://finance.yahoo.com/news/pringles-celebrates-full-court-sensational-120000414.html,1678881600,STORY
ef76ca7b-0b8f-4a8d-96a6-61451c40c606,K,2023-3-17,Kellogg CEO on new name reveal: Rebranding 'was a daunting task',Yahoo Finance,https://finance.yahoo.com/news/kellogg-ceo-on-new-name-reveal-rebranding-was-a-daunting-task-202903618.html,1678998543,STORY
dfe78d30-b0b2-38b9-b142-b9fa51893f83,K,2023-3-17,Kellogg spinoffs are ‘a tradeoff between economies of scale’ and strategic focus: CEO,Yahoo Finance Video,https://finance.yahoo.com/video/kellogg-spinoffs-tradeoff-between-economies-201536018.html,1678997736,VIDEO
7f344fb3-5ba1-3179-9d11-6ab31d4c6a20,K,2023-3-17,Kellogg (K) Names Businesses to be Formed After Planned Split,Zacks,https://finance.yahoo.com/news/kellogg-k-names-businesses-formed-161804331.html,1678983484,STORY
5ece45cf-0284-348f-9202-084915e8e5dd,K,2023-3-17,Nextbite Launches Delivery-Only Chicken and Plant-Based TenderFix™ Menu in Partnership With Actor Noah Schnapp,GlobeNewswire,https://finance.yahoo.com/news/nextbite-launches-delivery-only-chicken-140000818.html,1678975200,STORY
9964df85-0eb5-3d7d-922b-2a1a17a53cb5,K,2023-3-17,Kellogg will split into two companies. Here are the names,Fox Business,https://finance.yahoo.com/news/kellogg-split-two-companies-names-001727361.html,1678925847,STORY
18795818-637a-3982-8206-31a4cdffacfb,K,2023-3-17,Kellogg’s announces split into Kellanova and WK Kellogg Co. by end of 2023,Yahoo Finance Video,https://finance.yahoo.com/video/kellogg-announces-split-kellanova-wk-200227818.html,1678910547,VIDEO
ee38a036-7ba8-40b8-a2c6-524373bf8fcc,K,2023-3-17,Kellogg reveals new names following its split: Kellanova and WK Kellogg Co,Yahoo Finance,https://finance.yahoo.com/news/kellogg-reveals-new-names-following-its-split-kellanova-and-wk-kellogg-co-181059617.html,1678903859,STORY
16f8001c-d82d-3e37-bef0-8cdbfa0c6421,K,2023-3-17,UPDATE 1-Kellogg snack business to be named 'Kellanova' after cereal unit spin-off,Reuters,https://finance.yahoo.com/news/1-kellogg-snack-business-named-165452754.html,1678899292,STORY
1593ba1e-7bd0-44fa-8935-a7a0470ec45b,K,2023-3-18,7 things you may have missed amid this week’s banking crisis,Yahoo Finance,https://finance.yahoo.com/news/7-things-you-may-have-missed-amid-this-weeks-banking-crisis-093053871.html,1679131853,STORY
ef76ca7b-0b8f-4a8d-96a6-61451c40c606,K,2023-3-18,Kellogg CEO on new name reveal: Rebranding 'was a daunting task',Yahoo Finance,https://finance.yahoo.com/news/kellogg-ceo-on-new-name-reveal-rebranding-was-a-daunting-task-202903618.html,1678998543,STORY
dfe78d30-b0b2-38b9-b142-b9fa51893f83,K,2023-3-18,Kellogg spinoffs are ‘a tradeoff between economies of scale’ and strategic focus: CEO,Yahoo Finance Video,https://finance.yahoo.com/video/kellogg-spinoffs-tradeoff-between-economies-201536018.html,1678997736,VIDEO
7f344fb3-5ba1-3179-9d11-6ab31d4c6a20,K,2023-3-18,Kellogg (K) Names Businesses to be Formed After Planned Split,Zacks,https://finance.yahoo.com/news/kellogg-k-names-businesses-formed-161804331.html,1678983484,STORY
5ece45cf-0284-348f-9202-084915e8e5dd,K,2023-3-18,Nextbite Launches Delivery-Only Chicken and Plant-Based TenderFix™ Menu in Partnership With Actor Noah Schnapp,GlobeNewswire,https://finance.yahoo.com/news/nextbite-launches-delivery-only-chicken-140000818.html,1678975200,STORY
9964df85-0eb5-3d7d-922b-2a1a17a53cb5,K,2023-3-18,Kellogg will split into two companies. Here are the names,Fox Business,https://finance.yahoo.com/news/kellogg-split-two-companies-names-001727361.html,1678925847,STORY
18795818-637a-3982-8206-31a4cdffacfb,K,2023-3-18,Kellogg’s announces split into Kellanova and WK Kellogg Co. by end of 2023,Yahoo Finance Video,https://finance.yahoo.com/video/kellogg-announces-split-kellanova-wk-200227818.html,1678910547,VIDEO
ee38a036-7ba8-40b8-a2c6-524373bf8fcc,K,2023-3-18,Kellogg reveals new names following its split: Kellanova and WK Kellogg Co,Yahoo Finance,https://finance.yahoo.com/news/kellogg-reveals-new-names-following-its-split-kellanova-and-wk-kellogg-co-181059617.html,1678903859,STORY
1593ba1e-7bd0-44fa-8935-a7a0470ec45b,K,2023-3-19,7 things you may have missed amid this week’s banking crisis,Yahoo Finance,https://finance.yahoo.com/news/7-things-you-may-have-missed-amid-this-weeks-banking-crisis-093053871.html,1679131853,STORY
ef76ca7b-0b8f-4a8d-96a6-61451c40c606,K,2023-3-19,Kellogg CEO on new name reveal: Rebranding 'was a daunting task',Yahoo Finance,https://finance.yahoo.com/news/kellogg-ceo-on-new-name-reveal-rebranding-was-a-daunting-task-202903618.html,1678998543,STORY
dfe78d30-b0b2-38b9-b142-b9fa51893f83,K,2023-3-19,Kellogg spinoffs are ‘a tradeoff between economies of scale’ and strategic focus: CEO,Yahoo Finance Video,https://finance.yahoo.com/video/kellogg-spinoffs-tradeoff-between-economies-201536018.html,1678997736,VIDEO
7f344fb3-5ba1-3179-9d11-6ab31d4c6a20,K,2023-3-19,Kellogg (K) Names Businesses to be Formed After Planned Split,Zacks,https://finance.yahoo.com/news/kellogg-k-names-businesses-formed-161804331.html,1678983484,STORY
5ece45cf-0284-348f-9202-084915e8e5dd,K,2023-3-19,Nextbite Launches Delivery-Only Chicken and Plant-Based TenderFix™ Menu in Partnership With Actor Noah Schnapp,GlobeNewswire,https://finance.yahoo.com/news/nextbite-launches-delivery-only-chicken-140000818.html,1678975200,STORY
9964df85-0eb5-3d7d-922b-2a1a17a53cb5,K,2023-3-19,Kellogg will split into two companies. Here are the names,Fox Business,https://finance.yahoo.com/news/kellogg-split-two-companies-names-001727361.html,1678925847,STORY
18795818-637a-3982-8206-31a4cdffacfb,K,2023-3-19,Kellogg’s announces split into Kellanova and WK Kellogg Co. by end of 2023,Yahoo Finance Video,https://finance.yahoo.com/video/kellogg-announces-split-kellanova-wk-200227818.html,1678910547,VIDEO
ee38a036-7ba8-40b8-a2c6-524373bf8fcc,K,2023-3-19,Kellogg reveals new names following its split: Kellanova and WK Kellogg Co,Yahoo Finance,https://finance.yahoo.com/news/kellogg-reveals-new-names-following-its-split-kellanova-and-wk-kellogg-co-181059617.html,1678903859,STORY
aa9ba30c-90c9-3689-89f5-9091b392cab5,K,2023-3-23,KELLOGG'S® TEAMS UP WITH EVA LONGORIA TO LAUNCH BREAKFAST FOR ALL BUNDLE TO HELP COMBAT CHILDHOOD HUNGER,PR Newswire,https://finance.yahoo.com/news/kelloggs-teams-eva-longoria-launch-120000555.html,1679572800,STORY
c78b0961-2e27-3f53-b56d-3a65db82d071,K,2023-3-23,Six Strong Stocks Amid Banking Crisis: Morningstar,TheStreet.com,https://finance.yahoo.com/m/c78b0961-2e27-3f53-b56d-3a65db82d071/six-strong-stocks-amid.html,1679569200,STORY
3d6a871e-324f-342a-b008-3ada30070dbb,K,2023-3-23,2 Stocks That Should Be Better Buys After Their Spinoffs This Year,Motley Fool,https://finance.yahoo.com/m/3d6a871e-324f-342a-b008-3ada30070dbb/2-stocks-that-should-be.html,1679481480,STORY
695e1dc3-6815-3249-996e-259c692cf706,K,2023-3-23,"Turns Out, for This Breakfast Favorite, Two's Company, Three's a Crowd",TheStreet.com,https://finance.yahoo.com/m/695e1dc3-6815-3249-996e-259c692cf706/turns-out%2C-for-this-breakfast.html,1679429280,STORY
6ae42428-b884-3032-ba0c-ddd010b2bf14,K,2023-3-23,Kellogg Company Nourishes More Than 989 Million People Since 2015,PR Newswire,https://finance.yahoo.com/news/kellogg-company-nourishes-more-989-141200187.html,1679321520,STORY
5dcb405c-4b6c-3656-ad76-ac380981adcb,K,2023-3-23,Build a Fun Breakfast Experience with NEW Kellogg's Frosted Flakes® Minecraft,PR Newswire,https://finance.yahoo.com/news/build-fun-breakfast-experience-kelloggs-120000607.html,1679313600,STORY
1593ba1e-7bd0-44fa-8935-a7a0470ec45b,K,2023-3-23,7 things you may have missed amid this week’s banking crisis,Yahoo Finance,https://finance.yahoo.com/news/7-things-you-may-have-missed-amid-this-weeks-banking-crisis-093053871.html,1679131853,STORY
ef76ca7b-0b8f-4a8d-96a6-61451c40c606,K,2023-3-23,Kellogg CEO on new name reveal: Rebranding 'was a daunting task',Yahoo Finance,https://finance.yahoo.com/news/kellogg-ceo-on-new-name-reveal-rebranding-was-a-daunting-task-202903618.html,1678998543,STORY
aa9ba30c-90c9-3689-89f5-9091b392cab5,K,2023-3-24,KELLOGG'S® TEAMS UP WITH EVA LONGORIA TO LAUNCH BREAKFAST FOR ALL BUNDLE TO HELP COMBAT CHILDHOOD HUNGER,PR Newswire,https://finance.yahoo.com/news/kelloggs-teams-eva-longoria-launch-120000555.html,1679572800,STORY
c78b0961-2e27-3f53-b56d-3a65db82d071,K,2023-3-24,Six Strong Stocks Amid Banking Crisis: Morningstar,TheStreet.com,https://finance.yahoo.com/m/c78b0961-2e27-3f53-b56d-3a65db82d071/six-strong-stocks-amid.html,1679569200,STORY
3d6a871e-324f-342a-b008-3ada30070dbb,K,2023-3-24,2 Stocks That Should Be Better Buys After Their Spinoffs This Year,Motley Fool,https://finance.yahoo.com/m/3d6a871e-324f-342a-b008-3ada30070dbb/2-stocks-that-should-be.html,1679481480,STORY
695e1dc3-6815-3249-996e-259c692cf706,K,2023-3-24,"Turns Out, for This Breakfast Favorite, Two's Company, Three's a Crowd",TheStreet.com,https://finance.yahoo.com/m/695e1dc3-6815-3249-996e-259c692cf706/turns-out%2C-for-this-breakfast.html,1679429280,STORY
6ae42428-b884-3032-ba0c-ddd010b2bf14,K,2023-3-24,Kellogg Company Nourishes More Than 989 Million People Since 2015,PR Newswire,https://finance.yahoo.com/news/kellogg-company-nourishes-more-989-141200187.html,1679321520,STORY
5dcb405c-4b6c-3656-ad76-ac380981adcb,K,2023-3-24,Build a Fun Breakfast Experience with NEW Kellogg's Frosted Flakes® Minecraft,PR Newswire,https://finance.yahoo.com/news/build-fun-breakfast-experience-kelloggs-120000607.html,1679313600,STORY
1593ba1e-7bd0-44fa-8935-a7a0470ec45b,K,2023-3-24,7 things you may have missed amid this week’s banking crisis,Yahoo Finance,https://finance.yahoo.com/news/7-things-you-may-have-missed-amid-this-weeks-banking-crisis-093053871.html,1679131853,STORY
ef76ca7b-0b8f-4a8d-96a6-61451c40c606,K,2023-3-24,Kellogg CEO on new name reveal: Rebranding 'was a daunting task',Yahoo Finance,https://finance.yahoo.com/news/kellogg-ceo-on-new-name-reveal-rebranding-was-a-daunting-task-202903618.html,1678998543,STORY
db19e876-82c9-39f3-8a1d-1eec4f17d211,K,2023-3-25,Factors to Note as McCormick (MKC) Readies for Q1 Earnings,Zacks,https://finance.yahoo.com/news/factors-note-mccormick-mkc-readies-125712453.html,1679662632,STORY
aa9ba30c-90c9-3689-89f5-9091b392cab5,K,2023-3-25,KELLOGG'S® TEAMS UP WITH EVA LONGORIA TO LAUNCH BREAKFAST FOR ALL BUNDLE TO HELP COMBAT CHILDHOOD HUNGER,PR Newswire,https://finance.yahoo.com/news/kelloggs-teams-eva-longoria-launch-120000555.html,1679572800,STORY
c78b0961-2e27-3f53-b56d-3a65db82d071,K,2023-3-25,Six Strong Stocks Amid Banking Crisis: Morningstar,TheStreet.com,https://finance.yahoo.com/m/c78b0961-2e27-3f53-b56d-3a65db82d071/six-strong-stocks-amid.html,1679569200,STORY
3d6a871e-324f-342a-b008-3ada30070dbb,K,2023-3-25,2 Stocks That Should Be Better Buys After Their Spinoffs This Year,Motley Fool,https://finance.yahoo.com/m/3d6a871e-324f-342a-b008-3ada30070dbb/2-stocks-that-should-be.html,1679481480,STORY
695e1dc3-6815-3249-996e-259c692cf706,K,2023-3-25,"Turns Out, for This Breakfast Favorite, Two's Company, Three's a Crowd",TheStreet.com,https://finance.yahoo.com/m/695e1dc3-6815-3249-996e-259c692cf706/turns-out%2C-for-this-breakfast.html,1679429280,STORY
6ae42428-b884-3032-ba0c-ddd010b2bf14,K,2023-3-25,Kellogg Company Nourishes More Than 989 Million People Since 2015,PR Newswire,https://finance.yahoo.com/news/kellogg-company-nourishes-more-989-141200187.html,1679321520,STORY
5dcb405c-4b6c-3656-ad76-ac380981adcb,K,2023-3-25,Build a Fun Breakfast Experience with NEW Kellogg's Frosted Flakes® Minecraft,PR Newswire,https://finance.yahoo.com/news/build-fun-breakfast-experience-kelloggs-120000607.html,1679313600,STORY
1593ba1e-7bd0-44fa-8935-a7a0470ec45b,K,2023-3-25,7 things you may have missed amid this week’s banking crisis,Yahoo Finance,https://finance.yahoo.com/news/7-things-you-may-have-missed-amid-this-weeks-banking-crisis-093053871.html,1679131853,STORY
3329078e-5e66-3735-915d-d0b48863dafe,K,2023-3-26,25 Most Valuable Food Companies in The World,Insider Monkey,https://finance.yahoo.com/news/25-most-valuable-food-companies-143021858.html,1679754621,STORY
db19e876-82c9-39f3-8a1d-1eec4f17d211,K,2023-3-26,Factors to Note as McCormick (MKC) Readies for Q1 Earnings,Zacks,https://finance.yahoo.com/news/factors-note-mccormick-mkc-readies-125712453.html,1679662632,STORY
aa9ba30c-90c9-3689-89f5-9091b392cab5,K,2023-3-26,KELLOGG'S® TEAMS UP WITH EVA LONGORIA TO LAUNCH BREAKFAST FOR ALL BUNDLE TO HELP COMBAT CHILDHOOD HUNGER,PR Newswire,https://finance.yahoo.com/news/kelloggs-teams-eva-longoria-launch-120000555.html,1679572800,STORY
c78b0961-2e27-3f53-b56d-3a65db82d071,K,2023-3-26,Six Strong Stocks Amid Banking Crisis: Morningstar,TheStreet.com,https://finance.yahoo.com/m/c78b0961-2e27-3f53-b56d-3a65db82d071/six-strong-stocks-amid.html,1679569200,STORY
3d6a871e-324f-342a-b008-3ada30070dbb,K,2023-3-26,2 Stocks That Should Be Better Buys After Their Spinoffs This Year,Motley Fool,https://finance.yahoo.com/m/3d6a871e-324f-342a-b008-3ada30070dbb/2-stocks-that-should-be.html,1679481480,STORY
695e1dc3-6815-3249-996e-259c692cf706,K,2023-3-26,"Turns Out, for This Breakfast Favorite, Two's Company, Three's a Crowd",TheStreet.com,https://finance.yahoo.com/m/695e1dc3-6815-3249-996e-259c692cf706/turns-out%2C-for-this-breakfast.html,1679429280,STORY
6ae42428-b884-3032-ba0c-ddd010b2bf14,K,2023-3-26,Kellogg Company Nourishes More Than 989 Million People Since 2015,PR Newswire,https://finance.yahoo.com/news/kellogg-company-nourishes-more-989-141200187.html,1679321520,STORY
5dcb405c-4b6c-3656-ad76-ac380981adcb,K,2023-3-26,Build a Fun Breakfast Experience with NEW Kellogg's Frosted Flakes® Minecraft,PR Newswire,https://finance.yahoo.com/news/build-fun-breakfast-experience-kelloggs-120000607.html,1679313600,STORY
10e4eef7-94d3-3f70-ad4f-a1b3e420f904,K,2023-3-27,Kellogg® and Little Debbie® Capture Childhood Nostalgia with NEW Kellogg's® Little Debbie® Swiss Rolls Cereal,PR Newswire,https://finance.yahoo.com/news/kellogg-little-debbie-capture-childhood-120000285.html,1679918400,STORY
98af8318-b68c-3be4-89a6-587cd42fbd30,K,2023-3-27,Kellogg Makes Morningstar List of Consumer Defensive Stocks,TheStreet.com,https://finance.yahoo.com/m/98af8318-b68c-3be4-89a6-587cd42fbd30/kellogg-makes-morningstar.html,1679850420,STORY
3329078e-5e66-3735-915d-d0b48863dafe,K,2023-3-27,25 Most Valuable Food Companies in The World,Insider Monkey,https://finance.yahoo.com/news/25-most-valuable-food-companies-143021858.html,1679754621,STORY
db19e876-82c9-39f3-8a1d-1eec4f17d211,K,2023-3-27,Factors to Note as McCormick (MKC) Readies for Q1 Earnings,Zacks,https://finance.yahoo.com/news/factors-note-mccormick-mkc-readies-125712453.html,1679662632,STORY
aa9ba30c-90c9-3689-89f5-9091b392cab5,K,2023-3-27,KELLOGG'S® TEAMS UP WITH EVA LONGORIA TO LAUNCH BREAKFAST FOR ALL BUNDLE TO HELP COMBAT CHILDHOOD HUNGER,PR Newswire,https://finance.yahoo.com/news/kelloggs-teams-eva-longoria-launch-120000555.html,1679572800,STORY
c78b0961-2e27-3f53-b56d-3a65db82d071,K,2023-3-27,Six Strong Stocks Amid Banking Crisis: Morningstar,TheStreet.com,https://finance.yahoo.com/m/c78b0961-2e27-3f53-b56d-3a65db82d071/six-strong-stocks-amid.html,1679569200,STORY
3d6a871e-324f-342a-b008-3ada30070dbb,K,2023-3-27,2 Stocks That Should Be Better Buys After Their Spinoffs This Year,Motley Fool,https://finance.yahoo.com/m/3d6a871e-324f-342a-b008-3ada30070dbb/2-stocks-that-should-be.html,1679481480,STORY
695e1dc3-6815-3249-996e-259c692cf706,K,2023-3-27,"Turns Out, for This Breakfast Favorite, Two's Company, Three's a Crowd",TheStreet.com,https://finance.yahoo.com/m/695e1dc3-6815-3249-996e-259c692cf706/turns-out%2C-for-this-breakfast.html,1679429280,STORY
54d48aea-2a30-3a9d-b8e6-2a43c856d9d5,K,2023-3-28,SHORTCUT TO YOUR GRANDMA ERA: POP-TARTS® CELEBRATES NEW FROSTED BANANA BREAD FLAVOR WITH COZY LIMITED-EDITION POP-TARTIGAN SWEATERS,PR Newswire,https://finance.yahoo.com/news/shortcut-grandma-era-pop-tarts-120000997.html,1680004800,STORY
10e4eef7-94d3-3f70-ad4f-a1b3e420f904,K,2023-3-28,Kellogg® and Little Debbie® Capture Childhood Nostalgia with NEW Kellogg's® Little Debbie® Swiss Rolls Cereal,PR Newswire,https://finance.yahoo.com/news/kellogg-little-debbie-capture-childhood-120000285.html,1679918400,STORY
98af8318-b68c-3be4-89a6-587cd42fbd30,K,2023-3-28,Kellogg Makes Morningstar List of Consumer Defensive Stocks,TheStreet.com,https://finance.yahoo.com/m/98af8318-b68c-3be4-89a6-587cd42fbd30/kellogg-makes-morningstar.html,1679850420,STORY
3329078e-5e66-3735-915d-d0b48863dafe,K,2023-3-28,25 Most Valuable Food Companies in The World,Insider Monkey,https://finance.yahoo.com/news/25-most-valuable-food-companies-143021858.html,1679754621,STORY
db19e876-82c9-39f3-8a1d-1eec4f17d211,K,2023-3-28,Factors to Note as McCormick (MKC) Readies for Q1 Earnings,Zacks,https://finance.yahoo.com/news/factors-note-mccormick-mkc-readies-125712453.html,1679662632,STORY
aa9ba30c-90c9-3689-89f5-9091b392cab5,K,2023-3-28,KELLOGG'S® TEAMS UP WITH EVA LONGORIA TO LAUNCH BREAKFAST FOR ALL BUNDLE TO HELP COMBAT CHILDHOOD HUNGER,PR Newswire,https://finance.yahoo.com/news/kelloggs-teams-eva-longoria-launch-120000555.html,1679572800,STORY
c78b0961-2e27-3f53-b56d-3a65db82d071,K,2023-3-28,Six Strong Stocks Amid Banking Crisis: Morningstar,TheStreet.com,https://finance.yahoo.com/m/c78b0961-2e27-3f53-b56d-3a65db82d071/six-strong-stocks-amid.html,1679569200,STORY
3d6a871e-324f-342a-b008-3ada30070dbb,K,2023-3-28,2 Stocks That Should Be Better Buys After Their Spinoffs This Year,Motley Fool,https://finance.yahoo.com/m/3d6a871e-324f-342a-b008-3ada30070dbb/2-stocks-that-should-be.html,1679481480,STORY
92744c8a-8fe1-376a-a89f-030644238a6e,K,2023-3-29,Snap! Crackle! Pop!® New Kellogg's® Rice Krispies® Candy Bar from Frankford Candy Coming to Candy Aisles This Spring,PR Newswire,https://finance.yahoo.com/news/snap-crackle-pop-kelloggs-rice-130900088.html,1680008940,STORY
54d48aea-2a30-3a9d-b8e6-2a43c856d9d5,K,2023-3-29,SHORTCUT TO YOUR GRANDMA ERA: POP-TARTS® CELEBRATES NEW FROSTED BANANA BREAD FLAVOR WITH COZY LIMITED-EDITION POP-TARTIGAN SWEATERS,PR Newswire,https://finance.yahoo.com/news/shortcut-grandma-era-pop-tarts-120000997.html,1680004800,STORY
10e4eef7-94d3-3f70-ad4f-a1b3e420f904,K,2023-3-29,Kellogg® and Little Debbie® Capture Childhood Nostalgia with NEW Kellogg's® Little Debbie® Swiss Rolls Cereal,PR Newswire,https://finance.yahoo.com/news/kellogg-little-debbie-capture-childhood-120000285.html,1679918400,STORY
98af8318-b68c-3be4-89a6-587cd42fbd30,K,2023-3-29,Kellogg Makes Morningstar List of Consumer Defensive Stocks,TheStreet.com,https://finance.yahoo.com/m/98af8318-b68c-3be4-89a6-587cd42fbd30/kellogg-makes-morningstar.html,1679850420,STORY
3329078e-5e66-3735-915d-d0b48863dafe,K,2023-3-29,25 Most Valuable Food Companies in The World,Insider Monkey,https://finance.yahoo.com/news/25-most-valuable-food-companies-143021858.html,1679754621,STORY
db19e876-82c9-39f3-8a1d-1eec4f17d211,K,2023-3-29,Factors to Note as McCormick (MKC) Readies for Q1 Earnings,Zacks,https://finance.yahoo.com/news/factors-note-mccormick-mkc-readies-125712453.html,1679662632,STORY
aa9ba30c-90c9-3689-89f5-9091b392cab5,K,2023-3-29,KELLOGG'S® TEAMS UP WITH EVA LONGORIA TO LAUNCH BREAKFAST FOR ALL BUNDLE TO HELP COMBAT CHILDHOOD HUNGER,PR Newswire,https://finance.yahoo.com/news/kelloggs-teams-eva-longoria-launch-120000555.html,1679572800,STORY
c78b0961-2e27-3f53-b56d-3a65db82d071,K,2023-3-29,Six Strong Stocks Amid Banking Crisis: Morningstar,TheStreet.com,https://finance.yahoo.com/m/c78b0961-2e27-3f53-b56d-3a65db82d071/six-strong-stocks-amid.html,1679569200,STORY
421c79fc-62f1-31fd-a8cf-fe983826dce1,K,2023-3-30,Analyst Report: Kellogg Company,Morningstar Research,https://finance.yahoo.com/m/421c79fc-62f1-31fd-a8cf-fe983826dce1/analyst-report%3A-kellogg.html,1680106600,STORY
92744c8a-8fe1-376a-a89f-030644238a6e,K,2023-3-30,Snap! Crackle! Pop!® New Kellogg's® Rice Krispies® Candy Bar from Frankford Candy Coming to Candy Aisles This Spring,PR Newswire,https://finance.yahoo.com/news/snap-crackle-pop-kelloggs-rice-130900088.html,1680008940,STORY
54d48aea-2a30-3a9d-b8e6-2a43c856d9d5,K,2023-3-30,SHORTCUT TO YOUR GRANDMA ERA: POP-TARTS® CELEBRATES NEW FROSTED BANANA BREAD FLAVOR WITH COZY LIMITED-EDITION POP-TARTIGAN SWEATERS,PR Newswire,https://finance.yahoo.com/news/shortcut-grandma-era-pop-tarts-120000997.html,1680004800,STORY
10e4eef7-94d3-3f70-ad4f-a1b3e420f904,K,2023-3-30,Kellogg® and Little Debbie® Capture Childhood Nostalgia with NEW Kellogg's® Little Debbie® Swiss Rolls Cereal,PR Newswire,https://finance.yahoo.com/news/kellogg-little-debbie-capture-childhood-120000285.html,1679918400,STORY
98af8318-b68c-3be4-89a6-587cd42fbd30,K,2023-3-30,Kellogg Makes Morningstar List of Consumer Defensive Stocks,TheStreet.com,https://finance.yahoo.com/m/98af8318-b68c-3be4-89a6-587cd42fbd30/kellogg-makes-morningstar.html,1679850420,STORY
3329078e-5e66-3735-915d-d0b48863dafe,K,2023-3-30,25 Most Valuable Food Companies in The World,Insider Monkey,https://finance.yahoo.com/news/25-most-valuable-food-companies-143021858.html,1679754621,STORY
db19e876-82c9-39f3-8a1d-1eec4f17d211,K,2023-3-30,Factors to Note as McCormick (MKC) Readies for Q1 Earnings,Zacks,https://finance.yahoo.com/news/factors-note-mccormick-mkc-readies-125712453.html,1679662632,STORY
aa9ba30c-90c9-3689-89f5-9091b392cab5,K,2023-3-30,KELLOGG'S® TEAMS UP WITH EVA LONGORIA TO LAUNCH BREAKFAST FOR ALL BUNDLE TO HELP COMBAT CHILDHOOD HUNGER,PR Newswire,https://finance.yahoo.com/news/kelloggs-teams-eva-longoria-launch-120000555.html,1679572800,STORY
13dd14ea-a7f1-3529-b863-5a156acc5162,K,2023-3-31,Kellogg (K) Benefits From Portfolio Strength & Acquisitions,Zacks,https://finance.yahoo.com/news/kellogg-k-benefits-portfolio-strength-150903086.html,1680188943,STORY
421c79fc-62f1-31fd-a8cf-fe983826dce1,K,2023-3-31,Analyst Report: Kellogg Company,Morningstar Research,https://finance.yahoo.com/m/421c79fc-62f1-31fd-a8cf-fe983826dce1/analyst-report%3A-kellogg.html,1680106600,STORY
92744c8a-8fe1-376a-a89f-030644238a6e,K,2023-3-31,Snap! Crackle! Pop!® New Kellogg's® Rice Krispies® Candy Bar from Frankford Candy Coming to Candy Aisles This Spring,PR Newswire,https://finance.yahoo.com/news/snap-crackle-pop-kelloggs-rice-130900088.html,1680008940,STORY
54d48aea-2a30-3a9d-b8e6-2a43c856d9d5,K,2023-3-31,SHORTCUT TO YOUR GRANDMA ERA: POP-TARTS® CELEBRATES NEW FROSTED BANANA BREAD FLAVOR WITH COZY LIMITED-EDITION POP-TARTIGAN SWEATERS,PR Newswire,https://finance.yahoo.com/news/shortcut-grandma-era-pop-tarts-120000997.html,1680004800,STORY
10e4eef7-94d3-3f70-ad4f-a1b3e420f904,K,2023-3-31,Kellogg® and Little Debbie® Capture Childhood Nostalgia with NEW Kellogg's® Little Debbie® Swiss Rolls Cereal,PR Newswire,https://finance.yahoo.com/news/kellogg-little-debbie-capture-childhood-120000285.html,1679918400,STORY
98af8318-b68c-3be4-89a6-587cd42fbd30,K,2023-3-31,Kellogg Makes Morningstar List of Consumer Defensive Stocks,TheStreet.com,https://finance.yahoo.com/m/98af8318-b68c-3be4-89a6-587cd42fbd30/kellogg-makes-morningstar.html,1679850420,STORY
3329078e-5e66-3735-915d-d0b48863dafe,K,2023-3-31,25 Most Valuable Food Companies in The World,Insider Monkey,https://finance.yahoo.com/news/25-most-valuable-food-companies-143021858.html,1679754621,STORY
db19e876-82c9-39f3-8a1d-1eec4f17d211,K,2023-3-31,Factors to Note as McCormick (MKC) Readies for Q1 Earnings,Zacks,https://finance.yahoo.com/news/factors-note-mccormick-mkc-readies-125712453.html,1679662632,STORY
13dd14ea-a7f1-3529-b863-5a156acc5162,K,2023-4-1,Kellogg (K) Benefits From Portfolio Strength & Acquisitions,Zacks,https://finance.yahoo.com/news/kellogg-k-benefits-portfolio-strength-150903086.html,1680188943,STORY
92744c8a-8fe1-376a-a89f-030644238a6e,K,2023-4-1,Snap! Crackle! Pop!® New Kellogg's® Rice Krispies® Candy Bar from Frankford Candy Coming to Candy Aisles This Spring,PR Newswire,https://finance.yahoo.com/news/snap-crackle-pop-kelloggs-rice-130900088.html,1680008940,STORY
54d48aea-2a30-3a9d-b8e6-2a43c856d9d5,K,2023-4-1,SHORTCUT TO YOUR GRANDMA ERA: POP-TARTS® CELEBRATES NEW FROSTED BANANA BREAD FLAVOR WITH COZY LIMITED-EDITION POP-TARTIGAN SWEATERS,PR Newswire,https://finance.yahoo.com/news/shortcut-grandma-era-pop-tarts-120000997.html,1680004800,STORY
10e4eef7-94d3-3f70-ad4f-a1b3e420f904,K,2023-4-1,Kellogg® and Little Debbie® Capture Childhood Nostalgia with NEW Kellogg's® Little Debbie® Swiss Rolls Cereal,PR Newswire,https://finance.yahoo.com/news/kellogg-little-debbie-capture-childhood-120000285.html,1679918400,STORY
98af8318-b68c-3be4-89a6-587cd42fbd30,K,2023-4-1,Kellogg Makes Morningstar List of Consumer Defensive Stocks,TheStreet.com,https://finance.yahoo.com/m/98af8318-b68c-3be4-89a6-587cd42fbd30/kellogg-makes-morningstar.html,1679850420,STORY
3329078e-5e66-3735-915d-d0b48863dafe,K,2023-4-1,25 Most Valuable Food Companies in The World,Insider Monkey,https://finance.yahoo.com/news/25-most-valuable-food-companies-143021858.html,1679754621,STORY
db19e876-82c9-39f3-8a1d-1eec4f17d211,K,2023-4-1,Factors to Note as McCormick (MKC) Readies for Q1 Earnings,Zacks,https://finance.yahoo.com/news/factors-note-mccormick-mkc-readies-125712453.html,1679662632,STORY
aa9ba30c-90c9-3689-89f5-9091b392cab5,K,2023-4-1,KELLOGG'S® TEAMS UP WITH EVA LONGORIA TO LAUNCH BREAKFAST FOR ALL BUNDLE TO HELP COMBAT CHILDHOOD HUNGER,PR Newswire,https://finance.yahoo.com/news/kelloggs-teams-eva-longoria-launch-120000555.html,1679572800,STORY
13dd14ea-a7f1-3529-b863-5a156acc5162,K,2023-4-2,Kellogg (K) Benefits From Portfolio Strength & Acquisitions,Zacks,https://finance.yahoo.com/news/kellogg-k-benefits-portfolio-strength-150903086.html,1680188943,STORY
92744c8a-8fe1-376a-a89f-030644238a6e,K,2023-4-2,Snap! Crackle! Pop!® New Kellogg's® Rice Krispies® Candy Bar from Frankford Candy Coming to Candy Aisles This Spring,PR Newswire,https://finance.yahoo.com/news/snap-crackle-pop-kelloggs-rice-130900088.html,1680008940,STORY
54d48aea-2a30-3a9d-b8e6-2a43c856d9d5,K,2023-4-2,SHORTCUT TO YOUR GRANDMA ERA: POP-TARTS® CELEBRATES NEW FROSTED BANANA BREAD FLAVOR WITH COZY LIMITED-EDITION POP-TARTIGAN SWEATERS,PR Newswire,https://finance.yahoo.com/news/shortcut-grandma-era-pop-tarts-120000997.html,1680004800,STORY
10e4eef7-94d3-3f70-ad4f-a1b3e420f904,K,2023-4-2,Kellogg® and Little Debbie® Capture Childhood Nostalgia with NEW Kellogg's® Little Debbie® Swiss Rolls Cereal,PR Newswire,https://finance.yahoo.com/news/kellogg-little-debbie-capture-childhood-120000285.html,1679918400,STORY
98af8318-b68c-3be4-89a6-587cd42fbd30,K,2023-4-2,Kellogg Makes Morningstar List of Consumer Defensive Stocks,TheStreet.com,https://finance.yahoo.com/m/98af8318-b68c-3be4-89a6-587cd42fbd30/kellogg-makes-morningstar.html,1679850420,STORY
3329078e-5e66-3735-915d-d0b48863dafe,K,2023-4-2,25 Most Valuable Food Companies in The World,Insider Monkey,https://finance.yahoo.com/news/25-most-valuable-food-companies-143021858.html,1679754621,STORY
db19e876-82c9-39f3-8a1d-1eec4f17d211,K,2023-4-2,Factors to Note as McCormick (MKC) Readies for Q1 Earnings,Zacks,https://finance.yahoo.com/news/factors-note-mccormick-mkc-readies-125712453.html,1679662632,STORY
aa9ba30c-90c9-3689-89f5-9091b392cab5,K,2023-4-2,KELLOGG'S® TEAMS UP WITH EVA LONGORIA TO LAUNCH BREAKFAST FOR ALL BUNDLE TO HELP COMBAT CHILDHOOD HUNGER,PR Newswire,https://finance.yahoo.com/news/kelloggs-teams-eva-longoria-launch-120000555.html,1679572800,STORY
13dd14ea-a7f1-3529-b863-5a156acc5162,K,2023-4-3,Kellogg (K) Benefits From Portfolio Strength & Acquisitions,Zacks,https://finance.yahoo.com/news/kellogg-k-benefits-portfolio-strength-150903086.html,1680188943,STORY
92744c8a-8fe1-376a-a89f-030644238a6e,K,2023-4-3,Snap! Crackle! Pop!® New Kellogg's® Rice Krispies® Candy Bar from Frankford Candy Coming to Candy Aisles This Spring,PR Newswire,https://finance.yahoo.com/news/snap-crackle-pop-kelloggs-rice-130900088.html,1680008940,STORY
54d48aea-2a30-3a9d-b8e6-2a43c856d9d5,K,2023-4-3,SHORTCUT TO YOUR GRANDMA ERA: POP-TARTS® CELEBRATES NEW FROSTED BANANA BREAD FLAVOR WITH COZY LIMITED-EDITION POP-TARTIGAN SWEATERS,PR Newswire,https://finance.yahoo.com/news/shortcut-grandma-era-pop-tarts-120000997.html,1680004800,STORY
10e4eef7-94d3-3f70-ad4f-a1b3e420f904,K,2023-4-3,Kellogg® and Little Debbie® Capture Childhood Nostalgia with NEW Kellogg's® Little Debbie® Swiss Rolls Cereal,PR Newswire,https://finance.yahoo.com/news/kellogg-little-debbie-capture-childhood-120000285.html,1679918400,STORY
98af8318-b68c-3be4-89a6-587cd42fbd30,K,2023-4-3,Kellogg Makes Morningstar List of Consumer Defensive Stocks,TheStreet.com,https://finance.yahoo.com/m/98af8318-b68c-3be4-89a6-587cd42fbd30/kellogg-makes-morningstar.html,1679850420,STORY
3329078e-5e66-3735-915d-d0b48863dafe,K,2023-4-3,25 Most Valuable Food Companies in The World,Insider Monkey,https://finance.yahoo.com/news/25-most-valuable-food-companies-143021858.html,1679754621,STORY
db19e876-82c9-39f3-8a1d-1eec4f17d211,K,2023-4-3,Factors to Note as McCormick (MKC) Readies for Q1 Earnings,Zacks,https://finance.yahoo.com/news/factors-note-mccormick-mkc-readies-125712453.html,1679662632,STORY
aa9ba30c-90c9-3689-89f5-9091b392cab5,K,2023-4-3,KELLOGG'S® TEAMS UP WITH EVA LONGORIA TO LAUNCH BREAKFAST FOR ALL BUNDLE TO HELP COMBAT CHILDHOOD HUNGER,PR Newswire,https://finance.yahoo.com/news/kelloggs-teams-eva-longoria-launch-120000555.html,1679572800,STORY
7cb92f53-b335-30dc-bc29-77ce32995cb1,K,2023-4-5,EGGO® INTRODUCES THREE FRESH NEW FLAVOR INNOVATIONS PERFECT FOR EVERY OCCASION,PR Newswire,https://finance.yahoo.com/news/eggo-introduces-three-fresh-flavor-120000352.html,1680696000,STORY
b507d223-7c89-30a4-afdd-781a1cd0e143,K,2023-4-5,Kellogg Transports Fans to the World of ZAG Heroez Miraculous™ - Tales of Ladybug and Cat Noir with First-Ever Macaron Flavored Cereal,PR Newswire,https://finance.yahoo.com/news/kellogg-transports-fans-world-zag-140000478.html,1680616800,STORY
0c978b82-8c09-365d-91fc-bec683a01c81,K,2023-4-5,"Tony the Tiger® and Mission Tiger Partner with Albertsons, Vons and Pavilions to Give More Kids Access to Middle School Sports",PR Newswire,https://finance.yahoo.com/news/tony-tiger-mission-tiger-partner-130500516.html,1680613500,STORY
13dd14ea-a7f1-3529-b863-5a156acc5162,K,2023-4-5,Kellogg (K) Benefits From Portfolio Strength & Acquisitions,Zacks,https://finance.yahoo.com/news/kellogg-k-benefits-portfolio-strength-150903086.html,1680188943,STORY
92744c8a-8fe1-376a-a89f-030644238a6e,K,2023-4-5,Snap! Crackle! Pop!® New Kellogg's® Rice Krispies® Candy Bar from Frankford Candy Coming to Candy Aisles This Spring,PR Newswire,https://finance.yahoo.com/news/snap-crackle-pop-kelloggs-rice-130900088.html,1680008940,STORY
54d48aea-2a30-3a9d-b8e6-2a43c856d9d5,K,2023-4-5,SHORTCUT TO YOUR GRANDMA ERA: POP-TARTS® CELEBRATES NEW FROSTED BANANA BREAD FLAVOR WITH COZY LIMITED-EDITION POP-TARTIGAN SWEATERS,PR Newswire,https://finance.yahoo.com/news/shortcut-grandma-era-pop-tarts-120000997.html,1680004800,STORY
10e4eef7-94d3-3f70-ad4f-a1b3e420f904,K,2023-4-5,Kellogg® and Little Debbie® Capture Childhood Nostalgia with NEW Kellogg's® Little Debbie® Swiss Rolls Cereal,PR Newswire,https://finance.yahoo.com/news/kellogg-little-debbie-capture-childhood-120000285.html,1679918400,STORY
98af8318-b68c-3be4-89a6-587cd42fbd30,K,2023-4-5,Kellogg Makes Morningstar List of Consumer Defensive Stocks,TheStreet.com,https://finance.yahoo.com/m/98af8318-b68c-3be4-89a6-587cd42fbd30/kellogg-makes-morningstar.html,1679850420,STORY
335bb9d3-3300-4a6b-a6e6-d2ce73aa7ce4,K,2023-4-6,"The snacking revolution is here, and BofA sees 5 food stocks that could benefit",Yahoo Finance,https://finance.yahoo.com/news/the-snacking-revolution-is-here-and-bofa-sees-5-food-stocks-that-could-benefit-161942754.html,1680711582,STORY
43175f88-ec29-360c-a2c5-745eb59893cc,K,2023-4-6,In their voices: Building connections through volunteering,PR Newswire,https://finance.yahoo.com/news/voices-building-connections-volunteering-130800491.html,1680700080,STORY
74003911-2480-363d-aa37-78dfc13d7140,K,2023-4-6,Inside An Elite Experiential MBA Course: Kellogg’s Global Initiatives in Management,Poets & Quants,https://finance.yahoo.com/news/inside-elite-experiential-mba-course-122440876.html,1680697480,STORY
7cb92f53-b335-30dc-bc29-77ce32995cb1,K,2023-4-6,EGGO® INTRODUCES THREE FRESH NEW FLAVOR INNOVATIONS PERFECT FOR EVERY OCCASION,PR Newswire,https://finance.yahoo.com/news/eggo-introduces-three-fresh-flavor-120000352.html,1680696000,STORY
b507d223-7c89-30a4-afdd-781a1cd0e143,K,2023-4-6,Kellogg Transports Fans to the World of ZAG Heroez Miraculous™ - Tales of Ladybug and Cat Noir with First-Ever Macaron Flavored Cereal,PR Newswire,https://finance.yahoo.com/news/kellogg-transports-fans-world-zag-140000478.html,1680616800,STORY
0c978b82-8c09-365d-91fc-bec683a01c81,K,2023-4-6,"Tony the Tiger® and Mission Tiger Partner with Albertsons, Vons and Pavilions to Give More Kids Access to Middle School Sports",PR Newswire,https://finance.yahoo.com/news/tony-tiger-mission-tiger-partner-130500516.html,1680613500,STORY
8e257569-f9f0-31d3-969b-634810d108e4,K,2023-4-6,7 Stocks About to Soar as Fed Rate Hikes Pause,InvestorPlace,https://finance.yahoo.com/news/7-stocks-soar-fed-rate-201835459.html,1680466715,STORY
13dd14ea-a7f1-3529-b863-5a156acc5162,K,2023-4-6,Kellogg (K) Benefits From Portfolio Strength & Acquisitions,Zacks,https://finance.yahoo.com/news/kellogg-k-benefits-portfolio-strength-150903086.html,1680188943,STORY
335bb9d3-3300-4a6b-a6e6-d2ce73aa7ce4,K,2023-4-8,"The snacking revolution is here, and BofA sees 5 food stocks that could benefit",Yahoo Finance,https://finance.yahoo.com/news/the-snacking-revolution-is-here-and-bofa-sees-5-food-stocks-that-could-benefit-161942754.html,1680711582,STORY
43175f88-ec29-360c-a2c5-745eb59893cc,K,2023-4-8,In their voices: Building connections through volunteering,PR Newswire,https://finance.yahoo.com/news/voices-building-connections-volunteering-130800491.html,1680700080,STORY
74003911-2480-363d-aa37-78dfc13d7140,K,2023-4-8,Inside An Elite Experiential MBA Course: Kellogg’s Global Initiatives in Management,Poets & Quants,https://finance.yahoo.com/news/inside-elite-experiential-mba-course-122440876.html,1680697480,STORY
7cb92f53-b335-30dc-bc29-77ce32995cb1,K,2023-4-8,EGGO® INTRODUCES THREE FRESH NEW FLAVOR INNOVATIONS PERFECT FOR EVERY OCCASION,PR Newswire,https://finance.yahoo.com/news/eggo-introduces-three-fresh-flavor-120000352.html,1680696000,STORY
b507d223-7c89-30a4-afdd-781a1cd0e143,K,2023-4-8,Kellogg Transports Fans to the World of ZAG Heroez Miraculous™ - Tales of Ladybug and Cat Noir with First-Ever Macaron Flavored Cereal,PR Newswire,https://finance.yahoo.com/news/kellogg-transports-fans-world-zag-140000478.html,1680616800,STORY
0c978b82-8c09-365d-91fc-bec683a01c81,K,2023-4-8,"Tony the Tiger® and Mission Tiger Partner with Albertsons, Vons and Pavilions to Give More Kids Access to Middle School Sports",PR Newswire,https://finance.yahoo.com/news/tony-tiger-mission-tiger-partner-130500516.html,1680613500,STORY
8e257569-f9f0-31d3-969b-634810d108e4,K,2023-4-8,7 Stocks About to Soar as Fed Rate Hikes Pause,InvestorPlace,https://finance.yahoo.com/news/7-stocks-soar-fed-rate-201835459.html,1680466715,STORY
13dd14ea-a7f1-3529-b863-5a156acc5162,K,2023-4-8,Kellogg (K) Benefits From Portfolio Strength & Acquisitions,Zacks,https://finance.yahoo.com/news/kellogg-k-benefits-portfolio-strength-150903086.html,1680188943,STORY
335bb9d3-3300-4a6b-a6e6-d2ce73aa7ce4,K,2023-4-9,"The snacking revolution is here, and BofA sees 5 food stocks that could benefit",Yahoo Finance,https://finance.yahoo.com/news/the-snacking-revolution-is-here-and-bofa-sees-5-food-stocks-that-could-benefit-161942754.html,1680711582,STORY
43175f88-ec29-360c-a2c5-745eb59893cc,K,2023-4-9,In their voices: Building connections through volunteering,PR Newswire,https://finance.yahoo.com/news/voices-building-connections-volunteering-130800491.html,1680700080,STORY
74003911-2480-363d-aa37-78dfc13d7140,K,2023-4-9,Inside An Elite Experiential MBA Course: Kellogg’s Global Initiatives in Management,Poets & Quants,https://finance.yahoo.com/news/inside-elite-experiential-mba-course-122440876.html,1680697480,STORY
7cb92f53-b335-30dc-bc29-77ce32995cb1,K,2023-4-9,EGGO® INTRODUCES THREE FRESH NEW FLAVOR INNOVATIONS PERFECT FOR EVERY OCCASION,PR Newswire,https://finance.yahoo.com/news/eggo-introduces-three-fresh-flavor-120000352.html,1680696000,STORY
b507d223-7c89-30a4-afdd-781a1cd0e143,K,2023-4-9,Kellogg Transports Fans to the World of ZAG Heroez Miraculous™ - Tales of Ladybug and Cat Noir with First-Ever Macaron Flavored Cereal,PR Newswire,https://finance.yahoo.com/news/kellogg-transports-fans-world-zag-140000478.html,1680616800,STORY
0c978b82-8c09-365d-91fc-bec683a01c81,K,2023-4-9,"Tony the Tiger® and Mission Tiger Partner with Albertsons, Vons and Pavilions to Give More Kids Access to Middle School Sports",PR Newswire,https://finance.yahoo.com/news/tony-tiger-mission-tiger-partner-130500516.html,1680613500,STORY
8e257569-f9f0-31d3-969b-634810d108e4,K,2023-4-9,7 Stocks About to Soar as Fed Rate Hikes Pause,InvestorPlace,https://finance.yahoo.com/news/7-stocks-soar-fed-rate-201835459.html,1680466715,STORY
13dd14ea-a7f1-3529-b863-5a156acc5162,K,2023-4-9,Kellogg (K) Benefits From Portfolio Strength & Acquisitions,Zacks,https://finance.yahoo.com/news/kellogg-k-benefits-portfolio-strength-150903086.html,1680188943,STORY
335bb9d3-3300-4a6b-a6e6-d2ce73aa7ce4,K,2023-4-10,"The snacking revolution is here, and BofA sees 5 food stocks that could benefit",Yahoo Finance,https://finance.yahoo.com/news/the-snacking-revolution-is-here-and-bofa-sees-5-food-stocks-that-could-benefit-161942754.html,1680711582,STORY
43175f88-ec29-360c-a2c5-745eb59893cc,K,2023-4-10,In their voices: Building connections through volunteering,PR Newswire,https://finance.yahoo.com/news/voices-building-connections-volunteering-130800491.html,1680700080,STORY
74003911-2480-363d-aa37-78dfc13d7140,K,2023-4-10,Inside An Elite Experiential MBA Course: Kellogg’s Global Initiatives in Management,Poets & Quants,https://finance.yahoo.com/news/inside-elite-experiential-mba-course-122440876.html,1680697480,STORY
7cb92f53-b335-30dc-bc29-77ce32995cb1,K,2023-4-10,EGGO® INTRODUCES THREE FRESH NEW FLAVOR INNOVATIONS PERFECT FOR EVERY OCCASION,PR Newswire,https://finance.yahoo.com/news/eggo-introduces-three-fresh-flavor-120000352.html,1680696000,STORY
b507d223-7c89-30a4-afdd-781a1cd0e143,K,2023-4-10,Kellogg Transports Fans to the World of ZAG Heroez Miraculous™ - Tales of Ladybug and Cat Noir with First-Ever Macaron Flavored Cereal,PR Newswire,https://finance.yahoo.com/news/kellogg-transports-fans-world-zag-140000478.html,1680616800,STORY
0c978b82-8c09-365d-91fc-bec683a01c81,K,2023-4-10,"Tony the Tiger® and Mission Tiger Partner with Albertsons, Vons and Pavilions to Give More Kids Access to Middle School Sports",PR Newswire,https://finance.yahoo.com/news/tony-tiger-mission-tiger-partner-130500516.html,1680613500,STORY
8e257569-f9f0-31d3-969b-634810d108e4,K,2023-4-10,7 Stocks About to Soar as Fed Rate Hikes Pause,InvestorPlace,https://finance.yahoo.com/news/7-stocks-soar-fed-rate-201835459.html,1680466715,STORY
13dd14ea-a7f1-3529-b863-5a156acc5162,K,2023-4-10,Kellogg (K) Benefits From Portfolio Strength & Acquisitions,Zacks,https://finance.yahoo.com/news/kellogg-k-benefits-portfolio-strength-150903086.html,1680188943,STORY
10761dcf-972b-3219-98fd-ee23bc03f915,K,2023-4-12,3M and 5 Other Stocks That Could Be Spinoff Plays,Barrons.com,https://finance.yahoo.com/m/10761dcf-972b-3219-98fd-ee23bc03f915/3m-and-5-other-stocks-that.html,1681297560,STORY
309ae413-52dc-38fd-88a4-5252e60e53fe,K,2023-4-12,Kellogg Company Sets Date for 2023 First Quarter Results Webcast,PR Newswire,https://finance.yahoo.com/news/kellogg-company-sets-date-2023-180000845.html,1681236000,STORY
1c186f49-9d59-3c79-a540-4be3bcf10e10,K,2023-4-12,PRINGLES® BRINGS THE VIRTUAL WORLD OF MINECRAFT INTO REALITY WITH NEW LIMITED-EDITION PRINGLES MINECRAFT SUSPICIOUS STEW,PR Newswire,https://finance.yahoo.com/news/pringles-brings-virtual-world-minecraft-120000402.html,1681214400,STORY
6445653a-e00f-34c4-8164-46418db5cfde,K,2023-4-12,"Kellogg Company moves closer to achieving equity, diversity and inclusion goals",PR Newswire,https://finance.yahoo.com/news/kellogg-company-moves-closer-achieving-135100692.html,1681134660,STORY
e435a495-8168-312e-95d7-1641f5e15861,K,2023-4-12,Kellogg Company 2023 Annual Shareowners Meeting to be Webcast Live,PR Newswire,https://finance.yahoo.com/news/kellogg-company-2023-annual-shareowners-130000935.html,1681131600,STORY
335bb9d3-3300-4a6b-a6e6-d2ce73aa7ce4,K,2023-4-12,"The snacking revolution is here, and BofA sees 5 food stocks that could benefit",Yahoo Finance,https://finance.yahoo.com/news/the-snacking-revolution-is-here-and-bofa-sees-5-food-stocks-that-could-benefit-161942754.html,1680711582,STORY
43175f88-ec29-360c-a2c5-745eb59893cc,K,2023-4-12,In their voices: Building connections through volunteering,PR Newswire,https://finance.yahoo.com/news/voices-building-connections-volunteering-130800491.html,1680700080,STORY
74003911-2480-363d-aa37-78dfc13d7140,K,2023-4-12,Inside An Elite Experiential MBA Course: Kellogg’s Global Initiatives in Management,Poets & Quants,https://finance.yahoo.com/news/inside-elite-experiential-mba-course-122440876.html,1680697480,STORY
541d544a-7e09-391a-975b-27e2fd60021d,K,2023-4-14,Will Kellogg (K) Beat Estimates Again in Its Next Earnings Report?,Zacks,https://finance.yahoo.com/news/kellogg-k-beat-estimates-again-161004419.html,1681402204,STORY
120ac211-71b8-3b42-9ff3-395b442c3d6b,K,2023-4-14,Kellogg (K) Hurt by Higher Inflation and Supply Chain Issues,Zacks,https://finance.yahoo.com/news/kellogg-k-hurt-higher-inflation-155003026.html,1681401003,STORY
d272cb3f-592a-39fa-aefd-988f32f8f020,K,2023-4-14,KELLOGG'S® RICE KRISPIES® CEREAL INTRODUCES KELLOGG'S FIRST FRUITY CEREAL WITH AN EXCELLENT SOURCE OF VITAMIN D IN EVERY BOWL,PR Newswire,https://finance.yahoo.com/news/kelloggs-rice-krispies-cereal-introduces-120000993.html,1681387200,STORY
309ae413-52dc-38fd-88a4-5252e60e53fe,K,2023-4-14,/C O R R E C T I O N -- Kellogg Company/,PR Newswire,https://finance.yahoo.com/news/kellogg-company-sets-date-2023-180000845.html,1681303320,STORY
10761dcf-972b-3219-98fd-ee23bc03f915,K,2023-4-14,3M and 5 Other Stocks That Could Be Spinoff Plays,Barrons.com,https://finance.yahoo.com/m/10761dcf-972b-3219-98fd-ee23bc03f915/3m-and-5-other-stocks-that.html,1681297560,STORY
1c186f49-9d59-3c79-a540-4be3bcf10e10,K,2023-4-14,PRINGLES® BRINGS THE VIRTUAL WORLD OF MINECRAFT INTO REALITY WITH NEW LIMITED-EDITION PRINGLES MINECRAFT SUSPICIOUS STEW,PR Newswire,https://finance.yahoo.com/news/pringles-brings-virtual-world-minecraft-120000402.html,1681214400,STORY
6445653a-e00f-34c4-8164-46418db5cfde,K,2023-4-14,"Kellogg Company moves closer to achieving equity, diversity and inclusion goals",PR Newswire,https://finance.yahoo.com/news/kellogg-company-moves-closer-achieving-135100692.html,1681134660,STORY
e435a495-8168-312e-95d7-1641f5e15861,K,2023-4-14,Kellogg Company 2023 Annual Shareowners Meeting to be Webcast Live,PR Newswire,https://finance.yahoo.com/news/kellogg-company-2023-annual-shareowners-130000935.html,1681131600,STORY
541d544a-7e09-391a-975b-27e2fd60021d,K,2023-4-15,Will Kellogg (K) Beat Estimates Again in Its Next Earnings Report?,Zacks,https://finance.yahoo.com/news/kellogg-k-beat-estimates-again-161004419.html,1681402204,STORY
120ac211-71b8-3b42-9ff3-395b442c3d6b,K,2023-4-15,Kellogg (K) Hurt by Higher Inflation and Supply Chain Issues,Zacks,https://finance.yahoo.com/news/kellogg-k-hurt-higher-inflation-155003026.html,1681401003,STORY
d272cb3f-592a-39fa-aefd-988f32f8f020,K,2023-4-15,KELLOGG'S® RICE KRISPIES® CEREAL INTRODUCES KELLOGG'S FIRST FRUITY CEREAL WITH AN EXCELLENT SOURCE OF VITAMIN D IN EVERY BOWL,PR Newswire,https://finance.yahoo.com/news/kelloggs-rice-krispies-cereal-introduces-120000993.html,1681387200,STORY
309ae413-52dc-38fd-88a4-5252e60e53fe,K,2023-4-15,/C O R R E C T I O N -- Kellogg Company/,PR Newswire,https://finance.yahoo.com/news/kellogg-company-sets-date-2023-180000845.html,1681303320,STORY
10761dcf-972b-3219-98fd-ee23bc03f915,K,2023-4-15,3M and 5 Other Stocks That Could Be Spinoff Plays,Barrons.com,https://finance.yahoo.com/m/10761dcf-972b-3219-98fd-ee23bc03f915/3m-and-5-other-stocks-that.html,1681297560,STORY
1c186f49-9d59-3c79-a540-4be3bcf10e10,K,2023-4-15,PRINGLES® BRINGS THE VIRTUAL WORLD OF MINECRAFT INTO REALITY WITH NEW LIMITED-EDITION PRINGLES MINECRAFT SUSPICIOUS STEW,PR Newswire,https://finance.yahoo.com/news/pringles-brings-virtual-world-minecraft-120000402.html,1681214400,STORY
6445653a-e00f-34c4-8164-46418db5cfde,K,2023-4-15,"Kellogg Company moves closer to achieving equity, diversity and inclusion goals",PR Newswire,https://finance.yahoo.com/news/kellogg-company-moves-closer-achieving-135100692.html,1681134660,STORY
e435a495-8168-312e-95d7-1641f5e15861,K,2023-4-15,Kellogg Company 2023 Annual Shareowners Meeting to be Webcast Live,PR Newswire,https://finance.yahoo.com/news/kellogg-company-2023-annual-shareowners-130000935.html,1681131600,STORY
541d544a-7e09-391a-975b-27e2fd60021d,K,2023-4-16,Will Kellogg (K) Beat Estimates Again in Its Next Earnings Report?,Zacks,https://finance.yahoo.com/news/kellogg-k-beat-estimates-again-161004419.html,1681402204,STORY
120ac211-71b8-3b42-9ff3-395b442c3d6b,K,2023-4-16,Kellogg (K) Hurt by Higher Inflation and Supply Chain Issues,Zacks,https://finance.yahoo.com/news/kellogg-k-hurt-higher-inflation-155003026.html,1681401003,STORY
d272cb3f-592a-39fa-aefd-988f32f8f020,K,2023-4-16,KELLOGG'S® RICE KRISPIES® CEREAL INTRODUCES KELLOGG'S FIRST FRUITY CEREAL WITH AN EXCELLENT SOURCE OF VITAMIN D IN EVERY BOWL,PR Newswire,https://finance.yahoo.com/news/kelloggs-rice-krispies-cereal-introduces-120000993.html,1681387200,STORY
309ae413-52dc-38fd-88a4-5252e60e53fe,K,2023-4-16,/C O R R E C T I O N -- Kellogg Company/,PR Newswire,https://finance.yahoo.com/news/kellogg-company-sets-date-2023-180000845.html,1681303320,STORY
10761dcf-972b-3219-98fd-ee23bc03f915,K,2023-4-16,3M and 5 Other Stocks That Could Be Spinoff Plays,Barrons.com,https://finance.yahoo.com/m/10761dcf-972b-3219-98fd-ee23bc03f915/3m-and-5-other-stocks-that.html,1681297560,STORY
1c186f49-9d59-3c79-a540-4be3bcf10e10,K,2023-4-16,PRINGLES® BRINGS THE VIRTUAL WORLD OF MINECRAFT INTO REALITY WITH NEW LIMITED-EDITION PRINGLES MINECRAFT SUSPICIOUS STEW,PR Newswire,https://finance.yahoo.com/news/pringles-brings-virtual-world-minecraft-120000402.html,1681214400,STORY
6445653a-e00f-34c4-8164-46418db5cfde,K,2023-4-16,"Kellogg Company moves closer to achieving equity, diversity and inclusion goals",PR Newswire,https://finance.yahoo.com/news/kellogg-company-moves-closer-achieving-135100692.html,1681134660,STORY
e435a495-8168-312e-95d7-1641f5e15861,K,2023-4-16,Kellogg Company 2023 Annual Shareowners Meeting to be Webcast Live,PR Newswire,https://finance.yahoo.com/news/kellogg-company-2023-annual-shareowners-130000935.html,1681131600,STORY
7055f824-8f5f-35a8-8edf-fb63faeb1e14,K,2023-4-17,11 Boring Stocks That Pay Dividends,Insider Monkey,https://finance.yahoo.com/news/11-boring-stocks-pay-dividends-134501095.html,1681652701,STORY
541d544a-7e09-391a-975b-27e2fd60021d,K,2023-4-17,Will Kellogg (K) Beat Estimates Again in Its Next Earnings Report?,Zacks,https://finance.yahoo.com/news/kellogg-k-beat-estimates-again-161004419.html,1681402204,STORY
120ac211-71b8-3b42-9ff3-395b442c3d6b,K,2023-4-17,Kellogg (K) Hurt by Higher Inflation and Supply Chain Issues,Zacks,https://finance.yahoo.com/news/kellogg-k-hurt-higher-inflation-155003026.html,1681401003,STORY
d272cb3f-592a-39fa-aefd-988f32f8f020,K,2023-4-17,KELLOGG'S® RICE KRISPIES® CEREAL INTRODUCES KELLOGG'S FIRST FRUITY CEREAL WITH AN EXCELLENT SOURCE OF VITAMIN D IN EVERY BOWL,PR Newswire,https://finance.yahoo.com/news/kelloggs-rice-krispies-cereal-introduces-120000993.html,1681387200,STORY
309ae413-52dc-38fd-88a4-5252e60e53fe,K,2023-4-17,/C O R R E C T I O N -- Kellogg Company/,PR Newswire,https://finance.yahoo.com/news/kellogg-company-sets-date-2023-180000845.html,1681303320,STORY
10761dcf-972b-3219-98fd-ee23bc03f915,K,2023-4-17,3M and 5 Other Stocks That Could Be Spinoff Plays,Barrons.com,https://finance.yahoo.com/m/10761dcf-972b-3219-98fd-ee23bc03f915/3m-and-5-other-stocks-that.html,1681297560,STORY
1c186f49-9d59-3c79-a540-4be3bcf10e10,K,2023-4-17,PRINGLES® BRINGS THE VIRTUAL WORLD OF MINECRAFT INTO REALITY WITH NEW LIMITED-EDITION PRINGLES MINECRAFT SUSPICIOUS STEW,PR Newswire,https://finance.yahoo.com/news/pringles-brings-virtual-world-minecraft-120000402.html,1681214400,STORY
6445653a-e00f-34c4-8164-46418db5cfde,K,2023-4-17,"Kellogg Company moves closer to achieving equity, diversity and inclusion goals",PR Newswire,https://finance.yahoo.com/news/kellogg-company-moves-closer-achieving-135100692.html,1681134660,STORY
d7fdf682-1a30-3801-844a-97ccc4c61532,K,2023-4-18,Kellogg Company and grocer Albertsons Companies drive awareness for in-store recycling,PR Newswire,https://finance.yahoo.com/news/kellogg-company-grocer-albertsons-companies-132200156.html,1681737720,STORY
7055f824-8f5f-35a8-8edf-fb63faeb1e14,K,2023-4-18,11 Boring Stocks That Pay Dividends,Insider Monkey,https://finance.yahoo.com/news/11-boring-stocks-pay-dividends-134501095.html,1681652701,STORY
541d544a-7e09-391a-975b-27e2fd60021d,K,2023-4-18,Will Kellogg (K) Beat Estimates Again in Its Next Earnings Report?,Zacks,https://finance.yahoo.com/news/kellogg-k-beat-estimates-again-161004419.html,1681402204,STORY
120ac211-71b8-3b42-9ff3-395b442c3d6b,K,2023-4-18,Kellogg (K) Hurt by Higher Inflation and Supply Chain Issues,Zacks,https://finance.yahoo.com/news/kellogg-k-hurt-higher-inflation-155003026.html,1681401003,STORY
d272cb3f-592a-39fa-aefd-988f32f8f020,K,2023-4-18,KELLOGG'S® RICE KRISPIES® CEREAL INTRODUCES KELLOGG'S FIRST FRUITY CEREAL WITH AN EXCELLENT SOURCE OF VITAMIN D IN EVERY BOWL,PR Newswire,https://finance.yahoo.com/news/kelloggs-rice-krispies-cereal-introduces-120000993.html,1681387200,STORY
309ae413-52dc-38fd-88a4-5252e60e53fe,K,2023-4-18,/C O R R E C T I O N -- Kellogg Company/,PR Newswire,https://finance.yahoo.com/news/kellogg-company-sets-date-2023-180000845.html,1681303320,STORY
10761dcf-972b-3219-98fd-ee23bc03f915,K,2023-4-18,3M and 5 Other Stocks That Could Be Spinoff Plays,Barrons.com,https://finance.yahoo.com/m/10761dcf-972b-3219-98fd-ee23bc03f915/3m-and-5-other-stocks-that.html,1681297560,STORY
1c186f49-9d59-3c79-a540-4be3bcf10e10,K,2023-4-18,PRINGLES® BRINGS THE VIRTUAL WORLD OF MINECRAFT INTO REALITY WITH NEW LIMITED-EDITION PRINGLES MINECRAFT SUSPICIOUS STEW,PR Newswire,https://finance.yahoo.com/news/pringles-brings-virtual-world-minecraft-120000402.html,1681214400,STORY
7263ec6c-496a-3d7b-8daf-f03bce495d9d,K,2023-4-21,4 Food Stocks Likely to Deliver an Earnings Beat This Season,Zacks,https://finance.yahoo.com/news/4-food-stocks-likely-deliver-164604466.html,1682009164,STORY
60559c56-0854-3f24-be9d-ba63eb5e33dc,K,2023-4-21,"The ICEE Company® and Kellogg's® Launch Cooling ICEE Cereal, Evoking Nostalgia with Every Spoonful",PR Newswire,https://finance.yahoo.com/news/icee-company-kelloggs-launch-cooling-150000376.html,1681830000,STORY
5655c1a2-19ae-320f-a2ea-8cd7192b76ea,K,2023-4-21,MORNINGSTAR FARMS® PARTNERS WITH JONATHAN VAN NESS TO HELP YOU WEAR YOUR PLANT-BASED PRIDE ON YOUR SLEEVE THIS EARTH DAY,PR Newswire,https://finance.yahoo.com/news/morningstar-farms-partners-jonathan-van-123200301.html,1681821120,STORY
d7fdf682-1a30-3801-844a-97ccc4c61532,K,2023-4-21,Kellogg Company and grocer Albertsons Companies drive awareness for in-store recycling,PR Newswire,https://finance.yahoo.com/news/kellogg-company-grocer-albertsons-companies-132200156.html,1681737720,STORY
7055f824-8f5f-35a8-8edf-fb63faeb1e14,K,2023-4-21,11 Boring Stocks That Pay Dividends,Insider Monkey,https://finance.yahoo.com/news/11-boring-stocks-pay-dividends-134501095.html,1681652701,STORY
44583ed8-39dd-39b0-b030-d2b674387b47,K,2023-4-21,7 Dividend Stocks to Buy That Are Trading at a Discount,InvestorPlace,https://finance.yahoo.com/news/7-dividend-stocks-buy-trading-180455001.html,1681581895,STORY
541d544a-7e09-391a-975b-27e2fd60021d,K,2023-4-21,Will Kellogg (K) Beat Estimates Again in Its Next Earnings Report?,Zacks,https://finance.yahoo.com/news/kellogg-k-beat-estimates-again-161004419.html,1681402204,STORY
120ac211-71b8-3b42-9ff3-395b442c3d6b,K,2023-4-21,Kellogg (K) Hurt by Higher Inflation and Supply Chain Issues,Zacks,https://finance.yahoo.com/news/kellogg-k-hurt-higher-inflation-155003026.html,1681401003,STORY
7263ec6c-496a-3d7b-8daf-f03bce495d9d,K,2023-4-22,4 Food Stocks Likely to Deliver an Earnings Beat This Season,Zacks,https://finance.yahoo.com/news/4-food-stocks-likely-deliver-164604466.html,1682009164,STORY
60559c56-0854-3f24-be9d-ba63eb5e33dc,K,2023-4-22,"The ICEE Company® and Kellogg's® Launch Cooling ICEE Cereal, Evoking Nostalgia with Every Spoonful",PR Newswire,https://finance.yahoo.com/news/icee-company-kelloggs-launch-cooling-150000376.html,1681830000,STORY
5655c1a2-19ae-320f-a2ea-8cd7192b76ea,K,2023-4-22,MORNINGSTAR FARMS® PARTNERS WITH JONATHAN VAN NESS TO HELP YOU WEAR YOUR PLANT-BASED PRIDE ON YOUR SLEEVE THIS EARTH DAY,PR Newswire,https://finance.yahoo.com/news/morningstar-farms-partners-jonathan-van-123200301.html,1681821120,STORY
d7fdf682-1a30-3801-844a-97ccc4c61532,K,2023-4-22,Kellogg Company and grocer Albertsons Companies drive awareness for in-store recycling,PR Newswire,https://finance.yahoo.com/news/kellogg-company-grocer-albertsons-companies-132200156.html,1681737720,STORY
7055f824-8f5f-35a8-8edf-fb63faeb1e14,K,2023-4-22,11 Boring Stocks That Pay Dividends,Insider Monkey,https://finance.yahoo.com/news/11-boring-stocks-pay-dividends-134501095.html,1681652701,STORY
44583ed8-39dd-39b0-b030-d2b674387b47,K,2023-4-22,7 Dividend Stocks to Buy That Are Trading at a Discount,InvestorPlace,https://finance.yahoo.com/news/7-dividend-stocks-buy-trading-180455001.html,1681581895,STORY
541d544a-7e09-391a-975b-27e2fd60021d,K,2023-4-22,Will Kellogg (K) Beat Estimates Again in Its Next Earnings Report?,Zacks,https://finance.yahoo.com/news/kellogg-k-beat-estimates-again-161004419.html,1681402204,STORY
120ac211-71b8-3b42-9ff3-395b442c3d6b,K,2023-4-22,Kellogg (K) Hurt by Higher Inflation and Supply Chain Issues,Zacks,https://finance.yahoo.com/news/kellogg-k-hurt-higher-inflation-155003026.html,1681401003,STORY
4234ccf9-faa4-3112-aa92-cfe768e75fc0,K,2023-4-24,The 7 Most Undervalued Stocks and Cryptos of 2023,InvestorPlace,https://finance.yahoo.com/news/7-most-undervalued-stocks-cryptos-183329083.html,1682015609,STORY
7263ec6c-496a-3d7b-8daf-f03bce495d9d,K,2023-4-24,4 Food Stocks Likely to Deliver an Earnings Beat This Season,Zacks,https://finance.yahoo.com/news/4-food-stocks-likely-deliver-164604466.html,1682009164,STORY
60559c56-0854-3f24-be9d-ba63eb5e33dc,K,2023-4-24,"The ICEE Company® and Kellogg's® Launch Cooling ICEE Cereal, Evoking Nostalgia with Every Spoonful",PR Newswire,https://finance.yahoo.com/news/icee-company-kelloggs-launch-cooling-150000376.html,1681830000,STORY
5655c1a2-19ae-320f-a2ea-8cd7192b76ea,K,2023-4-24,MORNINGSTAR FARMS® PARTNERS WITH JONATHAN VAN NESS TO HELP YOU WEAR YOUR PLANT-BASED PRIDE ON YOUR SLEEVE THIS EARTH DAY,PR Newswire,https://finance.yahoo.com/news/morningstar-farms-partners-jonathan-van-123200301.html,1681821120,STORY
d7fdf682-1a30-3801-844a-97ccc4c61532,K,2023-4-24,Kellogg Company and grocer Albertsons Companies drive awareness for in-store recycling,PR Newswire,https://finance.yahoo.com/news/kellogg-company-grocer-albertsons-companies-132200156.html,1681737720,STORY
7055f824-8f5f-35a8-8edf-fb63faeb1e14,K,2023-4-24,11 Boring Stocks That Pay Dividends,Insider Monkey,https://finance.yahoo.com/news/11-boring-stocks-pay-dividends-134501095.html,1681652701,STORY
44583ed8-39dd-39b0-b030-d2b674387b47,K,2023-4-24,7 Dividend Stocks to Buy That Are Trading at a Discount,InvestorPlace,https://finance.yahoo.com/news/7-dividend-stocks-buy-trading-180455001.html,1681581895,STORY
541d544a-7e09-391a-975b-27e2fd60021d,K,2023-4-24,Will Kellogg (K) Beat Estimates Again in Its Next Earnings Report?,Zacks,https://finance.yahoo.com/news/kellogg-k-beat-estimates-again-161004419.html,1681402204,STORY
c8825ee1-22b8-3f12-9a94-d49595425090,K,2023-4-26,Kellogg (K) Gains As Market Dips: What You Should Know,Zacks,https://finance.yahoo.com/news/kellogg-k-gains-market-dips-221510815.html,1682460910,STORY
4234ccf9-faa4-3112-aa92-cfe768e75fc0,K,2023-4-26,The 7 Most Undervalued Stocks and Cryptos of 2023,InvestorPlace,https://finance.yahoo.com/news/7-most-undervalued-stocks-cryptos-183329083.html,1682015609,STORY
7263ec6c-496a-3d7b-8daf-f03bce495d9d,K,2023-4-26,4 Food Stocks Likely to Deliver an Earnings Beat This Season,Zacks,https://finance.yahoo.com/news/4-food-stocks-likely-deliver-164604466.html,1682009164,STORY
60559c56-0854-3f24-be9d-ba63eb5e33dc,K,2023-4-26,"The ICEE Company® and Kellogg's® Launch Cooling ICEE Cereal, Evoking Nostalgia with Every Spoonful",PR Newswire,https://finance.yahoo.com/news/icee-company-kelloggs-launch-cooling-150000376.html,1681830000,STORY
5655c1a2-19ae-320f-a2ea-8cd7192b76ea,K,2023-4-26,MORNINGSTAR FARMS® PARTNERS WITH JONATHAN VAN NESS TO HELP YOU WEAR YOUR PLANT-BASED PRIDE ON YOUR SLEEVE THIS EARTH DAY,PR Newswire,https://finance.yahoo.com/news/morningstar-farms-partners-jonathan-van-123200301.html,1681821120,STORY
d7fdf682-1a30-3801-844a-97ccc4c61532,K,2023-4-26,Kellogg Company and grocer Albertsons Companies drive awareness for in-store recycling,PR Newswire,https://finance.yahoo.com/news/kellogg-company-grocer-albertsons-companies-132200156.html,1681737720,STORY
7055f824-8f5f-35a8-8edf-fb63faeb1e14,K,2023-4-26,11 Boring Stocks That Pay Dividends,Insider Monkey,https://finance.yahoo.com/news/11-boring-stocks-pay-dividends-134501095.html,1681652701,STORY
44583ed8-39dd-39b0-b030-d2b674387b47,K,2023-4-26,7 Dividend Stocks to Buy That Are Trading at a Discount,InvestorPlace,https://finance.yahoo.com/news/7-dividend-stocks-buy-trading-180455001.html,1681581895,STORY
c8825ee1-22b8-3f12-9a94-d49595425090,K,2023-4-27,Kellogg (K) Gains As Market Dips: What You Should Know,Zacks,https://finance.yahoo.com/news/kellogg-k-gains-market-dips-221510815.html,1682460910,STORY
4234ccf9-faa4-3112-aa92-cfe768e75fc0,K,2023-4-27,The 7 Most Undervalued Stocks and Cryptos of 2023,InvestorPlace,https://finance.yahoo.com/news/7-most-undervalued-stocks-cryptos-183329083.html,1682015609,STORY
7263ec6c-496a-3d7b-8daf-f03bce495d9d,K,2023-4-27,4 Food Stocks Likely to Deliver an Earnings Beat This Season,Zacks,https://finance.yahoo.com/news/4-food-stocks-likely-deliver-164604466.html,1682009164,STORY
60559c56-0854-3f24-be9d-ba63eb5e33dc,K,2023-4-27,"The ICEE Company® and Kellogg's® Launch Cooling ICEE Cereal, Evoking Nostalgia with Every Spoonful",PR Newswire,https://finance.yahoo.com/news/icee-company-kelloggs-launch-cooling-150000376.html,1681830000,STORY
5655c1a2-19ae-320f-a2ea-8cd7192b76ea,K,2023-4-27,MORNINGSTAR FARMS® PARTNERS WITH JONATHAN VAN NESS TO HELP YOU WEAR YOUR PLANT-BASED PRIDE ON YOUR SLEEVE THIS EARTH DAY,PR Newswire,https://finance.yahoo.com/news/morningstar-farms-partners-jonathan-van-123200301.html,1681821120,STORY
d7fdf682-1a30-3801-844a-97ccc4c61532,K,2023-4-27,Kellogg Company and grocer Albertsons Companies drive awareness for in-store recycling,PR Newswire,https://finance.yahoo.com/news/kellogg-company-grocer-albertsons-companies-132200156.html,1681737720,STORY
7055f824-8f5f-35a8-8edf-fb63faeb1e14,K,2023-4-27,11 Boring Stocks That Pay Dividends,Insider Monkey,https://finance.yahoo.com/news/11-boring-stocks-pay-dividends-134501095.html,1681652701,STORY
44583ed8-39dd-39b0-b030-d2b674387b47,K,2023-4-27,7 Dividend Stocks to Buy That Are Trading at a Discount,InvestorPlace,https://finance.yahoo.com/news/7-dividend-stocks-buy-trading-180455001.html,1681581895,STORY
588e1a78-8424-32b3-a1db-2a9610124b93,K,2023-4-28,Kellogg (K) Expected to Beat Earnings Estimates: Should You Buy?,Zacks,https://finance.yahoo.com/news/kellogg-k-expected-beat-earnings-140302077.html,1682604182,STORY
c8825ee1-22b8-3f12-9a94-d49595425090,K,2023-4-28,Kellogg (K) Gains As Market Dips: What You Should Know,Zacks,https://finance.yahoo.com/news/kellogg-k-gains-market-dips-221510815.html,1682460910,STORY
4234ccf9-faa4-3112-aa92-cfe768e75fc0,K,2023-4-28,The 7 Most Undervalued Stocks and Cryptos of 2023,InvestorPlace,https://finance.yahoo.com/news/7-most-undervalued-stocks-cryptos-183329083.html,1682015609,STORY
7263ec6c-496a-3d7b-8daf-f03bce495d9d,K,2023-4-28,4 Food Stocks Likely to Deliver an Earnings Beat This Season,Zacks,https://finance.yahoo.com/news/4-food-stocks-likely-deliver-164604466.html,1682009164,STORY
60559c56-0854-3f24-be9d-ba63eb5e33dc,K,2023-4-28,"The ICEE Company® and Kellogg's® Launch Cooling ICEE Cereal, Evoking Nostalgia with Every Spoonful",PR Newswire,https://finance.yahoo.com/news/icee-company-kelloggs-launch-cooling-150000376.html,1681830000,STORY
5655c1a2-19ae-320f-a2ea-8cd7192b76ea,K,2023-4-28,MORNINGSTAR FARMS® PARTNERS WITH JONATHAN VAN NESS TO HELP YOU WEAR YOUR PLANT-BASED PRIDE ON YOUR SLEEVE THIS EARTH DAY,PR Newswire,https://finance.yahoo.com/news/morningstar-farms-partners-jonathan-van-123200301.html,1681821120,STORY
d7fdf682-1a30-3801-844a-97ccc4c61532,K,2023-4-28,Kellogg Company and grocer Albertsons Companies drive awareness for in-store recycling,PR Newswire,https://finance.yahoo.com/news/kellogg-company-grocer-albertsons-companies-132200156.html,1681737720,STORY
7055f824-8f5f-35a8-8edf-fb63faeb1e14,K,2023-4-28,11 Boring Stocks That Pay Dividends,Insider Monkey,https://finance.yahoo.com/news/11-boring-stocks-pay-dividends-134501095.html,1681652701,STORY
89df73aa-6f0d-3d7e-826c-21b04ac97905,K,2023-4-29,Kellogg Company Declares Regular Dividend of $0.59 per Share for Second Quarter and Announces Plans for Dividend Increase in Third Quarter,PR Newswire,https://finance.yahoo.com/news/kellogg-company-declares-regular-dividend-160700592.html,1682698020,STORY
588e1a78-8424-32b3-a1db-2a9610124b93,K,2023-4-29,Kellogg (K) Expected to Beat Earnings Estimates: Should You Buy?,Zacks,https://finance.yahoo.com/news/kellogg-k-expected-beat-earnings-140302077.html,1682604182,STORY
c8825ee1-22b8-3f12-9a94-d49595425090,K,2023-4-29,Kellogg (K) Gains As Market Dips: What You Should Know,Zacks,https://finance.yahoo.com/news/kellogg-k-gains-market-dips-221510815.html,1682460910,STORY
4234ccf9-faa4-3112-aa92-cfe768e75fc0,K,2023-4-29,The 7 Most Undervalued Stocks and Cryptos of 2023,InvestorPlace,https://finance.yahoo.com/news/7-most-undervalued-stocks-cryptos-183329083.html,1682015609,STORY
7263ec6c-496a-3d7b-8daf-f03bce495d9d,K,2023-4-29,4 Food Stocks Likely to Deliver an Earnings Beat This Season,Zacks,https://finance.yahoo.com/news/4-food-stocks-likely-deliver-164604466.html,1682009164,STORY
60559c56-0854-3f24-be9d-ba63eb5e33dc,K,2023-4-29,"The ICEE Company® and Kellogg's® Launch Cooling ICEE Cereal, Evoking Nostalgia with Every Spoonful",PR Newswire,https://finance.yahoo.com/news/icee-company-kelloggs-launch-cooling-150000376.html,1681830000,STORY
5655c1a2-19ae-320f-a2ea-8cd7192b76ea,K,2023-4-29,MORNINGSTAR FARMS® PARTNERS WITH JONATHAN VAN NESS TO HELP YOU WEAR YOUR PLANT-BASED PRIDE ON YOUR SLEEVE THIS EARTH DAY,PR Newswire,https://finance.yahoo.com/news/morningstar-farms-partners-jonathan-van-123200301.html,1681821120,STORY
d7fdf682-1a30-3801-844a-97ccc4c61532,K,2023-4-29,Kellogg Company and grocer Albertsons Companies drive awareness for in-store recycling,PR Newswire,https://finance.yahoo.com/news/kellogg-company-grocer-albertsons-companies-132200156.html,1681737720,STORY
89df73aa-6f0d-3d7e-826c-21b04ac97905,K,2023-4-30,Kellogg Company Declares Regular Dividend of $0.59 per Share for Second Quarter and Announces Plans for Dividend Increase in Third Quarter,PR Newswire,https://finance.yahoo.com/news/kellogg-company-declares-regular-dividend-160700592.html,1682698020,STORY
0077e22f-0c0c-378d-90d5-f875a57b5e06,K,2023-4-30,What’s New In Kellogg’s ‘Founder Focused’ Entrepreneurship Program,Poets & Quants,https://finance.yahoo.com/news/kellogg-founder-focused-entrepreneurship-program-191653123.html,1682623013,STORY
588e1a78-8424-32b3-a1db-2a9610124b93,K,2023-4-30,Kellogg (K) Expected to Beat Earnings Estimates: Should You Buy?,Zacks,https://finance.yahoo.com/news/kellogg-k-expected-beat-earnings-140302077.html,1682604182,STORY
c8825ee1-22b8-3f12-9a94-d49595425090,K,2023-4-30,Kellogg (K) Gains As Market Dips: What You Should Know,Zacks,https://finance.yahoo.com/news/kellogg-k-gains-market-dips-221510815.html,1682460910,STORY
4234ccf9-faa4-3112-aa92-cfe768e75fc0,K,2023-4-30,The 7 Most Undervalued Stocks and Cryptos of 2023,InvestorPlace,https://finance.yahoo.com/news/7-most-undervalued-stocks-cryptos-183329083.html,1682015609,STORY
7263ec6c-496a-3d7b-8daf-f03bce495d9d,K,2023-4-30,4 Food Stocks Likely to Deliver an Earnings Beat This Season,Zacks,https://finance.yahoo.com/news/4-food-stocks-likely-deliver-164604466.html,1682009164,STORY
60559c56-0854-3f24-be9d-ba63eb5e33dc,K,2023-4-30,"The ICEE Company® and Kellogg's® Launch Cooling ICEE Cereal, Evoking Nostalgia with Every Spoonful",PR Newswire,https://finance.yahoo.com/news/icee-company-kelloggs-launch-cooling-150000376.html,1681830000,STORY
5655c1a2-19ae-320f-a2ea-8cd7192b76ea,K,2023-4-30,MORNINGSTAR FARMS® PARTNERS WITH JONATHAN VAN NESS TO HELP YOU WEAR YOUR PLANT-BASED PRIDE ON YOUR SLEEVE THIS EARTH DAY,PR Newswire,https://finance.yahoo.com/news/morningstar-farms-partners-jonathan-van-123200301.html,1681821120,STORY
f4e0301b-21e9-337e-a5ab-135db309b2ce,K,2023-5-2,These 2 Consumer Staples Stocks Could Beat Earnings: Why They Should Be on Your Radar,Zacks,https://finance.yahoo.com/news/2-consumer-staples-stocks-could-130001734.html,1682946001,STORY
3f8ac5d5-d942-35aa-b8d5-2a262bc91f2f,K,2023-5-2,How is Kellogg (K) Positioned Ahead of Q1 Earnings Release?,Zacks,https://finance.yahoo.com/news/kellogg-k-positioned-ahead-q1-115011070.html,1682941811,STORY
d017d01b-76cf-30bf-a840-057404020e83,K,2023-5-2,"10 Best Confectionery, Cookie and Snack Stocks to Buy",Insider Monkey,https://finance.yahoo.com/news/10-best-confectionery-cookie-snack-170528384.html,1682874328,STORY
89df73aa-6f0d-3d7e-826c-21b04ac97905,K,2023-5-2,Kellogg Company Declares Regular Dividend of $0.59 per Share for Second Quarter and Announces Plans for Dividend Increase in Third Quarter,PR Newswire,https://finance.yahoo.com/news/kellogg-company-declares-regular-dividend-160700592.html,1682698020,STORY
0077e22f-0c0c-378d-90d5-f875a57b5e06,K,2023-5-2,What’s New In Kellogg’s ‘Founder Focused’ Entrepreneurship Program,Poets & Quants,https://finance.yahoo.com/news/kellogg-founder-focused-entrepreneurship-program-191653123.html,1682623013,STORY
588e1a78-8424-32b3-a1db-2a9610124b93,K,2023-5-2,Kellogg (K) Expected to Beat Earnings Estimates: Should You Buy?,Zacks,https://finance.yahoo.com/news/kellogg-k-expected-beat-earnings-140302077.html,1682604182,STORY
c549d674-3f5b-3ac0-91c7-9886ff79a81e,K,2023-5-2,The 7 Best Stocks From Schwab’s Dividend ETF,InvestorPlace,https://finance.yahoo.com/news/7-best-stocks-schwab-dividend-154356398.html,1682523836,STORY
c8825ee1-22b8-3f12-9a94-d49595425090,K,2023-5-2,Kellogg (K) Gains As Market Dips: What You Should Know,Zacks,https://finance.yahoo.com/news/kellogg-k-gains-market-dips-221510815.html,1682460910,STORY
4079fd3d-b432-3318-8c4c-6a9e96b3f200,K,2023-5-6,UPDATE 1-Kellogg buys key ingredient from conflict-ridden Sudan but sees no shortage now -CEO,Reuters,https://finance.yahoo.com/news/1-kellogg-buys-key-ingredient-021316065.html,1683252796,STORY
40a9d3df-bd3b-389f-9ac8-d074e81a937f,K,2023-5-6,Kellogg buys key ingredient from conflict-ridden Sudan but sees no shortage now -CEO,Reuters,https://finance.yahoo.com/news/kellogg-buys-key-ingredient-conflict-194421144.html,1683229461,STORY
ec64d1b4-9231-3ad9-b5f8-a5b9a32f4d72,K,2023-5-6,Analyst Report: Kellogg Company,Morningstar Research,https://finance.yahoo.com/m/ec64d1b4-9231-3ad9-b5f8-a5b9a32f4d72/analyst-report%3A-kellogg.html,1683228674,STORY
a2fca297-05c0-313d-8d89-eeeb6b6f5362,K,2023-5-6,"Best Dividend Stocks: Consumer Staple Giant Kellogg On Track To Raise Dividend, Beats Q1 Estimates",Investor's Business Daily,https://finance.yahoo.com/m/a2fca297-05c0-313d-8d89-eeeb6b6f5362/best-dividend-stocks%3A.html,1683227040,STORY
fc8dfed2-1b94-30b5-a56a-690fb39f5864,K,2023-5-6,"Kellogg (K) Tops Q1 Earnings & Sales Estimates, Raises '23 View",Zacks,https://finance.yahoo.com/news/kellogg-k-tops-q1-earnings-160504022.html,1683216304,STORY
7493e75c-034f-3178-8633-ba5979902a47,K,2023-5-6,Kellogg (K) Surpasses Q1 Earnings and Revenue Estimates,Zacks,https://finance.yahoo.com/news/kellogg-k-surpasses-q1-earnings-131501864.html,1683206101,STORY
0344533c-8d4b-33d1-b1d2-bc61775df9ff,K,2023-5-6,Kellogg's pricing actions help bolster annual forecasts,Reuters,https://finance.yahoo.com/news/kellogg-gives-upbeat-forecast-price-121554000.html,1683202554,STORY
6b5c3875-9494-32cf-afbc-86458fc01974,K,2023-5-6,UPDATE 3-Kellogg's pricing actions help bolster annual forecasts,Reuters,https://finance.yahoo.com/news/1-kellogg-gives-upbeat-forecast-121316123.html,1683202396,STORY
4079fd3d-b432-3318-8c4c-6a9e96b3f200,K,2023-5-7,UPDATE 1-Kellogg buys key ingredient from conflict-ridden Sudan but sees no shortage now -CEO,Reuters,https://finance.yahoo.com/news/1-kellogg-buys-key-ingredient-021316065.html,1683252796,STORY
40a9d3df-bd3b-389f-9ac8-d074e81a937f,K,2023-5-7,Kellogg buys key ingredient from conflict-ridden Sudan but sees no shortage now -CEO,Reuters,https://finance.yahoo.com/news/kellogg-buys-key-ingredient-conflict-194421144.html,1683229461,STORY
a2fca297-05c0-313d-8d89-eeeb6b6f5362,K,2023-5-7,"Best Dividend Stocks: Consumer Staple Giant Kellogg On Track To Raise Dividend, Beats Q1 Estimates",Investor's Business Daily,https://finance.yahoo.com/m/a2fca297-05c0-313d-8d89-eeeb6b6f5362/best-dividend-stocks%3A.html,1683227040,STORY
fc8dfed2-1b94-30b5-a56a-690fb39f5864,K,2023-5-7,"Kellogg (K) Tops Q1 Earnings & Sales Estimates, Raises '23 View",Zacks,https://finance.yahoo.com/news/kellogg-k-tops-q1-earnings-160504022.html,1683216304,STORY
7493e75c-034f-3178-8633-ba5979902a47,K,2023-5-7,Kellogg (K) Surpasses Q1 Earnings and Revenue Estimates,Zacks,https://finance.yahoo.com/news/kellogg-k-surpasses-q1-earnings-131501864.html,1683206101,STORY
0344533c-8d4b-33d1-b1d2-bc61775df9ff,K,2023-5-7,Kellogg's pricing actions help bolster annual forecasts,Reuters,https://finance.yahoo.com/news/kellogg-gives-upbeat-forecast-price-121554000.html,1683202554,STORY
6b5c3875-9494-32cf-afbc-86458fc01974,K,2023-5-7,UPDATE 3-Kellogg's pricing actions help bolster annual forecasts,Reuters,https://finance.yahoo.com/news/1-kellogg-gives-upbeat-forecast-121316123.html,1683202396,STORY
16fd2588-99f9-36e6-a8cc-bcc154eea30a,K,2023-5-7,Kellogg Company Reports 2023 First Quarter Results,PR Newswire,https://finance.yahoo.com/news/kellogg-company-reports-2023-first-120000648.html,1683201600,STORY
4079fd3d-b432-3318-8c4c-6a9e96b3f200,K,2023-5-8,UPDATE 1-Kellogg buys key ingredient from conflict-ridden Sudan but sees no shortage now -CEO,Reuters,https://finance.yahoo.com/news/1-kellogg-buys-key-ingredient-021316065.html,1683252796,STORY
40a9d3df-bd3b-389f-9ac8-d074e81a937f,K,2023-5-8,Kellogg buys key ingredient from conflict-ridden Sudan but sees no shortage now -CEO,Reuters,https://finance.yahoo.com/news/kellogg-buys-key-ingredient-conflict-194421144.html,1683229461,STORY
a2fca297-05c0-313d-8d89-eeeb6b6f5362,K,2023-5-8,"Best Dividend Stocks: Consumer Staple Giant Kellogg On Track To Raise Dividend, Beats Q1 Estimates",Investor's Business Daily,https://finance.yahoo.com/m/a2fca297-05c0-313d-8d89-eeeb6b6f5362/best-dividend-stocks%3A.html,1683227040,STORY
fc8dfed2-1b94-30b5-a56a-690fb39f5864,K,2023-5-8,"Kellogg (K) Tops Q1 Earnings & Sales Estimates, Raises '23 View",Zacks,https://finance.yahoo.com/news/kellogg-k-tops-q1-earnings-160504022.html,1683216304,STORY
7493e75c-034f-3178-8633-ba5979902a47,K,2023-5-8,Kellogg (K) Surpasses Q1 Earnings and Revenue Estimates,Zacks,https://finance.yahoo.com/news/kellogg-k-surpasses-q1-earnings-131501864.html,1683206101,STORY
0344533c-8d4b-33d1-b1d2-bc61775df9ff,K,2023-5-8,Kellogg's pricing actions help bolster annual forecasts,Reuters,https://finance.yahoo.com/news/kellogg-gives-upbeat-forecast-price-121554000.html,1683202554,STORY
6b5c3875-9494-32cf-afbc-86458fc01974,K,2023-5-8,UPDATE 3-Kellogg's pricing actions help bolster annual forecasts,Reuters,https://finance.yahoo.com/news/1-kellogg-gives-upbeat-forecast-121316123.html,1683202396,STORY
16fd2588-99f9-36e6-a8cc-bcc154eea30a,K,2023-5-8,Kellogg Company Reports 2023 First Quarter Results,PR Newswire,https://finance.yahoo.com/news/kellogg-company-reports-2023-first-120000648.html,1683201600,STORY
ad3a8ed9-0286-3f68-b02d-64818f7ab169,K,2023-5-9,KICKSTART YOUR MORNING ROUTINE WITH NEW RXBAR® A.M. PEANUT BUTTER DARK CHOCOLATE,PR Newswire,https://finance.yahoo.com/news/kickstart-morning-routine-rxbar-m-120000298.html,1683633600,STORY
d49cefb5-5e11-386f-a0f0-cd8203376459,K,2023-5-9,Analyst Report: Kellogg Company,Morningstar Research,https://finance.yahoo.com/m/d49cefb5-5e11-386f-a0f0-cd8203376459/analyst-report%3A-kellogg.html,1683609923,STORY
464e7d79-52ec-350b-9df0-f6404abd168f,K,2023-5-9,"THE KELLOGG'S® RICE KRISPIES TREATS® BRAND AND LUDACRIS DROP ""TREAT. EAT. COMPETE."" GAME SET TO TURN SNACKTIME INTO PLAYTIME WITH THE WHOLE FAMILY",PR Newswire,https://finance.yahoo.com/news/kelloggs-rice-krispies-treats-brand-140000936.html,1683554400,STORY
4079fd3d-b432-3318-8c4c-6a9e96b3f200,K,2023-5-9,UPDATE 1-Kellogg buys key ingredient from conflict-ridden Sudan but sees no shortage now -CEO,Reuters,https://finance.yahoo.com/news/1-kellogg-buys-key-ingredient-021316065.html,1683252796,STORY
40a9d3df-bd3b-389f-9ac8-d074e81a937f,K,2023-5-9,Kellogg buys key ingredient from conflict-ridden Sudan but sees no shortage now -CEO,Reuters,https://finance.yahoo.com/news/kellogg-buys-key-ingredient-conflict-194421144.html,1683229461,STORY
a2fca297-05c0-313d-8d89-eeeb6b6f5362,K,2023-5-9,"Best Dividend Stocks: Consumer Staple Giant Kellogg On Track To Raise Dividend, Beats Q1 Estimates",Investor's Business Daily,https://finance.yahoo.com/m/a2fca297-05c0-313d-8d89-eeeb6b6f5362/best-dividend-stocks%3A.html,1683227040,STORY
fc8dfed2-1b94-30b5-a56a-690fb39f5864,K,2023-5-9,"Kellogg (K) Tops Q1 Earnings & Sales Estimates, Raises '23 View",Zacks,https://finance.yahoo.com/news/kellogg-k-tops-q1-earnings-160504022.html,1683216304,STORY
7493e75c-034f-3178-8633-ba5979902a47,K,2023-5-9,Kellogg (K) Surpasses Q1 Earnings and Revenue Estimates,Zacks,https://finance.yahoo.com/news/kellogg-k-surpasses-q1-earnings-131501864.html,1683206101,STORY
1ae59a6a-0327-3778-ab0a-79863507c713,K,2023-5-10,Rise and Shine with NEW Kellogg's Raisin Bran® Maple Flavor,PR Newswire,https://finance.yahoo.com/news/rise-shine-kelloggs-raisin-bran-130000548.html,1683637200,STORY
ad3a8ed9-0286-3f68-b02d-64818f7ab169,K,2023-5-10,KICKSTART YOUR MORNING ROUTINE WITH NEW RXBAR® A.M. PEANUT BUTTER DARK CHOCOLATE,PR Newswire,https://finance.yahoo.com/news/kickstart-morning-routine-rxbar-m-120000298.html,1683633600,STORY
d49cefb5-5e11-386f-a0f0-cd8203376459,K,2023-5-10,Analyst Report: Kellogg Company,Morningstar Research,https://finance.yahoo.com/m/d49cefb5-5e11-386f-a0f0-cd8203376459/analyst-report%3A-kellogg.html,1683609923,STORY
464e7d79-52ec-350b-9df0-f6404abd168f,K,2023-5-10,"THE KELLOGG'S® RICE KRISPIES TREATS® BRAND AND LUDACRIS DROP ""TREAT. EAT. COMPETE."" GAME SET TO TURN SNACKTIME INTO PLAYTIME WITH THE WHOLE FAMILY",PR Newswire,https://finance.yahoo.com/news/kelloggs-rice-krispies-treats-brand-140000936.html,1683554400,STORY
52886263-552a-35d4-98f9-3b94d9297421,K,2023-5-10,The 3 Most Undervalued Dividend Stocks to Buy in May 2023,InvestorPlace,https://finance.yahoo.com/news/3-most-undervalued-dividend-stocks-150231880.html,1683298951,STORY
4079fd3d-b432-3318-8c4c-6a9e96b3f200,K,2023-5-10,UPDATE 1-Kellogg buys key ingredient from conflict-ridden Sudan but sees no shortage now -CEO,Reuters,https://finance.yahoo.com/news/1-kellogg-buys-key-ingredient-021316065.html,1683252796,STORY
40a9d3df-bd3b-389f-9ac8-d074e81a937f,K,2023-5-10,Kellogg buys key ingredient from conflict-ridden Sudan but sees no shortage now -CEO,Reuters,https://finance.yahoo.com/news/kellogg-buys-key-ingredient-conflict-194421144.html,1683229461,STORY
a2fca297-05c0-313d-8d89-eeeb6b6f5362,K,2023-5-10,"Best Dividend Stocks: Consumer Staple Giant Kellogg On Track To Raise Dividend, Beats Q1 Estimates",Investor's Business Daily,https://finance.yahoo.com/m/a2fca297-05c0-313d-8d89-eeeb6b6f5362/best-dividend-stocks%3A.html,1683227040,STORY
1ae59a6a-0327-3778-ab0a-79863507c713,K,2023-5-11,Rise and Shine with NEW Kellogg's Raisin Bran® Maple Flavor,PR Newswire,https://finance.yahoo.com/news/rise-shine-kelloggs-raisin-bran-130000548.html,1683637200,STORY
ad3a8ed9-0286-3f68-b02d-64818f7ab169,K,2023-5-11,KICKSTART YOUR MORNING ROUTINE WITH NEW RXBAR® A.M. PEANUT BUTTER DARK CHOCOLATE,PR Newswire,https://finance.yahoo.com/news/kickstart-morning-routine-rxbar-m-120000298.html,1683633600,STORY
464e7d79-52ec-350b-9df0-f6404abd168f,K,2023-5-11,"THE KELLOGG'S® RICE KRISPIES TREATS® BRAND AND LUDACRIS DROP ""TREAT. EAT. COMPETE."" GAME SET TO TURN SNACKTIME INTO PLAYTIME WITH THE WHOLE FAMILY",PR Newswire,https://finance.yahoo.com/news/kelloggs-rice-krispies-treats-brand-140000936.html,1683554400,STORY
52886263-552a-35d4-98f9-3b94d9297421,K,2023-5-11,The 3 Most Undervalued Dividend Stocks to Buy in May 2023,InvestorPlace,https://finance.yahoo.com/news/3-most-undervalued-dividend-stocks-150231880.html,1683298951,STORY
4079fd3d-b432-3318-8c4c-6a9e96b3f200,K,2023-5-11,UPDATE 1-Kellogg buys key ingredient from conflict-ridden Sudan but sees no shortage now -CEO,Reuters,https://finance.yahoo.com/news/1-kellogg-buys-key-ingredient-021316065.html,1683252796,STORY
40a9d3df-bd3b-389f-9ac8-d074e81a937f,K,2023-5-11,Kellogg buys key ingredient from conflict-ridden Sudan but sees no shortage now -CEO,Reuters,https://finance.yahoo.com/news/kellogg-buys-key-ingredient-conflict-194421144.html,1683229461,STORY
a2fca297-05c0-313d-8d89-eeeb6b6f5362,K,2023-5-11,"Best Dividend Stocks: Consumer Staple Giant Kellogg On Track To Raise Dividend, Beats Q1 Estimates",Investor's Business Daily,https://finance.yahoo.com/m/a2fca297-05c0-313d-8d89-eeeb6b6f5362/best-dividend-stocks%3A.html,1683227040,STORY
fc8dfed2-1b94-30b5-a56a-690fb39f5864,K,2023-5-11,"Kellogg (K) Tops Q1 Earnings & Sales Estimates, Raises '23 View",Zacks,https://finance.yahoo.com/news/kellogg-k-tops-q1-earnings-160504022.html,1683216304,STORY
f73c8dca-0d97-3a03-be69-38e00ecc2526,K,2023-5-12,3 Stocks Seeing Recent Analyst Upgrades,Zacks,https://finance.yahoo.com/news/3-stocks-seeing-recent-analyst-183706523.html,1683830226,STORY
1ae59a6a-0327-3778-ab0a-79863507c713,K,2023-5-12,Rise and Shine with NEW Kellogg's Raisin Bran® Maple Flavor,PR Newswire,https://finance.yahoo.com/news/rise-shine-kelloggs-raisin-bran-130000548.html,1683637200,STORY
ad3a8ed9-0286-3f68-b02d-64818f7ab169,K,2023-5-12,KICKSTART YOUR MORNING ROUTINE WITH NEW RXBAR® A.M. PEANUT BUTTER DARK CHOCOLATE,PR Newswire,https://finance.yahoo.com/news/kickstart-morning-routine-rxbar-m-120000298.html,1683633600,STORY
464e7d79-52ec-350b-9df0-f6404abd168f,K,2023-5-12,"THE KELLOGG'S® RICE KRISPIES TREATS® BRAND AND LUDACRIS DROP ""TREAT. EAT. COMPETE."" GAME SET TO TURN SNACKTIME INTO PLAYTIME WITH THE WHOLE FAMILY",PR Newswire,https://finance.yahoo.com/news/kelloggs-rice-krispies-treats-brand-140000936.html,1683554400,STORY
52886263-552a-35d4-98f9-3b94d9297421,K,2023-5-12,The 3 Most Undervalued Dividend Stocks to Buy in May 2023,InvestorPlace,https://finance.yahoo.com/news/3-most-undervalued-dividend-stocks-150231880.html,1683298951,STORY
4079fd3d-b432-3318-8c4c-6a9e96b3f200,K,2023-5-12,UPDATE 1-Kellogg buys key ingredient from conflict-ridden Sudan but sees no shortage now -CEO,Reuters,https://finance.yahoo.com/news/1-kellogg-buys-key-ingredient-021316065.html,1683252796,STORY
40a9d3df-bd3b-389f-9ac8-d074e81a937f,K,2023-5-12,Kellogg buys key ingredient from conflict-ridden Sudan but sees no shortage now -CEO,Reuters,https://finance.yahoo.com/news/kellogg-buys-key-ingredient-conflict-194421144.html,1683229461,STORY
a2fca297-05c0-313d-8d89-eeeb6b6f5362,K,2023-5-12,"Best Dividend Stocks: Consumer Staple Giant Kellogg On Track To Raise Dividend, Beats Q1 Estimates",Investor's Business Daily,https://finance.yahoo.com/m/a2fca297-05c0-313d-8d89-eeeb6b6f5362/best-dividend-stocks%3A.html,1683227040,STORY
f4f590d1-0d66-3676-9de9-049be856e300,K,2023-5-13,The Kraft Heinz and The Estee Lauder have been highlighted as Zacks Bull and Bear of the Day,Zacks,https://finance.yahoo.com/news/kraft-heinz-estee-lauder-highlighted-111011387.html,1683889811,STORY
f73c8dca-0d97-3a03-be69-38e00ecc2526,K,2023-5-13,3 Stocks Seeing Recent Analyst Upgrades,Zacks,https://finance.yahoo.com/news/3-stocks-seeing-recent-analyst-183706523.html,1683830226,STORY
1ae59a6a-0327-3778-ab0a-79863507c713,K,2023-5-13,Rise and Shine with NEW Kellogg's Raisin Bran® Maple Flavor,PR Newswire,https://finance.yahoo.com/news/rise-shine-kelloggs-raisin-bran-130000548.html,1683637200,STORY
ad3a8ed9-0286-3f68-b02d-64818f7ab169,K,2023-5-13,KICKSTART YOUR MORNING ROUTINE WITH NEW RXBAR® A.M. PEANUT BUTTER DARK CHOCOLATE,PR Newswire,https://finance.yahoo.com/news/kickstart-morning-routine-rxbar-m-120000298.html,1683633600,STORY
464e7d79-52ec-350b-9df0-f6404abd168f,K,2023-5-13,"THE KELLOGG'S® RICE KRISPIES TREATS® BRAND AND LUDACRIS DROP ""TREAT. EAT. COMPETE."" GAME SET TO TURN SNACKTIME INTO PLAYTIME WITH THE WHOLE FAMILY",PR Newswire,https://finance.yahoo.com/news/kelloggs-rice-krispies-treats-brand-140000936.html,1683554400,STORY
52886263-552a-35d4-98f9-3b94d9297421,K,2023-5-13,The 3 Most Undervalued Dividend Stocks to Buy in May 2023,InvestorPlace,https://finance.yahoo.com/news/3-most-undervalued-dividend-stocks-150231880.html,1683298951,STORY
4079fd3d-b432-3318-8c4c-6a9e96b3f200,K,2023-5-13,UPDATE 1-Kellogg buys key ingredient from conflict-ridden Sudan but sees no shortage now -CEO,Reuters,https://finance.yahoo.com/news/1-kellogg-buys-key-ingredient-021316065.html,1683252796,STORY
40a9d3df-bd3b-389f-9ac8-d074e81a937f,K,2023-5-13,Kellogg buys key ingredient from conflict-ridden Sudan but sees no shortage now -CEO,Reuters,https://finance.yahoo.com/news/kellogg-buys-key-ingredient-conflict-194421144.html,1683229461,STORY
f4f590d1-0d66-3676-9de9-049be856e300,K,2023-5-14,The Kraft Heinz and The Estee Lauder have been highlighted as Zacks Bull and Bear of the Day,Zacks,https://finance.yahoo.com/news/kraft-heinz-estee-lauder-highlighted-111011387.html,1683889811,STORY
f73c8dca-0d97-3a03-be69-38e00ecc2526,K,2023-5-14,3 Stocks Seeing Recent Analyst Upgrades,Zacks,https://finance.yahoo.com/news/3-stocks-seeing-recent-analyst-183706523.html,1683830226,STORY
1ae59a6a-0327-3778-ab0a-79863507c713,K,2023-5-14,Rise and Shine with NEW Kellogg's Raisin Bran® Maple Flavor,PR Newswire,https://finance.yahoo.com/news/rise-shine-kelloggs-raisin-bran-130000548.html,1683637200,STORY
ad3a8ed9-0286-3f68-b02d-64818f7ab169,K,2023-5-14,KICKSTART YOUR MORNING ROUTINE WITH NEW RXBAR® A.M. PEANUT BUTTER DARK CHOCOLATE,PR Newswire,https://finance.yahoo.com/news/kickstart-morning-routine-rxbar-m-120000298.html,1683633600,STORY
464e7d79-52ec-350b-9df0-f6404abd168f,K,2023-5-14,"THE KELLOGG'S® RICE KRISPIES TREATS® BRAND AND LUDACRIS DROP ""TREAT. EAT. COMPETE."" GAME SET TO TURN SNACKTIME INTO PLAYTIME WITH THE WHOLE FAMILY",PR Newswire,https://finance.yahoo.com/news/kelloggs-rice-krispies-treats-brand-140000936.html,1683554400,STORY
52886263-552a-35d4-98f9-3b94d9297421,K,2023-5-14,The 3 Most Undervalued Dividend Stocks to Buy in May 2023,InvestorPlace,https://finance.yahoo.com/news/3-most-undervalued-dividend-stocks-150231880.html,1683298951,STORY
4079fd3d-b432-3318-8c4c-6a9e96b3f200,K,2023-5-14,UPDATE 1-Kellogg buys key ingredient from conflict-ridden Sudan but sees no shortage now -CEO,Reuters,https://finance.yahoo.com/news/1-kellogg-buys-key-ingredient-021316065.html,1683252796,STORY
40a9d3df-bd3b-389f-9ac8-d074e81a937f,K,2023-5-14,Kellogg buys key ingredient from conflict-ridden Sudan but sees no shortage now -CEO,Reuters,https://finance.yahoo.com/news/kellogg-buys-key-ingredient-conflict-194421144.html,1683229461,STORY
f4f590d1-0d66-3676-9de9-049be856e300,K,2023-5-15,The Kraft Heinz and The Estee Lauder have been highlighted as Zacks Bull and Bear of the Day,Zacks,https://finance.yahoo.com/news/kraft-heinz-estee-lauder-highlighted-111011387.html,1683889811,STORY
f73c8dca-0d97-3a03-be69-38e00ecc2526,K,2023-5-15,3 Stocks Seeing Recent Analyst Upgrades,Zacks,https://finance.yahoo.com/news/3-stocks-seeing-recent-analyst-183706523.html,1683830226,STORY
1ae59a6a-0327-3778-ab0a-79863507c713,K,2023-5-15,Rise and Shine with NEW Kellogg's Raisin Bran® Maple Flavor,PR Newswire,https://finance.yahoo.com/news/rise-shine-kelloggs-raisin-bran-130000548.html,1683637200,STORY
ad3a8ed9-0286-3f68-b02d-64818f7ab169,K,2023-5-15,KICKSTART YOUR MORNING ROUTINE WITH NEW RXBAR® A.M. PEANUT BUTTER DARK CHOCOLATE,PR Newswire,https://finance.yahoo.com/news/kickstart-morning-routine-rxbar-m-120000298.html,1683633600,STORY
464e7d79-52ec-350b-9df0-f6404abd168f,K,2023-5-15,"THE KELLOGG'S® RICE KRISPIES TREATS® BRAND AND LUDACRIS DROP ""TREAT. EAT. COMPETE."" GAME SET TO TURN SNACKTIME INTO PLAYTIME WITH THE WHOLE FAMILY",PR Newswire,https://finance.yahoo.com/news/kelloggs-rice-krispies-treats-brand-140000936.html,1683554400,STORY
52886263-552a-35d4-98f9-3b94d9297421,K,2023-5-15,The 3 Most Undervalued Dividend Stocks to Buy in May 2023,InvestorPlace,https://finance.yahoo.com/news/3-most-undervalued-dividend-stocks-150231880.html,1683298951,STORY
4079fd3d-b432-3318-8c4c-6a9e96b3f200,K,2023-5-15,UPDATE 1-Kellogg buys key ingredient from conflict-ridden Sudan but sees no shortage now -CEO,Reuters,https://finance.yahoo.com/news/1-kellogg-buys-key-ingredient-021316065.html,1683252796,STORY
40a9d3df-bd3b-389f-9ac8-d074e81a937f,K,2023-5-15,Kellogg buys key ingredient from conflict-ridden Sudan but sees no shortage now -CEO,Reuters,https://finance.yahoo.com/news/kellogg-buys-key-ingredient-conflict-194421144.html,1683229461,STORY
aa8acfec-1cd7-3aab-9e68-d084ed358bcc,K,2023-5-16,Why Investors Need to Take Advantage of These 2 Consumer Staples Stocks Now,Zacks,https://finance.yahoo.com/news/why-investors-advantage-2-consumer-130001322.html,1684155601,STORY
f4f590d1-0d66-3676-9de9-049be856e300,K,2023-5-16,The Kraft Heinz and The Estee Lauder have been highlighted as Zacks Bull and Bear of the Day,Zacks,https://finance.yahoo.com/news/kraft-heinz-estee-lauder-highlighted-111011387.html,1683889811,STORY
f73c8dca-0d97-3a03-be69-38e00ecc2526,K,2023-5-16,3 Stocks Seeing Recent Analyst Upgrades,Zacks,https://finance.yahoo.com/news/3-stocks-seeing-recent-analyst-183706523.html,1683830226,STORY
1ae59a6a-0327-3778-ab0a-79863507c713,K,2023-5-16,Rise and Shine with NEW Kellogg's Raisin Bran® Maple Flavor,PR Newswire,https://finance.yahoo.com/news/rise-shine-kelloggs-raisin-bran-130000548.html,1683637200,STORY
ad3a8ed9-0286-3f68-b02d-64818f7ab169,K,2023-5-16,KICKSTART YOUR MORNING ROUTINE WITH NEW RXBAR® A.M. PEANUT BUTTER DARK CHOCOLATE,PR Newswire,https://finance.yahoo.com/news/kickstart-morning-routine-rxbar-m-120000298.html,1683633600,STORY
464e7d79-52ec-350b-9df0-f6404abd168f,K,2023-5-16,"THE KELLOGG'S® RICE KRISPIES TREATS® BRAND AND LUDACRIS DROP ""TREAT. EAT. COMPETE."" GAME SET TO TURN SNACKTIME INTO PLAYTIME WITH THE WHOLE FAMILY",PR Newswire,https://finance.yahoo.com/news/kelloggs-rice-krispies-treats-brand-140000936.html,1683554400,STORY
52886263-552a-35d4-98f9-3b94d9297421,K,2023-5-16,The 3 Most Undervalued Dividend Stocks to Buy in May 2023,InvestorPlace,https://finance.yahoo.com/news/3-most-undervalued-dividend-stocks-150231880.html,1683298951,STORY
4079fd3d-b432-3318-8c4c-6a9e96b3f200,K,2023-5-16,UPDATE 1-Kellogg buys key ingredient from conflict-ridden Sudan but sees no shortage now -CEO,Reuters,https://finance.yahoo.com/news/1-kellogg-buys-key-ingredient-021316065.html,1683252796,STORY
f5156cb3-0824-37d1-8793-020198dd3b84,K,2023-5-17,We're Waiting for This Cereal Brand to 'Snap' in Two Before Making a Move,TheStreet.com,https://finance.yahoo.com/m/f5156cb3-0824-37d1-8793-020198dd3b84/we%27re-waiting-for-this-cereal.html,1684265460,STORY
79f744ee-bb33-3304-b0b7-d0f10ae6f774,K,2023-5-17,Six Star Pro Nutrition® and Kellogg’s® Collaborate to Turn Iconic Cereal Flavors into Protein Powder,GlobeNewswire,https://finance.yahoo.com/news/six-star-pro-nutrition-kellogg-133900016.html,1684244340,STORY
aa8acfec-1cd7-3aab-9e68-d084ed358bcc,K,2023-5-17,Why Investors Need to Take Advantage of These 2 Consumer Staples Stocks Now,Zacks,https://finance.yahoo.com/news/why-investors-advantage-2-consumer-130001322.html,1684155601,STORY
f4f590d1-0d66-3676-9de9-049be856e300,K,2023-5-17,The Kraft Heinz and The Estee Lauder have been highlighted as Zacks Bull and Bear of the Day,Zacks,https://finance.yahoo.com/news/kraft-heinz-estee-lauder-highlighted-111011387.html,1683889811,STORY
f73c8dca-0d97-3a03-be69-38e00ecc2526,K,2023-5-17,3 Stocks Seeing Recent Analyst Upgrades,Zacks,https://finance.yahoo.com/news/3-stocks-seeing-recent-analyst-183706523.html,1683830226,STORY
1ae59a6a-0327-3778-ab0a-79863507c713,K,2023-5-17,Rise and Shine with NEW Kellogg's Raisin Bran® Maple Flavor,PR Newswire,https://finance.yahoo.com/news/rise-shine-kelloggs-raisin-bran-130000548.html,1683637200,STORY
ad3a8ed9-0286-3f68-b02d-64818f7ab169,K,2023-5-17,KICKSTART YOUR MORNING ROUTINE WITH NEW RXBAR® A.M. PEANUT BUTTER DARK CHOCOLATE,PR Newswire,https://finance.yahoo.com/news/kickstart-morning-routine-rxbar-m-120000298.html,1683633600,STORY
464e7d79-52ec-350b-9df0-f6404abd168f,K,2023-5-17,"THE KELLOGG'S® RICE KRISPIES TREATS® BRAND AND LUDACRIS DROP ""TREAT. EAT. COMPETE."" GAME SET TO TURN SNACKTIME INTO PLAYTIME WITH THE WHOLE FAMILY",PR Newswire,https://finance.yahoo.com/news/kelloggs-rice-krispies-treats-brand-140000936.html,1683554400,STORY
8d18b44b-de04-338c-b4c6-8122c30f19a2,K,2023-5-18,Chart of the Day: This Cereal Stock Is Looking Sweet,TheStreet.com,https://finance.yahoo.com/m/8d18b44b-de04-338c-b4c6-8122c30f19a2/chart-of-the-day%3A-this-cereal.html,1684357500,STORY
f5156cb3-0824-37d1-8793-020198dd3b84,K,2023-5-18,We're Waiting for This Cereal Brand to 'Snap' in Two Before Making a Move,TheStreet.com,https://finance.yahoo.com/m/f5156cb3-0824-37d1-8793-020198dd3b84/we%27re-waiting-for-this-cereal.html,1684265460,STORY
79f744ee-bb33-3304-b0b7-d0f10ae6f774,K,2023-5-18,Six Star Pro Nutrition® and Kellogg’s® Collaborate to Turn Iconic Cereal Flavors into Protein Powder,GlobeNewswire,https://finance.yahoo.com/news/six-star-pro-nutrition-kellogg-133900016.html,1684244340,STORY
aa8acfec-1cd7-3aab-9e68-d084ed358bcc,K,2023-5-18,Why Investors Need to Take Advantage of These 2 Consumer Staples Stocks Now,Zacks,https://finance.yahoo.com/news/why-investors-advantage-2-consumer-130001322.html,1684155601,STORY
f4f590d1-0d66-3676-9de9-049be856e300,K,2023-5-18,The Kraft Heinz and The Estee Lauder have been highlighted as Zacks Bull and Bear of the Day,Zacks,https://finance.yahoo.com/news/kraft-heinz-estee-lauder-highlighted-111011387.html,1683889811,STORY
f73c8dca-0d97-3a03-be69-38e00ecc2526,K,2023-5-18,3 Stocks Seeing Recent Analyst Upgrades,Zacks,https://finance.yahoo.com/news/3-stocks-seeing-recent-analyst-183706523.html,1683830226,STORY
1ae59a6a-0327-3778-ab0a-79863507c713,K,2023-5-18,Rise and Shine with NEW Kellogg's Raisin Bran® Maple Flavor,PR Newswire,https://finance.yahoo.com/news/rise-shine-kelloggs-raisin-bran-130000548.html,1683637200,STORY
ad3a8ed9-0286-3f68-b02d-64818f7ab169,K,2023-5-18,KICKSTART YOUR MORNING ROUTINE WITH NEW RXBAR® A.M. PEANUT BUTTER DARK CHOCOLATE,PR Newswire,https://finance.yahoo.com/news/kickstart-morning-routine-rxbar-m-120000298.html,1683633600,STORY
9ca5eb6b-7ad4-31e8-9771-128c9674deea,K,2023-5-19,Tony the Tiger® and Mission Tiger Partner with Meijer to Give More Kids Access to Middle School Sports,PR Newswire,https://finance.yahoo.com/news/tony-tiger-mission-tiger-partner-121200642.html,1684498320,STORY
253e3f3e-58cf-336b-8019-11cc55c3a458,K,2023-5-19,Kellogg Company (NYSE:K) is a favorite amongst institutional investors who own 85%,Simply Wall St.,https://finance.yahoo.com/news/kellogg-company-nyse-k-favorite-104246014.html,1684492966,STORY
8d18b44b-de04-338c-b4c6-8122c30f19a2,K,2023-5-19,Chart of the Day: This Cereal Stock Is Looking Sweet,TheStreet.com,https://finance.yahoo.com/m/8d18b44b-de04-338c-b4c6-8122c30f19a2/chart-of-the-day%3A-this-cereal.html,1684357500,STORY
f5156cb3-0824-37d1-8793-020198dd3b84,K,2023-5-19,We're Waiting for This Cereal Brand to 'Snap' in Two Before Making a Move,TheStreet.com,https://finance.yahoo.com/m/f5156cb3-0824-37d1-8793-020198dd3b84/we%27re-waiting-for-this-cereal.html,1684265460,STORY
79f744ee-bb33-3304-b0b7-d0f10ae6f774,K,2023-5-19,Six Star Pro Nutrition® and Kellogg’s® Collaborate to Turn Iconic Cereal Flavors into Protein Powder,GlobeNewswire,https://finance.yahoo.com/news/six-star-pro-nutrition-kellogg-133900016.html,1684244340,STORY
aa8acfec-1cd7-3aab-9e68-d084ed358bcc,K,2023-5-19,Why Investors Need to Take Advantage of These 2 Consumer Staples Stocks Now,Zacks,https://finance.yahoo.com/news/why-investors-advantage-2-consumer-130001322.html,1684155601,STORY
f4f590d1-0d66-3676-9de9-049be856e300,K,2023-5-19,The Kraft Heinz and The Estee Lauder have been highlighted as Zacks Bull and Bear of the Day,Zacks,https://finance.yahoo.com/news/kraft-heinz-estee-lauder-highlighted-111011387.html,1683889811,STORY
f73c8dca-0d97-3a03-be69-38e00ecc2526,K,2023-5-19,3 Stocks Seeing Recent Analyst Upgrades,Zacks,https://finance.yahoo.com/news/3-stocks-seeing-recent-analyst-183706523.html,1683830226,STORY
9ca5eb6b-7ad4-31e8-9771-128c9674deea,K,2023-5-20,Tony the Tiger® and Mission Tiger Partner with Meijer to Give More Kids Access to Middle School Sports,PR Newswire,https://finance.yahoo.com/news/tony-tiger-mission-tiger-partner-121200642.html,1684498320,STORY
253e3f3e-58cf-336b-8019-11cc55c3a458,K,2023-5-20,Kellogg Company (NYSE:K) is a favorite amongst institutional investors who own 85%,Simply Wall St.,https://finance.yahoo.com/news/kellogg-company-nyse-k-favorite-104246014.html,1684492966,STORY
8d18b44b-de04-338c-b4c6-8122c30f19a2,K,2023-5-20,Chart of the Day: This Cereal Stock Is Looking Sweet,TheStreet.com,https://finance.yahoo.com/m/8d18b44b-de04-338c-b4c6-8122c30f19a2/chart-of-the-day%3A-this-cereal.html,1684357500,STORY
f5156cb3-0824-37d1-8793-020198dd3b84,K,2023-5-20,We're Waiting for This Cereal Brand to 'Snap' in Two Before Making a Move,TheStreet.com,https://finance.yahoo.com/m/f5156cb3-0824-37d1-8793-020198dd3b84/we%27re-waiting-for-this-cereal.html,1684265460,STORY
79f744ee-bb33-3304-b0b7-d0f10ae6f774,K,2023-5-20,Six Star Pro Nutrition® and Kellogg’s® Collaborate to Turn Iconic Cereal Flavors into Protein Powder,GlobeNewswire,https://finance.yahoo.com/news/six-star-pro-nutrition-kellogg-133900016.html,1684244340,STORY
aa8acfec-1cd7-3aab-9e68-d084ed358bcc,K,2023-5-20,Why Investors Need to Take Advantage of These 2 Consumer Staples Stocks Now,Zacks,https://finance.yahoo.com/news/why-investors-advantage-2-consumer-130001322.html,1684155601,STORY
f4f590d1-0d66-3676-9de9-049be856e300,K,2023-5-20,The Kraft Heinz and The Estee Lauder have been highlighted as Zacks Bull and Bear of the Day,Zacks,https://finance.yahoo.com/news/kraft-heinz-estee-lauder-highlighted-111011387.html,1683889811,STORY
f73c8dca-0d97-3a03-be69-38e00ecc2526,K,2023-5-20,3 Stocks Seeing Recent Analyst Upgrades,Zacks,https://finance.yahoo.com/news/3-stocks-seeing-recent-analyst-183706523.html,1683830226,STORY
9ca5eb6b-7ad4-31e8-9771-128c9674deea,K,2023-5-21,Tony the Tiger® and Mission Tiger Partner with Meijer to Give More Kids Access to Middle School Sports,PR Newswire,https://finance.yahoo.com/news/tony-tiger-mission-tiger-partner-121200642.html,1684498320,STORY
253e3f3e-58cf-336b-8019-11cc55c3a458,K,2023-5-21,Kellogg Company (NYSE:K) is a favorite amongst institutional investors who own 85%,Simply Wall St.,https://finance.yahoo.com/news/kellogg-company-nyse-k-favorite-104246014.html,1684492966,STORY
8d18b44b-de04-338c-b4c6-8122c30f19a2,K,2023-5-21,Chart of the Day: This Cereal Stock Is Looking Sweet,TheStreet.com,https://finance.yahoo.com/m/8d18b44b-de04-338c-b4c6-8122c30f19a2/chart-of-the-day%3A-this-cereal.html,1684357500,STORY
f5156cb3-0824-37d1-8793-020198dd3b84,K,2023-5-21,We're Waiting for This Cereal Brand to 'Snap' in Two Before Making a Move,TheStreet.com,https://finance.yahoo.com/m/f5156cb3-0824-37d1-8793-020198dd3b84/we%27re-waiting-for-this-cereal.html,1684265460,STORY
79f744ee-bb33-3304-b0b7-d0f10ae6f774,K,2023-5-21,Six Star Pro Nutrition® and Kellogg’s® Collaborate to Turn Iconic Cereal Flavors into Protein Powder,GlobeNewswire,https://finance.yahoo.com/news/six-star-pro-nutrition-kellogg-133900016.html,1684244340,STORY
aa8acfec-1cd7-3aab-9e68-d084ed358bcc,K,2023-5-21,Why Investors Need to Take Advantage of These 2 Consumer Staples Stocks Now,Zacks,https://finance.yahoo.com/news/why-investors-advantage-2-consumer-130001322.html,1684155601,STORY
f4f590d1-0d66-3676-9de9-049be856e300,K,2023-5-21,The Kraft Heinz and The Estee Lauder have been highlighted as Zacks Bull and Bear of the Day,Zacks,https://finance.yahoo.com/news/kraft-heinz-estee-lauder-highlighted-111011387.html,1683889811,STORY
f73c8dca-0d97-3a03-be69-38e00ecc2526,K,2023-5-21,3 Stocks Seeing Recent Analyst Upgrades,Zacks,https://finance.yahoo.com/news/3-stocks-seeing-recent-analyst-183706523.html,1683830226,STORY
9ca5eb6b-7ad4-31e8-9771-128c9674deea,K,2023-5-22,Tony the Tiger® and Mission Tiger Partner with Meijer to Give More Kids Access to Middle School Sports,PR Newswire,https://finance.yahoo.com/news/tony-tiger-mission-tiger-partner-121200642.html,1684498320,STORY
253e3f3e-58cf-336b-8019-11cc55c3a458,K,2023-5-22,Kellogg Company (NYSE:K) is a favorite amongst institutional investors who own 85%,Simply Wall St.,https://finance.yahoo.com/news/kellogg-company-nyse-k-favorite-104246014.html,1684492966,STORY
8d18b44b-de04-338c-b4c6-8122c30f19a2,K,2023-5-22,Chart of the Day: This Cereal Stock Is Looking Sweet,TheStreet.com,https://finance.yahoo.com/m/8d18b44b-de04-338c-b4c6-8122c30f19a2/chart-of-the-day%3A-this-cereal.html,1684357500,STORY
f5156cb3-0824-37d1-8793-020198dd3b84,K,2023-5-22,We're Waiting for This Cereal Brand to 'Snap' in Two Before Making a Move,TheStreet.com,https://finance.yahoo.com/m/f5156cb3-0824-37d1-8793-020198dd3b84/we%27re-waiting-for-this-cereal.html,1684265460,STORY
79f744ee-bb33-3304-b0b7-d0f10ae6f774,K,2023-5-22,Six Star Pro Nutrition® and Kellogg’s® Collaborate to Turn Iconic Cereal Flavors into Protein Powder,GlobeNewswire,https://finance.yahoo.com/news/six-star-pro-nutrition-kellogg-133900016.html,1684244340,STORY
aa8acfec-1cd7-3aab-9e68-d084ed358bcc,K,2023-5-22,Why Investors Need to Take Advantage of These 2 Consumer Staples Stocks Now,Zacks,https://finance.yahoo.com/news/why-investors-advantage-2-consumer-130001322.html,1684155601,STORY
f4f590d1-0d66-3676-9de9-049be856e300,K,2023-5-22,The Kraft Heinz and The Estee Lauder have been highlighted as Zacks Bull and Bear of the Day,Zacks,https://finance.yahoo.com/news/kraft-heinz-estee-lauder-highlighted-111011387.html,1683889811,STORY
f73c8dca-0d97-3a03-be69-38e00ecc2526,K,2023-5-22,3 Stocks Seeing Recent Analyst Upgrades,Zacks,https://finance.yahoo.com/news/3-stocks-seeing-recent-analyst-183706523.html,1683830226,STORY
dd9b8a54-0e0e-3cba-9dd3-088951463110,K,2023-5-23,Weekly Stock List,Argus Research,https://finance.yahoo.com/m/dd9b8a54-0e0e-3cba-9dd3-088951463110/weekly-stock-list.html,1684758247,STORY
9ca5eb6b-7ad4-31e8-9771-128c9674deea,K,2023-5-23,Tony the Tiger® and Mission Tiger Partner with Meijer to Give More Kids Access to Middle School Sports,PR Newswire,https://finance.yahoo.com/news/tony-tiger-mission-tiger-partner-121200642.html,1684498320,STORY
253e3f3e-58cf-336b-8019-11cc55c3a458,K,2023-5-23,Kellogg Company (NYSE:K) is a favorite amongst institutional investors who own 85%,Simply Wall St.,https://finance.yahoo.com/news/kellogg-company-nyse-k-favorite-104246014.html,1684492966,STORY
8d18b44b-de04-338c-b4c6-8122c30f19a2,K,2023-5-23,Chart of the Day: This Cereal Stock Is Looking Sweet,TheStreet.com,https://finance.yahoo.com/m/8d18b44b-de04-338c-b4c6-8122c30f19a2/chart-of-the-day%3A-this-cereal.html,1684357500,STORY
f5156cb3-0824-37d1-8793-020198dd3b84,K,2023-5-23,We're Waiting for This Cereal Brand to 'Snap' in Two Before Making a Move,TheStreet.com,https://finance.yahoo.com/m/f5156cb3-0824-37d1-8793-020198dd3b84/we%27re-waiting-for-this-cereal.html,1684265460,STORY
79f744ee-bb33-3304-b0b7-d0f10ae6f774,K,2023-5-23,Six Star Pro Nutrition® and Kellogg’s® Collaborate to Turn Iconic Cereal Flavors into Protein Powder,GlobeNewswire,https://finance.yahoo.com/news/six-star-pro-nutrition-kellogg-133900016.html,1684244340,STORY
aa8acfec-1cd7-3aab-9e68-d084ed358bcc,K,2023-5-23,Why Investors Need to Take Advantage of These 2 Consumer Staples Stocks Now,Zacks,https://finance.yahoo.com/news/why-investors-advantage-2-consumer-130001322.html,1684155601,STORY
f4f590d1-0d66-3676-9de9-049be856e300,K,2023-5-23,The Kraft Heinz and The Estee Lauder have been highlighted as Zacks Bull and Bear of the Day,Zacks,https://finance.yahoo.com/news/kraft-heinz-estee-lauder-highlighted-111011387.html,1683889811,STORY
142d78ad-da19-3c4f-bf60-f7567515cf07,K,2023-5-24,GXO expands European relationship with Kellogg,FreightWaves,https://finance.yahoo.com/news/gxo-expands-european-relationship-kellogg-182826080.html,1684866506,STORY
9ca5eb6b-7ad4-31e8-9771-128c9674deea,K,2023-5-24,Tony the Tiger® and Mission Tiger Partner with Meijer to Give More Kids Access to Middle School Sports,PR Newswire,https://finance.yahoo.com/news/tony-tiger-mission-tiger-partner-121200642.html,1684498320,STORY
253e3f3e-58cf-336b-8019-11cc55c3a458,K,2023-5-24,Kellogg Company (NYSE:K) is a favorite amongst institutional investors who own 85%,Simply Wall St.,https://finance.yahoo.com/news/kellogg-company-nyse-k-favorite-104246014.html,1684492966,STORY
8d18b44b-de04-338c-b4c6-8122c30f19a2,K,2023-5-24,Chart of the Day: This Cereal Stock Is Looking Sweet,TheStreet.com,https://finance.yahoo.com/m/8d18b44b-de04-338c-b4c6-8122c30f19a2/chart-of-the-day%3A-this-cereal.html,1684357500,STORY
f5156cb3-0824-37d1-8793-020198dd3b84,K,2023-5-24,We're Waiting for This Cereal Brand to 'Snap' in Two Before Making a Move,TheStreet.com,https://finance.yahoo.com/m/f5156cb3-0824-37d1-8793-020198dd3b84/we%27re-waiting-for-this-cereal.html,1684265460,STORY
79f744ee-bb33-3304-b0b7-d0f10ae6f774,K,2023-5-24,Six Star Pro Nutrition® and Kellogg’s® Collaborate to Turn Iconic Cereal Flavors into Protein Powder,GlobeNewswire,https://finance.yahoo.com/news/six-star-pro-nutrition-kellogg-133900016.html,1684244340,STORY
aa8acfec-1cd7-3aab-9e68-d084ed358bcc,K,2023-5-24,Why Investors Need to Take Advantage of These 2 Consumer Staples Stocks Now,Zacks,https://finance.yahoo.com/news/why-investors-advantage-2-consumer-130001322.html,1684155601,STORY
f4f590d1-0d66-3676-9de9-049be856e300,K,2023-5-24,The Kraft Heinz and The Estee Lauder have been highlighted as Zacks Bull and Bear of the Day,Zacks,https://finance.yahoo.com/news/kraft-heinz-estee-lauder-highlighted-111011387.html,1683889811,STORY
5e4cfbb6-8ef9-3c65-9a6b-8de5b299abb4,K,2023-5-25,Kellogg Company's hunger relief efforts helped 252 million people since 2015,PR Newswire,https://finance.yahoo.com/news/kellogg-companys-hunger-relief-efforts-140300603.html,1684936980,STORY
142d78ad-da19-3c4f-bf60-f7567515cf07,K,2023-5-25,GXO expands European relationship with Kellogg,FreightWaves,https://finance.yahoo.com/news/gxo-expands-european-relationship-kellogg-182826080.html,1684866506,STORY
9ca5eb6b-7ad4-31e8-9771-128c9674deea,K,2023-5-25,Tony the Tiger® and Mission Tiger Partner with Meijer to Give More Kids Access to Middle School Sports,PR Newswire,https://finance.yahoo.com/news/tony-tiger-mission-tiger-partner-121200642.html,1684498320,STORY
253e3f3e-58cf-336b-8019-11cc55c3a458,K,2023-5-25,Kellogg Company (NYSE:K) is a favorite amongst institutional investors who own 85%,Simply Wall St.,https://finance.yahoo.com/news/kellogg-company-nyse-k-favorite-104246014.html,1684492966,STORY
8d18b44b-de04-338c-b4c6-8122c30f19a2,K,2023-5-25,Chart of the Day: This Cereal Stock Is Looking Sweet,TheStreet.com,https://finance.yahoo.com/m/8d18b44b-de04-338c-b4c6-8122c30f19a2/chart-of-the-day%3A-this-cereal.html,1684357500,STORY
f5156cb3-0824-37d1-8793-020198dd3b84,K,2023-5-25,We're Waiting for This Cereal Brand to 'Snap' in Two Before Making a Move,TheStreet.com,https://finance.yahoo.com/m/f5156cb3-0824-37d1-8793-020198dd3b84/we%27re-waiting-for-this-cereal.html,1684265460,STORY
79f744ee-bb33-3304-b0b7-d0f10ae6f774,K,2023-5-25,Six Star Pro Nutrition® and Kellogg’s® Collaborate to Turn Iconic Cereal Flavors into Protein Powder,GlobeNewswire,https://finance.yahoo.com/news/six-star-pro-nutrition-kellogg-133900016.html,1684244340,STORY
aa8acfec-1cd7-3aab-9e68-d084ed358bcc,K,2023-5-25,Why Investors Need to Take Advantage of These 2 Consumer Staples Stocks Now,Zacks,https://finance.yahoo.com/news/why-investors-advantage-2-consumer-130001322.html,1684155601,STORY
5e4cfbb6-8ef9-3c65-9a6b-8de5b299abb4,K,2023-5-26,Kellogg Company's hunger relief efforts helped 252 million people since 2015,PR Newswire,https://finance.yahoo.com/news/kellogg-companys-hunger-relief-efforts-140300603.html,1684936980,STORY
142d78ad-da19-3c4f-bf60-f7567515cf07,K,2023-5-26,GXO expands European relationship with Kellogg,FreightWaves,https://finance.yahoo.com/news/gxo-expands-european-relationship-kellogg-182826080.html,1684866506,STORY
9ca5eb6b-7ad4-31e8-9771-128c9674deea,K,2023-5-26,Tony the Tiger® and Mission Tiger Partner with Meijer to Give More Kids Access to Middle School Sports,PR Newswire,https://finance.yahoo.com/news/tony-tiger-mission-tiger-partner-121200642.html,1684498320,STORY
253e3f3e-58cf-336b-8019-11cc55c3a458,K,2023-5-26,Kellogg Company (NYSE:K) is a favorite amongst institutional investors who own 85%,Simply Wall St.,https://finance.yahoo.com/news/kellogg-company-nyse-k-favorite-104246014.html,1684492966,STORY
8d18b44b-de04-338c-b4c6-8122c30f19a2,K,2023-5-26,Chart of the Day: This Cereal Stock Is Looking Sweet,TheStreet.com,https://finance.yahoo.com/m/8d18b44b-de04-338c-b4c6-8122c30f19a2/chart-of-the-day%3A-this-cereal.html,1684357500,STORY
f5156cb3-0824-37d1-8793-020198dd3b84,K,2023-5-26,We're Waiting for This Cereal Brand to 'Snap' in Two Before Making a Move,TheStreet.com,https://finance.yahoo.com/m/f5156cb3-0824-37d1-8793-020198dd3b84/we%27re-waiting-for-this-cereal.html,1684265460,STORY
79f744ee-bb33-3304-b0b7-d0f10ae6f774,K,2023-5-26,Six Star Pro Nutrition® and Kellogg’s® Collaborate to Turn Iconic Cereal Flavors into Protein Powder,GlobeNewswire,https://finance.yahoo.com/news/six-star-pro-nutrition-kellogg-133900016.html,1684244340,STORY
aa8acfec-1cd7-3aab-9e68-d084ed358bcc,K,2023-5-26,Why Investors Need to Take Advantage of These 2 Consumer Staples Stocks Now,Zacks,https://finance.yahoo.com/news/why-investors-advantage-2-consumer-130001322.html,1684155601,STORY
5e4cfbb6-8ef9-3c65-9a6b-8de5b299abb4,K,2023-5-27,Kellogg Company's hunger relief efforts helped 252 million people since 2015,PR Newswire,https://finance.yahoo.com/news/kellogg-companys-hunger-relief-efforts-140300603.html,1684936980,STORY
142d78ad-da19-3c4f-bf60-f7567515cf07,K,2023-5-27,GXO expands European relationship with Kellogg,FreightWaves,https://finance.yahoo.com/news/gxo-expands-european-relationship-kellogg-182826080.html,1684866506,STORY
9ca5eb6b-7ad4-31e8-9771-128c9674deea,K,2023-5-27,Tony the Tiger® and Mission Tiger Partner with Meijer to Give More Kids Access to Middle School Sports,PR Newswire,https://finance.yahoo.com/news/tony-tiger-mission-tiger-partner-121200642.html,1684498320,STORY
253e3f3e-58cf-336b-8019-11cc55c3a458,K,2023-5-27,Kellogg Company (NYSE:K) is a favorite amongst institutional investors who own 85%,Simply Wall St.,https://finance.yahoo.com/news/kellogg-company-nyse-k-favorite-104246014.html,1684492966,STORY
8d18b44b-de04-338c-b4c6-8122c30f19a2,K,2023-5-27,Chart of the Day: This Cereal Stock Is Looking Sweet,TheStreet.com,https://finance.yahoo.com/m/8d18b44b-de04-338c-b4c6-8122c30f19a2/chart-of-the-day%3A-this-cereal.html,1684357500,STORY
f5156cb3-0824-37d1-8793-020198dd3b84,K,2023-5-27,We're Waiting for This Cereal Brand to 'Snap' in Two Before Making a Move,TheStreet.com,https://finance.yahoo.com/m/f5156cb3-0824-37d1-8793-020198dd3b84/we%27re-waiting-for-this-cereal.html,1684265460,STORY
79f744ee-bb33-3304-b0b7-d0f10ae6f774,K,2023-5-27,Six Star Pro Nutrition® and Kellogg’s® Collaborate to Turn Iconic Cereal Flavors into Protein Powder,GlobeNewswire,https://finance.yahoo.com/news/six-star-pro-nutrition-kellogg-133900016.html,1684244340,STORY
aa8acfec-1cd7-3aab-9e68-d084ed358bcc,K,2023-5-27,Why Investors Need to Take Advantage of These 2 Consumer Staples Stocks Now,Zacks,https://finance.yahoo.com/news/why-investors-advantage-2-consumer-130001322.html,1684155601,STORY
5e4cfbb6-8ef9-3c65-9a6b-8de5b299abb4,K,2023-5-28,Kellogg Company's hunger relief efforts helped 252 million people since 2015,PR Newswire,https://finance.yahoo.com/news/kellogg-companys-hunger-relief-efforts-140300603.html,1684936980,STORY
142d78ad-da19-3c4f-bf60-f7567515cf07,K,2023-5-28,GXO expands European relationship with Kellogg,FreightWaves,https://finance.yahoo.com/news/gxo-expands-european-relationship-kellogg-182826080.html,1684866506,STORY
9ca5eb6b-7ad4-31e8-9771-128c9674deea,K,2023-5-28,Tony the Tiger® and Mission Tiger Partner with Meijer to Give More Kids Access to Middle School Sports,PR Newswire,https://finance.yahoo.com/news/tony-tiger-mission-tiger-partner-121200642.html,1684498320,STORY
253e3f3e-58cf-336b-8019-11cc55c3a458,K,2023-5-28,Kellogg Company (NYSE:K) is a favorite amongst institutional investors who own 85%,Simply Wall St.,https://finance.yahoo.com/news/kellogg-company-nyse-k-favorite-104246014.html,1684492966,STORY
8d18b44b-de04-338c-b4c6-8122c30f19a2,K,2023-5-28,Chart of the Day: This Cereal Stock Is Looking Sweet,TheStreet.com,https://finance.yahoo.com/m/8d18b44b-de04-338c-b4c6-8122c30f19a2/chart-of-the-day%3A-this-cereal.html,1684357500,STORY
f5156cb3-0824-37d1-8793-020198dd3b84,K,2023-5-28,We're Waiting for This Cereal Brand to 'Snap' in Two Before Making a Move,TheStreet.com,https://finance.yahoo.com/m/f5156cb3-0824-37d1-8793-020198dd3b84/we%27re-waiting-for-this-cereal.html,1684265460,STORY
79f744ee-bb33-3304-b0b7-d0f10ae6f774,K,2023-5-28,Six Star Pro Nutrition® and Kellogg’s® Collaborate to Turn Iconic Cereal Flavors into Protein Powder,GlobeNewswire,https://finance.yahoo.com/news/six-star-pro-nutrition-kellogg-133900016.html,1684244340,STORY
aa8acfec-1cd7-3aab-9e68-d084ed358bcc,K,2023-5-28,Why Investors Need to Take Advantage of These 2 Consumer Staples Stocks Now,Zacks,https://finance.yahoo.com/news/why-investors-advantage-2-consumer-130001322.html,1684155601,STORY
5e4cfbb6-8ef9-3c65-9a6b-8de5b299abb4,K,2023-5-29,Kellogg Company's hunger relief efforts helped 252 million people since 2015,PR Newswire,https://finance.yahoo.com/news/kellogg-companys-hunger-relief-efforts-140300603.html,1684936980,STORY
142d78ad-da19-3c4f-bf60-f7567515cf07,K,2023-5-29,GXO expands European relationship with Kellogg,FreightWaves,https://finance.yahoo.com/news/gxo-expands-european-relationship-kellogg-182826080.html,1684866506,STORY
9ca5eb6b-7ad4-31e8-9771-128c9674deea,K,2023-5-29,Tony the Tiger® and Mission Tiger Partner with Meijer to Give More Kids Access to Middle School Sports,PR Newswire,https://finance.yahoo.com/news/tony-tiger-mission-tiger-partner-121200642.html,1684498320,STORY
253e3f3e-58cf-336b-8019-11cc55c3a458,K,2023-5-29,Kellogg Company (NYSE:K) is a favorite amongst institutional investors who own 85%,Simply Wall St.,https://finance.yahoo.com/news/kellogg-company-nyse-k-favorite-104246014.html,1684492966,STORY
8d18b44b-de04-338c-b4c6-8122c30f19a2,K,2023-5-29,Chart of the Day: This Cereal Stock Is Looking Sweet,TheStreet.com,https://finance.yahoo.com/m/8d18b44b-de04-338c-b4c6-8122c30f19a2/chart-of-the-day%3A-this-cereal.html,1684357500,STORY
f5156cb3-0824-37d1-8793-020198dd3b84,K,2023-5-29,We're Waiting for This Cereal Brand to 'Snap' in Two Before Making a Move,TheStreet.com,https://finance.yahoo.com/m/f5156cb3-0824-37d1-8793-020198dd3b84/we%27re-waiting-for-this-cereal.html,1684265460,STORY
79f744ee-bb33-3304-b0b7-d0f10ae6f774,K,2023-5-29,Six Star Pro Nutrition® and Kellogg’s® Collaborate to Turn Iconic Cereal Flavors into Protein Powder,GlobeNewswire,https://finance.yahoo.com/news/six-star-pro-nutrition-kellogg-133900016.html,1684244340,STORY
aa8acfec-1cd7-3aab-9e68-d084ed358bcc,K,2023-5-29,Why Investors Need to Take Advantage of These 2 Consumer Staples Stocks Now,Zacks,https://finance.yahoo.com/news/why-investors-advantage-2-consumer-130001322.html,1684155601,STORY
bb97088e-83c8-3d7d-884a-0d81b83cfbf6,K,2023-5-30,‘The illusion of choice in America’: TikToker shows nearly all cereal brands are owned by just a few megacorporations — 3 companies that dominate the cereal aisle and how they've performed,MoneyWise,https://finance.yahoo.com/news/illusion-choice-america-tiktoker-shows-110000878.html,1685444400,STORY
5e4cfbb6-8ef9-3c65-9a6b-8de5b299abb4,K,2023-5-30,Kellogg Company's hunger relief efforts helped 252 million people since 2015,PR Newswire,https://finance.yahoo.com/news/kellogg-companys-hunger-relief-efforts-140300603.html,1684936980,STORY
142d78ad-da19-3c4f-bf60-f7567515cf07,K,2023-5-30,GXO expands European relationship with Kellogg,FreightWaves,https://finance.yahoo.com/news/gxo-expands-european-relationship-kellogg-182826080.html,1684866506,STORY
9ca5eb6b-7ad4-31e8-9771-128c9674deea,K,2023-5-30,Tony the Tiger® and Mission Tiger Partner with Meijer to Give More Kids Access to Middle School Sports,PR Newswire,https://finance.yahoo.com/news/tony-tiger-mission-tiger-partner-121200642.html,1684498320,STORY
253e3f3e-58cf-336b-8019-11cc55c3a458,K,2023-5-30,Kellogg Company (NYSE:K) is a favorite amongst institutional investors who own 85%,Simply Wall St.,https://finance.yahoo.com/news/kellogg-company-nyse-k-favorite-104246014.html,1684492966,STORY
8d18b44b-de04-338c-b4c6-8122c30f19a2,K,2023-5-30,Chart of the Day: This Cereal Stock Is Looking Sweet,TheStreet.com,https://finance.yahoo.com/m/8d18b44b-de04-338c-b4c6-8122c30f19a2/chart-of-the-day%3A-this-cereal.html,1684357500,STORY
f5156cb3-0824-37d1-8793-020198dd3b84,K,2023-5-30,We're Waiting for This Cereal Brand to 'Snap' in Two Before Making a Move,TheStreet.com,https://finance.yahoo.com/m/f5156cb3-0824-37d1-8793-020198dd3b84/we%27re-waiting-for-this-cereal.html,1684265460,STORY
79f744ee-bb33-3304-b0b7-d0f10ae6f774,K,2023-5-30,Six Star Pro Nutrition® and Kellogg’s® Collaborate to Turn Iconic Cereal Flavors into Protein Powder,GlobeNewswire,https://finance.yahoo.com/news/six-star-pro-nutrition-kellogg-133900016.html,1684244340,STORY
bb97088e-83c8-3d7d-884a-0d81b83cfbf6,K,2023-5-31,‘The illusion of choice in America’: TikToker shows nearly all cereal brands are owned by just a few megacorporations — 3 companies that dominate the cereal aisle and how they've performed,MoneyWise,https://finance.yahoo.com/news/illusion-choice-america-tiktoker-shows-110000878.html,1685444400,STORY
5e4cfbb6-8ef9-3c65-9a6b-8de5b299abb4,K,2023-5-31,Kellogg Company's hunger relief efforts helped 252 million people since 2015,PR Newswire,https://finance.yahoo.com/news/kellogg-companys-hunger-relief-efforts-140300603.html,1684936980,STORY
142d78ad-da19-3c4f-bf60-f7567515cf07,K,2023-5-31,GXO expands European relationship with Kellogg,FreightWaves,https://finance.yahoo.com/news/gxo-expands-european-relationship-kellogg-182826080.html,1684866506,STORY
9ca5eb6b-7ad4-31e8-9771-128c9674deea,K,2023-5-31,Tony the Tiger® and Mission Tiger Partner with Meijer to Give More Kids Access to Middle School Sports,PR Newswire,https://finance.yahoo.com/news/tony-tiger-mission-tiger-partner-121200642.html,1684498320,STORY
253e3f3e-58cf-336b-8019-11cc55c3a458,K,2023-5-31,Kellogg Company (NYSE:K) is a favorite amongst institutional investors who own 85%,Simply Wall St.,https://finance.yahoo.com/news/kellogg-company-nyse-k-favorite-104246014.html,1684492966,STORY
8d18b44b-de04-338c-b4c6-8122c30f19a2,K,2023-5-31,Chart of the Day: This Cereal Stock Is Looking Sweet,TheStreet.com,https://finance.yahoo.com/m/8d18b44b-de04-338c-b4c6-8122c30f19a2/chart-of-the-day%3A-this-cereal.html,1684357500,STORY
f5156cb3-0824-37d1-8793-020198dd3b84,K,2023-5-31,We're Waiting for This Cereal Brand to 'Snap' in Two Before Making a Move,TheStreet.com,https://finance.yahoo.com/m/f5156cb3-0824-37d1-8793-020198dd3b84/we%27re-waiting-for-this-cereal.html,1684265460,STORY
79f744ee-bb33-3304-b0b7-d0f10ae6f774,K,2023-5-31,Six Star Pro Nutrition® and Kellogg’s® Collaborate to Turn Iconic Cereal Flavors into Protein Powder,GlobeNewswire,https://finance.yahoo.com/news/six-star-pro-nutrition-kellogg-133900016.html,1684244340,STORY
846f0de0-4539-3594-bd1f-5a4e44977687,K,2023-6-1,POP-TARTS® INTERCEPTS COLLEGE FOOTBALL FANDOM WITH FIRST-EVER POP-TARTS BOWL,PR Newswire,https://finance.yahoo.com/news/pop-tarts-intercepts-college-football-174500667.html,1685555100,STORY
bb97088e-83c8-3d7d-884a-0d81b83cfbf6,K,2023-6-1,‘The illusion of choice in America’: TikToker shows nearly all cereal brands are owned by just a few megacorporations — 3 companies that dominate the cereal aisle and how they've performed,MoneyWise,https://finance.yahoo.com/news/illusion-choice-america-tiktoker-shows-110000878.html,1685444400,STORY
5e4cfbb6-8ef9-3c65-9a6b-8de5b299abb4,K,2023-6-1,Kellogg Company's hunger relief efforts helped 252 million people since 2015,PR Newswire,https://finance.yahoo.com/news/kellogg-companys-hunger-relief-efforts-140300603.html,1684936980,STORY
142d78ad-da19-3c4f-bf60-f7567515cf07,K,2023-6-1,GXO expands European relationship with Kellogg,FreightWaves,https://finance.yahoo.com/news/gxo-expands-european-relationship-kellogg-182826080.html,1684866506,STORY
9ca5eb6b-7ad4-31e8-9771-128c9674deea,K,2023-6-1,Tony the Tiger® and Mission Tiger Partner with Meijer to Give More Kids Access to Middle School Sports,PR Newswire,https://finance.yahoo.com/news/tony-tiger-mission-tiger-partner-121200642.html,1684498320,STORY
253e3f3e-58cf-336b-8019-11cc55c3a458,K,2023-6-1,Kellogg Company (NYSE:K) is a favorite amongst institutional investors who own 85%,Simply Wall St.,https://finance.yahoo.com/news/kellogg-company-nyse-k-favorite-104246014.html,1684492966,STORY
8d18b44b-de04-338c-b4c6-8122c30f19a2,K,2023-6-1,Chart of the Day: This Cereal Stock Is Looking Sweet,TheStreet.com,https://finance.yahoo.com/m/8d18b44b-de04-338c-b4c6-8122c30f19a2/chart-of-the-day%3A-this-cereal.html,1684357500,STORY
f5156cb3-0824-37d1-8793-020198dd3b84,K,2023-6-1,We're Waiting for This Cereal Brand to 'Snap' in Two Before Making a Move,TheStreet.com,https://finance.yahoo.com/m/f5156cb3-0824-37d1-8793-020198dd3b84/we%27re-waiting-for-this-cereal.html,1684265460,STORY
7ca47f3c-d764-3dee-a483-2ec440fab64d,K,2023-6-2,TONY THE TIGER® RECRUITS 5-STAR ROSTER OF COLLEGE ATHLETES TO BRING THE FUN BACK TO YOUTH SPORTS WITH KELLOGG'S FROSTED FLAKES® MISSION TIGER™,PR Newswire,https://finance.yahoo.com/news/tony-tiger-recruits-5-star-171000470.html,1685639400,STORY
846f0de0-4539-3594-bd1f-5a4e44977687,K,2023-6-2,POP-TARTS® INTERCEPTS COLLEGE FOOTBALL FANDOM WITH FIRST-EVER POP-TARTS BOWL,PR Newswire,https://finance.yahoo.com/news/pop-tarts-intercepts-college-football-174500667.html,1685555100,STORY
bb97088e-83c8-3d7d-884a-0d81b83cfbf6,K,2023-6-2,‘The illusion of choice in America’: TikToker shows nearly all cereal brands are owned by just a few megacorporations — 3 companies that dominate the cereal aisle and how they've performed,MoneyWise,https://finance.yahoo.com/news/illusion-choice-america-tiktoker-shows-110000878.html,1685444400,STORY
5e4cfbb6-8ef9-3c65-9a6b-8de5b299abb4,K,2023-6-2,Kellogg Company's hunger relief efforts helped 252 million people since 2015,PR Newswire,https://finance.yahoo.com/news/kellogg-companys-hunger-relief-efforts-140300603.html,1684936980,STORY
142d78ad-da19-3c4f-bf60-f7567515cf07,K,2023-6-2,GXO expands European relationship with Kellogg,FreightWaves,https://finance.yahoo.com/news/gxo-expands-european-relationship-kellogg-182826080.html,1684866506,STORY
9ca5eb6b-7ad4-31e8-9771-128c9674deea,K,2023-6-2,Tony the Tiger® and Mission Tiger Partner with Meijer to Give More Kids Access to Middle School Sports,PR Newswire,https://finance.yahoo.com/news/tony-tiger-mission-tiger-partner-121200642.html,1684498320,STORY
253e3f3e-58cf-336b-8019-11cc55c3a458,K,2023-6-2,Kellogg Company (NYSE:K) is a favorite amongst institutional investors who own 85%,Simply Wall St.,https://finance.yahoo.com/news/kellogg-company-nyse-k-favorite-104246014.html,1684492966,STORY
8d18b44b-de04-338c-b4c6-8122c30f19a2,K,2023-6-2,Chart of the Day: This Cereal Stock Is Looking Sweet,TheStreet.com,https://finance.yahoo.com/m/8d18b44b-de04-338c-b4c6-8122c30f19a2/chart-of-the-day%3A-this-cereal.html,1684357500,STORY
bde5187f-7de3-3fb1-947b-ff4af9be1c7f,K,2023-6-3,How One Trader Made $8 Million In The Stock Market In 2 Years,Benzinga,https://finance.yahoo.com/news/one-trader-made-8-million-194154122.html,1685734914,STORY
9617d5c5-e67b-3818-91a3-feae2d564010,K,2023-6-3,Kellogg Plans a Separation of Its Cereal Business. Is the Move Right on Time for Investors?,Motley Fool,https://finance.yahoo.com/m/9617d5c5-e67b-3818-91a3-feae2d564010/kellogg-plans-a-separation-of.html,1685714400,STORY
7ca47f3c-d764-3dee-a483-2ec440fab64d,K,2023-6-3,TONY THE TIGER® RECRUITS 5-STAR ROSTER OF COLLEGE ATHLETES TO BRING THE FUN BACK TO YOUTH SPORTS WITH KELLOGG'S FROSTED FLAKES® MISSION TIGER™,PR Newswire,https://finance.yahoo.com/news/tony-tiger-recruits-5-star-171000470.html,1685639400,STORY
846f0de0-4539-3594-bd1f-5a4e44977687,K,2023-6-3,POP-TARTS® INTERCEPTS COLLEGE FOOTBALL FANDOM WITH FIRST-EVER POP-TARTS BOWL,PR Newswire,https://finance.yahoo.com/news/pop-tarts-intercepts-college-football-174500667.html,1685555100,STORY
bb97088e-83c8-3d7d-884a-0d81b83cfbf6,K,2023-6-3,‘The illusion of choice in America’: TikToker shows nearly all cereal brands are owned by just a few megacorporations — 3 companies that dominate the cereal aisle and how they've performed,MoneyWise,https://finance.yahoo.com/news/illusion-choice-america-tiktoker-shows-110000878.html,1685444400,STORY
5e4cfbb6-8ef9-3c65-9a6b-8de5b299abb4,K,2023-6-3,Kellogg Company's hunger relief efforts helped 252 million people since 2015,PR Newswire,https://finance.yahoo.com/news/kellogg-companys-hunger-relief-efforts-140300603.html,1684936980,STORY
142d78ad-da19-3c4f-bf60-f7567515cf07,K,2023-6-3,GXO expands European relationship with Kellogg,FreightWaves,https://finance.yahoo.com/news/gxo-expands-european-relationship-kellogg-182826080.html,1684866506,STORY
9ca5eb6b-7ad4-31e8-9771-128c9674deea,K,2023-6-3,Tony the Tiger® and Mission Tiger Partner with Meijer to Give More Kids Access to Middle School Sports,PR Newswire,https://finance.yahoo.com/news/tony-tiger-mission-tiger-partner-121200642.html,1684498320,STORY
bde5187f-7de3-3fb1-947b-ff4af9be1c7f,K,2023-6-4,How One Trader Made $8 Million In The Stock Market In 2 Years,Benzinga,https://finance.yahoo.com/news/one-trader-made-8-million-194154122.html,1685734914,STORY
9617d5c5-e67b-3818-91a3-feae2d564010,K,2023-6-4,Kellogg Plans a Separation of Its Cereal Business. Is the Move Right on Time for Investors?,Motley Fool,https://finance.yahoo.com/m/9617d5c5-e67b-3818-91a3-feae2d564010/kellogg-plans-a-separation-of.html,1685714400,STORY
7ca47f3c-d764-3dee-a483-2ec440fab64d,K,2023-6-4,TONY THE TIGER® RECRUITS 5-STAR ROSTER OF COLLEGE ATHLETES TO BRING THE FUN BACK TO YOUTH SPORTS WITH KELLOGG'S FROSTED FLAKES® MISSION TIGER™,PR Newswire,https://finance.yahoo.com/news/tony-tiger-recruits-5-star-171000470.html,1685639400,STORY
846f0de0-4539-3594-bd1f-5a4e44977687,K,2023-6-4,POP-TARTS® INTERCEPTS COLLEGE FOOTBALL FANDOM WITH FIRST-EVER POP-TARTS BOWL,PR Newswire,https://finance.yahoo.com/news/pop-tarts-intercepts-college-football-174500667.html,1685555100,STORY
bb97088e-83c8-3d7d-884a-0d81b83cfbf6,K,2023-6-4,‘The illusion of choice in America’: TikToker shows nearly all cereal brands are owned by just a few megacorporations — 3 companies that dominate the cereal aisle and how they've performed,MoneyWise,https://finance.yahoo.com/news/illusion-choice-america-tiktoker-shows-110000878.html,1685444400,STORY
5e4cfbb6-8ef9-3c65-9a6b-8de5b299abb4,K,2023-6-4,Kellogg Company's hunger relief efforts helped 252 million people since 2015,PR Newswire,https://finance.yahoo.com/news/kellogg-companys-hunger-relief-efforts-140300603.html,1684936980,STORY
142d78ad-da19-3c4f-bf60-f7567515cf07,K,2023-6-4,GXO expands European relationship with Kellogg,FreightWaves,https://finance.yahoo.com/news/gxo-expands-european-relationship-kellogg-182826080.html,1684866506,STORY
9ca5eb6b-7ad4-31e8-9771-128c9674deea,K,2023-6-4,Tony the Tiger® and Mission Tiger Partner with Meijer to Give More Kids Access to Middle School Sports,PR Newswire,https://finance.yahoo.com/news/tony-tiger-mission-tiger-partner-121200642.html,1684498320,STORY
e11012ea-96dc-34fe-9e76-9903953959fe,K,2023-6-5,Analyst Report: Kellogg Co,Argus Research,https://finance.yahoo.com/m/e11012ea-96dc-34fe-9e76-9903953959fe/analyst-report%3A-kellogg-co.html,1685964418,STORY
4ffa9c2e-2ba6-3f16-bd7e-13b0839532b8,K,2023-6-5,"Market Digest: K, DG, XYL, DELL",Argus Research,https://finance.yahoo.com/m/4ffa9c2e-2ba6-3f16-bd7e-13b0839532b8/market-digest%3A-k%2C-dg%2C-xyl%2C.html,1685963518,STORY
06367e52-de3d-3b4d-881b-4dbdcf23eda7,K,2023-6-5,Kellogg (NYSE:K) Has Some Difficulty Using Its Capital Effectively,Simply Wall St.,https://finance.yahoo.com/news/kellogg-nyse-k-difficulty-using-104013259.html,1685961613,STORY
bde5187f-7de3-3fb1-947b-ff4af9be1c7f,K,2023-6-5,How One Trader Made $8 Million In The Stock Market In 2 Years,Benzinga,https://finance.yahoo.com/news/one-trader-made-8-million-194154122.html,1685734914,STORY
9617d5c5-e67b-3818-91a3-feae2d564010,K,2023-6-5,Kellogg Plans a Separation of Its Cereal Business. Is the Move Right on Time for Investors?,Motley Fool,https://finance.yahoo.com/m/9617d5c5-e67b-3818-91a3-feae2d564010/kellogg-plans-a-separation-of.html,1685714400,STORY
7ca47f3c-d764-3dee-a483-2ec440fab64d,K,2023-6-5,TONY THE TIGER® RECRUITS 5-STAR ROSTER OF COLLEGE ATHLETES TO BRING THE FUN BACK TO YOUTH SPORTS WITH KELLOGG'S FROSTED FLAKES® MISSION TIGER™,PR Newswire,https://finance.yahoo.com/news/tony-tiger-recruits-5-star-171000470.html,1685639400,STORY
846f0de0-4539-3594-bd1f-5a4e44977687,K,2023-6-5,POP-TARTS® INTERCEPTS COLLEGE FOOTBALL FANDOM WITH FIRST-EVER POP-TARTS BOWL,PR Newswire,https://finance.yahoo.com/news/pop-tarts-intercepts-college-football-174500667.html,1685555100,STORY
bb97088e-83c8-3d7d-884a-0d81b83cfbf6,K,2023-6-5,‘The illusion of choice in America’: TikToker shows nearly all cereal brands are owned by just a few megacorporations — 3 companies that dominate the cereal aisle and how they've performed,MoneyWise,https://finance.yahoo.com/news/illusion-choice-america-tiktoker-shows-110000878.html,1685444400,STORY
3960f941-68c1-3f7f-8dfd-b4ed1f8d7569,K,2023-6-6,"Kellogg Company is on track to fulfill its environmental, sustainability commitments",PR Newswire,https://finance.yahoo.com/news/kellogg-company-track-fulfill-environmental-141200640.html,1685974320,STORY
99264d37-dfe0-3f1a-a768-8f8d821e59d5,K,2023-6-6,INTRODUCING THE CHEEZ-IT® STOP -- FEATURING 'THE WORLD'S FIRST AND ONLY CHEEZ-IT PUMP' THAT LITERALLY FILLS YOUR CAR WITH CRACKERS,PR Newswire,https://finance.yahoo.com/news/introducing-cheez-stop-featuring-worlds-140000114.html,1685973600,STORY
e11012ea-96dc-34fe-9e76-9903953959fe,K,2023-6-6,Analyst Report: Kellogg Co,Argus Research,https://finance.yahoo.com/m/e11012ea-96dc-34fe-9e76-9903953959fe/analyst-report%3A-kellogg-co.html,1685964418,STORY
4ffa9c2e-2ba6-3f16-bd7e-13b0839532b8,K,2023-6-6,"Market Digest: K, DG, XYL, DELL",Argus Research,https://finance.yahoo.com/m/4ffa9c2e-2ba6-3f16-bd7e-13b0839532b8/market-digest%3A-k%2C-dg%2C-xyl%2C.html,1685963518,STORY
06367e52-de3d-3b4d-881b-4dbdcf23eda7,K,2023-6-6,Kellogg (NYSE:K) Has Some Difficulty Using Its Capital Effectively,Simply Wall St.,https://finance.yahoo.com/news/kellogg-nyse-k-difficulty-using-104013259.html,1685961613,STORY
bde5187f-7de3-3fb1-947b-ff4af9be1c7f,K,2023-6-6,How One Trader Made $8 Million In The Stock Market In 2 Years,Benzinga,https://finance.yahoo.com/news/one-trader-made-8-million-194154122.html,1685734914,STORY
9617d5c5-e67b-3818-91a3-feae2d564010,K,2023-6-6,Kellogg Plans a Separation of Its Cereal Business. Is the Move Right on Time for Investors?,Motley Fool,https://finance.yahoo.com/m/9617d5c5-e67b-3818-91a3-feae2d564010/kellogg-plans-a-separation-of.html,1685714400,STORY
7ca47f3c-d764-3dee-a483-2ec440fab64d,K,2023-6-6,TONY THE TIGER® RECRUITS 5-STAR ROSTER OF COLLEGE ATHLETES TO BRING THE FUN BACK TO YOUTH SPORTS WITH KELLOGG'S FROSTED FLAKES® MISSION TIGER™,PR Newswire,https://finance.yahoo.com/news/tony-tiger-recruits-5-star-171000470.html,1685639400,STORY
e8e72b07-e46c-3afd-9e65-720bbced54e2,K,2023-6-7,PRINGLES® CREATES NEW COLLECTION WITH TWO STAR INGREDIENTS FOR A DELICIOUSLY COMPLEX TASTING EXPERIENCE,PR Newswire,https://finance.yahoo.com/news/pringles-creates-collection-two-star-120000376.html,1686139200,STORY
3960f941-68c1-3f7f-8dfd-b4ed1f8d7569,K,2023-6-7,"Kellogg Company is on track to fulfill its environmental, sustainability commitments",PR Newswire,https://finance.yahoo.com/news/kellogg-company-track-fulfill-environmental-141200640.html,1685974320,STORY
99264d37-dfe0-3f1a-a768-8f8d821e59d5,K,2023-6-7,INTRODUCING THE CHEEZ-IT® STOP -- FEATURING 'THE WORLD'S FIRST AND ONLY CHEEZ-IT PUMP' THAT LITERALLY FILLS YOUR CAR WITH CRACKERS,PR Newswire,https://finance.yahoo.com/news/introducing-cheez-stop-featuring-worlds-140000114.html,1685973600,STORY
06367e52-de3d-3b4d-881b-4dbdcf23eda7,K,2023-6-7,Kellogg (NYSE:K) Has Some Difficulty Using Its Capital Effectively,Simply Wall St.,https://finance.yahoo.com/news/kellogg-nyse-k-difficulty-using-104013259.html,1685961613,STORY
bde5187f-7de3-3fb1-947b-ff4af9be1c7f,K,2023-6-7,How One Trader Made $8 Million In The Stock Market In 2 Years,Benzinga,https://finance.yahoo.com/news/one-trader-made-8-million-194154122.html,1685734914,STORY
9617d5c5-e67b-3818-91a3-feae2d564010,K,2023-6-7,Kellogg Plans a Separation of Its Cereal Business. Is the Move Right on Time for Investors?,Motley Fool,https://finance.yahoo.com/m/9617d5c5-e67b-3818-91a3-feae2d564010/kellogg-plans-a-separation-of.html,1685714400,STORY
7ca47f3c-d764-3dee-a483-2ec440fab64d,K,2023-6-7,TONY THE TIGER® RECRUITS 5-STAR ROSTER OF COLLEGE ATHLETES TO BRING THE FUN BACK TO YOUTH SPORTS WITH KELLOGG'S FROSTED FLAKES® MISSION TIGER™,PR Newswire,https://finance.yahoo.com/news/tony-tiger-recruits-5-star-171000470.html,1685639400,STORY
846f0de0-4539-3594-bd1f-5a4e44977687,K,2023-6-7,POP-TARTS® INTERCEPTS COLLEGE FOOTBALL FANDOM WITH FIRST-EVER POP-TARTS BOWL,PR Newswire,https://finance.yahoo.com/news/pop-tarts-intercepts-college-football-174500667.html,1685555100,STORY
345373fa-9cec-3a84-a701-e72a5ffe4448,K,2023-6-8,"For the First Time Ever, Tony the Tiger® is Going to The Tony Awards®",PR Newswire,https://finance.yahoo.com/news/first-time-ever-tony-tiger-120000497.html,1686225600,STORY
e8e72b07-e46c-3afd-9e65-720bbced54e2,K,2023-6-8,PRINGLES® CREATES NEW COLLECTION WITH TWO STAR INGREDIENTS FOR A DELICIOUSLY COMPLEX TASTING EXPERIENCE,PR Newswire,https://finance.yahoo.com/news/pringles-creates-collection-two-star-120000376.html,1686139200,STORY
3960f941-68c1-3f7f-8dfd-b4ed1f8d7569,K,2023-6-8,"Kellogg Company is on track to fulfill its environmental, sustainability commitments",PR Newswire,https://finance.yahoo.com/news/kellogg-company-track-fulfill-environmental-141200640.html,1685974320,STORY
99264d37-dfe0-3f1a-a768-8f8d821e59d5,K,2023-6-8,INTRODUCING THE CHEEZ-IT® STOP -- FEATURING 'THE WORLD'S FIRST AND ONLY CHEEZ-IT PUMP' THAT LITERALLY FILLS YOUR CAR WITH CRACKERS,PR Newswire,https://finance.yahoo.com/news/introducing-cheez-stop-featuring-worlds-140000114.html,1685973600,STORY
06367e52-de3d-3b4d-881b-4dbdcf23eda7,K,2023-6-8,Kellogg (NYSE:K) Has Some Difficulty Using Its Capital Effectively,Simply Wall St.,https://finance.yahoo.com/news/kellogg-nyse-k-difficulty-using-104013259.html,1685961613,STORY
bde5187f-7de3-3fb1-947b-ff4af9be1c7f,K,2023-6-8,How One Trader Made $8 Million In The Stock Market In 2 Years,Benzinga,https://finance.yahoo.com/news/one-trader-made-8-million-194154122.html,1685734914,STORY
9617d5c5-e67b-3818-91a3-feae2d564010,K,2023-6-8,Kellogg Plans a Separation of Its Cereal Business. Is the Move Right on Time for Investors?,Motley Fool,https://finance.yahoo.com/m/9617d5c5-e67b-3818-91a3-feae2d564010/kellogg-plans-a-separation-of.html,1685714400,STORY
7ca47f3c-d764-3dee-a483-2ec440fab64d,K,2023-6-8,TONY THE TIGER® RECRUITS 5-STAR ROSTER OF COLLEGE ATHLETES TO BRING THE FUN BACK TO YOUTH SPORTS WITH KELLOGG'S FROSTED FLAKES® MISSION TIGER™,PR Newswire,https://finance.yahoo.com/news/tony-tiger-recruits-5-star-171000470.html,1685639400,STORY
5e735c3e-f3e9-3c8f-b174-7a6d30a425b7,K,2023-6-9,Time to Buy These Consumer Food Stocks with Stellar Dividends,Zacks,https://finance.yahoo.com/news/time-buy-consumer-food-stocks-055800958.html,1686290280,STORY
3946e76b-8874-36f7-8f1c-3fea558b8440,K,2023-6-9,Kellogg Company to Webcast Presentation at 3rd Annual Evercore ISI Consumer and Retail Conference,PR Newswire,https://finance.yahoo.com/news/kellogg-company-webcast-presentation-3rd-200000630.html,1686254400,STORY
345373fa-9cec-3a84-a701-e72a5ffe4448,K,2023-6-9,"For the First Time Ever, Tony the Tiger® is Going to The Tony Awards®",PR Newswire,https://finance.yahoo.com/news/first-time-ever-tony-tiger-120000497.html,1686225600,STORY
e8e72b07-e46c-3afd-9e65-720bbced54e2,K,2023-6-9,PRINGLES® CREATES NEW COLLECTION WITH TWO STAR INGREDIENTS FOR A DELICIOUSLY COMPLEX TASTING EXPERIENCE,PR Newswire,https://finance.yahoo.com/news/pringles-creates-collection-two-star-120000376.html,1686139200,STORY
3960f941-68c1-3f7f-8dfd-b4ed1f8d7569,K,2023-6-9,"Kellogg Company is on track to fulfill its environmental, sustainability commitments",PR Newswire,https://finance.yahoo.com/news/kellogg-company-track-fulfill-environmental-141200640.html,1685974320,STORY
99264d37-dfe0-3f1a-a768-8f8d821e59d5,K,2023-6-9,INTRODUCING THE CHEEZ-IT® STOP -- FEATURING 'THE WORLD'S FIRST AND ONLY CHEEZ-IT PUMP' THAT LITERALLY FILLS YOUR CAR WITH CRACKERS,PR Newswire,https://finance.yahoo.com/news/introducing-cheez-stop-featuring-worlds-140000114.html,1685973600,STORY
06367e52-de3d-3b4d-881b-4dbdcf23eda7,K,2023-6-9,Kellogg (NYSE:K) Has Some Difficulty Using Its Capital Effectively,Simply Wall St.,https://finance.yahoo.com/news/kellogg-nyse-k-difficulty-using-104013259.html,1685961613,STORY
bde5187f-7de3-3fb1-947b-ff4af9be1c7f,K,2023-6-9,How One Trader Made $8 Million In The Stock Market In 2 Years,Benzinga,https://finance.yahoo.com/news/one-trader-made-8-million-194154122.html,1685734914,STORY
5e735c3e-f3e9-3c8f-b174-7a6d30a425b7,K,2023-6-10,Time to Buy These Consumer Food Stocks with Stellar Dividends,Zacks,https://finance.yahoo.com/news/time-buy-consumer-food-stocks-055800958.html,1686290280,STORY
3946e76b-8874-36f7-8f1c-3fea558b8440,K,2023-6-10,Kellogg Company to Webcast Presentation at 3rd Annual Evercore ISI Consumer and Retail Conference,PR Newswire,https://finance.yahoo.com/news/kellogg-company-webcast-presentation-3rd-200000630.html,1686254400,STORY
345373fa-9cec-3a84-a701-e72a5ffe4448,K,2023-6-10,"For the First Time Ever, Tony the Tiger® is Going to The Tony Awards®",PR Newswire,https://finance.yahoo.com/news/first-time-ever-tony-tiger-120000497.html,1686225600,STORY
e8e72b07-e46c-3afd-9e65-720bbced54e2,K,2023-6-10,PRINGLES® CREATES NEW COLLECTION WITH TWO STAR INGREDIENTS FOR A DELICIOUSLY COMPLEX TASTING EXPERIENCE,PR Newswire,https://finance.yahoo.com/news/pringles-creates-collection-two-star-120000376.html,1686139200,STORY
3960f941-68c1-3f7f-8dfd-b4ed1f8d7569,K,2023-6-10,"Kellogg Company is on track to fulfill its environmental, sustainability commitments",PR Newswire,https://finance.yahoo.com/news/kellogg-company-track-fulfill-environmental-141200640.html,1685974320,STORY
99264d37-dfe0-3f1a-a768-8f8d821e59d5,K,2023-6-10,INTRODUCING THE CHEEZ-IT® STOP -- FEATURING 'THE WORLD'S FIRST AND ONLY CHEEZ-IT PUMP' THAT LITERALLY FILLS YOUR CAR WITH CRACKERS,PR Newswire,https://finance.yahoo.com/news/introducing-cheez-stop-featuring-worlds-140000114.html,1685973600,STORY
06367e52-de3d-3b4d-881b-4dbdcf23eda7,K,2023-6-10,Kellogg (NYSE:K) Has Some Difficulty Using Its Capital Effectively,Simply Wall St.,https://finance.yahoo.com/news/kellogg-nyse-k-difficulty-using-104013259.html,1685961613,STORY
bde5187f-7de3-3fb1-947b-ff4af9be1c7f,K,2023-6-10,How One Trader Made $8 Million In The Stock Market In 2 Years,Benzinga,https://finance.yahoo.com/news/one-trader-made-8-million-194154122.html,1685734914,STORY
5e735c3e-f3e9-3c8f-b174-7a6d30a425b7,K,2023-6-11,Time to Buy These Consumer Food Stocks with Stellar Dividends,Zacks,https://finance.yahoo.com/news/time-buy-consumer-food-stocks-055800958.html,1686290280,STORY
3946e76b-8874-36f7-8f1c-3fea558b8440,K,2023-6-11,Kellogg Company to Webcast Presentation at 3rd Annual Evercore ISI Consumer and Retail Conference,PR Newswire,https://finance.yahoo.com/news/kellogg-company-webcast-presentation-3rd-200000630.html,1686254400,STORY
345373fa-9cec-3a84-a701-e72a5ffe4448,K,2023-6-11,"For the First Time Ever, Tony the Tiger® is Going to The Tony Awards®",PR Newswire,https://finance.yahoo.com/news/first-time-ever-tony-tiger-120000497.html,1686225600,STORY
e8e72b07-e46c-3afd-9e65-720bbced54e2,K,2023-6-11,PRINGLES® CREATES NEW COLLECTION WITH TWO STAR INGREDIENTS FOR A DELICIOUSLY COMPLEX TASTING EXPERIENCE,PR Newswire,https://finance.yahoo.com/news/pringles-creates-collection-two-star-120000376.html,1686139200,STORY
3960f941-68c1-3f7f-8dfd-b4ed1f8d7569,K,2023-6-11,"Kellogg Company is on track to fulfill its environmental, sustainability commitments",PR Newswire,https://finance.yahoo.com/news/kellogg-company-track-fulfill-environmental-141200640.html,1685974320,STORY
99264d37-dfe0-3f1a-a768-8f8d821e59d5,K,2023-6-11,INTRODUCING THE CHEEZ-IT® STOP -- FEATURING 'THE WORLD'S FIRST AND ONLY CHEEZ-IT PUMP' THAT LITERALLY FILLS YOUR CAR WITH CRACKERS,PR Newswire,https://finance.yahoo.com/news/introducing-cheez-stop-featuring-worlds-140000114.html,1685973600,STORY
06367e52-de3d-3b4d-881b-4dbdcf23eda7,K,2023-6-11,Kellogg (NYSE:K) Has Some Difficulty Using Its Capital Effectively,Simply Wall St.,https://finance.yahoo.com/news/kellogg-nyse-k-difficulty-using-104013259.html,1685961613,STORY
bde5187f-7de3-3fb1-947b-ff4af9be1c7f,K,2023-6-11,How One Trader Made $8 Million In The Stock Market In 2 Years,Benzinga,https://finance.yahoo.com/news/one-trader-made-8-million-194154122.html,1685734914,STORY
5e735c3e-f3e9-3c8f-b174-7a6d30a425b7,K,2023-6-12,Time to Buy These Consumer Food Stocks with Stellar Dividends,Zacks,https://finance.yahoo.com/news/time-buy-consumer-food-stocks-055800958.html,1686290280,STORY
3946e76b-8874-36f7-8f1c-3fea558b8440,K,2023-6-12,Kellogg Company to Webcast Presentation at 3rd Annual Evercore ISI Consumer and Retail Conference,PR Newswire,https://finance.yahoo.com/news/kellogg-company-webcast-presentation-3rd-200000630.html,1686254400,STORY
345373fa-9cec-3a84-a701-e72a5ffe4448,K,2023-6-12,"For the First Time Ever, Tony the Tiger® is Going to The Tony Awards®",PR Newswire,https://finance.yahoo.com/news/first-time-ever-tony-tiger-120000497.html,1686225600,STORY
e8e72b07-e46c-3afd-9e65-720bbced54e2,K,2023-6-12,PRINGLES® CREATES NEW COLLECTION WITH TWO STAR INGREDIENTS FOR A DELICIOUSLY COMPLEX TASTING EXPERIENCE,PR Newswire,https://finance.yahoo.com/news/pringles-creates-collection-two-star-120000376.html,1686139200,STORY
3960f941-68c1-3f7f-8dfd-b4ed1f8d7569,K,2023-6-12,"Kellogg Company is on track to fulfill its environmental, sustainability commitments",PR Newswire,https://finance.yahoo.com/news/kellogg-company-track-fulfill-environmental-141200640.html,1685974320,STORY
99264d37-dfe0-3f1a-a768-8f8d821e59d5,K,2023-6-12,INTRODUCING THE CHEEZ-IT® STOP -- FEATURING 'THE WORLD'S FIRST AND ONLY CHEEZ-IT PUMP' THAT LITERALLY FILLS YOUR CAR WITH CRACKERS,PR Newswire,https://finance.yahoo.com/news/introducing-cheez-stop-featuring-worlds-140000114.html,1685973600,STORY
06367e52-de3d-3b4d-881b-4dbdcf23eda7,K,2023-6-12,Kellogg (NYSE:K) Has Some Difficulty Using Its Capital Effectively,Simply Wall St.,https://finance.yahoo.com/news/kellogg-nyse-k-difficulty-using-104013259.html,1685961613,STORY
bde5187f-7de3-3fb1-947b-ff4af9be1c7f,K,2023-6-12,How One Trader Made $8 Million In The Stock Market In 2 Years,Benzinga,https://finance.yahoo.com/news/one-trader-made-8-million-194154122.html,1685734914,STORY
5e735c3e-f3e9-3c8f-b174-7a6d30a425b7,K,2023-6-13,Time to Buy These Consumer Food Stocks with Stellar Dividends,Zacks,https://finance.yahoo.com/news/time-buy-consumer-food-stocks-055800958.html,1686290280,STORY
3946e76b-8874-36f7-8f1c-3fea558b8440,K,2023-6-13,Kellogg Company to Webcast Presentation at 3rd Annual Evercore ISI Consumer and Retail Conference,PR Newswire,https://finance.yahoo.com/news/kellogg-company-webcast-presentation-3rd-200000630.html,1686254400,STORY
345373fa-9cec-3a84-a701-e72a5ffe4448,K,2023-6-13,"For the First Time Ever, Tony the Tiger® is Going to The Tony Awards®",PR Newswire,https://finance.yahoo.com/news/first-time-ever-tony-tiger-120000497.html,1686225600,STORY
e8e72b07-e46c-3afd-9e65-720bbced54e2,K,2023-6-13,PRINGLES® CREATES NEW COLLECTION WITH TWO STAR INGREDIENTS FOR A DELICIOUSLY COMPLEX TASTING EXPERIENCE,PR Newswire,https://finance.yahoo.com/news/pringles-creates-collection-two-star-120000376.html,1686139200,STORY
3960f941-68c1-3f7f-8dfd-b4ed1f8d7569,K,2023-6-13,"Kellogg Company is on track to fulfill its environmental, sustainability commitments",PR Newswire,https://finance.yahoo.com/news/kellogg-company-track-fulfill-environmental-141200640.html,1685974320,STORY
99264d37-dfe0-3f1a-a768-8f8d821e59d5,K,2023-6-13,INTRODUCING THE CHEEZ-IT® STOP -- FEATURING 'THE WORLD'S FIRST AND ONLY CHEEZ-IT PUMP' THAT LITERALLY FILLS YOUR CAR WITH CRACKERS,PR Newswire,https://finance.yahoo.com/news/introducing-cheez-stop-featuring-worlds-140000114.html,1685973600,STORY
06367e52-de3d-3b4d-881b-4dbdcf23eda7,K,2023-6-13,Kellogg (NYSE:K) Has Some Difficulty Using Its Capital Effectively,Simply Wall St.,https://finance.yahoo.com/news/kellogg-nyse-k-difficulty-using-104013259.html,1685961613,STORY
bde5187f-7de3-3fb1-947b-ff4af9be1c7f,K,2023-6-13,How One Trader Made $8 Million In The Stock Market In 2 Years,Benzinga,https://finance.yahoo.com/news/one-trader-made-8-million-194154122.html,1685734914,STORY
5e735c3e-f3e9-3c8f-b174-7a6d30a425b7,K,2023-6-14,Time to Buy These Consumer Food Stocks with Stellar Dividends,Zacks,https://finance.yahoo.com/news/time-buy-consumer-food-stocks-055800958.html,1686290280,STORY
3946e76b-8874-36f7-8f1c-3fea558b8440,K,2023-6-14,Kellogg Company to Webcast Presentation at 3rd Annual Evercore ISI Consumer and Retail Conference,PR Newswire,https://finance.yahoo.com/news/kellogg-company-webcast-presentation-3rd-200000630.html,1686254400,STORY
345373fa-9cec-3a84-a701-e72a5ffe4448,K,2023-6-14,"For the First Time Ever, Tony the Tiger® is Going to The Tony Awards®",PR Newswire,https://finance.yahoo.com/news/first-time-ever-tony-tiger-120000497.html,1686225600,STORY
e8e72b07-e46c-3afd-9e65-720bbced54e2,K,2023-6-14,PRINGLES® CREATES NEW COLLECTION WITH TWO STAR INGREDIENTS FOR A DELICIOUSLY COMPLEX TASTING EXPERIENCE,PR Newswire,https://finance.yahoo.com/news/pringles-creates-collection-two-star-120000376.html,1686139200,STORY
3960f941-68c1-3f7f-8dfd-b4ed1f8d7569,K,2023-6-14,"Kellogg Company is on track to fulfill its environmental, sustainability commitments",PR Newswire,https://finance.yahoo.com/news/kellogg-company-track-fulfill-environmental-141200640.html,1685974320,STORY
99264d37-dfe0-3f1a-a768-8f8d821e59d5,K,2023-6-14,INTRODUCING THE CHEEZ-IT® STOP -- FEATURING 'THE WORLD'S FIRST AND ONLY CHEEZ-IT PUMP' THAT LITERALLY FILLS YOUR CAR WITH CRACKERS,PR Newswire,https://finance.yahoo.com/news/introducing-cheez-stop-featuring-worlds-140000114.html,1685973600,STORY
06367e52-de3d-3b4d-881b-4dbdcf23eda7,K,2023-6-14,Kellogg (NYSE:K) Has Some Difficulty Using Its Capital Effectively,Simply Wall St.,https://finance.yahoo.com/news/kellogg-nyse-k-difficulty-using-104013259.html,1685961613,STORY
bde5187f-7de3-3fb1-947b-ff4af9be1c7f,K,2023-6-14,How One Trader Made $8 Million In The Stock Market In 2 Years,Benzinga,https://finance.yahoo.com/news/one-trader-made-8-million-194154122.html,1685734914,STORY
43c77dcf-c272-3732-951a-53f9f7845ffb,K,2023-6-15,3 Strategies to Reach Diverse Consumers,PR Newswire,https://finance.yahoo.com/news/3-strategies-reach-diverse-consumers-133000047.html,1686749400,STORY
5e735c3e-f3e9-3c8f-b174-7a6d30a425b7,K,2023-6-15,Time to Buy These Consumer Food Stocks with Stellar Dividends,Zacks,https://finance.yahoo.com/news/time-buy-consumer-food-stocks-055800958.html,1686290280,STORY
3946e76b-8874-36f7-8f1c-3fea558b8440,K,2023-6-15,Kellogg Company to Webcast Presentation at 3rd Annual Evercore ISI Consumer and Retail Conference,PR Newswire,https://finance.yahoo.com/news/kellogg-company-webcast-presentation-3rd-200000630.html,1686254400,STORY
345373fa-9cec-3a84-a701-e72a5ffe4448,K,2023-6-15,"For the First Time Ever, Tony the Tiger® is Going to The Tony Awards®",PR Newswire,https://finance.yahoo.com/news/first-time-ever-tony-tiger-120000497.html,1686225600,STORY
e8e72b07-e46c-3afd-9e65-720bbced54e2,K,2023-6-15,PRINGLES® CREATES NEW COLLECTION WITH TWO STAR INGREDIENTS FOR A DELICIOUSLY COMPLEX TASTING EXPERIENCE,PR Newswire,https://finance.yahoo.com/news/pringles-creates-collection-two-star-120000376.html,1686139200,STORY
3960f941-68c1-3f7f-8dfd-b4ed1f8d7569,K,2023-6-15,"Kellogg Company is on track to fulfill its environmental, sustainability commitments",PR Newswire,https://finance.yahoo.com/news/kellogg-company-track-fulfill-environmental-141200640.html,1685974320,STORY
99264d37-dfe0-3f1a-a768-8f8d821e59d5,K,2023-6-15,INTRODUCING THE CHEEZ-IT® STOP -- FEATURING 'THE WORLD'S FIRST AND ONLY CHEEZ-IT PUMP' THAT LITERALLY FILLS YOUR CAR WITH CRACKERS,PR Newswire,https://finance.yahoo.com/news/introducing-cheez-stop-featuring-worlds-140000114.html,1685973600,STORY
06367e52-de3d-3b4d-881b-4dbdcf23eda7,K,2023-6-15,Kellogg (NYSE:K) Has Some Difficulty Using Its Capital Effectively,Simply Wall St.,https://finance.yahoo.com/news/kellogg-nyse-k-difficulty-using-104013259.html,1685961613,STORY
43c77dcf-c272-3732-951a-53f9f7845ffb,K,2023-6-16,3 Strategies to Reach Diverse Consumers,PR Newswire,https://finance.yahoo.com/news/3-strategies-reach-diverse-consumers-133000047.html,1686749400,STORY
5e735c3e-f3e9-3c8f-b174-7a6d30a425b7,K,2023-6-16,Time to Buy These Consumer Food Stocks with Stellar Dividends,Zacks,https://finance.yahoo.com/news/time-buy-consumer-food-stocks-055800958.html,1686290280,STORY
3946e76b-8874-36f7-8f1c-3fea558b8440,K,2023-6-16,Kellogg Company to Webcast Presentation at 3rd Annual Evercore ISI Consumer and Retail Conference,PR Newswire,https://finance.yahoo.com/news/kellogg-company-webcast-presentation-3rd-200000630.html,1686254400,STORY
345373fa-9cec-3a84-a701-e72a5ffe4448,K,2023-6-16,"For the First Time Ever, Tony the Tiger® is Going to The Tony Awards®",PR Newswire,https://finance.yahoo.com/news/first-time-ever-tony-tiger-120000497.html,1686225600,STORY
e8e72b07-e46c-3afd-9e65-720bbced54e2,K,2023-6-16,PRINGLES® CREATES NEW COLLECTION WITH TWO STAR INGREDIENTS FOR A DELICIOUSLY COMPLEX TASTING EXPERIENCE,PR Newswire,https://finance.yahoo.com/news/pringles-creates-collection-two-star-120000376.html,1686139200,STORY
3960f941-68c1-3f7f-8dfd-b4ed1f8d7569,K,2023-6-16,"Kellogg Company is on track to fulfill its environmental, sustainability commitments",PR Newswire,https://finance.yahoo.com/news/kellogg-company-track-fulfill-environmental-141200640.html,1685974320,STORY
99264d37-dfe0-3f1a-a768-8f8d821e59d5,K,2023-6-16,INTRODUCING THE CHEEZ-IT® STOP -- FEATURING 'THE WORLD'S FIRST AND ONLY CHEEZ-IT PUMP' THAT LITERALLY FILLS YOUR CAR WITH CRACKERS,PR Newswire,https://finance.yahoo.com/news/introducing-cheez-stop-featuring-worlds-140000114.html,1685973600,STORY
06367e52-de3d-3b4d-881b-4dbdcf23eda7,K,2023-6-16,Kellogg (NYSE:K) Has Some Difficulty Using Its Capital Effectively,Simply Wall St.,https://finance.yahoo.com/news/kellogg-nyse-k-difficulty-using-104013259.html,1685961613,STORY
1a95480b-dc74-331b-bce3-5478dc04853e,K,2023-6-17,Kellogg Makes Morningstar List of High-Quality Stocks,TheStreet.com,https://finance.yahoo.com/m/1a95480b-dc74-331b-bce3-5478dc04853e/kellogg-makes-morningstar.html,1686927600,STORY
43c77dcf-c272-3732-951a-53f9f7845ffb,K,2023-6-17,3 Strategies to Reach Diverse Consumers,PR Newswire,https://finance.yahoo.com/news/3-strategies-reach-diverse-consumers-133000047.html,1686749400,STORY
5e735c3e-f3e9-3c8f-b174-7a6d30a425b7,K,2023-6-17,Time to Buy These Consumer Food Stocks with Stellar Dividends,Zacks,https://finance.yahoo.com/news/time-buy-consumer-food-stocks-055800958.html,1686290280,STORY
3946e76b-8874-36f7-8f1c-3fea558b8440,K,2023-6-17,Kellogg Company to Webcast Presentation at 3rd Annual Evercore ISI Consumer and Retail Conference,PR Newswire,https://finance.yahoo.com/news/kellogg-company-webcast-presentation-3rd-200000630.html,1686254400,STORY
345373fa-9cec-3a84-a701-e72a5ffe4448,K,2023-6-17,"For the First Time Ever, Tony the Tiger® is Going to The Tony Awards®",PR Newswire,https://finance.yahoo.com/news/first-time-ever-tony-tiger-120000497.html,1686225600,STORY
e8e72b07-e46c-3afd-9e65-720bbced54e2,K,2023-6-17,PRINGLES® CREATES NEW COLLECTION WITH TWO STAR INGREDIENTS FOR A DELICIOUSLY COMPLEX TASTING EXPERIENCE,PR Newswire,https://finance.yahoo.com/news/pringles-creates-collection-two-star-120000376.html,1686139200,STORY
3960f941-68c1-3f7f-8dfd-b4ed1f8d7569,K,2023-6-17,"Kellogg Company is on track to fulfill its environmental, sustainability commitments",PR Newswire,https://finance.yahoo.com/news/kellogg-company-track-fulfill-environmental-141200640.html,1685974320,STORY
99264d37-dfe0-3f1a-a768-8f8d821e59d5,K,2023-6-17,INTRODUCING THE CHEEZ-IT® STOP -- FEATURING 'THE WORLD'S FIRST AND ONLY CHEEZ-IT PUMP' THAT LITERALLY FILLS YOUR CAR WITH CRACKERS,PR Newswire,https://finance.yahoo.com/news/introducing-cheez-stop-featuring-worlds-140000114.html,1685973600,STORY
1a95480b-dc74-331b-bce3-5478dc04853e,K,2023-6-18,Kellogg Makes Morningstar List of High-Quality Stocks,TheStreet.com,https://finance.yahoo.com/m/1a95480b-dc74-331b-bce3-5478dc04853e/kellogg-makes-morningstar.html,1686927600,STORY
43c77dcf-c272-3732-951a-53f9f7845ffb,K,2023-6-18,3 Strategies to Reach Diverse Consumers,PR Newswire,https://finance.yahoo.com/news/3-strategies-reach-diverse-consumers-133000047.html,1686749400,STORY
5e735c3e-f3e9-3c8f-b174-7a6d30a425b7,K,2023-6-18,Time to Buy These Consumer Food Stocks with Stellar Dividends,Zacks,https://finance.yahoo.com/news/time-buy-consumer-food-stocks-055800958.html,1686290280,STORY
3946e76b-8874-36f7-8f1c-3fea558b8440,K,2023-6-18,Kellogg Company to Webcast Presentation at 3rd Annual Evercore ISI Consumer and Retail Conference,PR Newswire,https://finance.yahoo.com/news/kellogg-company-webcast-presentation-3rd-200000630.html,1686254400,STORY
345373fa-9cec-3a84-a701-e72a5ffe4448,K,2023-6-18,"For the First Time Ever, Tony the Tiger® is Going to The Tony Awards®",PR Newswire,https://finance.yahoo.com/news/first-time-ever-tony-tiger-120000497.html,1686225600,STORY
e8e72b07-e46c-3afd-9e65-720bbced54e2,K,2023-6-18,PRINGLES® CREATES NEW COLLECTION WITH TWO STAR INGREDIENTS FOR A DELICIOUSLY COMPLEX TASTING EXPERIENCE,PR Newswire,https://finance.yahoo.com/news/pringles-creates-collection-two-star-120000376.html,1686139200,STORY
3960f941-68c1-3f7f-8dfd-b4ed1f8d7569,K,2023-6-18,"Kellogg Company is on track to fulfill its environmental, sustainability commitments",PR Newswire,https://finance.yahoo.com/news/kellogg-company-track-fulfill-environmental-141200640.html,1685974320,STORY
99264d37-dfe0-3f1a-a768-8f8d821e59d5,K,2023-6-18,INTRODUCING THE CHEEZ-IT® STOP -- FEATURING 'THE WORLD'S FIRST AND ONLY CHEEZ-IT PUMP' THAT LITERALLY FILLS YOUR CAR WITH CRACKERS,PR Newswire,https://finance.yahoo.com/news/introducing-cheez-stop-featuring-worlds-140000114.html,1685973600,STORY
1a95480b-dc74-331b-bce3-5478dc04853e,K,2023-6-19,Kellogg Makes Morningstar List of High-Quality Stocks,TheStreet.com,https://finance.yahoo.com/m/1a95480b-dc74-331b-bce3-5478dc04853e/kellogg-makes-morningstar.html,1686927600,STORY
43c77dcf-c272-3732-951a-53f9f7845ffb,K,2023-6-19,3 Strategies to Reach Diverse Consumers,PR Newswire,https://finance.yahoo.com/news/3-strategies-reach-diverse-consumers-133000047.html,1686749400,STORY
5e735c3e-f3e9-3c8f-b174-7a6d30a425b7,K,2023-6-19,Time to Buy These Consumer Food Stocks with Stellar Dividends,Zacks,https://finance.yahoo.com/news/time-buy-consumer-food-stocks-055800958.html,1686290280,STORY
3946e76b-8874-36f7-8f1c-3fea558b8440,K,2023-6-19,Kellogg Company to Webcast Presentation at 3rd Annual Evercore ISI Consumer and Retail Conference,PR Newswire,https://finance.yahoo.com/news/kellogg-company-webcast-presentation-3rd-200000630.html,1686254400,STORY
345373fa-9cec-3a84-a701-e72a5ffe4448,K,2023-6-19,"For the First Time Ever, Tony the Tiger® is Going to The Tony Awards®",PR Newswire,https://finance.yahoo.com/news/first-time-ever-tony-tiger-120000497.html,1686225600,STORY
e8e72b07-e46c-3afd-9e65-720bbced54e2,K,2023-6-19,PRINGLES® CREATES NEW COLLECTION WITH TWO STAR INGREDIENTS FOR A DELICIOUSLY COMPLEX TASTING EXPERIENCE,PR Newswire,https://finance.yahoo.com/news/pringles-creates-collection-two-star-120000376.html,1686139200,STORY
3960f941-68c1-3f7f-8dfd-b4ed1f8d7569,K,2023-6-19,"Kellogg Company is on track to fulfill its environmental, sustainability commitments",PR Newswire,https://finance.yahoo.com/news/kellogg-company-track-fulfill-environmental-141200640.html,1685974320,STORY
99264d37-dfe0-3f1a-a768-8f8d821e59d5,K,2023-6-19,INTRODUCING THE CHEEZ-IT® STOP -- FEATURING 'THE WORLD'S FIRST AND ONLY CHEEZ-IT PUMP' THAT LITERALLY FILLS YOUR CAR WITH CRACKERS,PR Newswire,https://finance.yahoo.com/news/introducing-cheez-stop-featuring-worlds-140000114.html,1685973600,STORY
1a95480b-dc74-331b-bce3-5478dc04853e,K,2023-6-20,Kellogg Makes Morningstar List of High-Quality Stocks,TheStreet.com,https://finance.yahoo.com/m/1a95480b-dc74-331b-bce3-5478dc04853e/kellogg-makes-morningstar.html,1686927600,STORY
43c77dcf-c272-3732-951a-53f9f7845ffb,K,2023-6-20,3 Strategies to Reach Diverse Consumers,PR Newswire,https://finance.yahoo.com/news/3-strategies-reach-diverse-consumers-133000047.html,1686749400,STORY
5e735c3e-f3e9-3c8f-b174-7a6d30a425b7,K,2023-6-20,Time to Buy These Consumer Food Stocks with Stellar Dividends,Zacks,https://finance.yahoo.com/news/time-buy-consumer-food-stocks-055800958.html,1686290280,STORY
3946e76b-8874-36f7-8f1c-3fea558b8440,K,2023-6-20,Kellogg Company to Webcast Presentation at 3rd Annual Evercore ISI Consumer and Retail Conference,PR Newswire,https://finance.yahoo.com/news/kellogg-company-webcast-presentation-3rd-200000630.html,1686254400,STORY
345373fa-9cec-3a84-a701-e72a5ffe4448,K,2023-6-20,"For the First Time Ever, Tony the Tiger® is Going to The Tony Awards®",PR Newswire,https://finance.yahoo.com/news/first-time-ever-tony-tiger-120000497.html,1686225600,STORY
e8e72b07-e46c-3afd-9e65-720bbced54e2,K,2023-6-20,PRINGLES® CREATES NEW COLLECTION WITH TWO STAR INGREDIENTS FOR A DELICIOUSLY COMPLEX TASTING EXPERIENCE,PR Newswire,https://finance.yahoo.com/news/pringles-creates-collection-two-star-120000376.html,1686139200,STORY
3960f941-68c1-3f7f-8dfd-b4ed1f8d7569,K,2023-6-20,"Kellogg Company is on track to fulfill its environmental, sustainability commitments",PR Newswire,https://finance.yahoo.com/news/kellogg-company-track-fulfill-environmental-141200640.html,1685974320,STORY
99264d37-dfe0-3f1a-a768-8f8d821e59d5,K,2023-6-20,INTRODUCING THE CHEEZ-IT® STOP -- FEATURING 'THE WORLD'S FIRST AND ONLY CHEEZ-IT PUMP' THAT LITERALLY FILLS YOUR CAR WITH CRACKERS,PR Newswire,https://finance.yahoo.com/news/introducing-cheez-stop-featuring-worlds-140000114.html,1685973600,STORY
a96797a0-f698-38c4-9cd6-29229956c713,K,2023-6-21,"Nevada Lithium Closes $6,200,000 Financing led by Strategic Investor, Marcel Boekhoorn",CNW Group,https://finance.yahoo.com/news/nevada-lithium-closes-6-200-215600436.html,1687298160,STORY
1a95480b-dc74-331b-bce3-5478dc04853e,K,2023-6-21,Kellogg Makes Morningstar List of High-Quality Stocks,TheStreet.com,https://finance.yahoo.com/m/1a95480b-dc74-331b-bce3-5478dc04853e/kellogg-makes-morningstar.html,1686927600,STORY
43c77dcf-c272-3732-951a-53f9f7845ffb,K,2023-6-21,3 Strategies to Reach Diverse Consumers,PR Newswire,https://finance.yahoo.com/news/3-strategies-reach-diverse-consumers-133000047.html,1686749400,STORY
5e735c3e-f3e9-3c8f-b174-7a6d30a425b7,K,2023-6-21,Time to Buy These Consumer Food Stocks with Stellar Dividends,Zacks,https://finance.yahoo.com/news/time-buy-consumer-food-stocks-055800958.html,1686290280,STORY
3946e76b-8874-36f7-8f1c-3fea558b8440,K,2023-6-21,Kellogg Company to Webcast Presentation at 3rd Annual Evercore ISI Consumer and Retail Conference,PR Newswire,https://finance.yahoo.com/news/kellogg-company-webcast-presentation-3rd-200000630.html,1686254400,STORY
345373fa-9cec-3a84-a701-e72a5ffe4448,K,2023-6-21,"For the First Time Ever, Tony the Tiger® is Going to The Tony Awards®",PR Newswire,https://finance.yahoo.com/news/first-time-ever-tony-tiger-120000497.html,1686225600,STORY
e8e72b07-e46c-3afd-9e65-720bbced54e2,K,2023-6-21,PRINGLES® CREATES NEW COLLECTION WITH TWO STAR INGREDIENTS FOR A DELICIOUSLY COMPLEX TASTING EXPERIENCE,PR Newswire,https://finance.yahoo.com/news/pringles-creates-collection-two-star-120000376.html,1686139200,STORY
3960f941-68c1-3f7f-8dfd-b4ed1f8d7569,K,2023-6-21,"Kellogg Company is on track to fulfill its environmental, sustainability commitments",PR Newswire,https://finance.yahoo.com/news/kellogg-company-track-fulfill-environmental-141200640.html,1685974320,STORY
0eaa4509-f311-3d0d-b689-368f860a55b9,K,2023-6-22,Kellogg’s CEO Says Food Industry is a Good Investment Despite Inflation & Decreased Food Stamps,GOBankingRates,https://finance.yahoo.com/news/kellogg-ceo-says-food-industry-142631337.html,1687357591,STORY
a96797a0-f698-38c4-9cd6-29229956c713,K,2023-6-22,"Nevada Lithium Closes $6,200,000 Financing led by Strategic Investor, Marcel Boekhoorn",CNW Group,https://finance.yahoo.com/news/nevada-lithium-closes-6-200-215600436.html,1687298160,STORY
1a95480b-dc74-331b-bce3-5478dc04853e,K,2023-6-22,Kellogg Makes Morningstar List of High-Quality Stocks,TheStreet.com,https://finance.yahoo.com/m/1a95480b-dc74-331b-bce3-5478dc04853e/kellogg-makes-morningstar.html,1686927600,STORY
43c77dcf-c272-3732-951a-53f9f7845ffb,K,2023-6-22,3 Strategies to Reach Diverse Consumers,PR Newswire,https://finance.yahoo.com/news/3-strategies-reach-diverse-consumers-133000047.html,1686749400,STORY
5e735c3e-f3e9-3c8f-b174-7a6d30a425b7,K,2023-6-22,Time to Buy These Consumer Food Stocks with Stellar Dividends,Zacks,https://finance.yahoo.com/news/time-buy-consumer-food-stocks-055800958.html,1686290280,STORY
3946e76b-8874-36f7-8f1c-3fea558b8440,K,2023-6-22,Kellogg Company to Webcast Presentation at 3rd Annual Evercore ISI Consumer and Retail Conference,PR Newswire,https://finance.yahoo.com/news/kellogg-company-webcast-presentation-3rd-200000630.html,1686254400,STORY
345373fa-9cec-3a84-a701-e72a5ffe4448,K,2023-6-22,"For the First Time Ever, Tony the Tiger® is Going to The Tony Awards®",PR Newswire,https://finance.yahoo.com/news/first-time-ever-tony-tiger-120000497.html,1686225600,STORY
e8e72b07-e46c-3afd-9e65-720bbced54e2,K,2023-6-22,PRINGLES® CREATES NEW COLLECTION WITH TWO STAR INGREDIENTS FOR A DELICIOUSLY COMPLEX TASTING EXPERIENCE,PR Newswire,https://finance.yahoo.com/news/pringles-creates-collection-two-star-120000376.html,1686139200,STORY
0b9de696-19ef-30f9-bb63-7b5fa1379ecc,K,2023-6-23,"UPDATE 1-Danone, Kellogg among 75 companies France has asked for price cuts - document",Reuters,https://finance.yahoo.com/news/1-danone-kellogg-among-75-120113403.html,1687521673,STORY
05e195da-4c0b-371f-99f7-2ce1aecf658e,K,2023-6-23,"Danone, Kellogg among 75 companies France has asked for price cuts - document",Reuters,https://finance.yahoo.com/news/danone-kellogg-among-75-companies-114529148.html,1687520729,STORY
16c01d37-f5fb-3aea-800a-c891d1e95e99,K,2023-6-23,5 big analyst picks: Kellogg upgraded on 'seriously attractive' valuation,Investing.com,https://finance.yahoo.com/news/5-big-analyst-picks-kellogg-054550029.html,1687499150,STORY
0eaa4509-f311-3d0d-b689-368f860a55b9,K,2023-6-23,Kellogg’s CEO Says Food Industry is a Good Investment Despite Inflation & Decreased Food Stamps,GOBankingRates,https://finance.yahoo.com/news/kellogg-ceo-says-food-industry-142631337.html,1687357591,STORY
a96797a0-f698-38c4-9cd6-29229956c713,K,2023-6-23,"Nevada Lithium Closes $6,200,000 Financing led by Strategic Investor, Marcel Boekhoorn",CNW Group,https://finance.yahoo.com/news/nevada-lithium-closes-6-200-215600436.html,1687298160,STORY
1a95480b-dc74-331b-bce3-5478dc04853e,K,2023-6-23,Kellogg Makes Morningstar List of High-Quality Stocks,TheStreet.com,https://finance.yahoo.com/m/1a95480b-dc74-331b-bce3-5478dc04853e/kellogg-makes-morningstar.html,1686927600,STORY
43c77dcf-c272-3732-951a-53f9f7845ffb,K,2023-6-23,3 Strategies to Reach Diverse Consumers,PR Newswire,https://finance.yahoo.com/news/3-strategies-reach-diverse-consumers-133000047.html,1686749400,STORY
5e735c3e-f3e9-3c8f-b174-7a6d30a425b7,K,2023-6-23,Time to Buy These Consumer Food Stocks with Stellar Dividends,Zacks,https://finance.yahoo.com/news/time-buy-consumer-food-stocks-055800958.html,1686290280,STORY
a7126289-5046-3c93-a206-e4cf0ce2a541,K,2023-6-24,10 Companies Likely to be Dividend Aristocrats in the Future,Insider Monkey,https://finance.yahoo.com/news/10-companies-likely-dividend-aristocrats-233039498.html,1687563039,STORY
7ecf0fab-b28c-3c07-aff4-34c800fe03b7,K,2023-6-24,3 Stocks Seeing Recent Upgrades from Analysts,Zacks,https://finance.yahoo.com/news/3-stocks-seeing-recent-upgrades-203300508.html,1687552380,STORY
0b9de696-19ef-30f9-bb63-7b5fa1379ecc,K,2023-6-24,"UPDATE 1-Danone, Kellogg among 75 companies France has asked for price cuts - document",Reuters,https://finance.yahoo.com/news/1-danone-kellogg-among-75-120113403.html,1687521673,STORY
05e195da-4c0b-371f-99f7-2ce1aecf658e,K,2023-6-24,"Danone, Kellogg among 75 companies France has asked for price cuts - document",Reuters,https://finance.yahoo.com/news/danone-kellogg-among-75-companies-114529148.html,1687520729,STORY
16c01d37-f5fb-3aea-800a-c891d1e95e99,K,2023-6-24,5 big analyst picks: Kellogg upgraded on 'seriously attractive' valuation,Investing.com,https://finance.yahoo.com/news/5-big-analyst-picks-kellogg-054550029.html,1687499150,STORY
0eaa4509-f311-3d0d-b689-368f860a55b9,K,2023-6-24,Kellogg’s CEO Says Food Industry is a Good Investment Despite Inflation & Decreased Food Stamps,GOBankingRates,https://finance.yahoo.com/news/kellogg-ceo-says-food-industry-142631337.html,1687357591,STORY
a96797a0-f698-38c4-9cd6-29229956c713,K,2023-6-24,"Nevada Lithium Closes $6,200,000 Financing led by Strategic Investor, Marcel Boekhoorn",CNW Group,https://finance.yahoo.com/news/nevada-lithium-closes-6-200-215600436.html,1687298160,STORY
1a95480b-dc74-331b-bce3-5478dc04853e,K,2023-6-24,Kellogg Makes Morningstar List of High-Quality Stocks,TheStreet.com,https://finance.yahoo.com/m/1a95480b-dc74-331b-bce3-5478dc04853e/kellogg-makes-morningstar.html,1686927600,STORY
a7126289-5046-3c93-a206-e4cf0ce2a541,K,2023-6-25,10 Companies Likely to be Dividend Aristocrats in the Future,Insider Monkey,https://finance.yahoo.com/news/10-companies-likely-dividend-aristocrats-233039498.html,1687563039,STORY
7ecf0fab-b28c-3c07-aff4-34c800fe03b7,K,2023-6-25,3 Stocks Seeing Recent Upgrades from Analysts,Zacks,https://finance.yahoo.com/news/3-stocks-seeing-recent-upgrades-203300508.html,1687552380,STORY
0b9de696-19ef-30f9-bb63-7b5fa1379ecc,K,2023-6-25,"UPDATE 1-Danone, Kellogg among 75 companies France has asked for price cuts - document",Reuters,https://finance.yahoo.com/news/1-danone-kellogg-among-75-120113403.html,1687521673,STORY
05e195da-4c0b-371f-99f7-2ce1aecf658e,K,2023-6-25,"Danone, Kellogg among 75 companies France has asked for price cuts - document",Reuters,https://finance.yahoo.com/news/danone-kellogg-among-75-companies-114529148.html,1687520729,STORY
16c01d37-f5fb-3aea-800a-c891d1e95e99,K,2023-6-25,5 big analyst picks: Kellogg upgraded on 'seriously attractive' valuation,Investing.com,https://finance.yahoo.com/news/5-big-analyst-picks-kellogg-054550029.html,1687499150,STORY
0eaa4509-f311-3d0d-b689-368f860a55b9,K,2023-6-25,Kellogg’s CEO Says Food Industry is a Good Investment Despite Inflation & Decreased Food Stamps,GOBankingRates,https://finance.yahoo.com/news/kellogg-ceo-says-food-industry-142631337.html,1687357591,STORY
a96797a0-f698-38c4-9cd6-29229956c713,K,2023-6-25,"Nevada Lithium Closes $6,200,000 Financing led by Strategic Investor, Marcel Boekhoorn",CNW Group,https://finance.yahoo.com/news/nevada-lithium-closes-6-200-215600436.html,1687298160,STORY
1a95480b-dc74-331b-bce3-5478dc04853e,K,2023-6-25,Kellogg Makes Morningstar List of High-Quality Stocks,TheStreet.com,https://finance.yahoo.com/m/1a95480b-dc74-331b-bce3-5478dc04853e/kellogg-makes-morningstar.html,1686927600,STORY
a7126289-5046-3c93-a206-e4cf0ce2a541,K,2023-6-26,10 Companies Likely to be Dividend Aristocrats in the Future,Insider Monkey,https://finance.yahoo.com/news/10-companies-likely-dividend-aristocrats-233039498.html,1687563039,STORY
7ecf0fab-b28c-3c07-aff4-34c800fe03b7,K,2023-6-26,3 Stocks Seeing Recent Upgrades from Analysts,Zacks,https://finance.yahoo.com/news/3-stocks-seeing-recent-upgrades-203300508.html,1687552380,STORY
0b9de696-19ef-30f9-bb63-7b5fa1379ecc,K,2023-6-26,"UPDATE 1-Danone, Kellogg among 75 companies France has asked for price cuts - document",Reuters,https://finance.yahoo.com/news/1-danone-kellogg-among-75-120113403.html,1687521673,STORY
05e195da-4c0b-371f-99f7-2ce1aecf658e,K,2023-6-26,"Danone, Kellogg among 75 companies France has asked for price cuts - document",Reuters,https://finance.yahoo.com/news/danone-kellogg-among-75-companies-114529148.html,1687520729,STORY
16c01d37-f5fb-3aea-800a-c891d1e95e99,K,2023-6-26,5 big analyst picks: Kellogg upgraded on 'seriously attractive' valuation,Investing.com,https://finance.yahoo.com/news/5-big-analyst-picks-kellogg-054550029.html,1687499150,STORY
0eaa4509-f311-3d0d-b689-368f860a55b9,K,2023-6-26,Kellogg’s CEO Says Food Industry is a Good Investment Despite Inflation & Decreased Food Stamps,GOBankingRates,https://finance.yahoo.com/news/kellogg-ceo-says-food-industry-142631337.html,1687357591,STORY
a96797a0-f698-38c4-9cd6-29229956c713,K,2023-6-26,"Nevada Lithium Closes $6,200,000 Financing led by Strategic Investor, Marcel Boekhoorn",CNW Group,https://finance.yahoo.com/news/nevada-lithium-closes-6-200-215600436.html,1687298160,STORY
6ca9fbfc-9936-30f7-a96f-afee20eaa664,K,2023-6-26,3 Undervalued Consumer Stocks to Buy in June,InvestorPlace,https://finance.yahoo.com/news/3-undervalued-consumer-stocks-buy-113042052.html,1687260642,STORY
ec1c7bdc-dddc-39cf-bb7e-5cfe99c2f818,K,2023-6-27,"4 big analyst picks: Kellogg a 'mispriced' growth standout, says Goldman",Investing.com,https://finance.yahoo.com/news/4-big-analyst-picks-kellogg-053231874.html,1687843951,STORY
c5a22453-06e8-309c-be09-66b251c6b411,K,2023-6-27,The Top Master In Management Programs In The United States,Poets & Quants,https://finance.yahoo.com/news/top-master-management-programs-united-183149208.html,1687804309,STORY
a7126289-5046-3c93-a206-e4cf0ce2a541,K,2023-6-27,10 Companies Likely to be Dividend Aristocrats in the Future,Insider Monkey,https://finance.yahoo.com/news/10-companies-likely-dividend-aristocrats-233039498.html,1687563039,STORY
7ecf0fab-b28c-3c07-aff4-34c800fe03b7,K,2023-6-27,3 Stocks Seeing Recent Upgrades from Analysts,Zacks,https://finance.yahoo.com/news/3-stocks-seeing-recent-upgrades-203300508.html,1687552380,STORY
0b9de696-19ef-30f9-bb63-7b5fa1379ecc,K,2023-6-27,"UPDATE 1-Danone, Kellogg among 75 companies France has asked for price cuts - document",Reuters,https://finance.yahoo.com/news/1-danone-kellogg-among-75-120113403.html,1687521673,STORY
05e195da-4c0b-371f-99f7-2ce1aecf658e,K,2023-6-27,"Danone, Kellogg among 75 companies France has asked for price cuts - document",Reuters,https://finance.yahoo.com/news/danone-kellogg-among-75-companies-114529148.html,1687520729,STORY
16c01d37-f5fb-3aea-800a-c891d1e95e99,K,2023-6-27,5 big analyst picks: Kellogg upgraded on 'seriously attractive' valuation,Investing.com,https://finance.yahoo.com/news/5-big-analyst-picks-kellogg-054550029.html,1687499150,STORY
0eaa4509-f311-3d0d-b689-368f860a55b9,K,2023-6-27,Kellogg’s CEO Says Food Industry is a Good Investment Despite Inflation & Decreased Food Stamps,GOBankingRates,https://finance.yahoo.com/news/kellogg-ceo-says-food-industry-142631337.html,1687357591,STORY
9f5e2c1c-280d-3203-b150-8a549c345c71,K,2023-6-28,Kellogg Shares Boosted From a Fundamental Upgrade,TheStreet.com,https://finance.yahoo.com/m/9f5e2c1c-280d-3203-b150-8a549c345c71/kellogg-shares-boosted-from-a.html,1687883700,STORY
0b8e794a-ef7e-3169-afc4-cbca8eedaed5,K,2023-6-28,Kellogg Stock Snags a Buy Rating. Thank the Cereal Spinoff.,Barrons.com,https://finance.yahoo.com/m/0b8e794a-ef7e-3169-afc4-cbca8eedaed5/kellogg-stock-snags-a-buy.html,1687882680,STORY
8c36116f-1fd4-3d5e-b124-dbcef7cfd8f5,K,2023-6-28,"Alibaba downgraded, Kellogg upgraded: Wall Street's top analyst calls",The Fly,https://finance.yahoo.com/news/alibaba-downgraded-kellogg-upgraded-wall-140335371.html,1687874615,STORY
5e5e5b70-55e9-336a-8257-db076172c205,K,2023-6-28,"Walgreens, Lordstown fell premarket; Delta Air Lines, Snowflake rise",Investing.com,https://finance.yahoo.com/news/walgreens-lordstown-fell-premarket-delta-080320315.html,1687853000,STORY
ec1c7bdc-dddc-39cf-bb7e-5cfe99c2f818,K,2023-6-28,"4 big analyst picks: Kellogg a 'mispriced' growth standout, says Goldman",Investing.com,https://finance.yahoo.com/news/4-big-analyst-picks-kellogg-053231874.html,1687843951,STORY
c5a22453-06e8-309c-be09-66b251c6b411,K,2023-6-28,The Top Master In Management Programs In The United States,Poets & Quants,https://finance.yahoo.com/news/top-master-management-programs-united-183149208.html,1687804309,STORY
a7126289-5046-3c93-a206-e4cf0ce2a541,K,2023-6-28,10 Companies Likely to be Dividend Aristocrats in the Future,Insider Monkey,https://finance.yahoo.com/news/10-companies-likely-dividend-aristocrats-233039498.html,1687563039,STORY
7ecf0fab-b28c-3c07-aff4-34c800fe03b7,K,2023-6-28,3 Stocks Seeing Recent Upgrades from Analysts,Zacks,https://finance.yahoo.com/news/3-stocks-seeing-recent-upgrades-203300508.html,1687552380,STORY
c6668725-54e3-48a2-a390-b607190c92c0,K,2023-6-29,Fed chair Powell's long reach arrives in cereal aisles,Yahoo Finance,https://finance.yahoo.com/news/fed-chair-powells-long-reach-arrives-in-cereal-aisles-122846922.html,1688041726,STORY
56112f1a-3ec2-33e2-a544-540effb0cab1,K,2023-6-29,"General Mills Earnings, Outlook Drag Food Stocks Lower",The Wall Street Journal,https://finance.yahoo.com/m/56112f1a-3ec2-33e2-a544-540effb0cab1/general-mills-earnings%2C.html,1687977916,STORY
9f5e2c1c-280d-3203-b150-8a549c345c71,K,2023-6-29,Kellogg Shares Boosted From a Fundamental Upgrade,TheStreet.com,https://finance.yahoo.com/m/9f5e2c1c-280d-3203-b150-8a549c345c71/kellogg-shares-boosted-from-a.html,1687883700,STORY
0b8e794a-ef7e-3169-afc4-cbca8eedaed5,K,2023-6-29,Kellogg Stock Snags a Buy Rating. Thank the Cereal Spinoff.,Barrons.com,https://finance.yahoo.com/m/0b8e794a-ef7e-3169-afc4-cbca8eedaed5/kellogg-stock-snags-a-buy.html,1687882680,STORY
8c36116f-1fd4-3d5e-b124-dbcef7cfd8f5,K,2023-6-29,"Alibaba downgraded, Kellogg upgraded: Wall Street's top analyst calls",The Fly,https://finance.yahoo.com/news/alibaba-downgraded-kellogg-upgraded-wall-140335371.html,1687874615,STORY
5e5e5b70-55e9-336a-8257-db076172c205,K,2023-6-29,"Walgreens, Lordstown fell premarket; Delta Air Lines, Snowflake rise",Investing.com,https://finance.yahoo.com/news/walgreens-lordstown-fell-premarket-delta-080320315.html,1687853000,STORY
ec1c7bdc-dddc-39cf-bb7e-5cfe99c2f818,K,2023-6-29,"4 big analyst picks: Kellogg a 'mispriced' growth standout, says Goldman",Investing.com,https://finance.yahoo.com/news/4-big-analyst-picks-kellogg-053231874.html,1687843951,STORY
c5a22453-06e8-309c-be09-66b251c6b411,K,2023-6-29,The Top Master In Management Programs In The United States,Poets & Quants,https://finance.yahoo.com/news/top-master-management-programs-united-183149208.html,1687804309,STORY
fdf041ef-b976-3e87-91bf-4eaed77491e1,K,2023-6-30,/C O R R E C T I O N -- Kellogg Company/,PR Newswire,https://finance.yahoo.com/news/kellogg-company-announces-dates-upcoming-123000431.html,1688051160,STORY
c6668725-54e3-48a2-a390-b607190c92c0,K,2023-6-30,Fed chair Powell's long reach arrives in cereal aisles,Yahoo Finance,https://finance.yahoo.com/news/fed-chair-powells-long-reach-arrives-in-cereal-aisles-122846922.html,1688041726,STORY
56112f1a-3ec2-33e2-a544-540effb0cab1,K,2023-6-30,"General Mills Earnings, Outlook Drag Food Stocks Lower",The Wall Street Journal,https://finance.yahoo.com/m/56112f1a-3ec2-33e2-a544-540effb0cab1/general-mills-earnings%2C.html,1687977916,STORY
9f5e2c1c-280d-3203-b150-8a549c345c71,K,2023-6-30,Kellogg Shares Boosted From a Fundamental Upgrade,TheStreet.com,https://finance.yahoo.com/m/9f5e2c1c-280d-3203-b150-8a549c345c71/kellogg-shares-boosted-from-a.html,1687883700,STORY
0b8e794a-ef7e-3169-afc4-cbca8eedaed5,K,2023-6-30,Kellogg Stock Snags a Buy Rating. Thank the Cereal Spinoff.,Barrons.com,https://finance.yahoo.com/m/0b8e794a-ef7e-3169-afc4-cbca8eedaed5/kellogg-stock-snags-a-buy.html,1687882680,STORY
8c36116f-1fd4-3d5e-b124-dbcef7cfd8f5,K,2023-6-30,"Alibaba downgraded, Kellogg upgraded: Wall Street's top analyst calls",The Fly,https://finance.yahoo.com/news/alibaba-downgraded-kellogg-upgraded-wall-140335371.html,1687874615,STORY
5e5e5b70-55e9-336a-8257-db076172c205,K,2023-6-30,"Walgreens, Lordstown fell premarket; Delta Air Lines, Snowflake rise",Investing.com,https://finance.yahoo.com/news/walgreens-lordstown-fell-premarket-delta-080320315.html,1687853000,STORY
ec1c7bdc-dddc-39cf-bb7e-5cfe99c2f818,K,2023-6-30,"4 big analyst picks: Kellogg a 'mispriced' growth standout, says Goldman",Investing.com,https://finance.yahoo.com/news/4-big-analyst-picks-kellogg-053231874.html,1687843951,STORY
fdf041ef-b976-3e87-91bf-4eaed77491e1,K,2023-7-1,/C O R R E C T I O N -- Kellogg Company/,PR Newswire,https://finance.yahoo.com/news/kellogg-company-announces-dates-upcoming-123000431.html,1688051160,STORY
c6668725-54e3-48a2-a390-b607190c92c0,K,2023-7-1,Fed chair Powell's long reach arrives in cereal aisles,Yahoo Finance,https://finance.yahoo.com/news/fed-chair-powells-long-reach-arrives-in-cereal-aisles-122846922.html,1688041726,STORY
56112f1a-3ec2-33e2-a544-540effb0cab1,K,2023-7-1,"General Mills Earnings, Outlook Drag Food Stocks Lower",The Wall Street Journal,https://finance.yahoo.com/m/56112f1a-3ec2-33e2-a544-540effb0cab1/general-mills-earnings%2C.html,1687977916,STORY
9f5e2c1c-280d-3203-b150-8a549c345c71,K,2023-7-1,Kellogg Shares Boosted From a Fundamental Upgrade,TheStreet.com,https://finance.yahoo.com/m/9f5e2c1c-280d-3203-b150-8a549c345c71/kellogg-shares-boosted-from-a.html,1687883700,STORY
0b8e794a-ef7e-3169-afc4-cbca8eedaed5,K,2023-7-1,Kellogg Stock Snags a Buy Rating. Thank the Cereal Spinoff.,Barrons.com,https://finance.yahoo.com/m/0b8e794a-ef7e-3169-afc4-cbca8eedaed5/kellogg-stock-snags-a-buy.html,1687882680,STORY
8c36116f-1fd4-3d5e-b124-dbcef7cfd8f5,K,2023-7-1,"Alibaba downgraded, Kellogg upgraded: Wall Street's top analyst calls",The Fly,https://finance.yahoo.com/news/alibaba-downgraded-kellogg-upgraded-wall-140335371.html,1687874615,STORY
5e5e5b70-55e9-336a-8257-db076172c205,K,2023-7-1,"Walgreens, Lordstown fell premarket; Delta Air Lines, Snowflake rise",Investing.com,https://finance.yahoo.com/news/walgreens-lordstown-fell-premarket-delta-080320315.html,1687853000,STORY
ec1c7bdc-dddc-39cf-bb7e-5cfe99c2f818,K,2023-7-1,"4 big analyst picks: Kellogg a 'mispriced' growth standout, says Goldman",Investing.com,https://finance.yahoo.com/news/4-big-analyst-picks-kellogg-053231874.html,1687843951,STORY
fdf041ef-b976-3e87-91bf-4eaed77491e1,K,2023-7-2,/C O R R E C T I O N -- Kellogg Company/,PR Newswire,https://finance.yahoo.com/news/kellogg-company-announces-dates-upcoming-123000431.html,1688051160,STORY
c6668725-54e3-48a2-a390-b607190c92c0,K,2023-7-2,Fed chair Powell's long reach arrives in cereal aisles,Yahoo Finance,https://finance.yahoo.com/news/fed-chair-powells-long-reach-arrives-in-cereal-aisles-122846922.html,1688041726,STORY
56112f1a-3ec2-33e2-a544-540effb0cab1,K,2023-7-2,"General Mills Earnings, Outlook Drag Food Stocks Lower",The Wall Street Journal,https://finance.yahoo.com/m/56112f1a-3ec2-33e2-a544-540effb0cab1/general-mills-earnings%2C.html,1687977916,STORY
9f5e2c1c-280d-3203-b150-8a549c345c71,K,2023-7-2,Kellogg Shares Boosted From a Fundamental Upgrade,TheStreet.com,https://finance.yahoo.com/m/9f5e2c1c-280d-3203-b150-8a549c345c71/kellogg-shares-boosted-from-a.html,1687883700,STORY
0b8e794a-ef7e-3169-afc4-cbca8eedaed5,K,2023-7-2,Kellogg Stock Snags a Buy Rating. Thank the Cereal Spinoff.,Barrons.com,https://finance.yahoo.com/m/0b8e794a-ef7e-3169-afc4-cbca8eedaed5/kellogg-stock-snags-a-buy.html,1687882680,STORY
8c36116f-1fd4-3d5e-b124-dbcef7cfd8f5,K,2023-7-2,"Alibaba downgraded, Kellogg upgraded: Wall Street's top analyst calls",The Fly,https://finance.yahoo.com/news/alibaba-downgraded-kellogg-upgraded-wall-140335371.html,1687874615,STORY
5e5e5b70-55e9-336a-8257-db076172c205,K,2023-7-2,"Walgreens, Lordstown fell premarket; Delta Air Lines, Snowflake rise",Investing.com,https://finance.yahoo.com/news/walgreens-lordstown-fell-premarket-delta-080320315.html,1687853000,STORY
ec1c7bdc-dddc-39cf-bb7e-5cfe99c2f818,K,2023-7-2,"4 big analyst picks: Kellogg a 'mispriced' growth standout, says Goldman",Investing.com,https://finance.yahoo.com/news/4-big-analyst-picks-kellogg-053231874.html,1687843951,STORY
fdf041ef-b976-3e87-91bf-4eaed77491e1,K,2023-7-3,/C O R R E C T I O N -- Kellogg Company/,PR Newswire,https://finance.yahoo.com/news/kellogg-company-announces-dates-upcoming-123000431.html,1688051160,STORY
c6668725-54e3-48a2-a390-b607190c92c0,K,2023-7-3,Fed chair Powell's long reach arrives in cereal aisles,Yahoo Finance,https://finance.yahoo.com/news/fed-chair-powells-long-reach-arrives-in-cereal-aisles-122846922.html,1688041726,STORY
56112f1a-3ec2-33e2-a544-540effb0cab1,K,2023-7-3,"General Mills Earnings, Outlook Drag Food Stocks Lower",The Wall Street Journal,https://finance.yahoo.com/m/56112f1a-3ec2-33e2-a544-540effb0cab1/general-mills-earnings%2C.html,1687977916,STORY
9f5e2c1c-280d-3203-b150-8a549c345c71,K,2023-7-3,Kellogg Shares Boosted From a Fundamental Upgrade,TheStreet.com,https://finance.yahoo.com/m/9f5e2c1c-280d-3203-b150-8a549c345c71/kellogg-shares-boosted-from-a.html,1687883700,STORY
0b8e794a-ef7e-3169-afc4-cbca8eedaed5,K,2023-7-3,Kellogg Stock Snags a Buy Rating. Thank the Cereal Spinoff.,Barrons.com,https://finance.yahoo.com/m/0b8e794a-ef7e-3169-afc4-cbca8eedaed5/kellogg-stock-snags-a-buy.html,1687882680,STORY
8c36116f-1fd4-3d5e-b124-dbcef7cfd8f5,K,2023-7-3,"Alibaba downgraded, Kellogg upgraded: Wall Street's top analyst calls",The Fly,https://finance.yahoo.com/news/alibaba-downgraded-kellogg-upgraded-wall-140335371.html,1687874615,STORY
5e5e5b70-55e9-336a-8257-db076172c205,K,2023-7-3,"Walgreens, Lordstown fell premarket; Delta Air Lines, Snowflake rise",Investing.com,https://finance.yahoo.com/news/walgreens-lordstown-fell-premarket-delta-080320315.html,1687853000,STORY
ec1c7bdc-dddc-39cf-bb7e-5cfe99c2f818,K,2023-7-3,"4 big analyst picks: Kellogg a 'mispriced' growth standout, says Goldman",Investing.com,https://finance.yahoo.com/news/4-big-analyst-picks-kellogg-053231874.html,1687843951,STORY
fdf041ef-b976-3e87-91bf-4eaed77491e1,K,2023-7-4,/C O R R E C T I O N -- Kellogg Company/,PR Newswire,https://finance.yahoo.com/news/kellogg-company-announces-dates-upcoming-123000431.html,1688051160,STORY
c6668725-54e3-48a2-a390-b607190c92c0,K,2023-7-4,Fed chair Powell's long reach arrives in cereal aisles,Yahoo Finance,https://finance.yahoo.com/news/fed-chair-powells-long-reach-arrives-in-cereal-aisles-122846922.html,1688041726,STORY
56112f1a-3ec2-33e2-a544-540effb0cab1,K,2023-7-4,"General Mills Earnings, Outlook Drag Food Stocks Lower",The Wall Street Journal,https://finance.yahoo.com/m/56112f1a-3ec2-33e2-a544-540effb0cab1/general-mills-earnings%2C.html,1687977916,STORY
9f5e2c1c-280d-3203-b150-8a549c345c71,K,2023-7-4,Kellogg Shares Boosted From a Fundamental Upgrade,TheStreet.com,https://finance.yahoo.com/m/9f5e2c1c-280d-3203-b150-8a549c345c71/kellogg-shares-boosted-from-a.html,1687883700,STORY
0b8e794a-ef7e-3169-afc4-cbca8eedaed5,K,2023-7-4,Kellogg Stock Snags a Buy Rating. Thank the Cereal Spinoff.,Barrons.com,https://finance.yahoo.com/m/0b8e794a-ef7e-3169-afc4-cbca8eedaed5/kellogg-stock-snags-a-buy.html,1687882680,STORY
8c36116f-1fd4-3d5e-b124-dbcef7cfd8f5,K,2023-7-4,"Alibaba downgraded, Kellogg upgraded: Wall Street's top analyst calls",The Fly,https://finance.yahoo.com/news/alibaba-downgraded-kellogg-upgraded-wall-140335371.html,1687874615,STORY
5e5e5b70-55e9-336a-8257-db076172c205,K,2023-7-4,"Walgreens, Lordstown fell premarket; Delta Air Lines, Snowflake rise",Investing.com,https://finance.yahoo.com/news/walgreens-lordstown-fell-premarket-delta-080320315.html,1687853000,STORY
ec1c7bdc-dddc-39cf-bb7e-5cfe99c2f818,K,2023-7-4,"4 big analyst picks: Kellogg a 'mispriced' growth standout, says Goldman",Investing.com,https://finance.yahoo.com/news/4-big-analyst-picks-kellogg-053231874.html,1687843951,STORY
fdf041ef-b976-3e87-91bf-4eaed77491e1,K,2023-7-5,/C O R R E C T I O N -- Kellogg Company/,PR Newswire,https://finance.yahoo.com/news/kellogg-company-announces-dates-upcoming-123000431.html,1688051160,STORY
c6668725-54e3-48a2-a390-b607190c92c0,K,2023-7-5,Fed chair Powell's long reach arrives in cereal aisles,Yahoo Finance,https://finance.yahoo.com/news/fed-chair-powells-long-reach-arrives-in-cereal-aisles-122846922.html,1688041726,STORY
56112f1a-3ec2-33e2-a544-540effb0cab1,K,2023-7-5,"General Mills Earnings, Outlook Drag Food Stocks Lower",The Wall Street Journal,https://finance.yahoo.com/m/56112f1a-3ec2-33e2-a544-540effb0cab1/general-mills-earnings%2C.html,1687977916,STORY
9f5e2c1c-280d-3203-b150-8a549c345c71,K,2023-7-5,Kellogg Shares Boosted From a Fundamental Upgrade,TheStreet.com,https://finance.yahoo.com/m/9f5e2c1c-280d-3203-b150-8a549c345c71/kellogg-shares-boosted-from-a.html,1687883700,STORY
0b8e794a-ef7e-3169-afc4-cbca8eedaed5,K,2023-7-5,Kellogg Stock Snags a Buy Rating. Thank the Cereal Spinoff.,Barrons.com,https://finance.yahoo.com/m/0b8e794a-ef7e-3169-afc4-cbca8eedaed5/kellogg-stock-snags-a-buy.html,1687882680,STORY
8c36116f-1fd4-3d5e-b124-dbcef7cfd8f5,K,2023-7-5,"Alibaba downgraded, Kellogg upgraded: Wall Street's top analyst calls",The Fly,https://finance.yahoo.com/news/alibaba-downgraded-kellogg-upgraded-wall-140335371.html,1687874615,STORY
5e5e5b70-55e9-336a-8257-db076172c205,K,2023-7-5,"Walgreens, Lordstown fell premarket; Delta Air Lines, Snowflake rise",Investing.com,https://finance.yahoo.com/news/walgreens-lordstown-fell-premarket-delta-080320315.html,1687853000,STORY
ec1c7bdc-dddc-39cf-bb7e-5cfe99c2f818,K,2023-7-5,"4 big analyst picks: Kellogg a 'mispriced' growth standout, says Goldman",Investing.com,https://finance.yahoo.com/news/4-big-analyst-picks-kellogg-053231874.html,1687843951,STORY
fdf041ef-b976-3e87-91bf-4eaed77491e1,K,2023-7-6,/C O R R E C T I O N -- Kellogg Company/,PR Newswire,https://finance.yahoo.com/news/kellogg-company-announces-dates-upcoming-123000431.html,1688051160,STORY
c6668725-54e3-48a2-a390-b607190c92c0,K,2023-7-6,Fed chair Powell's long reach arrives in cereal aisles,Yahoo Finance,https://finance.yahoo.com/news/fed-chair-powells-long-reach-arrives-in-cereal-aisles-122846922.html,1688041726,STORY
56112f1a-3ec2-33e2-a544-540effb0cab1,K,2023-7-6,"General Mills Earnings, Outlook Drag Food Stocks Lower",The Wall Street Journal,https://finance.yahoo.com/m/56112f1a-3ec2-33e2-a544-540effb0cab1/general-mills-earnings%2C.html,1687977916,STORY
9f5e2c1c-280d-3203-b150-8a549c345c71,K,2023-7-6,Kellogg Shares Boosted From a Fundamental Upgrade,TheStreet.com,https://finance.yahoo.com/m/9f5e2c1c-280d-3203-b150-8a549c345c71/kellogg-shares-boosted-from-a.html,1687883700,STORY
0b8e794a-ef7e-3169-afc4-cbca8eedaed5,K,2023-7-6,Kellogg Stock Snags a Buy Rating. Thank the Cereal Spinoff.,Barrons.com,https://finance.yahoo.com/m/0b8e794a-ef7e-3169-afc4-cbca8eedaed5/kellogg-stock-snags-a-buy.html,1687882680,STORY
8c36116f-1fd4-3d5e-b124-dbcef7cfd8f5,K,2023-7-6,"Alibaba downgraded, Kellogg upgraded: Wall Street's top analyst calls",The Fly,https://finance.yahoo.com/news/alibaba-downgraded-kellogg-upgraded-wall-140335371.html,1687874615,STORY
5e5e5b70-55e9-336a-8257-db076172c205,K,2023-7-6,"Walgreens, Lordstown fell premarket; Delta Air Lines, Snowflake rise",Investing.com,https://finance.yahoo.com/news/walgreens-lordstown-fell-premarket-delta-080320315.html,1687853000,STORY
ec1c7bdc-dddc-39cf-bb7e-5cfe99c2f818,K,2023-7-6,"4 big analyst picks: Kellogg a 'mispriced' growth standout, says Goldman",Investing.com,https://finance.yahoo.com/news/4-big-analyst-picks-kellogg-053231874.html,1687843951,STORY
fdf041ef-b976-3e87-91bf-4eaed77491e1,K,2023-7-7,/C O R R E C T I O N -- Kellogg Company/,PR Newswire,https://finance.yahoo.com/news/kellogg-company-announces-dates-upcoming-123000431.html,1688051160,STORY
c6668725-54e3-48a2-a390-b607190c92c0,K,2023-7-7,Fed chair Powell's long reach arrives in cereal aisles,Yahoo Finance,https://finance.yahoo.com/news/fed-chair-powells-long-reach-arrives-in-cereal-aisles-122846922.html,1688041726,STORY
56112f1a-3ec2-33e2-a544-540effb0cab1,K,2023-7-7,"General Mills Earnings, Outlook Drag Food Stocks Lower",The Wall Street Journal,https://finance.yahoo.com/m/56112f1a-3ec2-33e2-a544-540effb0cab1/general-mills-earnings%2C.html,1687977916,STORY
9f5e2c1c-280d-3203-b150-8a549c345c71,K,2023-7-7,Kellogg Shares Boosted From a Fundamental Upgrade,TheStreet.com,https://finance.yahoo.com/m/9f5e2c1c-280d-3203-b150-8a549c345c71/kellogg-shares-boosted-from-a.html,1687883700,STORY
0b8e794a-ef7e-3169-afc4-cbca8eedaed5,K,2023-7-7,Kellogg Stock Snags a Buy Rating. Thank the Cereal Spinoff.,Barrons.com,https://finance.yahoo.com/m/0b8e794a-ef7e-3169-afc4-cbca8eedaed5/kellogg-stock-snags-a-buy.html,1687882680,STORY
8c36116f-1fd4-3d5e-b124-dbcef7cfd8f5,K,2023-7-7,"Alibaba downgraded, Kellogg upgraded: Wall Street's top analyst calls",The Fly,https://finance.yahoo.com/news/alibaba-downgraded-kellogg-upgraded-wall-140335371.html,1687874615,STORY
5e5e5b70-55e9-336a-8257-db076172c205,K,2023-7-7,"Walgreens, Lordstown fell premarket; Delta Air Lines, Snowflake rise",Investing.com,https://finance.yahoo.com/news/walgreens-lordstown-fell-premarket-delta-080320315.html,1687853000,STORY
ec1c7bdc-dddc-39cf-bb7e-5cfe99c2f818,K,2023-7-7,"4 big analyst picks: Kellogg a 'mispriced' growth standout, says Goldman",Investing.com,https://finance.yahoo.com/news/4-big-analyst-picks-kellogg-053231874.html,1687843951,STORY
3dbed268-f662-3658-8811-26596dc0a382,K,2023-7-8,A Closer Look At Kellogg Company's (NYSE:K) Impressive ROE,Simply Wall St.,https://finance.yahoo.com/news/closer-look-kellogg-companys-nyse-151231407.html,1688742751,STORY
fdf041ef-b976-3e87-91bf-4eaed77491e1,K,2023-7-8,/C O R R E C T I O N -- Kellogg Company/,PR Newswire,https://finance.yahoo.com/news/kellogg-company-announces-dates-upcoming-123000431.html,1688051160,STORY
c6668725-54e3-48a2-a390-b607190c92c0,K,2023-7-8,Fed chair Powell's long reach arrives in cereal aisles,Yahoo Finance,https://finance.yahoo.com/news/fed-chair-powells-long-reach-arrives-in-cereal-aisles-122846922.html,1688041726,STORY
56112f1a-3ec2-33e2-a544-540effb0cab1,K,2023-7-8,"General Mills Earnings, Outlook Drag Food Stocks Lower",The Wall Street Journal,https://finance.yahoo.com/m/56112f1a-3ec2-33e2-a544-540effb0cab1/general-mills-earnings%2C.html,1687977916,STORY
9f5e2c1c-280d-3203-b150-8a549c345c71,K,2023-7-8,Kellogg Shares Boosted From a Fundamental Upgrade,TheStreet.com,https://finance.yahoo.com/m/9f5e2c1c-280d-3203-b150-8a549c345c71/kellogg-shares-boosted-from-a.html,1687883700,STORY
0b8e794a-ef7e-3169-afc4-cbca8eedaed5,K,2023-7-8,Kellogg Stock Snags a Buy Rating. Thank the Cereal Spinoff.,Barrons.com,https://finance.yahoo.com/m/0b8e794a-ef7e-3169-afc4-cbca8eedaed5/kellogg-stock-snags-a-buy.html,1687882680,STORY
8c36116f-1fd4-3d5e-b124-dbcef7cfd8f5,K,2023-7-8,"Alibaba downgraded, Kellogg upgraded: Wall Street's top analyst calls",The Fly,https://finance.yahoo.com/news/alibaba-downgraded-kellogg-upgraded-wall-140335371.html,1687874615,STORY
5e5e5b70-55e9-336a-8257-db076172c205,K,2023-7-8,"Walgreens, Lordstown fell premarket; Delta Air Lines, Snowflake rise",Investing.com,https://finance.yahoo.com/news/walgreens-lordstown-fell-premarket-delta-080320315.html,1687853000,STORY
3dbed268-f662-3658-8811-26596dc0a382,K,2023-7-9,A Closer Look At Kellogg Company's (NYSE:K) Impressive ROE,Simply Wall St.,https://finance.yahoo.com/news/closer-look-kellogg-companys-nyse-151231407.html,1688742751,STORY
fdf041ef-b976-3e87-91bf-4eaed77491e1,K,2023-7-9,/C O R R E C T I O N -- Kellogg Company/,PR Newswire,https://finance.yahoo.com/news/kellogg-company-announces-dates-upcoming-123000431.html,1688051160,STORY
c6668725-54e3-48a2-a390-b607190c92c0,K,2023-7-9,Fed chair Powell's long reach arrives in cereal aisles,Yahoo Finance,https://finance.yahoo.com/news/fed-chair-powells-long-reach-arrives-in-cereal-aisles-122846922.html,1688041726,STORY
56112f1a-3ec2-33e2-a544-540effb0cab1,K,2023-7-9,"General Mills Earnings, Outlook Drag Food Stocks Lower",The Wall Street Journal,https://finance.yahoo.com/m/56112f1a-3ec2-33e2-a544-540effb0cab1/general-mills-earnings%2C.html,1687977916,STORY
9f5e2c1c-280d-3203-b150-8a549c345c71,K,2023-7-9,Kellogg Shares Boosted From a Fundamental Upgrade,TheStreet.com,https://finance.yahoo.com/m/9f5e2c1c-280d-3203-b150-8a549c345c71/kellogg-shares-boosted-from-a.html,1687883700,STORY
0b8e794a-ef7e-3169-afc4-cbca8eedaed5,K,2023-7-9,Kellogg Stock Snags a Buy Rating. Thank the Cereal Spinoff.,Barrons.com,https://finance.yahoo.com/m/0b8e794a-ef7e-3169-afc4-cbca8eedaed5/kellogg-stock-snags-a-buy.html,1687882680,STORY
8c36116f-1fd4-3d5e-b124-dbcef7cfd8f5,K,2023-7-9,"Alibaba downgraded, Kellogg upgraded: Wall Street's top analyst calls",The Fly,https://finance.yahoo.com/news/alibaba-downgraded-kellogg-upgraded-wall-140335371.html,1687874615,STORY
5e5e5b70-55e9-336a-8257-db076172c205,K,2023-7-9,"Walgreens, Lordstown fell premarket; Delta Air Lines, Snowflake rise",Investing.com,https://finance.yahoo.com/news/walgreens-lordstown-fell-premarket-delta-080320315.html,1687853000,STORY
3dbed268-f662-3658-8811-26596dc0a382,K,2023-7-10,A Closer Look At Kellogg Company's (NYSE:K) Impressive ROE,Simply Wall St.,https://finance.yahoo.com/news/closer-look-kellogg-companys-nyse-151231407.html,1688742751,STORY
fdf041ef-b976-3e87-91bf-4eaed77491e1,K,2023-7-10,/C O R R E C T I O N -- Kellogg Company/,PR Newswire,https://finance.yahoo.com/news/kellogg-company-announces-dates-upcoming-123000431.html,1688051160,STORY
c6668725-54e3-48a2-a390-b607190c92c0,K,2023-7-10,Fed chair Powell's long reach arrives in cereal aisles,Yahoo Finance,https://finance.yahoo.com/news/fed-chair-powells-long-reach-arrives-in-cereal-aisles-122846922.html,1688041726,STORY
56112f1a-3ec2-33e2-a544-540effb0cab1,K,2023-7-10,"General Mills Earnings, Outlook Drag Food Stocks Lower",The Wall Street Journal,https://finance.yahoo.com/m/56112f1a-3ec2-33e2-a544-540effb0cab1/general-mills-earnings%2C.html,1687977916,STORY
9f5e2c1c-280d-3203-b150-8a549c345c71,K,2023-7-10,Kellogg Shares Boosted From a Fundamental Upgrade,TheStreet.com,https://finance.yahoo.com/m/9f5e2c1c-280d-3203-b150-8a549c345c71/kellogg-shares-boosted-from-a.html,1687883700,STORY
0b8e794a-ef7e-3169-afc4-cbca8eedaed5,K,2023-7-10,Kellogg Stock Snags a Buy Rating. Thank the Cereal Spinoff.,Barrons.com,https://finance.yahoo.com/m/0b8e794a-ef7e-3169-afc4-cbca8eedaed5/kellogg-stock-snags-a-buy.html,1687882680,STORY
8c36116f-1fd4-3d5e-b124-dbcef7cfd8f5,K,2023-7-10,"Alibaba downgraded, Kellogg upgraded: Wall Street's top analyst calls",The Fly,https://finance.yahoo.com/news/alibaba-downgraded-kellogg-upgraded-wall-140335371.html,1687874615,STORY
5e5e5b70-55e9-336a-8257-db076172c205,K,2023-7-10,"Walgreens, Lordstown fell premarket; Delta Air Lines, Snowflake rise",Investing.com,https://finance.yahoo.com/news/walgreens-lordstown-fell-premarket-delta-080320315.html,1687853000,STORY
3dbed268-f662-3658-8811-26596dc0a382,K,2023-7-11,A Closer Look At Kellogg Company's (NYSE:K) Impressive ROE,Simply Wall St.,https://finance.yahoo.com/news/closer-look-kellogg-companys-nyse-151231407.html,1688742751,STORY
fdf041ef-b976-3e87-91bf-4eaed77491e1,K,2023-7-11,/C O R R E C T I O N -- Kellogg Company/,PR Newswire,https://finance.yahoo.com/news/kellogg-company-announces-dates-upcoming-123000431.html,1688051160,STORY
c6668725-54e3-48a2-a390-b607190c92c0,K,2023-7-11,Fed chair Powell's long reach arrives in cereal aisles,Yahoo Finance,https://finance.yahoo.com/news/fed-chair-powells-long-reach-arrives-in-cereal-aisles-122846922.html,1688041726,STORY
56112f1a-3ec2-33e2-a544-540effb0cab1,K,2023-7-11,"General Mills Earnings, Outlook Drag Food Stocks Lower",The Wall Street Journal,https://finance.yahoo.com/m/56112f1a-3ec2-33e2-a544-540effb0cab1/general-mills-earnings%2C.html,1687977916,STORY
9f5e2c1c-280d-3203-b150-8a549c345c71,K,2023-7-11,Kellogg Shares Boosted From a Fundamental Upgrade,TheStreet.com,https://finance.yahoo.com/m/9f5e2c1c-280d-3203-b150-8a549c345c71/kellogg-shares-boosted-from-a.html,1687883700,STORY
0b8e794a-ef7e-3169-afc4-cbca8eedaed5,K,2023-7-11,Kellogg Stock Snags a Buy Rating. Thank the Cereal Spinoff.,Barrons.com,https://finance.yahoo.com/m/0b8e794a-ef7e-3169-afc4-cbca8eedaed5/kellogg-stock-snags-a-buy.html,1687882680,STORY
8c36116f-1fd4-3d5e-b124-dbcef7cfd8f5,K,2023-7-11,"Alibaba downgraded, Kellogg upgraded: Wall Street's top analyst calls",The Fly,https://finance.yahoo.com/news/alibaba-downgraded-kellogg-upgraded-wall-140335371.html,1687874615,STORY
5e5e5b70-55e9-336a-8257-db076172c205,K,2023-7-11,"Walgreens, Lordstown fell premarket; Delta Air Lines, Snowflake rise",Investing.com,https://finance.yahoo.com/news/walgreens-lordstown-fell-premarket-delta-080320315.html,1687853000,STORY
3dbed268-f662-3658-8811-26596dc0a382,K,2023-7-12,A Closer Look At Kellogg Company's (NYSE:K) Impressive ROE,Simply Wall St.,https://finance.yahoo.com/news/closer-look-kellogg-companys-nyse-151231407.html,1688742751,STORY
fdf041ef-b976-3e87-91bf-4eaed77491e1,K,2023-7-12,/C O R R E C T I O N -- Kellogg Company/,PR Newswire,https://finance.yahoo.com/news/kellogg-company-announces-dates-upcoming-123000431.html,1688051160,STORY
c6668725-54e3-48a2-a390-b607190c92c0,K,2023-7-12,Fed chair Powell's long reach arrives in cereal aisles,Yahoo Finance,https://finance.yahoo.com/news/fed-chair-powells-long-reach-arrives-in-cereal-aisles-122846922.html,1688041726,STORY
56112f1a-3ec2-33e2-a544-540effb0cab1,K,2023-7-12,"General Mills Earnings, Outlook Drag Food Stocks Lower",The Wall Street Journal,https://finance.yahoo.com/m/56112f1a-3ec2-33e2-a544-540effb0cab1/general-mills-earnings%2C.html,1687977916,STORY
9f5e2c1c-280d-3203-b150-8a549c345c71,K,2023-7-12,Kellogg Shares Boosted From a Fundamental Upgrade,TheStreet.com,https://finance.yahoo.com/m/9f5e2c1c-280d-3203-b150-8a549c345c71/kellogg-shares-boosted-from-a.html,1687883700,STORY
0b8e794a-ef7e-3169-afc4-cbca8eedaed5,K,2023-7-12,Kellogg Stock Snags a Buy Rating. Thank the Cereal Spinoff.,Barrons.com,https://finance.yahoo.com/m/0b8e794a-ef7e-3169-afc4-cbca8eedaed5/kellogg-stock-snags-a-buy.html,1687882680,STORY
8c36116f-1fd4-3d5e-b124-dbcef7cfd8f5,K,2023-7-12,"Alibaba downgraded, Kellogg upgraded: Wall Street's top analyst calls",The Fly,https://finance.yahoo.com/news/alibaba-downgraded-kellogg-upgraded-wall-140335371.html,1687874615,STORY
5e5e5b70-55e9-336a-8257-db076172c205,K,2023-7-12,"Walgreens, Lordstown fell premarket; Delta Air Lines, Snowflake rise",Investing.com,https://finance.yahoo.com/news/walgreens-lordstown-fell-premarket-delta-080320315.html,1687853000,STORY
3dbed268-f662-3658-8811-26596dc0a382,K,2023-7-13,A Closer Look At Kellogg Company's (NYSE:K) Impressive ROE,Simply Wall St.,https://finance.yahoo.com/news/closer-look-kellogg-companys-nyse-151231407.html,1688742751,STORY
fdf041ef-b976-3e87-91bf-4eaed77491e1,K,2023-7-13,/C O R R E C T I O N -- Kellogg Company/,PR Newswire,https://finance.yahoo.com/news/kellogg-company-announces-dates-upcoming-123000431.html,1688051160,STORY
c6668725-54e3-48a2-a390-b607190c92c0,K,2023-7-13,Fed chair Powell's long reach arrives in cereal aisles,Yahoo Finance,https://finance.yahoo.com/news/fed-chair-powells-long-reach-arrives-in-cereal-aisles-122846922.html,1688041726,STORY
56112f1a-3ec2-33e2-a544-540effb0cab1,K,2023-7-13,"General Mills Earnings, Outlook Drag Food Stocks Lower",The Wall Street Journal,https://finance.yahoo.com/m/56112f1a-3ec2-33e2-a544-540effb0cab1/general-mills-earnings%2C.html,1687977916,STORY
9f5e2c1c-280d-3203-b150-8a549c345c71,K,2023-7-13,Kellogg Shares Boosted From a Fundamental Upgrade,TheStreet.com,https://finance.yahoo.com/m/9f5e2c1c-280d-3203-b150-8a549c345c71/kellogg-shares-boosted-from-a.html,1687883700,STORY
0b8e794a-ef7e-3169-afc4-cbca8eedaed5,K,2023-7-13,Kellogg Stock Snags a Buy Rating. Thank the Cereal Spinoff.,Barrons.com,https://finance.yahoo.com/m/0b8e794a-ef7e-3169-afc4-cbca8eedaed5/kellogg-stock-snags-a-buy.html,1687882680,STORY
8c36116f-1fd4-3d5e-b124-dbcef7cfd8f5,K,2023-7-13,"Alibaba downgraded, Kellogg upgraded: Wall Street's top analyst calls",The Fly,https://finance.yahoo.com/news/alibaba-downgraded-kellogg-upgraded-wall-140335371.html,1687874615,STORY
5e5e5b70-55e9-336a-8257-db076172c205,K,2023-7-13,"Walgreens, Lordstown fell premarket; Delta Air Lines, Snowflake rise",Investing.com,https://finance.yahoo.com/news/walgreens-lordstown-fell-premarket-delta-080320315.html,1687853000,STORY
3dbed268-f662-3658-8811-26596dc0a382,K,2023-7-14,A Closer Look At Kellogg Company's (NYSE:K) Impressive ROE,Simply Wall St.,https://finance.yahoo.com/news/closer-look-kellogg-companys-nyse-151231407.html,1688742751,STORY
fdf041ef-b976-3e87-91bf-4eaed77491e1,K,2023-7-14,/C O R R E C T I O N -- Kellogg Company/,PR Newswire,https://finance.yahoo.com/news/kellogg-company-announces-dates-upcoming-123000431.html,1688051160,STORY
c6668725-54e3-48a2-a390-b607190c92c0,K,2023-7-14,Fed chair Powell's long reach arrives in cereal aisles,Yahoo Finance,https://finance.yahoo.com/news/fed-chair-powells-long-reach-arrives-in-cereal-aisles-122846922.html,1688041726,STORY
56112f1a-3ec2-33e2-a544-540effb0cab1,K,2023-7-14,"General Mills Earnings, Outlook Drag Food Stocks Lower",The Wall Street Journal,https://finance.yahoo.com/m/56112f1a-3ec2-33e2-a544-540effb0cab1/general-mills-earnings%2C.html,1687977916,STORY
9f5e2c1c-280d-3203-b150-8a549c345c71,K,2023-7-14,Kellogg Shares Boosted From a Fundamental Upgrade,TheStreet.com,https://finance.yahoo.com/m/9f5e2c1c-280d-3203-b150-8a549c345c71/kellogg-shares-boosted-from-a.html,1687883700,STORY
0b8e794a-ef7e-3169-afc4-cbca8eedaed5,K,2023-7-14,Kellogg Stock Snags a Buy Rating. Thank the Cereal Spinoff.,Barrons.com,https://finance.yahoo.com/m/0b8e794a-ef7e-3169-afc4-cbca8eedaed5/kellogg-stock-snags-a-buy.html,1687882680,STORY
8c36116f-1fd4-3d5e-b124-dbcef7cfd8f5,K,2023-7-14,"Alibaba downgraded, Kellogg upgraded: Wall Street's top analyst calls",The Fly,https://finance.yahoo.com/news/alibaba-downgraded-kellogg-upgraded-wall-140335371.html,1687874615,STORY
5e5e5b70-55e9-336a-8257-db076172c205,K,2023-7-14,"Walgreens, Lordstown fell premarket; Delta Air Lines, Snowflake rise",Investing.com,https://finance.yahoo.com/news/walgreens-lordstown-fell-premarket-delta-080320315.html,1687853000,STORY
3dbed268-f662-3658-8811-26596dc0a382,K,2023-7-15,A Closer Look At Kellogg Company's (NYSE:K) Impressive ROE,Simply Wall St.,https://finance.yahoo.com/news/closer-look-kellogg-companys-nyse-151231407.html,1688742751,STORY
fdf041ef-b976-3e87-91bf-4eaed77491e1,K,2023-7-15,/C O R R E C T I O N -- Kellogg Company/,PR Newswire,https://finance.yahoo.com/news/kellogg-company-announces-dates-upcoming-123000431.html,1688051160,STORY
c6668725-54e3-48a2-a390-b607190c92c0,K,2023-7-15,Fed chair Powell's long reach arrives in cereal aisles,Yahoo Finance,https://finance.yahoo.com/news/fed-chair-powells-long-reach-arrives-in-cereal-aisles-122846922.html,1688041726,STORY
56112f1a-3ec2-33e2-a544-540effb0cab1,K,2023-7-15,"General Mills Earnings, Outlook Drag Food Stocks Lower",The Wall Street Journal,https://finance.yahoo.com/m/56112f1a-3ec2-33e2-a544-540effb0cab1/general-mills-earnings%2C.html,1687977916,STORY
9f5e2c1c-280d-3203-b150-8a549c345c71,K,2023-7-15,Kellogg Shares Boosted From a Fundamental Upgrade,TheStreet.com,https://finance.yahoo.com/m/9f5e2c1c-280d-3203-b150-8a549c345c71/kellogg-shares-boosted-from-a.html,1687883700,STORY
0b8e794a-ef7e-3169-afc4-cbca8eedaed5,K,2023-7-15,Kellogg Stock Snags a Buy Rating. Thank the Cereal Spinoff.,Barrons.com,https://finance.yahoo.com/m/0b8e794a-ef7e-3169-afc4-cbca8eedaed5/kellogg-stock-snags-a-buy.html,1687882680,STORY
8c36116f-1fd4-3d5e-b124-dbcef7cfd8f5,K,2023-7-15,"Alibaba downgraded, Kellogg upgraded: Wall Street's top analyst calls",The Fly,https://finance.yahoo.com/news/alibaba-downgraded-kellogg-upgraded-wall-140335371.html,1687874615,STORY
5e5e5b70-55e9-336a-8257-db076172c205,K,2023-7-15,"Walgreens, Lordstown fell premarket; Delta Air Lines, Snowflake rise",Investing.com,https://finance.yahoo.com/news/walgreens-lordstown-fell-premarket-delta-080320315.html,1687853000,STORY
a9bdd315-73b3-39d0-9794-b454adf0f805,K,2023-7-16,"Got $5,000? These 2 Growth Stocks Are Trading Near Their 52-Week Lows",Motley Fool,https://finance.yahoo.com/m/a9bdd315-73b3-39d0-9794-b454adf0f805/got-%245%2C000%3F-these-2-growth.html,1689505200,STORY
3dbed268-f662-3658-8811-26596dc0a382,K,2023-7-16,A Closer Look At Kellogg Company's (NYSE:K) Impressive ROE,Simply Wall St.,https://finance.yahoo.com/news/closer-look-kellogg-companys-nyse-151231407.html,1688742751,STORY
fdf041ef-b976-3e87-91bf-4eaed77491e1,K,2023-7-16,/C O R R E C T I O N -- Kellogg Company/,PR Newswire,https://finance.yahoo.com/news/kellogg-company-announces-dates-upcoming-123000431.html,1688051160,STORY
c6668725-54e3-48a2-a390-b607190c92c0,K,2023-7-16,Fed chair Powell's long reach arrives in cereal aisles,Yahoo Finance,https://finance.yahoo.com/news/fed-chair-powells-long-reach-arrives-in-cereal-aisles-122846922.html,1688041726,STORY
56112f1a-3ec2-33e2-a544-540effb0cab1,K,2023-7-16,"General Mills Earnings, Outlook Drag Food Stocks Lower",The Wall Street Journal,https://finance.yahoo.com/m/56112f1a-3ec2-33e2-a544-540effb0cab1/general-mills-earnings%2C.html,1687977916,STORY
9f5e2c1c-280d-3203-b150-8a549c345c71,K,2023-7-16,Kellogg Shares Boosted From a Fundamental Upgrade,TheStreet.com,https://finance.yahoo.com/m/9f5e2c1c-280d-3203-b150-8a549c345c71/kellogg-shares-boosted-from-a.html,1687883700,STORY
0b8e794a-ef7e-3169-afc4-cbca8eedaed5,K,2023-7-16,Kellogg Stock Snags a Buy Rating. Thank the Cereal Spinoff.,Barrons.com,https://finance.yahoo.com/m/0b8e794a-ef7e-3169-afc4-cbca8eedaed5/kellogg-stock-snags-a-buy.html,1687882680,STORY
8c36116f-1fd4-3d5e-b124-dbcef7cfd8f5,K,2023-7-16,"Alibaba downgraded, Kellogg upgraded: Wall Street's top analyst calls",The Fly,https://finance.yahoo.com/news/alibaba-downgraded-kellogg-upgraded-wall-140335371.html,1687874615,STORY
a9bdd315-73b3-39d0-9794-b454adf0f805,K,2023-7-17,"Got $5,000? These 2 Growth Stocks Are Trading Near Their 52-Week Lows",Motley Fool,https://finance.yahoo.com/m/a9bdd315-73b3-39d0-9794-b454adf0f805/got-%245%2C000%3F-these-2-growth.html,1689505200,STORY
3dbed268-f662-3658-8811-26596dc0a382,K,2023-7-17,A Closer Look At Kellogg Company's (NYSE:K) Impressive ROE,Simply Wall St.,https://finance.yahoo.com/news/closer-look-kellogg-companys-nyse-151231407.html,1688742751,STORY
fdf041ef-b976-3e87-91bf-4eaed77491e1,K,2023-7-17,/C O R R E C T I O N -- Kellogg Company/,PR Newswire,https://finance.yahoo.com/news/kellogg-company-announces-dates-upcoming-123000431.html,1688051160,STORY
c6668725-54e3-48a2-a390-b607190c92c0,K,2023-7-17,Fed chair Powell's long reach arrives in cereal aisles,Yahoo Finance,https://finance.yahoo.com/news/fed-chair-powells-long-reach-arrives-in-cereal-aisles-122846922.html,1688041726,STORY
56112f1a-3ec2-33e2-a544-540effb0cab1,K,2023-7-17,"General Mills Earnings, Outlook Drag Food Stocks Lower",The Wall Street Journal,https://finance.yahoo.com/m/56112f1a-3ec2-33e2-a544-540effb0cab1/general-mills-earnings%2C.html,1687977916,STORY
9f5e2c1c-280d-3203-b150-8a549c345c71,K,2023-7-17,Kellogg Shares Boosted From a Fundamental Upgrade,TheStreet.com,https://finance.yahoo.com/m/9f5e2c1c-280d-3203-b150-8a549c345c71/kellogg-shares-boosted-from-a.html,1687883700,STORY
0b8e794a-ef7e-3169-afc4-cbca8eedaed5,K,2023-7-17,Kellogg Stock Snags a Buy Rating. Thank the Cereal Spinoff.,Barrons.com,https://finance.yahoo.com/m/0b8e794a-ef7e-3169-afc4-cbca8eedaed5/kellogg-stock-snags-a-buy.html,1687882680,STORY
8c36116f-1fd4-3d5e-b124-dbcef7cfd8f5,K,2023-7-17,"Alibaba downgraded, Kellogg upgraded: Wall Street's top analyst calls",The Fly,https://finance.yahoo.com/news/alibaba-downgraded-kellogg-upgraded-wall-140335371.html,1687874615,STORY
46337f00-59e4-35b7-aa45-2413be0f057c,K,2023-7-20,POP-TARTS® LAUNCHES NEW CREATIVE DIRECTION AND INTRODUCES AGENTS OF CRAZY GOOD CHARACTERS,PR Newswire,https://finance.yahoo.com/news/pop-tarts-launches-creative-direction-120000461.html,1689854400,STORY
07275783-6cdb-3d01-8db1-103913a844e0,K,2023-7-20,3 Stocks to Buy Now That Are Yielding 3.5% to 8.8%,Motley Fool,https://finance.yahoo.com/m/07275783-6cdb-3d01-8db1-103913a844e0/3-stocks-to-buy-now-that-are.html,1689761100,STORY
6122bf8e-2529-3e7b-826a-2de72e3f92d2,K,2023-7-20,Kellogg's Better Days® Promise has created Better Days for over 1.8 billion people since 2015,PR Newswire,https://finance.yahoo.com/news/kelloggs-better-days-promise-created-141700837.html,1689603420,STORY
a9bdd315-73b3-39d0-9794-b454adf0f805,K,2023-7-20,"Got $5,000? These 2 Growth Stocks Are Trading Near Their 52-Week Lows",Motley Fool,https://finance.yahoo.com/m/a9bdd315-73b3-39d0-9794-b454adf0f805/got-%245%2C000%3F-these-2-growth.html,1689505200,STORY
3dbed268-f662-3658-8811-26596dc0a382,K,2023-7-20,A Closer Look At Kellogg Company's (NYSE:K) Impressive ROE,Simply Wall St.,https://finance.yahoo.com/news/closer-look-kellogg-companys-nyse-151231407.html,1688742751,STORY
fdf041ef-b976-3e87-91bf-4eaed77491e1,K,2023-7-20,/C O R R E C T I O N -- Kellogg Company/,PR Newswire,https://finance.yahoo.com/news/kellogg-company-announces-dates-upcoming-123000431.html,1688051160,STORY
c6668725-54e3-48a2-a390-b607190c92c0,K,2023-7-20,Fed chair Powell's long reach arrives in cereal aisles,Yahoo Finance,https://finance.yahoo.com/news/fed-chair-powells-long-reach-arrives-in-cereal-aisles-122846922.html,1688041726,STORY
56112f1a-3ec2-33e2-a544-540effb0cab1,K,2023-7-20,"General Mills Earnings, Outlook Drag Food Stocks Lower",The Wall Street Journal,https://finance.yahoo.com/m/56112f1a-3ec2-33e2-a544-540effb0cab1/general-mills-earnings%2C.html,1687977916,STORY
46337f00-59e4-35b7-aa45-2413be0f057c,K,2023-7-21,POP-TARTS® LAUNCHES NEW CREATIVE DIRECTION AND INTRODUCES AGENTS OF CRAZY GOOD CHARACTERS,PR Newswire,https://finance.yahoo.com/news/pop-tarts-launches-creative-direction-120000461.html,1689854400,STORY
07275783-6cdb-3d01-8db1-103913a844e0,K,2023-7-21,3 Stocks to Buy Now That Are Yielding 3.5% to 8.8%,Motley Fool,https://finance.yahoo.com/m/07275783-6cdb-3d01-8db1-103913a844e0/3-stocks-to-buy-now-that-are.html,1689761100,STORY
6122bf8e-2529-3e7b-826a-2de72e3f92d2,K,2023-7-21,Kellogg's Better Days® Promise has created Better Days for over 1.8 billion people since 2015,PR Newswire,https://finance.yahoo.com/news/kelloggs-better-days-promise-created-141700837.html,1689603420,STORY
a9bdd315-73b3-39d0-9794-b454adf0f805,K,2023-7-21,"Got $5,000? These 2 Growth Stocks Are Trading Near Their 52-Week Lows",Motley Fool,https://finance.yahoo.com/m/a9bdd315-73b3-39d0-9794-b454adf0f805/got-%245%2C000%3F-these-2-growth.html,1689505200,STORY
3dbed268-f662-3658-8811-26596dc0a382,K,2023-7-21,A Closer Look At Kellogg Company's (NYSE:K) Impressive ROE,Simply Wall St.,https://finance.yahoo.com/news/closer-look-kellogg-companys-nyse-151231407.html,1688742751,STORY
fdf041ef-b976-3e87-91bf-4eaed77491e1,K,2023-7-21,/C O R R E C T I O N -- Kellogg Company/,PR Newswire,https://finance.yahoo.com/news/kellogg-company-announces-dates-upcoming-123000431.html,1688051160,STORY
c6668725-54e3-48a2-a390-b607190c92c0,K,2023-7-21,Fed chair Powell's long reach arrives in cereal aisles,Yahoo Finance,https://finance.yahoo.com/news/fed-chair-powells-long-reach-arrives-in-cereal-aisles-122846922.html,1688041726,STORY
56112f1a-3ec2-33e2-a544-540effb0cab1,K,2023-7-21,"General Mills Earnings, Outlook Drag Food Stocks Lower",The Wall Street Journal,https://finance.yahoo.com/m/56112f1a-3ec2-33e2-a544-540effb0cab1/general-mills-earnings%2C.html,1687977916,STORY
46337f00-59e4-35b7-aa45-2413be0f057c,K,2023-7-22,POP-TARTS® LAUNCHES NEW CREATIVE DIRECTION AND INTRODUCES AGENTS OF CRAZY GOOD CHARACTERS,PR Newswire,https://finance.yahoo.com/news/pop-tarts-launches-creative-direction-120000461.html,1689854400,STORY
07275783-6cdb-3d01-8db1-103913a844e0,K,2023-7-22,3 Stocks to Buy Now That Are Yielding 3.5% to 8.8%,Motley Fool,https://finance.yahoo.com/m/07275783-6cdb-3d01-8db1-103913a844e0/3-stocks-to-buy-now-that-are.html,1689761100,STORY
6122bf8e-2529-3e7b-826a-2de72e3f92d2,K,2023-7-22,Kellogg's Better Days® Promise has created Better Days for over 1.8 billion people since 2015,PR Newswire,https://finance.yahoo.com/news/kelloggs-better-days-promise-created-141700837.html,1689603420,STORY
a9bdd315-73b3-39d0-9794-b454adf0f805,K,2023-7-22,"Got $5,000? These 2 Growth Stocks Are Trading Near Their 52-Week Lows",Motley Fool,https://finance.yahoo.com/m/a9bdd315-73b3-39d0-9794-b454adf0f805/got-%245%2C000%3F-these-2-growth.html,1689505200,STORY
3dbed268-f662-3658-8811-26596dc0a382,K,2023-7-22,A Closer Look At Kellogg Company's (NYSE:K) Impressive ROE,Simply Wall St.,https://finance.yahoo.com/news/closer-look-kellogg-companys-nyse-151231407.html,1688742751,STORY
fdf041ef-b976-3e87-91bf-4eaed77491e1,K,2023-7-22,/C O R R E C T I O N -- Kellogg Company/,PR Newswire,https://finance.yahoo.com/news/kellogg-company-announces-dates-upcoming-123000431.html,1688051160,STORY
c6668725-54e3-48a2-a390-b607190c92c0,K,2023-7-22,Fed chair Powell's long reach arrives in cereal aisles,Yahoo Finance,https://finance.yahoo.com/news/fed-chair-powells-long-reach-arrives-in-cereal-aisles-122846922.html,1688041726,STORY
56112f1a-3ec2-33e2-a544-540effb0cab1,K,2023-7-22,"General Mills Earnings, Outlook Drag Food Stocks Lower",The Wall Street Journal,https://finance.yahoo.com/m/56112f1a-3ec2-33e2-a544-540effb0cab1/general-mills-earnings%2C.html,1687977916,STORY
46337f00-59e4-35b7-aa45-2413be0f057c,K,2023-7-23,POP-TARTS® LAUNCHES NEW CREATIVE DIRECTION AND INTRODUCES AGENTS OF CRAZY GOOD CHARACTERS,PR Newswire,https://finance.yahoo.com/news/pop-tarts-launches-creative-direction-120000461.html,1689854400,STORY
07275783-6cdb-3d01-8db1-103913a844e0,K,2023-7-23,3 Stocks to Buy Now That Are Yielding 3.5% to 8.8%,Motley Fool,https://finance.yahoo.com/m/07275783-6cdb-3d01-8db1-103913a844e0/3-stocks-to-buy-now-that-are.html,1689761100,STORY
6122bf8e-2529-3e7b-826a-2de72e3f92d2,K,2023-7-23,Kellogg's Better Days® Promise has created Better Days for over 1.8 billion people since 2015,PR Newswire,https://finance.yahoo.com/news/kelloggs-better-days-promise-created-141700837.html,1689603420,STORY
a9bdd315-73b3-39d0-9794-b454adf0f805,K,2023-7-23,"Got $5,000? These 2 Growth Stocks Are Trading Near Their 52-Week Lows",Motley Fool,https://finance.yahoo.com/m/a9bdd315-73b3-39d0-9794-b454adf0f805/got-%245%2C000%3F-these-2-growth.html,1689505200,STORY
3dbed268-f662-3658-8811-26596dc0a382,K,2023-7-23,A Closer Look At Kellogg Company's (NYSE:K) Impressive ROE,Simply Wall St.,https://finance.yahoo.com/news/closer-look-kellogg-companys-nyse-151231407.html,1688742751,STORY
fdf041ef-b976-3e87-91bf-4eaed77491e1,K,2023-7-23,/C O R R E C T I O N -- Kellogg Company/,PR Newswire,https://finance.yahoo.com/news/kellogg-company-announces-dates-upcoming-123000431.html,1688051160,STORY
c6668725-54e3-48a2-a390-b607190c92c0,K,2023-7-23,Fed chair Powell's long reach arrives in cereal aisles,Yahoo Finance,https://finance.yahoo.com/news/fed-chair-powells-long-reach-arrives-in-cereal-aisles-122846922.html,1688041726,STORY
56112f1a-3ec2-33e2-a544-540effb0cab1,K,2023-7-23,"General Mills Earnings, Outlook Drag Food Stocks Lower",The Wall Street Journal,https://finance.yahoo.com/m/56112f1a-3ec2-33e2-a544-540effb0cab1/general-mills-earnings%2C.html,1687977916,STORY
6bb7b2e8-677d-339c-88c1-6cc79126c5c7,K,2023-7-24,20 Countries With Highest Rates Of Vegetarians,Insider Monkey,https://finance.yahoo.com/news/20-countries-highest-rates-vegetarians-174109766.html,1690134069,STORY
46337f00-59e4-35b7-aa45-2413be0f057c,K,2023-7-24,POP-TARTS® LAUNCHES NEW CREATIVE DIRECTION AND INTRODUCES AGENTS OF CRAZY GOOD CHARACTERS,PR Newswire,https://finance.yahoo.com/news/pop-tarts-launches-creative-direction-120000461.html,1689854400,STORY
07275783-6cdb-3d01-8db1-103913a844e0,K,2023-7-24,3 Stocks to Buy Now That Are Yielding 3.5% to 8.8%,Motley Fool,https://finance.yahoo.com/m/07275783-6cdb-3d01-8db1-103913a844e0/3-stocks-to-buy-now-that-are.html,1689761100,STORY
6122bf8e-2529-3e7b-826a-2de72e3f92d2,K,2023-7-24,Kellogg's Better Days® Promise has created Better Days for over 1.8 billion people since 2015,PR Newswire,https://finance.yahoo.com/news/kelloggs-better-days-promise-created-141700837.html,1689603420,STORY
a9bdd315-73b3-39d0-9794-b454adf0f805,K,2023-7-24,"Got $5,000? These 2 Growth Stocks Are Trading Near Their 52-Week Lows",Motley Fool,https://finance.yahoo.com/m/a9bdd315-73b3-39d0-9794-b454adf0f805/got-%245%2C000%3F-these-2-growth.html,1689505200,STORY
3dbed268-f662-3658-8811-26596dc0a382,K,2023-7-24,A Closer Look At Kellogg Company's (NYSE:K) Impressive ROE,Simply Wall St.,https://finance.yahoo.com/news/closer-look-kellogg-companys-nyse-151231407.html,1688742751,STORY
fdf041ef-b976-3e87-91bf-4eaed77491e1,K,2023-7-24,/C O R R E C T I O N -- Kellogg Company/,PR Newswire,https://finance.yahoo.com/news/kellogg-company-announces-dates-upcoming-123000431.html,1688051160,STORY
c6668725-54e3-48a2-a390-b607190c92c0,K,2023-7-24,Fed chair Powell's long reach arrives in cereal aisles,Yahoo Finance,https://finance.yahoo.com/news/fed-chair-powells-long-reach-arrives-in-cereal-aisles-122846922.html,1688041726,STORY
56ae86e3-6145-3ae2-a722-be63e3047c07,K,2023-7-25,KELLOGG COMPANY FILES FORM 10 REGISTRATION STATEMENT IN CONNECTION WITH PLANNED BUSINESS SEPARATION,PR Newswire,https://finance.yahoo.com/news/kellogg-company-files-form-10-213100660.html,1690234260,STORY
6bb7b2e8-677d-339c-88c1-6cc79126c5c7,K,2023-7-25,20 Countries With Highest Rates Of Vegetarians,Insider Monkey,https://finance.yahoo.com/news/20-countries-highest-rates-vegetarians-174109766.html,1690134069,STORY
46337f00-59e4-35b7-aa45-2413be0f057c,K,2023-7-25,POP-TARTS® LAUNCHES NEW CREATIVE DIRECTION AND INTRODUCES AGENTS OF CRAZY GOOD CHARACTERS,PR Newswire,https://finance.yahoo.com/news/pop-tarts-launches-creative-direction-120000461.html,1689854400,STORY
07275783-6cdb-3d01-8db1-103913a844e0,K,2023-7-25,3 Stocks to Buy Now That Are Yielding 3.5% to 8.8%,Motley Fool,https://finance.yahoo.com/m/07275783-6cdb-3d01-8db1-103913a844e0/3-stocks-to-buy-now-that-are.html,1689761100,STORY
6122bf8e-2529-3e7b-826a-2de72e3f92d2,K,2023-7-25,Kellogg's Better Days® Promise has created Better Days for over 1.8 billion people since 2015,PR Newswire,https://finance.yahoo.com/news/kelloggs-better-days-promise-created-141700837.html,1689603420,STORY
a9bdd315-73b3-39d0-9794-b454adf0f805,K,2023-7-25,"Got $5,000? These 2 Growth Stocks Are Trading Near Their 52-Week Lows",Motley Fool,https://finance.yahoo.com/m/a9bdd315-73b3-39d0-9794-b454adf0f805/got-%245%2C000%3F-these-2-growth.html,1689505200,STORY
3dbed268-f662-3658-8811-26596dc0a382,K,2023-7-25,A Closer Look At Kellogg Company's (NYSE:K) Impressive ROE,Simply Wall St.,https://finance.yahoo.com/news/closer-look-kellogg-companys-nyse-151231407.html,1688742751,STORY
fdf041ef-b976-3e87-91bf-4eaed77491e1,K,2023-7-25,/C O R R E C T I O N -- Kellogg Company/,PR Newswire,https://finance.yahoo.com/news/kellogg-company-announces-dates-upcoming-123000431.html,1688051160,STORY
6e8b1bd2-10ed-3aa7-b96e-f3349618f6e6,K,2023-7-26,Here's Where We Are With the Smartphone Market,TheStreet.com,https://finance.yahoo.com/m/6e8b1bd2-10ed-3aa7-b96e-f3349618f6e6/here%27s-where-we-are-with-the.html,1690309140,STORY
c7277db4-52a1-3547-a007-3e674e710b94,K,2023-7-26,Kellogg (K) Files Form 10 Statement for its Planned Split Off,Zacks,https://finance.yahoo.com/news/kellogg-k-files-form-10-160400840.html,1690301040,STORY
56ae86e3-6145-3ae2-a722-be63e3047c07,K,2023-7-26,KELLOGG COMPANY FILES FORM 10 REGISTRATION STATEMENT IN CONNECTION WITH PLANNED BUSINESS SEPARATION,PR Newswire,https://finance.yahoo.com/news/kellogg-company-files-form-10-213100660.html,1690234260,STORY
6bb7b2e8-677d-339c-88c1-6cc79126c5c7,K,2023-7-26,20 Countries With Highest Rates Of Vegetarians,Insider Monkey,https://finance.yahoo.com/news/20-countries-highest-rates-vegetarians-174109766.html,1690134069,STORY
46337f00-59e4-35b7-aa45-2413be0f057c,K,2023-7-26,POP-TARTS® LAUNCHES NEW CREATIVE DIRECTION AND INTRODUCES AGENTS OF CRAZY GOOD CHARACTERS,PR Newswire,https://finance.yahoo.com/news/pop-tarts-launches-creative-direction-120000461.html,1689854400,STORY
07275783-6cdb-3d01-8db1-103913a844e0,K,2023-7-26,3 Stocks to Buy Now That Are Yielding 3.5% to 8.8%,Motley Fool,https://finance.yahoo.com/m/07275783-6cdb-3d01-8db1-103913a844e0/3-stocks-to-buy-now-that-are.html,1689761100,STORY
6122bf8e-2529-3e7b-826a-2de72e3f92d2,K,2023-7-26,Kellogg's Better Days® Promise has created Better Days for over 1.8 billion people since 2015,PR Newswire,https://finance.yahoo.com/news/kelloggs-better-days-promise-created-141700837.html,1689603420,STORY
a9bdd315-73b3-39d0-9794-b454adf0f805,K,2023-7-26,"Got $5,000? These 2 Growth Stocks Are Trading Near Their 52-Week Lows",Motley Fool,https://finance.yahoo.com/m/a9bdd315-73b3-39d0-9794-b454adf0f805/got-%245%2C000%3F-these-2-growth.html,1689505200,STORY
27c935c2-6754-3f9b-bd5b-9e86bab39109,K,2023-7-27,Will Kellogg (K) Beat Estimates Again in Its Next Earnings Report?,Zacks,https://finance.yahoo.com/news/kellogg-k-beat-estimates-again-161011683.html,1690387811,STORY
6e8b1bd2-10ed-3aa7-b96e-f3349618f6e6,K,2023-7-27,Here's Where We Are With the Smartphone Market,TheStreet.com,https://finance.yahoo.com/m/6e8b1bd2-10ed-3aa7-b96e-f3349618f6e6/here%27s-where-we-are-with-the.html,1690309140,STORY
c7277db4-52a1-3547-a007-3e674e710b94,K,2023-7-27,Kellogg (K) Files Form 10 Statement for its Planned Split Off,Zacks,https://finance.yahoo.com/news/kellogg-k-files-form-10-160400840.html,1690301040,STORY
56ae86e3-6145-3ae2-a722-be63e3047c07,K,2023-7-27,KELLOGG COMPANY FILES FORM 10 REGISTRATION STATEMENT IN CONNECTION WITH PLANNED BUSINESS SEPARATION,PR Newswire,https://finance.yahoo.com/news/kellogg-company-files-form-10-213100660.html,1690234260,STORY
6bb7b2e8-677d-339c-88c1-6cc79126c5c7,K,2023-7-27,20 Countries With Highest Rates Of Vegetarians,Insider Monkey,https://finance.yahoo.com/news/20-countries-highest-rates-vegetarians-174109766.html,1690134069,STORY
e9a7accb-94f8-3e70-8fff-8fe0da2a246d,K,2023-7-27,7 Long-Term Stocks That Are Screaming Buys Right Now: July 2023,InvestorPlace,https://finance.yahoo.com/news/7-long-term-stocks-screaming-182341910.html,1689877421,STORY
46337f00-59e4-35b7-aa45-2413be0f057c,K,2023-7-27,POP-TARTS® LAUNCHES NEW CREATIVE DIRECTION AND INTRODUCES AGENTS OF CRAZY GOOD CHARACTERS,PR Newswire,https://finance.yahoo.com/news/pop-tarts-launches-creative-direction-120000461.html,1689854400,STORY
07275783-6cdb-3d01-8db1-103913a844e0,K,2023-7-27,3 Stocks to Buy Now That Are Yielding 3.5% to 8.8%,Motley Fool,https://finance.yahoo.com/m/07275783-6cdb-3d01-8db1-103913a844e0/3-stocks-to-buy-now-that-are.html,1689761100,STORY
27c935c2-6754-3f9b-bd5b-9e86bab39109,K,2023-7-28,Will Kellogg (K) Beat Estimates Again in Its Next Earnings Report?,Zacks,https://finance.yahoo.com/news/kellogg-k-beat-estimates-again-161011683.html,1690387811,STORY
6e8b1bd2-10ed-3aa7-b96e-f3349618f6e6,K,2023-7-28,Here's Where We Are With the Smartphone Market,TheStreet.com,https://finance.yahoo.com/m/6e8b1bd2-10ed-3aa7-b96e-f3349618f6e6/here%27s-where-we-are-with-the.html,1690309140,STORY
c7277db4-52a1-3547-a007-3e674e710b94,K,2023-7-28,Kellogg (K) Files Form 10 Statement for its Planned Split Off,Zacks,https://finance.yahoo.com/news/kellogg-k-files-form-10-160400840.html,1690301040,STORY
56ae86e3-6145-3ae2-a722-be63e3047c07,K,2023-7-28,KELLOGG COMPANY FILES FORM 10 REGISTRATION STATEMENT IN CONNECTION WITH PLANNED BUSINESS SEPARATION,PR Newswire,https://finance.yahoo.com/news/kellogg-company-files-form-10-213100660.html,1690234260,STORY
6bb7b2e8-677d-339c-88c1-6cc79126c5c7,K,2023-7-28,20 Countries With Highest Rates Of Vegetarians,Insider Monkey,https://finance.yahoo.com/news/20-countries-highest-rates-vegetarians-174109766.html,1690134069,STORY
e9a7accb-94f8-3e70-8fff-8fe0da2a246d,K,2023-7-28,7 Long-Term Stocks That Are Screaming Buys Right Now: July 2023,InvestorPlace,https://finance.yahoo.com/news/7-long-term-stocks-screaming-182341910.html,1689877421,STORY
46337f00-59e4-35b7-aa45-2413be0f057c,K,2023-7-28,POP-TARTS® LAUNCHES NEW CREATIVE DIRECTION AND INTRODUCES AGENTS OF CRAZY GOOD CHARACTERS,PR Newswire,https://finance.yahoo.com/news/pop-tarts-launches-creative-direction-120000461.html,1689854400,STORY
07275783-6cdb-3d01-8db1-103913a844e0,K,2023-7-28,3 Stocks to Buy Now That Are Yielding 3.5% to 8.8%,Motley Fool,https://finance.yahoo.com/m/07275783-6cdb-3d01-8db1-103913a844e0/3-stocks-to-buy-now-that-are.html,1689761100,STORY
80eb9fdd-e314-3b6b-97f5-c547a3a62a79,K,2023-7-29,Kellogg Company Declares Regular Dividend of $0.60 per Share,PR Newswire,https://finance.yahoo.com/news/kellogg-company-declares-regular-dividend-183600513.html,1690569360,STORY
b6fe4809-432f-3a8c-af5c-028e86eb9b7b,K,2023-7-29,Running on Ice: How cold can you go?,FreightWaves,https://finance.yahoo.com/news/running-ice-cold-180000573.html,1690567200,STORY
27c935c2-6754-3f9b-bd5b-9e86bab39109,K,2023-7-29,Will Kellogg (K) Beat Estimates Again in Its Next Earnings Report?,Zacks,https://finance.yahoo.com/news/kellogg-k-beat-estimates-again-161011683.html,1690387811,STORY
6e8b1bd2-10ed-3aa7-b96e-f3349618f6e6,K,2023-7-29,Here's Where We Are With the Smartphone Market,TheStreet.com,https://finance.yahoo.com/m/6e8b1bd2-10ed-3aa7-b96e-f3349618f6e6/here%27s-where-we-are-with-the.html,1690309140,STORY
c7277db4-52a1-3547-a007-3e674e710b94,K,2023-7-29,Kellogg (K) Files Form 10 Statement for its Planned Split Off,Zacks,https://finance.yahoo.com/news/kellogg-k-files-form-10-160400840.html,1690301040,STORY
56ae86e3-6145-3ae2-a722-be63e3047c07,K,2023-7-29,KELLOGG COMPANY FILES FORM 10 REGISTRATION STATEMENT IN CONNECTION WITH PLANNED BUSINESS SEPARATION,PR Newswire,https://finance.yahoo.com/news/kellogg-company-files-form-10-213100660.html,1690234260,STORY
6bb7b2e8-677d-339c-88c1-6cc79126c5c7,K,2023-7-29,20 Countries With Highest Rates Of Vegetarians,Insider Monkey,https://finance.yahoo.com/news/20-countries-highest-rates-vegetarians-174109766.html,1690134069,STORY
e9a7accb-94f8-3e70-8fff-8fe0da2a246d,K,2023-7-29,7 Long-Term Stocks That Are Screaming Buys Right Now: July 2023,InvestorPlace,https://finance.yahoo.com/news/7-long-term-stocks-screaming-182341910.html,1689877421,STORY
80eb9fdd-e314-3b6b-97f5-c547a3a62a79,K,2023-7-30,Kellogg Company Declares Regular Dividend of $0.60 per Share,PR Newswire,https://finance.yahoo.com/news/kellogg-company-declares-regular-dividend-183600513.html,1690569360,STORY
b6fe4809-432f-3a8c-af5c-028e86eb9b7b,K,2023-7-30,Running on Ice: How cold can you go?,FreightWaves,https://finance.yahoo.com/news/running-ice-cold-180000573.html,1690567200,STORY
27c935c2-6754-3f9b-bd5b-9e86bab39109,K,2023-7-30,Will Kellogg (K) Beat Estimates Again in Its Next Earnings Report?,Zacks,https://finance.yahoo.com/news/kellogg-k-beat-estimates-again-161011683.html,1690387811,STORY
6e8b1bd2-10ed-3aa7-b96e-f3349618f6e6,K,2023-7-30,Here's Where We Are With the Smartphone Market,TheStreet.com,https://finance.yahoo.com/m/6e8b1bd2-10ed-3aa7-b96e-f3349618f6e6/here%27s-where-we-are-with-the.html,1690309140,STORY
c7277db4-52a1-3547-a007-3e674e710b94,K,2023-7-30,Kellogg (K) Files Form 10 Statement for its Planned Split Off,Zacks,https://finance.yahoo.com/news/kellogg-k-files-form-10-160400840.html,1690301040,STORY
56ae86e3-6145-3ae2-a722-be63e3047c07,K,2023-7-30,KELLOGG COMPANY FILES FORM 10 REGISTRATION STATEMENT IN CONNECTION WITH PLANNED BUSINESS SEPARATION,PR Newswire,https://finance.yahoo.com/news/kellogg-company-files-form-10-213100660.html,1690234260,STORY
6bb7b2e8-677d-339c-88c1-6cc79126c5c7,K,2023-7-30,20 Countries With Highest Rates Of Vegetarians,Insider Monkey,https://finance.yahoo.com/news/20-countries-highest-rates-vegetarians-174109766.html,1690134069,STORY
e9a7accb-94f8-3e70-8fff-8fe0da2a246d,K,2023-7-30,7 Long-Term Stocks That Are Screaming Buys Right Now: July 2023,InvestorPlace,https://finance.yahoo.com/news/7-long-term-stocks-screaming-182341910.html,1689877421,STORY
80eb9fdd-e314-3b6b-97f5-c547a3a62a79,K,2023-7-31,Kellogg Company Declares Regular Dividend of $0.60 per Share,PR Newswire,https://finance.yahoo.com/news/kellogg-company-declares-regular-dividend-183600513.html,1690569360,STORY
b6fe4809-432f-3a8c-af5c-028e86eb9b7b,K,2023-7-31,Running on Ice: How cold can you go?,FreightWaves,https://finance.yahoo.com/news/running-ice-cold-180000573.html,1690567200,STORY
27c935c2-6754-3f9b-bd5b-9e86bab39109,K,2023-7-31,Will Kellogg (K) Beat Estimates Again in Its Next Earnings Report?,Zacks,https://finance.yahoo.com/news/kellogg-k-beat-estimates-again-161011683.html,1690387811,STORY
6e8b1bd2-10ed-3aa7-b96e-f3349618f6e6,K,2023-7-31,Here's Where We Are With the Smartphone Market,TheStreet.com,https://finance.yahoo.com/m/6e8b1bd2-10ed-3aa7-b96e-f3349618f6e6/here%27s-where-we-are-with-the.html,1690309140,STORY
c7277db4-52a1-3547-a007-3e674e710b94,K,2023-7-31,Kellogg (K) Files Form 10 Statement for its Planned Split Off,Zacks,https://finance.yahoo.com/news/kellogg-k-files-form-10-160400840.html,1690301040,STORY
56ae86e3-6145-3ae2-a722-be63e3047c07,K,2023-7-31,KELLOGG COMPANY FILES FORM 10 REGISTRATION STATEMENT IN CONNECTION WITH PLANNED BUSINESS SEPARATION,PR Newswire,https://finance.yahoo.com/news/kellogg-company-files-form-10-213100660.html,1690234260,STORY
6bb7b2e8-677d-339c-88c1-6cc79126c5c7,K,2023-7-31,20 Countries With Highest Rates Of Vegetarians,Insider Monkey,https://finance.yahoo.com/news/20-countries-highest-rates-vegetarians-174109766.html,1690134069,STORY
e9a7accb-94f8-3e70-8fff-8fe0da2a246d,K,2023-7-31,7 Long-Term Stocks That Are Screaming Buys Right Now: July 2023,InvestorPlace,https://finance.yahoo.com/news/7-long-term-stocks-screaming-182341910.html,1689877421,STORY
c3ef8178-97aa-3276-967c-a561bef41f61,K,2023-8-1,16 Most Popular Breakfast Foods in America,Insider Monkey,https://finance.yahoo.com/news/16-most-popular-breakfast-foods-184633708.html,1690829193,STORY
88afb539-c0a2-3f65-adf1-11bae841d51a,K,2023-8-1,Factors Likely to Influence Post Holdings' (POST) Q3 Earnings,Zacks,https://finance.yahoo.com/news/factors-likely-influence-post-holdings-154300645.html,1690818180,STORY
0e6c80be-b252-3d4e-9f3e-b9c0e26b9543,K,2023-8-1,Factors Likely to Influence AB InBev's (BUD) Q2 Earnings,Zacks,https://finance.yahoo.com/news/factors-likely-influence-ab-inbevs-154200024.html,1690818120,STORY
e1aafd69-8a09-3317-ab63-9058b1ac1e8c,K,2023-8-1,Here's What Awaits Clorox (CLX) When It Reports Q4 Earnings,Zacks,https://finance.yahoo.com/news/heres-awaits-clorox-clx-reports-153900300.html,1690817940,STORY
80831db2-daee-3037-8e93-3118d950a9c5,K,2023-8-1,Kraft Heinz (KHC) Queued for Q2 Earnings: Things to Consider,Zacks,https://finance.yahoo.com/news/kraft-heinz-khc-queued-q2-153300172.html,1690817580,STORY
80eb9fdd-e314-3b6b-97f5-c547a3a62a79,K,2023-8-1,Kellogg Company Declares Regular Dividend of $0.60 per Share,PR Newswire,https://finance.yahoo.com/news/kellogg-company-declares-regular-dividend-183600513.html,1690569360,STORY
b6fe4809-432f-3a8c-af5c-028e86eb9b7b,K,2023-8-1,Running on Ice: How cold can you go?,FreightWaves,https://finance.yahoo.com/news/running-ice-cold-180000573.html,1690567200,STORY
27c935c2-6754-3f9b-bd5b-9e86bab39109,K,2023-8-1,Will Kellogg (K) Beat Estimates Again in Its Next Earnings Report?,Zacks,https://finance.yahoo.com/news/kellogg-k-beat-estimates-again-161011683.html,1690387811,STORY
6b419a26-0ff0-3273-b264-368dbad21a75,K,2023-8-2,What's on the Cards for Monster Beverage (MNST) in Q2 Earnings?,Zacks,https://finance.yahoo.com/news/whats-cards-monster-beverage-mnst-144400170.html,1690901040,STORY
f2b463c7-dfc6-35d4-9157-b3a53c29b48d,K,2023-8-2,Factors Likely to Impact TreeHouse Foods' (THS) Q2 Earnings,Zacks,https://finance.yahoo.com/news/factors-likely-impact-treehouse-foods-144400724.html,1690901040,STORY
7cd93394-9193-3eff-bf78-d9ca83f9237d,K,2023-8-2,Is a Beat in Store for Kellogg (K) in Q2 Earnings Release?,Zacks,https://finance.yahoo.com/news/beat-store-kellogg-k-q2-115500083.html,1690890900,STORY
c3ef8178-97aa-3276-967c-a561bef41f61,K,2023-8-2,16 Most Popular Breakfast Foods in America,Insider Monkey,https://finance.yahoo.com/news/16-most-popular-breakfast-foods-184633708.html,1690829193,STORY
88afb539-c0a2-3f65-adf1-11bae841d51a,K,2023-8-2,Factors Likely to Influence Post Holdings' (POST) Q3 Earnings,Zacks,https://finance.yahoo.com/news/factors-likely-influence-post-holdings-154300645.html,1690818180,STORY
0e6c80be-b252-3d4e-9f3e-b9c0e26b9543,K,2023-8-2,Factors Likely to Influence AB InBev's (BUD) Q2 Earnings,Zacks,https://finance.yahoo.com/news/factors-likely-influence-ab-inbevs-154200024.html,1690818120,STORY
e1aafd69-8a09-3317-ab63-9058b1ac1e8c,K,2023-8-2,Here's What Awaits Clorox (CLX) When It Reports Q4 Earnings,Zacks,https://finance.yahoo.com/news/heres-awaits-clorox-clx-reports-153900300.html,1690817940,STORY
80831db2-daee-3037-8e93-3118d950a9c5,K,2023-8-2,Kraft Heinz (KHC) Queued for Q2 Earnings: Things to Consider,Zacks,https://finance.yahoo.com/news/kraft-heinz-khc-queued-q2-153300172.html,1690817580,STORY
fe44f527-d70b-3fba-8c0c-447c7865242f,K,2023-8-3,UPDATE 1-Kellogg raises annual profit outlook on higher prices,Reuters,https://finance.yahoo.com/news/1-kellogg-raises-annual-profit-121521310.html,1691064921,STORY
992f1869-88ee-36ce-a369-d5bfcf7023b8,K,2023-8-3,Kellogg raises annual profit outlook on higher prices,Reuters,https://finance.yahoo.com/news/kellogg-misses-quarterly-sales-estimates-121125025.html,1691064685,STORY
4f5da1b3-5de0-3eda-bede-49f0aabaef97,K,2023-8-3,Kellogg: Q2 Earnings Snapshot,AP Finance,https://finance.yahoo.com/news/kellogg-q2-earnings-snapshot-120642222.html,1691064402,STORY
161b7563-b02c-3f39-90f5-c38eba55b8fd,K,2023-8-3,Kellogg misses quarterly sales estimates,Reuters,https://finance.yahoo.com/news/kellogg-misses-quarterly-sales-estimates-120447197.html,1691064287,STORY
cfdc22da-e08b-34c5-8b6a-8fde7d5d918b,K,2023-8-3,Kellogg Company Reports 2023 Second Quarter Results,PR Newswire,https://finance.yahoo.com/news/kellogg-company-reports-2023-second-120000217.html,1691064000,STORY
5842fbb3-4380-376e-b667-a72951a0477f,K,2023-8-3,Kellogg (NYSE:K) Is Paying Out A Larger Dividend Than Last Year,Simply Wall St.,https://finance.yahoo.com/news/kellogg-nyse-k-paying-larger-101011241.html,1691057411,STORY
5b8be174-29be-32c2-b3a4-dbf16f445ee4,K,2023-8-3,Is a Surprise Coming for Kellogg (K) This Earnings Season?,Zacks,https://finance.yahoo.com/news/surprise-coming-kellogg-k-earnings-142800990.html,1690986480,STORY
6b419a26-0ff0-3273-b264-368dbad21a75,K,2023-8-3,What's on the Cards for Monster Beverage (MNST) in Q2 Earnings?,Zacks,https://finance.yahoo.com/news/whats-cards-monster-beverage-mnst-144400170.html,1690901040,STORY
ae38545a-ea67-326a-9efe-608f9c958504,K,2023-8-4,Analyst Report: Kellogg Company,Morningstar Research,https://finance.yahoo.com/m/ae38545a-ea67-326a-9efe-608f9c958504/analyst-report%3A-kellogg.html,1691088373,STORY
a35f241c-068d-396f-af91-b9502adcb434,K,2023-8-4,"Kellogg's (K) Q2 Earnings & Sales Rise Y/Y, '23 View Moves Up",Zacks,https://finance.yahoo.com/news/kelloggs-k-q2-earnings-sales-151900412.html,1691075940,STORY
ff274b23-432c-3e77-a505-7488e7e738c4,K,2023-8-4,Kellogg (K) Q2 Earnings: How Key Metrics Compare to Wall Street Estimates,Zacks,https://finance.yahoo.com/news/kellogg-k-q2-earnings-key-140013621.html,1691071213,STORY
e41df210-6eee-30a8-bbcb-14f47936fc3a,K,2023-8-4,Kellogg (K) Beats Q2 Earnings Estimates,Zacks,https://finance.yahoo.com/news/kellogg-k-beats-q2-earnings-131512302.html,1691068512,STORY
fe44f527-d70b-3fba-8c0c-447c7865242f,K,2023-8-4,UPDATE 2-Kellogg lifts annual profit outlook on higher prices,Reuters,https://finance.yahoo.com/news/1-kellogg-raises-annual-profit-121521310.html,1691064921,STORY
992f1869-88ee-36ce-a369-d5bfcf7023b8,K,2023-8-4,Kellogg boosts annual profit outlook on higher prices,Reuters,https://finance.yahoo.com/news/kellogg-misses-quarterly-sales-estimates-121125025.html,1691064685,STORY
4f5da1b3-5de0-3eda-bede-49f0aabaef97,K,2023-8-4,Kellogg: Q2 Earnings Snapshot,AP Finance,https://finance.yahoo.com/news/kellogg-q2-earnings-snapshot-120642222.html,1691064402,STORY
161b7563-b02c-3f39-90f5-c38eba55b8fd,K,2023-8-4,Kellogg misses quarterly sales estimates,Reuters,https://finance.yahoo.com/news/kellogg-misses-quarterly-sales-estimates-120447197.html,1691064287,STORY
36a104ea-16eb-3b8a-a84d-ac94ed4c11d5,K,2023-8-5,Kellogg Company (NYSE:K) Q2 2023 Earnings Call Transcript,Insider Monkey,https://finance.yahoo.com/news/kellogg-company-nyse-k-q2-210024215.html,1691182824,STORY
66060d2e-089c-3554-a401-31bbe95c9186,K,2023-8-5,Kroger and Kellogg Company Join Forces to Fight Food Insecurity,PR Newswire,https://finance.yahoo.com/news/kroger-kellogg-company-join-forces-141700279.html,1691158620,STORY
31435f4b-15e4-33dc-86f7-c4b22c188800,K,2023-8-5,"Kellogg, Meijer celebrate young Black farmers making an impact in Michigan",PR Newswire,https://finance.yahoo.com/news/kellogg-meijer-celebrate-young-black-134300696.html,1691156580,STORY
ae38545a-ea67-326a-9efe-608f9c958504,K,2023-8-5,Analyst Report: Kellogg Company,Morningstar Research,https://finance.yahoo.com/m/ae38545a-ea67-326a-9efe-608f9c958504/analyst-report%3A-kellogg.html,1691088373,STORY
a35f241c-068d-396f-af91-b9502adcb434,K,2023-8-5,"Kellogg's (K) Q2 Earnings & Sales Rise Y/Y, '23 View Moves Up",Zacks,https://finance.yahoo.com/news/kelloggs-k-q2-earnings-sales-151900412.html,1691075940,STORY
ff274b23-432c-3e77-a505-7488e7e738c4,K,2023-8-5,Kellogg (K) Q2 Earnings: How Key Metrics Compare to Wall Street Estimates,Zacks,https://finance.yahoo.com/news/kellogg-k-q2-earnings-key-140013621.html,1691071213,STORY
e41df210-6eee-30a8-bbcb-14f47936fc3a,K,2023-8-5,Kellogg (K) Beats Q2 Earnings Estimates,Zacks,https://finance.yahoo.com/news/kellogg-k-beats-q2-earnings-131512302.html,1691068512,STORY
fe44f527-d70b-3fba-8c0c-447c7865242f,K,2023-8-5,UPDATE 2-Kellogg lifts annual profit outlook on higher prices,Reuters,https://finance.yahoo.com/news/1-kellogg-raises-annual-profit-121521310.html,1691064921,STORY
36a104ea-16eb-3b8a-a84d-ac94ed4c11d5,K,2023-8-6,Kellogg Company (NYSE:K) Q2 2023 Earnings Call Transcript,Insider Monkey,https://finance.yahoo.com/news/kellogg-company-nyse-k-q2-210024215.html,1691182824,STORY
66060d2e-089c-3554-a401-31bbe95c9186,K,2023-8-6,Kroger and Kellogg Company Join Forces to Fight Food Insecurity,PR Newswire,https://finance.yahoo.com/news/kroger-kellogg-company-join-forces-141700279.html,1691158620,STORY
31435f4b-15e4-33dc-86f7-c4b22c188800,K,2023-8-6,"Kellogg, Meijer celebrate young Black farmers making an impact in Michigan",PR Newswire,https://finance.yahoo.com/news/kellogg-meijer-celebrate-young-black-134300696.html,1691156580,STORY
a35f241c-068d-396f-af91-b9502adcb434,K,2023-8-6,"Kellogg's (K) Q2 Earnings & Sales Rise Y/Y, '23 View Moves Up",Zacks,https://finance.yahoo.com/news/kelloggs-k-q2-earnings-sales-151900412.html,1691075940,STORY
ff274b23-432c-3e77-a505-7488e7e738c4,K,2023-8-6,Kellogg (K) Q2 Earnings: How Key Metrics Compare to Wall Street Estimates,Zacks,https://finance.yahoo.com/news/kellogg-k-q2-earnings-key-140013621.html,1691071213,STORY
e41df210-6eee-30a8-bbcb-14f47936fc3a,K,2023-8-6,Kellogg (K) Beats Q2 Earnings Estimates,Zacks,https://finance.yahoo.com/news/kellogg-k-beats-q2-earnings-131512302.html,1691068512,STORY
fe44f527-d70b-3fba-8c0c-447c7865242f,K,2023-8-6,UPDATE 2-Kellogg lifts annual profit outlook on higher prices,Reuters,https://finance.yahoo.com/news/1-kellogg-raises-annual-profit-121521310.html,1691064921,STORY
992f1869-88ee-36ce-a369-d5bfcf7023b8,K,2023-8-6,Kellogg boosts annual profit outlook on higher prices,Reuters,https://finance.yahoo.com/news/kellogg-misses-quarterly-sales-estimates-121125025.html,1691064685,STORY
1026760a-112c-37f0-8e1b-d5b598f73836,K,2023-8-7,CLUB® CRACKERS LAUNCHES CLUB MINIS INFUSED WITH BUTTER CHARDONNAY BY JaM CELLARS FOR THE ULTIMATE HANGOUT SNACK,PR Newswire,https://finance.yahoo.com/news/club-crackers-launches-club-minis-120000484.html,1691409600,STORY
36a104ea-16eb-3b8a-a84d-ac94ed4c11d5,K,2023-8-7,Kellogg Company (NYSE:K) Q2 2023 Earnings Call Transcript,Insider Monkey,https://finance.yahoo.com/news/kellogg-company-nyse-k-q2-210024215.html,1691182824,STORY
66060d2e-089c-3554-a401-31bbe95c9186,K,2023-8-7,Kroger and Kellogg Company Join Forces to Fight Food Insecurity,PR Newswire,https://finance.yahoo.com/news/kroger-kellogg-company-join-forces-141700279.html,1691158620,STORY
31435f4b-15e4-33dc-86f7-c4b22c188800,K,2023-8-7,"Kellogg, Meijer celebrate young Black farmers making an impact in Michigan",PR Newswire,https://finance.yahoo.com/news/kellogg-meijer-celebrate-young-black-134300696.html,1691156580,STORY
a35f241c-068d-396f-af91-b9502adcb434,K,2023-8-7,"Kellogg's (K) Q2 Earnings & Sales Rise Y/Y, '23 View Moves Up",Zacks,https://finance.yahoo.com/news/kelloggs-k-q2-earnings-sales-151900412.html,1691075940,STORY
ff274b23-432c-3e77-a505-7488e7e738c4,K,2023-8-7,Kellogg (K) Q2 Earnings: How Key Metrics Compare to Wall Street Estimates,Zacks,https://finance.yahoo.com/news/kellogg-k-q2-earnings-key-140013621.html,1691071213,STORY
e41df210-6eee-30a8-bbcb-14f47936fc3a,K,2023-8-7,Kellogg (K) Beats Q2 Earnings Estimates,Zacks,https://finance.yahoo.com/news/kellogg-k-beats-q2-earnings-131512302.html,1691068512,STORY
fe44f527-d70b-3fba-8c0c-447c7865242f,K,2023-8-7,UPDATE 2-Kellogg lifts annual profit outlook on higher prices,Reuters,https://finance.yahoo.com/news/1-kellogg-raises-annual-profit-121521310.html,1691064921,STORY
255d1d68-3f7d-34c4-92ba-66d87bfd9ad6,K,2023-8-8,POP-TARTS® AND CROCS LAUNCH LIMITED-EDITION 'CROC-TARTS' COLLAB FEATURING FIRST-EVER CANDY JIBBITZ™ CHARMS,PR Newswire,https://finance.yahoo.com/news/pop-tarts-crocs-launch-limited-120000744.html,1691496000,STORY
028a9f4e-0205-3746-9928-d57215a13f87,K,2023-8-8,"We asked, they answered: Students find school breakfast programs build sense of community, research says",PR Newswire,https://finance.yahoo.com/news/asked-answered-students-school-breakfast-141200445.html,1691417520,STORY
1026760a-112c-37f0-8e1b-d5b598f73836,K,2023-8-8,CLUB® CRACKERS LAUNCHES CLUB MINIS INFUSED WITH BUTTER CHARDONNAY BY JaM CELLARS FOR THE ULTIMATE HANGOUT SNACK,PR Newswire,https://finance.yahoo.com/news/club-crackers-launches-club-minis-120000484.html,1691409600,STORY
36a104ea-16eb-3b8a-a84d-ac94ed4c11d5,K,2023-8-8,Kellogg Company (NYSE:K) Q2 2023 Earnings Call Transcript,Insider Monkey,https://finance.yahoo.com/news/kellogg-company-nyse-k-q2-210024215.html,1691182824,STORY
66060d2e-089c-3554-a401-31bbe95c9186,K,2023-8-8,Kroger and Kellogg Company Join Forces to Fight Food Insecurity,PR Newswire,https://finance.yahoo.com/news/kroger-kellogg-company-join-forces-141700279.html,1691158620,STORY
31435f4b-15e4-33dc-86f7-c4b22c188800,K,2023-8-8,"Kellogg, Meijer celebrate young Black farmers making an impact in Michigan",PR Newswire,https://finance.yahoo.com/news/kellogg-meijer-celebrate-young-black-134300696.html,1691156580,STORY
a35f241c-068d-396f-af91-b9502adcb434,K,2023-8-8,"Kellogg's (K) Q2 Earnings & Sales Rise Y/Y, '23 View Moves Up",Zacks,https://finance.yahoo.com/news/kelloggs-k-q2-earnings-sales-151900412.html,1691075940,STORY
ff274b23-432c-3e77-a505-7488e7e738c4,K,2023-8-8,Kellogg (K) Q2 Earnings: How Key Metrics Compare to Wall Street Estimates,Zacks,https://finance.yahoo.com/news/kellogg-k-q2-earnings-key-140013621.html,1691071213,STORY
388aa3c8-9c16-3b59-bcae-e1fc1819b6f3,K,2023-8-9,Kellogg forecasts annual sales of up to $13.6 bln for snacks business ahead of split,Reuters,https://finance.yahoo.com/news/kellogg-forecasts-annual-sales-13-122531595.html,1691583931,STORY
4800e00e-40bd-3d15-bfd3-8de4908613bb,K,2023-8-9,KELLOGG COMPANY UNVEILS STRATEGIES AND FINANCIAL OUTLOOKS FOR KELLANOVA AND WK KELLOGG CO AT INVESTOR DAY,PR Newswire,https://finance.yahoo.com/news/kellogg-company-unveils-strategies-financial-113000231.html,1691580600,STORY
255d1d68-3f7d-34c4-92ba-66d87bfd9ad6,K,2023-8-9,POP-TARTS® AND CROCS LAUNCH LIMITED-EDITION 'CROC-TARTS' COLLAB FEATURING FIRST-EVER CANDY JIBBITZ™ CHARMS,PR Newswire,https://finance.yahoo.com/news/pop-tarts-crocs-launch-limited-120000744.html,1691496000,STORY
028a9f4e-0205-3746-9928-d57215a13f87,K,2023-8-9,"We asked, they answered: Students find school breakfast programs build sense of community, research says",PR Newswire,https://finance.yahoo.com/news/asked-answered-students-school-breakfast-141200445.html,1691417520,STORY
1026760a-112c-37f0-8e1b-d5b598f73836,K,2023-8-9,CLUB® CRACKERS LAUNCHES CLUB MINIS INFUSED WITH BUTTER CHARDONNAY BY JaM CELLARS FOR THE ULTIMATE HANGOUT SNACK,PR Newswire,https://finance.yahoo.com/news/club-crackers-launches-club-minis-120000484.html,1691409600,STORY
36a104ea-16eb-3b8a-a84d-ac94ed4c11d5,K,2023-8-9,Kellogg Company (NYSE:K) Q2 2023 Earnings Call Transcript,Insider Monkey,https://finance.yahoo.com/news/kellogg-company-nyse-k-q2-210024215.html,1691182824,STORY
66060d2e-089c-3554-a401-31bbe95c9186,K,2023-8-9,Kroger and Kellogg Company Join Forces to Fight Food Insecurity,PR Newswire,https://finance.yahoo.com/news/kroger-kellogg-company-join-forces-141700279.html,1691158620,STORY
31435f4b-15e4-33dc-86f7-c4b22c188800,K,2023-8-9,"Kellogg, Meijer celebrate young Black farmers making an impact in Michigan",PR Newswire,https://finance.yahoo.com/news/kellogg-meijer-celebrate-young-black-134300696.html,1691156580,STORY
6edbd903-f912-32ac-9341-24203ee0ddb4,K,2023-8-10,Analyst Report: Kellogg Company,Morningstar Research,https://finance.yahoo.com/m/6edbd903-f912-32ac-9341-24203ee0ddb4/analyst-report%3A-kellogg.html,1691632859,STORY
f326aff8-4105-32ec-9124-e426c7d96b4d,K,2023-8-10,"In Sneak Peek, Kellogg Reveals Median Salary Saw Another Big Jump In 2023",Poets & Quants,https://finance.yahoo.com/news/sneak-peek-kellogg-reveals-median-233107758.html,1691623867,STORY
cb630cf5-ae91-35ca-bd2d-8cfb3b930332,K,2023-8-10,"Kellogg's 'woke' workplace diversity programs are illegal, group claims",Reuters,https://finance.yahoo.com/news/kelloggs-woke-workplace-diversity-programs-214605217.html,1691617565,STORY
c81c848f-dc67-3332-884e-693c4e1ae05b,K,2023-8-10,Kellogg’s Plans for Stranded Cereal Unit Look Soggy,The Wall Street Journal,https://finance.yahoo.com/m/c81c848f-dc67-3332-884e-693c4e1ae05b/kellogg%E2%80%99s-plans-for-stranded.html,1691599740,STORY
d5510dc9-a1d6-3607-81d9-886544d655c4,K,2023-8-10,Kellogg forecasts annual sales of up to $13.6 billion for snacks business ahead of split,Reuters,https://finance.yahoo.com/news/kellogg-forecasts-annual-sales-13-123139305.html,1691584299,STORY
388aa3c8-9c16-3b59-bcae-e1fc1819b6f3,K,2023-8-10,Kellogg forecasts annual sales of up to $13.6 bln for snacks business ahead of split,Reuters,https://finance.yahoo.com/news/kellogg-forecasts-annual-sales-13-122531595.html,1691583931,STORY
4800e00e-40bd-3d15-bfd3-8de4908613bb,K,2023-8-10,KELLOGG COMPANY UNVEILS STRATEGIES AND FINANCIAL OUTLOOKS FOR KELLANOVA AND WK KELLOGG CO AT INVESTOR DAY,PR Newswire,https://finance.yahoo.com/news/kellogg-company-unveils-strategies-financial-113000231.html,1691580600,STORY
255d1d68-3f7d-34c4-92ba-66d87bfd9ad6,K,2023-8-10,POP-TARTS® AND CROCS LAUNCH LIMITED-EDITION 'CROC-TARTS' COLLAB FEATURING FIRST-EVER CANDY JIBBITZ™ CHARMS,PR Newswire,https://finance.yahoo.com/news/pop-tarts-crocs-launch-limited-120000744.html,1691496000,STORY
6a001700-b39d-3ee2-bfb7-885206e98d69,K,2023-8-11,"UPDATE 1-Kellogg's 'woke' workplace diversity programs are illegal, group claims",Reuters,https://finance.yahoo.com/news/1-kelloggs-woke-workplace-diversity-170440382.html,1691687080,STORY
0df83bb9-b41e-35bb-930d-f6416085e482,K,2023-8-11,Kellogg (K) Highlights Growth Plans for Kellanova & WK Kellogg,Zacks,https://finance.yahoo.com/news/kellogg-k-highlights-growth-plans-125400562.html,1691672040,STORY
6edbd903-f912-32ac-9341-24203ee0ddb4,K,2023-8-11,Analyst Report: Kellogg Company,Morningstar Research,https://finance.yahoo.com/m/6edbd903-f912-32ac-9341-24203ee0ddb4/analyst-report%3A-kellogg.html,1691632859,STORY
f326aff8-4105-32ec-9124-e426c7d96b4d,K,2023-8-11,"In Sneak Peek, Kellogg Reveals Median Salary Saw Another Big Jump In 2023",Poets & Quants,https://finance.yahoo.com/news/sneak-peek-kellogg-reveals-median-233107758.html,1691623867,STORY
cb630cf5-ae91-35ca-bd2d-8cfb3b930332,K,2023-8-11,"Kellogg's 'woke' workplace diversity programs are illegal, group claims",Reuters,https://finance.yahoo.com/news/kelloggs-woke-workplace-diversity-programs-214605217.html,1691617565,STORY
c81c848f-dc67-3332-884e-693c4e1ae05b,K,2023-8-11,Kellogg’s Plans for Stranded Cereal Unit Look Soggy,The Wall Street Journal,https://finance.yahoo.com/m/c81c848f-dc67-3332-884e-693c4e1ae05b/kellogg%E2%80%99s-plans-for-stranded.html,1691599740,STORY
d5510dc9-a1d6-3607-81d9-886544d655c4,K,2023-8-11,Kellogg forecasts annual sales of up to $13.6 billion for snacks business ahead of split,Reuters,https://finance.yahoo.com/news/kellogg-forecasts-annual-sales-13-123139305.html,1691584299,STORY
388aa3c8-9c16-3b59-bcae-e1fc1819b6f3,K,2023-8-11,Kellogg forecasts annual sales of up to $13.6 bln for snacks business ahead of split,Reuters,https://finance.yahoo.com/news/kellogg-forecasts-annual-sales-13-122531595.html,1691583931,STORY
193a726f-178b-3b3a-a064-ce6a825e6f16,K,2023-8-12,KELLOGG W K FOUNDATION TRUST Reduces Stake in Kellogg Co,GuruFocus.com,https://finance.yahoo.com/news/kellogg-w-k-foundation-trust-070323721.html,1691737403,STORY
6a001700-b39d-3ee2-bfb7-885206e98d69,K,2023-8-12,"UPDATE 1-Kellogg's 'woke' workplace diversity programs are illegal, group claims",Reuters,https://finance.yahoo.com/news/1-kelloggs-woke-workplace-diversity-170440382.html,1691687080,STORY
0df83bb9-b41e-35bb-930d-f6416085e482,K,2023-8-12,Kellogg (K) Highlights Growth Plans for Kellanova & WK Kellogg,Zacks,https://finance.yahoo.com/news/kellogg-k-highlights-growth-plans-125400562.html,1691672040,STORY
f326aff8-4105-32ec-9124-e426c7d96b4d,K,2023-8-12,"In Sneak Peek, Kellogg Reveals Median Salary Saw Another Big Jump In 2023",Poets & Quants,https://finance.yahoo.com/news/sneak-peek-kellogg-reveals-median-233107758.html,1691623867,STORY
cb630cf5-ae91-35ca-bd2d-8cfb3b930332,K,2023-8-12,"Kellogg's 'woke' workplace diversity programs are illegal, group claims",Reuters,https://finance.yahoo.com/news/kelloggs-woke-workplace-diversity-programs-214605217.html,1691617565,STORY
c81c848f-dc67-3332-884e-693c4e1ae05b,K,2023-8-12,Kellogg’s Plans for Stranded Cereal Unit Look Soggy,The Wall Street Journal,https://finance.yahoo.com/m/c81c848f-dc67-3332-884e-693c4e1ae05b/kellogg%E2%80%99s-plans-for-stranded.html,1691599740,STORY
d5510dc9-a1d6-3607-81d9-886544d655c4,K,2023-8-12,Kellogg forecasts annual sales of up to $13.6 billion for snacks business ahead of split,Reuters,https://finance.yahoo.com/news/kellogg-forecasts-annual-sales-13-123139305.html,1691584299,STORY
388aa3c8-9c16-3b59-bcae-e1fc1819b6f3,K,2023-8-12,Kellogg forecasts annual sales of up to $13.6 bln for snacks business ahead of split,Reuters,https://finance.yahoo.com/news/kellogg-forecasts-annual-sales-13-122531595.html,1691583931,STORY
193a726f-178b-3b3a-a064-ce6a825e6f16,K,2023-8-13,KELLOGG W K FOUNDATION TRUST Reduces Stake in Kellogg Co,GuruFocus.com,https://finance.yahoo.com/news/kellogg-w-k-foundation-trust-070323721.html,1691737403,STORY
6a001700-b39d-3ee2-bfb7-885206e98d69,K,2023-8-13,"UPDATE 1-Kellogg's 'woke' workplace diversity programs are illegal, group claims",Reuters,https://finance.yahoo.com/news/1-kelloggs-woke-workplace-diversity-170440382.html,1691687080,STORY
0df83bb9-b41e-35bb-930d-f6416085e482,K,2023-8-13,Kellogg (K) Highlights Growth Plans for Kellanova & WK Kellogg,Zacks,https://finance.yahoo.com/news/kellogg-k-highlights-growth-plans-125400562.html,1691672040,STORY
f326aff8-4105-32ec-9124-e426c7d96b4d,K,2023-8-13,"In Sneak Peek, Kellogg Reveals Median Salary Saw Another Big Jump In 2023",Poets & Quants,https://finance.yahoo.com/news/sneak-peek-kellogg-reveals-median-233107758.html,1691623867,STORY
cb630cf5-ae91-35ca-bd2d-8cfb3b930332,K,2023-8-13,"Kellogg's 'woke' workplace diversity programs are illegal, group claims",Reuters,https://finance.yahoo.com/news/kelloggs-woke-workplace-diversity-programs-214605217.html,1691617565,STORY
c81c848f-dc67-3332-884e-693c4e1ae05b,K,2023-8-13,Kellogg’s Plans for Stranded Cereal Unit Look Soggy,The Wall Street Journal,https://finance.yahoo.com/m/c81c848f-dc67-3332-884e-693c4e1ae05b/kellogg%E2%80%99s-plans-for-stranded.html,1691599740,STORY
d5510dc9-a1d6-3607-81d9-886544d655c4,K,2023-8-13,Kellogg forecasts annual sales of up to $13.6 billion for snacks business ahead of split,Reuters,https://finance.yahoo.com/news/kellogg-forecasts-annual-sales-13-123139305.html,1691584299,STORY
388aa3c8-9c16-3b59-bcae-e1fc1819b6f3,K,2023-8-13,Kellogg forecasts annual sales of up to $13.6 bln for snacks business ahead of split,Reuters,https://finance.yahoo.com/news/kellogg-forecasts-annual-sales-13-122531595.html,1691583931,STORY
193a726f-178b-3b3a-a064-ce6a825e6f16,K,2023-8-14,KELLOGG W K FOUNDATION TRUST Reduces Stake in Kellogg Co,GuruFocus.com,https://finance.yahoo.com/news/kellogg-w-k-foundation-trust-070323721.html,1691737403,STORY
6a001700-b39d-3ee2-bfb7-885206e98d69,K,2023-8-14,"UPDATE 1-Kellogg's 'woke' workplace diversity programs are illegal, group claims",Reuters,https://finance.yahoo.com/news/1-kelloggs-woke-workplace-diversity-170440382.html,1691687080,STORY
0df83bb9-b41e-35bb-930d-f6416085e482,K,2023-8-14,Kellogg (K) Highlights Growth Plans for Kellanova & WK Kellogg,Zacks,https://finance.yahoo.com/news/kellogg-k-highlights-growth-plans-125400562.html,1691672040,STORY
f326aff8-4105-32ec-9124-e426c7d96b4d,K,2023-8-14,"In Sneak Peek, Kellogg Reveals Median Salary Saw Another Big Jump In 2023",Poets & Quants,https://finance.yahoo.com/news/sneak-peek-kellogg-reveals-median-233107758.html,1691623867,STORY
cb630cf5-ae91-35ca-bd2d-8cfb3b930332,K,2023-8-14,"Kellogg's 'woke' workplace diversity programs are illegal, group claims",Reuters,https://finance.yahoo.com/news/kelloggs-woke-workplace-diversity-programs-214605217.html,1691617565,STORY
c81c848f-dc67-3332-884e-693c4e1ae05b,K,2023-8-14,Kellogg’s Plans for Stranded Cereal Unit Look Soggy,The Wall Street Journal,https://finance.yahoo.com/m/c81c848f-dc67-3332-884e-693c4e1ae05b/kellogg%E2%80%99s-plans-for-stranded.html,1691599740,STORY
d5510dc9-a1d6-3607-81d9-886544d655c4,K,2023-8-14,Kellogg forecasts annual sales of up to $13.6 billion for snacks business ahead of split,Reuters,https://finance.yahoo.com/news/kellogg-forecasts-annual-sales-13-123139305.html,1691584299,STORY
388aa3c8-9c16-3b59-bcae-e1fc1819b6f3,K,2023-8-14,Kellogg forecasts annual sales of up to $13.6 bln for snacks business ahead of split,Reuters,https://finance.yahoo.com/news/kellogg-forecasts-annual-sales-13-122531595.html,1691583931,STORY
112e9e05-846b-39d2-b884-49ad19f82128,K,2023-8-15,"EGGO® COLLABS WITH SUGARLANDS DISTILLING CO. TO LAUNCH BRUNCH IN A JAR, A DELICIOUS LIQUEUR MADE TO PUNCH UP BRUNCH",PR Newswire,https://finance.yahoo.com/news/eggo-collabs-sugarlands-distilling-co-120000005.html,1692100800,STORY
4a134ac6-a7ba-3950-9950-d6c183b27eb7,K,2023-8-15,Quantamental Technologies LLC's Q2 2023 13F Filing Analysis,GuruFocus.com,https://finance.yahoo.com/news/quantamental-technologies-llcs-q2-2023-203335280.html,1692045215,STORY
5f13995e-ba34-3fa7-b67e-9b7e0445c927,K,2023-8-15,"Kellogg, Kashi defeat appeals over products' protein content",Reuters,https://finance.yahoo.com/news/kellogg-kashi-defeat-appeals-over-174955397.html,1692035395,STORY
193a726f-178b-3b3a-a064-ce6a825e6f16,K,2023-8-15,KELLOGG W K FOUNDATION TRUST Reduces Stake in Kellogg Co,GuruFocus.com,https://finance.yahoo.com/news/kellogg-w-k-foundation-trust-070323721.html,1691737403,STORY
6a001700-b39d-3ee2-bfb7-885206e98d69,K,2023-8-15,"UPDATE 1-Kellogg's 'woke' workplace diversity programs are illegal, group claims",Reuters,https://finance.yahoo.com/news/1-kelloggs-woke-workplace-diversity-170440382.html,1691687080,STORY
0df83bb9-b41e-35bb-930d-f6416085e482,K,2023-8-15,Kellogg (K) Highlights Growth Plans for Kellanova & WK Kellogg,Zacks,https://finance.yahoo.com/news/kellogg-k-highlights-growth-plans-125400562.html,1691672040,STORY
f326aff8-4105-32ec-9124-e426c7d96b4d,K,2023-8-15,"In Sneak Peek, Kellogg Reveals Median Salary Saw Another Big Jump In 2023",Poets & Quants,https://finance.yahoo.com/news/sneak-peek-kellogg-reveals-median-233107758.html,1691623867,STORY
cb630cf5-ae91-35ca-bd2d-8cfb3b930332,K,2023-8-15,"Kellogg's 'woke' workplace diversity programs are illegal, group claims",Reuters,https://finance.yahoo.com/news/kelloggs-woke-workplace-diversity-programs-214605217.html,1691617565,STORY
fce645bf-ac33-3792-8ae4-bb4ba7ad476e,K,2023-8-16,Kellogg (K) Poised on Brand Portfolio Strength & Buyouts,Zacks,https://finance.yahoo.com/news/kellogg-k-poised-brand-portfolio-130400766.html,1692104640,STORY
112e9e05-846b-39d2-b884-49ad19f82128,K,2023-8-16,"EGGO® COLLABS WITH SUGARLANDS DISTILLING CO. TO LAUNCH BRUNCH IN A JAR, A DELICIOUS LIQUEUR MADE TO PUNCH UP BRUNCH",PR Newswire,https://finance.yahoo.com/news/eggo-collabs-sugarlands-distilling-co-120000005.html,1692100800,STORY
4a134ac6-a7ba-3950-9950-d6c183b27eb7,K,2023-8-16,Quantamental Technologies LLC's Q2 2023 13F Filing Analysis,GuruFocus.com,https://finance.yahoo.com/news/quantamental-technologies-llcs-q2-2023-203335280.html,1692045215,STORY
5f13995e-ba34-3fa7-b67e-9b7e0445c927,K,2023-8-16,"Kellogg, Kashi defeat appeals over products' protein content",Reuters,https://finance.yahoo.com/news/kellogg-kashi-defeat-appeals-over-174955397.html,1692035395,STORY
193a726f-178b-3b3a-a064-ce6a825e6f16,K,2023-8-16,KELLOGG W K FOUNDATION TRUST Reduces Stake in Kellogg Co,GuruFocus.com,https://finance.yahoo.com/news/kellogg-w-k-foundation-trust-070323721.html,1691737403,STORY
6a001700-b39d-3ee2-bfb7-885206e98d69,K,2023-8-16,"UPDATE 1-Kellogg's 'woke' workplace diversity programs are illegal, group claims",Reuters,https://finance.yahoo.com/news/1-kelloggs-woke-workplace-diversity-170440382.html,1691687080,STORY
0df83bb9-b41e-35bb-930d-f6416085e482,K,2023-8-16,Kellogg (K) Highlights Growth Plans for Kellanova & WK Kellogg,Zacks,https://finance.yahoo.com/news/kellogg-k-highlights-growth-plans-125400562.html,1691672040,STORY
f326aff8-4105-32ec-9124-e426c7d96b4d,K,2023-8-16,"In Sneak Peek, Kellogg Reveals Median Salary Saw Another Big Jump In 2023",Poets & Quants,https://finance.yahoo.com/news/sneak-peek-kellogg-reveals-median-233107758.html,1691623867,STORY
c5a762c2-540a-305b-9b15-d83d5c2d3c8e,K,2023-8-17,PRINGLES® BRINGS ITS BOLD FLAVOR TO SUMMER FESTIVAL SEASON WITH AN INTERACTIVE POP-UP EXPERIENCE,PR Newswire,https://finance.yahoo.com/news/pringles-brings-bold-flavor-summer-120000868.html,1692273600,STORY
fce645bf-ac33-3792-8ae4-bb4ba7ad476e,K,2023-8-17,Kellogg (K) Poised on Brand Portfolio Strength & Buyouts,Zacks,https://finance.yahoo.com/news/kellogg-k-poised-brand-portfolio-130400766.html,1692104640,STORY
112e9e05-846b-39d2-b884-49ad19f82128,K,2023-8-17,"EGGO® COLLABS WITH SUGARLANDS DISTILLING CO. TO LAUNCH BRUNCH IN A JAR, A DELICIOUS LIQUEUR MADE TO PUNCH UP BRUNCH",PR Newswire,https://finance.yahoo.com/news/eggo-collabs-sugarlands-distilling-co-120000005.html,1692100800,STORY
4a134ac6-a7ba-3950-9950-d6c183b27eb7,K,2023-8-17,Quantamental Technologies LLC's Q2 2023 13F Filing Analysis,GuruFocus.com,https://finance.yahoo.com/news/quantamental-technologies-llcs-q2-2023-203335280.html,1692045215,STORY
5f13995e-ba34-3fa7-b67e-9b7e0445c927,K,2023-8-17,"Kellogg, Kashi defeat appeals over products' protein content",Reuters,https://finance.yahoo.com/news/kellogg-kashi-defeat-appeals-over-174955397.html,1692035395,STORY
193a726f-178b-3b3a-a064-ce6a825e6f16,K,2023-8-17,KELLOGG W K FOUNDATION TRUST Reduces Stake in Kellogg Co,GuruFocus.com,https://finance.yahoo.com/news/kellogg-w-k-foundation-trust-070323721.html,1691737403,STORY
6a001700-b39d-3ee2-bfb7-885206e98d69,K,2023-8-17,"UPDATE 1-Kellogg's 'woke' workplace diversity programs are illegal, group claims",Reuters,https://finance.yahoo.com/news/1-kelloggs-woke-workplace-diversity-170440382.html,1691687080,STORY
0df83bb9-b41e-35bb-930d-f6416085e482,K,2023-8-17,Kellogg (K) Highlights Growth Plans for Kellanova & WK Kellogg,Zacks,https://finance.yahoo.com/news/kellogg-k-highlights-growth-plans-125400562.html,1691672040,STORY
884271d5-dca8-3984-8b30-d8e87cc7aaa6,K,2023-8-18,Ex-Trump administration officials target corporate diversity efforts,Reuters,https://finance.yahoo.com/news/ex-trump-administration-officials-target-101333086.html,1692353613,STORY
c5a762c2-540a-305b-9b15-d83d5c2d3c8e,K,2023-8-18,PRINGLES® BRINGS ITS BOLD FLAVOR TO SUMMER FESTIVAL SEASON WITH AN INTERACTIVE POP-UP EXPERIENCE,PR Newswire,https://finance.yahoo.com/news/pringles-brings-bold-flavor-summer-120000868.html,1692273600,STORY
fce645bf-ac33-3792-8ae4-bb4ba7ad476e,K,2023-8-18,Kellogg (K) Poised on Brand Portfolio Strength & Buyouts,Zacks,https://finance.yahoo.com/news/kellogg-k-poised-brand-portfolio-130400766.html,1692104640,STORY
112e9e05-846b-39d2-b884-49ad19f82128,K,2023-8-18,"EGGO® COLLABS WITH SUGARLANDS DISTILLING CO. TO LAUNCH BRUNCH IN A JAR, A DELICIOUS LIQUEUR MADE TO PUNCH UP BRUNCH",PR Newswire,https://finance.yahoo.com/news/eggo-collabs-sugarlands-distilling-co-120000005.html,1692100800,STORY
4a134ac6-a7ba-3950-9950-d6c183b27eb7,K,2023-8-18,Quantamental Technologies LLC's Q2 2023 13F Filing Analysis,GuruFocus.com,https://finance.yahoo.com/news/quantamental-technologies-llcs-q2-2023-203335280.html,1692045215,STORY
5f13995e-ba34-3fa7-b67e-9b7e0445c927,K,2023-8-18,"Kellogg, Kashi defeat appeals over products' protein content",Reuters,https://finance.yahoo.com/news/kellogg-kashi-defeat-appeals-over-174955397.html,1692035395,STORY
193a726f-178b-3b3a-a064-ce6a825e6f16,K,2023-8-18,KELLOGG W K FOUNDATION TRUST Reduces Stake in Kellogg Co,GuruFocus.com,https://finance.yahoo.com/news/kellogg-w-k-foundation-trust-070323721.html,1691737403,STORY
6a001700-b39d-3ee2-bfb7-885206e98d69,K,2023-8-18,"UPDATE 1-Kellogg's 'woke' workplace diversity programs are illegal, group claims",Reuters,https://finance.yahoo.com/news/1-kelloggs-woke-workplace-diversity-170440382.html,1691687080,STORY
884271d5-dca8-3984-8b30-d8e87cc7aaa6,K,2023-8-19,Ex-Trump administration officials target corporate diversity efforts,Reuters,https://finance.yahoo.com/news/ex-trump-administration-officials-target-101333086.html,1692353613,STORY
c5a762c2-540a-305b-9b15-d83d5c2d3c8e,K,2023-8-19,PRINGLES® BRINGS ITS BOLD FLAVOR TO SUMMER FESTIVAL SEASON WITH AN INTERACTIVE POP-UP EXPERIENCE,PR Newswire,https://finance.yahoo.com/news/pringles-brings-bold-flavor-summer-120000868.html,1692273600,STORY
fce645bf-ac33-3792-8ae4-bb4ba7ad476e,K,2023-8-19,Kellogg (K) Poised on Brand Portfolio Strength & Buyouts,Zacks,https://finance.yahoo.com/news/kellogg-k-poised-brand-portfolio-130400766.html,1692104640,STORY
112e9e05-846b-39d2-b884-49ad19f82128,K,2023-8-19,"EGGO® COLLABS WITH SUGARLANDS DISTILLING CO. TO LAUNCH BRUNCH IN A JAR, A DELICIOUS LIQUEUR MADE TO PUNCH UP BRUNCH",PR Newswire,https://finance.yahoo.com/news/eggo-collabs-sugarlands-distilling-co-120000005.html,1692100800,STORY
4a134ac6-a7ba-3950-9950-d6c183b27eb7,K,2023-8-19,Quantamental Technologies LLC's Q2 2023 13F Filing Analysis,GuruFocus.com,https://finance.yahoo.com/news/quantamental-technologies-llcs-q2-2023-203335280.html,1692045215,STORY
5f13995e-ba34-3fa7-b67e-9b7e0445c927,K,2023-8-19,"Kellogg, Kashi defeat appeals over products' protein content",Reuters,https://finance.yahoo.com/news/kellogg-kashi-defeat-appeals-over-174955397.html,1692035395,STORY
193a726f-178b-3b3a-a064-ce6a825e6f16,K,2023-8-19,KELLOGG W K FOUNDATION TRUST Reduces Stake in Kellogg Co,GuruFocus.com,https://finance.yahoo.com/news/kellogg-w-k-foundation-trust-070323721.html,1691737403,STORY
6a001700-b39d-3ee2-bfb7-885206e98d69,K,2023-8-19,"UPDATE 1-Kellogg's 'woke' workplace diversity programs are illegal, group claims",Reuters,https://finance.yahoo.com/news/1-kelloggs-woke-workplace-diversity-170440382.html,1691687080,STORY
884271d5-dca8-3984-8b30-d8e87cc7aaa6,K,2023-8-20,Ex-Trump administration officials target corporate diversity efforts,Reuters,https://finance.yahoo.com/news/ex-trump-administration-officials-target-101333086.html,1692353613,STORY
c5a762c2-540a-305b-9b15-d83d5c2d3c8e,K,2023-8-20,PRINGLES® BRINGS ITS BOLD FLAVOR TO SUMMER FESTIVAL SEASON WITH AN INTERACTIVE POP-UP EXPERIENCE,PR Newswire,https://finance.yahoo.com/news/pringles-brings-bold-flavor-summer-120000868.html,1692273600,STORY
fce645bf-ac33-3792-8ae4-bb4ba7ad476e,K,2023-8-20,Kellogg (K) Poised on Brand Portfolio Strength & Buyouts,Zacks,https://finance.yahoo.com/news/kellogg-k-poised-brand-portfolio-130400766.html,1692104640,STORY
112e9e05-846b-39d2-b884-49ad19f82128,K,2023-8-20,"EGGO® COLLABS WITH SUGARLANDS DISTILLING CO. TO LAUNCH BRUNCH IN A JAR, A DELICIOUS LIQUEUR MADE TO PUNCH UP BRUNCH",PR Newswire,https://finance.yahoo.com/news/eggo-collabs-sugarlands-distilling-co-120000005.html,1692100800,STORY
4a134ac6-a7ba-3950-9950-d6c183b27eb7,K,2023-8-20,Quantamental Technologies LLC's Q2 2023 13F Filing Analysis,GuruFocus.com,https://finance.yahoo.com/news/quantamental-technologies-llcs-q2-2023-203335280.html,1692045215,STORY
5f13995e-ba34-3fa7-b67e-9b7e0445c927,K,2023-8-20,"Kellogg, Kashi defeat appeals over products' protein content",Reuters,https://finance.yahoo.com/news/kellogg-kashi-defeat-appeals-over-174955397.html,1692035395,STORY
193a726f-178b-3b3a-a064-ce6a825e6f16,K,2023-8-20,KELLOGG W K FOUNDATION TRUST Reduces Stake in Kellogg Co,GuruFocus.com,https://finance.yahoo.com/news/kellogg-w-k-foundation-trust-070323721.html,1691737403,STORY
6a001700-b39d-3ee2-bfb7-885206e98d69,K,2023-8-20,"UPDATE 1-Kellogg's 'woke' workplace diversity programs are illegal, group claims",Reuters,https://finance.yahoo.com/news/1-kelloggs-woke-workplace-diversity-170440382.html,1691687080,STORY
ce89725a-1d56-3d34-9bb2-da8941f25f1e,K,2023-8-21,Market is not liking Kellogg's (NYSE:K) earnings decline as stock retreats 3.2% this week,Simply Wall St.,https://finance.yahoo.com/news/market-not-liking-kelloggs-nyse-103419050.html,1692614059,STORY
884271d5-dca8-3984-8b30-d8e87cc7aaa6,K,2023-8-21,Ex-Trump administration officials target corporate diversity efforts,Reuters,https://finance.yahoo.com/news/ex-trump-administration-officials-target-101333086.html,1692353613,STORY
c5a762c2-540a-305b-9b15-d83d5c2d3c8e,K,2023-8-21,PRINGLES® BRINGS ITS BOLD FLAVOR TO SUMMER FESTIVAL SEASON WITH AN INTERACTIVE POP-UP EXPERIENCE,PR Newswire,https://finance.yahoo.com/news/pringles-brings-bold-flavor-summer-120000868.html,1692273600,STORY
fce645bf-ac33-3792-8ae4-bb4ba7ad476e,K,2023-8-21,Kellogg (K) Poised on Brand Portfolio Strength & Buyouts,Zacks,https://finance.yahoo.com/news/kellogg-k-poised-brand-portfolio-130400766.html,1692104640,STORY
112e9e05-846b-39d2-b884-49ad19f82128,K,2023-8-21,"EGGO® COLLABS WITH SUGARLANDS DISTILLING CO. TO LAUNCH BRUNCH IN A JAR, A DELICIOUS LIQUEUR MADE TO PUNCH UP BRUNCH",PR Newswire,https://finance.yahoo.com/news/eggo-collabs-sugarlands-distilling-co-120000005.html,1692100800,STORY
4a134ac6-a7ba-3950-9950-d6c183b27eb7,K,2023-8-21,Quantamental Technologies LLC's Q2 2023 13F Filing Analysis,GuruFocus.com,https://finance.yahoo.com/news/quantamental-technologies-llcs-q2-2023-203335280.html,1692045215,STORY
5f13995e-ba34-3fa7-b67e-9b7e0445c927,K,2023-8-21,"Kellogg, Kashi defeat appeals over products' protein content",Reuters,https://finance.yahoo.com/news/kellogg-kashi-defeat-appeals-over-174955397.html,1692035395,STORY
193a726f-178b-3b3a-a064-ce6a825e6f16,K,2023-8-21,KELLOGG W K FOUNDATION TRUST Reduces Stake in Kellogg Co,GuruFocus.com,https://finance.yahoo.com/news/kellogg-w-k-foundation-trust-070323721.html,1691737403,STORY
d8c75d38-caa5-3951-b911-8c7d7a319a3b,K,2023-8-22,W. K. Kellogg Foundation Trust Reduces Stake in Kellogg Co.,GuruFocus.com,https://finance.yahoo.com/news/w-k-kellogg-foundation-trust-070229115.html,1692687749,STORY
ce89725a-1d56-3d34-9bb2-da8941f25f1e,K,2023-8-22,Market is not liking Kellogg's (NYSE:K) earnings decline as stock retreats 3.2% this week,Simply Wall St.,https://finance.yahoo.com/news/market-not-liking-kelloggs-nyse-103419050.html,1692614059,STORY
884271d5-dca8-3984-8b30-d8e87cc7aaa6,K,2023-8-22,Ex-Trump administration officials target corporate diversity efforts,Reuters,https://finance.yahoo.com/news/ex-trump-administration-officials-target-101333086.html,1692353613,STORY
c5a762c2-540a-305b-9b15-d83d5c2d3c8e,K,2023-8-22,PRINGLES® BRINGS ITS BOLD FLAVOR TO SUMMER FESTIVAL SEASON WITH AN INTERACTIVE POP-UP EXPERIENCE,PR Newswire,https://finance.yahoo.com/news/pringles-brings-bold-flavor-summer-120000868.html,1692273600,STORY
fce645bf-ac33-3792-8ae4-bb4ba7ad476e,K,2023-8-22,Kellogg (K) Poised on Brand Portfolio Strength & Buyouts,Zacks,https://finance.yahoo.com/news/kellogg-k-poised-brand-portfolio-130400766.html,1692104640,STORY
112e9e05-846b-39d2-b884-49ad19f82128,K,2023-8-22,"EGGO® COLLABS WITH SUGARLANDS DISTILLING CO. TO LAUNCH BRUNCH IN A JAR, A DELICIOUS LIQUEUR MADE TO PUNCH UP BRUNCH",PR Newswire,https://finance.yahoo.com/news/eggo-collabs-sugarlands-distilling-co-120000005.html,1692100800,STORY
4a134ac6-a7ba-3950-9950-d6c183b27eb7,K,2023-8-22,Quantamental Technologies LLC's Q2 2023 13F Filing Analysis,GuruFocus.com,https://finance.yahoo.com/news/quantamental-technologies-llcs-q2-2023-203335280.html,1692045215,STORY
5f13995e-ba34-3fa7-b67e-9b7e0445c927,K,2023-8-22,"Kellogg, Kashi defeat appeals over products' protein content",Reuters,https://finance.yahoo.com/news/kellogg-kashi-defeat-appeals-over-174955397.html,1692035395,STORY
d8c75d38-caa5-3951-b911-8c7d7a319a3b,K,2023-8-23,W. K. Kellogg Foundation Trust Reduces Stake in Kellogg Co.,GuruFocus.com,https://finance.yahoo.com/news/w-k-kellogg-foundation-trust-070229115.html,1692687749,STORY
ce89725a-1d56-3d34-9bb2-da8941f25f1e,K,2023-8-23,Market is not liking Kellogg's (NYSE:K) earnings decline as stock retreats 3.2% this week,Simply Wall St.,https://finance.yahoo.com/news/market-not-liking-kelloggs-nyse-103419050.html,1692614059,STORY
884271d5-dca8-3984-8b30-d8e87cc7aaa6,K,2023-8-23,Ex-Trump administration officials target corporate diversity efforts,Reuters,https://finance.yahoo.com/news/ex-trump-administration-officials-target-101333086.html,1692353613,STORY
c5a762c2-540a-305b-9b15-d83d5c2d3c8e,K,2023-8-23,PRINGLES® BRINGS ITS BOLD FLAVOR TO SUMMER FESTIVAL SEASON WITH AN INTERACTIVE POP-UP EXPERIENCE,PR Newswire,https://finance.yahoo.com/news/pringles-brings-bold-flavor-summer-120000868.html,1692273600,STORY
fce645bf-ac33-3792-8ae4-bb4ba7ad476e,K,2023-8-23,Kellogg (K) Poised on Brand Portfolio Strength & Buyouts,Zacks,https://finance.yahoo.com/news/kellogg-k-poised-brand-portfolio-130400766.html,1692104640,STORY
112e9e05-846b-39d2-b884-49ad19f82128,K,2023-8-23,"EGGO® COLLABS WITH SUGARLANDS DISTILLING CO. TO LAUNCH BRUNCH IN A JAR, A DELICIOUS LIQUEUR MADE TO PUNCH UP BRUNCH",PR Newswire,https://finance.yahoo.com/news/eggo-collabs-sugarlands-distilling-co-120000005.html,1692100800,STORY
4a134ac6-a7ba-3950-9950-d6c183b27eb7,K,2023-8-23,Quantamental Technologies LLC's Q2 2023 13F Filing Analysis,GuruFocus.com,https://finance.yahoo.com/news/quantamental-technologies-llcs-q2-2023-203335280.html,1692045215,STORY
5f13995e-ba34-3fa7-b67e-9b7e0445c927,K,2023-8-23,"Kellogg, Kashi defeat appeals over products' protein content",Reuters,https://finance.yahoo.com/news/kellogg-kashi-defeat-appeals-over-174955397.html,1692035395,STORY
d8c75d38-caa5-3951-b911-8c7d7a319a3b,K,2023-8-24,W. K. Kellogg Foundation Trust Reduces Stake in Kellogg Co.,GuruFocus.com,https://finance.yahoo.com/news/w-k-kellogg-foundation-trust-070229115.html,1692687749,STORY
ce89725a-1d56-3d34-9bb2-da8941f25f1e,K,2023-8-24,Market is not liking Kellogg's (NYSE:K) earnings decline as stock retreats 3.2% this week,Simply Wall St.,https://finance.yahoo.com/news/market-not-liking-kelloggs-nyse-103419050.html,1692614059,STORY
884271d5-dca8-3984-8b30-d8e87cc7aaa6,K,2023-8-24,Ex-Trump administration officials target corporate diversity efforts,Reuters,https://finance.yahoo.com/news/ex-trump-administration-officials-target-101333086.html,1692353613,STORY
c5a762c2-540a-305b-9b15-d83d5c2d3c8e,K,2023-8-24,PRINGLES® BRINGS ITS BOLD FLAVOR TO SUMMER FESTIVAL SEASON WITH AN INTERACTIVE POP-UP EXPERIENCE,PR Newswire,https://finance.yahoo.com/news/pringles-brings-bold-flavor-summer-120000868.html,1692273600,STORY
fce645bf-ac33-3792-8ae4-bb4ba7ad476e,K,2023-8-24,Kellogg (K) Poised on Brand Portfolio Strength & Buyouts,Zacks,https://finance.yahoo.com/news/kellogg-k-poised-brand-portfolio-130400766.html,1692104640,STORY
112e9e05-846b-39d2-b884-49ad19f82128,K,2023-8-24,"EGGO® COLLABS WITH SUGARLANDS DISTILLING CO. TO LAUNCH BRUNCH IN A JAR, A DELICIOUS LIQUEUR MADE TO PUNCH UP BRUNCH",PR Newswire,https://finance.yahoo.com/news/eggo-collabs-sugarlands-distilling-co-120000005.html,1692100800,STORY
4a134ac6-a7ba-3950-9950-d6c183b27eb7,K,2023-8-24,Quantamental Technologies LLC's Q2 2023 13F Filing Analysis,GuruFocus.com,https://finance.yahoo.com/news/quantamental-technologies-llcs-q2-2023-203335280.html,1692045215,STORY
5f13995e-ba34-3fa7-b67e-9b7e0445c927,K,2023-8-24,"Kellogg, Kashi defeat appeals over products' protein content",Reuters,https://finance.yahoo.com/news/kellogg-kashi-defeat-appeals-over-174955397.html,1692035395,STORY
df564c75-c82b-30f7-b2ee-943d1cefded2,K,2023-8-25,Daily Spotlight: Volatility Index Trending Higher,Argus Research,https://finance.yahoo.com/m/df564c75-c82b-30f7-b2ee-943d1cefded2/daily-spotlight%3A-volatility.html,1692962578,STORY
bdd7c6d4-a61f-30ea-83b3-4ee6892b0ed8,K,2023-8-25,Kellogg (NYSE:K) Is Paying Out A Larger Dividend Than Last Year,Simply Wall St.,https://finance.yahoo.com/news/kellogg-nyse-k-paying-larger-101803033.html,1692958683,STORY
d8c75d38-caa5-3951-b911-8c7d7a319a3b,K,2023-8-25,W. K. Kellogg Foundation Trust Reduces Stake in Kellogg Co.,GuruFocus.com,https://finance.yahoo.com/news/w-k-kellogg-foundation-trust-070229115.html,1692687749,STORY
ce89725a-1d56-3d34-9bb2-da8941f25f1e,K,2023-8-25,Market is not liking Kellogg's (NYSE:K) earnings decline as stock retreats 3.2% this week,Simply Wall St.,https://finance.yahoo.com/news/market-not-liking-kelloggs-nyse-103419050.html,1692614059,STORY
884271d5-dca8-3984-8b30-d8e87cc7aaa6,K,2023-8-25,Ex-Trump administration officials target corporate diversity efforts,Reuters,https://finance.yahoo.com/news/ex-trump-administration-officials-target-101333086.html,1692353613,STORY
c5a762c2-540a-305b-9b15-d83d5c2d3c8e,K,2023-8-25,PRINGLES® BRINGS ITS BOLD FLAVOR TO SUMMER FESTIVAL SEASON WITH AN INTERACTIVE POP-UP EXPERIENCE,PR Newswire,https://finance.yahoo.com/news/pringles-brings-bold-flavor-summer-120000868.html,1692273600,STORY
fce645bf-ac33-3792-8ae4-bb4ba7ad476e,K,2023-8-25,Kellogg (K) Poised on Brand Portfolio Strength & Buyouts,Zacks,https://finance.yahoo.com/news/kellogg-k-poised-brand-portfolio-130400766.html,1692104640,STORY
112e9e05-846b-39d2-b884-49ad19f82128,K,2023-8-25,"EGGO® COLLABS WITH SUGARLANDS DISTILLING CO. TO LAUNCH BRUNCH IN A JAR, A DELICIOUS LIQUEUR MADE TO PUNCH UP BRUNCH",PR Newswire,https://finance.yahoo.com/news/eggo-collabs-sugarlands-distilling-co-120000005.html,1692100800,STORY
5e235158-dcee-3f98-b55e-137518b6623b,K,2023-8-26,Kellogg Company to Webcast Two Fireside Chats at the Upcoming Barclays Global Consumer Staples Conference,PR Newswire,https://finance.yahoo.com/news/kellogg-company-webcast-two-fireside-130000267.html,1692968400,STORY
df564c75-c82b-30f7-b2ee-943d1cefded2,K,2023-8-26,Daily Spotlight: Volatility Index Trending Higher,Argus Research,https://finance.yahoo.com/m/df564c75-c82b-30f7-b2ee-943d1cefded2/daily-spotlight%3A-volatility.html,1692962578,STORY
bdd7c6d4-a61f-30ea-83b3-4ee6892b0ed8,K,2023-8-26,Kellogg (NYSE:K) Is Paying Out A Larger Dividend Than Last Year,Simply Wall St.,https://finance.yahoo.com/news/kellogg-nyse-k-paying-larger-101803033.html,1692958683,STORY
d8c75d38-caa5-3951-b911-8c7d7a319a3b,K,2023-8-26,W. K. Kellogg Foundation Trust Reduces Stake in Kellogg Co.,GuruFocus.com,https://finance.yahoo.com/news/w-k-kellogg-foundation-trust-070229115.html,1692687749,STORY
ce89725a-1d56-3d34-9bb2-da8941f25f1e,K,2023-8-26,Market is not liking Kellogg's (NYSE:K) earnings decline as stock retreats 3.2% this week,Simply Wall St.,https://finance.yahoo.com/news/market-not-liking-kelloggs-nyse-103419050.html,1692614059,STORY
884271d5-dca8-3984-8b30-d8e87cc7aaa6,K,2023-8-26,Ex-Trump administration officials target corporate diversity efforts,Reuters,https://finance.yahoo.com/news/ex-trump-administration-officials-target-101333086.html,1692353613,STORY
c5a762c2-540a-305b-9b15-d83d5c2d3c8e,K,2023-8-26,PRINGLES® BRINGS ITS BOLD FLAVOR TO SUMMER FESTIVAL SEASON WITH AN INTERACTIVE POP-UP EXPERIENCE,PR Newswire,https://finance.yahoo.com/news/pringles-brings-bold-flavor-summer-120000868.html,1692273600,STORY
fce645bf-ac33-3792-8ae4-bb4ba7ad476e,K,2023-8-26,Kellogg (K) Poised on Brand Portfolio Strength & Buyouts,Zacks,https://finance.yahoo.com/news/kellogg-k-poised-brand-portfolio-130400766.html,1692104640,STORY
a94de4c4-682a-3951-afc1-9d6a7d2e60b6,K,2023-8-27,Don't Race Out To Buy Kellogg Company (NYSE:K) Just Because It's Going Ex-Dividend,Simply Wall St.,https://finance.yahoo.com/news/dont-race-buy-kellogg-company-123710356.html,1693053430,STORY
5e235158-dcee-3f98-b55e-137518b6623b,K,2023-8-27,Kellogg Company to Webcast Two Fireside Chats at the Upcoming Barclays Global Consumer Staples Conference,PR Newswire,https://finance.yahoo.com/news/kellogg-company-webcast-two-fireside-130000267.html,1692968400,STORY
bdd7c6d4-a61f-30ea-83b3-4ee6892b0ed8,K,2023-8-27,Kellogg (NYSE:K) Is Paying Out A Larger Dividend Than Last Year,Simply Wall St.,https://finance.yahoo.com/news/kellogg-nyse-k-paying-larger-101803033.html,1692958683,STORY
d8c75d38-caa5-3951-b911-8c7d7a319a3b,K,2023-8-27,W. K. Kellogg Foundation Trust Reduces Stake in Kellogg Co.,GuruFocus.com,https://finance.yahoo.com/news/w-k-kellogg-foundation-trust-070229115.html,1692687749,STORY
ce89725a-1d56-3d34-9bb2-da8941f25f1e,K,2023-8-27,Market is not liking Kellogg's (NYSE:K) earnings decline as stock retreats 3.2% this week,Simply Wall St.,https://finance.yahoo.com/news/market-not-liking-kelloggs-nyse-103419050.html,1692614059,STORY
884271d5-dca8-3984-8b30-d8e87cc7aaa6,K,2023-8-27,Ex-Trump administration officials target corporate diversity efforts,Reuters,https://finance.yahoo.com/news/ex-trump-administration-officials-target-101333086.html,1692353613,STORY
c5a762c2-540a-305b-9b15-d83d5c2d3c8e,K,2023-8-27,PRINGLES® BRINGS ITS BOLD FLAVOR TO SUMMER FESTIVAL SEASON WITH AN INTERACTIVE POP-UP EXPERIENCE,PR Newswire,https://finance.yahoo.com/news/pringles-brings-bold-flavor-summer-120000868.html,1692273600,STORY
fce645bf-ac33-3792-8ae4-bb4ba7ad476e,K,2023-8-27,Kellogg (K) Poised on Brand Portfolio Strength & Buyouts,Zacks,https://finance.yahoo.com/news/kellogg-k-poised-brand-portfolio-130400766.html,1692104640,STORY
8033e924-e270-3adf-b818-fc31f0dc7126,K,2023-8-28,The M7 B-Schools: Everything You Need To Know,Poets & Quants,https://finance.yahoo.com/news/m7-b-schools-everything-know-131713876.html,1693142233,STORY
a94de4c4-682a-3951-afc1-9d6a7d2e60b6,K,2023-8-28,Don't Race Out To Buy Kellogg Company (NYSE:K) Just Because It's Going Ex-Dividend,Simply Wall St.,https://finance.yahoo.com/news/dont-race-buy-kellogg-company-123710356.html,1693053430,STORY
5e235158-dcee-3f98-b55e-137518b6623b,K,2023-8-28,Kellogg Company to Webcast Two Fireside Chats at the Upcoming Barclays Global Consumer Staples Conference,PR Newswire,https://finance.yahoo.com/news/kellogg-company-webcast-two-fireside-130000267.html,1692968400,STORY
bdd7c6d4-a61f-30ea-83b3-4ee6892b0ed8,K,2023-8-28,Kellogg (NYSE:K) Is Paying Out A Larger Dividend Than Last Year,Simply Wall St.,https://finance.yahoo.com/news/kellogg-nyse-k-paying-larger-101803033.html,1692958683,STORY
d8c75d38-caa5-3951-b911-8c7d7a319a3b,K,2023-8-28,W. K. Kellogg Foundation Trust Reduces Stake in Kellogg Co.,GuruFocus.com,https://finance.yahoo.com/news/w-k-kellogg-foundation-trust-070229115.html,1692687749,STORY
ce89725a-1d56-3d34-9bb2-da8941f25f1e,K,2023-8-28,Market is not liking Kellogg's (NYSE:K) earnings decline as stock retreats 3.2% this week,Simply Wall St.,https://finance.yahoo.com/news/market-not-liking-kelloggs-nyse-103419050.html,1692614059,STORY
884271d5-dca8-3984-8b30-d8e87cc7aaa6,K,2023-8-28,Ex-Trump administration officials target corporate diversity efforts,Reuters,https://finance.yahoo.com/news/ex-trump-administration-officials-target-101333086.html,1692353613,STORY
c5a762c2-540a-305b-9b15-d83d5c2d3c8e,K,2023-8-28,PRINGLES® BRINGS ITS BOLD FLAVOR TO SUMMER FESTIVAL SEASON WITH AN INTERACTIVE POP-UP EXPERIENCE,PR Newswire,https://finance.yahoo.com/news/pringles-brings-bold-flavor-summer-120000868.html,1692273600,STORY
6044f027-d6c2-31dc-9c03-58922383638e,K,2023-8-29,"NEW PRINGLES® EVERYTHING BAGEL PUTS A CRISP TWIST ON A TRENDING, FAN-FAVORITE FLAVOR",PR Newswire,https://finance.yahoo.com/news/pringles-everything-bagel-puts-crisp-120000980.html,1693310400,STORY
f2c41b82-f19d-33af-92a1-bb82622fb5e0,K,2023-8-29,Analyst Report: Kellogg Co,Argus Research,https://finance.yahoo.com/m/f2c41b82-f19d-33af-92a1-bb82622fb5e0/analyst-report%3A-kellogg-co.html,1693308719,STORY
097440d7-a910-3696-942d-fcae0ebe8944,K,2023-8-29,"Market Digest: K, LDOS, LYB, FOXA",Argus Research,https://finance.yahoo.com/m/097440d7-a910-3696-942d-fcae0ebe8944/market-digest%3A-k%2C-ldos%2C-lyb%2C.html,1693307819,STORY
8033e924-e270-3adf-b818-fc31f0dc7126,K,2023-8-29,The M7 B-Schools: Everything You Need To Know,Poets & Quants,https://finance.yahoo.com/news/m7-b-schools-everything-know-131713876.html,1693142233,STORY
a94de4c4-682a-3951-afc1-9d6a7d2e60b6,K,2023-8-29,Don't Race Out To Buy Kellogg Company (NYSE:K) Just Because It's Going Ex-Dividend,Simply Wall St.,https://finance.yahoo.com/news/dont-race-buy-kellogg-company-123710356.html,1693053430,STORY
5e235158-dcee-3f98-b55e-137518b6623b,K,2023-8-29,Kellogg Company to Webcast Two Fireside Chats at the Upcoming Barclays Global Consumer Staples Conference,PR Newswire,https://finance.yahoo.com/news/kellogg-company-webcast-two-fireside-130000267.html,1692968400,STORY
bdd7c6d4-a61f-30ea-83b3-4ee6892b0ed8,K,2023-8-29,Kellogg (NYSE:K) Is Paying Out A Larger Dividend Than Last Year,Simply Wall St.,https://finance.yahoo.com/news/kellogg-nyse-k-paying-larger-101803033.html,1692958683,STORY
d8c75d38-caa5-3951-b911-8c7d7a319a3b,K,2023-8-29,W. K. Kellogg Foundation Trust Reduces Stake in Kellogg Co.,GuruFocus.com,https://finance.yahoo.com/news/w-k-kellogg-foundation-trust-070229115.html,1692687749,STORY
061dee73-ff81-3cc4-ad3c-b17ac73217d7,K,2023-8-30,"Strength in Brand Portfolio Aids Kellogg (K), Rising Costs Ail",Zacks,https://finance.yahoo.com/news/strength-brand-portfolio-aids-kellogg-152900071.html,1693322940,STORY
6044f027-d6c2-31dc-9c03-58922383638e,K,2023-8-30,"NEW PRINGLES® EVERYTHING BAGEL PUTS A CRISP TWIST ON A TRENDING, FAN-FAVORITE FLAVOR",PR Newswire,https://finance.yahoo.com/news/pringles-everything-bagel-puts-crisp-120000980.html,1693310400,STORY
f2c41b82-f19d-33af-92a1-bb82622fb5e0,K,2023-8-30,Analyst Report: Kellogg Co,Argus Research,https://finance.yahoo.com/m/f2c41b82-f19d-33af-92a1-bb82622fb5e0/analyst-report%3A-kellogg-co.html,1693308719,STORY
097440d7-a910-3696-942d-fcae0ebe8944,K,2023-8-30,"Market Digest: K, LDOS, LYB, FOXA",Argus Research,https://finance.yahoo.com/m/097440d7-a910-3696-942d-fcae0ebe8944/market-digest%3A-k%2C-ldos%2C-lyb%2C.html,1693307819,STORY
8033e924-e270-3adf-b818-fc31f0dc7126,K,2023-8-30,The M7 B-Schools: Everything You Need To Know,Poets & Quants,https://finance.yahoo.com/news/m7-b-schools-everything-know-131713876.html,1693142233,STORY
a94de4c4-682a-3951-afc1-9d6a7d2e60b6,K,2023-8-30,Don't Race Out To Buy Kellogg Company (NYSE:K) Just Because It's Going Ex-Dividend,Simply Wall St.,https://finance.yahoo.com/news/dont-race-buy-kellogg-company-123710356.html,1693053430,STORY
5e235158-dcee-3f98-b55e-137518b6623b,K,2023-8-30,Kellogg Company to Webcast Two Fireside Chats at the Upcoming Barclays Global Consumer Staples Conference,PR Newswire,https://finance.yahoo.com/news/kellogg-company-webcast-two-fireside-130000267.html,1692968400,STORY
bdd7c6d4-a61f-30ea-83b3-4ee6892b0ed8,K,2023-8-30,Kellogg (NYSE:K) Is Paying Out A Larger Dividend Than Last Year,Simply Wall St.,https://finance.yahoo.com/news/kellogg-nyse-k-paying-larger-101803033.html,1692958683,STORY
e90ef1f0-70cb-3bbb-8b6c-8b3ae3ac6111,K,2023-8-31,The Argus High-Yield Model Portfolio,Argus Research,https://finance.yahoo.com/m/e90ef1f0-70cb-3bbb-8b6c-8b3ae3ac6111/the-argus-high-yield-model.html,1693409145,STORY
f196c120-0038-3fd4-a46a-3283c367fd00,K,2023-8-31,Kellogg's Good Company/Bad Company Spin-Off Is Tough to Swallow,Motley Fool,https://finance.yahoo.com/m/f196c120-0038-3fd4-a46a-3283c367fd00/kellogg%27s-good-company%2Fbad.html,1693404300,STORY
061dee73-ff81-3cc4-ad3c-b17ac73217d7,K,2023-8-31,"Strength in Brand Portfolio Aids Kellogg (K), Rising Costs Ail",Zacks,https://finance.yahoo.com/news/strength-brand-portfolio-aids-kellogg-152900071.html,1693322940,STORY
6044f027-d6c2-31dc-9c03-58922383638e,K,2023-8-31,"NEW PRINGLES® EVERYTHING BAGEL PUTS A CRISP TWIST ON A TRENDING, FAN-FAVORITE FLAVOR",PR Newswire,https://finance.yahoo.com/news/pringles-everything-bagel-puts-crisp-120000980.html,1693310400,STORY
8033e924-e270-3adf-b818-fc31f0dc7126,K,2023-8-31,The M7 B-Schools: Everything You Need To Know,Poets & Quants,https://finance.yahoo.com/news/m7-b-schools-everything-know-131713876.html,1693142233,STORY
a94de4c4-682a-3951-afc1-9d6a7d2e60b6,K,2023-8-31,Don't Race Out To Buy Kellogg Company (NYSE:K) Just Because It's Going Ex-Dividend,Simply Wall St.,https://finance.yahoo.com/news/dont-race-buy-kellogg-company-123710356.html,1693053430,STORY
5e235158-dcee-3f98-b55e-137518b6623b,K,2023-8-31,Kellogg Company to Webcast Two Fireside Chats at the Upcoming Barclays Global Consumer Staples Conference,PR Newswire,https://finance.yahoo.com/news/kellogg-company-webcast-two-fireside-130000267.html,1692968400,STORY
bdd7c6d4-a61f-30ea-83b3-4ee6892b0ed8,K,2023-8-31,Kellogg (NYSE:K) Is Paying Out A Larger Dividend Than Last Year,Simply Wall St.,https://finance.yahoo.com/news/kellogg-nyse-k-paying-larger-101803033.html,1692958683,STORY
e90ef1f0-70cb-3bbb-8b6c-8b3ae3ac6111,K,2023-9-1,The Argus High-Yield Model Portfolio,Argus Research,https://finance.yahoo.com/m/e90ef1f0-70cb-3bbb-8b6c-8b3ae3ac6111/the-argus-high-yield-model.html,1693409145,STORY
f196c120-0038-3fd4-a46a-3283c367fd00,K,2023-9-1,Kellogg's Good Company/Bad Company Spin-Off Is Tough to Swallow,Motley Fool,https://finance.yahoo.com/m/f196c120-0038-3fd4-a46a-3283c367fd00/kellogg%27s-good-company%2Fbad.html,1693404300,STORY
061dee73-ff81-3cc4-ad3c-b17ac73217d7,K,2023-9-1,"Strength in Brand Portfolio Aids Kellogg (K), Rising Costs Ail",Zacks,https://finance.yahoo.com/news/strength-brand-portfolio-aids-kellogg-152900071.html,1693322940,STORY
6044f027-d6c2-31dc-9c03-58922383638e,K,2023-9-1,"NEW PRINGLES® EVERYTHING BAGEL PUTS A CRISP TWIST ON A TRENDING, FAN-FAVORITE FLAVOR",PR Newswire,https://finance.yahoo.com/news/pringles-everything-bagel-puts-crisp-120000980.html,1693310400,STORY
8033e924-e270-3adf-b818-fc31f0dc7126,K,2023-9-1,The M7 B-Schools: Everything You Need To Know,Poets & Quants,https://finance.yahoo.com/news/m7-b-schools-everything-know-131713876.html,1693142233,STORY
a94de4c4-682a-3951-afc1-9d6a7d2e60b6,K,2023-9-1,Don't Race Out To Buy Kellogg Company (NYSE:K) Just Because It's Going Ex-Dividend,Simply Wall St.,https://finance.yahoo.com/news/dont-race-buy-kellogg-company-123710356.html,1693053430,STORY
5e235158-dcee-3f98-b55e-137518b6623b,K,2023-9-1,Kellogg Company to Webcast Two Fireside Chats at the Upcoming Barclays Global Consumer Staples Conference,PR Newswire,https://finance.yahoo.com/news/kellogg-company-webcast-two-fireside-130000267.html,1692968400,STORY
bdd7c6d4-a61f-30ea-83b3-4ee6892b0ed8,K,2023-9-1,Kellogg (NYSE:K) Is Paying Out A Larger Dividend Than Last Year,Simply Wall St.,https://finance.yahoo.com/news/kellogg-nyse-k-paying-larger-101803033.html,1692958683,STORY
f196c120-0038-3fd4-a46a-3283c367fd00,K,2023-9-2,Kellogg's Good Company/Bad Company Spin-Off Is Tough to Swallow,Motley Fool,https://finance.yahoo.com/m/f196c120-0038-3fd4-a46a-3283c367fd00/kellogg%27s-good-company%2Fbad.html,1693404300,STORY
061dee73-ff81-3cc4-ad3c-b17ac73217d7,K,2023-9-2,"Strength in Brand Portfolio Aids Kellogg (K), Rising Costs Ail",Zacks,https://finance.yahoo.com/news/strength-brand-portfolio-aids-kellogg-152900071.html,1693322940,STORY
6044f027-d6c2-31dc-9c03-58922383638e,K,2023-9-2,"NEW PRINGLES® EVERYTHING BAGEL PUTS A CRISP TWIST ON A TRENDING, FAN-FAVORITE FLAVOR",PR Newswire,https://finance.yahoo.com/news/pringles-everything-bagel-puts-crisp-120000980.html,1693310400,STORY
8033e924-e270-3adf-b818-fc31f0dc7126,K,2023-9-2,The M7 B-Schools: Everything You Need To Know,Poets & Quants,https://finance.yahoo.com/news/m7-b-schools-everything-know-131713876.html,1693142233,STORY
a94de4c4-682a-3951-afc1-9d6a7d2e60b6,K,2023-9-2,Don't Race Out To Buy Kellogg Company (NYSE:K) Just Because It's Going Ex-Dividend,Simply Wall St.,https://finance.yahoo.com/news/dont-race-buy-kellogg-company-123710356.html,1693053430,STORY
5e235158-dcee-3f98-b55e-137518b6623b,K,2023-9-2,Kellogg Company to Webcast Two Fireside Chats at the Upcoming Barclays Global Consumer Staples Conference,PR Newswire,https://finance.yahoo.com/news/kellogg-company-webcast-two-fireside-130000267.html,1692968400,STORY
bdd7c6d4-a61f-30ea-83b3-4ee6892b0ed8,K,2023-9-2,Kellogg (NYSE:K) Is Paying Out A Larger Dividend Than Last Year,Simply Wall St.,https://finance.yahoo.com/news/kellogg-nyse-k-paying-larger-101803033.html,1692958683,STORY
d8c75d38-caa5-3951-b911-8c7d7a319a3b,K,2023-9-2,W. K. Kellogg Foundation Trust Reduces Stake in Kellogg Co.,GuruFocus.com,https://finance.yahoo.com/news/w-k-kellogg-foundation-trust-070229115.html,1692687749,STORY
f196c120-0038-3fd4-a46a-3283c367fd00,K,2023-9-3,Kellogg's Good Company/Bad Company Spin-Off Is Tough to Swallow,Motley Fool,https://finance.yahoo.com/m/f196c120-0038-3fd4-a46a-3283c367fd00/kellogg%27s-good-company%2Fbad.html,1693404300,STORY
061dee73-ff81-3cc4-ad3c-b17ac73217d7,K,2023-9-3,"Strength in Brand Portfolio Aids Kellogg (K), Rising Costs Ail",Zacks,https://finance.yahoo.com/news/strength-brand-portfolio-aids-kellogg-152900071.html,1693322940,STORY
6044f027-d6c2-31dc-9c03-58922383638e,K,2023-9-3,"NEW PRINGLES® EVERYTHING BAGEL PUTS A CRISP TWIST ON A TRENDING, FAN-FAVORITE FLAVOR",PR Newswire,https://finance.yahoo.com/news/pringles-everything-bagel-puts-crisp-120000980.html,1693310400,STORY
8033e924-e270-3adf-b818-fc31f0dc7126,K,2023-9-3,The M7 B-Schools: Everything You Need To Know,Poets & Quants,https://finance.yahoo.com/news/m7-b-schools-everything-know-131713876.html,1693142233,STORY
a94de4c4-682a-3951-afc1-9d6a7d2e60b6,K,2023-9-3,Don't Race Out To Buy Kellogg Company (NYSE:K) Just Because It's Going Ex-Dividend,Simply Wall St.,https://finance.yahoo.com/news/dont-race-buy-kellogg-company-123710356.html,1693053430,STORY
5e235158-dcee-3f98-b55e-137518b6623b,K,2023-9-3,Kellogg Company to Webcast Two Fireside Chats at the Upcoming Barclays Global Consumer Staples Conference,PR Newswire,https://finance.yahoo.com/news/kellogg-company-webcast-two-fireside-130000267.html,1692968400,STORY
bdd7c6d4-a61f-30ea-83b3-4ee6892b0ed8,K,2023-9-3,Kellogg (NYSE:K) Is Paying Out A Larger Dividend Than Last Year,Simply Wall St.,https://finance.yahoo.com/news/kellogg-nyse-k-paying-larger-101803033.html,1692958683,STORY
d8c75d38-caa5-3951-b911-8c7d7a319a3b,K,2023-9-3,W. K. Kellogg Foundation Trust Reduces Stake in Kellogg Co.,GuruFocus.com,https://finance.yahoo.com/news/w-k-kellogg-foundation-trust-070229115.html,1692687749,STORY
f196c120-0038-3fd4-a46a-3283c367fd00,K,2023-9-4,Kellogg's Good Company/Bad Company Spin-Off Is Tough to Swallow,Motley Fool,https://finance.yahoo.com/m/f196c120-0038-3fd4-a46a-3283c367fd00/kellogg%27s-good-company%2Fbad.html,1693404300,STORY
061dee73-ff81-3cc4-ad3c-b17ac73217d7,K,2023-9-4,"Strength in Brand Portfolio Aids Kellogg (K), Rising Costs Ail",Zacks,https://finance.yahoo.com/news/strength-brand-portfolio-aids-kellogg-152900071.html,1693322940,STORY
6044f027-d6c2-31dc-9c03-58922383638e,K,2023-9-4,"NEW PRINGLES® EVERYTHING BAGEL PUTS A CRISP TWIST ON A TRENDING, FAN-FAVORITE FLAVOR",PR Newswire,https://finance.yahoo.com/news/pringles-everything-bagel-puts-crisp-120000980.html,1693310400,STORY
8033e924-e270-3adf-b818-fc31f0dc7126,K,2023-9-4,The M7 B-Schools: Everything You Need To Know,Poets & Quants,https://finance.yahoo.com/news/m7-b-schools-everything-know-131713876.html,1693142233,STORY
a94de4c4-682a-3951-afc1-9d6a7d2e60b6,K,2023-9-4,Don't Race Out To Buy Kellogg Company (NYSE:K) Just Because It's Going Ex-Dividend,Simply Wall St.,https://finance.yahoo.com/news/dont-race-buy-kellogg-company-123710356.html,1693053430,STORY
5e235158-dcee-3f98-b55e-137518b6623b,K,2023-9-4,Kellogg Company to Webcast Two Fireside Chats at the Upcoming Barclays Global Consumer Staples Conference,PR Newswire,https://finance.yahoo.com/news/kellogg-company-webcast-two-fireside-130000267.html,1692968400,STORY
bdd7c6d4-a61f-30ea-83b3-4ee6892b0ed8,K,2023-9-4,Kellogg (NYSE:K) Is Paying Out A Larger Dividend Than Last Year,Simply Wall St.,https://finance.yahoo.com/news/kellogg-nyse-k-paying-larger-101803033.html,1692958683,STORY
d8c75d38-caa5-3951-b911-8c7d7a319a3b,K,2023-9-4,W. K. Kellogg Foundation Trust Reduces Stake in Kellogg Co.,GuruFocus.com,https://finance.yahoo.com/news/w-k-kellogg-foundation-trust-070229115.html,1692687749,STORY
f196c120-0038-3fd4-a46a-3283c367fd00,K,2023-9-5,Kellogg's Good Company/Bad Company Spin-Off Is Tough to Swallow,Motley Fool,https://finance.yahoo.com/m/f196c120-0038-3fd4-a46a-3283c367fd00/kellogg%27s-good-company%2Fbad.html,1693404300,STORY
061dee73-ff81-3cc4-ad3c-b17ac73217d7,K,2023-9-5,"Strength in Brand Portfolio Aids Kellogg (K), Rising Costs Ail",Zacks,https://finance.yahoo.com/news/strength-brand-portfolio-aids-kellogg-152900071.html,1693322940,STORY
6044f027-d6c2-31dc-9c03-58922383638e,K,2023-9-5,"NEW PRINGLES® EVERYTHING BAGEL PUTS A CRISP TWIST ON A TRENDING, FAN-FAVORITE FLAVOR",PR Newswire,https://finance.yahoo.com/news/pringles-everything-bagel-puts-crisp-120000980.html,1693310400,STORY
8033e924-e270-3adf-b818-fc31f0dc7126,K,2023-9-5,The M7 B-Schools: Everything You Need To Know,Poets & Quants,https://finance.yahoo.com/news/m7-b-schools-everything-know-131713876.html,1693142233,STORY
a94de4c4-682a-3951-afc1-9d6a7d2e60b6,K,2023-9-5,Don't Race Out To Buy Kellogg Company (NYSE:K) Just Because It's Going Ex-Dividend,Simply Wall St.,https://finance.yahoo.com/news/dont-race-buy-kellogg-company-123710356.html,1693053430,STORY
5e235158-dcee-3f98-b55e-137518b6623b,K,2023-9-5,Kellogg Company to Webcast Two Fireside Chats at the Upcoming Barclays Global Consumer Staples Conference,PR Newswire,https://finance.yahoo.com/news/kellogg-company-webcast-two-fireside-130000267.html,1692968400,STORY
bdd7c6d4-a61f-30ea-83b3-4ee6892b0ed8,K,2023-9-5,Kellogg (NYSE:K) Is Paying Out A Larger Dividend Than Last Year,Simply Wall St.,https://finance.yahoo.com/news/kellogg-nyse-k-paying-larger-101803033.html,1692958683,STORY
d8c75d38-caa5-3951-b911-8c7d7a319a3b,K,2023-9-5,W. K. Kellogg Foundation Trust Reduces Stake in Kellogg Co.,GuruFocus.com,https://finance.yahoo.com/news/w-k-kellogg-foundation-trust-070229115.html,1692687749,STORY
31617ce1-1aa9-3f34-97a9-844dc7a82991,K,2023-9-6,NEW POP-TARTS FROSTED CHOCOLATEY CHIP PANCAKE MAKES ALL-DAY-BREAKFAST A REALITY FOR SNACKERS EVERYWHERE,PR Newswire,https://finance.yahoo.com/news/pop-tarts-frosted-chocolatey-chip-120000368.html,1694001600,STORY
d1c3ce69-59a7-3383-b737-0ec47f228f53,K,2023-9-6,RXBAR AND MARIA MENOUNOS WANT YOU TO MANIFEST YOUR WELLNESS AMBITIONS WITH NEW CUSTOMIZABLE MANIFX BARS,PR Newswire,https://finance.yahoo.com/news/rxbar-maria-menounos-want-manifest-120000572.html,1694001600,STORY
f196c120-0038-3fd4-a46a-3283c367fd00,K,2023-9-6,Kellogg's Good Company/Bad Company Spin-Off Is Tough to Swallow,Motley Fool,https://finance.yahoo.com/m/f196c120-0038-3fd4-a46a-3283c367fd00/kellogg%27s-good-company%2Fbad.html,1693404300,STORY
061dee73-ff81-3cc4-ad3c-b17ac73217d7,K,2023-9-6,"Strength in Brand Portfolio Aids Kellogg (K), Rising Costs Ail",Zacks,https://finance.yahoo.com/news/strength-brand-portfolio-aids-kellogg-152900071.html,1693322940,STORY
6044f027-d6c2-31dc-9c03-58922383638e,K,2023-9-6,"NEW PRINGLES® EVERYTHING BAGEL PUTS A CRISP TWIST ON A TRENDING, FAN-FAVORITE FLAVOR",PR Newswire,https://finance.yahoo.com/news/pringles-everything-bagel-puts-crisp-120000980.html,1693310400,STORY
8033e924-e270-3adf-b818-fc31f0dc7126,K,2023-9-6,The M7 B-Schools: Everything You Need To Know,Poets & Quants,https://finance.yahoo.com/news/m7-b-schools-everything-know-131713876.html,1693142233,STORY
a94de4c4-682a-3951-afc1-9d6a7d2e60b6,K,2023-9-6,Don't Race Out To Buy Kellogg Company (NYSE:K) Just Because It's Going Ex-Dividend,Simply Wall St.,https://finance.yahoo.com/news/dont-race-buy-kellogg-company-123710356.html,1693053430,STORY
5e235158-dcee-3f98-b55e-137518b6623b,K,2023-9-6,Kellogg Company to Webcast Two Fireside Chats at the Upcoming Barclays Global Consumer Staples Conference,PR Newswire,https://finance.yahoo.com/news/kellogg-company-webcast-two-fireside-130000267.html,1692968400,STORY
6d0dd9c7-4fad-3a04-9c06-112093434ac7,K,2023-9-7,$25 Million Gift Funds Kellogg’s First-Of-Its-Kind Research Institute For Complex Problems,Poets & Quants,https://finance.yahoo.com/news/25-million-gift-funds-kellogg-154803765.html,1694015283,STORY
31617ce1-1aa9-3f34-97a9-844dc7a82991,K,2023-9-7,NEW POP-TARTS FROSTED CHOCOLATEY CHIP PANCAKE MAKES ALL-DAY-BREAKFAST A REALITY FOR SNACKERS EVERYWHERE,PR Newswire,https://finance.yahoo.com/news/pop-tarts-frosted-chocolatey-chip-120000368.html,1694001600,STORY
d1c3ce69-59a7-3383-b737-0ec47f228f53,K,2023-9-7,RXBAR AND MARIA MENOUNOS WANT YOU TO MANIFEST YOUR WELLNESS AMBITIONS WITH NEW CUSTOMIZABLE MANIFX BARS,PR Newswire,https://finance.yahoo.com/news/rxbar-maria-menounos-want-manifest-120000572.html,1694001600,STORY
f196c120-0038-3fd4-a46a-3283c367fd00,K,2023-9-7,Kellogg's Good Company/Bad Company Spin-Off Is Tough to Swallow,Motley Fool,https://finance.yahoo.com/m/f196c120-0038-3fd4-a46a-3283c367fd00/kellogg%27s-good-company%2Fbad.html,1693404300,STORY
061dee73-ff81-3cc4-ad3c-b17ac73217d7,K,2023-9-7,"Strength in Brand Portfolio Aids Kellogg (K), Rising Costs Ail",Zacks,https://finance.yahoo.com/news/strength-brand-portfolio-aids-kellogg-152900071.html,1693322940,STORY
6044f027-d6c2-31dc-9c03-58922383638e,K,2023-9-7,"NEW PRINGLES® EVERYTHING BAGEL PUTS A CRISP TWIST ON A TRENDING, FAN-FAVORITE FLAVOR",PR Newswire,https://finance.yahoo.com/news/pringles-everything-bagel-puts-crisp-120000980.html,1693310400,STORY
8033e924-e270-3adf-b818-fc31f0dc7126,K,2023-9-7,The M7 B-Schools: Everything You Need To Know,Poets & Quants,https://finance.yahoo.com/news/m7-b-schools-everything-know-131713876.html,1693142233,STORY
a94de4c4-682a-3951-afc1-9d6a7d2e60b6,K,2023-9-7,Don't Race Out To Buy Kellogg Company (NYSE:K) Just Because It's Going Ex-Dividend,Simply Wall St.,https://finance.yahoo.com/news/dont-race-buy-kellogg-company-123710356.html,1693053430,STORY
32a957c0-68d0-3629-a31c-d98e4531dce0,K,2023-9-8,Sonesta Announces Enhanced Complimentary Breakfast Offerings at Sonesta ES Suites,PR Newswire,https://finance.yahoo.com/news/sonesta-announces-enhanced-complimentary-breakfast-130000080.html,1694091600,STORY
6d0dd9c7-4fad-3a04-9c06-112093434ac7,K,2023-9-8,$25 Million Gift Funds Kellogg’s First-Of-Its-Kind Research Institute For Complex Problems,Poets & Quants,https://finance.yahoo.com/news/25-million-gift-funds-kellogg-154803765.html,1694015283,STORY
31617ce1-1aa9-3f34-97a9-844dc7a82991,K,2023-9-8,NEW POP-TARTS FROSTED CHOCOLATEY CHIP PANCAKE MAKES ALL-DAY-BREAKFAST A REALITY FOR SNACKERS EVERYWHERE,PR Newswire,https://finance.yahoo.com/news/pop-tarts-frosted-chocolatey-chip-120000368.html,1694001600,STORY
d1c3ce69-59a7-3383-b737-0ec47f228f53,K,2023-9-8,RXBAR AND MARIA MENOUNOS WANT YOU TO MANIFEST YOUR WELLNESS AMBITIONS WITH NEW CUSTOMIZABLE MANIFX BARS,PR Newswire,https://finance.yahoo.com/news/rxbar-maria-menounos-want-manifest-120000572.html,1694001600,STORY
f196c120-0038-3fd4-a46a-3283c367fd00,K,2023-9-8,Kellogg's Good Company/Bad Company Spin-Off Is Tough to Swallow,Motley Fool,https://finance.yahoo.com/m/f196c120-0038-3fd4-a46a-3283c367fd00/kellogg%27s-good-company%2Fbad.html,1693404300,STORY
061dee73-ff81-3cc4-ad3c-b17ac73217d7,K,2023-9-8,"Strength in Brand Portfolio Aids Kellogg (K), Rising Costs Ail",Zacks,https://finance.yahoo.com/news/strength-brand-portfolio-aids-kellogg-152900071.html,1693322940,STORY
6044f027-d6c2-31dc-9c03-58922383638e,K,2023-9-8,"NEW PRINGLES® EVERYTHING BAGEL PUTS A CRISP TWIST ON A TRENDING, FAN-FAVORITE FLAVOR",PR Newswire,https://finance.yahoo.com/news/pringles-everything-bagel-puts-crisp-120000980.html,1693310400,STORY
8033e924-e270-3adf-b818-fc31f0dc7126,K,2023-9-8,The M7 B-Schools: Everything You Need To Know,Poets & Quants,https://finance.yahoo.com/news/m7-b-schools-everything-know-131713876.html,1693142233,STORY
0e40297b-70ca-3130-be68-277b942c8be5,K,2023-9-9,KELLOGG W K FOUNDATION TRUST Reduces Stake in Kellogg Co,GuruFocus.com,https://finance.yahoo.com/news/kellogg-w-k-foundation-trust-190247309.html,1694199767,STORY
32a957c0-68d0-3629-a31c-d98e4531dce0,K,2023-9-9,Sonesta Announces Enhanced Complimentary Breakfast Offerings at Sonesta ES Suites,PR Newswire,https://finance.yahoo.com/news/sonesta-announces-enhanced-complimentary-breakfast-130000080.html,1694091600,STORY
6d0dd9c7-4fad-3a04-9c06-112093434ac7,K,2023-9-9,$25 Million Gift Funds Kellogg’s First-Of-Its-Kind Research Institute For Complex Problems,Poets & Quants,https://finance.yahoo.com/news/25-million-gift-funds-kellogg-154803765.html,1694015283,STORY
31617ce1-1aa9-3f34-97a9-844dc7a82991,K,2023-9-9,NEW POP-TARTS FROSTED CHOCOLATEY CHIP PANCAKE MAKES ALL-DAY-BREAKFAST A REALITY FOR SNACKERS EVERYWHERE,PR Newswire,https://finance.yahoo.com/news/pop-tarts-frosted-chocolatey-chip-120000368.html,1694001600,STORY
d1c3ce69-59a7-3383-b737-0ec47f228f53,K,2023-9-9,RXBAR AND MARIA MENOUNOS WANT YOU TO MANIFEST YOUR WELLNESS AMBITIONS WITH NEW CUSTOMIZABLE MANIFX BARS,PR Newswire,https://finance.yahoo.com/news/rxbar-maria-menounos-want-manifest-120000572.html,1694001600,STORY
f196c120-0038-3fd4-a46a-3283c367fd00,K,2023-9-9,Kellogg's Good Company/Bad Company Spin-Off Is Tough to Swallow,Motley Fool,https://finance.yahoo.com/m/f196c120-0038-3fd4-a46a-3283c367fd00/kellogg%27s-good-company%2Fbad.html,1693404300,STORY
061dee73-ff81-3cc4-ad3c-b17ac73217d7,K,2023-9-9,"Strength in Brand Portfolio Aids Kellogg (K), Rising Costs Ail",Zacks,https://finance.yahoo.com/news/strength-brand-portfolio-aids-kellogg-152900071.html,1693322940,STORY
6044f027-d6c2-31dc-9c03-58922383638e,K,2023-9-9,"NEW PRINGLES® EVERYTHING BAGEL PUTS A CRISP TWIST ON A TRENDING, FAN-FAVORITE FLAVOR",PR Newswire,https://finance.yahoo.com/news/pringles-everything-bagel-puts-crisp-120000980.html,1693310400,STORY
0e40297b-70ca-3130-be68-277b942c8be5,K,2023-9-10,KELLOGG W K FOUNDATION TRUST Reduces Stake in Kellogg Co,GuruFocus.com,https://finance.yahoo.com/news/kellogg-w-k-foundation-trust-190247309.html,1694199767,STORY
32a957c0-68d0-3629-a31c-d98e4531dce0,K,2023-9-10,Sonesta Announces Enhanced Complimentary Breakfast Offerings at Sonesta ES Suites,PR Newswire,https://finance.yahoo.com/news/sonesta-announces-enhanced-complimentary-breakfast-130000080.html,1694091600,STORY
6d0dd9c7-4fad-3a04-9c06-112093434ac7,K,2023-9-10,$25 Million Gift Funds Kellogg’s First-Of-Its-Kind Research Institute For Complex Problems,Poets & Quants,https://finance.yahoo.com/news/25-million-gift-funds-kellogg-154803765.html,1694015283,STORY
31617ce1-1aa9-3f34-97a9-844dc7a82991,K,2023-9-10,NEW POP-TARTS FROSTED CHOCOLATEY CHIP PANCAKE MAKES ALL-DAY-BREAKFAST A REALITY FOR SNACKERS EVERYWHERE,PR Newswire,https://finance.yahoo.com/news/pop-tarts-frosted-chocolatey-chip-120000368.html,1694001600,STORY
d1c3ce69-59a7-3383-b737-0ec47f228f53,K,2023-9-10,RXBAR AND MARIA MENOUNOS WANT YOU TO MANIFEST YOUR WELLNESS AMBITIONS WITH NEW CUSTOMIZABLE MANIFX BARS,PR Newswire,https://finance.yahoo.com/news/rxbar-maria-menounos-want-manifest-120000572.html,1694001600,STORY
f196c120-0038-3fd4-a46a-3283c367fd00,K,2023-9-10,Kellogg's Good Company/Bad Company Spin-Off Is Tough to Swallow,Motley Fool,https://finance.yahoo.com/m/f196c120-0038-3fd4-a46a-3283c367fd00/kellogg%27s-good-company%2Fbad.html,1693404300,STORY
061dee73-ff81-3cc4-ad3c-b17ac73217d7,K,2023-9-10,"Strength in Brand Portfolio Aids Kellogg (K), Rising Costs Ail",Zacks,https://finance.yahoo.com/news/strength-brand-portfolio-aids-kellogg-152900071.html,1693322940,STORY
6044f027-d6c2-31dc-9c03-58922383638e,K,2023-9-10,"NEW PRINGLES® EVERYTHING BAGEL PUTS A CRISP TWIST ON A TRENDING, FAN-FAVORITE FLAVOR",PR Newswire,https://finance.yahoo.com/news/pringles-everything-bagel-puts-crisp-120000980.html,1693310400,STORY
7eaa5d61-7fd9-3c84-bfd2-c33727a7f8b7,K,2023-9-11,"KELLOGG COMPANY BOARD OF DIRECTORS APPROVES SEPARATION INTO TWO COMPANIES, KELLANOVA AND WK KELLOGG CO",PR Newswire,https://finance.yahoo.com/news/kellogg-company-board-directors-approves-120000430.html,1694433600,STORY
0e40297b-70ca-3130-be68-277b942c8be5,K,2023-9-11,KELLOGG W K FOUNDATION TRUST Reduces Stake in Kellogg Co,GuruFocus.com,https://finance.yahoo.com/news/kellogg-w-k-foundation-trust-190247309.html,1694199767,STORY
32a957c0-68d0-3629-a31c-d98e4531dce0,K,2023-9-11,Sonesta Announces Enhanced Complimentary Breakfast Offerings at Sonesta ES Suites,PR Newswire,https://finance.yahoo.com/news/sonesta-announces-enhanced-complimentary-breakfast-130000080.html,1694091600,STORY
6d0dd9c7-4fad-3a04-9c06-112093434ac7,K,2023-9-11,$25 Million Gift Funds Kellogg’s First-Of-Its-Kind Research Institute For Complex Problems,Poets & Quants,https://finance.yahoo.com/news/25-million-gift-funds-kellogg-154803765.html,1694015283,STORY
31617ce1-1aa9-3f34-97a9-844dc7a82991,K,2023-9-11,NEW POP-TARTS FROSTED CHOCOLATEY CHIP PANCAKE MAKES ALL-DAY-BREAKFAST A REALITY FOR SNACKERS EVERYWHERE,PR Newswire,https://finance.yahoo.com/news/pop-tarts-frosted-chocolatey-chip-120000368.html,1694001600,STORY
d1c3ce69-59a7-3383-b737-0ec47f228f53,K,2023-9-11,RXBAR AND MARIA MENOUNOS WANT YOU TO MANIFEST YOUR WELLNESS AMBITIONS WITH NEW CUSTOMIZABLE MANIFX BARS,PR Newswire,https://finance.yahoo.com/news/rxbar-maria-menounos-want-manifest-120000572.html,1694001600,STORY
f196c120-0038-3fd4-a46a-3283c367fd00,K,2023-9-11,Kellogg's Good Company/Bad Company Spin-Off Is Tough to Swallow,Motley Fool,https://finance.yahoo.com/m/f196c120-0038-3fd4-a46a-3283c367fd00/kellogg%27s-good-company%2Fbad.html,1693404300,STORY
061dee73-ff81-3cc4-ad3c-b17ac73217d7,K,2023-9-11,"Strength in Brand Portfolio Aids Kellogg (K), Rising Costs Ail",Zacks,https://finance.yahoo.com/news/strength-brand-portfolio-aids-kellogg-152900071.html,1693322940,STORY
c5a22453-06e8-309c-be09-66b251c6b411,K,2023-9-12,The Top Master In Management Programs In The United States,Poets & Quants,https://finance.yahoo.com/news/top-master-management-programs-united-183149208.html,1694458549,STORY
7eaa5d61-7fd9-3c84-bfd2-c33727a7f8b7,K,2023-9-12,"KELLOGG COMPANY BOARD OF DIRECTORS APPROVES SEPARATION INTO TWO COMPANIES, KELLANOVA AND WK KELLOGG CO",PR Newswire,https://finance.yahoo.com/news/kellogg-company-board-directors-approves-120000430.html,1694433600,STORY
0e40297b-70ca-3130-be68-277b942c8be5,K,2023-9-12,KELLOGG W K FOUNDATION TRUST Reduces Stake in Kellogg Co,GuruFocus.com,https://finance.yahoo.com/news/kellogg-w-k-foundation-trust-190247309.html,1694199767,STORY
32a957c0-68d0-3629-a31c-d98e4531dce0,K,2023-9-12,Sonesta Announces Enhanced Complimentary Breakfast Offerings at Sonesta ES Suites,PR Newswire,https://finance.yahoo.com/news/sonesta-announces-enhanced-complimentary-breakfast-130000080.html,1694091600,STORY
6d0dd9c7-4fad-3a04-9c06-112093434ac7,K,2023-9-12,$25 Million Gift Funds Kellogg’s First-Of-Its-Kind Research Institute For Complex Problems,Poets & Quants,https://finance.yahoo.com/news/25-million-gift-funds-kellogg-154803765.html,1694015283,STORY
31617ce1-1aa9-3f34-97a9-844dc7a82991,K,2023-9-12,NEW POP-TARTS FROSTED CHOCOLATEY CHIP PANCAKE MAKES ALL-DAY-BREAKFAST A REALITY FOR SNACKERS EVERYWHERE,PR Newswire,https://finance.yahoo.com/news/pop-tarts-frosted-chocolatey-chip-120000368.html,1694001600,STORY
d1c3ce69-59a7-3383-b737-0ec47f228f53,K,2023-9-12,RXBAR AND MARIA MENOUNOS WANT YOU TO MANIFEST YOUR WELLNESS AMBITIONS WITH NEW CUSTOMIZABLE MANIFX BARS,PR Newswire,https://finance.yahoo.com/news/rxbar-maria-menounos-want-manifest-120000572.html,1694001600,STORY
f196c120-0038-3fd4-a46a-3283c367fd00,K,2023-9-12,Kellogg's Good Company/Bad Company Spin-Off Is Tough to Swallow,Motley Fool,https://finance.yahoo.com/m/f196c120-0038-3fd4-a46a-3283c367fd00/kellogg%27s-good-company%2Fbad.html,1693404300,STORY
cab4d2bc-1690-369d-8722-f69b1ceab60d,K,2023-9-13,Will Kellogg's (K) Strategic Separation Unlock Higher Potential?,Zacks,https://finance.yahoo.com/news/kelloggs-k-strategic-separation-unlock-141900443.html,1694528340,STORY
c5a22453-06e8-309c-be09-66b251c6b411,K,2023-9-13,The Top Master In Management Programs In The United States,Poets & Quants,https://finance.yahoo.com/news/top-master-management-programs-united-183149208.html,1694458549,STORY
7eaa5d61-7fd9-3c84-bfd2-c33727a7f8b7,K,2023-9-13,"KELLOGG COMPANY BOARD OF DIRECTORS APPROVES SEPARATION INTO TWO COMPANIES, KELLANOVA AND WK KELLOGG CO",PR Newswire,https://finance.yahoo.com/news/kellogg-company-board-directors-approves-120000430.html,1694433600,STORY
0e40297b-70ca-3130-be68-277b942c8be5,K,2023-9-13,KELLOGG W K FOUNDATION TRUST Reduces Stake in Kellogg Co,GuruFocus.com,https://finance.yahoo.com/news/kellogg-w-k-foundation-trust-190247309.html,1694199767,STORY
32a957c0-68d0-3629-a31c-d98e4531dce0,K,2023-9-13,Sonesta Announces Enhanced Complimentary Breakfast Offerings at Sonesta ES Suites,PR Newswire,https://finance.yahoo.com/news/sonesta-announces-enhanced-complimentary-breakfast-130000080.html,1694091600,STORY
6d0dd9c7-4fad-3a04-9c06-112093434ac7,K,2023-9-13,$25 Million Gift Funds Kellogg’s First-Of-Its-Kind Research Institute For Complex Problems,Poets & Quants,https://finance.yahoo.com/news/25-million-gift-funds-kellogg-154803765.html,1694015283,STORY
31617ce1-1aa9-3f34-97a9-844dc7a82991,K,2023-9-13,NEW POP-TARTS FROSTED CHOCOLATEY CHIP PANCAKE MAKES ALL-DAY-BREAKFAST A REALITY FOR SNACKERS EVERYWHERE,PR Newswire,https://finance.yahoo.com/news/pop-tarts-frosted-chocolatey-chip-120000368.html,1694001600,STORY
d1c3ce69-59a7-3383-b737-0ec47f228f53,K,2023-9-13,RXBAR AND MARIA MENOUNOS WANT YOU TO MANIFEST YOUR WELLNESS AMBITIONS WITH NEW CUSTOMIZABLE MANIFX BARS,PR Newswire,https://finance.yahoo.com/news/rxbar-maria-menounos-want-manifest-120000572.html,1694001600,STORY
cab4d2bc-1690-369d-8722-f69b1ceab60d,K,2023-9-14,Will Kellogg's (K) Strategic Separation Unlock Higher Potential?,Zacks,https://finance.yahoo.com/news/kelloggs-k-strategic-separation-unlock-141900443.html,1694528340,STORY
c5a22453-06e8-309c-be09-66b251c6b411,K,2023-9-14,The Top Master In Management Programs In The United States,Poets & Quants,https://finance.yahoo.com/news/top-master-management-programs-united-183149208.html,1694458549,STORY
7eaa5d61-7fd9-3c84-bfd2-c33727a7f8b7,K,2023-9-14,"KELLOGG COMPANY BOARD OF DIRECTORS APPROVES SEPARATION INTO TWO COMPANIES, KELLANOVA AND WK KELLOGG CO",PR Newswire,https://finance.yahoo.com/news/kellogg-company-board-directors-approves-120000430.html,1694433600,STORY
0e40297b-70ca-3130-be68-277b942c8be5,K,2023-9-14,KELLOGG W K FOUNDATION TRUST Reduces Stake in Kellogg Co,GuruFocus.com,https://finance.yahoo.com/news/kellogg-w-k-foundation-trust-190247309.html,1694199767,STORY
32a957c0-68d0-3629-a31c-d98e4531dce0,K,2023-9-14,Sonesta Announces Enhanced Complimentary Breakfast Offerings at Sonesta ES Suites,PR Newswire,https://finance.yahoo.com/news/sonesta-announces-enhanced-complimentary-breakfast-130000080.html,1694091600,STORY
6d0dd9c7-4fad-3a04-9c06-112093434ac7,K,2023-9-14,$25 Million Gift Funds Kellogg’s First-Of-Its-Kind Research Institute For Complex Problems,Poets & Quants,https://finance.yahoo.com/news/25-million-gift-funds-kellogg-154803765.html,1694015283,STORY
31617ce1-1aa9-3f34-97a9-844dc7a82991,K,2023-9-14,NEW POP-TARTS FROSTED CHOCOLATEY CHIP PANCAKE MAKES ALL-DAY-BREAKFAST A REALITY FOR SNACKERS EVERYWHERE,PR Newswire,https://finance.yahoo.com/news/pop-tarts-frosted-chocolatey-chip-120000368.html,1694001600,STORY
d1c3ce69-59a7-3383-b737-0ec47f228f53,K,2023-9-14,RXBAR AND MARIA MENOUNOS WANT YOU TO MANIFEST YOUR WELLNESS AMBITIONS WITH NEW CUSTOMIZABLE MANIFX BARS,PR Newswire,https://finance.yahoo.com/news/rxbar-maria-menounos-want-manifest-120000572.html,1694001600,STORY
cab4d2bc-1690-369d-8722-f69b1ceab60d,K,2023-9-15,Will Kellogg's (K) Strategic Separation Unlock Higher Potential?,Zacks,https://finance.yahoo.com/news/kelloggs-k-strategic-separation-unlock-141900443.html,1694528340,STORY
c5a22453-06e8-309c-be09-66b251c6b411,K,2023-9-15,The Top Master In Management Programs In The United States,Poets & Quants,https://finance.yahoo.com/news/top-master-management-programs-united-183149208.html,1694458549,STORY
7eaa5d61-7fd9-3c84-bfd2-c33727a7f8b7,K,2023-9-15,"KELLOGG COMPANY BOARD OF DIRECTORS APPROVES SEPARATION INTO TWO COMPANIES, KELLANOVA AND WK KELLOGG CO",PR Newswire,https://finance.yahoo.com/news/kellogg-company-board-directors-approves-120000430.html,1694433600,STORY
0e40297b-70ca-3130-be68-277b942c8be5,K,2023-9-15,KELLOGG W K FOUNDATION TRUST Reduces Stake in Kellogg Co,GuruFocus.com,https://finance.yahoo.com/news/kellogg-w-k-foundation-trust-190247309.html,1694199767,STORY
32a957c0-68d0-3629-a31c-d98e4531dce0,K,2023-9-15,Sonesta Announces Enhanced Complimentary Breakfast Offerings at Sonesta ES Suites,PR Newswire,https://finance.yahoo.com/news/sonesta-announces-enhanced-complimentary-breakfast-130000080.html,1694091600,STORY
6d0dd9c7-4fad-3a04-9c06-112093434ac7,K,2023-9-15,$25 Million Gift Funds Kellogg’s First-Of-Its-Kind Research Institute For Complex Problems,Poets & Quants,https://finance.yahoo.com/news/25-million-gift-funds-kellogg-154803765.html,1694015283,STORY
31617ce1-1aa9-3f34-97a9-844dc7a82991,K,2023-9-15,NEW POP-TARTS FROSTED CHOCOLATEY CHIP PANCAKE MAKES ALL-DAY-BREAKFAST A REALITY FOR SNACKERS EVERYWHERE,PR Newswire,https://finance.yahoo.com/news/pop-tarts-frosted-chocolatey-chip-120000368.html,1694001600,STORY
d1c3ce69-59a7-3383-b737-0ec47f228f53,K,2023-9-15,RXBAR AND MARIA MENOUNOS WANT YOU TO MANIFEST YOUR WELLNESS AMBITIONS WITH NEW CUSTOMIZABLE MANIFX BARS,PR Newswire,https://finance.yahoo.com/news/rxbar-maria-menounos-want-manifest-120000572.html,1694001600,STORY
d81b0185-58b0-3008-aa90-95b9df3287da,K,2023-9-16,Cereal sales soften: Are Americans buying less cereal?,Yahoo Finance Video,https://finance.yahoo.com/video/cereal-sales-soften-americans-buying-210437048.html,1694811877,VIDEO
3f82a6df-2b79-35b1-8872-e58a722c42e2,K,2023-9-16,KELLOGG W K FOUNDATION TRUST Reduces Stake in Kellogg Co,GuruFocus.com,https://finance.yahoo.com/news/kellogg-w-k-foundation-trust-190603483.html,1694804763,STORY
3ba22253-1e63-3ecd-9459-00a5f50fe35c,K,2023-9-16,"10% Owner KELLOGG W K FOUNDATION TRUST Sells 77,800 Shares of Kellogg Co",GuruFocus.com,https://finance.yahoo.com/news/10-owner-kellogg-w-k-150922257.html,1694790562,STORY
cab4d2bc-1690-369d-8722-f69b1ceab60d,K,2023-9-16,Will Kellogg's (K) Strategic Separation Unlock Higher Potential?,Zacks,https://finance.yahoo.com/news/kelloggs-k-strategic-separation-unlock-141900443.html,1694528340,STORY
c5a22453-06e8-309c-be09-66b251c6b411,K,2023-9-16,The Top Master In Management Programs In The United States,Poets & Quants,https://finance.yahoo.com/news/top-master-management-programs-united-183149208.html,1694458549,STORY
7eaa5d61-7fd9-3c84-bfd2-c33727a7f8b7,K,2023-9-16,"KELLOGG COMPANY BOARD OF DIRECTORS APPROVES SEPARATION INTO TWO COMPANIES, KELLANOVA AND WK KELLOGG CO",PR Newswire,https://finance.yahoo.com/news/kellogg-company-board-directors-approves-120000430.html,1694433600,STORY
32a957c0-68d0-3629-a31c-d98e4531dce0,K,2023-9-16,Sonesta Announces Enhanced Complimentary Breakfast Offerings at Sonesta ES Suites,PR Newswire,https://finance.yahoo.com/news/sonesta-announces-enhanced-complimentary-breakfast-130000080.html,1694091600,STORY
6d0dd9c7-4fad-3a04-9c06-112093434ac7,K,2023-9-16,$25 Million Gift Funds Kellogg’s First-Of-Its-Kind Research Institute For Complex Problems,Poets & Quants,https://finance.yahoo.com/news/25-million-gift-funds-kellogg-154803765.html,1694015283,STORY
d81b0185-58b0-3008-aa90-95b9df3287da,K,2023-9-17,Cereal sales soften: Are Americans buying less cereal?,Yahoo Finance Video,https://finance.yahoo.com/video/cereal-sales-soften-americans-buying-210437048.html,1694811877,VIDEO
3f82a6df-2b79-35b1-8872-e58a722c42e2,K,2023-9-17,KELLOGG W K FOUNDATION TRUST Reduces Stake in Kellogg Co,GuruFocus.com,https://finance.yahoo.com/news/kellogg-w-k-foundation-trust-190603483.html,1694804763,STORY
3ba22253-1e63-3ecd-9459-00a5f50fe35c,K,2023-9-17,"10% Owner KELLOGG W K FOUNDATION TRUST Sells 77,800 Shares of Kellogg Co",GuruFocus.com,https://finance.yahoo.com/news/10-owner-kellogg-w-k-150922257.html,1694790562,STORY
cab4d2bc-1690-369d-8722-f69b1ceab60d,K,2023-9-17,Will Kellogg's (K) Strategic Separation Unlock Higher Potential?,Zacks,https://finance.yahoo.com/news/kelloggs-k-strategic-separation-unlock-141900443.html,1694528340,STORY
c5a22453-06e8-309c-be09-66b251c6b411,K,2023-9-17,The Top Master In Management Programs In The United States,Poets & Quants,https://finance.yahoo.com/news/top-master-management-programs-united-183149208.html,1694458549,STORY
7eaa5d61-7fd9-3c84-bfd2-c33727a7f8b7,K,2023-9-17,"KELLOGG COMPANY BOARD OF DIRECTORS APPROVES SEPARATION INTO TWO COMPANIES, KELLANOVA AND WK KELLOGG CO",PR Newswire,https://finance.yahoo.com/news/kellogg-company-board-directors-approves-120000430.html,1694433600,STORY
32a957c0-68d0-3629-a31c-d98e4531dce0,K,2023-9-17,Sonesta Announces Enhanced Complimentary Breakfast Offerings at Sonesta ES Suites,PR Newswire,https://finance.yahoo.com/news/sonesta-announces-enhanced-complimentary-breakfast-130000080.html,1694091600,STORY
6d0dd9c7-4fad-3a04-9c06-112093434ac7,K,2023-9-17,$25 Million Gift Funds Kellogg’s First-Of-Its-Kind Research Institute For Complex Problems,Poets & Quants,https://finance.yahoo.com/news/25-million-gift-funds-kellogg-154803765.html,1694015283,STORY
3846a2a9-cb09-3bb9-97cf-440a4afd9d45,K,2023-9-18,15 Best Baking Countries in the World,Insider Monkey,https://finance.yahoo.com/news/15-best-baking-countries-world-231233000.html,1694992353,STORY
d81b0185-58b0-3008-aa90-95b9df3287da,K,2023-9-18,Cereal sales soften: Are Americans buying less cereal?,Yahoo Finance Video,https://finance.yahoo.com/video/cereal-sales-soften-americans-buying-210437048.html,1694811877,VIDEO
3f82a6df-2b79-35b1-8872-e58a722c42e2,K,2023-9-18,KELLOGG W K FOUNDATION TRUST Reduces Stake in Kellogg Co,GuruFocus.com,https://finance.yahoo.com/news/kellogg-w-k-foundation-trust-190603483.html,1694804763,STORY
3ba22253-1e63-3ecd-9459-00a5f50fe35c,K,2023-9-18,"10% Owner KELLOGG W K FOUNDATION TRUST Sells 77,800 Shares of Kellogg Co",GuruFocus.com,https://finance.yahoo.com/news/10-owner-kellogg-w-k-150922257.html,1694790562,STORY
cab4d2bc-1690-369d-8722-f69b1ceab60d,K,2023-9-18,Will Kellogg's (K) Strategic Separation Unlock Higher Potential?,Zacks,https://finance.yahoo.com/news/kelloggs-k-strategic-separation-unlock-141900443.html,1694528340,STORY
c5a22453-06e8-309c-be09-66b251c6b411,K,2023-9-18,The Top Master In Management Programs In The United States,Poets & Quants,https://finance.yahoo.com/news/top-master-management-programs-united-183149208.html,1694458549,STORY
7eaa5d61-7fd9-3c84-bfd2-c33727a7f8b7,K,2023-9-18,"KELLOGG COMPANY BOARD OF DIRECTORS APPROVES SEPARATION INTO TWO COMPANIES, KELLANOVA AND WK KELLOGG CO",PR Newswire,https://finance.yahoo.com/news/kellogg-company-board-directors-approves-120000430.html,1694433600,STORY
32a957c0-68d0-3629-a31c-d98e4531dce0,K,2023-9-18,Sonesta Announces Enhanced Complimentary Breakfast Offerings at Sonesta ES Suites,PR Newswire,https://finance.yahoo.com/news/sonesta-announces-enhanced-complimentary-breakfast-130000080.html,1694091600,STORY
f554c2b8-b5cc-3633-979f-38c0d522e0c5,K,2023-9-20,PRINGLES® AND THE CAVIAR CO. EMBRACE TIKTOK'S LATEST CRAVING WITH FIRST-OF-ITS-KIND 'CRISPS AND CAVIAR COLLECTION',PR Newswire,https://finance.yahoo.com/news/pringles-caviar-co-embrace-tiktoks-140000841.html,1695132000,STORY
3846a2a9-cb09-3bb9-97cf-440a4afd9d45,K,2023-9-20,15 Best Baking Countries in the World,Insider Monkey,https://finance.yahoo.com/news/15-best-baking-countries-world-231233000.html,1694992353,STORY
d81b0185-58b0-3008-aa90-95b9df3287da,K,2023-9-20,Cereal sales soften: Are Americans buying less cereal?,Yahoo Finance Video,https://finance.yahoo.com/video/cereal-sales-soften-americans-buying-210437048.html,1694811877,VIDEO
3f82a6df-2b79-35b1-8872-e58a722c42e2,K,2023-9-20,KELLOGG W K FOUNDATION TRUST Reduces Stake in Kellogg Co,GuruFocus.com,https://finance.yahoo.com/news/kellogg-w-k-foundation-trust-190603483.html,1694804763,STORY
3ba22253-1e63-3ecd-9459-00a5f50fe35c,K,2023-9-20,"10% Owner KELLOGG W K FOUNDATION TRUST Sells 77,800 Shares of Kellogg Co",GuruFocus.com,https://finance.yahoo.com/news/10-owner-kellogg-w-k-150922257.html,1694790562,STORY
cab4d2bc-1690-369d-8722-f69b1ceab60d,K,2023-9-20,Will Kellogg's (K) Strategic Separation Unlock Higher Potential?,Zacks,https://finance.yahoo.com/news/kelloggs-k-strategic-separation-unlock-141900443.html,1694528340,STORY
c5a22453-06e8-309c-be09-66b251c6b411,K,2023-9-20,The Top Master In Management Programs In The United States,Poets & Quants,https://finance.yahoo.com/news/top-master-management-programs-united-183149208.html,1694458549,STORY
7eaa5d61-7fd9-3c84-bfd2-c33727a7f8b7,K,2023-9-20,"KELLOGG COMPANY BOARD OF DIRECTORS APPROVES SEPARATION INTO TWO COMPANIES, KELLANOVA AND WK KELLOGG CO",PR Newswire,https://finance.yahoo.com/news/kellogg-company-board-directors-approves-120000430.html,1694433600,STORY
69c69da0-aa36-3610-ab8a-f93b1ae98e92,K,2023-9-21,BRING THE STEAKHOUSE EXPERIENCE BACK HOME WITH THIS NEW PLANT-BASED BURGER OFFERING,PR Newswire,https://finance.yahoo.com/news/bring-steakhouse-experience-back-home-130300488.html,1695214980,STORY
f554c2b8-b5cc-3633-979f-38c0d522e0c5,K,2023-9-21,PRINGLES® AND THE CAVIAR CO. EMBRACE TIKTOK'S LATEST CRAVING WITH FIRST-OF-ITS-KIND 'CRISPS AND CAVIAR COLLECTION',PR Newswire,https://finance.yahoo.com/news/pringles-caviar-co-embrace-tiktoks-140000841.html,1695132000,STORY
3846a2a9-cb09-3bb9-97cf-440a4afd9d45,K,2023-9-21,15 Best Baking Countries in the World,Insider Monkey,https://finance.yahoo.com/news/15-best-baking-countries-world-231233000.html,1694992353,STORY
d81b0185-58b0-3008-aa90-95b9df3287da,K,2023-9-21,Cereal sales soften: Are Americans buying less cereal?,Yahoo Finance Video,https://finance.yahoo.com/video/cereal-sales-soften-americans-buying-210437048.html,1694811877,VIDEO
3f82a6df-2b79-35b1-8872-e58a722c42e2,K,2023-9-21,KELLOGG W K FOUNDATION TRUST Reduces Stake in Kellogg Co,GuruFocus.com,https://finance.yahoo.com/news/kellogg-w-k-foundation-trust-190603483.html,1694804763,STORY
3ba22253-1e63-3ecd-9459-00a5f50fe35c,K,2023-9-21,"10% Owner KELLOGG W K FOUNDATION TRUST Sells 77,800 Shares of Kellogg Co",GuruFocus.com,https://finance.yahoo.com/news/10-owner-kellogg-w-k-150922257.html,1694790562,STORY
cab4d2bc-1690-369d-8722-f69b1ceab60d,K,2023-9-21,Will Kellogg's (K) Strategic Separation Unlock Higher Potential?,Zacks,https://finance.yahoo.com/news/kelloggs-k-strategic-separation-unlock-141900443.html,1694528340,STORY
c5a22453-06e8-309c-be09-66b251c6b411,K,2023-9-21,The Top Master In Management Programs In The United States,Poets & Quants,https://finance.yahoo.com/news/top-master-management-programs-united-183149208.html,1694458549,STORY
f6cefe04-cbae-3621-b92a-bf345c5e4c04,K,2023-9-22,KELLOGG W K FOUNDATION TRUST Reduces Stake in Kellogg Co,GuruFocus.com,https://finance.yahoo.com/news/kellogg-w-k-foundation-trust-030412880.html,1695351852,STORY
b8005013-094e-3ec2-8bc2-23b956ef1476,K,2023-9-22,"Kellogg MBA Class Of 2025: Near-Records For GMAT & International, Women’s Enrollment",Poets & Quants,https://finance.yahoo.com/news/kellogg-mba-class-2025-near-190052402.html,1695322852,STORY
69c69da0-aa36-3610-ab8a-f93b1ae98e92,K,2023-9-22,BRING THE STEAKHOUSE EXPERIENCE BACK HOME WITH THIS NEW PLANT-BASED BURGER OFFERING,PR Newswire,https://finance.yahoo.com/news/bring-steakhouse-experience-back-home-130300488.html,1695214980,STORY
f554c2b8-b5cc-3633-979f-38c0d522e0c5,K,2023-9-22,PRINGLES® AND THE CAVIAR CO. EMBRACE TIKTOK'S LATEST CRAVING WITH FIRST-OF-ITS-KIND 'CRISPS AND CAVIAR COLLECTION',PR Newswire,https://finance.yahoo.com/news/pringles-caviar-co-embrace-tiktoks-140000841.html,1695132000,STORY
3846a2a9-cb09-3bb9-97cf-440a4afd9d45,K,2023-9-22,15 Best Baking Countries in the World,Insider Monkey,https://finance.yahoo.com/news/15-best-baking-countries-world-231233000.html,1694992353,STORY
d81b0185-58b0-3008-aa90-95b9df3287da,K,2023-9-22,Cereal sales soften: Are Americans buying less cereal?,Yahoo Finance Video,https://finance.yahoo.com/video/cereal-sales-soften-americans-buying-210437048.html,1694811877,VIDEO
3ba22253-1e63-3ecd-9459-00a5f50fe35c,K,2023-9-22,"10% Owner KELLOGG W K FOUNDATION TRUST Sells 77,800 Shares of Kellogg Co",GuruFocus.com,https://finance.yahoo.com/news/10-owner-kellogg-w-k-150922257.html,1694790562,STORY
cab4d2bc-1690-369d-8722-f69b1ceab60d,K,2023-9-22,Will Kellogg's (K) Strategic Separation Unlock Higher Potential?,Zacks,https://finance.yahoo.com/news/kelloggs-k-strategic-separation-unlock-141900443.html,1694528340,STORY
b1e45a5d-e90c-37b2-bd51-3215b1554790,K,2023-9-23,US food industry: health conscious consumers are cereal killers,Financial Times,https://finance.yahoo.com/m/b1e45a5d-e90c-37b2-bd51-3215b1554790/us-food-industry%3A-health.html,1695448837,STORY
a6eb9d42-027e-39d2-8632-1ba2644b168b,K,2023-9-23,Things to Know Before United Natural's (UNFI) Q4 Earnings,Zacks,https://finance.yahoo.com/news/things-know-united-naturals-unfi-155200650.html,1695397920,STORY
f6cefe04-cbae-3621-b92a-bf345c5e4c04,K,2023-9-23,KELLOGG W K FOUNDATION TRUST Reduces Stake in Kellogg Co,GuruFocus.com,https://finance.yahoo.com/news/kellogg-w-k-foundation-trust-030412880.html,1695351852,STORY
b8005013-094e-3ec2-8bc2-23b956ef1476,K,2023-9-23,"Kellogg MBA Class Of 2025: Near-Records For GMAT & International, Women’s Enrollment",Poets & Quants,https://finance.yahoo.com/news/kellogg-mba-class-2025-near-190052402.html,1695322852,STORY
69c69da0-aa36-3610-ab8a-f93b1ae98e92,K,2023-9-23,BRING THE STEAKHOUSE EXPERIENCE BACK HOME WITH THIS NEW PLANT-BASED BURGER OFFERING,PR Newswire,https://finance.yahoo.com/news/bring-steakhouse-experience-back-home-130300488.html,1695214980,STORY
f554c2b8-b5cc-3633-979f-38c0d522e0c5,K,2023-9-23,PRINGLES® AND THE CAVIAR CO. EMBRACE TIKTOK'S LATEST CRAVING WITH FIRST-OF-ITS-KIND 'CRISPS AND CAVIAR COLLECTION',PR Newswire,https://finance.yahoo.com/news/pringles-caviar-co-embrace-tiktoks-140000841.html,1695132000,STORY
3846a2a9-cb09-3bb9-97cf-440a4afd9d45,K,2023-9-23,15 Best Baking Countries in the World,Insider Monkey,https://finance.yahoo.com/news/15-best-baking-countries-world-231233000.html,1694992353,STORY
d81b0185-58b0-3008-aa90-95b9df3287da,K,2023-9-23,Cereal sales soften: Are Americans buying less cereal?,Yahoo Finance Video,https://finance.yahoo.com/video/cereal-sales-soften-americans-buying-210437048.html,1694811877,VIDEO
b1e45a5d-e90c-37b2-bd51-3215b1554790,K,2023-9-24,US food industry: health conscious consumers are cereal killers,Financial Times,https://finance.yahoo.com/m/b1e45a5d-e90c-37b2-bd51-3215b1554790/us-food-industry%3A-health.html,1695448837,STORY
a6eb9d42-027e-39d2-8632-1ba2644b168b,K,2023-9-24,Things to Know Before United Natural's (UNFI) Q4 Earnings,Zacks,https://finance.yahoo.com/news/things-know-united-naturals-unfi-155200650.html,1695397920,STORY
f6cefe04-cbae-3621-b92a-bf345c5e4c04,K,2023-9-24,KELLOGG W K FOUNDATION TRUST Reduces Stake in Kellogg Co,GuruFocus.com,https://finance.yahoo.com/news/kellogg-w-k-foundation-trust-030412880.html,1695351852,STORY
b8005013-094e-3ec2-8bc2-23b956ef1476,K,2023-9-24,"Kellogg MBA Class Of 2025: Near-Records For GMAT & International, Women’s Enrollment",Poets & Quants,https://finance.yahoo.com/news/kellogg-mba-class-2025-near-190052402.html,1695322852,STORY
69c69da0-aa36-3610-ab8a-f93b1ae98e92,K,2023-9-24,BRING THE STEAKHOUSE EXPERIENCE BACK HOME WITH THIS NEW PLANT-BASED BURGER OFFERING,PR Newswire,https://finance.yahoo.com/news/bring-steakhouse-experience-back-home-130300488.html,1695214980,STORY
f554c2b8-b5cc-3633-979f-38c0d522e0c5,K,2023-9-24,PRINGLES® AND THE CAVIAR CO. EMBRACE TIKTOK'S LATEST CRAVING WITH FIRST-OF-ITS-KIND 'CRISPS AND CAVIAR COLLECTION',PR Newswire,https://finance.yahoo.com/news/pringles-caviar-co-embrace-tiktoks-140000841.html,1695132000,STORY
3846a2a9-cb09-3bb9-97cf-440a4afd9d45,K,2023-9-24,15 Best Baking Countries in the World,Insider Monkey,https://finance.yahoo.com/news/15-best-baking-countries-world-231233000.html,1694992353,STORY
d81b0185-58b0-3008-aa90-95b9df3287da,K,2023-9-24,Cereal sales soften: Are Americans buying less cereal?,Yahoo Finance Video,https://finance.yahoo.com/video/cereal-sales-soften-americans-buying-210437048.html,1694811877,VIDEO
b1e45a5d-e90c-37b2-bd51-3215b1554790,K,2023-9-25,US food industry: health conscious consumers are cereal killers,Financial Times,https://finance.yahoo.com/m/b1e45a5d-e90c-37b2-bd51-3215b1554790/us-food-industry%3A-health.html,1695448837,STORY
a6eb9d42-027e-39d2-8632-1ba2644b168b,K,2023-9-25,Things to Know Before United Natural's (UNFI) Q4 Earnings,Zacks,https://finance.yahoo.com/news/things-know-united-naturals-unfi-155200650.html,1695397920,STORY
f6cefe04-cbae-3621-b92a-bf345c5e4c04,K,2023-9-25,KELLOGG W K FOUNDATION TRUST Reduces Stake in Kellogg Co,GuruFocus.com,https://finance.yahoo.com/news/kellogg-w-k-foundation-trust-030412880.html,1695351852,STORY
b8005013-094e-3ec2-8bc2-23b956ef1476,K,2023-9-25,"Kellogg MBA Class Of 2025: Near-Records For GMAT & International, Women’s Enrollment",Poets & Quants,https://finance.yahoo.com/news/kellogg-mba-class-2025-near-190052402.html,1695322852,STORY
69c69da0-aa36-3610-ab8a-f93b1ae98e92,K,2023-9-25,BRING THE STEAKHOUSE EXPERIENCE BACK HOME WITH THIS NEW PLANT-BASED BURGER OFFERING,PR Newswire,https://finance.yahoo.com/news/bring-steakhouse-experience-back-home-130300488.html,1695214980,STORY
f554c2b8-b5cc-3633-979f-38c0d522e0c5,K,2023-9-25,PRINGLES® AND THE CAVIAR CO. EMBRACE TIKTOK'S LATEST CRAVING WITH FIRST-OF-ITS-KIND 'CRISPS AND CAVIAR COLLECTION',PR Newswire,https://finance.yahoo.com/news/pringles-caviar-co-embrace-tiktoks-140000841.html,1695132000,STORY
3846a2a9-cb09-3bb9-97cf-440a4afd9d45,K,2023-9-25,15 Best Baking Countries in the World,Insider Monkey,https://finance.yahoo.com/news/15-best-baking-countries-world-231233000.html,1694992353,STORY
d81b0185-58b0-3008-aa90-95b9df3287da,K,2023-9-25,Cereal sales soften: Are Americans buying less cereal?,Yahoo Finance Video,https://finance.yahoo.com/video/cereal-sales-soften-americans-buying-210437048.html,1694811877,VIDEO
858bac6f-7200-3004-b61f-34cd6310cc93,K,2023-9-26,"Moe's Southwest Grill® and Eggo® Unveil the ""Eggo Taco"" For National Taco Day",PR Newswire,https://finance.yahoo.com/news/moes-southwest-grill-eggo-unveil-120000479.html,1695729600,STORY
b1e45a5d-e90c-37b2-bd51-3215b1554790,K,2023-9-26,US food industry: health conscious consumers are cereal killers,Financial Times,https://finance.yahoo.com/m/b1e45a5d-e90c-37b2-bd51-3215b1554790/us-food-industry%3A-health.html,1695448837,STORY
a6eb9d42-027e-39d2-8632-1ba2644b168b,K,2023-9-26,Things to Know Before United Natural's (UNFI) Q4 Earnings,Zacks,https://finance.yahoo.com/news/things-know-united-naturals-unfi-155200650.html,1695397920,STORY
f6cefe04-cbae-3621-b92a-bf345c5e4c04,K,2023-9-26,KELLOGG W K FOUNDATION TRUST Reduces Stake in Kellogg Co,GuruFocus.com,https://finance.yahoo.com/news/kellogg-w-k-foundation-trust-030412880.html,1695351852,STORY
b8005013-094e-3ec2-8bc2-23b956ef1476,K,2023-9-26,"Kellogg MBA Class Of 2025: Near-Records For GMAT & International, Women’s Enrollment",Poets & Quants,https://finance.yahoo.com/news/kellogg-mba-class-2025-near-190052402.html,1695322852,STORY
69c69da0-aa36-3610-ab8a-f93b1ae98e92,K,2023-9-26,BRING THE STEAKHOUSE EXPERIENCE BACK HOME WITH THIS NEW PLANT-BASED BURGER OFFERING,PR Newswire,https://finance.yahoo.com/news/bring-steakhouse-experience-back-home-130300488.html,1695214980,STORY
f554c2b8-b5cc-3633-979f-38c0d522e0c5,K,2023-9-26,PRINGLES® AND THE CAVIAR CO. EMBRACE TIKTOK'S LATEST CRAVING WITH FIRST-OF-ITS-KIND 'CRISPS AND CAVIAR COLLECTION',PR Newswire,https://finance.yahoo.com/news/pringles-caviar-co-embrace-tiktoks-140000841.html,1695132000,STORY
3846a2a9-cb09-3bb9-97cf-440a4afd9d45,K,2023-9-26,15 Best Baking Countries in the World,Insider Monkey,https://finance.yahoo.com/news/15-best-baking-countries-world-231233000.html,1694992353,STORY
864823ff-e42d-3001-a765-35174b51e8ae,K,2023-9-28,Kellogg Company Sets Date for 2023 Third Quarter Results Webcasts for Kellanova and WK Kellogg Co,PR Newswire,https://finance.yahoo.com/news/kellogg-company-sets-date-2023-120000119.html,1695902400,STORY
aa145b7a-6ac0-3dad-80fc-d86809bfab3a,K,2023-9-28,The Kellogg Split,Motley Fool,https://finance.yahoo.com/m/aa145b7a-6ac0-3dad-80fc-d86809bfab3a/the-kellogg-split.html,1695820320,STORY
858bac6f-7200-3004-b61f-34cd6310cc93,K,2023-9-28,"Moe's Southwest Grill® and Eggo® Unveil the ""Eggo Taco"" For National Taco Day",PR Newswire,https://finance.yahoo.com/news/moes-southwest-grill-eggo-unveil-120000479.html,1695729600,STORY
b1e45a5d-e90c-37b2-bd51-3215b1554790,K,2023-9-28,US food industry: health conscious consumers are cereal killers,Financial Times,https://finance.yahoo.com/m/b1e45a5d-e90c-37b2-bd51-3215b1554790/us-food-industry%3A-health.html,1695448837,STORY
a6eb9d42-027e-39d2-8632-1ba2644b168b,K,2023-9-28,Things to Know Before United Natural's (UNFI) Q4 Earnings,Zacks,https://finance.yahoo.com/news/things-know-united-naturals-unfi-155200650.html,1695397920,STORY
f6cefe04-cbae-3621-b92a-bf345c5e4c04,K,2023-9-28,KELLOGG W K FOUNDATION TRUST Reduces Stake in Kellogg Co,GuruFocus.com,https://finance.yahoo.com/news/kellogg-w-k-foundation-trust-030412880.html,1695351852,STORY
b8005013-094e-3ec2-8bc2-23b956ef1476,K,2023-9-28,"Kellogg MBA Class Of 2025: Near-Records For GMAT & International, Women’s Enrollment",Poets & Quants,https://finance.yahoo.com/news/kellogg-mba-class-2025-near-190052402.html,1695322852,STORY
69c69da0-aa36-3610-ab8a-f93b1ae98e92,K,2023-9-28,BRING THE STEAKHOUSE EXPERIENCE BACK HOME WITH THIS NEW PLANT-BASED BURGER OFFERING,PR Newswire,https://finance.yahoo.com/news/bring-steakhouse-experience-back-home-130300488.html,1695214980,STORY
71bab5ae-4af9-323c-b763-8c529f974ebe,K,2023-9-29,KELLOGG W K FOUNDATION TRUST Reduces Stake in Kellogg Co,GuruFocus.com,https://finance.yahoo.com/news/kellogg-w-k-foundation-trust-070220640.html,1695970940,STORY
c5d61ef1-485a-3922-abda-3e0dbd179220,K,2023-9-29,Veralto Set to Join S&P 500; Vestis to Join S&P MidCap 400; Others to Join S&P SmallCap 600,PR Newswire,https://finance.yahoo.com/news/veralto-set-join-p-500-221600085.html,1695939360,STORY
864823ff-e42d-3001-a765-35174b51e8ae,K,2023-9-29,Kellogg Company Sets Date for 2023 Third Quarter Results Webcasts for Kellanova and WK Kellogg Co,PR Newswire,https://finance.yahoo.com/news/kellogg-company-sets-date-2023-120000119.html,1695902400,STORY
aa145b7a-6ac0-3dad-80fc-d86809bfab3a,K,2023-9-29,The Kellogg Split,Motley Fool,https://finance.yahoo.com/m/aa145b7a-6ac0-3dad-80fc-d86809bfab3a/the-kellogg-split.html,1695820320,STORY
858bac6f-7200-3004-b61f-34cd6310cc93,K,2023-9-29,"Moe's Southwest Grill® and Eggo® Unveil the ""Eggo Taco"" For National Taco Day",PR Newswire,https://finance.yahoo.com/news/moes-southwest-grill-eggo-unveil-120000479.html,1695729600,STORY
b1e45a5d-e90c-37b2-bd51-3215b1554790,K,2023-9-29,US food industry: health conscious consumers are cereal killers,Financial Times,https://finance.yahoo.com/m/b1e45a5d-e90c-37b2-bd51-3215b1554790/us-food-industry%3A-health.html,1695448837,STORY
a6eb9d42-027e-39d2-8632-1ba2644b168b,K,2023-9-29,Things to Know Before United Natural's (UNFI) Q4 Earnings,Zacks,https://finance.yahoo.com/news/things-know-united-naturals-unfi-155200650.html,1695397920,STORY
b8005013-094e-3ec2-8bc2-23b956ef1476,K,2023-9-29,"Kellogg MBA Class Of 2025: Near-Records For GMAT & International, Women’s Enrollment",Poets & Quants,https://finance.yahoo.com/news/kellogg-mba-class-2025-near-190052402.html,1695322852,STORY
c36e1d7e-2641-36fb-b978-c87c1a4e581d,K,2023-9-30,Things to Note Before Helen of Troy's (HELE) Q2 Earnings,Zacks,https://finance.yahoo.com/news/things-note-helen-troys-hele-160200726.html,1696003320,STORY
bbbd91c5-bf98-3dfc-bd2e-2e15e85de5f0,K,2023-9-30,Kellogg shares edge higher ahead of Monday's business separation,Investing.com,https://finance.yahoo.com/news/kellogg-shares-edge-higher-ahead-155619324.html,1696002979,STORY
1d622550-5a1b-3b27-a39d-ca9f048c4d0b,K,2023-9-30,Analyst Report: Kellogg Company,Morningstar Research,https://finance.yahoo.com/m/1d622550-5a1b-3b27-a39d-ca9f048c4d0b/analyst-report%3A-kellogg.html,1695996229,STORY
71bab5ae-4af9-323c-b763-8c529f974ebe,K,2023-9-30,KELLOGG W K FOUNDATION TRUST Reduces Stake in Kellogg Co,GuruFocus.com,https://finance.yahoo.com/news/kellogg-w-k-foundation-trust-070220640.html,1695970940,STORY
c5d61ef1-485a-3922-abda-3e0dbd179220,K,2023-9-30,Veralto Set to Join S&P 500; Vestis to Join S&P MidCap 400; Others to Join S&P SmallCap 600,PR Newswire,https://finance.yahoo.com/news/veralto-set-join-p-500-221600085.html,1695939360,STORY
864823ff-e42d-3001-a765-35174b51e8ae,K,2023-9-30,Kellogg Company Sets Date for 2023 Third Quarter Results Webcasts for Kellanova and WK Kellogg Co,PR Newswire,https://finance.yahoo.com/news/kellogg-company-sets-date-2023-120000119.html,1695902400,STORY
aa145b7a-6ac0-3dad-80fc-d86809bfab3a,K,2023-9-30,The Kellogg Split,Motley Fool,https://finance.yahoo.com/m/aa145b7a-6ac0-3dad-80fc-d86809bfab3a/the-kellogg-split.html,1695820320,STORY
858bac6f-7200-3004-b61f-34cd6310cc93,K,2023-9-30,"Moe's Southwest Grill® and Eggo® Unveil the ""Eggo Taco"" For National Taco Day",PR Newswire,https://finance.yahoo.com/news/moes-southwest-grill-eggo-unveil-120000479.html,1695729600,STORY
c36e1d7e-2641-36fb-b978-c87c1a4e581d,K,2023-10-1,Things to Note Before Helen of Troy's (HELE) Q2 Earnings,Zacks,https://finance.yahoo.com/news/things-note-helen-troys-hele-160200726.html,1696003320,STORY
bbbd91c5-bf98-3dfc-bd2e-2e15e85de5f0,K,2023-10-1,Kellogg shares edge higher ahead of Monday's business separation,Investing.com,https://finance.yahoo.com/news/kellogg-shares-edge-higher-ahead-155619324.html,1696002979,STORY
1d622550-5a1b-3b27-a39d-ca9f048c4d0b,K,2023-10-1,Analyst Report: Kellogg Company,Morningstar Research,https://finance.yahoo.com/m/1d622550-5a1b-3b27-a39d-ca9f048c4d0b/analyst-report%3A-kellogg.html,1695996229,STORY
71bab5ae-4af9-323c-b763-8c529f974ebe,K,2023-10-1,KELLOGG W K FOUNDATION TRUST Reduces Stake in Kellogg Co,GuruFocus.com,https://finance.yahoo.com/news/kellogg-w-k-foundation-trust-070220640.html,1695970940,STORY
c5d61ef1-485a-3922-abda-3e0dbd179220,K,2023-10-1,Veralto Set to Join S&P 500; Vestis to Join S&P MidCap 400; Others to Join S&P SmallCap 600,PR Newswire,https://finance.yahoo.com/news/veralto-set-join-p-500-221600085.html,1695939360,STORY
864823ff-e42d-3001-a765-35174b51e8ae,K,2023-10-1,Kellogg Company Sets Date for 2023 Third Quarter Results Webcasts for Kellanova and WK Kellogg Co,PR Newswire,https://finance.yahoo.com/news/kellogg-company-sets-date-2023-120000119.html,1695902400,STORY
aa145b7a-6ac0-3dad-80fc-d86809bfab3a,K,2023-10-1,The Kellogg Split,Motley Fool,https://finance.yahoo.com/m/aa145b7a-6ac0-3dad-80fc-d86809bfab3a/the-kellogg-split.html,1695820320,STORY
858bac6f-7200-3004-b61f-34cd6310cc93,K,2023-10-1,"Moe's Southwest Grill® and Eggo® Unveil the ""Eggo Taco"" For National Taco Day",PR Newswire,https://finance.yahoo.com/news/moes-southwest-grill-eggo-unveil-120000479.html,1695729600,STORY
33c81502-5d17-31a9-b238-2d5aa59121a3,K,2023-10-2,"KELLANOVA, FORMERLY KELLOGG COMPANY, ANNOUNCES COMPLETION OF THE SEPARATION OF ITS NORTH AMERICAN CEREAL BUSINESS",PR Newswire,https://finance.yahoo.com/news/kellanova-formerly-kellogg-company-announces-113000860.html,1696246200,STORY
c36e1d7e-2641-36fb-b978-c87c1a4e581d,K,2023-10-2,Things to Note Before Helen of Troy's (HELE) Q2 Earnings,Zacks,https://finance.yahoo.com/news/things-note-helen-troys-hele-160200726.html,1696003320,STORY
bbbd91c5-bf98-3dfc-bd2e-2e15e85de5f0,K,2023-10-2,Kellogg shares edge higher ahead of Monday's business separation,Investing.com,https://finance.yahoo.com/news/kellogg-shares-edge-higher-ahead-155619324.html,1696002979,STORY
71bab5ae-4af9-323c-b763-8c529f974ebe,K,2023-10-2,KELLOGG W K FOUNDATION TRUST Reduces Stake in Kellogg Co,GuruFocus.com,https://finance.yahoo.com/news/kellogg-w-k-foundation-trust-070220640.html,1695970940,STORY
c5d61ef1-485a-3922-abda-3e0dbd179220,K,2023-10-2,Veralto Set to Join S&P 500; Vestis to Join S&P MidCap 400; Others to Join S&P SmallCap 600,PR Newswire,https://finance.yahoo.com/news/veralto-set-join-p-500-221600085.html,1695939360,STORY
864823ff-e42d-3001-a765-35174b51e8ae,K,2023-10-2,Kellogg Company Sets Date for 2023 Third Quarter Results Webcasts for Kellanova and WK Kellogg Co,PR Newswire,https://finance.yahoo.com/news/kellogg-company-sets-date-2023-120000119.html,1695902400,STORY
aa145b7a-6ac0-3dad-80fc-d86809bfab3a,K,2023-10-2,The Kellogg Split,Motley Fool,https://finance.yahoo.com/m/aa145b7a-6ac0-3dad-80fc-d86809bfab3a/the-kellogg-split.html,1695820320,STORY
858bac6f-7200-3004-b61f-34cd6310cc93,K,2023-10-2,"Moe's Southwest Grill® and Eggo® Unveil the ""Eggo Taco"" For National Taco Day",PR Newswire,https://finance.yahoo.com/news/moes-southwest-grill-eggo-unveil-120000479.html,1695729600,STORY
6e62cb71-7781-3cb7-b019-959651150819,K,2023-10-3,5 Things to Know Before Markets Open,Investopedia,https://finance.yahoo.com/m/6e62cb71-7781-3cb7-b019-959651150819/5-things-to-know-before.html,1696334061,STORY
6882f091-9fe9-3848-9d2c-c13703fca9eb,K,2023-10-3,WK KELLOGG CO CELEBRATES LAUNCH AS AN INDEPENDENT COMPANY,PR Newswire,https://finance.yahoo.com/news/wk-kellogg-co-celebrates-launch-113200311.html,1696332720,STORY
f8a932b7-9472-30e7-a799-0678a0c29b80,K,2023-10-3,Analyst Report: Kellogg Company,Morningstar Research,https://finance.yahoo.com/m/f8a932b7-9472-30e7-a799-0678a0c29b80/analyst-report%3A-kellogg.html,1696287708,STORY
0c5a5e06-c41c-3232-ac55-bbee294bf6a5,K,2023-10-3,S&P 500 Gains and Losses Today: Discover Shares Advance After FDIC Agreement,Investopedia,https://finance.yahoo.com/m/0c5a5e06-c41c-3232-ac55-bbee294bf6a5/s%26p-500-gains-and-losses.html,1696283576,STORY
723f7127-b51d-3866-a196-c981534b5655,K,2023-10-3,"Kellanova, WK Kellogg End First Day of Trading in Red",Barrons.com,https://finance.yahoo.com/m/723f7127-b51d-3866-a196-c981534b5655/kellanova%2C-wk-kellogg-end.html,1696282140,STORY
7f9b07db-f4be-342f-b2ca-20c4575f86df,K,2023-10-3,"Kellogg Splits Into Two Firms, and Shares of Both Tumble in First Session After Separation",Investopedia,https://finance.yahoo.com/m/7f9b07db-f4be-342f-b2ca-20c4575f86df/kellogg-splits-into-two.html,1696281421,STORY
cdb3440c-057b-3bd0-98b9-a9ba7cb03671,K,2023-10-3,"Instacart stock falls, Nvidia rises on 'Conviction Buy': Trending Tickers",Yahoo Finance Video,https://finance.yahoo.com/video/instacart-stock-falls-nvidia-rises-202710116.html,1696278430,VIDEO
d81046eb-6df6-3134-a326-8a4b54f2473f,K,2023-10-3,"Kellanova, WK Kellogg Stocks Finish Their First Trading Day Lower",The Wall Street Journal,https://finance.yahoo.com/m/d81046eb-6df6-3134-a326-8a4b54f2473f/kellanova%2C-wk-kellogg-stocks.html,1696277529,STORY
6d1fed17-0270-3798-91d0-3248f286a162,K,2023-10-4,Frosted Flakes Maker Bets On Cereal For Dinner to Help Sales,Bloomberg,https://finance.yahoo.com/news/frosted-flakes-maker-bets-cereal-162715363.html,1696350435,STORY
e84ca47f-454a-341d-89d0-e6808037d75d,K,2023-10-4,Kellanova (K) Concludes Business Separation to Fuel Growth,Zacks,https://finance.yahoo.com/news/kellanova-k-concludes-business-separation-144000142.html,1696344000,STORY
6e62cb71-7781-3cb7-b019-959651150819,K,2023-10-4,5 Things to Know Before Markets Open,Investopedia,https://finance.yahoo.com/m/6e62cb71-7781-3cb7-b019-959651150819/5-things-to-know-before.html,1696334061,STORY
6882f091-9fe9-3848-9d2c-c13703fca9eb,K,2023-10-4,WK KELLOGG CO CELEBRATES LAUNCH AS AN INDEPENDENT COMPANY,PR Newswire,https://finance.yahoo.com/news/wk-kellogg-co-celebrates-launch-113200311.html,1696332720,STORY
9e1a411a-37fc-3c19-aa27-bf6de139ff0e,K,2023-10-4,"Airbnb looking at a bleak winter, says KeyBanc: 4 big analyst cuts",Investing.com,https://finance.yahoo.com/news/airbnb-looking-bleak-winter-says-063716613.html,1696315036,STORY
f8a932b7-9472-30e7-a799-0678a0c29b80,K,2023-10-4,Analyst Report: Kellogg Company,Morningstar Research,https://finance.yahoo.com/m/f8a932b7-9472-30e7-a799-0678a0c29b80/analyst-report%3A-kellogg.html,1696287708,STORY
0c5a5e06-c41c-3232-ac55-bbee294bf6a5,K,2023-10-4,S&P 500 Gains and Losses Today: Discover Shares Advance After FDIC Agreement,Investopedia,https://finance.yahoo.com/m/0c5a5e06-c41c-3232-ac55-bbee294bf6a5/s%26p-500-gains-and-losses.html,1696283576,STORY
723f7127-b51d-3866-a196-c981534b5655,K,2023-10-4,"Kellanova, WK Kellogg End First Day of Trading in Red",Barrons.com,https://finance.yahoo.com/m/723f7127-b51d-3866-a196-c981534b5655/kellanova%2C-wk-kellogg-end.html,1696282140,STORY
dce576be-1e59-30cb-93e0-cd327c3676f9,K,2023-10-5,Need To Know: The Consensus Just Cut Its Kellanova (NYSE:K) Estimates For 2023,Simply Wall St.,https://finance.yahoo.com/news/know-consensus-just-cut-kellanova-100721272.html,1696500441,STORY
6d1fed17-0270-3798-91d0-3248f286a162,K,2023-10-5,Frosted Flakes Maker Bets On Cereal For Dinner to Help Sales,Bloomberg,https://finance.yahoo.com/news/frosted-flakes-maker-bets-cereal-162715363.html,1696350435,STORY
e84ca47f-454a-341d-89d0-e6808037d75d,K,2023-10-5,Kellanova (K) Concludes Business Separation to Fuel Growth,Zacks,https://finance.yahoo.com/news/kellanova-k-concludes-business-separation-144000142.html,1696344000,STORY
6e62cb71-7781-3cb7-b019-959651150819,K,2023-10-5,5 Things to Know Before Markets Open,Investopedia,https://finance.yahoo.com/m/6e62cb71-7781-3cb7-b019-959651150819/5-things-to-know-before.html,1696334061,STORY
6882f091-9fe9-3848-9d2c-c13703fca9eb,K,2023-10-5,WK KELLOGG CO CELEBRATES LAUNCH AS AN INDEPENDENT COMPANY,PR Newswire,https://finance.yahoo.com/news/wk-kellogg-co-celebrates-launch-113200311.html,1696332720,STORY
9e1a411a-37fc-3c19-aa27-bf6de139ff0e,K,2023-10-5,"Airbnb looking at a bleak winter, says KeyBanc: 4 big analyst cuts",Investing.com,https://finance.yahoo.com/news/airbnb-looking-bleak-winter-says-063716613.html,1696315036,STORY
0c5a5e06-c41c-3232-ac55-bbee294bf6a5,K,2023-10-5,S&P 500 Gains and Losses Today: Discover Shares Advance After FDIC Agreement,Investopedia,https://finance.yahoo.com/m/0c5a5e06-c41c-3232-ac55-bbee294bf6a5/s%26p-500-gains-and-losses.html,1696283576,STORY
723f7127-b51d-3866-a196-c981534b5655,K,2023-10-5,"Kellanova, WK Kellogg End First Day of Trading in Red",Barrons.com,https://finance.yahoo.com/m/723f7127-b51d-3866-a196-c981534b5655/kellanova%2C-wk-kellogg-end.html,1696282140,STORY
4c39cbaf-34e4-4de7-8044-98650753e1f1,K,2023-10-6,WK Kellogg CEO: Here’s how we’re modernizing our 117-year-old cereal business,Yahoo Finance,https://finance.yahoo.com/news/wk-kellogg-ceo-heres-how-were-modernizing-our-117-year-old-cereal-business-210632445.html,1696539992,STORY
86d4508c-5954-32ac-936e-d34437c02474,K,2023-10-6,WK Kellogg CEO lays out 'three horizons' for company's growth,Yahoo Finance Video,https://finance.yahoo.com/video/kelloggs-spin-off-outlines-three-180721241.html,1696529241,VIDEO
a1a83109-1bbf-315d-9629-99ad3ccb93ea,K,2023-10-6,Analyst Report: Kellanova Co,Argus Research,https://finance.yahoo.com/m/a1a83109-1bbf-315d-9629-99ad3ccb93ea/analyst-report%3A-kellanova-co.html,1696503065,STORY
dce576be-1e59-30cb-93e0-cd327c3676f9,K,2023-10-6,Need To Know: The Consensus Just Cut Its Kellanova (NYSE:K) Estimates For 2023,Simply Wall St.,https://finance.yahoo.com/news/know-consensus-just-cut-kellanova-100721272.html,1696500441,STORY
6d1fed17-0270-3798-91d0-3248f286a162,K,2023-10-6,Frosted Flakes Maker Bets On Cereal For Dinner to Help Sales,Bloomberg,https://finance.yahoo.com/news/frosted-flakes-maker-bets-cereal-162715363.html,1696350435,STORY
e84ca47f-454a-341d-89d0-e6808037d75d,K,2023-10-6,Kellanova (K) Concludes Business Separation to Fuel Growth,Zacks,https://finance.yahoo.com/news/kellanova-k-concludes-business-separation-144000142.html,1696344000,STORY
6e62cb71-7781-3cb7-b019-959651150819,K,2023-10-6,5 Things to Know Before Markets Open,Investopedia,https://finance.yahoo.com/m/6e62cb71-7781-3cb7-b019-959651150819/5-things-to-know-before.html,1696334061,STORY
6882f091-9fe9-3848-9d2c-c13703fca9eb,K,2023-10-6,WK KELLOGG CO CELEBRATES LAUNCH AS AN INDEPENDENT COMPANY,PR Newswire,https://finance.yahoo.com/news/wk-kellogg-co-celebrates-launch-113200311.html,1696332720,STORY
a233e9a8-2af6-38b8-b6e2-dcb666842e92,K,2023-10-7,"The Score: WK Kellogg, Cal-Maine, Pioneer and More Stocks That Defined the Week",The Wall Street Journal,https://finance.yahoo.com/m/a233e9a8-2af6-38b8-b6e2-dcb666842e92/the-score%3A-wk-kellogg%2C.html,1696629060,STORY
4c39cbaf-34e4-4de7-8044-98650753e1f1,K,2023-10-7,WK Kellogg CEO: Here’s how we’re modernizing our 117-year-old cereal business,Yahoo Finance,https://finance.yahoo.com/news/wk-kellogg-ceo-heres-how-were-modernizing-our-117-year-old-cereal-business-210632445.html,1696539992,STORY
86d4508c-5954-32ac-936e-d34437c02474,K,2023-10-7,WK Kellogg CEO lays out 'three horizons' for company's growth,Yahoo Finance Video,https://finance.yahoo.com/video/kelloggs-spin-off-outlines-three-180721241.html,1696529241,VIDEO
dce576be-1e59-30cb-93e0-cd327c3676f9,K,2023-10-7,Need To Know: The Consensus Just Cut Its Kellanova (NYSE:K) Estimates For 2023,Simply Wall St.,https://finance.yahoo.com/news/know-consensus-just-cut-kellanova-100721272.html,1696500441,STORY
6d1fed17-0270-3798-91d0-3248f286a162,K,2023-10-7,Frosted Flakes Maker Bets On Cereal For Dinner to Help Sales,Bloomberg,https://finance.yahoo.com/news/frosted-flakes-maker-bets-cereal-162715363.html,1696350435,STORY
e84ca47f-454a-341d-89d0-e6808037d75d,K,2023-10-7,Kellanova (K) Concludes Business Separation to Fuel Growth,Zacks,https://finance.yahoo.com/news/kellanova-k-concludes-business-separation-144000142.html,1696344000,STORY
6e62cb71-7781-3cb7-b019-959651150819,K,2023-10-7,5 Things to Know Before Markets Open,Investopedia,https://finance.yahoo.com/m/6e62cb71-7781-3cb7-b019-959651150819/5-things-to-know-before.html,1696334061,STORY
6882f091-9fe9-3848-9d2c-c13703fca9eb,K,2023-10-7,WK KELLOGG CO CELEBRATES LAUNCH AS AN INDEPENDENT COMPANY,PR Newswire,https://finance.yahoo.com/news/wk-kellogg-co-celebrates-launch-113200311.html,1696332720,STORY
a233e9a8-2af6-38b8-b6e2-dcb666842e92,K,2023-10-8,"The Score: WK Kellogg, Cal-Maine, Pioneer and More Stocks That Defined the Week",The Wall Street Journal,https://finance.yahoo.com/m/a233e9a8-2af6-38b8-b6e2-dcb666842e92/the-score%3A-wk-kellogg%2C.html,1696629060,STORY
4c39cbaf-34e4-4de7-8044-98650753e1f1,K,2023-10-8,WK Kellogg CEO: Here’s how we’re modernizing our 117-year-old cereal business,Yahoo Finance,https://finance.yahoo.com/news/wk-kellogg-ceo-heres-how-were-modernizing-our-117-year-old-cereal-business-210632445.html,1696539992,STORY
86d4508c-5954-32ac-936e-d34437c02474,K,2023-10-8,WK Kellogg CEO lays out 'three horizons' for company's growth,Yahoo Finance Video,https://finance.yahoo.com/video/kelloggs-spin-off-outlines-three-180721241.html,1696529241,VIDEO
dce576be-1e59-30cb-93e0-cd327c3676f9,K,2023-10-8,Need To Know: The Consensus Just Cut Its Kellanova (NYSE:K) Estimates For 2023,Simply Wall St.,https://finance.yahoo.com/news/know-consensus-just-cut-kellanova-100721272.html,1696500441,STORY
6d1fed17-0270-3798-91d0-3248f286a162,K,2023-10-8,Frosted Flakes Maker Bets On Cereal For Dinner to Help Sales,Bloomberg,https://finance.yahoo.com/news/frosted-flakes-maker-bets-cereal-162715363.html,1696350435,STORY
e84ca47f-454a-341d-89d0-e6808037d75d,K,2023-10-8,Kellanova (K) Concludes Business Separation to Fuel Growth,Zacks,https://finance.yahoo.com/news/kellanova-k-concludes-business-separation-144000142.html,1696344000,STORY
6e62cb71-7781-3cb7-b019-959651150819,K,2023-10-8,5 Things to Know Before Markets Open,Investopedia,https://finance.yahoo.com/m/6e62cb71-7781-3cb7-b019-959651150819/5-things-to-know-before.html,1696334061,STORY
6882f091-9fe9-3848-9d2c-c13703fca9eb,K,2023-10-8,WK KELLOGG CO CELEBRATES LAUNCH AS AN INDEPENDENT COMPANY,PR Newswire,https://finance.yahoo.com/news/wk-kellogg-co-celebrates-launch-113200311.html,1696332720,STORY
a233e9a8-2af6-38b8-b6e2-dcb666842e92,K,2023-10-9,"The Score: WK Kellogg, Cal-Maine, Pioneer and More Stocks That Defined the Week",The Wall Street Journal,https://finance.yahoo.com/m/a233e9a8-2af6-38b8-b6e2-dcb666842e92/the-score%3A-wk-kellogg%2C.html,1696629060,STORY
4c39cbaf-34e4-4de7-8044-98650753e1f1,K,2023-10-9,WK Kellogg CEO: Here’s how we’re modernizing our 117-year-old cereal business,Yahoo Finance,https://finance.yahoo.com/news/wk-kellogg-ceo-heres-how-were-modernizing-our-117-year-old-cereal-business-210632445.html,1696539992,STORY
86d4508c-5954-32ac-936e-d34437c02474,K,2023-10-9,WK Kellogg CEO lays out 'three horizons' for company's growth,Yahoo Finance Video,https://finance.yahoo.com/video/kelloggs-spin-off-outlines-three-180721241.html,1696529241,VIDEO
dce576be-1e59-30cb-93e0-cd327c3676f9,K,2023-10-9,Need To Know: The Consensus Just Cut Its Kellanova (NYSE:K) Estimates For 2023,Simply Wall St.,https://finance.yahoo.com/news/know-consensus-just-cut-kellanova-100721272.html,1696500441,STORY
6d1fed17-0270-3798-91d0-3248f286a162,K,2023-10-9,Frosted Flakes Maker Bets On Cereal For Dinner to Help Sales,Bloomberg,https://finance.yahoo.com/news/frosted-flakes-maker-bets-cereal-162715363.html,1696350435,STORY
e84ca47f-454a-341d-89d0-e6808037d75d,K,2023-10-9,Kellanova (K) Concludes Business Separation to Fuel Growth,Zacks,https://finance.yahoo.com/news/kellanova-k-concludes-business-separation-144000142.html,1696344000,STORY
6e62cb71-7781-3cb7-b019-959651150819,K,2023-10-9,5 Things to Know Before Markets Open,Investopedia,https://finance.yahoo.com/m/6e62cb71-7781-3cb7-b019-959651150819/5-things-to-know-before.html,1696334061,STORY
6882f091-9fe9-3848-9d2c-c13703fca9eb,K,2023-10-9,WK KELLOGG CO CELEBRATES LAUNCH AS AN INDEPENDENT COMPANY,PR Newswire,https://finance.yahoo.com/news/wk-kellogg-co-celebrates-launch-113200311.html,1696332720,STORY
a233e9a8-2af6-38b8-b6e2-dcb666842e92,K,2023-10-10,"The Score: WK Kellogg, Cal-Maine, Pioneer and More Stocks That Defined the Week",The Wall Street Journal,https://finance.yahoo.com/m/a233e9a8-2af6-38b8-b6e2-dcb666842e92/the-score%3A-wk-kellogg%2C.html,1696629060,STORY
4c39cbaf-34e4-4de7-8044-98650753e1f1,K,2023-10-10,WK Kellogg CEO: Here’s how we’re modernizing our 117-year-old cereal business,Yahoo Finance,https://finance.yahoo.com/news/wk-kellogg-ceo-heres-how-were-modernizing-our-117-year-old-cereal-business-210632445.html,1696539992,STORY
86d4508c-5954-32ac-936e-d34437c02474,K,2023-10-10,WK Kellogg CEO lays out 'three horizons' for company's growth,Yahoo Finance Video,https://finance.yahoo.com/video/kelloggs-spin-off-outlines-three-180721241.html,1696529241,VIDEO
dce576be-1e59-30cb-93e0-cd327c3676f9,K,2023-10-10,Need To Know: The Consensus Just Cut Its Kellanova (NYSE:K) Estimates For 2023,Simply Wall St.,https://finance.yahoo.com/news/know-consensus-just-cut-kellanova-100721272.html,1696500441,STORY
6d1fed17-0270-3798-91d0-3248f286a162,K,2023-10-10,Frosted Flakes Maker Bets On Cereal For Dinner to Help Sales,Bloomberg,https://finance.yahoo.com/news/frosted-flakes-maker-bets-cereal-162715363.html,1696350435,STORY
e84ca47f-454a-341d-89d0-e6808037d75d,K,2023-10-10,Kellanova (K) Concludes Business Separation to Fuel Growth,Zacks,https://finance.yahoo.com/news/kellanova-k-concludes-business-separation-144000142.html,1696344000,STORY
6e62cb71-7781-3cb7-b019-959651150819,K,2023-10-10,5 Things to Know Before Markets Open,Investopedia,https://finance.yahoo.com/m/6e62cb71-7781-3cb7-b019-959651150819/5-things-to-know-before.html,1696334061,STORY
6882f091-9fe9-3848-9d2c-c13703fca9eb,K,2023-10-10,WK KELLOGG CO CELEBRATES LAUNCH AS AN INDEPENDENT COMPANY,PR Newswire,https://finance.yahoo.com/news/wk-kellogg-co-celebrates-launch-113200311.html,1696332720,STORY
96755395-4864-325d-b8fa-a55928f48d4a,K,2023-10-11,KELLOGG W K FOUNDATION TRUST Reduces Stake in Kellanova Co,GuruFocus.com,https://finance.yahoo.com/news/kellogg-w-k-foundation-trust-090423547.html,1697015063,STORY
92a81fe1-cd4e-37bc-9d31-03f414e0f139,K,2023-10-11,Decoding Kellanova Co (K)'s Performance Potential: A Deep Dive into Key Metrics,GuruFocus.com,https://finance.yahoo.com/news/decoding-kellanova-co-k-performance-160249339.html,1696953769,STORY
a233e9a8-2af6-38b8-b6e2-dcb666842e92,K,2023-10-11,"The Score: WK Kellogg, Cal-Maine, Pioneer and More Stocks That Defined the Week",The Wall Street Journal,https://finance.yahoo.com/m/a233e9a8-2af6-38b8-b6e2-dcb666842e92/the-score%3A-wk-kellogg%2C.html,1696629060,STORY
4c39cbaf-34e4-4de7-8044-98650753e1f1,K,2023-10-11,WK Kellogg CEO: Here’s how we’re modernizing our 117-year-old cereal business,Yahoo Finance,https://finance.yahoo.com/news/wk-kellogg-ceo-heres-how-were-modernizing-our-117-year-old-cereal-business-210632445.html,1696539992,STORY
86d4508c-5954-32ac-936e-d34437c02474,K,2023-10-11,WK Kellogg CEO lays out 'three horizons' for company's growth,Yahoo Finance Video,https://finance.yahoo.com/video/kelloggs-spin-off-outlines-three-180721241.html,1696529241,VIDEO
dce576be-1e59-30cb-93e0-cd327c3676f9,K,2023-10-11,Need To Know: The Consensus Just Cut Its Kellanova (NYSE:K) Estimates For 2023,Simply Wall St.,https://finance.yahoo.com/news/know-consensus-just-cut-kellanova-100721272.html,1696500441,STORY
6d1fed17-0270-3798-91d0-3248f286a162,K,2023-10-11,Frosted Flakes Maker Bets On Cereal For Dinner to Help Sales,Bloomberg,https://finance.yahoo.com/news/frosted-flakes-maker-bets-cereal-162715363.html,1696350435,STORY
e84ca47f-454a-341d-89d0-e6808037d75d,K,2023-10-11,Kellanova (K) Concludes Business Separation to Fuel Growth,Zacks,https://finance.yahoo.com/news/kellanova-k-concludes-business-separation-144000142.html,1696344000,STORY
0b0ea65b-b4bc-377f-af20-e026666089d9,K,2023-10-12,"You Can't Control Spin-Offs, but You Can Control What You Do About Them",Motley Fool,https://finance.yahoo.com/m/0b0ea65b-b4bc-377f-af20-e026666089d9/you-can%27t-control-spin-offs%2C.html,1697032739,STORY
96755395-4864-325d-b8fa-a55928f48d4a,K,2023-10-12,KELLOGG W K FOUNDATION TRUST Reduces Stake in Kellanova Co,GuruFocus.com,https://finance.yahoo.com/news/kellogg-w-k-foundation-trust-090423547.html,1697015063,STORY
92a81fe1-cd4e-37bc-9d31-03f414e0f139,K,2023-10-12,Decoding Kellanova Co (K)'s Performance Potential: A Deep Dive into Key Metrics,GuruFocus.com,https://finance.yahoo.com/news/decoding-kellanova-co-k-performance-160249339.html,1696953769,STORY
a233e9a8-2af6-38b8-b6e2-dcb666842e92,K,2023-10-12,"The Score: WK Kellogg, Cal-Maine, Pioneer and More Stocks That Defined the Week",The Wall Street Journal,https://finance.yahoo.com/m/a233e9a8-2af6-38b8-b6e2-dcb666842e92/the-score%3A-wk-kellogg%2C.html,1696629060,STORY
4c39cbaf-34e4-4de7-8044-98650753e1f1,K,2023-10-12,WK Kellogg CEO: Here’s how we’re modernizing our 117-year-old cereal business,Yahoo Finance,https://finance.yahoo.com/news/wk-kellogg-ceo-heres-how-were-modernizing-our-117-year-old-cereal-business-210632445.html,1696539992,STORY
86d4508c-5954-32ac-936e-d34437c02474,K,2023-10-12,WK Kellogg CEO lays out 'three horizons' for company's growth,Yahoo Finance Video,https://finance.yahoo.com/video/kelloggs-spin-off-outlines-three-180721241.html,1696529241,VIDEO
dce576be-1e59-30cb-93e0-cd327c3676f9,K,2023-10-12,Need To Know: The Consensus Just Cut Its Kellanova (NYSE:K) Estimates For 2023,Simply Wall St.,https://finance.yahoo.com/news/know-consensus-just-cut-kellanova-100721272.html,1696500441,STORY
6d1fed17-0270-3798-91d0-3248f286a162,K,2023-10-12,Frosted Flakes Maker Bets On Cereal For Dinner to Help Sales,Bloomberg,https://finance.yahoo.com/news/frosted-flakes-maker-bets-cereal-162715363.html,1696350435,STORY
0b0ea65b-b4bc-377f-af20-e026666089d9,K,2023-10-13,"You Can't Control Spin-Offs, but You Can Control What You Do About Them",Motley Fool,https://finance.yahoo.com/m/0b0ea65b-b4bc-377f-af20-e026666089d9/you-can%27t-control-spin-offs%2C.html,1697032739,STORY
96755395-4864-325d-b8fa-a55928f48d4a,K,2023-10-13,KELLOGG W K FOUNDATION TRUST Reduces Stake in Kellanova Co,GuruFocus.com,https://finance.yahoo.com/news/kellogg-w-k-foundation-trust-090423547.html,1697015063,STORY
92a81fe1-cd4e-37bc-9d31-03f414e0f139,K,2023-10-13,Decoding Kellanova Co (K)'s Performance Potential: A Deep Dive into Key Metrics,GuruFocus.com,https://finance.yahoo.com/news/decoding-kellanova-co-k-performance-160249339.html,1696953769,STORY
a233e9a8-2af6-38b8-b6e2-dcb666842e92,K,2023-10-13,"The Score: WK Kellogg, Cal-Maine, Pioneer and More Stocks That Defined the Week",The Wall Street Journal,https://finance.yahoo.com/m/a233e9a8-2af6-38b8-b6e2-dcb666842e92/the-score%3A-wk-kellogg%2C.html,1696629060,STORY
4c39cbaf-34e4-4de7-8044-98650753e1f1,K,2023-10-13,WK Kellogg CEO: Here’s how we’re modernizing our 117-year-old cereal business,Yahoo Finance,https://finance.yahoo.com/news/wk-kellogg-ceo-heres-how-were-modernizing-our-117-year-old-cereal-business-210632445.html,1696539992,STORY
86d4508c-5954-32ac-936e-d34437c02474,K,2023-10-13,WK Kellogg CEO lays out 'three horizons' for company's growth,Yahoo Finance Video,https://finance.yahoo.com/video/kelloggs-spin-off-outlines-three-180721241.html,1696529241,VIDEO
dce576be-1e59-30cb-93e0-cd327c3676f9,K,2023-10-13,Need To Know: The Consensus Just Cut Its Kellanova (NYSE:K) Estimates For 2023,Simply Wall St.,https://finance.yahoo.com/news/know-consensus-just-cut-kellanova-100721272.html,1696500441,STORY
6d1fed17-0270-3798-91d0-3248f286a162,K,2023-10-13,Frosted Flakes Maker Bets On Cereal For Dinner to Help Sales,Bloomberg,https://finance.yahoo.com/news/frosted-flakes-maker-bets-cereal-162715363.html,1696350435,STORY
cebf7e13-64b6-3fb9-b4ec-7958a1aa7986,K,2023-10-14,Why Kellogg Stock Just Got the Boot From My Portfolio,Motley Fool,https://finance.yahoo.com/m/cebf7e13-64b6-3fb9-b4ec-7958a1aa7986/why-kellogg-stock-just-got.html,1697282700,STORY
0b0ea65b-b4bc-377f-af20-e026666089d9,K,2023-10-14,"You Can't Control Spin-Offs, but You Can Control What You Do About Them",Motley Fool,https://finance.yahoo.com/m/0b0ea65b-b4bc-377f-af20-e026666089d9/you-can%27t-control-spin-offs%2C.html,1697032739,STORY
96755395-4864-325d-b8fa-a55928f48d4a,K,2023-10-14,KELLOGG W K FOUNDATION TRUST Reduces Stake in Kellanova Co,GuruFocus.com,https://finance.yahoo.com/news/kellogg-w-k-foundation-trust-090423547.html,1697015063,STORY
92a81fe1-cd4e-37bc-9d31-03f414e0f139,K,2023-10-14,Decoding Kellanova Co (K)'s Performance Potential: A Deep Dive into Key Metrics,GuruFocus.com,https://finance.yahoo.com/news/decoding-kellanova-co-k-performance-160249339.html,1696953769,STORY
a233e9a8-2af6-38b8-b6e2-dcb666842e92,K,2023-10-14,"The Score: WK Kellogg, Cal-Maine, Pioneer and More Stocks That Defined the Week",The Wall Street Journal,https://finance.yahoo.com/m/a233e9a8-2af6-38b8-b6e2-dcb666842e92/the-score%3A-wk-kellogg%2C.html,1696629060,STORY
4c39cbaf-34e4-4de7-8044-98650753e1f1,K,2023-10-14,WK Kellogg CEO: Here’s how we’re modernizing our 117-year-old cereal business,Yahoo Finance,https://finance.yahoo.com/news/wk-kellogg-ceo-heres-how-were-modernizing-our-117-year-old-cereal-business-210632445.html,1696539992,STORY
86d4508c-5954-32ac-936e-d34437c02474,K,2023-10-14,WK Kellogg CEO lays out 'three horizons' for company's growth,Yahoo Finance Video,https://finance.yahoo.com/video/kelloggs-spin-off-outlines-three-180721241.html,1696529241,VIDEO
dce576be-1e59-30cb-93e0-cd327c3676f9,K,2023-10-14,Need To Know: The Consensus Just Cut Its Kellanova (NYSE:K) Estimates For 2023,Simply Wall St.,https://finance.yahoo.com/news/know-consensus-just-cut-kellanova-100721272.html,1696500441,STORY
cebf7e13-64b6-3fb9-b4ec-7958a1aa7986,K,2023-10-15,Why Kellogg Stock Just Got the Boot From My Portfolio,Motley Fool,https://finance.yahoo.com/m/cebf7e13-64b6-3fb9-b4ec-7958a1aa7986/why-kellogg-stock-just-got.html,1697282700,STORY
0b0ea65b-b4bc-377f-af20-e026666089d9,K,2023-10-15,"You Can't Control Spin-Offs, but You Can Control What You Do About Them",Motley Fool,https://finance.yahoo.com/m/0b0ea65b-b4bc-377f-af20-e026666089d9/you-can%27t-control-spin-offs%2C.html,1697032739,STORY
96755395-4864-325d-b8fa-a55928f48d4a,K,2023-10-15,KELLOGG W K FOUNDATION TRUST Reduces Stake in Kellanova Co,GuruFocus.com,https://finance.yahoo.com/news/kellogg-w-k-foundation-trust-090423547.html,1697015063,STORY
92a81fe1-cd4e-37bc-9d31-03f414e0f139,K,2023-10-15,Decoding Kellanova Co (K)'s Performance Potential: A Deep Dive into Key Metrics,GuruFocus.com,https://finance.yahoo.com/news/decoding-kellanova-co-k-performance-160249339.html,1696953769,STORY
a233e9a8-2af6-38b8-b6e2-dcb666842e92,K,2023-10-15,"The Score: WK Kellogg, Cal-Maine, Pioneer and More Stocks That Defined the Week",The Wall Street Journal,https://finance.yahoo.com/m/a233e9a8-2af6-38b8-b6e2-dcb666842e92/the-score%3A-wk-kellogg%2C.html,1696629060,STORY
4c39cbaf-34e4-4de7-8044-98650753e1f1,K,2023-10-15,WK Kellogg CEO: Here’s how we’re modernizing our 117-year-old cereal business,Yahoo Finance,https://finance.yahoo.com/news/wk-kellogg-ceo-heres-how-were-modernizing-our-117-year-old-cereal-business-210632445.html,1696539992,STORY
86d4508c-5954-32ac-936e-d34437c02474,K,2023-10-15,WK Kellogg CEO lays out 'three horizons' for company's growth,Yahoo Finance Video,https://finance.yahoo.com/video/kelloggs-spin-off-outlines-three-180721241.html,1696529241,VIDEO
dce576be-1e59-30cb-93e0-cd327c3676f9,K,2023-10-15,Need To Know: The Consensus Just Cut Its Kellanova (NYSE:K) Estimates For 2023,Simply Wall St.,https://finance.yahoo.com/news/know-consensus-just-cut-kellanova-100721272.html,1696500441,STORY
bf579757-d912-3027-ac2c-25a532741eb4,K,2023-10-16,FT Executive MBA Ranking 2023,Financial Times,https://finance.yahoo.com/m/bf579757-d912-3027-ac2c-25a532741eb4/ft-executive-mba-ranking-2023.html,1697389248,STORY
cebf7e13-64b6-3fb9-b4ec-7958a1aa7986,K,2023-10-16,Why Kellogg Stock Just Got the Boot From My Portfolio,Motley Fool,https://finance.yahoo.com/m/cebf7e13-64b6-3fb9-b4ec-7958a1aa7986/why-kellogg-stock-just-got.html,1697282700,STORY
0b0ea65b-b4bc-377f-af20-e026666089d9,K,2023-10-16,"You Can't Control Spin-Offs, but You Can Control What You Do About Them",Motley Fool,https://finance.yahoo.com/m/0b0ea65b-b4bc-377f-af20-e026666089d9/you-can%27t-control-spin-offs%2C.html,1697032739,STORY
96755395-4864-325d-b8fa-a55928f48d4a,K,2023-10-16,KELLOGG W K FOUNDATION TRUST Reduces Stake in Kellanova Co,GuruFocus.com,https://finance.yahoo.com/news/kellogg-w-k-foundation-trust-090423547.html,1697015063,STORY
92a81fe1-cd4e-37bc-9d31-03f414e0f139,K,2023-10-16,Decoding Kellanova Co (K)'s Performance Potential: A Deep Dive into Key Metrics,GuruFocus.com,https://finance.yahoo.com/news/decoding-kellanova-co-k-performance-160249339.html,1696953769,STORY
a233e9a8-2af6-38b8-b6e2-dcb666842e92,K,2023-10-16,"The Score: WK Kellogg, Cal-Maine, Pioneer and More Stocks That Defined the Week",The Wall Street Journal,https://finance.yahoo.com/m/a233e9a8-2af6-38b8-b6e2-dcb666842e92/the-score%3A-wk-kellogg%2C.html,1696629060,STORY
4c39cbaf-34e4-4de7-8044-98650753e1f1,K,2023-10-16,WK Kellogg CEO: Here’s how we’re modernizing our 117-year-old cereal business,Yahoo Finance,https://finance.yahoo.com/news/wk-kellogg-ceo-heres-how-were-modernizing-our-117-year-old-cereal-business-210632445.html,1696539992,STORY
86d4508c-5954-32ac-936e-d34437c02474,K,2023-10-16,WK Kellogg CEO lays out 'three horizons' for company's growth,Yahoo Finance Video,https://finance.yahoo.com/video/kelloggs-spin-off-outlines-three-180721241.html,1696529241,VIDEO
5e880de2-5dbf-34d3-baae-577dc2702310,K,2023-10-17,W. K. Kellogg Foundation Trust Reduces Stake in Kellanova Co.,GuruFocus.com,https://finance.yahoo.com/news/w-k-kellogg-foundation-trust-090241955.html,1697533361,STORY
4a733420-7897-31a8-b9d2-bca1886d568e,K,2023-10-17,Kellogg’s Battered Stock Offers a Cheap Play on Cereal Business. It Could Yield 6%.,Barrons.com,https://finance.yahoo.com/m/4a733420-7897-31a8-b9d2-bca1886d568e/kellogg%E2%80%99s-battered-stock.html,1697522400,STORY
670a182a-a92c-3260-985b-852af7e27264,K,2023-10-17,Ranking: Financial Times’ World Best Executive MBA Programs Of 2023,Poets & Quants,https://finance.yahoo.com/news/ranking-financial-times-world-best-025704289.html,1697511424,STORY
ad0be35c-c8c1-3ebf-a08c-70bf3cc9ccec,K,2023-10-17,Here's Why WK Kellogg Stock Dropped Again Today,Motley Fool,https://finance.yahoo.com/m/ad0be35c-c8c1-3ebf-a08c-70bf3cc9ccec/here%27s-why-wk-kellogg-stock.html,1697483121,STORY
0c9ee88f-9271-3f07-803e-3d69a701ce85,K,2023-10-17,Landmark $25 Million Gift Will Endow Kellogg’s Entrepreneurial Fellows Program For Generations,Poets & Quants,https://finance.yahoo.com/news/landmark-25-million-gift-endow-135155301.html,1697464315,STORY
bf579757-d912-3027-ac2c-25a532741eb4,K,2023-10-17,FT Executive MBA Ranking 2023,Financial Times,https://finance.yahoo.com/m/bf579757-d912-3027-ac2c-25a532741eb4/ft-executive-mba-ranking-2023.html,1697389248,STORY
cebf7e13-64b6-3fb9-b4ec-7958a1aa7986,K,2023-10-17,Why Kellogg Stock Just Got the Boot From My Portfolio,Motley Fool,https://finance.yahoo.com/m/cebf7e13-64b6-3fb9-b4ec-7958a1aa7986/why-kellogg-stock-just-got.html,1697282700,STORY
0b0ea65b-b4bc-377f-af20-e026666089d9,K,2023-10-17,"You Can't Control Spin-Offs, but You Can Control What You Do About Them",Motley Fool,https://finance.yahoo.com/m/0b0ea65b-b4bc-377f-af20-e026666089d9/you-can%27t-control-spin-offs%2C.html,1697032739,STORY
5e880de2-5dbf-34d3-baae-577dc2702310,K,2023-10-18,W. K. Kellogg Foundation Trust Reduces Stake in Kellanova Co.,GuruFocus.com,https://finance.yahoo.com/news/w-k-kellogg-foundation-trust-090241955.html,1697533361,STORY
4a733420-7897-31a8-b9d2-bca1886d568e,K,2023-10-18,Kellogg’s Battered Stock Offers a Cheap Play on the Cereal Business. It Could Yield 6%.,Barrons.com,https://finance.yahoo.com/m/4a733420-7897-31a8-b9d2-bca1886d568e/kellogg%E2%80%99s-battered-stock.html,1697522400,STORY
670a182a-a92c-3260-985b-852af7e27264,K,2023-10-18,Ranking: Financial Times’ World Best Executive MBA Programs Of 2023,Poets & Quants,https://finance.yahoo.com/news/ranking-financial-times-world-best-025704289.html,1697511424,STORY
ad0be35c-c8c1-3ebf-a08c-70bf3cc9ccec,K,2023-10-18,Here's Why WK Kellogg Stock Dropped Again Today,Motley Fool,https://finance.yahoo.com/m/ad0be35c-c8c1-3ebf-a08c-70bf3cc9ccec/here%27s-why-wk-kellogg-stock.html,1697483121,STORY
0c9ee88f-9271-3f07-803e-3d69a701ce85,K,2023-10-18,Landmark $25 Million Gift Will Endow Kellogg’s Entrepreneurial Fellows Program For Generations,Poets & Quants,https://finance.yahoo.com/news/landmark-25-million-gift-endow-135155301.html,1697464315,STORY
bf579757-d912-3027-ac2c-25a532741eb4,K,2023-10-18,FT Executive MBA Ranking 2023,Financial Times,https://finance.yahoo.com/m/bf579757-d912-3027-ac2c-25a532741eb4/ft-executive-mba-ranking-2023.html,1697389248,STORY
cebf7e13-64b6-3fb9-b4ec-7958a1aa7986,K,2023-10-18,Why Kellogg Stock Just Got the Boot From My Portfolio,Motley Fool,https://finance.yahoo.com/m/cebf7e13-64b6-3fb9-b4ec-7958a1aa7986/why-kellogg-stock-just-got.html,1697282700,STORY
0b0ea65b-b4bc-377f-af20-e026666089d9,K,2023-10-18,"You Can't Control Spin-Offs, but You Can Control What You Do About Them",Motley Fool,https://finance.yahoo.com/m/0b0ea65b-b4bc-377f-af20-e026666089d9/you-can%27t-control-spin-offs%2C.html,1697032739,STORY
