99638034-3120-3144-95fd-3313ff7dd950,PX,2022-9-20,"P10 Announces Agreement to Acquire Western Technology Investment, Market Leader in Venture Debt",GlobeNewswire,https://finance.yahoo.com/news/p10-announces-agreement-acquire-western-114500367.html,1661514300,STORY
cf4a3b5e-4abf-31a0-9bda-f0dd92e85c88,PX,2022-9-20,P10 Reports Second Quarter 2022 Results,GlobeNewswire,https://finance.yahoo.com/news/p10-reports-second-quarter-2022-201000333.html,1660248600,STORY
3dc2efd8-b037-391d-abb3-923142e4900c,PX,2022-9-20,Is it Still a Good Decision to Invest in P10 (PX)?,Insider Monkey,https://finance.yahoo.com/news/still-good-decision-invest-p10-134751411.html,1659016071,STORY
09dc81ca-13c4-390e-be71-37671675f31f,PX,2022-9-20,"P10 Schedules Second Quarter 2022 Earnings Release for Thursday, August 11, 2022",GlobeNewswire,https://finance.yahoo.com/news/p10-schedules-second-quarter-2022-210900475.html,1658783340,STORY
2a08dba8-7bd9-3773-8054-e5d2f8257671,PX,2022-9-20,Crossroads Impact Corp Announces $180 Million Equity Investment from Funds Managed by P10 and Conversant Capital and Expanded Relationship with Enhanced Capital Group to Accelerate Growth,GlobeNewswire,https://finance.yahoo.com/news/crossroads-impact-corp-announces-180-231900080.html,1657581540,STORY
a109c952-8751-3066-8b5d-d674fc1c2a5a,PX,2022-9-20,"RCPDirect IV Exceeds Target Fund Size, Closing $645.4 Million in Aggregate Capital Commitments",GlobeNewswire,https://finance.yahoo.com/news/rcpdirect-iv-exceeds-target-fund-160000191.html,1657209600,STORY
7d38229d-12d2-3e6c-9a5c-eb2059f6b7b0,PX,2022-9-20,"What You Need To Know About P10, Inc.'s (NYSE:PX) Investor Composition",Simply Wall St.,https://finance.yahoo.com/news/know-p10-inc-nyse-px-101234651.html,1656583954,STORY
99638034-3120-3144-95fd-3313ff7dd950,PX,2022-9-22,"P10 Announces Agreement to Acquire Western Technology Investment, Market Leader in Venture Debt",GlobeNewswire,https://finance.yahoo.com/news/p10-announces-agreement-acquire-western-114500367.html,1661514300,STORY
cf4a3b5e-4abf-31a0-9bda-f0dd92e85c88,PX,2022-9-22,P10 Reports Second Quarter 2022 Results,GlobeNewswire,https://finance.yahoo.com/news/p10-reports-second-quarter-2022-201000333.html,1660248600,STORY
3dc2efd8-b037-391d-abb3-923142e4900c,PX,2022-9-22,Is it Still a Good Decision to Invest in P10 (PX)?,Insider Monkey,https://finance.yahoo.com/news/still-good-decision-invest-p10-134751411.html,1659016071,STORY
09dc81ca-13c4-390e-be71-37671675f31f,PX,2022-9-22,"P10 Schedules Second Quarter 2022 Earnings Release for Thursday, August 11, 2022",GlobeNewswire,https://finance.yahoo.com/news/p10-schedules-second-quarter-2022-210900475.html,1658783340,STORY
2a08dba8-7bd9-3773-8054-e5d2f8257671,PX,2022-9-22,Crossroads Impact Corp Announces $180 Million Equity Investment from Funds Managed by P10 and Conversant Capital and Expanded Relationship with Enhanced Capital Group to Accelerate Growth,GlobeNewswire,https://finance.yahoo.com/news/crossroads-impact-corp-announces-180-231900080.html,1657581540,STORY
a109c952-8751-3066-8b5d-d674fc1c2a5a,PX,2022-9-22,"RCPDirect IV Exceeds Target Fund Size, Closing $645.4 Million in Aggregate Capital Commitments",GlobeNewswire,https://finance.yahoo.com/news/rcpdirect-iv-exceeds-target-fund-160000191.html,1657209600,STORY
7d38229d-12d2-3e6c-9a5c-eb2059f6b7b0,PX,2022-9-22,"What You Need To Know About P10, Inc.'s (NYSE:PX) Investor Composition",Simply Wall St.,https://finance.yahoo.com/news/know-p10-inc-nyse-px-101234651.html,1656583954,STORY
99638034-3120-3144-95fd-3313ff7dd950,PX,2022-9-23,"P10 Announces Agreement to Acquire Western Technology Investment, Market Leader in Venture Debt",GlobeNewswire,https://finance.yahoo.com/news/p10-announces-agreement-acquire-western-114500367.html,1661514300,STORY
cf4a3b5e-4abf-31a0-9bda-f0dd92e85c88,PX,2022-9-23,P10 Reports Second Quarter 2022 Results,GlobeNewswire,https://finance.yahoo.com/news/p10-reports-second-quarter-2022-201000333.html,1660248600,STORY
3dc2efd8-b037-391d-abb3-923142e4900c,PX,2022-9-23,Is it Still a Good Decision to Invest in P10 (PX)?,Insider Monkey,https://finance.yahoo.com/news/still-good-decision-invest-p10-134751411.html,1659016071,STORY
09dc81ca-13c4-390e-be71-37671675f31f,PX,2022-9-23,"P10 Schedules Second Quarter 2022 Earnings Release for Thursday, August 11, 2022",GlobeNewswire,https://finance.yahoo.com/news/p10-schedules-second-quarter-2022-210900475.html,1658783340,STORY
2a08dba8-7bd9-3773-8054-e5d2f8257671,PX,2022-9-23,Crossroads Impact Corp Announces $180 Million Equity Investment from Funds Managed by P10 and Conversant Capital and Expanded Relationship with Enhanced Capital Group to Accelerate Growth,GlobeNewswire,https://finance.yahoo.com/news/crossroads-impact-corp-announces-180-231900080.html,1657581540,STORY
a109c952-8751-3066-8b5d-d674fc1c2a5a,PX,2022-9-23,"RCPDirect IV Exceeds Target Fund Size, Closing $645.4 Million in Aggregate Capital Commitments",GlobeNewswire,https://finance.yahoo.com/news/rcpdirect-iv-exceeds-target-fund-160000191.html,1657209600,STORY
7d38229d-12d2-3e6c-9a5c-eb2059f6b7b0,PX,2022-9-23,"What You Need To Know About P10, Inc.'s (NYSE:PX) Investor Composition",Simply Wall St.,https://finance.yahoo.com/news/know-p10-inc-nyse-px-101234651.html,1656583954,STORY
99638034-3120-3144-95fd-3313ff7dd950,PX,2022-9-24,"P10 Announces Agreement to Acquire Western Technology Investment, Market Leader in Venture Debt",GlobeNewswire,https://finance.yahoo.com/news/p10-announces-agreement-acquire-western-114500367.html,1661514300,STORY
cf4a3b5e-4abf-31a0-9bda-f0dd92e85c88,PX,2022-9-24,P10 Reports Second Quarter 2022 Results,GlobeNewswire,https://finance.yahoo.com/news/p10-reports-second-quarter-2022-201000333.html,1660248600,STORY
3dc2efd8-b037-391d-abb3-923142e4900c,PX,2022-9-24,Is it Still a Good Decision to Invest in P10 (PX)?,Insider Monkey,https://finance.yahoo.com/news/still-good-decision-invest-p10-134751411.html,1659016071,STORY
09dc81ca-13c4-390e-be71-37671675f31f,PX,2022-9-24,"P10 Schedules Second Quarter 2022 Earnings Release for Thursday, August 11, 2022",GlobeNewswire,https://finance.yahoo.com/news/p10-schedules-second-quarter-2022-210900475.html,1658783340,STORY
2a08dba8-7bd9-3773-8054-e5d2f8257671,PX,2022-9-24,Crossroads Impact Corp Announces $180 Million Equity Investment from Funds Managed by P10 and Conversant Capital and Expanded Relationship with Enhanced Capital Group to Accelerate Growth,GlobeNewswire,https://finance.yahoo.com/news/crossroads-impact-corp-announces-180-231900080.html,1657581540,STORY
a109c952-8751-3066-8b5d-d674fc1c2a5a,PX,2022-9-24,"RCPDirect IV Exceeds Target Fund Size, Closing $645.4 Million in Aggregate Capital Commitments",GlobeNewswire,https://finance.yahoo.com/news/rcpdirect-iv-exceeds-target-fund-160000191.html,1657209600,STORY
7d38229d-12d2-3e6c-9a5c-eb2059f6b7b0,PX,2022-9-24,"What You Need To Know About P10, Inc.'s (NYSE:PX) Investor Composition",Simply Wall St.,https://finance.yahoo.com/news/know-p10-inc-nyse-px-101234651.html,1656583954,STORY
99638034-3120-3144-95fd-3313ff7dd950,PX,2022-9-25,"P10 Announces Agreement to Acquire Western Technology Investment, Market Leader in Venture Debt",GlobeNewswire,https://finance.yahoo.com/news/p10-announces-agreement-acquire-western-114500367.html,1661514300,STORY
cf4a3b5e-4abf-31a0-9bda-f0dd92e85c88,PX,2022-9-25,P10 Reports Second Quarter 2022 Results,GlobeNewswire,https://finance.yahoo.com/news/p10-reports-second-quarter-2022-201000333.html,1660248600,STORY
3dc2efd8-b037-391d-abb3-923142e4900c,PX,2022-9-25,Is it Still a Good Decision to Invest in P10 (PX)?,Insider Monkey,https://finance.yahoo.com/news/still-good-decision-invest-p10-134751411.html,1659016071,STORY
09dc81ca-13c4-390e-be71-37671675f31f,PX,2022-9-25,"P10 Schedules Second Quarter 2022 Earnings Release for Thursday, August 11, 2022",GlobeNewswire,https://finance.yahoo.com/news/p10-schedules-second-quarter-2022-210900475.html,1658783340,STORY
2a08dba8-7bd9-3773-8054-e5d2f8257671,PX,2022-9-25,Crossroads Impact Corp Announces $180 Million Equity Investment from Funds Managed by P10 and Conversant Capital and Expanded Relationship with Enhanced Capital Group to Accelerate Growth,GlobeNewswire,https://finance.yahoo.com/news/crossroads-impact-corp-announces-180-231900080.html,1657581540,STORY
a109c952-8751-3066-8b5d-d674fc1c2a5a,PX,2022-9-25,"RCPDirect IV Exceeds Target Fund Size, Closing $645.4 Million in Aggregate Capital Commitments",GlobeNewswire,https://finance.yahoo.com/news/rcpdirect-iv-exceeds-target-fund-160000191.html,1657209600,STORY
7d38229d-12d2-3e6c-9a5c-eb2059f6b7b0,PX,2022-9-25,"What You Need To Know About P10, Inc.'s (NYSE:PX) Investor Composition",Simply Wall St.,https://finance.yahoo.com/news/know-p10-inc-nyse-px-101234651.html,1656583954,STORY
99638034-3120-3144-95fd-3313ff7dd950,PX,2022-9-26,"P10 Announces Agreement to Acquire Western Technology Investment, Market Leader in Venture Debt",GlobeNewswire,https://finance.yahoo.com/news/p10-announces-agreement-acquire-western-114500367.html,1661514300,STORY
cf4a3b5e-4abf-31a0-9bda-f0dd92e85c88,PX,2022-9-26,P10 Reports Second Quarter 2022 Results,GlobeNewswire,https://finance.yahoo.com/news/p10-reports-second-quarter-2022-201000333.html,1660248600,STORY
3dc2efd8-b037-391d-abb3-923142e4900c,PX,2022-9-26,Is it Still a Good Decision to Invest in P10 (PX)?,Insider Monkey,https://finance.yahoo.com/news/still-good-decision-invest-p10-134751411.html,1659016071,STORY
09dc81ca-13c4-390e-be71-37671675f31f,PX,2022-9-26,"P10 Schedules Second Quarter 2022 Earnings Release for Thursday, August 11, 2022",GlobeNewswire,https://finance.yahoo.com/news/p10-schedules-second-quarter-2022-210900475.html,1658783340,STORY
2a08dba8-7bd9-3773-8054-e5d2f8257671,PX,2022-9-26,Crossroads Impact Corp Announces $180 Million Equity Investment from Funds Managed by P10 and Conversant Capital and Expanded Relationship with Enhanced Capital Group to Accelerate Growth,GlobeNewswire,https://finance.yahoo.com/news/crossroads-impact-corp-announces-180-231900080.html,1657581540,STORY
a109c952-8751-3066-8b5d-d674fc1c2a5a,PX,2022-9-26,"RCPDirect IV Exceeds Target Fund Size, Closing $645.4 Million in Aggregate Capital Commitments",GlobeNewswire,https://finance.yahoo.com/news/rcpdirect-iv-exceeds-target-fund-160000191.html,1657209600,STORY
7d38229d-12d2-3e6c-9a5c-eb2059f6b7b0,PX,2022-9-26,"What You Need To Know About P10, Inc.'s (NYSE:PX) Investor Composition",Simply Wall St.,https://finance.yahoo.com/news/know-p10-inc-nyse-px-101234651.html,1656583954,STORY
99638034-3120-3144-95fd-3313ff7dd950,PX,2022-9-27,"P10 Announces Agreement to Acquire Western Technology Investment, Market Leader in Venture Debt",GlobeNewswire,https://finance.yahoo.com/news/p10-announces-agreement-acquire-western-114500367.html,1661514300,STORY
cf4a3b5e-4abf-31a0-9bda-f0dd92e85c88,PX,2022-9-27,P10 Reports Second Quarter 2022 Results,GlobeNewswire,https://finance.yahoo.com/news/p10-reports-second-quarter-2022-201000333.html,1660248600,STORY
3dc2efd8-b037-391d-abb3-923142e4900c,PX,2022-9-27,Is it Still a Good Decision to Invest in P10 (PX)?,Insider Monkey,https://finance.yahoo.com/news/still-good-decision-invest-p10-134751411.html,1659016071,STORY
09dc81ca-13c4-390e-be71-37671675f31f,PX,2022-9-27,"P10 Schedules Second Quarter 2022 Earnings Release for Thursday, August 11, 2022",GlobeNewswire,https://finance.yahoo.com/news/p10-schedules-second-quarter-2022-210900475.html,1658783340,STORY
2a08dba8-7bd9-3773-8054-e5d2f8257671,PX,2022-9-27,Crossroads Impact Corp Announces $180 Million Equity Investment from Funds Managed by P10 and Conversant Capital and Expanded Relationship with Enhanced Capital Group to Accelerate Growth,GlobeNewswire,https://finance.yahoo.com/news/crossroads-impact-corp-announces-180-231900080.html,1657581540,STORY
a109c952-8751-3066-8b5d-d674fc1c2a5a,PX,2022-9-27,"RCPDirect IV Exceeds Target Fund Size, Closing $645.4 Million in Aggregate Capital Commitments",GlobeNewswire,https://finance.yahoo.com/news/rcpdirect-iv-exceeds-target-fund-160000191.html,1657209600,STORY
7d38229d-12d2-3e6c-9a5c-eb2059f6b7b0,PX,2022-9-27,"What You Need To Know About P10, Inc.'s (NYSE:PX) Investor Composition",Simply Wall St.,https://finance.yahoo.com/news/know-p10-inc-nyse-px-101234651.html,1656583954,STORY
99638034-3120-3144-95fd-3313ff7dd950,PX,2022-9-28,"P10 Announces Agreement to Acquire Western Technology Investment, Market Leader in Venture Debt",GlobeNewswire,https://finance.yahoo.com/news/p10-announces-agreement-acquire-western-114500367.html,1661514300,STORY
cf4a3b5e-4abf-31a0-9bda-f0dd92e85c88,PX,2022-9-28,P10 Reports Second Quarter 2022 Results,GlobeNewswire,https://finance.yahoo.com/news/p10-reports-second-quarter-2022-201000333.html,1660248600,STORY
3dc2efd8-b037-391d-abb3-923142e4900c,PX,2022-9-28,Is it Still a Good Decision to Invest in P10 (PX)?,Insider Monkey,https://finance.yahoo.com/news/still-good-decision-invest-p10-134751411.html,1659016071,STORY
09dc81ca-13c4-390e-be71-37671675f31f,PX,2022-9-28,"P10 Schedules Second Quarter 2022 Earnings Release for Thursday, August 11, 2022",GlobeNewswire,https://finance.yahoo.com/news/p10-schedules-second-quarter-2022-210900475.html,1658783340,STORY
2a08dba8-7bd9-3773-8054-e5d2f8257671,PX,2022-9-28,Crossroads Impact Corp Announces $180 Million Equity Investment from Funds Managed by P10 and Conversant Capital and Expanded Relationship with Enhanced Capital Group to Accelerate Growth,GlobeNewswire,https://finance.yahoo.com/news/crossroads-impact-corp-announces-180-231900080.html,1657581540,STORY
a109c952-8751-3066-8b5d-d674fc1c2a5a,PX,2022-9-28,"RCPDirect IV Exceeds Target Fund Size, Closing $645.4 Million in Aggregate Capital Commitments",GlobeNewswire,https://finance.yahoo.com/news/rcpdirect-iv-exceeds-target-fund-160000191.html,1657209600,STORY
99638034-3120-3144-95fd-3313ff7dd950,PX,2022-9-29,"P10 Announces Agreement to Acquire Western Technology Investment, Market Leader in Venture Debt",GlobeNewswire,https://finance.yahoo.com/news/p10-announces-agreement-acquire-western-114500367.html,1661514300,STORY
cf4a3b5e-4abf-31a0-9bda-f0dd92e85c88,PX,2022-9-29,P10 Reports Second Quarter 2022 Results,GlobeNewswire,https://finance.yahoo.com/news/p10-reports-second-quarter-2022-201000333.html,1660248600,STORY
3dc2efd8-b037-391d-abb3-923142e4900c,PX,2022-9-29,Is it Still a Good Decision to Invest in P10 (PX)?,Insider Monkey,https://finance.yahoo.com/news/still-good-decision-invest-p10-134751411.html,1659016071,STORY
09dc81ca-13c4-390e-be71-37671675f31f,PX,2022-9-29,"P10 Schedules Second Quarter 2022 Earnings Release for Thursday, August 11, 2022",GlobeNewswire,https://finance.yahoo.com/news/p10-schedules-second-quarter-2022-210900475.html,1658783340,STORY
2a08dba8-7bd9-3773-8054-e5d2f8257671,PX,2022-9-29,Crossroads Impact Corp Announces $180 Million Equity Investment from Funds Managed by P10 and Conversant Capital and Expanded Relationship with Enhanced Capital Group to Accelerate Growth,GlobeNewswire,https://finance.yahoo.com/news/crossroads-impact-corp-announces-180-231900080.html,1657581540,STORY
a109c952-8751-3066-8b5d-d674fc1c2a5a,PX,2022-9-29,"RCPDirect IV Exceeds Target Fund Size, Closing $645.4 Million in Aggregate Capital Commitments",GlobeNewswire,https://finance.yahoo.com/news/rcpdirect-iv-exceeds-target-fund-160000191.html,1657209600,STORY
99638034-3120-3144-95fd-3313ff7dd950,PX,2022-9-30,"P10 Announces Agreement to Acquire Western Technology Investment, Market Leader in Venture Debt",GlobeNewswire,https://finance.yahoo.com/news/p10-announces-agreement-acquire-western-114500367.html,1661514300,STORY
cf4a3b5e-4abf-31a0-9bda-f0dd92e85c88,PX,2022-9-30,P10 Reports Second Quarter 2022 Results,GlobeNewswire,https://finance.yahoo.com/news/p10-reports-second-quarter-2022-201000333.html,1660248600,STORY
3dc2efd8-b037-391d-abb3-923142e4900c,PX,2022-9-30,Is it Still a Good Decision to Invest in P10 (PX)?,Insider Monkey,https://finance.yahoo.com/news/still-good-decision-invest-p10-134751411.html,1659016071,STORY
09dc81ca-13c4-390e-be71-37671675f31f,PX,2022-9-30,"P10 Schedules Second Quarter 2022 Earnings Release for Thursday, August 11, 2022",GlobeNewswire,https://finance.yahoo.com/news/p10-schedules-second-quarter-2022-210900475.html,1658783340,STORY
2a08dba8-7bd9-3773-8054-e5d2f8257671,PX,2022-9-30,Crossroads Impact Corp Announces $180 Million Equity Investment from Funds Managed by P10 and Conversant Capital and Expanded Relationship with Enhanced Capital Group to Accelerate Growth,GlobeNewswire,https://finance.yahoo.com/news/crossroads-impact-corp-announces-180-231900080.html,1657581540,STORY
a109c952-8751-3066-8b5d-d674fc1c2a5a,PX,2022-9-30,"RCPDirect IV Exceeds Target Fund Size, Closing $645.4 Million in Aggregate Capital Commitments",GlobeNewswire,https://finance.yahoo.com/news/rcpdirect-iv-exceeds-target-fund-160000191.html,1657209600,STORY
99638034-3120-3144-95fd-3313ff7dd950,PX,2022-10-1,"P10 Announces Agreement to Acquire Western Technology Investment, Market Leader in Venture Debt",GlobeNewswire,https://finance.yahoo.com/news/p10-announces-agreement-acquire-western-114500367.html,1661514300,STORY
cf4a3b5e-4abf-31a0-9bda-f0dd92e85c88,PX,2022-10-1,P10 Reports Second Quarter 2022 Results,GlobeNewswire,https://finance.yahoo.com/news/p10-reports-second-quarter-2022-201000333.html,1660248600,STORY
09dc81ca-13c4-390e-be71-37671675f31f,PX,2022-10-1,"P10 Schedules Second Quarter 2022 Earnings Release for Thursday, August 11, 2022",GlobeNewswire,https://finance.yahoo.com/news/p10-schedules-second-quarter-2022-210900475.html,1658783340,STORY
2a08dba8-7bd9-3773-8054-e5d2f8257671,PX,2022-10-1,Crossroads Impact Corp Announces $180 Million Equity Investment from Funds Managed by P10 and Conversant Capital and Expanded Relationship with Enhanced Capital Group to Accelerate Growth,GlobeNewswire,https://finance.yahoo.com/news/crossroads-impact-corp-announces-180-231900080.html,1657581540,STORY
a109c952-8751-3066-8b5d-d674fc1c2a5a,PX,2022-10-1,"RCPDirect IV Exceeds Target Fund Size, Closing $645.4 Million in Aggregate Capital Commitments",GlobeNewswire,https://finance.yahoo.com/news/rcpdirect-iv-exceeds-target-fund-160000191.html,1657209600,STORY
99638034-3120-3144-95fd-3313ff7dd950,PX,2022-10-2,"P10 Announces Agreement to Acquire Western Technology Investment, Market Leader in Venture Debt",GlobeNewswire,https://finance.yahoo.com/news/p10-announces-agreement-acquire-western-114500367.html,1661514300,STORY
cf4a3b5e-4abf-31a0-9bda-f0dd92e85c88,PX,2022-10-2,P10 Reports Second Quarter 2022 Results,GlobeNewswire,https://finance.yahoo.com/news/p10-reports-second-quarter-2022-201000333.html,1660248600,STORY
09dc81ca-13c4-390e-be71-37671675f31f,PX,2022-10-2,"P10 Schedules Second Quarter 2022 Earnings Release for Thursday, August 11, 2022",GlobeNewswire,https://finance.yahoo.com/news/p10-schedules-second-quarter-2022-210900475.html,1658783340,STORY
2a08dba8-7bd9-3773-8054-e5d2f8257671,PX,2022-10-2,Crossroads Impact Corp Announces $180 Million Equity Investment from Funds Managed by P10 and Conversant Capital and Expanded Relationship with Enhanced Capital Group to Accelerate Growth,GlobeNewswire,https://finance.yahoo.com/news/crossroads-impact-corp-announces-180-231900080.html,1657581540,STORY
a109c952-8751-3066-8b5d-d674fc1c2a5a,PX,2022-10-2,"RCPDirect IV Exceeds Target Fund Size, Closing $645.4 Million in Aggregate Capital Commitments",GlobeNewswire,https://finance.yahoo.com/news/rcpdirect-iv-exceeds-target-fund-160000191.html,1657209600,STORY
99638034-3120-3144-95fd-3313ff7dd950,PX,2022-10-3,"P10 Announces Agreement to Acquire Western Technology Investment, Market Leader in Venture Debt",GlobeNewswire,https://finance.yahoo.com/news/p10-announces-agreement-acquire-western-114500367.html,1661514300,STORY
cf4a3b5e-4abf-31a0-9bda-f0dd92e85c88,PX,2022-10-3,P10 Reports Second Quarter 2022 Results,GlobeNewswire,https://finance.yahoo.com/news/p10-reports-second-quarter-2022-201000333.html,1660248600,STORY
09dc81ca-13c4-390e-be71-37671675f31f,PX,2022-10-3,"P10 Schedules Second Quarter 2022 Earnings Release for Thursday, August 11, 2022",GlobeNewswire,https://finance.yahoo.com/news/p10-schedules-second-quarter-2022-210900475.html,1658783340,STORY
2a08dba8-7bd9-3773-8054-e5d2f8257671,PX,2022-10-3,Crossroads Impact Corp Announces $180 Million Equity Investment from Funds Managed by P10 and Conversant Capital and Expanded Relationship with Enhanced Capital Group to Accelerate Growth,GlobeNewswire,https://finance.yahoo.com/news/crossroads-impact-corp-announces-180-231900080.html,1657581540,STORY
a109c952-8751-3066-8b5d-d674fc1c2a5a,PX,2022-10-3,"RCPDirect IV Exceeds Target Fund Size, Closing $645.4 Million in Aggregate Capital Commitments",GlobeNewswire,https://finance.yahoo.com/news/rcpdirect-iv-exceeds-target-fund-160000191.html,1657209600,STORY
99638034-3120-3144-95fd-3313ff7dd950,PX,2022-10-4,"P10 Announces Agreement to Acquire Western Technology Investment, Market Leader in Venture Debt",GlobeNewswire,https://finance.yahoo.com/news/p10-announces-agreement-acquire-western-114500367.html,1661514300,STORY
cf4a3b5e-4abf-31a0-9bda-f0dd92e85c88,PX,2022-10-4,P10 Reports Second Quarter 2022 Results,GlobeNewswire,https://finance.yahoo.com/news/p10-reports-second-quarter-2022-201000333.html,1660248600,STORY
3dc2efd8-b037-391d-abb3-923142e4900c,PX,2022-10-4,Is it Still a Good Decision to Invest in P10 (PX)?,Insider Monkey,https://finance.yahoo.com/news/still-good-decision-invest-p10-134751411.html,1659016071,STORY
09dc81ca-13c4-390e-be71-37671675f31f,PX,2022-10-4,"P10 Schedules Second Quarter 2022 Earnings Release for Thursday, August 11, 2022",GlobeNewswire,https://finance.yahoo.com/news/p10-schedules-second-quarter-2022-210900475.html,1658783340,STORY
2a08dba8-7bd9-3773-8054-e5d2f8257671,PX,2022-10-4,Crossroads Impact Corp Announces $180 Million Equity Investment from Funds Managed by P10 and Conversant Capital and Expanded Relationship with Enhanced Capital Group to Accelerate Growth,GlobeNewswire,https://finance.yahoo.com/news/crossroads-impact-corp-announces-180-231900080.html,1657581540,STORY
a109c952-8751-3066-8b5d-d674fc1c2a5a,PX,2022-10-4,"RCPDirect IV Exceeds Target Fund Size, Closing $645.4 Million in Aggregate Capital Commitments",GlobeNewswire,https://finance.yahoo.com/news/rcpdirect-iv-exceeds-target-fund-160000191.html,1657209600,STORY
99638034-3120-3144-95fd-3313ff7dd950,PX,2022-10-5,"P10 Announces Agreement to Acquire Western Technology Investment, Market Leader in Venture Debt",GlobeNewswire,https://finance.yahoo.com/news/p10-announces-agreement-acquire-western-114500367.html,1661514300,STORY
cf4a3b5e-4abf-31a0-9bda-f0dd92e85c88,PX,2022-10-5,P10 Reports Second Quarter 2022 Results,GlobeNewswire,https://finance.yahoo.com/news/p10-reports-second-quarter-2022-201000333.html,1660248600,STORY
3dc2efd8-b037-391d-abb3-923142e4900c,PX,2022-10-5,Is it Still a Good Decision to Invest in P10 (PX)?,Insider Monkey,https://finance.yahoo.com/news/still-good-decision-invest-p10-134751411.html,1659016071,STORY
09dc81ca-13c4-390e-be71-37671675f31f,PX,2022-10-5,"P10 Schedules Second Quarter 2022 Earnings Release for Thursday, August 11, 2022",GlobeNewswire,https://finance.yahoo.com/news/p10-schedules-second-quarter-2022-210900475.html,1658783340,STORY
2a08dba8-7bd9-3773-8054-e5d2f8257671,PX,2022-10-5,Crossroads Impact Corp Announces $180 Million Equity Investment from Funds Managed by P10 and Conversant Capital and Expanded Relationship with Enhanced Capital Group to Accelerate Growth,GlobeNewswire,https://finance.yahoo.com/news/crossroads-impact-corp-announces-180-231900080.html,1657581540,STORY
a109c952-8751-3066-8b5d-d674fc1c2a5a,PX,2022-10-5,"RCPDirect IV Exceeds Target Fund Size, Closing $645.4 Million in Aggregate Capital Commitments",GlobeNewswire,https://finance.yahoo.com/news/rcpdirect-iv-exceeds-target-fund-160000191.html,1657209600,STORY
99638034-3120-3144-95fd-3313ff7dd950,PX,2022-10-6,"P10 Announces Agreement to Acquire Western Technology Investment, Market Leader in Venture Debt",GlobeNewswire,https://finance.yahoo.com/news/p10-announces-agreement-acquire-western-114500367.html,1661514300,STORY
cf4a3b5e-4abf-31a0-9bda-f0dd92e85c88,PX,2022-10-6,P10 Reports Second Quarter 2022 Results,GlobeNewswire,https://finance.yahoo.com/news/p10-reports-second-quarter-2022-201000333.html,1660248600,STORY
3dc2efd8-b037-391d-abb3-923142e4900c,PX,2022-10-6,Is it Still a Good Decision to Invest in P10 (PX)?,Insider Monkey,https://finance.yahoo.com/news/still-good-decision-invest-p10-134751411.html,1659016071,STORY
09dc81ca-13c4-390e-be71-37671675f31f,PX,2022-10-6,"P10 Schedules Second Quarter 2022 Earnings Release for Thursday, August 11, 2022",GlobeNewswire,https://finance.yahoo.com/news/p10-schedules-second-quarter-2022-210900475.html,1658783340,STORY
2a08dba8-7bd9-3773-8054-e5d2f8257671,PX,2022-10-6,Crossroads Impact Corp Announces $180 Million Equity Investment from Funds Managed by P10 and Conversant Capital and Expanded Relationship with Enhanced Capital Group to Accelerate Growth,GlobeNewswire,https://finance.yahoo.com/news/crossroads-impact-corp-announces-180-231900080.html,1657581540,STORY
99638034-3120-3144-95fd-3313ff7dd950,PX,2022-10-7,"P10 Announces Agreement to Acquire Western Technology Investment, Market Leader in Venture Debt",GlobeNewswire,https://finance.yahoo.com/news/p10-announces-agreement-acquire-western-114500367.html,1661514300,STORY
cf4a3b5e-4abf-31a0-9bda-f0dd92e85c88,PX,2022-10-7,P10 Reports Second Quarter 2022 Results,GlobeNewswire,https://finance.yahoo.com/news/p10-reports-second-quarter-2022-201000333.html,1660248600,STORY
3dc2efd8-b037-391d-abb3-923142e4900c,PX,2022-10-7,Is it Still a Good Decision to Invest in P10 (PX)?,Insider Monkey,https://finance.yahoo.com/news/still-good-decision-invest-p10-134751411.html,1659016071,STORY
09dc81ca-13c4-390e-be71-37671675f31f,PX,2022-10-7,"P10 Schedules Second Quarter 2022 Earnings Release for Thursday, August 11, 2022",GlobeNewswire,https://finance.yahoo.com/news/p10-schedules-second-quarter-2022-210900475.html,1658783340,STORY
2a08dba8-7bd9-3773-8054-e5d2f8257671,PX,2022-10-7,Crossroads Impact Corp Announces $180 Million Equity Investment from Funds Managed by P10 and Conversant Capital and Expanded Relationship with Enhanced Capital Group to Accelerate Growth,GlobeNewswire,https://finance.yahoo.com/news/crossroads-impact-corp-announces-180-231900080.html,1657581540,STORY
99638034-3120-3144-95fd-3313ff7dd950,PX,2022-10-8,"P10 Announces Agreement to Acquire Western Technology Investment, Market Leader in Venture Debt",GlobeNewswire,https://finance.yahoo.com/news/p10-announces-agreement-acquire-western-114500367.html,1661514300,STORY
cf4a3b5e-4abf-31a0-9bda-f0dd92e85c88,PX,2022-10-8,P10 Reports Second Quarter 2022 Results,GlobeNewswire,https://finance.yahoo.com/news/p10-reports-second-quarter-2022-201000333.html,1660248600,STORY
3dc2efd8-b037-391d-abb3-923142e4900c,PX,2022-10-8,Is it Still a Good Decision to Invest in P10 (PX)?,Insider Monkey,https://finance.yahoo.com/news/still-good-decision-invest-p10-134751411.html,1659016071,STORY
09dc81ca-13c4-390e-be71-37671675f31f,PX,2022-10-8,"P10 Schedules Second Quarter 2022 Earnings Release for Thursday, August 11, 2022",GlobeNewswire,https://finance.yahoo.com/news/p10-schedules-second-quarter-2022-210900475.html,1658783340,STORY
2a08dba8-7bd9-3773-8054-e5d2f8257671,PX,2022-10-8,Crossroads Impact Corp Announces $180 Million Equity Investment from Funds Managed by P10 and Conversant Capital and Expanded Relationship with Enhanced Capital Group to Accelerate Growth,GlobeNewswire,https://finance.yahoo.com/news/crossroads-impact-corp-announces-180-231900080.html,1657581540,STORY
99638034-3120-3144-95fd-3313ff7dd950,PX,2022-10-9,"P10 Announces Agreement to Acquire Western Technology Investment, Market Leader in Venture Debt",GlobeNewswire,https://finance.yahoo.com/news/p10-announces-agreement-acquire-western-114500367.html,1661514300,STORY
cf4a3b5e-4abf-31a0-9bda-f0dd92e85c88,PX,2022-10-9,P10 Reports Second Quarter 2022 Results,GlobeNewswire,https://finance.yahoo.com/news/p10-reports-second-quarter-2022-201000333.html,1660248600,STORY
3dc2efd8-b037-391d-abb3-923142e4900c,PX,2022-10-9,Is it Still a Good Decision to Invest in P10 (PX)?,Insider Monkey,https://finance.yahoo.com/news/still-good-decision-invest-p10-134751411.html,1659016071,STORY
09dc81ca-13c4-390e-be71-37671675f31f,PX,2022-10-9,"P10 Schedules Second Quarter 2022 Earnings Release for Thursday, August 11, 2022",GlobeNewswire,https://finance.yahoo.com/news/p10-schedules-second-quarter-2022-210900475.html,1658783340,STORY
2a08dba8-7bd9-3773-8054-e5d2f8257671,PX,2022-10-9,Crossroads Impact Corp Announces $180 Million Equity Investment from Funds Managed by P10 and Conversant Capital and Expanded Relationship with Enhanced Capital Group to Accelerate Growth,GlobeNewswire,https://finance.yahoo.com/news/crossroads-impact-corp-announces-180-231900080.html,1657581540,STORY
99638034-3120-3144-95fd-3313ff7dd950,PX,2022-10-10,"P10 Announces Agreement to Acquire Western Technology Investment, Market Leader in Venture Debt",GlobeNewswire,https://finance.yahoo.com/news/p10-announces-agreement-acquire-western-114500367.html,1661514300,STORY
cf4a3b5e-4abf-31a0-9bda-f0dd92e85c88,PX,2022-10-10,P10 Reports Second Quarter 2022 Results,GlobeNewswire,https://finance.yahoo.com/news/p10-reports-second-quarter-2022-201000333.html,1660248600,STORY
3dc2efd8-b037-391d-abb3-923142e4900c,PX,2022-10-10,Is it Still a Good Decision to Invest in P10 (PX)?,Insider Monkey,https://finance.yahoo.com/news/still-good-decision-invest-p10-134751411.html,1659016071,STORY
09dc81ca-13c4-390e-be71-37671675f31f,PX,2022-10-10,"P10 Schedules Second Quarter 2022 Earnings Release for Thursday, August 11, 2022",GlobeNewswire,https://finance.yahoo.com/news/p10-schedules-second-quarter-2022-210900475.html,1658783340,STORY
99638034-3120-3144-95fd-3313ff7dd950,PX,2022-10-11,"P10 Announces Agreement to Acquire Western Technology Investment, Market Leader in Venture Debt",GlobeNewswire,https://finance.yahoo.com/news/p10-announces-agreement-acquire-western-114500367.html,1661514300,STORY
cf4a3b5e-4abf-31a0-9bda-f0dd92e85c88,PX,2022-10-11,P10 Reports Second Quarter 2022 Results,GlobeNewswire,https://finance.yahoo.com/news/p10-reports-second-quarter-2022-201000333.html,1660248600,STORY
3dc2efd8-b037-391d-abb3-923142e4900c,PX,2022-10-11,Is it Still a Good Decision to Invest in P10 (PX)?,Insider Monkey,https://finance.yahoo.com/news/still-good-decision-invest-p10-134751411.html,1659016071,STORY
09dc81ca-13c4-390e-be71-37671675f31f,PX,2022-10-11,"P10 Schedules Second Quarter 2022 Earnings Release for Thursday, August 11, 2022",GlobeNewswire,https://finance.yahoo.com/news/p10-schedules-second-quarter-2022-210900475.html,1658783340,STORY
99638034-3120-3144-95fd-3313ff7dd950,PX,2022-10-12,"P10 Announces Agreement to Acquire Western Technology Investment, Market Leader in Venture Debt",GlobeNewswire,https://finance.yahoo.com/news/p10-announces-agreement-acquire-western-114500367.html,1661514300,STORY
cf4a3b5e-4abf-31a0-9bda-f0dd92e85c88,PX,2022-10-12,P10 Reports Second Quarter 2022 Results,GlobeNewswire,https://finance.yahoo.com/news/p10-reports-second-quarter-2022-201000333.html,1660248600,STORY
3dc2efd8-b037-391d-abb3-923142e4900c,PX,2022-10-12,Is it Still a Good Decision to Invest in P10 (PX)?,Insider Monkey,https://finance.yahoo.com/news/still-good-decision-invest-p10-134751411.html,1659016071,STORY
09dc81ca-13c4-390e-be71-37671675f31f,PX,2022-10-12,"P10 Schedules Second Quarter 2022 Earnings Release for Thursday, August 11, 2022",GlobeNewswire,https://finance.yahoo.com/news/p10-schedules-second-quarter-2022-210900475.html,1658783340,STORY
99638034-3120-3144-95fd-3313ff7dd950,PX,2022-10-13,"P10 Announces Agreement to Acquire Western Technology Investment, Market Leader in Venture Debt",GlobeNewswire,https://finance.yahoo.com/news/p10-announces-agreement-acquire-western-114500367.html,1661514300,STORY
cf4a3b5e-4abf-31a0-9bda-f0dd92e85c88,PX,2022-10-13,P10 Reports Second Quarter 2022 Results,GlobeNewswire,https://finance.yahoo.com/news/p10-reports-second-quarter-2022-201000333.html,1660248600,STORY
3dc2efd8-b037-391d-abb3-923142e4900c,PX,2022-10-13,Is it Still a Good Decision to Invest in P10 (PX)?,Insider Monkey,https://finance.yahoo.com/news/still-good-decision-invest-p10-134751411.html,1659016071,STORY
09dc81ca-13c4-390e-be71-37671675f31f,PX,2022-10-13,"P10 Schedules Second Quarter 2022 Earnings Release for Thursday, August 11, 2022",GlobeNewswire,https://finance.yahoo.com/news/p10-schedules-second-quarter-2022-210900475.html,1658783340,STORY
710d648f-b482-3f40-9f82-1348faa16ca4,PX,2022-10-14,"P10 Completes Acquisition of Western Technology Investment, Market Leader in Venture Debt",GlobeNewswire,https://finance.yahoo.com/news/p10-completes-acquisition-western-technology-203000354.html,1665693000,STORY
99638034-3120-3144-95fd-3313ff7dd950,PX,2022-10-14,"P10 Announces Agreement to Acquire Western Technology Investment, Market Leader in Venture Debt",GlobeNewswire,https://finance.yahoo.com/news/p10-announces-agreement-acquire-western-114500367.html,1661514300,STORY
cf4a3b5e-4abf-31a0-9bda-f0dd92e85c88,PX,2022-10-14,P10 Reports Second Quarter 2022 Results,GlobeNewswire,https://finance.yahoo.com/news/p10-reports-second-quarter-2022-201000333.html,1660248600,STORY
3dc2efd8-b037-391d-abb3-923142e4900c,PX,2022-10-14,Is it Still a Good Decision to Invest in P10 (PX)?,Insider Monkey,https://finance.yahoo.com/news/still-good-decision-invest-p10-134751411.html,1659016071,STORY
09dc81ca-13c4-390e-be71-37671675f31f,PX,2022-10-14,"P10 Schedules Second Quarter 2022 Earnings Release for Thursday, August 11, 2022",GlobeNewswire,https://finance.yahoo.com/news/p10-schedules-second-quarter-2022-210900475.html,1658783340,STORY
710d648f-b482-3f40-9f82-1348faa16ca4,PX,2022-10-15,"P10 Completes Acquisition of Western Technology Investment, Market Leader in Venture Debt",GlobeNewswire,https://finance.yahoo.com/news/p10-completes-acquisition-western-technology-203000354.html,1665693000,STORY
99638034-3120-3144-95fd-3313ff7dd950,PX,2022-10-15,"P10 Announces Agreement to Acquire Western Technology Investment, Market Leader in Venture Debt",GlobeNewswire,https://finance.yahoo.com/news/p10-announces-agreement-acquire-western-114500367.html,1661514300,STORY
cf4a3b5e-4abf-31a0-9bda-f0dd92e85c88,PX,2022-10-15,P10 Reports Second Quarter 2022 Results,GlobeNewswire,https://finance.yahoo.com/news/p10-reports-second-quarter-2022-201000333.html,1660248600,STORY
3dc2efd8-b037-391d-abb3-923142e4900c,PX,2022-10-15,Is it Still a Good Decision to Invest in P10 (PX)?,Insider Monkey,https://finance.yahoo.com/news/still-good-decision-invest-p10-134751411.html,1659016071,STORY
09dc81ca-13c4-390e-be71-37671675f31f,PX,2022-10-15,"P10 Schedules Second Quarter 2022 Earnings Release for Thursday, August 11, 2022",GlobeNewswire,https://finance.yahoo.com/news/p10-schedules-second-quarter-2022-210900475.html,1658783340,STORY
710d648f-b482-3f40-9f82-1348faa16ca4,PX,2022-10-16,"P10 Completes Acquisition of Western Technology Investment, Market Leader in Venture Debt",GlobeNewswire,https://finance.yahoo.com/news/p10-completes-acquisition-western-technology-203000354.html,1665693000,STORY
99638034-3120-3144-95fd-3313ff7dd950,PX,2022-10-16,"P10 Announces Agreement to Acquire Western Technology Investment, Market Leader in Venture Debt",GlobeNewswire,https://finance.yahoo.com/news/p10-announces-agreement-acquire-western-114500367.html,1661514300,STORY
cf4a3b5e-4abf-31a0-9bda-f0dd92e85c88,PX,2022-10-16,P10 Reports Second Quarter 2022 Results,GlobeNewswire,https://finance.yahoo.com/news/p10-reports-second-quarter-2022-201000333.html,1660248600,STORY
3dc2efd8-b037-391d-abb3-923142e4900c,PX,2022-10-16,Is it Still a Good Decision to Invest in P10 (PX)?,Insider Monkey,https://finance.yahoo.com/news/still-good-decision-invest-p10-134751411.html,1659016071,STORY
09dc81ca-13c4-390e-be71-37671675f31f,PX,2022-10-16,"P10 Schedules Second Quarter 2022 Earnings Release for Thursday, August 11, 2022",GlobeNewswire,https://finance.yahoo.com/news/p10-schedules-second-quarter-2022-210900475.html,1658783340,STORY
710d648f-b482-3f40-9f82-1348faa16ca4,PX,2022-10-17,"P10 Completes Acquisition of Western Technology Investment, Market Leader in Venture Debt",GlobeNewswire,https://finance.yahoo.com/news/p10-completes-acquisition-western-technology-203000354.html,1665693000,STORY
99638034-3120-3144-95fd-3313ff7dd950,PX,2022-10-17,"P10 Announces Agreement to Acquire Western Technology Investment, Market Leader in Venture Debt",GlobeNewswire,https://finance.yahoo.com/news/p10-announces-agreement-acquire-western-114500367.html,1661514300,STORY
cf4a3b5e-4abf-31a0-9bda-f0dd92e85c88,PX,2022-10-17,P10 Reports Second Quarter 2022 Results,GlobeNewswire,https://finance.yahoo.com/news/p10-reports-second-quarter-2022-201000333.html,1660248600,STORY
3dc2efd8-b037-391d-abb3-923142e4900c,PX,2022-10-17,Is it Still a Good Decision to Invest in P10 (PX)?,Insider Monkey,https://finance.yahoo.com/news/still-good-decision-invest-p10-134751411.html,1659016071,STORY
09dc81ca-13c4-390e-be71-37671675f31f,PX,2022-10-17,"P10 Schedules Second Quarter 2022 Earnings Release for Thursday, August 11, 2022",GlobeNewswire,https://finance.yahoo.com/news/p10-schedules-second-quarter-2022-210900475.html,1658783340,STORY
99b0c727-ebf5-37a7-bd7d-c5934114c2e9,PX,2022-10-18,"P10 Schedules Third Quarter 2022 Earnings Release for Thursday, November 10, 2022",GlobeNewswire,https://finance.yahoo.com/news/p10-schedules-third-quarter-2022-204700510.html,1666039620,STORY
710d648f-b482-3f40-9f82-1348faa16ca4,PX,2022-10-18,"P10 Completes Acquisition of Western Technology Investment, Market Leader in Venture Debt",GlobeNewswire,https://finance.yahoo.com/news/p10-completes-acquisition-western-technology-203000354.html,1665693000,STORY
99638034-3120-3144-95fd-3313ff7dd950,PX,2022-10-18,"P10 Announces Agreement to Acquire Western Technology Investment, Market Leader in Venture Debt",GlobeNewswire,https://finance.yahoo.com/news/p10-announces-agreement-acquire-western-114500367.html,1661514300,STORY
cf4a3b5e-4abf-31a0-9bda-f0dd92e85c88,PX,2022-10-18,P10 Reports Second Quarter 2022 Results,GlobeNewswire,https://finance.yahoo.com/news/p10-reports-second-quarter-2022-201000333.html,1660248600,STORY
3dc2efd8-b037-391d-abb3-923142e4900c,PX,2022-10-18,Is it Still a Good Decision to Invest in P10 (PX)?,Insider Monkey,https://finance.yahoo.com/news/still-good-decision-invest-p10-134751411.html,1659016071,STORY
09dc81ca-13c4-390e-be71-37671675f31f,PX,2022-10-18,"P10 Schedules Second Quarter 2022 Earnings Release for Thursday, August 11, 2022",GlobeNewswire,https://finance.yahoo.com/news/p10-schedules-second-quarter-2022-210900475.html,1658783340,STORY
99b0c727-ebf5-37a7-bd7d-c5934114c2e9,PX,2022-10-19,"P10 Schedules Third Quarter 2022 Earnings Release for Thursday, November 10, 2022",GlobeNewswire,https://finance.yahoo.com/news/p10-schedules-third-quarter-2022-204700510.html,1666039620,STORY
710d648f-b482-3f40-9f82-1348faa16ca4,PX,2022-10-19,"P10 Completes Acquisition of Western Technology Investment, Market Leader in Venture Debt",GlobeNewswire,https://finance.yahoo.com/news/p10-completes-acquisition-western-technology-203000354.html,1665693000,STORY
99638034-3120-3144-95fd-3313ff7dd950,PX,2022-10-19,"P10 Announces Agreement to Acquire Western Technology Investment, Market Leader in Venture Debt",GlobeNewswire,https://finance.yahoo.com/news/p10-announces-agreement-acquire-western-114500367.html,1661514300,STORY
cf4a3b5e-4abf-31a0-9bda-f0dd92e85c88,PX,2022-10-19,P10 Reports Second Quarter 2022 Results,GlobeNewswire,https://finance.yahoo.com/news/p10-reports-second-quarter-2022-201000333.html,1660248600,STORY
3dc2efd8-b037-391d-abb3-923142e4900c,PX,2022-10-19,Is it Still a Good Decision to Invest in P10 (PX)?,Insider Monkey,https://finance.yahoo.com/news/still-good-decision-invest-p10-134751411.html,1659016071,STORY
09dc81ca-13c4-390e-be71-37671675f31f,PX,2022-10-19,"P10 Schedules Second Quarter 2022 Earnings Release for Thursday, August 11, 2022",GlobeNewswire,https://finance.yahoo.com/news/p10-schedules-second-quarter-2022-210900475.html,1658783340,STORY
3fb4c86e-e553-3a9c-937b-d8e711349e1a,PX,2022-10-20,"P10 Announces Time Change for Third Quarter 2022 Earnings Release on Thursday, November 10, 2022",GlobeNewswire,https://finance.yahoo.com/news/p10-announces-time-change-third-203000042.html,1666211400,STORY
99b0c727-ebf5-37a7-bd7d-c5934114c2e9,PX,2022-10-20,"P10 Schedules Third Quarter 2022 Earnings Release for Thursday, November 10, 2022",GlobeNewswire,https://finance.yahoo.com/news/p10-schedules-third-quarter-2022-204700510.html,1666039620,STORY
710d648f-b482-3f40-9f82-1348faa16ca4,PX,2022-10-20,"P10 Completes Acquisition of Western Technology Investment, Market Leader in Venture Debt",GlobeNewswire,https://finance.yahoo.com/news/p10-completes-acquisition-western-technology-203000354.html,1665693000,STORY
99638034-3120-3144-95fd-3313ff7dd950,PX,2022-10-20,"P10 Announces Agreement to Acquire Western Technology Investment, Market Leader in Venture Debt",GlobeNewswire,https://finance.yahoo.com/news/p10-announces-agreement-acquire-western-114500367.html,1661514300,STORY
cf4a3b5e-4abf-31a0-9bda-f0dd92e85c88,PX,2022-10-20,P10 Reports Second Quarter 2022 Results,GlobeNewswire,https://finance.yahoo.com/news/p10-reports-second-quarter-2022-201000333.html,1660248600,STORY
3dc2efd8-b037-391d-abb3-923142e4900c,PX,2022-10-20,Is it Still a Good Decision to Invest in P10 (PX)?,Insider Monkey,https://finance.yahoo.com/news/still-good-decision-invest-p10-134751411.html,1659016071,STORY
09dc81ca-13c4-390e-be71-37671675f31f,PX,2022-10-20,"P10 Schedules Second Quarter 2022 Earnings Release for Thursday, August 11, 2022",GlobeNewswire,https://finance.yahoo.com/news/p10-schedules-second-quarter-2022-210900475.html,1658783340,STORY
3fb4c86e-e553-3a9c-937b-d8e711349e1a,PX,2022-10-21,"P10 Announces Time Change for Third Quarter 2022 Earnings Release on Thursday, November 10, 2022",GlobeNewswire,https://finance.yahoo.com/news/p10-announces-time-change-third-203000042.html,1666211400,STORY
99b0c727-ebf5-37a7-bd7d-c5934114c2e9,PX,2022-10-21,"P10 Schedules Third Quarter 2022 Earnings Release for Thursday, November 10, 2022",GlobeNewswire,https://finance.yahoo.com/news/p10-schedules-third-quarter-2022-204700510.html,1666039620,STORY
710d648f-b482-3f40-9f82-1348faa16ca4,PX,2022-10-21,"P10 Completes Acquisition of Western Technology Investment, Market Leader in Venture Debt",GlobeNewswire,https://finance.yahoo.com/news/p10-completes-acquisition-western-technology-203000354.html,1665693000,STORY
99638034-3120-3144-95fd-3313ff7dd950,PX,2022-10-21,"P10 Announces Agreement to Acquire Western Technology Investment, Market Leader in Venture Debt",GlobeNewswire,https://finance.yahoo.com/news/p10-announces-agreement-acquire-western-114500367.html,1661514300,STORY
cf4a3b5e-4abf-31a0-9bda-f0dd92e85c88,PX,2022-10-21,P10 Reports Second Quarter 2022 Results,GlobeNewswire,https://finance.yahoo.com/news/p10-reports-second-quarter-2022-201000333.html,1660248600,STORY
3dc2efd8-b037-391d-abb3-923142e4900c,PX,2022-10-21,Is it Still a Good Decision to Invest in P10 (PX)?,Insider Monkey,https://finance.yahoo.com/news/still-good-decision-invest-p10-134751411.html,1659016071,STORY
09dc81ca-13c4-390e-be71-37671675f31f,PX,2022-10-21,"P10 Schedules Second Quarter 2022 Earnings Release for Thursday, August 11, 2022",GlobeNewswire,https://finance.yahoo.com/news/p10-schedules-second-quarter-2022-210900475.html,1658783340,STORY
3fb4c86e-e553-3a9c-937b-d8e711349e1a,PX,2022-10-22,"P10 Announces Time Change for Third Quarter 2022 Earnings Release on Thursday, November 10, 2022",GlobeNewswire,https://finance.yahoo.com/news/p10-announces-time-change-third-203000042.html,1666211400,STORY
99b0c727-ebf5-37a7-bd7d-c5934114c2e9,PX,2022-10-22,"P10 Schedules Third Quarter 2022 Earnings Release for Thursday, November 10, 2022",GlobeNewswire,https://finance.yahoo.com/news/p10-schedules-third-quarter-2022-204700510.html,1666039620,STORY
710d648f-b482-3f40-9f82-1348faa16ca4,PX,2022-10-22,"P10 Completes Acquisition of Western Technology Investment, Market Leader in Venture Debt",GlobeNewswire,https://finance.yahoo.com/news/p10-completes-acquisition-western-technology-203000354.html,1665693000,STORY
99638034-3120-3144-95fd-3313ff7dd950,PX,2022-10-22,"P10 Announces Agreement to Acquire Western Technology Investment, Market Leader in Venture Debt",GlobeNewswire,https://finance.yahoo.com/news/p10-announces-agreement-acquire-western-114500367.html,1661514300,STORY
cf4a3b5e-4abf-31a0-9bda-f0dd92e85c88,PX,2022-10-22,P10 Reports Second Quarter 2022 Results,GlobeNewswire,https://finance.yahoo.com/news/p10-reports-second-quarter-2022-201000333.html,1660248600,STORY
3dc2efd8-b037-391d-abb3-923142e4900c,PX,2022-10-22,Is it Still a Good Decision to Invest in P10 (PX)?,Insider Monkey,https://finance.yahoo.com/news/still-good-decision-invest-p10-134751411.html,1659016071,STORY
09dc81ca-13c4-390e-be71-37671675f31f,PX,2022-10-22,"P10 Schedules Second Quarter 2022 Earnings Release for Thursday, August 11, 2022",GlobeNewswire,https://finance.yahoo.com/news/p10-schedules-second-quarter-2022-210900475.html,1658783340,STORY
3fb4c86e-e553-3a9c-937b-d8e711349e1a,PX,2022-10-23,"P10 Announces Time Change for Third Quarter 2022 Earnings Release on Thursday, November 10, 2022",GlobeNewswire,https://finance.yahoo.com/news/p10-announces-time-change-third-203000042.html,1666211400,STORY
99b0c727-ebf5-37a7-bd7d-c5934114c2e9,PX,2022-10-23,"P10 Schedules Third Quarter 2022 Earnings Release for Thursday, November 10, 2022",GlobeNewswire,https://finance.yahoo.com/news/p10-schedules-third-quarter-2022-204700510.html,1666039620,STORY
710d648f-b482-3f40-9f82-1348faa16ca4,PX,2022-10-23,"P10 Completes Acquisition of Western Technology Investment, Market Leader in Venture Debt",GlobeNewswire,https://finance.yahoo.com/news/p10-completes-acquisition-western-technology-203000354.html,1665693000,STORY
99638034-3120-3144-95fd-3313ff7dd950,PX,2022-10-23,"P10 Announces Agreement to Acquire Western Technology Investment, Market Leader in Venture Debt",GlobeNewswire,https://finance.yahoo.com/news/p10-announces-agreement-acquire-western-114500367.html,1661514300,STORY
cf4a3b5e-4abf-31a0-9bda-f0dd92e85c88,PX,2022-10-23,P10 Reports Second Quarter 2022 Results,GlobeNewswire,https://finance.yahoo.com/news/p10-reports-second-quarter-2022-201000333.html,1660248600,STORY
3dc2efd8-b037-391d-abb3-923142e4900c,PX,2022-10-23,Is it Still a Good Decision to Invest in P10 (PX)?,Insider Monkey,https://finance.yahoo.com/news/still-good-decision-invest-p10-134751411.html,1659016071,STORY
09dc81ca-13c4-390e-be71-37671675f31f,PX,2022-10-23,"P10 Schedules Second Quarter 2022 Earnings Release for Thursday, August 11, 2022",GlobeNewswire,https://finance.yahoo.com/news/p10-schedules-second-quarter-2022-210900475.html,1658783340,STORY
3fb4c86e-e553-3a9c-937b-d8e711349e1a,PX,2022-10-24,"P10 Announces Time Change for Third Quarter 2022 Earnings Release on Thursday, November 10, 2022",GlobeNewswire,https://finance.yahoo.com/news/p10-announces-time-change-third-203000042.html,1666211400,STORY
99b0c727-ebf5-37a7-bd7d-c5934114c2e9,PX,2022-10-24,"P10 Schedules Third Quarter 2022 Earnings Release for Thursday, November 10, 2022",GlobeNewswire,https://finance.yahoo.com/news/p10-schedules-third-quarter-2022-204700510.html,1666039620,STORY
710d648f-b482-3f40-9f82-1348faa16ca4,PX,2022-10-24,"P10 Completes Acquisition of Western Technology Investment, Market Leader in Venture Debt",GlobeNewswire,https://finance.yahoo.com/news/p10-completes-acquisition-western-technology-203000354.html,1665693000,STORY
99638034-3120-3144-95fd-3313ff7dd950,PX,2022-10-24,"P10 Announces Agreement to Acquire Western Technology Investment, Market Leader in Venture Debt",GlobeNewswire,https://finance.yahoo.com/news/p10-announces-agreement-acquire-western-114500367.html,1661514300,STORY
cf4a3b5e-4abf-31a0-9bda-f0dd92e85c88,PX,2022-10-24,P10 Reports Second Quarter 2022 Results,GlobeNewswire,https://finance.yahoo.com/news/p10-reports-second-quarter-2022-201000333.html,1660248600,STORY
3dc2efd8-b037-391d-abb3-923142e4900c,PX,2022-10-24,Is it Still a Good Decision to Invest in P10 (PX)?,Insider Monkey,https://finance.yahoo.com/news/still-good-decision-invest-p10-134751411.html,1659016071,STORY
3fb4c86e-e553-3a9c-937b-d8e711349e1a,PX,2022-10-25,"P10 Announces Time Change for Third Quarter 2022 Earnings Release on Thursday, November 10, 2022",GlobeNewswire,https://finance.yahoo.com/news/p10-announces-time-change-third-203000042.html,1666211400,STORY
99b0c727-ebf5-37a7-bd7d-c5934114c2e9,PX,2022-10-25,"P10 Schedules Third Quarter 2022 Earnings Release for Thursday, November 10, 2022",GlobeNewswire,https://finance.yahoo.com/news/p10-schedules-third-quarter-2022-204700510.html,1666039620,STORY
710d648f-b482-3f40-9f82-1348faa16ca4,PX,2022-10-25,"P10 Completes Acquisition of Western Technology Investment, Market Leader in Venture Debt",GlobeNewswire,https://finance.yahoo.com/news/p10-completes-acquisition-western-technology-203000354.html,1665693000,STORY
99638034-3120-3144-95fd-3313ff7dd950,PX,2022-10-25,"P10 Announces Agreement to Acquire Western Technology Investment, Market Leader in Venture Debt",GlobeNewswire,https://finance.yahoo.com/news/p10-announces-agreement-acquire-western-114500367.html,1661514300,STORY
cf4a3b5e-4abf-31a0-9bda-f0dd92e85c88,PX,2022-10-25,P10 Reports Second Quarter 2022 Results,GlobeNewswire,https://finance.yahoo.com/news/p10-reports-second-quarter-2022-201000333.html,1660248600,STORY
3dc2efd8-b037-391d-abb3-923142e4900c,PX,2022-10-25,Is it Still a Good Decision to Invest in P10 (PX)?,Insider Monkey,https://finance.yahoo.com/news/still-good-decision-invest-p10-134751411.html,1659016071,STORY
50b0941a-f90e-34be-8b80-7bcac47baaa8,PX,2022-10-26,PJT Partners (PJT) Q3 Earnings and Revenues Beat Estimates,Zacks,https://finance.yahoo.com/news/pjt-partners-pjt-q3-earnings-121512360.html,1666700112,STORY
3fb4c86e-e553-3a9c-937b-d8e711349e1a,PX,2022-10-26,"P10 Announces Time Change for Third Quarter 2022 Earnings Release on Thursday, November 10, 2022",GlobeNewswire,https://finance.yahoo.com/news/p10-announces-time-change-third-203000042.html,1666211400,STORY
99b0c727-ebf5-37a7-bd7d-c5934114c2e9,PX,2022-10-26,"P10 Schedules Third Quarter 2022 Earnings Release for Thursday, November 10, 2022",GlobeNewswire,https://finance.yahoo.com/news/p10-schedules-third-quarter-2022-204700510.html,1666039620,STORY
710d648f-b482-3f40-9f82-1348faa16ca4,PX,2022-10-26,"P10 Completes Acquisition of Western Technology Investment, Market Leader in Venture Debt",GlobeNewswire,https://finance.yahoo.com/news/p10-completes-acquisition-western-technology-203000354.html,1665693000,STORY
99638034-3120-3144-95fd-3313ff7dd950,PX,2022-10-26,"P10 Announces Agreement to Acquire Western Technology Investment, Market Leader in Venture Debt",GlobeNewswire,https://finance.yahoo.com/news/p10-announces-agreement-acquire-western-114500367.html,1661514300,STORY
cf4a3b5e-4abf-31a0-9bda-f0dd92e85c88,PX,2022-10-26,P10 Reports Second Quarter 2022 Results,GlobeNewswire,https://finance.yahoo.com/news/p10-reports-second-quarter-2022-201000333.html,1660248600,STORY
3dc2efd8-b037-391d-abb3-923142e4900c,PX,2022-10-26,Is it Still a Good Decision to Invest in P10 (PX)?,Insider Monkey,https://finance.yahoo.com/news/still-good-decision-invest-p10-134751411.html,1659016071,STORY
50b0941a-f90e-34be-8b80-7bcac47baaa8,PX,2022-10-27,PJT Partners (PJT) Q3 Earnings and Revenues Beat Estimates,Zacks,https://finance.yahoo.com/news/pjt-partners-pjt-q3-earnings-121512360.html,1666700112,STORY
3fb4c86e-e553-3a9c-937b-d8e711349e1a,PX,2022-10-27,"P10 Announces Time Change for Third Quarter 2022 Earnings Release on Thursday, November 10, 2022",GlobeNewswire,https://finance.yahoo.com/news/p10-announces-time-change-third-203000042.html,1666211400,STORY
99b0c727-ebf5-37a7-bd7d-c5934114c2e9,PX,2022-10-27,"P10 Schedules Third Quarter 2022 Earnings Release for Thursday, November 10, 2022",GlobeNewswire,https://finance.yahoo.com/news/p10-schedules-third-quarter-2022-204700510.html,1666039620,STORY
710d648f-b482-3f40-9f82-1348faa16ca4,PX,2022-10-27,"P10 Completes Acquisition of Western Technology Investment, Market Leader in Venture Debt",GlobeNewswire,https://finance.yahoo.com/news/p10-completes-acquisition-western-technology-203000354.html,1665693000,STORY
99638034-3120-3144-95fd-3313ff7dd950,PX,2022-10-27,"P10 Announces Agreement to Acquire Western Technology Investment, Market Leader in Venture Debt",GlobeNewswire,https://finance.yahoo.com/news/p10-announces-agreement-acquire-western-114500367.html,1661514300,STORY
cf4a3b5e-4abf-31a0-9bda-f0dd92e85c88,PX,2022-10-27,P10 Reports Second Quarter 2022 Results,GlobeNewswire,https://finance.yahoo.com/news/p10-reports-second-quarter-2022-201000333.html,1660248600,STORY
50b0941a-f90e-34be-8b80-7bcac47baaa8,PX,2022-10-28,PJT Partners (PJT) Q3 Earnings and Revenues Beat Estimates,Zacks,https://finance.yahoo.com/news/pjt-partners-pjt-q3-earnings-121512360.html,1666700112,STORY
3fb4c86e-e553-3a9c-937b-d8e711349e1a,PX,2022-10-28,"P10 Announces Time Change for Third Quarter 2022 Earnings Release on Thursday, November 10, 2022",GlobeNewswire,https://finance.yahoo.com/news/p10-announces-time-change-third-203000042.html,1666211400,STORY
99b0c727-ebf5-37a7-bd7d-c5934114c2e9,PX,2022-10-28,"P10 Schedules Third Quarter 2022 Earnings Release for Thursday, November 10, 2022",GlobeNewswire,https://finance.yahoo.com/news/p10-schedules-third-quarter-2022-204700510.html,1666039620,STORY
710d648f-b482-3f40-9f82-1348faa16ca4,PX,2022-10-28,"P10 Completes Acquisition of Western Technology Investment, Market Leader in Venture Debt",GlobeNewswire,https://finance.yahoo.com/news/p10-completes-acquisition-western-technology-203000354.html,1665693000,STORY
99638034-3120-3144-95fd-3313ff7dd950,PX,2022-10-28,"P10 Announces Agreement to Acquire Western Technology Investment, Market Leader in Venture Debt",GlobeNewswire,https://finance.yahoo.com/news/p10-announces-agreement-acquire-western-114500367.html,1661514300,STORY
cf4a3b5e-4abf-31a0-9bda-f0dd92e85c88,PX,2022-10-28,P10 Reports Second Quarter 2022 Results,GlobeNewswire,https://finance.yahoo.com/news/p10-reports-second-quarter-2022-201000333.html,1660248600,STORY
544385ee-8de3-359c-9bc5-65a54f306af2,PX,2022-10-29,What Makes P10 (PX) an Attractive Investment?,Insider Monkey,https://finance.yahoo.com/news/makes-p10-px-attractive-investment-174425273.html,1666979065,STORY
50b0941a-f90e-34be-8b80-7bcac47baaa8,PX,2022-10-29,PJT Partners (PJT) Q3 Earnings and Revenues Beat Estimates,Zacks,https://finance.yahoo.com/news/pjt-partners-pjt-q3-earnings-121512360.html,1666700112,STORY
3fb4c86e-e553-3a9c-937b-d8e711349e1a,PX,2022-10-29,"P10 Announces Time Change for Third Quarter 2022 Earnings Release on Thursday, November 10, 2022",GlobeNewswire,https://finance.yahoo.com/news/p10-announces-time-change-third-203000042.html,1666211400,STORY
99b0c727-ebf5-37a7-bd7d-c5934114c2e9,PX,2022-10-29,"P10 Schedules Third Quarter 2022 Earnings Release for Thursday, November 10, 2022",GlobeNewswire,https://finance.yahoo.com/news/p10-schedules-third-quarter-2022-204700510.html,1666039620,STORY
710d648f-b482-3f40-9f82-1348faa16ca4,PX,2022-10-29,"P10 Completes Acquisition of Western Technology Investment, Market Leader in Venture Debt",GlobeNewswire,https://finance.yahoo.com/news/p10-completes-acquisition-western-technology-203000354.html,1665693000,STORY
99638034-3120-3144-95fd-3313ff7dd950,PX,2022-10-29,"P10 Announces Agreement to Acquire Western Technology Investment, Market Leader in Venture Debt",GlobeNewswire,https://finance.yahoo.com/news/p10-announces-agreement-acquire-western-114500367.html,1661514300,STORY
cf4a3b5e-4abf-31a0-9bda-f0dd92e85c88,PX,2022-10-29,P10 Reports Second Quarter 2022 Results,GlobeNewswire,https://finance.yahoo.com/news/p10-reports-second-quarter-2022-201000333.html,1660248600,STORY
544385ee-8de3-359c-9bc5-65a54f306af2,PX,2022-10-30,What Makes P10 (PX) an Attractive Investment?,Insider Monkey,https://finance.yahoo.com/news/makes-p10-px-attractive-investment-174425273.html,1666979065,STORY
50b0941a-f90e-34be-8b80-7bcac47baaa8,PX,2022-10-30,PJT Partners (PJT) Q3 Earnings and Revenues Beat Estimates,Zacks,https://finance.yahoo.com/news/pjt-partners-pjt-q3-earnings-121512360.html,1666700112,STORY
3fb4c86e-e553-3a9c-937b-d8e711349e1a,PX,2022-10-30,"P10 Announces Time Change for Third Quarter 2022 Earnings Release on Thursday, November 10, 2022",GlobeNewswire,https://finance.yahoo.com/news/p10-announces-time-change-third-203000042.html,1666211400,STORY
99b0c727-ebf5-37a7-bd7d-c5934114c2e9,PX,2022-10-30,"P10 Schedules Third Quarter 2022 Earnings Release for Thursday, November 10, 2022",GlobeNewswire,https://finance.yahoo.com/news/p10-schedules-third-quarter-2022-204700510.html,1666039620,STORY
710d648f-b482-3f40-9f82-1348faa16ca4,PX,2022-10-30,"P10 Completes Acquisition of Western Technology Investment, Market Leader in Venture Debt",GlobeNewswire,https://finance.yahoo.com/news/p10-completes-acquisition-western-technology-203000354.html,1665693000,STORY
99638034-3120-3144-95fd-3313ff7dd950,PX,2022-10-30,"P10 Announces Agreement to Acquire Western Technology Investment, Market Leader in Venture Debt",GlobeNewswire,https://finance.yahoo.com/news/p10-announces-agreement-acquire-western-114500367.html,1661514300,STORY
cf4a3b5e-4abf-31a0-9bda-f0dd92e85c88,PX,2022-10-30,P10 Reports Second Quarter 2022 Results,GlobeNewswire,https://finance.yahoo.com/news/p10-reports-second-quarter-2022-201000333.html,1660248600,STORY
544385ee-8de3-359c-9bc5-65a54f306af2,PX,2022-10-31,What Makes P10 (PX) an Attractive Investment?,Insider Monkey,https://finance.yahoo.com/news/makes-p10-px-attractive-investment-174425273.html,1666979065,STORY
50b0941a-f90e-34be-8b80-7bcac47baaa8,PX,2022-10-31,PJT Partners (PJT) Q3 Earnings and Revenues Beat Estimates,Zacks,https://finance.yahoo.com/news/pjt-partners-pjt-q3-earnings-121512360.html,1666700112,STORY
3fb4c86e-e553-3a9c-937b-d8e711349e1a,PX,2022-10-31,"P10 Announces Time Change for Third Quarter 2022 Earnings Release on Thursday, November 10, 2022",GlobeNewswire,https://finance.yahoo.com/news/p10-announces-time-change-third-203000042.html,1666211400,STORY
99b0c727-ebf5-37a7-bd7d-c5934114c2e9,PX,2022-10-31,"P10 Schedules Third Quarter 2022 Earnings Release for Thursday, November 10, 2022",GlobeNewswire,https://finance.yahoo.com/news/p10-schedules-third-quarter-2022-204700510.html,1666039620,STORY
710d648f-b482-3f40-9f82-1348faa16ca4,PX,2022-10-31,"P10 Completes Acquisition of Western Technology Investment, Market Leader in Venture Debt",GlobeNewswire,https://finance.yahoo.com/news/p10-completes-acquisition-western-technology-203000354.html,1665693000,STORY
99638034-3120-3144-95fd-3313ff7dd950,PX,2022-10-31,"P10 Announces Agreement to Acquire Western Technology Investment, Market Leader in Venture Debt",GlobeNewswire,https://finance.yahoo.com/news/p10-announces-agreement-acquire-western-114500367.html,1661514300,STORY
cf4a3b5e-4abf-31a0-9bda-f0dd92e85c88,PX,2022-10-31,P10 Reports Second Quarter 2022 Results,GlobeNewswire,https://finance.yahoo.com/news/p10-reports-second-quarter-2022-201000333.html,1660248600,STORY
544385ee-8de3-359c-9bc5-65a54f306af2,PX,2022-11-1,What Makes P10 (PX) an Attractive Investment?,Insider Monkey,https://finance.yahoo.com/news/makes-p10-px-attractive-investment-174425273.html,1666979065,STORY
50b0941a-f90e-34be-8b80-7bcac47baaa8,PX,2022-11-1,PJT Partners (PJT) Q3 Earnings and Revenues Beat Estimates,Zacks,https://finance.yahoo.com/news/pjt-partners-pjt-q3-earnings-121512360.html,1666700112,STORY
3fb4c86e-e553-3a9c-937b-d8e711349e1a,PX,2022-11-1,"P10 Announces Time Change for Third Quarter 2022 Earnings Release on Thursday, November 10, 2022",GlobeNewswire,https://finance.yahoo.com/news/p10-announces-time-change-third-203000042.html,1666211400,STORY
99b0c727-ebf5-37a7-bd7d-c5934114c2e9,PX,2022-11-1,"P10 Schedules Third Quarter 2022 Earnings Release for Thursday, November 10, 2022",GlobeNewswire,https://finance.yahoo.com/news/p10-schedules-third-quarter-2022-204700510.html,1666039620,STORY
710d648f-b482-3f40-9f82-1348faa16ca4,PX,2022-11-1,"P10 Completes Acquisition of Western Technology Investment, Market Leader in Venture Debt",GlobeNewswire,https://finance.yahoo.com/news/p10-completes-acquisition-western-technology-203000354.html,1665693000,STORY
99638034-3120-3144-95fd-3313ff7dd950,PX,2022-11-1,"P10 Announces Agreement to Acquire Western Technology Investment, Market Leader in Venture Debt",GlobeNewswire,https://finance.yahoo.com/news/p10-announces-agreement-acquire-western-114500367.html,1661514300,STORY
cf4a3b5e-4abf-31a0-9bda-f0dd92e85c88,PX,2022-11-1,P10 Reports Second Quarter 2022 Results,GlobeNewswire,https://finance.yahoo.com/news/p10-reports-second-quarter-2022-201000333.html,1660248600,STORY
50769ff7-2435-30b8-8ee4-638557090d56,PX,2022-11-2,Bonaccord Capital Partners Announces Strategic Minority Investment in VMG Partners,GlobeNewswire,https://finance.yahoo.com/news/bonaccord-capital-partners-announces-strategic-130000386.html,1667394000,STORY
544385ee-8de3-359c-9bc5-65a54f306af2,PX,2022-11-2,What Makes P10 (PX) an Attractive Investment?,Insider Monkey,https://finance.yahoo.com/news/makes-p10-px-attractive-investment-174425273.html,1666979065,STORY
50b0941a-f90e-34be-8b80-7bcac47baaa8,PX,2022-11-2,PJT Partners (PJT) Q3 Earnings and Revenues Beat Estimates,Zacks,https://finance.yahoo.com/news/pjt-partners-pjt-q3-earnings-121512360.html,1666700112,STORY
3fb4c86e-e553-3a9c-937b-d8e711349e1a,PX,2022-11-2,"P10 Announces Time Change for Third Quarter 2022 Earnings Release on Thursday, November 10, 2022",GlobeNewswire,https://finance.yahoo.com/news/p10-announces-time-change-third-203000042.html,1666211400,STORY
99b0c727-ebf5-37a7-bd7d-c5934114c2e9,PX,2022-11-2,"P10 Schedules Third Quarter 2022 Earnings Release for Thursday, November 10, 2022",GlobeNewswire,https://finance.yahoo.com/news/p10-schedules-third-quarter-2022-204700510.html,1666039620,STORY
710d648f-b482-3f40-9f82-1348faa16ca4,PX,2022-11-2,"P10 Completes Acquisition of Western Technology Investment, Market Leader in Venture Debt",GlobeNewswire,https://finance.yahoo.com/news/p10-completes-acquisition-western-technology-203000354.html,1665693000,STORY
99638034-3120-3144-95fd-3313ff7dd950,PX,2022-11-2,"P10 Announces Agreement to Acquire Western Technology Investment, Market Leader in Venture Debt",GlobeNewswire,https://finance.yahoo.com/news/p10-announces-agreement-acquire-western-114500367.html,1661514300,STORY
cf4a3b5e-4abf-31a0-9bda-f0dd92e85c88,PX,2022-11-2,P10 Reports Second Quarter 2022 Results,GlobeNewswire,https://finance.yahoo.com/news/p10-reports-second-quarter-2022-201000333.html,1660248600,STORY
07e5354f-6318-37c2-8fc0-15e4ec6c1053,PX,2022-11-3,Peter McKellar Joins Bonaccord Capital Partners as Operating Partner,GlobeNewswire,https://finance.yahoo.com/news/peter-mckellar-joins-bonaccord-capital-130000424.html,1667480400,STORY
50769ff7-2435-30b8-8ee4-638557090d56,PX,2022-11-3,Bonaccord Capital Partners Announces Strategic Minority Investment in VMG Partners,GlobeNewswire,https://finance.yahoo.com/news/bonaccord-capital-partners-announces-strategic-130000386.html,1667394000,STORY
544385ee-8de3-359c-9bc5-65a54f306af2,PX,2022-11-3,What Makes P10 (PX) an Attractive Investment?,Insider Monkey,https://finance.yahoo.com/news/makes-p10-px-attractive-investment-174425273.html,1666979065,STORY
50b0941a-f90e-34be-8b80-7bcac47baaa8,PX,2022-11-3,PJT Partners (PJT) Q3 Earnings and Revenues Beat Estimates,Zacks,https://finance.yahoo.com/news/pjt-partners-pjt-q3-earnings-121512360.html,1666700112,STORY
3fb4c86e-e553-3a9c-937b-d8e711349e1a,PX,2022-11-3,"P10 Announces Time Change for Third Quarter 2022 Earnings Release on Thursday, November 10, 2022",GlobeNewswire,https://finance.yahoo.com/news/p10-announces-time-change-third-203000042.html,1666211400,STORY
99b0c727-ebf5-37a7-bd7d-c5934114c2e9,PX,2022-11-3,"P10 Schedules Third Quarter 2022 Earnings Release for Thursday, November 10, 2022",GlobeNewswire,https://finance.yahoo.com/news/p10-schedules-third-quarter-2022-204700510.html,1666039620,STORY
710d648f-b482-3f40-9f82-1348faa16ca4,PX,2022-11-3,"P10 Completes Acquisition of Western Technology Investment, Market Leader in Venture Debt",GlobeNewswire,https://finance.yahoo.com/news/p10-completes-acquisition-western-technology-203000354.html,1665693000,STORY
99638034-3120-3144-95fd-3313ff7dd950,PX,2022-11-3,"P10 Announces Agreement to Acquire Western Technology Investment, Market Leader in Venture Debt",GlobeNewswire,https://finance.yahoo.com/news/p10-announces-agreement-acquire-western-114500367.html,1661514300,STORY
07e5354f-6318-37c2-8fc0-15e4ec6c1053,PX,2022-11-4,Peter McKellar Joins Bonaccord Capital Partners as Operating Partner,GlobeNewswire,https://finance.yahoo.com/news/peter-mckellar-joins-bonaccord-capital-130000424.html,1667480400,STORY
50769ff7-2435-30b8-8ee4-638557090d56,PX,2022-11-4,Bonaccord Capital Partners Announces Strategic Minority Investment in VMG Partners,GlobeNewswire,https://finance.yahoo.com/news/bonaccord-capital-partners-announces-strategic-130000386.html,1667394000,STORY
544385ee-8de3-359c-9bc5-65a54f306af2,PX,2022-11-4,What Makes P10 (PX) an Attractive Investment?,Insider Monkey,https://finance.yahoo.com/news/makes-p10-px-attractive-investment-174425273.html,1666979065,STORY
50b0941a-f90e-34be-8b80-7bcac47baaa8,PX,2022-11-4,PJT Partners (PJT) Q3 Earnings and Revenues Beat Estimates,Zacks,https://finance.yahoo.com/news/pjt-partners-pjt-q3-earnings-121512360.html,1666700112,STORY
3fb4c86e-e553-3a9c-937b-d8e711349e1a,PX,2022-11-4,"P10 Announces Time Change for Third Quarter 2022 Earnings Release on Thursday, November 10, 2022",GlobeNewswire,https://finance.yahoo.com/news/p10-announces-time-change-third-203000042.html,1666211400,STORY
99b0c727-ebf5-37a7-bd7d-c5934114c2e9,PX,2022-11-4,"P10 Schedules Third Quarter 2022 Earnings Release for Thursday, November 10, 2022",GlobeNewswire,https://finance.yahoo.com/news/p10-schedules-third-quarter-2022-204700510.html,1666039620,STORY
710d648f-b482-3f40-9f82-1348faa16ca4,PX,2022-11-4,"P10 Completes Acquisition of Western Technology Investment, Market Leader in Venture Debt",GlobeNewswire,https://finance.yahoo.com/news/p10-completes-acquisition-western-technology-203000354.html,1665693000,STORY
99638034-3120-3144-95fd-3313ff7dd950,PX,2022-11-4,"P10 Announces Agreement to Acquire Western Technology Investment, Market Leader in Venture Debt",GlobeNewswire,https://finance.yahoo.com/news/p10-announces-agreement-acquire-western-114500367.html,1661514300,STORY
07e5354f-6318-37c2-8fc0-15e4ec6c1053,PX,2022-11-5,Peter McKellar Joins Bonaccord Capital Partners as Operating Partner,GlobeNewswire,https://finance.yahoo.com/news/peter-mckellar-joins-bonaccord-capital-130000424.html,1667480400,STORY
50769ff7-2435-30b8-8ee4-638557090d56,PX,2022-11-5,Bonaccord Capital Partners Announces Strategic Minority Investment in VMG Partners,GlobeNewswire,https://finance.yahoo.com/news/bonaccord-capital-partners-announces-strategic-130000386.html,1667394000,STORY
544385ee-8de3-359c-9bc5-65a54f306af2,PX,2022-11-5,What Makes P10 (PX) an Attractive Investment?,Insider Monkey,https://finance.yahoo.com/news/makes-p10-px-attractive-investment-174425273.html,1666979065,STORY
50b0941a-f90e-34be-8b80-7bcac47baaa8,PX,2022-11-5,PJT Partners (PJT) Q3 Earnings and Revenues Beat Estimates,Zacks,https://finance.yahoo.com/news/pjt-partners-pjt-q3-earnings-121512360.html,1666700112,STORY
3fb4c86e-e553-3a9c-937b-d8e711349e1a,PX,2022-11-5,"P10 Announces Time Change for Third Quarter 2022 Earnings Release on Thursday, November 10, 2022",GlobeNewswire,https://finance.yahoo.com/news/p10-announces-time-change-third-203000042.html,1666211400,STORY
99b0c727-ebf5-37a7-bd7d-c5934114c2e9,PX,2022-11-5,"P10 Schedules Third Quarter 2022 Earnings Release for Thursday, November 10, 2022",GlobeNewswire,https://finance.yahoo.com/news/p10-schedules-third-quarter-2022-204700510.html,1666039620,STORY
710d648f-b482-3f40-9f82-1348faa16ca4,PX,2022-11-5,"P10 Completes Acquisition of Western Technology Investment, Market Leader in Venture Debt",GlobeNewswire,https://finance.yahoo.com/news/p10-completes-acquisition-western-technology-203000354.html,1665693000,STORY
99638034-3120-3144-95fd-3313ff7dd950,PX,2022-11-5,"P10 Announces Agreement to Acquire Western Technology Investment, Market Leader in Venture Debt",GlobeNewswire,https://finance.yahoo.com/news/p10-announces-agreement-acquire-western-114500367.html,1661514300,STORY
07e5354f-6318-37c2-8fc0-15e4ec6c1053,PX,2022-11-6,Peter McKellar Joins Bonaccord Capital Partners as Operating Partner,GlobeNewswire,https://finance.yahoo.com/news/peter-mckellar-joins-bonaccord-capital-130000424.html,1667480400,STORY
50769ff7-2435-30b8-8ee4-638557090d56,PX,2022-11-6,Bonaccord Capital Partners Announces Strategic Minority Investment in VMG Partners,GlobeNewswire,https://finance.yahoo.com/news/bonaccord-capital-partners-announces-strategic-130000386.html,1667394000,STORY
544385ee-8de3-359c-9bc5-65a54f306af2,PX,2022-11-6,What Makes P10 (PX) an Attractive Investment?,Insider Monkey,https://finance.yahoo.com/news/makes-p10-px-attractive-investment-174425273.html,1666979065,STORY
50b0941a-f90e-34be-8b80-7bcac47baaa8,PX,2022-11-6,PJT Partners (PJT) Q3 Earnings and Revenues Beat Estimates,Zacks,https://finance.yahoo.com/news/pjt-partners-pjt-q3-earnings-121512360.html,1666700112,STORY
3fb4c86e-e553-3a9c-937b-d8e711349e1a,PX,2022-11-6,"P10 Announces Time Change for Third Quarter 2022 Earnings Release on Thursday, November 10, 2022",GlobeNewswire,https://finance.yahoo.com/news/p10-announces-time-change-third-203000042.html,1666211400,STORY
99b0c727-ebf5-37a7-bd7d-c5934114c2e9,PX,2022-11-6,"P10 Schedules Third Quarter 2022 Earnings Release for Thursday, November 10, 2022",GlobeNewswire,https://finance.yahoo.com/news/p10-schedules-third-quarter-2022-204700510.html,1666039620,STORY
710d648f-b482-3f40-9f82-1348faa16ca4,PX,2022-11-6,"P10 Completes Acquisition of Western Technology Investment, Market Leader in Venture Debt",GlobeNewswire,https://finance.yahoo.com/news/p10-completes-acquisition-western-technology-203000354.html,1665693000,STORY
99638034-3120-3144-95fd-3313ff7dd950,PX,2022-11-6,"P10 Announces Agreement to Acquire Western Technology Investment, Market Leader in Venture Debt",GlobeNewswire,https://finance.yahoo.com/news/p10-announces-agreement-acquire-western-114500367.html,1661514300,STORY
07e5354f-6318-37c2-8fc0-15e4ec6c1053,PX,2022-11-7,Peter McKellar Joins Bonaccord Capital Partners as Operating Partner,GlobeNewswire,https://finance.yahoo.com/news/peter-mckellar-joins-bonaccord-capital-130000424.html,1667480400,STORY
50769ff7-2435-30b8-8ee4-638557090d56,PX,2022-11-7,Bonaccord Capital Partners Announces Strategic Minority Investment in VMG Partners,GlobeNewswire,https://finance.yahoo.com/news/bonaccord-capital-partners-announces-strategic-130000386.html,1667394000,STORY
544385ee-8de3-359c-9bc5-65a54f306af2,PX,2022-11-7,What Makes P10 (PX) an Attractive Investment?,Insider Monkey,https://finance.yahoo.com/news/makes-p10-px-attractive-investment-174425273.html,1666979065,STORY
50b0941a-f90e-34be-8b80-7bcac47baaa8,PX,2022-11-7,PJT Partners (PJT) Q3 Earnings and Revenues Beat Estimates,Zacks,https://finance.yahoo.com/news/pjt-partners-pjt-q3-earnings-121512360.html,1666700112,STORY
3fb4c86e-e553-3a9c-937b-d8e711349e1a,PX,2022-11-7,"P10 Announces Time Change for Third Quarter 2022 Earnings Release on Thursday, November 10, 2022",GlobeNewswire,https://finance.yahoo.com/news/p10-announces-time-change-third-203000042.html,1666211400,STORY
99b0c727-ebf5-37a7-bd7d-c5934114c2e9,PX,2022-11-7,"P10 Schedules Third Quarter 2022 Earnings Release for Thursday, November 10, 2022",GlobeNewswire,https://finance.yahoo.com/news/p10-schedules-third-quarter-2022-204700510.html,1666039620,STORY
710d648f-b482-3f40-9f82-1348faa16ca4,PX,2022-11-7,"P10 Completes Acquisition of Western Technology Investment, Market Leader in Venture Debt",GlobeNewswire,https://finance.yahoo.com/news/p10-completes-acquisition-western-technology-203000354.html,1665693000,STORY
99638034-3120-3144-95fd-3313ff7dd950,PX,2022-11-7,"P10 Announces Agreement to Acquire Western Technology Investment, Market Leader in Venture Debt",GlobeNewswire,https://finance.yahoo.com/news/p10-announces-agreement-acquire-western-114500367.html,1661514300,STORY
07e5354f-6318-37c2-8fc0-15e4ec6c1053,PX,2022-11-8,Peter McKellar Joins Bonaccord Capital Partners as Operating Partner,GlobeNewswire,https://finance.yahoo.com/news/peter-mckellar-joins-bonaccord-capital-130000424.html,1667480400,STORY
50769ff7-2435-30b8-8ee4-638557090d56,PX,2022-11-8,Bonaccord Capital Partners Announces Strategic Minority Investment in VMG Partners,GlobeNewswire,https://finance.yahoo.com/news/bonaccord-capital-partners-announces-strategic-130000386.html,1667394000,STORY
544385ee-8de3-359c-9bc5-65a54f306af2,PX,2022-11-8,What Makes P10 (PX) an Attractive Investment?,Insider Monkey,https://finance.yahoo.com/news/makes-p10-px-attractive-investment-174425273.html,1666979065,STORY
50b0941a-f90e-34be-8b80-7bcac47baaa8,PX,2022-11-8,PJT Partners (PJT) Q3 Earnings and Revenues Beat Estimates,Zacks,https://finance.yahoo.com/news/pjt-partners-pjt-q3-earnings-121512360.html,1666700112,STORY
3fb4c86e-e553-3a9c-937b-d8e711349e1a,PX,2022-11-8,"P10 Announces Time Change for Third Quarter 2022 Earnings Release on Thursday, November 10, 2022",GlobeNewswire,https://finance.yahoo.com/news/p10-announces-time-change-third-203000042.html,1666211400,STORY
99b0c727-ebf5-37a7-bd7d-c5934114c2e9,PX,2022-11-8,"P10 Schedules Third Quarter 2022 Earnings Release for Thursday, November 10, 2022",GlobeNewswire,https://finance.yahoo.com/news/p10-schedules-third-quarter-2022-204700510.html,1666039620,STORY
710d648f-b482-3f40-9f82-1348faa16ca4,PX,2022-11-8,"P10 Completes Acquisition of Western Technology Investment, Market Leader in Venture Debt",GlobeNewswire,https://finance.yahoo.com/news/p10-completes-acquisition-western-technology-203000354.html,1665693000,STORY
99638034-3120-3144-95fd-3313ff7dd950,PX,2022-11-8,"P10 Announces Agreement to Acquire Western Technology Investment, Market Leader in Venture Debt",GlobeNewswire,https://finance.yahoo.com/news/p10-announces-agreement-acquire-western-114500367.html,1661514300,STORY
5b496092-923c-39aa-9725-7184bed9aa73,PX,2022-11-9,Royalty Pharma (RPRX) Surpasses Q3 Earnings and Revenue Estimates,Zacks,https://finance.yahoo.com/news/royalty-pharma-rprx-surpasses-q3-132501668.html,1667913901,STORY
07e5354f-6318-37c2-8fc0-15e4ec6c1053,PX,2022-11-9,Peter McKellar Joins Bonaccord Capital Partners as Operating Partner,GlobeNewswire,https://finance.yahoo.com/news/peter-mckellar-joins-bonaccord-capital-130000424.html,1667480400,STORY
50769ff7-2435-30b8-8ee4-638557090d56,PX,2022-11-9,Bonaccord Capital Partners Announces Strategic Minority Investment in VMG Partners,GlobeNewswire,https://finance.yahoo.com/news/bonaccord-capital-partners-announces-strategic-130000386.html,1667394000,STORY
544385ee-8de3-359c-9bc5-65a54f306af2,PX,2022-11-9,What Makes P10 (PX) an Attractive Investment?,Insider Monkey,https://finance.yahoo.com/news/makes-p10-px-attractive-investment-174425273.html,1666979065,STORY
50b0941a-f90e-34be-8b80-7bcac47baaa8,PX,2022-11-9,PJT Partners (PJT) Q3 Earnings and Revenues Beat Estimates,Zacks,https://finance.yahoo.com/news/pjt-partners-pjt-q3-earnings-121512360.html,1666700112,STORY
3fb4c86e-e553-3a9c-937b-d8e711349e1a,PX,2022-11-9,"P10 Announces Time Change for Third Quarter 2022 Earnings Release on Thursday, November 10, 2022",GlobeNewswire,https://finance.yahoo.com/news/p10-announces-time-change-third-203000042.html,1666211400,STORY
99b0c727-ebf5-37a7-bd7d-c5934114c2e9,PX,2022-11-9,"P10 Schedules Third Quarter 2022 Earnings Release for Thursday, November 10, 2022",GlobeNewswire,https://finance.yahoo.com/news/p10-schedules-third-quarter-2022-204700510.html,1666039620,STORY
710d648f-b482-3f40-9f82-1348faa16ca4,PX,2022-11-9,"P10 Completes Acquisition of Western Technology Investment, Market Leader in Venture Debt",GlobeNewswire,https://finance.yahoo.com/news/p10-completes-acquisition-western-technology-203000354.html,1665693000,STORY
dc0e569c-8ac3-3ebb-b323-9c1e0c6a9668,PX,2022-11-10,P10 Reports Third Quarter 2022 Results,GlobeNewswire,https://finance.yahoo.com/news/p10-reports-third-quarter-2022-113000923.html,1668079800,STORY
5b496092-923c-39aa-9725-7184bed9aa73,PX,2022-11-10,Royalty Pharma (RPRX) Surpasses Q3 Earnings and Revenue Estimates,Zacks,https://finance.yahoo.com/news/royalty-pharma-rprx-surpasses-q3-132501668.html,1667913901,STORY
07e5354f-6318-37c2-8fc0-15e4ec6c1053,PX,2022-11-10,Peter McKellar Joins Bonaccord Capital Partners as Operating Partner,GlobeNewswire,https://finance.yahoo.com/news/peter-mckellar-joins-bonaccord-capital-130000424.html,1667480400,STORY
50769ff7-2435-30b8-8ee4-638557090d56,PX,2022-11-10,Bonaccord Capital Partners Announces Strategic Minority Investment in VMG Partners,GlobeNewswire,https://finance.yahoo.com/news/bonaccord-capital-partners-announces-strategic-130000386.html,1667394000,STORY
544385ee-8de3-359c-9bc5-65a54f306af2,PX,2022-11-10,What Makes P10 (PX) an Attractive Investment?,Insider Monkey,https://finance.yahoo.com/news/makes-p10-px-attractive-investment-174425273.html,1666979065,STORY
50b0941a-f90e-34be-8b80-7bcac47baaa8,PX,2022-11-10,PJT Partners (PJT) Q3 Earnings and Revenues Beat Estimates,Zacks,https://finance.yahoo.com/news/pjt-partners-pjt-q3-earnings-121512360.html,1666700112,STORY
3fb4c86e-e553-3a9c-937b-d8e711349e1a,PX,2022-11-10,"P10 Announces Time Change for Third Quarter 2022 Earnings Release on Thursday, November 10, 2022",GlobeNewswire,https://finance.yahoo.com/news/p10-announces-time-change-third-203000042.html,1666211400,STORY
99b0c727-ebf5-37a7-bd7d-c5934114c2e9,PX,2022-11-10,"P10 Schedules Third Quarter 2022 Earnings Release for Thursday, November 10, 2022",GlobeNewswire,https://finance.yahoo.com/news/p10-schedules-third-quarter-2022-204700510.html,1666039620,STORY
60ce0ded-ea79-3a26-a8f3-fb8f85cdd345,PX,2022-11-11,"P10, Inc. (PX) Q3 Earnings and Revenues Beat Estimates",Zacks,https://finance.yahoo.com/news/p10-inc-px-q3-earnings-125512313.html,1668084912,STORY
dc0e569c-8ac3-3ebb-b323-9c1e0c6a9668,PX,2022-11-11,P10 Reports Third Quarter 2022 Results,GlobeNewswire,https://finance.yahoo.com/news/p10-reports-third-quarter-2022-113000923.html,1668079800,STORY
5b496092-923c-39aa-9725-7184bed9aa73,PX,2022-11-11,Royalty Pharma (RPRX) Surpasses Q3 Earnings and Revenue Estimates,Zacks,https://finance.yahoo.com/news/royalty-pharma-rprx-surpasses-q3-132501668.html,1667913901,STORY
07e5354f-6318-37c2-8fc0-15e4ec6c1053,PX,2022-11-11,Peter McKellar Joins Bonaccord Capital Partners as Operating Partner,GlobeNewswire,https://finance.yahoo.com/news/peter-mckellar-joins-bonaccord-capital-130000424.html,1667480400,STORY
50769ff7-2435-30b8-8ee4-638557090d56,PX,2022-11-11,Bonaccord Capital Partners Announces Strategic Minority Investment in VMG Partners,GlobeNewswire,https://finance.yahoo.com/news/bonaccord-capital-partners-announces-strategic-130000386.html,1667394000,STORY
544385ee-8de3-359c-9bc5-65a54f306af2,PX,2022-11-11,What Makes P10 (PX) an Attractive Investment?,Insider Monkey,https://finance.yahoo.com/news/makes-p10-px-attractive-investment-174425273.html,1666979065,STORY
50b0941a-f90e-34be-8b80-7bcac47baaa8,PX,2022-11-11,PJT Partners (PJT) Q3 Earnings and Revenues Beat Estimates,Zacks,https://finance.yahoo.com/news/pjt-partners-pjt-q3-earnings-121512360.html,1666700112,STORY
3fb4c86e-e553-3a9c-937b-d8e711349e1a,PX,2022-11-11,"P10 Announces Time Change for Third Quarter 2022 Earnings Release on Thursday, November 10, 2022",GlobeNewswire,https://finance.yahoo.com/news/p10-announces-time-change-third-203000042.html,1666211400,STORY
60ce0ded-ea79-3a26-a8f3-fb8f85cdd345,PX,2022-11-12,"P10, Inc. (PX) Q3 Earnings and Revenues Beat Estimates",Zacks,https://finance.yahoo.com/news/p10-inc-px-q3-earnings-125512313.html,1668084912,STORY
dc0e569c-8ac3-3ebb-b323-9c1e0c6a9668,PX,2022-11-12,P10 Reports Third Quarter 2022 Results,GlobeNewswire,https://finance.yahoo.com/news/p10-reports-third-quarter-2022-113000923.html,1668079800,STORY
5b496092-923c-39aa-9725-7184bed9aa73,PX,2022-11-12,Royalty Pharma (RPRX) Surpasses Q3 Earnings and Revenue Estimates,Zacks,https://finance.yahoo.com/news/royalty-pharma-rprx-surpasses-q3-132501668.html,1667913901,STORY
07e5354f-6318-37c2-8fc0-15e4ec6c1053,PX,2022-11-12,Peter McKellar Joins Bonaccord Capital Partners as Operating Partner,GlobeNewswire,https://finance.yahoo.com/news/peter-mckellar-joins-bonaccord-capital-130000424.html,1667480400,STORY
50769ff7-2435-30b8-8ee4-638557090d56,PX,2022-11-12,Bonaccord Capital Partners Announces Strategic Minority Investment in VMG Partners,GlobeNewswire,https://finance.yahoo.com/news/bonaccord-capital-partners-announces-strategic-130000386.html,1667394000,STORY
544385ee-8de3-359c-9bc5-65a54f306af2,PX,2022-11-12,What Makes P10 (PX) an Attractive Investment?,Insider Monkey,https://finance.yahoo.com/news/makes-p10-px-attractive-investment-174425273.html,1666979065,STORY
50b0941a-f90e-34be-8b80-7bcac47baaa8,PX,2022-11-12,PJT Partners (PJT) Q3 Earnings and Revenues Beat Estimates,Zacks,https://finance.yahoo.com/news/pjt-partners-pjt-q3-earnings-121512360.html,1666700112,STORY
3fb4c86e-e553-3a9c-937b-d8e711349e1a,PX,2022-11-12,"P10 Announces Time Change for Third Quarter 2022 Earnings Release on Thursday, November 10, 2022",GlobeNewswire,https://finance.yahoo.com/news/p10-announces-time-change-third-203000042.html,1666211400,STORY
60ce0ded-ea79-3a26-a8f3-fb8f85cdd345,PX,2022-11-13,"P10, Inc. (PX) Q3 Earnings and Revenues Beat Estimates",Zacks,https://finance.yahoo.com/news/p10-inc-px-q3-earnings-125512313.html,1668084912,STORY
dc0e569c-8ac3-3ebb-b323-9c1e0c6a9668,PX,2022-11-13,P10 Reports Third Quarter 2022 Results,GlobeNewswire,https://finance.yahoo.com/news/p10-reports-third-quarter-2022-113000923.html,1668079800,STORY
5b496092-923c-39aa-9725-7184bed9aa73,PX,2022-11-13,Royalty Pharma (RPRX) Surpasses Q3 Earnings and Revenue Estimates,Zacks,https://finance.yahoo.com/news/royalty-pharma-rprx-surpasses-q3-132501668.html,1667913901,STORY
07e5354f-6318-37c2-8fc0-15e4ec6c1053,PX,2022-11-13,Peter McKellar Joins Bonaccord Capital Partners as Operating Partner,GlobeNewswire,https://finance.yahoo.com/news/peter-mckellar-joins-bonaccord-capital-130000424.html,1667480400,STORY
50769ff7-2435-30b8-8ee4-638557090d56,PX,2022-11-13,Bonaccord Capital Partners Announces Strategic Minority Investment in VMG Partners,GlobeNewswire,https://finance.yahoo.com/news/bonaccord-capital-partners-announces-strategic-130000386.html,1667394000,STORY
544385ee-8de3-359c-9bc5-65a54f306af2,PX,2022-11-13,What Makes P10 (PX) an Attractive Investment?,Insider Monkey,https://finance.yahoo.com/news/makes-p10-px-attractive-investment-174425273.html,1666979065,STORY
50b0941a-f90e-34be-8b80-7bcac47baaa8,PX,2022-11-13,PJT Partners (PJT) Q3 Earnings and Revenues Beat Estimates,Zacks,https://finance.yahoo.com/news/pjt-partners-pjt-q3-earnings-121512360.html,1666700112,STORY
3fb4c86e-e553-3a9c-937b-d8e711349e1a,PX,2022-11-13,"P10 Announces Time Change for Third Quarter 2022 Earnings Release on Thursday, November 10, 2022",GlobeNewswire,https://finance.yahoo.com/news/p10-announces-time-change-third-203000042.html,1666211400,STORY
60ce0ded-ea79-3a26-a8f3-fb8f85cdd345,PX,2022-11-14,"P10, Inc. (PX) Q3 Earnings and Revenues Beat Estimates",Zacks,https://finance.yahoo.com/news/p10-inc-px-q3-earnings-125512313.html,1668084912,STORY
dc0e569c-8ac3-3ebb-b323-9c1e0c6a9668,PX,2022-11-14,P10 Reports Third Quarter 2022 Results,GlobeNewswire,https://finance.yahoo.com/news/p10-reports-third-quarter-2022-113000923.html,1668079800,STORY
5b496092-923c-39aa-9725-7184bed9aa73,PX,2022-11-14,Royalty Pharma (RPRX) Surpasses Q3 Earnings and Revenue Estimates,Zacks,https://finance.yahoo.com/news/royalty-pharma-rprx-surpasses-q3-132501668.html,1667913901,STORY
07e5354f-6318-37c2-8fc0-15e4ec6c1053,PX,2022-11-14,Peter McKellar Joins Bonaccord Capital Partners as Operating Partner,GlobeNewswire,https://finance.yahoo.com/news/peter-mckellar-joins-bonaccord-capital-130000424.html,1667480400,STORY
50769ff7-2435-30b8-8ee4-638557090d56,PX,2022-11-14,Bonaccord Capital Partners Announces Strategic Minority Investment in VMG Partners,GlobeNewswire,https://finance.yahoo.com/news/bonaccord-capital-partners-announces-strategic-130000386.html,1667394000,STORY
544385ee-8de3-359c-9bc5-65a54f306af2,PX,2022-11-14,What Makes P10 (PX) an Attractive Investment?,Insider Monkey,https://finance.yahoo.com/news/makes-p10-px-attractive-investment-174425273.html,1666979065,STORY
50b0941a-f90e-34be-8b80-7bcac47baaa8,PX,2022-11-14,PJT Partners (PJT) Q3 Earnings and Revenues Beat Estimates,Zacks,https://finance.yahoo.com/news/pjt-partners-pjt-q3-earnings-121512360.html,1666700112,STORY
3fb4c86e-e553-3a9c-937b-d8e711349e1a,PX,2022-11-14,"P10 Announces Time Change for Third Quarter 2022 Earnings Release on Thursday, November 10, 2022",GlobeNewswire,https://finance.yahoo.com/news/p10-announces-time-change-third-203000042.html,1666211400,STORY
60ce0ded-ea79-3a26-a8f3-fb8f85cdd345,PX,2022-11-15,"P10, Inc. (PX) Q3 Earnings and Revenues Beat Estimates",Zacks,https://finance.yahoo.com/news/p10-inc-px-q3-earnings-125512313.html,1668084912,STORY
dc0e569c-8ac3-3ebb-b323-9c1e0c6a9668,PX,2022-11-15,P10 Reports Third Quarter 2022 Results,GlobeNewswire,https://finance.yahoo.com/news/p10-reports-third-quarter-2022-113000923.html,1668079800,STORY
5b496092-923c-39aa-9725-7184bed9aa73,PX,2022-11-15,Royalty Pharma (RPRX) Surpasses Q3 Earnings and Revenue Estimates,Zacks,https://finance.yahoo.com/news/royalty-pharma-rprx-surpasses-q3-132501668.html,1667913901,STORY
07e5354f-6318-37c2-8fc0-15e4ec6c1053,PX,2022-11-15,Peter McKellar Joins Bonaccord Capital Partners as Operating Partner,GlobeNewswire,https://finance.yahoo.com/news/peter-mckellar-joins-bonaccord-capital-130000424.html,1667480400,STORY
50769ff7-2435-30b8-8ee4-638557090d56,PX,2022-11-15,Bonaccord Capital Partners Announces Strategic Minority Investment in VMG Partners,GlobeNewswire,https://finance.yahoo.com/news/bonaccord-capital-partners-announces-strategic-130000386.html,1667394000,STORY
544385ee-8de3-359c-9bc5-65a54f306af2,PX,2022-11-15,What Makes P10 (PX) an Attractive Investment?,Insider Monkey,https://finance.yahoo.com/news/makes-p10-px-attractive-investment-174425273.html,1666979065,STORY
50b0941a-f90e-34be-8b80-7bcac47baaa8,PX,2022-11-15,PJT Partners (PJT) Q3 Earnings and Revenues Beat Estimates,Zacks,https://finance.yahoo.com/news/pjt-partners-pjt-q3-earnings-121512360.html,1666700112,STORY
3fb4c86e-e553-3a9c-937b-d8e711349e1a,PX,2022-11-15,"P10 Announces Time Change for Third Quarter 2022 Earnings Release on Thursday, November 10, 2022",GlobeNewswire,https://finance.yahoo.com/news/p10-announces-time-change-third-203000042.html,1666211400,STORY
60ce0ded-ea79-3a26-a8f3-fb8f85cdd345,PX,2022-11-16,"P10, Inc. (PX) Q3 Earnings and Revenues Beat Estimates",Zacks,https://finance.yahoo.com/news/p10-inc-px-q3-earnings-125512313.html,1668084912,STORY
dc0e569c-8ac3-3ebb-b323-9c1e0c6a9668,PX,2022-11-16,P10 Reports Third Quarter 2022 Results,GlobeNewswire,https://finance.yahoo.com/news/p10-reports-third-quarter-2022-113000923.html,1668079800,STORY
5b496092-923c-39aa-9725-7184bed9aa73,PX,2022-11-16,Royalty Pharma (RPRX) Surpasses Q3 Earnings and Revenue Estimates,Zacks,https://finance.yahoo.com/news/royalty-pharma-rprx-surpasses-q3-132501668.html,1667913901,STORY
07e5354f-6318-37c2-8fc0-15e4ec6c1053,PX,2022-11-16,Peter McKellar Joins Bonaccord Capital Partners as Operating Partner,GlobeNewswire,https://finance.yahoo.com/news/peter-mckellar-joins-bonaccord-capital-130000424.html,1667480400,STORY
50769ff7-2435-30b8-8ee4-638557090d56,PX,2022-11-16,Bonaccord Capital Partners Announces Strategic Minority Investment in VMG Partners,GlobeNewswire,https://finance.yahoo.com/news/bonaccord-capital-partners-announces-strategic-130000386.html,1667394000,STORY
544385ee-8de3-359c-9bc5-65a54f306af2,PX,2022-11-16,What Makes P10 (PX) an Attractive Investment?,Insider Monkey,https://finance.yahoo.com/news/makes-p10-px-attractive-investment-174425273.html,1666979065,STORY
50b0941a-f90e-34be-8b80-7bcac47baaa8,PX,2022-11-16,PJT Partners (PJT) Q3 Earnings and Revenues Beat Estimates,Zacks,https://finance.yahoo.com/news/pjt-partners-pjt-q3-earnings-121512360.html,1666700112,STORY
3fb4c86e-e553-3a9c-937b-d8e711349e1a,PX,2022-11-16,"P10 Announces Time Change for Third Quarter 2022 Earnings Release on Thursday, November 10, 2022",GlobeNewswire,https://finance.yahoo.com/news/p10-announces-time-change-third-203000042.html,1666211400,STORY
5e1ad8ef-21b7-322d-859e-d408705c638d,PX,2022-11-17,"P10 Third Quarter 2022 Earnings: Revenues Beat Expectations, EPS Lags",Simply Wall St.,https://finance.yahoo.com/news/p10-third-quarter-2022-earnings-103103398.html,1668681063,STORY
60ce0ded-ea79-3a26-a8f3-fb8f85cdd345,PX,2022-11-17,"P10, Inc. (PX) Q3 Earnings and Revenues Beat Estimates",Zacks,https://finance.yahoo.com/news/p10-inc-px-q3-earnings-125512313.html,1668084912,STORY
dc0e569c-8ac3-3ebb-b323-9c1e0c6a9668,PX,2022-11-17,P10 Reports Third Quarter 2022 Results,GlobeNewswire,https://finance.yahoo.com/news/p10-reports-third-quarter-2022-113000923.html,1668079800,STORY
5b496092-923c-39aa-9725-7184bed9aa73,PX,2022-11-17,Royalty Pharma (RPRX) Surpasses Q3 Earnings and Revenue Estimates,Zacks,https://finance.yahoo.com/news/royalty-pharma-rprx-surpasses-q3-132501668.html,1667913901,STORY
07e5354f-6318-37c2-8fc0-15e4ec6c1053,PX,2022-11-17,Peter McKellar Joins Bonaccord Capital Partners as Operating Partner,GlobeNewswire,https://finance.yahoo.com/news/peter-mckellar-joins-bonaccord-capital-130000424.html,1667480400,STORY
50769ff7-2435-30b8-8ee4-638557090d56,PX,2022-11-17,Bonaccord Capital Partners Announces Strategic Minority Investment in VMG Partners,GlobeNewswire,https://finance.yahoo.com/news/bonaccord-capital-partners-announces-strategic-130000386.html,1667394000,STORY
544385ee-8de3-359c-9bc5-65a54f306af2,PX,2022-11-17,What Makes P10 (PX) an Attractive Investment?,Insider Monkey,https://finance.yahoo.com/news/makes-p10-px-attractive-investment-174425273.html,1666979065,STORY
50b0941a-f90e-34be-8b80-7bcac47baaa8,PX,2022-11-17,PJT Partners (PJT) Q3 Earnings and Revenues Beat Estimates,Zacks,https://finance.yahoo.com/news/pjt-partners-pjt-q3-earnings-121512360.html,1666700112,STORY
5e1ad8ef-21b7-322d-859e-d408705c638d,PX,2022-11-18,"P10 Third Quarter 2022 Earnings: Revenues Beat Expectations, EPS Lags",Simply Wall St.,https://finance.yahoo.com/news/p10-third-quarter-2022-earnings-103103398.html,1668681063,STORY
60ce0ded-ea79-3a26-a8f3-fb8f85cdd345,PX,2022-11-18,"P10, Inc. (PX) Q3 Earnings and Revenues Beat Estimates",Zacks,https://finance.yahoo.com/news/p10-inc-px-q3-earnings-125512313.html,1668084912,STORY
dc0e569c-8ac3-3ebb-b323-9c1e0c6a9668,PX,2022-11-18,P10 Reports Third Quarter 2022 Results,GlobeNewswire,https://finance.yahoo.com/news/p10-reports-third-quarter-2022-113000923.html,1668079800,STORY
5b496092-923c-39aa-9725-7184bed9aa73,PX,2022-11-18,Royalty Pharma (RPRX) Surpasses Q3 Earnings and Revenue Estimates,Zacks,https://finance.yahoo.com/news/royalty-pharma-rprx-surpasses-q3-132501668.html,1667913901,STORY
07e5354f-6318-37c2-8fc0-15e4ec6c1053,PX,2022-11-18,Peter McKellar Joins Bonaccord Capital Partners as Operating Partner,GlobeNewswire,https://finance.yahoo.com/news/peter-mckellar-joins-bonaccord-capital-130000424.html,1667480400,STORY
50769ff7-2435-30b8-8ee4-638557090d56,PX,2022-11-18,Bonaccord Capital Partners Announces Strategic Minority Investment in VMG Partners,GlobeNewswire,https://finance.yahoo.com/news/bonaccord-capital-partners-announces-strategic-130000386.html,1667394000,STORY
544385ee-8de3-359c-9bc5-65a54f306af2,PX,2022-11-18,What Makes P10 (PX) an Attractive Investment?,Insider Monkey,https://finance.yahoo.com/news/makes-p10-px-attractive-investment-174425273.html,1666979065,STORY
50b0941a-f90e-34be-8b80-7bcac47baaa8,PX,2022-11-18,PJT Partners (PJT) Q3 Earnings and Revenues Beat Estimates,Zacks,https://finance.yahoo.com/news/pjt-partners-pjt-q3-earnings-121512360.html,1666700112,STORY
5e1ad8ef-21b7-322d-859e-d408705c638d,PX,2022-11-19,"P10 Third Quarter 2022 Earnings: Revenues Beat Expectations, EPS Lags",Simply Wall St.,https://finance.yahoo.com/news/p10-third-quarter-2022-earnings-103103398.html,1668681063,STORY
60ce0ded-ea79-3a26-a8f3-fb8f85cdd345,PX,2022-11-19,"P10, Inc. (PX) Q3 Earnings and Revenues Beat Estimates",Zacks,https://finance.yahoo.com/news/p10-inc-px-q3-earnings-125512313.html,1668084912,STORY
dc0e569c-8ac3-3ebb-b323-9c1e0c6a9668,PX,2022-11-19,P10 Reports Third Quarter 2022 Results,GlobeNewswire,https://finance.yahoo.com/news/p10-reports-third-quarter-2022-113000923.html,1668079800,STORY
5b496092-923c-39aa-9725-7184bed9aa73,PX,2022-11-19,Royalty Pharma (RPRX) Surpasses Q3 Earnings and Revenue Estimates,Zacks,https://finance.yahoo.com/news/royalty-pharma-rprx-surpasses-q3-132501668.html,1667913901,STORY
07e5354f-6318-37c2-8fc0-15e4ec6c1053,PX,2022-11-19,Peter McKellar Joins Bonaccord Capital Partners as Operating Partner,GlobeNewswire,https://finance.yahoo.com/news/peter-mckellar-joins-bonaccord-capital-130000424.html,1667480400,STORY
50769ff7-2435-30b8-8ee4-638557090d56,PX,2022-11-19,Bonaccord Capital Partners Announces Strategic Minority Investment in VMG Partners,GlobeNewswire,https://finance.yahoo.com/news/bonaccord-capital-partners-announces-strategic-130000386.html,1667394000,STORY
544385ee-8de3-359c-9bc5-65a54f306af2,PX,2022-11-19,What Makes P10 (PX) an Attractive Investment?,Insider Monkey,https://finance.yahoo.com/news/makes-p10-px-attractive-investment-174425273.html,1666979065,STORY
50b0941a-f90e-34be-8b80-7bcac47baaa8,PX,2022-11-19,PJT Partners (PJT) Q3 Earnings and Revenues Beat Estimates,Zacks,https://finance.yahoo.com/news/pjt-partners-pjt-q3-earnings-121512360.html,1666700112,STORY
5e1ad8ef-21b7-322d-859e-d408705c638d,PX,2022-11-20,"P10 Third Quarter 2022 Earnings: Revenues Beat Expectations, EPS Lags",Simply Wall St.,https://finance.yahoo.com/news/p10-third-quarter-2022-earnings-103103398.html,1668681063,STORY
60ce0ded-ea79-3a26-a8f3-fb8f85cdd345,PX,2022-11-20,"P10, Inc. (PX) Q3 Earnings and Revenues Beat Estimates",Zacks,https://finance.yahoo.com/news/p10-inc-px-q3-earnings-125512313.html,1668084912,STORY
dc0e569c-8ac3-3ebb-b323-9c1e0c6a9668,PX,2022-11-20,P10 Reports Third Quarter 2022 Results,GlobeNewswire,https://finance.yahoo.com/news/p10-reports-third-quarter-2022-113000923.html,1668079800,STORY
5b496092-923c-39aa-9725-7184bed9aa73,PX,2022-11-20,Royalty Pharma (RPRX) Surpasses Q3 Earnings and Revenue Estimates,Zacks,https://finance.yahoo.com/news/royalty-pharma-rprx-surpasses-q3-132501668.html,1667913901,STORY
07e5354f-6318-37c2-8fc0-15e4ec6c1053,PX,2022-11-20,Peter McKellar Joins Bonaccord Capital Partners as Operating Partner,GlobeNewswire,https://finance.yahoo.com/news/peter-mckellar-joins-bonaccord-capital-130000424.html,1667480400,STORY
50769ff7-2435-30b8-8ee4-638557090d56,PX,2022-11-20,Bonaccord Capital Partners Announces Strategic Minority Investment in VMG Partners,GlobeNewswire,https://finance.yahoo.com/news/bonaccord-capital-partners-announces-strategic-130000386.html,1667394000,STORY
544385ee-8de3-359c-9bc5-65a54f306af2,PX,2022-11-20,What Makes P10 (PX) an Attractive Investment?,Insider Monkey,https://finance.yahoo.com/news/makes-p10-px-attractive-investment-174425273.html,1666979065,STORY
50b0941a-f90e-34be-8b80-7bcac47baaa8,PX,2022-11-20,PJT Partners (PJT) Q3 Earnings and Revenues Beat Estimates,Zacks,https://finance.yahoo.com/news/pjt-partners-pjt-q3-earnings-121512360.html,1666700112,STORY
5e1ad8ef-21b7-322d-859e-d408705c638d,PX,2022-11-21,"P10 Third Quarter 2022 Earnings: Revenues Beat Expectations, EPS Lags",Simply Wall St.,https://finance.yahoo.com/news/p10-third-quarter-2022-earnings-103103398.html,1668681063,STORY
60ce0ded-ea79-3a26-a8f3-fb8f85cdd345,PX,2022-11-21,"P10, Inc. (PX) Q3 Earnings and Revenues Beat Estimates",Zacks,https://finance.yahoo.com/news/p10-inc-px-q3-earnings-125512313.html,1668084912,STORY
dc0e569c-8ac3-3ebb-b323-9c1e0c6a9668,PX,2022-11-21,P10 Reports Third Quarter 2022 Results,GlobeNewswire,https://finance.yahoo.com/news/p10-reports-third-quarter-2022-113000923.html,1668079800,STORY
5b496092-923c-39aa-9725-7184bed9aa73,PX,2022-11-21,Royalty Pharma (RPRX) Surpasses Q3 Earnings and Revenue Estimates,Zacks,https://finance.yahoo.com/news/royalty-pharma-rprx-surpasses-q3-132501668.html,1667913901,STORY
07e5354f-6318-37c2-8fc0-15e4ec6c1053,PX,2022-11-21,Peter McKellar Joins Bonaccord Capital Partners as Operating Partner,GlobeNewswire,https://finance.yahoo.com/news/peter-mckellar-joins-bonaccord-capital-130000424.html,1667480400,STORY
50769ff7-2435-30b8-8ee4-638557090d56,PX,2022-11-21,Bonaccord Capital Partners Announces Strategic Minority Investment in VMG Partners,GlobeNewswire,https://finance.yahoo.com/news/bonaccord-capital-partners-announces-strategic-130000386.html,1667394000,STORY
544385ee-8de3-359c-9bc5-65a54f306af2,PX,2022-11-21,What Makes P10 (PX) an Attractive Investment?,Insider Monkey,https://finance.yahoo.com/news/makes-p10-px-attractive-investment-174425273.html,1666979065,STORY
50b0941a-f90e-34be-8b80-7bcac47baaa8,PX,2022-11-21,PJT Partners (PJT) Q3 Earnings and Revenues Beat Estimates,Zacks,https://finance.yahoo.com/news/pjt-partners-pjt-q3-earnings-121512360.html,1666700112,STORY
5e1ad8ef-21b7-322d-859e-d408705c638d,PX,2022-11-22,"P10 Third Quarter 2022 Earnings: Revenues Beat Expectations, EPS Lags",Simply Wall St.,https://finance.yahoo.com/news/p10-third-quarter-2022-earnings-103103398.html,1668681063,STORY
60ce0ded-ea79-3a26-a8f3-fb8f85cdd345,PX,2022-11-22,"P10, Inc. (PX) Q3 Earnings and Revenues Beat Estimates",Zacks,https://finance.yahoo.com/news/p10-inc-px-q3-earnings-125512313.html,1668084912,STORY
dc0e569c-8ac3-3ebb-b323-9c1e0c6a9668,PX,2022-11-22,P10 Reports Third Quarter 2022 Results,GlobeNewswire,https://finance.yahoo.com/news/p10-reports-third-quarter-2022-113000923.html,1668079800,STORY
5b496092-923c-39aa-9725-7184bed9aa73,PX,2022-11-22,Royalty Pharma (RPRX) Surpasses Q3 Earnings and Revenue Estimates,Zacks,https://finance.yahoo.com/news/royalty-pharma-rprx-surpasses-q3-132501668.html,1667913901,STORY
07e5354f-6318-37c2-8fc0-15e4ec6c1053,PX,2022-11-22,Peter McKellar Joins Bonaccord Capital Partners as Operating Partner,GlobeNewswire,https://finance.yahoo.com/news/peter-mckellar-joins-bonaccord-capital-130000424.html,1667480400,STORY
50769ff7-2435-30b8-8ee4-638557090d56,PX,2022-11-22,Bonaccord Capital Partners Announces Strategic Minority Investment in VMG Partners,GlobeNewswire,https://finance.yahoo.com/news/bonaccord-capital-partners-announces-strategic-130000386.html,1667394000,STORY
544385ee-8de3-359c-9bc5-65a54f306af2,PX,2022-11-22,What Makes P10 (PX) an Attractive Investment?,Insider Monkey,https://finance.yahoo.com/news/makes-p10-px-attractive-investment-174425273.html,1666979065,STORY
50b0941a-f90e-34be-8b80-7bcac47baaa8,PX,2022-11-22,PJT Partners (PJT) Q3 Earnings and Revenues Beat Estimates,Zacks,https://finance.yahoo.com/news/pjt-partners-pjt-q3-earnings-121512360.html,1666700112,STORY
5e1ad8ef-21b7-322d-859e-d408705c638d,PX,2022-11-23,"P10 Third Quarter 2022 Earnings: Revenues Beat Expectations, EPS Lags",Simply Wall St.,https://finance.yahoo.com/news/p10-third-quarter-2022-earnings-103103398.html,1668681063,STORY
60ce0ded-ea79-3a26-a8f3-fb8f85cdd345,PX,2022-11-23,"P10, Inc. (PX) Q3 Earnings and Revenues Beat Estimates",Zacks,https://finance.yahoo.com/news/p10-inc-px-q3-earnings-125512313.html,1668084912,STORY
dc0e569c-8ac3-3ebb-b323-9c1e0c6a9668,PX,2022-11-23,P10 Reports Third Quarter 2022 Results,GlobeNewswire,https://finance.yahoo.com/news/p10-reports-third-quarter-2022-113000923.html,1668079800,STORY
5b496092-923c-39aa-9725-7184bed9aa73,PX,2022-11-23,Royalty Pharma (RPRX) Surpasses Q3 Earnings and Revenue Estimates,Zacks,https://finance.yahoo.com/news/royalty-pharma-rprx-surpasses-q3-132501668.html,1667913901,STORY
07e5354f-6318-37c2-8fc0-15e4ec6c1053,PX,2022-11-23,Peter McKellar Joins Bonaccord Capital Partners as Operating Partner,GlobeNewswire,https://finance.yahoo.com/news/peter-mckellar-joins-bonaccord-capital-130000424.html,1667480400,STORY
50769ff7-2435-30b8-8ee4-638557090d56,PX,2022-11-23,Bonaccord Capital Partners Announces Strategic Minority Investment in VMG Partners,GlobeNewswire,https://finance.yahoo.com/news/bonaccord-capital-partners-announces-strategic-130000386.html,1667394000,STORY
544385ee-8de3-359c-9bc5-65a54f306af2,PX,2022-11-23,What Makes P10 (PX) an Attractive Investment?,Insider Monkey,https://finance.yahoo.com/news/makes-p10-px-attractive-investment-174425273.html,1666979065,STORY
50b0941a-f90e-34be-8b80-7bcac47baaa8,PX,2022-11-23,PJT Partners (PJT) Q3 Earnings and Revenues Beat Estimates,Zacks,https://finance.yahoo.com/news/pjt-partners-pjt-q3-earnings-121512360.html,1666700112,STORY
faac2702-706d-336d-a92e-c2486d7fa6ca,PX,2022-11-24,"Be Sure To Check Out P10, Inc. (NYSE:PX) Before It Goes Ex-Dividend",Simply Wall St.,https://finance.yahoo.com/news/sure-check-p10-inc-nyse-102625667.html,1669285585,STORY
5e1ad8ef-21b7-322d-859e-d408705c638d,PX,2022-11-24,"P10 Third Quarter 2022 Earnings: Revenues Beat Expectations, EPS Lags",Simply Wall St.,https://finance.yahoo.com/news/p10-third-quarter-2022-earnings-103103398.html,1668681063,STORY
60ce0ded-ea79-3a26-a8f3-fb8f85cdd345,PX,2022-11-24,"P10, Inc. (PX) Q3 Earnings and Revenues Beat Estimates",Zacks,https://finance.yahoo.com/news/p10-inc-px-q3-earnings-125512313.html,1668084912,STORY
dc0e569c-8ac3-3ebb-b323-9c1e0c6a9668,PX,2022-11-24,P10 Reports Third Quarter 2022 Results,GlobeNewswire,https://finance.yahoo.com/news/p10-reports-third-quarter-2022-113000923.html,1668079800,STORY
5b496092-923c-39aa-9725-7184bed9aa73,PX,2022-11-24,Royalty Pharma (RPRX) Surpasses Q3 Earnings and Revenue Estimates,Zacks,https://finance.yahoo.com/news/royalty-pharma-rprx-surpasses-q3-132501668.html,1667913901,STORY
07e5354f-6318-37c2-8fc0-15e4ec6c1053,PX,2022-11-24,Peter McKellar Joins Bonaccord Capital Partners as Operating Partner,GlobeNewswire,https://finance.yahoo.com/news/peter-mckellar-joins-bonaccord-capital-130000424.html,1667480400,STORY
50769ff7-2435-30b8-8ee4-638557090d56,PX,2022-11-24,Bonaccord Capital Partners Announces Strategic Minority Investment in VMG Partners,GlobeNewswire,https://finance.yahoo.com/news/bonaccord-capital-partners-announces-strategic-130000386.html,1667394000,STORY
544385ee-8de3-359c-9bc5-65a54f306af2,PX,2022-11-24,What Makes P10 (PX) an Attractive Investment?,Insider Monkey,https://finance.yahoo.com/news/makes-p10-px-attractive-investment-174425273.html,1666979065,STORY
faac2702-706d-336d-a92e-c2486d7fa6ca,PX,2022-11-25,"Be Sure To Check Out P10, Inc. (NYSE:PX) Before It Goes Ex-Dividend",Simply Wall St.,https://finance.yahoo.com/news/sure-check-p10-inc-nyse-102625667.html,1669285585,STORY
5e1ad8ef-21b7-322d-859e-d408705c638d,PX,2022-11-25,"P10 Third Quarter 2022 Earnings: Revenues Beat Expectations, EPS Lags",Simply Wall St.,https://finance.yahoo.com/news/p10-third-quarter-2022-earnings-103103398.html,1668681063,STORY
60ce0ded-ea79-3a26-a8f3-fb8f85cdd345,PX,2022-11-25,"P10, Inc. (PX) Q3 Earnings and Revenues Beat Estimates",Zacks,https://finance.yahoo.com/news/p10-inc-px-q3-earnings-125512313.html,1668084912,STORY
dc0e569c-8ac3-3ebb-b323-9c1e0c6a9668,PX,2022-11-25,P10 Reports Third Quarter 2022 Results,GlobeNewswire,https://finance.yahoo.com/news/p10-reports-third-quarter-2022-113000923.html,1668079800,STORY
5b496092-923c-39aa-9725-7184bed9aa73,PX,2022-11-25,Royalty Pharma (RPRX) Surpasses Q3 Earnings and Revenue Estimates,Zacks,https://finance.yahoo.com/news/royalty-pharma-rprx-surpasses-q3-132501668.html,1667913901,STORY
07e5354f-6318-37c2-8fc0-15e4ec6c1053,PX,2022-11-25,Peter McKellar Joins Bonaccord Capital Partners as Operating Partner,GlobeNewswire,https://finance.yahoo.com/news/peter-mckellar-joins-bonaccord-capital-130000424.html,1667480400,STORY
50769ff7-2435-30b8-8ee4-638557090d56,PX,2022-11-25,Bonaccord Capital Partners Announces Strategic Minority Investment in VMG Partners,GlobeNewswire,https://finance.yahoo.com/news/bonaccord-capital-partners-announces-strategic-130000386.html,1667394000,STORY
544385ee-8de3-359c-9bc5-65a54f306af2,PX,2022-11-25,What Makes P10 (PX) an Attractive Investment?,Insider Monkey,https://finance.yahoo.com/news/makes-p10-px-attractive-investment-174425273.html,1666979065,STORY
faac2702-706d-336d-a92e-c2486d7fa6ca,PX,2022-11-26,"Be Sure To Check Out P10, Inc. (NYSE:PX) Before It Goes Ex-Dividend",Simply Wall St.,https://finance.yahoo.com/news/sure-check-p10-inc-nyse-102625667.html,1669285585,STORY
5e1ad8ef-21b7-322d-859e-d408705c638d,PX,2022-11-26,"P10 Third Quarter 2022 Earnings: Revenues Beat Expectations, EPS Lags",Simply Wall St.,https://finance.yahoo.com/news/p10-third-quarter-2022-earnings-103103398.html,1668681063,STORY
60ce0ded-ea79-3a26-a8f3-fb8f85cdd345,PX,2022-11-26,"P10, Inc. (PX) Q3 Earnings and Revenues Beat Estimates",Zacks,https://finance.yahoo.com/news/p10-inc-px-q3-earnings-125512313.html,1668084912,STORY
dc0e569c-8ac3-3ebb-b323-9c1e0c6a9668,PX,2022-11-26,P10 Reports Third Quarter 2022 Results,GlobeNewswire,https://finance.yahoo.com/news/p10-reports-third-quarter-2022-113000923.html,1668079800,STORY
5b496092-923c-39aa-9725-7184bed9aa73,PX,2022-11-26,Royalty Pharma (RPRX) Surpasses Q3 Earnings and Revenue Estimates,Zacks,https://finance.yahoo.com/news/royalty-pharma-rprx-surpasses-q3-132501668.html,1667913901,STORY
07e5354f-6318-37c2-8fc0-15e4ec6c1053,PX,2022-11-26,Peter McKellar Joins Bonaccord Capital Partners as Operating Partner,GlobeNewswire,https://finance.yahoo.com/news/peter-mckellar-joins-bonaccord-capital-130000424.html,1667480400,STORY
50769ff7-2435-30b8-8ee4-638557090d56,PX,2022-11-26,Bonaccord Capital Partners Announces Strategic Minority Investment in VMG Partners,GlobeNewswire,https://finance.yahoo.com/news/bonaccord-capital-partners-announces-strategic-130000386.html,1667394000,STORY
544385ee-8de3-359c-9bc5-65a54f306af2,PX,2022-11-26,What Makes P10 (PX) an Attractive Investment?,Insider Monkey,https://finance.yahoo.com/news/makes-p10-px-attractive-investment-174425273.html,1666979065,STORY
faac2702-706d-336d-a92e-c2486d7fa6ca,PX,2022-11-27,"Be Sure To Check Out P10, Inc. (NYSE:PX) Before It Goes Ex-Dividend",Simply Wall St.,https://finance.yahoo.com/news/sure-check-p10-inc-nyse-102625667.html,1669285585,STORY
5e1ad8ef-21b7-322d-859e-d408705c638d,PX,2022-11-27,"P10 Third Quarter 2022 Earnings: Revenues Beat Expectations, EPS Lags",Simply Wall St.,https://finance.yahoo.com/news/p10-third-quarter-2022-earnings-103103398.html,1668681063,STORY
60ce0ded-ea79-3a26-a8f3-fb8f85cdd345,PX,2022-11-27,"P10, Inc. (PX) Q3 Earnings and Revenues Beat Estimates",Zacks,https://finance.yahoo.com/news/p10-inc-px-q3-earnings-125512313.html,1668084912,STORY
dc0e569c-8ac3-3ebb-b323-9c1e0c6a9668,PX,2022-11-27,P10 Reports Third Quarter 2022 Results,GlobeNewswire,https://finance.yahoo.com/news/p10-reports-third-quarter-2022-113000923.html,1668079800,STORY
5b496092-923c-39aa-9725-7184bed9aa73,PX,2022-11-27,Royalty Pharma (RPRX) Surpasses Q3 Earnings and Revenue Estimates,Zacks,https://finance.yahoo.com/news/royalty-pharma-rprx-surpasses-q3-132501668.html,1667913901,STORY
07e5354f-6318-37c2-8fc0-15e4ec6c1053,PX,2022-11-27,Peter McKellar Joins Bonaccord Capital Partners as Operating Partner,GlobeNewswire,https://finance.yahoo.com/news/peter-mckellar-joins-bonaccord-capital-130000424.html,1667480400,STORY
50769ff7-2435-30b8-8ee4-638557090d56,PX,2022-11-27,Bonaccord Capital Partners Announces Strategic Minority Investment in VMG Partners,GlobeNewswire,https://finance.yahoo.com/news/bonaccord-capital-partners-announces-strategic-130000386.html,1667394000,STORY
544385ee-8de3-359c-9bc5-65a54f306af2,PX,2022-11-27,What Makes P10 (PX) an Attractive Investment?,Insider Monkey,https://finance.yahoo.com/news/makes-p10-px-attractive-investment-174425273.html,1666979065,STORY
faac2702-706d-336d-a92e-c2486d7fa6ca,PX,2022-11-28,"Be Sure To Check Out P10, Inc. (NYSE:PX) Before It Goes Ex-Dividend",Simply Wall St.,https://finance.yahoo.com/news/sure-check-p10-inc-nyse-102625667.html,1669285585,STORY
5e1ad8ef-21b7-322d-859e-d408705c638d,PX,2022-11-28,"P10 Third Quarter 2022 Earnings: Revenues Beat Expectations, EPS Lags",Simply Wall St.,https://finance.yahoo.com/news/p10-third-quarter-2022-earnings-103103398.html,1668681063,STORY
60ce0ded-ea79-3a26-a8f3-fb8f85cdd345,PX,2022-11-28,"P10, Inc. (PX) Q3 Earnings and Revenues Beat Estimates",Zacks,https://finance.yahoo.com/news/p10-inc-px-q3-earnings-125512313.html,1668084912,STORY
dc0e569c-8ac3-3ebb-b323-9c1e0c6a9668,PX,2022-11-28,P10 Reports Third Quarter 2022 Results,GlobeNewswire,https://finance.yahoo.com/news/p10-reports-third-quarter-2022-113000923.html,1668079800,STORY
5b496092-923c-39aa-9725-7184bed9aa73,PX,2022-11-28,Royalty Pharma (RPRX) Surpasses Q3 Earnings and Revenue Estimates,Zacks,https://finance.yahoo.com/news/royalty-pharma-rprx-surpasses-q3-132501668.html,1667913901,STORY
07e5354f-6318-37c2-8fc0-15e4ec6c1053,PX,2022-11-28,Peter McKellar Joins Bonaccord Capital Partners as Operating Partner,GlobeNewswire,https://finance.yahoo.com/news/peter-mckellar-joins-bonaccord-capital-130000424.html,1667480400,STORY
50769ff7-2435-30b8-8ee4-638557090d56,PX,2022-11-28,Bonaccord Capital Partners Announces Strategic Minority Investment in VMG Partners,GlobeNewswire,https://finance.yahoo.com/news/bonaccord-capital-partners-announces-strategic-130000386.html,1667394000,STORY
544385ee-8de3-359c-9bc5-65a54f306af2,PX,2022-11-28,What Makes P10 (PX) an Attractive Investment?,Insider Monkey,https://finance.yahoo.com/news/makes-p10-px-attractive-investment-174425273.html,1666979065,STORY
d8d89b6f-4841-3656-a759-20bb5130514a,PX,2022-11-29,P10 Scheduled to Ring the Opening Bell at New York Stock Exchange,GlobeNewswire,https://finance.yahoo.com/news/p10-scheduled-ring-opening-bell-214500420.html,1669671900,STORY
faac2702-706d-336d-a92e-c2486d7fa6ca,PX,2022-11-29,"Be Sure To Check Out P10, Inc. (NYSE:PX) Before It Goes Ex-Dividend",Simply Wall St.,https://finance.yahoo.com/news/sure-check-p10-inc-nyse-102625667.html,1669285585,STORY
5e1ad8ef-21b7-322d-859e-d408705c638d,PX,2022-11-29,"P10 Third Quarter 2022 Earnings: Revenues Beat Expectations, EPS Lags",Simply Wall St.,https://finance.yahoo.com/news/p10-third-quarter-2022-earnings-103103398.html,1668681063,STORY
60ce0ded-ea79-3a26-a8f3-fb8f85cdd345,PX,2022-11-29,"P10, Inc. (PX) Q3 Earnings and Revenues Beat Estimates",Zacks,https://finance.yahoo.com/news/p10-inc-px-q3-earnings-125512313.html,1668084912,STORY
dc0e569c-8ac3-3ebb-b323-9c1e0c6a9668,PX,2022-11-29,P10 Reports Third Quarter 2022 Results,GlobeNewswire,https://finance.yahoo.com/news/p10-reports-third-quarter-2022-113000923.html,1668079800,STORY
5b496092-923c-39aa-9725-7184bed9aa73,PX,2022-11-29,Royalty Pharma (RPRX) Surpasses Q3 Earnings and Revenue Estimates,Zacks,https://finance.yahoo.com/news/royalty-pharma-rprx-surpasses-q3-132501668.html,1667913901,STORY
07e5354f-6318-37c2-8fc0-15e4ec6c1053,PX,2022-11-29,Peter McKellar Joins Bonaccord Capital Partners as Operating Partner,GlobeNewswire,https://finance.yahoo.com/news/peter-mckellar-joins-bonaccord-capital-130000424.html,1667480400,STORY
50769ff7-2435-30b8-8ee4-638557090d56,PX,2022-11-29,Bonaccord Capital Partners Announces Strategic Minority Investment in VMG Partners,GlobeNewswire,https://finance.yahoo.com/news/bonaccord-capital-partners-announces-strategic-130000386.html,1667394000,STORY
d8d89b6f-4841-3656-a759-20bb5130514a,PX,2022-11-30,P10 Scheduled to Ring the Opening Bell at New York Stock Exchange,GlobeNewswire,https://finance.yahoo.com/news/p10-scheduled-ring-opening-bell-214500420.html,1669671900,STORY
faac2702-706d-336d-a92e-c2486d7fa6ca,PX,2022-11-30,"Be Sure To Check Out P10, Inc. (NYSE:PX) Before It Goes Ex-Dividend",Simply Wall St.,https://finance.yahoo.com/news/sure-check-p10-inc-nyse-102625667.html,1669285585,STORY
5e1ad8ef-21b7-322d-859e-d408705c638d,PX,2022-11-30,"P10 Third Quarter 2022 Earnings: Revenues Beat Expectations, EPS Lags",Simply Wall St.,https://finance.yahoo.com/news/p10-third-quarter-2022-earnings-103103398.html,1668681063,STORY
60ce0ded-ea79-3a26-a8f3-fb8f85cdd345,PX,2022-11-30,"P10, Inc. (PX) Q3 Earnings and Revenues Beat Estimates",Zacks,https://finance.yahoo.com/news/p10-inc-px-q3-earnings-125512313.html,1668084912,STORY
dc0e569c-8ac3-3ebb-b323-9c1e0c6a9668,PX,2022-11-30,P10 Reports Third Quarter 2022 Results,GlobeNewswire,https://finance.yahoo.com/news/p10-reports-third-quarter-2022-113000923.html,1668079800,STORY
5b496092-923c-39aa-9725-7184bed9aa73,PX,2022-11-30,Royalty Pharma (RPRX) Surpasses Q3 Earnings and Revenue Estimates,Zacks,https://finance.yahoo.com/news/royalty-pharma-rprx-surpasses-q3-132501668.html,1667913901,STORY
07e5354f-6318-37c2-8fc0-15e4ec6c1053,PX,2022-11-30,Peter McKellar Joins Bonaccord Capital Partners as Operating Partner,GlobeNewswire,https://finance.yahoo.com/news/peter-mckellar-joins-bonaccord-capital-130000424.html,1667480400,STORY
50769ff7-2435-30b8-8ee4-638557090d56,PX,2022-11-30,Bonaccord Capital Partners Announces Strategic Minority Investment in VMG Partners,GlobeNewswire,https://finance.yahoo.com/news/bonaccord-capital-partners-announces-strategic-130000386.html,1667394000,STORY
d8d89b6f-4841-3656-a759-20bb5130514a,PX,2022-12-1,P10 Scheduled to Ring the Opening Bell at New York Stock Exchange,GlobeNewswire,https://finance.yahoo.com/news/p10-scheduled-ring-opening-bell-214500420.html,1669671900,STORY
faac2702-706d-336d-a92e-c2486d7fa6ca,PX,2022-12-1,"Be Sure To Check Out P10, Inc. (NYSE:PX) Before It Goes Ex-Dividend",Simply Wall St.,https://finance.yahoo.com/news/sure-check-p10-inc-nyse-102625667.html,1669285585,STORY
5e1ad8ef-21b7-322d-859e-d408705c638d,PX,2022-12-1,"P10 Third Quarter 2022 Earnings: Revenues Beat Expectations, EPS Lags",Simply Wall St.,https://finance.yahoo.com/news/p10-third-quarter-2022-earnings-103103398.html,1668681063,STORY
60ce0ded-ea79-3a26-a8f3-fb8f85cdd345,PX,2022-12-1,"P10, Inc. (PX) Q3 Earnings and Revenues Beat Estimates",Zacks,https://finance.yahoo.com/news/p10-inc-px-q3-earnings-125512313.html,1668084912,STORY
dc0e569c-8ac3-3ebb-b323-9c1e0c6a9668,PX,2022-12-1,P10 Reports Third Quarter 2022 Results,GlobeNewswire,https://finance.yahoo.com/news/p10-reports-third-quarter-2022-113000923.html,1668079800,STORY
5b496092-923c-39aa-9725-7184bed9aa73,PX,2022-12-1,Royalty Pharma (RPRX) Surpasses Q3 Earnings and Revenue Estimates,Zacks,https://finance.yahoo.com/news/royalty-pharma-rprx-surpasses-q3-132501668.html,1667913901,STORY
07e5354f-6318-37c2-8fc0-15e4ec6c1053,PX,2022-12-1,Peter McKellar Joins Bonaccord Capital Partners as Operating Partner,GlobeNewswire,https://finance.yahoo.com/news/peter-mckellar-joins-bonaccord-capital-130000424.html,1667480400,STORY
50769ff7-2435-30b8-8ee4-638557090d56,PX,2022-12-1,Bonaccord Capital Partners Announces Strategic Minority Investment in VMG Partners,GlobeNewswire,https://finance.yahoo.com/news/bonaccord-capital-partners-announces-strategic-130000386.html,1667394000,STORY
d8d89b6f-4841-3656-a759-20bb5130514a,PX,2022-12-2,P10 Scheduled to Ring the Opening Bell at New York Stock Exchange,GlobeNewswire,https://finance.yahoo.com/news/p10-scheduled-ring-opening-bell-214500420.html,1669671900,STORY
faac2702-706d-336d-a92e-c2486d7fa6ca,PX,2022-12-2,"Be Sure To Check Out P10, Inc. (NYSE:PX) Before It Goes Ex-Dividend",Simply Wall St.,https://finance.yahoo.com/news/sure-check-p10-inc-nyse-102625667.html,1669285585,STORY
5e1ad8ef-21b7-322d-859e-d408705c638d,PX,2022-12-2,"P10 Third Quarter 2022 Earnings: Revenues Beat Expectations, EPS Lags",Simply Wall St.,https://finance.yahoo.com/news/p10-third-quarter-2022-earnings-103103398.html,1668681063,STORY
60ce0ded-ea79-3a26-a8f3-fb8f85cdd345,PX,2022-12-2,"P10, Inc. (PX) Q3 Earnings and Revenues Beat Estimates",Zacks,https://finance.yahoo.com/news/p10-inc-px-q3-earnings-125512313.html,1668084912,STORY
dc0e569c-8ac3-3ebb-b323-9c1e0c6a9668,PX,2022-12-2,P10 Reports Third Quarter 2022 Results,GlobeNewswire,https://finance.yahoo.com/news/p10-reports-third-quarter-2022-113000923.html,1668079800,STORY
5b496092-923c-39aa-9725-7184bed9aa73,PX,2022-12-2,Royalty Pharma (RPRX) Surpasses Q3 Earnings and Revenue Estimates,Zacks,https://finance.yahoo.com/news/royalty-pharma-rprx-surpasses-q3-132501668.html,1667913901,STORY
07e5354f-6318-37c2-8fc0-15e4ec6c1053,PX,2022-12-2,Peter McKellar Joins Bonaccord Capital Partners as Operating Partner,GlobeNewswire,https://finance.yahoo.com/news/peter-mckellar-joins-bonaccord-capital-130000424.html,1667480400,STORY
50769ff7-2435-30b8-8ee4-638557090d56,PX,2022-12-2,Bonaccord Capital Partners Announces Strategic Minority Investment in VMG Partners,GlobeNewswire,https://finance.yahoo.com/news/bonaccord-capital-partners-announces-strategic-130000386.html,1667394000,STORY
d8d89b6f-4841-3656-a759-20bb5130514a,PX,2022-12-3,P10 Scheduled to Ring the Opening Bell at New York Stock Exchange,GlobeNewswire,https://finance.yahoo.com/news/p10-scheduled-ring-opening-bell-214500420.html,1669671900,STORY
faac2702-706d-336d-a92e-c2486d7fa6ca,PX,2022-12-3,"Be Sure To Check Out P10, Inc. (NYSE:PX) Before It Goes Ex-Dividend",Simply Wall St.,https://finance.yahoo.com/news/sure-check-p10-inc-nyse-102625667.html,1669285585,STORY
5e1ad8ef-21b7-322d-859e-d408705c638d,PX,2022-12-3,"P10 Third Quarter 2022 Earnings: Revenues Beat Expectations, EPS Lags",Simply Wall St.,https://finance.yahoo.com/news/p10-third-quarter-2022-earnings-103103398.html,1668681063,STORY
60ce0ded-ea79-3a26-a8f3-fb8f85cdd345,PX,2022-12-3,"P10, Inc. (PX) Q3 Earnings and Revenues Beat Estimates",Zacks,https://finance.yahoo.com/news/p10-inc-px-q3-earnings-125512313.html,1668084912,STORY
dc0e569c-8ac3-3ebb-b323-9c1e0c6a9668,PX,2022-12-3,P10 Reports Third Quarter 2022 Results,GlobeNewswire,https://finance.yahoo.com/news/p10-reports-third-quarter-2022-113000923.html,1668079800,STORY
5b496092-923c-39aa-9725-7184bed9aa73,PX,2022-12-3,Royalty Pharma (RPRX) Surpasses Q3 Earnings and Revenue Estimates,Zacks,https://finance.yahoo.com/news/royalty-pharma-rprx-surpasses-q3-132501668.html,1667913901,STORY
07e5354f-6318-37c2-8fc0-15e4ec6c1053,PX,2022-12-3,Peter McKellar Joins Bonaccord Capital Partners as Operating Partner,GlobeNewswire,https://finance.yahoo.com/news/peter-mckellar-joins-bonaccord-capital-130000424.html,1667480400,STORY
50769ff7-2435-30b8-8ee4-638557090d56,PX,2022-12-3,Bonaccord Capital Partners Announces Strategic Minority Investment in VMG Partners,GlobeNewswire,https://finance.yahoo.com/news/bonaccord-capital-partners-announces-strategic-130000386.html,1667394000,STORY
d8d89b6f-4841-3656-a759-20bb5130514a,PX,2022-12-4,P10 Scheduled to Ring the Opening Bell at New York Stock Exchange,GlobeNewswire,https://finance.yahoo.com/news/p10-scheduled-ring-opening-bell-214500420.html,1669671900,STORY
faac2702-706d-336d-a92e-c2486d7fa6ca,PX,2022-12-4,"Be Sure To Check Out P10, Inc. (NYSE:PX) Before It Goes Ex-Dividend",Simply Wall St.,https://finance.yahoo.com/news/sure-check-p10-inc-nyse-102625667.html,1669285585,STORY
5e1ad8ef-21b7-322d-859e-d408705c638d,PX,2022-12-4,"P10 Third Quarter 2022 Earnings: Revenues Beat Expectations, EPS Lags",Simply Wall St.,https://finance.yahoo.com/news/p10-third-quarter-2022-earnings-103103398.html,1668681063,STORY
60ce0ded-ea79-3a26-a8f3-fb8f85cdd345,PX,2022-12-4,"P10, Inc. (PX) Q3 Earnings and Revenues Beat Estimates",Zacks,https://finance.yahoo.com/news/p10-inc-px-q3-earnings-125512313.html,1668084912,STORY
dc0e569c-8ac3-3ebb-b323-9c1e0c6a9668,PX,2022-12-4,P10 Reports Third Quarter 2022 Results,GlobeNewswire,https://finance.yahoo.com/news/p10-reports-third-quarter-2022-113000923.html,1668079800,STORY
5b496092-923c-39aa-9725-7184bed9aa73,PX,2022-12-4,Royalty Pharma (RPRX) Surpasses Q3 Earnings and Revenue Estimates,Zacks,https://finance.yahoo.com/news/royalty-pharma-rprx-surpasses-q3-132501668.html,1667913901,STORY
07e5354f-6318-37c2-8fc0-15e4ec6c1053,PX,2022-12-4,Peter McKellar Joins Bonaccord Capital Partners as Operating Partner,GlobeNewswire,https://finance.yahoo.com/news/peter-mckellar-joins-bonaccord-capital-130000424.html,1667480400,STORY
50769ff7-2435-30b8-8ee4-638557090d56,PX,2022-12-4,Bonaccord Capital Partners Announces Strategic Minority Investment in VMG Partners,GlobeNewswire,https://finance.yahoo.com/news/bonaccord-capital-partners-announces-strategic-130000386.html,1667394000,STORY
d8d89b6f-4841-3656-a759-20bb5130514a,PX,2022-12-5,P10 Scheduled to Ring the Opening Bell at New York Stock Exchange,GlobeNewswire,https://finance.yahoo.com/news/p10-scheduled-ring-opening-bell-214500420.html,1669671900,STORY
faac2702-706d-336d-a92e-c2486d7fa6ca,PX,2022-12-5,"Be Sure To Check Out P10, Inc. (NYSE:PX) Before It Goes Ex-Dividend",Simply Wall St.,https://finance.yahoo.com/news/sure-check-p10-inc-nyse-102625667.html,1669285585,STORY
5e1ad8ef-21b7-322d-859e-d408705c638d,PX,2022-12-5,"P10 Third Quarter 2022 Earnings: Revenues Beat Expectations, EPS Lags",Simply Wall St.,https://finance.yahoo.com/news/p10-third-quarter-2022-earnings-103103398.html,1668681063,STORY
60ce0ded-ea79-3a26-a8f3-fb8f85cdd345,PX,2022-12-5,"P10, Inc. (PX) Q3 Earnings and Revenues Beat Estimates",Zacks,https://finance.yahoo.com/news/p10-inc-px-q3-earnings-125512313.html,1668084912,STORY
dc0e569c-8ac3-3ebb-b323-9c1e0c6a9668,PX,2022-12-5,P10 Reports Third Quarter 2022 Results,GlobeNewswire,https://finance.yahoo.com/news/p10-reports-third-quarter-2022-113000923.html,1668079800,STORY
5b496092-923c-39aa-9725-7184bed9aa73,PX,2022-12-5,Royalty Pharma (RPRX) Surpasses Q3 Earnings and Revenue Estimates,Zacks,https://finance.yahoo.com/news/royalty-pharma-rprx-surpasses-q3-132501668.html,1667913901,STORY
07e5354f-6318-37c2-8fc0-15e4ec6c1053,PX,2022-12-5,Peter McKellar Joins Bonaccord Capital Partners as Operating Partner,GlobeNewswire,https://finance.yahoo.com/news/peter-mckellar-joins-bonaccord-capital-130000424.html,1667480400,STORY
50769ff7-2435-30b8-8ee4-638557090d56,PX,2022-12-5,Bonaccord Capital Partners Announces Strategic Minority Investment in VMG Partners,GlobeNewswire,https://finance.yahoo.com/news/bonaccord-capital-partners-announces-strategic-130000386.html,1667394000,STORY
d8d89b6f-4841-3656-a759-20bb5130514a,PX,2022-12-6,P10 Scheduled to Ring the Opening Bell at New York Stock Exchange,GlobeNewswire,https://finance.yahoo.com/news/p10-scheduled-ring-opening-bell-214500420.html,1669671900,STORY
faac2702-706d-336d-a92e-c2486d7fa6ca,PX,2022-12-6,"Be Sure To Check Out P10, Inc. (NYSE:PX) Before It Goes Ex-Dividend",Simply Wall St.,https://finance.yahoo.com/news/sure-check-p10-inc-nyse-102625667.html,1669285585,STORY
5e1ad8ef-21b7-322d-859e-d408705c638d,PX,2022-12-6,"P10 Third Quarter 2022 Earnings: Revenues Beat Expectations, EPS Lags",Simply Wall St.,https://finance.yahoo.com/news/p10-third-quarter-2022-earnings-103103398.html,1668681063,STORY
60ce0ded-ea79-3a26-a8f3-fb8f85cdd345,PX,2022-12-6,"P10, Inc. (PX) Q3 Earnings and Revenues Beat Estimates",Zacks,https://finance.yahoo.com/news/p10-inc-px-q3-earnings-125512313.html,1668084912,STORY
dc0e569c-8ac3-3ebb-b323-9c1e0c6a9668,PX,2022-12-6,P10 Reports Third Quarter 2022 Results,GlobeNewswire,https://finance.yahoo.com/news/p10-reports-third-quarter-2022-113000923.html,1668079800,STORY
5b496092-923c-39aa-9725-7184bed9aa73,PX,2022-12-6,Royalty Pharma (RPRX) Surpasses Q3 Earnings and Revenue Estimates,Zacks,https://finance.yahoo.com/news/royalty-pharma-rprx-surpasses-q3-132501668.html,1667913901,STORY
07e5354f-6318-37c2-8fc0-15e4ec6c1053,PX,2022-12-6,Peter McKellar Joins Bonaccord Capital Partners as Operating Partner,GlobeNewswire,https://finance.yahoo.com/news/peter-mckellar-joins-bonaccord-capital-130000424.html,1667480400,STORY
50769ff7-2435-30b8-8ee4-638557090d56,PX,2022-12-6,Bonaccord Capital Partners Announces Strategic Minority Investment in VMG Partners,GlobeNewswire,https://finance.yahoo.com/news/bonaccord-capital-partners-announces-strategic-130000386.html,1667394000,STORY
d8d89b6f-4841-3656-a759-20bb5130514a,PX,2022-12-7,P10 Scheduled to Ring the Opening Bell at New York Stock Exchange,GlobeNewswire,https://finance.yahoo.com/news/p10-scheduled-ring-opening-bell-214500420.html,1669671900,STORY
faac2702-706d-336d-a92e-c2486d7fa6ca,PX,2022-12-7,"Be Sure To Check Out P10, Inc. (NYSE:PX) Before It Goes Ex-Dividend",Simply Wall St.,https://finance.yahoo.com/news/sure-check-p10-inc-nyse-102625667.html,1669285585,STORY
5e1ad8ef-21b7-322d-859e-d408705c638d,PX,2022-12-7,"P10 Third Quarter 2022 Earnings: Revenues Beat Expectations, EPS Lags",Simply Wall St.,https://finance.yahoo.com/news/p10-third-quarter-2022-earnings-103103398.html,1668681063,STORY
60ce0ded-ea79-3a26-a8f3-fb8f85cdd345,PX,2022-12-7,"P10, Inc. (PX) Q3 Earnings and Revenues Beat Estimates",Zacks,https://finance.yahoo.com/news/p10-inc-px-q3-earnings-125512313.html,1668084912,STORY
dc0e569c-8ac3-3ebb-b323-9c1e0c6a9668,PX,2022-12-7,P10 Reports Third Quarter 2022 Results,GlobeNewswire,https://finance.yahoo.com/news/p10-reports-third-quarter-2022-113000923.html,1668079800,STORY
5b496092-923c-39aa-9725-7184bed9aa73,PX,2022-12-7,Royalty Pharma (RPRX) Surpasses Q3 Earnings and Revenue Estimates,Zacks,https://finance.yahoo.com/news/royalty-pharma-rprx-surpasses-q3-132501668.html,1667913901,STORY
07e5354f-6318-37c2-8fc0-15e4ec6c1053,PX,2022-12-7,Peter McKellar Joins Bonaccord Capital Partners as Operating Partner,GlobeNewswire,https://finance.yahoo.com/news/peter-mckellar-joins-bonaccord-capital-130000424.html,1667480400,STORY
50769ff7-2435-30b8-8ee4-638557090d56,PX,2022-12-7,Bonaccord Capital Partners Announces Strategic Minority Investment in VMG Partners,GlobeNewswire,https://finance.yahoo.com/news/bonaccord-capital-partners-announces-strategic-130000386.html,1667394000,STORY
d8d89b6f-4841-3656-a759-20bb5130514a,PX,2022-12-8,P10 Scheduled to Ring the Opening Bell at New York Stock Exchange,GlobeNewswire,https://finance.yahoo.com/news/p10-scheduled-ring-opening-bell-214500420.html,1669671900,STORY
faac2702-706d-336d-a92e-c2486d7fa6ca,PX,2022-12-8,"Be Sure To Check Out P10, Inc. (NYSE:PX) Before It Goes Ex-Dividend",Simply Wall St.,https://finance.yahoo.com/news/sure-check-p10-inc-nyse-102625667.html,1669285585,STORY
5e1ad8ef-21b7-322d-859e-d408705c638d,PX,2022-12-8,"P10 Third Quarter 2022 Earnings: Revenues Beat Expectations, EPS Lags",Simply Wall St.,https://finance.yahoo.com/news/p10-third-quarter-2022-earnings-103103398.html,1668681063,STORY
60ce0ded-ea79-3a26-a8f3-fb8f85cdd345,PX,2022-12-8,"P10, Inc. (PX) Q3 Earnings and Revenues Beat Estimates",Zacks,https://finance.yahoo.com/news/p10-inc-px-q3-earnings-125512313.html,1668084912,STORY
dc0e569c-8ac3-3ebb-b323-9c1e0c6a9668,PX,2022-12-8,P10 Reports Third Quarter 2022 Results,GlobeNewswire,https://finance.yahoo.com/news/p10-reports-third-quarter-2022-113000923.html,1668079800,STORY
5b496092-923c-39aa-9725-7184bed9aa73,PX,2022-12-8,Royalty Pharma (RPRX) Surpasses Q3 Earnings and Revenue Estimates,Zacks,https://finance.yahoo.com/news/royalty-pharma-rprx-surpasses-q3-132501668.html,1667913901,STORY
07e5354f-6318-37c2-8fc0-15e4ec6c1053,PX,2022-12-8,Peter McKellar Joins Bonaccord Capital Partners as Operating Partner,GlobeNewswire,https://finance.yahoo.com/news/peter-mckellar-joins-bonaccord-capital-130000424.html,1667480400,STORY
50769ff7-2435-30b8-8ee4-638557090d56,PX,2022-12-8,Bonaccord Capital Partners Announces Strategic Minority Investment in VMG Partners,GlobeNewswire,https://finance.yahoo.com/news/bonaccord-capital-partners-announces-strategic-130000386.html,1667394000,STORY
d8d89b6f-4841-3656-a759-20bb5130514a,PX,2022-12-9,P10 Scheduled to Ring the Opening Bell at New York Stock Exchange,GlobeNewswire,https://finance.yahoo.com/news/p10-scheduled-ring-opening-bell-214500420.html,1669671900,STORY
faac2702-706d-336d-a92e-c2486d7fa6ca,PX,2022-12-9,"Be Sure To Check Out P10, Inc. (NYSE:PX) Before It Goes Ex-Dividend",Simply Wall St.,https://finance.yahoo.com/news/sure-check-p10-inc-nyse-102625667.html,1669285585,STORY
5e1ad8ef-21b7-322d-859e-d408705c638d,PX,2022-12-9,"P10 Third Quarter 2022 Earnings: Revenues Beat Expectations, EPS Lags",Simply Wall St.,https://finance.yahoo.com/news/p10-third-quarter-2022-earnings-103103398.html,1668681063,STORY
60ce0ded-ea79-3a26-a8f3-fb8f85cdd345,PX,2022-12-9,"P10, Inc. (PX) Q3 Earnings and Revenues Beat Estimates",Zacks,https://finance.yahoo.com/news/p10-inc-px-q3-earnings-125512313.html,1668084912,STORY
dc0e569c-8ac3-3ebb-b323-9c1e0c6a9668,PX,2022-12-9,P10 Reports Third Quarter 2022 Results,GlobeNewswire,https://finance.yahoo.com/news/p10-reports-third-quarter-2022-113000923.html,1668079800,STORY
5b496092-923c-39aa-9725-7184bed9aa73,PX,2022-12-9,Royalty Pharma (RPRX) Surpasses Q3 Earnings and Revenue Estimates,Zacks,https://finance.yahoo.com/news/royalty-pharma-rprx-surpasses-q3-132501668.html,1667913901,STORY
07e5354f-6318-37c2-8fc0-15e4ec6c1053,PX,2022-12-9,Peter McKellar Joins Bonaccord Capital Partners as Operating Partner,GlobeNewswire,https://finance.yahoo.com/news/peter-mckellar-joins-bonaccord-capital-130000424.html,1667480400,STORY
50769ff7-2435-30b8-8ee4-638557090d56,PX,2022-12-9,Bonaccord Capital Partners Announces Strategic Minority Investment in VMG Partners,GlobeNewswire,https://finance.yahoo.com/news/bonaccord-capital-partners-announces-strategic-130000386.html,1667394000,STORY
d8d89b6f-4841-3656-a759-20bb5130514a,PX,2022-12-10,P10 Scheduled to Ring the Opening Bell at New York Stock Exchange,GlobeNewswire,https://finance.yahoo.com/news/p10-scheduled-ring-opening-bell-214500420.html,1669671900,STORY
faac2702-706d-336d-a92e-c2486d7fa6ca,PX,2022-12-10,"Be Sure To Check Out P10, Inc. (NYSE:PX) Before It Goes Ex-Dividend",Simply Wall St.,https://finance.yahoo.com/news/sure-check-p10-inc-nyse-102625667.html,1669285585,STORY
5e1ad8ef-21b7-322d-859e-d408705c638d,PX,2022-12-10,"P10 Third Quarter 2022 Earnings: Revenues Beat Expectations, EPS Lags",Simply Wall St.,https://finance.yahoo.com/news/p10-third-quarter-2022-earnings-103103398.html,1668681063,STORY
60ce0ded-ea79-3a26-a8f3-fb8f85cdd345,PX,2022-12-10,"P10, Inc. (PX) Q3 Earnings and Revenues Beat Estimates",Zacks,https://finance.yahoo.com/news/p10-inc-px-q3-earnings-125512313.html,1668084912,STORY
dc0e569c-8ac3-3ebb-b323-9c1e0c6a9668,PX,2022-12-10,P10 Reports Third Quarter 2022 Results,GlobeNewswire,https://finance.yahoo.com/news/p10-reports-third-quarter-2022-113000923.html,1668079800,STORY
5b496092-923c-39aa-9725-7184bed9aa73,PX,2022-12-10,Royalty Pharma (RPRX) Surpasses Q3 Earnings and Revenue Estimates,Zacks,https://finance.yahoo.com/news/royalty-pharma-rprx-surpasses-q3-132501668.html,1667913901,STORY
07e5354f-6318-37c2-8fc0-15e4ec6c1053,PX,2022-12-10,Peter McKellar Joins Bonaccord Capital Partners as Operating Partner,GlobeNewswire,https://finance.yahoo.com/news/peter-mckellar-joins-bonaccord-capital-130000424.html,1667480400,STORY
50769ff7-2435-30b8-8ee4-638557090d56,PX,2022-12-10,Bonaccord Capital Partners Announces Strategic Minority Investment in VMG Partners,GlobeNewswire,https://finance.yahoo.com/news/bonaccord-capital-partners-announces-strategic-130000386.html,1667394000,STORY
d8d89b6f-4841-3656-a759-20bb5130514a,PX,2022-12-11,P10 Scheduled to Ring the Opening Bell at New York Stock Exchange,GlobeNewswire,https://finance.yahoo.com/news/p10-scheduled-ring-opening-bell-214500420.html,1669671900,STORY
faac2702-706d-336d-a92e-c2486d7fa6ca,PX,2022-12-11,"Be Sure To Check Out P10, Inc. (NYSE:PX) Before It Goes Ex-Dividend",Simply Wall St.,https://finance.yahoo.com/news/sure-check-p10-inc-nyse-102625667.html,1669285585,STORY
5e1ad8ef-21b7-322d-859e-d408705c638d,PX,2022-12-11,"P10 Third Quarter 2022 Earnings: Revenues Beat Expectations, EPS Lags",Simply Wall St.,https://finance.yahoo.com/news/p10-third-quarter-2022-earnings-103103398.html,1668681063,STORY
60ce0ded-ea79-3a26-a8f3-fb8f85cdd345,PX,2022-12-11,"P10, Inc. (PX) Q3 Earnings and Revenues Beat Estimates",Zacks,https://finance.yahoo.com/news/p10-inc-px-q3-earnings-125512313.html,1668084912,STORY
dc0e569c-8ac3-3ebb-b323-9c1e0c6a9668,PX,2022-12-11,P10 Reports Third Quarter 2022 Results,GlobeNewswire,https://finance.yahoo.com/news/p10-reports-third-quarter-2022-113000923.html,1668079800,STORY
5b496092-923c-39aa-9725-7184bed9aa73,PX,2022-12-11,Royalty Pharma (RPRX) Surpasses Q3 Earnings and Revenue Estimates,Zacks,https://finance.yahoo.com/news/royalty-pharma-rprx-surpasses-q3-132501668.html,1667913901,STORY
07e5354f-6318-37c2-8fc0-15e4ec6c1053,PX,2022-12-11,Peter McKellar Joins Bonaccord Capital Partners as Operating Partner,GlobeNewswire,https://finance.yahoo.com/news/peter-mckellar-joins-bonaccord-capital-130000424.html,1667480400,STORY
50769ff7-2435-30b8-8ee4-638557090d56,PX,2022-12-11,Bonaccord Capital Partners Announces Strategic Minority Investment in VMG Partners,GlobeNewswire,https://finance.yahoo.com/news/bonaccord-capital-partners-announces-strategic-130000386.html,1667394000,STORY
d8d89b6f-4841-3656-a759-20bb5130514a,PX,2022-12-12,P10 Scheduled to Ring the Opening Bell at New York Stock Exchange,GlobeNewswire,https://finance.yahoo.com/news/p10-scheduled-ring-opening-bell-214500420.html,1669671900,STORY
faac2702-706d-336d-a92e-c2486d7fa6ca,PX,2022-12-12,"Be Sure To Check Out P10, Inc. (NYSE:PX) Before It Goes Ex-Dividend",Simply Wall St.,https://finance.yahoo.com/news/sure-check-p10-inc-nyse-102625667.html,1669285585,STORY
5e1ad8ef-21b7-322d-859e-d408705c638d,PX,2022-12-12,"P10 Third Quarter 2022 Earnings: Revenues Beat Expectations, EPS Lags",Simply Wall St.,https://finance.yahoo.com/news/p10-third-quarter-2022-earnings-103103398.html,1668681063,STORY
60ce0ded-ea79-3a26-a8f3-fb8f85cdd345,PX,2022-12-12,"P10, Inc. (PX) Q3 Earnings and Revenues Beat Estimates",Zacks,https://finance.yahoo.com/news/p10-inc-px-q3-earnings-125512313.html,1668084912,STORY
dc0e569c-8ac3-3ebb-b323-9c1e0c6a9668,PX,2022-12-12,P10 Reports Third Quarter 2022 Results,GlobeNewswire,https://finance.yahoo.com/news/p10-reports-third-quarter-2022-113000923.html,1668079800,STORY
5b496092-923c-39aa-9725-7184bed9aa73,PX,2022-12-12,Royalty Pharma (RPRX) Surpasses Q3 Earnings and Revenue Estimates,Zacks,https://finance.yahoo.com/news/royalty-pharma-rprx-surpasses-q3-132501668.html,1667913901,STORY
07e5354f-6318-37c2-8fc0-15e4ec6c1053,PX,2022-12-12,Peter McKellar Joins Bonaccord Capital Partners as Operating Partner,GlobeNewswire,https://finance.yahoo.com/news/peter-mckellar-joins-bonaccord-capital-130000424.html,1667480400,STORY
50769ff7-2435-30b8-8ee4-638557090d56,PX,2022-12-12,Bonaccord Capital Partners Announces Strategic Minority Investment in VMG Partners,GlobeNewswire,https://finance.yahoo.com/news/bonaccord-capital-partners-announces-strategic-130000386.html,1667394000,STORY
d8d89b6f-4841-3656-a759-20bb5130514a,PX,2022-12-13,P10 Scheduled to Ring the Opening Bell at New York Stock Exchange,GlobeNewswire,https://finance.yahoo.com/news/p10-scheduled-ring-opening-bell-214500420.html,1669671900,STORY
faac2702-706d-336d-a92e-c2486d7fa6ca,PX,2022-12-13,"Be Sure To Check Out P10, Inc. (NYSE:PX) Before It Goes Ex-Dividend",Simply Wall St.,https://finance.yahoo.com/news/sure-check-p10-inc-nyse-102625667.html,1669285585,STORY
5e1ad8ef-21b7-322d-859e-d408705c638d,PX,2022-12-13,"P10 Third Quarter 2022 Earnings: Revenues Beat Expectations, EPS Lags",Simply Wall St.,https://finance.yahoo.com/news/p10-third-quarter-2022-earnings-103103398.html,1668681063,STORY
60ce0ded-ea79-3a26-a8f3-fb8f85cdd345,PX,2022-12-13,"P10, Inc. (PX) Q3 Earnings and Revenues Beat Estimates",Zacks,https://finance.yahoo.com/news/p10-inc-px-q3-earnings-125512313.html,1668084912,STORY
dc0e569c-8ac3-3ebb-b323-9c1e0c6a9668,PX,2022-12-13,P10 Reports Third Quarter 2022 Results,GlobeNewswire,https://finance.yahoo.com/news/p10-reports-third-quarter-2022-113000923.html,1668079800,STORY
5b496092-923c-39aa-9725-7184bed9aa73,PX,2022-12-13,Royalty Pharma (RPRX) Surpasses Q3 Earnings and Revenue Estimates,Zacks,https://finance.yahoo.com/news/royalty-pharma-rprx-surpasses-q3-132501668.html,1667913901,STORY
07e5354f-6318-37c2-8fc0-15e4ec6c1053,PX,2022-12-13,Peter McKellar Joins Bonaccord Capital Partners as Operating Partner,GlobeNewswire,https://finance.yahoo.com/news/peter-mckellar-joins-bonaccord-capital-130000424.html,1667480400,STORY
50769ff7-2435-30b8-8ee4-638557090d56,PX,2022-12-13,Bonaccord Capital Partners Announces Strategic Minority Investment in VMG Partners,GlobeNewswire,https://finance.yahoo.com/news/bonaccord-capital-partners-announces-strategic-130000386.html,1667394000,STORY
d8d89b6f-4841-3656-a759-20bb5130514a,PX,2022-12-14,P10 Scheduled to Ring the Opening Bell at New York Stock Exchange,GlobeNewswire,https://finance.yahoo.com/news/p10-scheduled-ring-opening-bell-214500420.html,1669671900,STORY
faac2702-706d-336d-a92e-c2486d7fa6ca,PX,2022-12-14,"Be Sure To Check Out P10, Inc. (NYSE:PX) Before It Goes Ex-Dividend",Simply Wall St.,https://finance.yahoo.com/news/sure-check-p10-inc-nyse-102625667.html,1669285585,STORY
5e1ad8ef-21b7-322d-859e-d408705c638d,PX,2022-12-14,"P10 Third Quarter 2022 Earnings: Revenues Beat Expectations, EPS Lags",Simply Wall St.,https://finance.yahoo.com/news/p10-third-quarter-2022-earnings-103103398.html,1668681063,STORY
60ce0ded-ea79-3a26-a8f3-fb8f85cdd345,PX,2022-12-14,"P10, Inc. (PX) Q3 Earnings and Revenues Beat Estimates",Zacks,https://finance.yahoo.com/news/p10-inc-px-q3-earnings-125512313.html,1668084912,STORY
dc0e569c-8ac3-3ebb-b323-9c1e0c6a9668,PX,2022-12-14,P10 Reports Third Quarter 2022 Results,GlobeNewswire,https://finance.yahoo.com/news/p10-reports-third-quarter-2022-113000923.html,1668079800,STORY
5b496092-923c-39aa-9725-7184bed9aa73,PX,2022-12-14,Royalty Pharma (RPRX) Surpasses Q3 Earnings and Revenue Estimates,Zacks,https://finance.yahoo.com/news/royalty-pharma-rprx-surpasses-q3-132501668.html,1667913901,STORY
07e5354f-6318-37c2-8fc0-15e4ec6c1053,PX,2022-12-14,Peter McKellar Joins Bonaccord Capital Partners as Operating Partner,GlobeNewswire,https://finance.yahoo.com/news/peter-mckellar-joins-bonaccord-capital-130000424.html,1667480400,STORY
50769ff7-2435-30b8-8ee4-638557090d56,PX,2022-12-14,Bonaccord Capital Partners Announces Strategic Minority Investment in VMG Partners,GlobeNewswire,https://finance.yahoo.com/news/bonaccord-capital-partners-announces-strategic-130000386.html,1667394000,STORY
d8d89b6f-4841-3656-a759-20bb5130514a,PX,2022-12-15,P10 Scheduled to Ring the Opening Bell at New York Stock Exchange,GlobeNewswire,https://finance.yahoo.com/news/p10-scheduled-ring-opening-bell-214500420.html,1669671900,STORY
faac2702-706d-336d-a92e-c2486d7fa6ca,PX,2022-12-15,"Be Sure To Check Out P10, Inc. (NYSE:PX) Before It Goes Ex-Dividend",Simply Wall St.,https://finance.yahoo.com/news/sure-check-p10-inc-nyse-102625667.html,1669285585,STORY
5e1ad8ef-21b7-322d-859e-d408705c638d,PX,2022-12-15,"P10 Third Quarter 2022 Earnings: Revenues Beat Expectations, EPS Lags",Simply Wall St.,https://finance.yahoo.com/news/p10-third-quarter-2022-earnings-103103398.html,1668681063,STORY
60ce0ded-ea79-3a26-a8f3-fb8f85cdd345,PX,2022-12-15,"P10, Inc. (PX) Q3 Earnings and Revenues Beat Estimates",Zacks,https://finance.yahoo.com/news/p10-inc-px-q3-earnings-125512313.html,1668084912,STORY
dc0e569c-8ac3-3ebb-b323-9c1e0c6a9668,PX,2022-12-15,P10 Reports Third Quarter 2022 Results,GlobeNewswire,https://finance.yahoo.com/news/p10-reports-third-quarter-2022-113000923.html,1668079800,STORY
5b496092-923c-39aa-9725-7184bed9aa73,PX,2022-12-15,Royalty Pharma (RPRX) Surpasses Q3 Earnings and Revenue Estimates,Zacks,https://finance.yahoo.com/news/royalty-pharma-rprx-surpasses-q3-132501668.html,1667913901,STORY
07e5354f-6318-37c2-8fc0-15e4ec6c1053,PX,2022-12-15,Peter McKellar Joins Bonaccord Capital Partners as Operating Partner,GlobeNewswire,https://finance.yahoo.com/news/peter-mckellar-joins-bonaccord-capital-130000424.html,1667480400,STORY
50769ff7-2435-30b8-8ee4-638557090d56,PX,2022-12-15,Bonaccord Capital Partners Announces Strategic Minority Investment in VMG Partners,GlobeNewswire,https://finance.yahoo.com/news/bonaccord-capital-partners-announces-strategic-130000386.html,1667394000,STORY
d8d89b6f-4841-3656-a759-20bb5130514a,PX,2022-12-16,P10 Scheduled to Ring the Opening Bell at New York Stock Exchange,GlobeNewswire,https://finance.yahoo.com/news/p10-scheduled-ring-opening-bell-214500420.html,1669671900,STORY
faac2702-706d-336d-a92e-c2486d7fa6ca,PX,2022-12-16,"Be Sure To Check Out P10, Inc. (NYSE:PX) Before It Goes Ex-Dividend",Simply Wall St.,https://finance.yahoo.com/news/sure-check-p10-inc-nyse-102625667.html,1669285585,STORY
5e1ad8ef-21b7-322d-859e-d408705c638d,PX,2022-12-16,"P10 Third Quarter 2022 Earnings: Revenues Beat Expectations, EPS Lags",Simply Wall St.,https://finance.yahoo.com/news/p10-third-quarter-2022-earnings-103103398.html,1668681063,STORY
60ce0ded-ea79-3a26-a8f3-fb8f85cdd345,PX,2022-12-16,"P10, Inc. (PX) Q3 Earnings and Revenues Beat Estimates",Zacks,https://finance.yahoo.com/news/p10-inc-px-q3-earnings-125512313.html,1668084912,STORY
dc0e569c-8ac3-3ebb-b323-9c1e0c6a9668,PX,2022-12-16,P10 Reports Third Quarter 2022 Results,GlobeNewswire,https://finance.yahoo.com/news/p10-reports-third-quarter-2022-113000923.html,1668079800,STORY
5b496092-923c-39aa-9725-7184bed9aa73,PX,2022-12-16,Royalty Pharma (RPRX) Surpasses Q3 Earnings and Revenue Estimates,Zacks,https://finance.yahoo.com/news/royalty-pharma-rprx-surpasses-q3-132501668.html,1667913901,STORY
07e5354f-6318-37c2-8fc0-15e4ec6c1053,PX,2022-12-16,Peter McKellar Joins Bonaccord Capital Partners as Operating Partner,GlobeNewswire,https://finance.yahoo.com/news/peter-mckellar-joins-bonaccord-capital-130000424.html,1667480400,STORY
50769ff7-2435-30b8-8ee4-638557090d56,PX,2022-12-16,Bonaccord Capital Partners Announces Strategic Minority Investment in VMG Partners,GlobeNewswire,https://finance.yahoo.com/news/bonaccord-capital-partners-announces-strategic-130000386.html,1667394000,STORY
d8d89b6f-4841-3656-a759-20bb5130514a,PX,2022-12-17,P10 Scheduled to Ring the Opening Bell at New York Stock Exchange,GlobeNewswire,https://finance.yahoo.com/news/p10-scheduled-ring-opening-bell-214500420.html,1669671900,STORY
faac2702-706d-336d-a92e-c2486d7fa6ca,PX,2022-12-17,"Be Sure To Check Out P10, Inc. (NYSE:PX) Before It Goes Ex-Dividend",Simply Wall St.,https://finance.yahoo.com/news/sure-check-p10-inc-nyse-102625667.html,1669285585,STORY
5e1ad8ef-21b7-322d-859e-d408705c638d,PX,2022-12-17,"P10 Third Quarter 2022 Earnings: Revenues Beat Expectations, EPS Lags",Simply Wall St.,https://finance.yahoo.com/news/p10-third-quarter-2022-earnings-103103398.html,1668681063,STORY
60ce0ded-ea79-3a26-a8f3-fb8f85cdd345,PX,2022-12-17,"P10, Inc. (PX) Q3 Earnings and Revenues Beat Estimates",Zacks,https://finance.yahoo.com/news/p10-inc-px-q3-earnings-125512313.html,1668084912,STORY
dc0e569c-8ac3-3ebb-b323-9c1e0c6a9668,PX,2022-12-17,P10 Reports Third Quarter 2022 Results,GlobeNewswire,https://finance.yahoo.com/news/p10-reports-third-quarter-2022-113000923.html,1668079800,STORY
5b496092-923c-39aa-9725-7184bed9aa73,PX,2022-12-17,Royalty Pharma (RPRX) Surpasses Q3 Earnings and Revenue Estimates,Zacks,https://finance.yahoo.com/news/royalty-pharma-rprx-surpasses-q3-132501668.html,1667913901,STORY
07e5354f-6318-37c2-8fc0-15e4ec6c1053,PX,2022-12-17,Peter McKellar Joins Bonaccord Capital Partners as Operating Partner,GlobeNewswire,https://finance.yahoo.com/news/peter-mckellar-joins-bonaccord-capital-130000424.html,1667480400,STORY
50769ff7-2435-30b8-8ee4-638557090d56,PX,2022-12-17,Bonaccord Capital Partners Announces Strategic Minority Investment in VMG Partners,GlobeNewswire,https://finance.yahoo.com/news/bonaccord-capital-partners-announces-strategic-130000386.html,1667394000,STORY
d8d89b6f-4841-3656-a759-20bb5130514a,PX,2022-12-18,P10 Scheduled to Ring the Opening Bell at New York Stock Exchange,GlobeNewswire,https://finance.yahoo.com/news/p10-scheduled-ring-opening-bell-214500420.html,1669671900,STORY
faac2702-706d-336d-a92e-c2486d7fa6ca,PX,2022-12-18,"Be Sure To Check Out P10, Inc. (NYSE:PX) Before It Goes Ex-Dividend",Simply Wall St.,https://finance.yahoo.com/news/sure-check-p10-inc-nyse-102625667.html,1669285585,STORY
5e1ad8ef-21b7-322d-859e-d408705c638d,PX,2022-12-18,"P10 Third Quarter 2022 Earnings: Revenues Beat Expectations, EPS Lags",Simply Wall St.,https://finance.yahoo.com/news/p10-third-quarter-2022-earnings-103103398.html,1668681063,STORY
60ce0ded-ea79-3a26-a8f3-fb8f85cdd345,PX,2022-12-18,"P10, Inc. (PX) Q3 Earnings and Revenues Beat Estimates",Zacks,https://finance.yahoo.com/news/p10-inc-px-q3-earnings-125512313.html,1668084912,STORY
dc0e569c-8ac3-3ebb-b323-9c1e0c6a9668,PX,2022-12-18,P10 Reports Third Quarter 2022 Results,GlobeNewswire,https://finance.yahoo.com/news/p10-reports-third-quarter-2022-113000923.html,1668079800,STORY
5b496092-923c-39aa-9725-7184bed9aa73,PX,2022-12-18,Royalty Pharma (RPRX) Surpasses Q3 Earnings and Revenue Estimates,Zacks,https://finance.yahoo.com/news/royalty-pharma-rprx-surpasses-q3-132501668.html,1667913901,STORY
07e5354f-6318-37c2-8fc0-15e4ec6c1053,PX,2022-12-18,Peter McKellar Joins Bonaccord Capital Partners as Operating Partner,GlobeNewswire,https://finance.yahoo.com/news/peter-mckellar-joins-bonaccord-capital-130000424.html,1667480400,STORY
50769ff7-2435-30b8-8ee4-638557090d56,PX,2022-12-18,Bonaccord Capital Partners Announces Strategic Minority Investment in VMG Partners,GlobeNewswire,https://finance.yahoo.com/news/bonaccord-capital-partners-announces-strategic-130000386.html,1667394000,STORY
d8d89b6f-4841-3656-a759-20bb5130514a,PX,2022-12-19,P10 Scheduled to Ring the Opening Bell at New York Stock Exchange,GlobeNewswire,https://finance.yahoo.com/news/p10-scheduled-ring-opening-bell-214500420.html,1669671900,STORY
faac2702-706d-336d-a92e-c2486d7fa6ca,PX,2022-12-19,"Be Sure To Check Out P10, Inc. (NYSE:PX) Before It Goes Ex-Dividend",Simply Wall St.,https://finance.yahoo.com/news/sure-check-p10-inc-nyse-102625667.html,1669285585,STORY
5e1ad8ef-21b7-322d-859e-d408705c638d,PX,2022-12-19,"P10 Third Quarter 2022 Earnings: Revenues Beat Expectations, EPS Lags",Simply Wall St.,https://finance.yahoo.com/news/p10-third-quarter-2022-earnings-103103398.html,1668681063,STORY
60ce0ded-ea79-3a26-a8f3-fb8f85cdd345,PX,2022-12-19,"P10, Inc. (PX) Q3 Earnings and Revenues Beat Estimates",Zacks,https://finance.yahoo.com/news/p10-inc-px-q3-earnings-125512313.html,1668084912,STORY
dc0e569c-8ac3-3ebb-b323-9c1e0c6a9668,PX,2022-12-19,P10 Reports Third Quarter 2022 Results,GlobeNewswire,https://finance.yahoo.com/news/p10-reports-third-quarter-2022-113000923.html,1668079800,STORY
5b496092-923c-39aa-9725-7184bed9aa73,PX,2022-12-19,Royalty Pharma (RPRX) Surpasses Q3 Earnings and Revenue Estimates,Zacks,https://finance.yahoo.com/news/royalty-pharma-rprx-surpasses-q3-132501668.html,1667913901,STORY
07e5354f-6318-37c2-8fc0-15e4ec6c1053,PX,2022-12-19,Peter McKellar Joins Bonaccord Capital Partners as Operating Partner,GlobeNewswire,https://finance.yahoo.com/news/peter-mckellar-joins-bonaccord-capital-130000424.html,1667480400,STORY
50769ff7-2435-30b8-8ee4-638557090d56,PX,2022-12-19,Bonaccord Capital Partners Announces Strategic Minority Investment in VMG Partners,GlobeNewswire,https://finance.yahoo.com/news/bonaccord-capital-partners-announces-strategic-130000386.html,1667394000,STORY
d8d89b6f-4841-3656-a759-20bb5130514a,PX,2022-12-20,P10 Scheduled to Ring the Opening Bell at New York Stock Exchange,GlobeNewswire,https://finance.yahoo.com/news/p10-scheduled-ring-opening-bell-214500420.html,1669671900,STORY
faac2702-706d-336d-a92e-c2486d7fa6ca,PX,2022-12-20,"Be Sure To Check Out P10, Inc. (NYSE:PX) Before It Goes Ex-Dividend",Simply Wall St.,https://finance.yahoo.com/news/sure-check-p10-inc-nyse-102625667.html,1669285585,STORY
5e1ad8ef-21b7-322d-859e-d408705c638d,PX,2022-12-20,"P10 Third Quarter 2022 Earnings: Revenues Beat Expectations, EPS Lags",Simply Wall St.,https://finance.yahoo.com/news/p10-third-quarter-2022-earnings-103103398.html,1668681063,STORY
60ce0ded-ea79-3a26-a8f3-fb8f85cdd345,PX,2022-12-20,"P10, Inc. (PX) Q3 Earnings and Revenues Beat Estimates",Zacks,https://finance.yahoo.com/news/p10-inc-px-q3-earnings-125512313.html,1668084912,STORY
dc0e569c-8ac3-3ebb-b323-9c1e0c6a9668,PX,2022-12-20,P10 Reports Third Quarter 2022 Results,GlobeNewswire,https://finance.yahoo.com/news/p10-reports-third-quarter-2022-113000923.html,1668079800,STORY
5b496092-923c-39aa-9725-7184bed9aa73,PX,2022-12-20,Royalty Pharma (RPRX) Surpasses Q3 Earnings and Revenue Estimates,Zacks,https://finance.yahoo.com/news/royalty-pharma-rprx-surpasses-q3-132501668.html,1667913901,STORY
07e5354f-6318-37c2-8fc0-15e4ec6c1053,PX,2022-12-20,Peter McKellar Joins Bonaccord Capital Partners as Operating Partner,GlobeNewswire,https://finance.yahoo.com/news/peter-mckellar-joins-bonaccord-capital-130000424.html,1667480400,STORY
50769ff7-2435-30b8-8ee4-638557090d56,PX,2022-12-20,Bonaccord Capital Partners Announces Strategic Minority Investment in VMG Partners,GlobeNewswire,https://finance.yahoo.com/news/bonaccord-capital-partners-announces-strategic-130000386.html,1667394000,STORY
6ec00f89-3ac8-34b1-9d45-9d20b048be96,PX,2022-12-21,"With 30% ownership, P10, Inc. (NYSE:PX) insiders have a lot at stake",Simply Wall St.,https://finance.yahoo.com/news/30-ownership-p10-inc-nyse-112050830.html,1671621650,STORY
d8d89b6f-4841-3656-a759-20bb5130514a,PX,2022-12-21,P10 Scheduled to Ring the Opening Bell at New York Stock Exchange,GlobeNewswire,https://finance.yahoo.com/news/p10-scheduled-ring-opening-bell-214500420.html,1669671900,STORY
faac2702-706d-336d-a92e-c2486d7fa6ca,PX,2022-12-21,"Be Sure To Check Out P10, Inc. (NYSE:PX) Before It Goes Ex-Dividend",Simply Wall St.,https://finance.yahoo.com/news/sure-check-p10-inc-nyse-102625667.html,1669285585,STORY
5e1ad8ef-21b7-322d-859e-d408705c638d,PX,2022-12-21,"P10 Third Quarter 2022 Earnings: Revenues Beat Expectations, EPS Lags",Simply Wall St.,https://finance.yahoo.com/news/p10-third-quarter-2022-earnings-103103398.html,1668681063,STORY
60ce0ded-ea79-3a26-a8f3-fb8f85cdd345,PX,2022-12-21,"P10, Inc. (PX) Q3 Earnings and Revenues Beat Estimates",Zacks,https://finance.yahoo.com/news/p10-inc-px-q3-earnings-125512313.html,1668084912,STORY
dc0e569c-8ac3-3ebb-b323-9c1e0c6a9668,PX,2022-12-21,P10 Reports Third Quarter 2022 Results,GlobeNewswire,https://finance.yahoo.com/news/p10-reports-third-quarter-2022-113000923.html,1668079800,STORY
5b496092-923c-39aa-9725-7184bed9aa73,PX,2022-12-21,Royalty Pharma (RPRX) Surpasses Q3 Earnings and Revenue Estimates,Zacks,https://finance.yahoo.com/news/royalty-pharma-rprx-surpasses-q3-132501668.html,1667913901,STORY
07e5354f-6318-37c2-8fc0-15e4ec6c1053,PX,2022-12-21,Peter McKellar Joins Bonaccord Capital Partners as Operating Partner,GlobeNewswire,https://finance.yahoo.com/news/peter-mckellar-joins-bonaccord-capital-130000424.html,1667480400,STORY
6ec00f89-3ac8-34b1-9d45-9d20b048be96,PX,2022-12-22,"With 30% ownership, P10, Inc. (NYSE:PX) insiders have a lot at stake",Simply Wall St.,https://finance.yahoo.com/news/30-ownership-p10-inc-nyse-112050830.html,1671621650,STORY
d8d89b6f-4841-3656-a759-20bb5130514a,PX,2022-12-22,P10 Scheduled to Ring the Opening Bell at New York Stock Exchange,GlobeNewswire,https://finance.yahoo.com/news/p10-scheduled-ring-opening-bell-214500420.html,1669671900,STORY
faac2702-706d-336d-a92e-c2486d7fa6ca,PX,2022-12-22,"Be Sure To Check Out P10, Inc. (NYSE:PX) Before It Goes Ex-Dividend",Simply Wall St.,https://finance.yahoo.com/news/sure-check-p10-inc-nyse-102625667.html,1669285585,STORY
5e1ad8ef-21b7-322d-859e-d408705c638d,PX,2022-12-22,"P10 Third Quarter 2022 Earnings: Revenues Beat Expectations, EPS Lags",Simply Wall St.,https://finance.yahoo.com/news/p10-third-quarter-2022-earnings-103103398.html,1668681063,STORY
60ce0ded-ea79-3a26-a8f3-fb8f85cdd345,PX,2022-12-22,"P10, Inc. (PX) Q3 Earnings and Revenues Beat Estimates",Zacks,https://finance.yahoo.com/news/p10-inc-px-q3-earnings-125512313.html,1668084912,STORY
dc0e569c-8ac3-3ebb-b323-9c1e0c6a9668,PX,2022-12-22,P10 Reports Third Quarter 2022 Results,GlobeNewswire,https://finance.yahoo.com/news/p10-reports-third-quarter-2022-113000923.html,1668079800,STORY
5b496092-923c-39aa-9725-7184bed9aa73,PX,2022-12-22,Royalty Pharma (RPRX) Surpasses Q3 Earnings and Revenue Estimates,Zacks,https://finance.yahoo.com/news/royalty-pharma-rprx-surpasses-q3-132501668.html,1667913901,STORY
07e5354f-6318-37c2-8fc0-15e4ec6c1053,PX,2022-12-22,Peter McKellar Joins Bonaccord Capital Partners as Operating Partner,GlobeNewswire,https://finance.yahoo.com/news/peter-mckellar-joins-bonaccord-capital-130000424.html,1667480400,STORY
6ec00f89-3ac8-34b1-9d45-9d20b048be96,PX,2022-12-23,"With 30% ownership, P10, Inc. (NYSE:PX) insiders have a lot at stake",Simply Wall St.,https://finance.yahoo.com/news/30-ownership-p10-inc-nyse-112050830.html,1671621650,STORY
d8d89b6f-4841-3656-a759-20bb5130514a,PX,2022-12-23,P10 Scheduled to Ring the Opening Bell at New York Stock Exchange,GlobeNewswire,https://finance.yahoo.com/news/p10-scheduled-ring-opening-bell-214500420.html,1669671900,STORY
faac2702-706d-336d-a92e-c2486d7fa6ca,PX,2022-12-23,"Be Sure To Check Out P10, Inc. (NYSE:PX) Before It Goes Ex-Dividend",Simply Wall St.,https://finance.yahoo.com/news/sure-check-p10-inc-nyse-102625667.html,1669285585,STORY
5e1ad8ef-21b7-322d-859e-d408705c638d,PX,2022-12-23,"P10 Third Quarter 2022 Earnings: Revenues Beat Expectations, EPS Lags",Simply Wall St.,https://finance.yahoo.com/news/p10-third-quarter-2022-earnings-103103398.html,1668681063,STORY
60ce0ded-ea79-3a26-a8f3-fb8f85cdd345,PX,2022-12-23,"P10, Inc. (PX) Q3 Earnings and Revenues Beat Estimates",Zacks,https://finance.yahoo.com/news/p10-inc-px-q3-earnings-125512313.html,1668084912,STORY
dc0e569c-8ac3-3ebb-b323-9c1e0c6a9668,PX,2022-12-23,P10 Reports Third Quarter 2022 Results,GlobeNewswire,https://finance.yahoo.com/news/p10-reports-third-quarter-2022-113000923.html,1668079800,STORY
5b496092-923c-39aa-9725-7184bed9aa73,PX,2022-12-23,Royalty Pharma (RPRX) Surpasses Q3 Earnings and Revenue Estimates,Zacks,https://finance.yahoo.com/news/royalty-pharma-rprx-surpasses-q3-132501668.html,1667913901,STORY
07e5354f-6318-37c2-8fc0-15e4ec6c1053,PX,2022-12-23,Peter McKellar Joins Bonaccord Capital Partners as Operating Partner,GlobeNewswire,https://finance.yahoo.com/news/peter-mckellar-joins-bonaccord-capital-130000424.html,1667480400,STORY
6ec00f89-3ac8-34b1-9d45-9d20b048be96,PX,2022-12-24,"With 30% ownership, P10, Inc. (NYSE:PX) insiders have a lot at stake",Simply Wall St.,https://finance.yahoo.com/news/30-ownership-p10-inc-nyse-112050830.html,1671621650,STORY
d8d89b6f-4841-3656-a759-20bb5130514a,PX,2022-12-24,P10 Scheduled to Ring the Opening Bell at New York Stock Exchange,GlobeNewswire,https://finance.yahoo.com/news/p10-scheduled-ring-opening-bell-214500420.html,1669671900,STORY
faac2702-706d-336d-a92e-c2486d7fa6ca,PX,2022-12-24,"Be Sure To Check Out P10, Inc. (NYSE:PX) Before It Goes Ex-Dividend",Simply Wall St.,https://finance.yahoo.com/news/sure-check-p10-inc-nyse-102625667.html,1669285585,STORY
5e1ad8ef-21b7-322d-859e-d408705c638d,PX,2022-12-24,"P10 Third Quarter 2022 Earnings: Revenues Beat Expectations, EPS Lags",Simply Wall St.,https://finance.yahoo.com/news/p10-third-quarter-2022-earnings-103103398.html,1668681063,STORY
60ce0ded-ea79-3a26-a8f3-fb8f85cdd345,PX,2022-12-24,"P10, Inc. (PX) Q3 Earnings and Revenues Beat Estimates",Zacks,https://finance.yahoo.com/news/p10-inc-px-q3-earnings-125512313.html,1668084912,STORY
dc0e569c-8ac3-3ebb-b323-9c1e0c6a9668,PX,2022-12-24,P10 Reports Third Quarter 2022 Results,GlobeNewswire,https://finance.yahoo.com/news/p10-reports-third-quarter-2022-113000923.html,1668079800,STORY
5b496092-923c-39aa-9725-7184bed9aa73,PX,2022-12-24,Royalty Pharma (RPRX) Surpasses Q3 Earnings and Revenue Estimates,Zacks,https://finance.yahoo.com/news/royalty-pharma-rprx-surpasses-q3-132501668.html,1667913901,STORY
07e5354f-6318-37c2-8fc0-15e4ec6c1053,PX,2022-12-24,Peter McKellar Joins Bonaccord Capital Partners as Operating Partner,GlobeNewswire,https://finance.yahoo.com/news/peter-mckellar-joins-bonaccord-capital-130000424.html,1667480400,STORY
6ec00f89-3ac8-34b1-9d45-9d20b048be96,PX,2022-12-25,"With 30% ownership, P10, Inc. (NYSE:PX) insiders have a lot at stake",Simply Wall St.,https://finance.yahoo.com/news/30-ownership-p10-inc-nyse-112050830.html,1671621650,STORY
d8d89b6f-4841-3656-a759-20bb5130514a,PX,2022-12-25,P10 Scheduled to Ring the Opening Bell at New York Stock Exchange,GlobeNewswire,https://finance.yahoo.com/news/p10-scheduled-ring-opening-bell-214500420.html,1669671900,STORY
faac2702-706d-336d-a92e-c2486d7fa6ca,PX,2022-12-25,"Be Sure To Check Out P10, Inc. (NYSE:PX) Before It Goes Ex-Dividend",Simply Wall St.,https://finance.yahoo.com/news/sure-check-p10-inc-nyse-102625667.html,1669285585,STORY
5e1ad8ef-21b7-322d-859e-d408705c638d,PX,2022-12-25,"P10 Third Quarter 2022 Earnings: Revenues Beat Expectations, EPS Lags",Simply Wall St.,https://finance.yahoo.com/news/p10-third-quarter-2022-earnings-103103398.html,1668681063,STORY
60ce0ded-ea79-3a26-a8f3-fb8f85cdd345,PX,2022-12-25,"P10, Inc. (PX) Q3 Earnings and Revenues Beat Estimates",Zacks,https://finance.yahoo.com/news/p10-inc-px-q3-earnings-125512313.html,1668084912,STORY
dc0e569c-8ac3-3ebb-b323-9c1e0c6a9668,PX,2022-12-25,P10 Reports Third Quarter 2022 Results,GlobeNewswire,https://finance.yahoo.com/news/p10-reports-third-quarter-2022-113000923.html,1668079800,STORY
5b496092-923c-39aa-9725-7184bed9aa73,PX,2022-12-25,Royalty Pharma (RPRX) Surpasses Q3 Earnings and Revenue Estimates,Zacks,https://finance.yahoo.com/news/royalty-pharma-rprx-surpasses-q3-132501668.html,1667913901,STORY
07e5354f-6318-37c2-8fc0-15e4ec6c1053,PX,2022-12-25,Peter McKellar Joins Bonaccord Capital Partners as Operating Partner,GlobeNewswire,https://finance.yahoo.com/news/peter-mckellar-joins-bonaccord-capital-130000424.html,1667480400,STORY
6ec00f89-3ac8-34b1-9d45-9d20b048be96,PX,2022-12-26,"With 30% ownership, P10, Inc. (NYSE:PX) insiders have a lot at stake",Simply Wall St.,https://finance.yahoo.com/news/30-ownership-p10-inc-nyse-112050830.html,1671621650,STORY
d8d89b6f-4841-3656-a759-20bb5130514a,PX,2022-12-26,P10 Scheduled to Ring the Opening Bell at New York Stock Exchange,GlobeNewswire,https://finance.yahoo.com/news/p10-scheduled-ring-opening-bell-214500420.html,1669671900,STORY
faac2702-706d-336d-a92e-c2486d7fa6ca,PX,2022-12-26,"Be Sure To Check Out P10, Inc. (NYSE:PX) Before It Goes Ex-Dividend",Simply Wall St.,https://finance.yahoo.com/news/sure-check-p10-inc-nyse-102625667.html,1669285585,STORY
5e1ad8ef-21b7-322d-859e-d408705c638d,PX,2022-12-26,"P10 Third Quarter 2022 Earnings: Revenues Beat Expectations, EPS Lags",Simply Wall St.,https://finance.yahoo.com/news/p10-third-quarter-2022-earnings-103103398.html,1668681063,STORY
60ce0ded-ea79-3a26-a8f3-fb8f85cdd345,PX,2022-12-26,"P10, Inc. (PX) Q3 Earnings and Revenues Beat Estimates",Zacks,https://finance.yahoo.com/news/p10-inc-px-q3-earnings-125512313.html,1668084912,STORY
dc0e569c-8ac3-3ebb-b323-9c1e0c6a9668,PX,2022-12-26,P10 Reports Third Quarter 2022 Results,GlobeNewswire,https://finance.yahoo.com/news/p10-reports-third-quarter-2022-113000923.html,1668079800,STORY
5b496092-923c-39aa-9725-7184bed9aa73,PX,2022-12-26,Royalty Pharma (RPRX) Surpasses Q3 Earnings and Revenue Estimates,Zacks,https://finance.yahoo.com/news/royalty-pharma-rprx-surpasses-q3-132501668.html,1667913901,STORY
07e5354f-6318-37c2-8fc0-15e4ec6c1053,PX,2022-12-26,Peter McKellar Joins Bonaccord Capital Partners as Operating Partner,GlobeNewswire,https://finance.yahoo.com/news/peter-mckellar-joins-bonaccord-capital-130000424.html,1667480400,STORY
1006d388-126f-3cf9-b33a-17800370f593,PX,2022-12-28,P10 Announces Increase to Stock Buyback Program,GlobeNewswire,https://finance.yahoo.com/news/p10-announces-increase-stock-buyback-125500856.html,1672145700,STORY
6ec00f89-3ac8-34b1-9d45-9d20b048be96,PX,2022-12-28,"With 30% ownership, P10, Inc. (NYSE:PX) insiders have a lot at stake",Simply Wall St.,https://finance.yahoo.com/news/30-ownership-p10-inc-nyse-112050830.html,1671621650,STORY
d8d89b6f-4841-3656-a759-20bb5130514a,PX,2022-12-28,P10 Scheduled to Ring the Opening Bell at New York Stock Exchange,GlobeNewswire,https://finance.yahoo.com/news/p10-scheduled-ring-opening-bell-214500420.html,1669671900,STORY
faac2702-706d-336d-a92e-c2486d7fa6ca,PX,2022-12-28,"Be Sure To Check Out P10, Inc. (NYSE:PX) Before It Goes Ex-Dividend",Simply Wall St.,https://finance.yahoo.com/news/sure-check-p10-inc-nyse-102625667.html,1669285585,STORY
5e1ad8ef-21b7-322d-859e-d408705c638d,PX,2022-12-28,"P10 Third Quarter 2022 Earnings: Revenues Beat Expectations, EPS Lags",Simply Wall St.,https://finance.yahoo.com/news/p10-third-quarter-2022-earnings-103103398.html,1668681063,STORY
60ce0ded-ea79-3a26-a8f3-fb8f85cdd345,PX,2022-12-28,"P10, Inc. (PX) Q3 Earnings and Revenues Beat Estimates",Zacks,https://finance.yahoo.com/news/p10-inc-px-q3-earnings-125512313.html,1668084912,STORY
dc0e569c-8ac3-3ebb-b323-9c1e0c6a9668,PX,2022-12-28,P10 Reports Third Quarter 2022 Results,GlobeNewswire,https://finance.yahoo.com/news/p10-reports-third-quarter-2022-113000923.html,1668079800,STORY
5b496092-923c-39aa-9725-7184bed9aa73,PX,2022-12-28,Royalty Pharma (RPRX) Surpasses Q3 Earnings and Revenue Estimates,Zacks,https://finance.yahoo.com/news/royalty-pharma-rprx-surpasses-q3-132501668.html,1667913901,STORY
1006d388-126f-3cf9-b33a-17800370f593,PX,2022-12-29,P10 Announces Increase to Stock Buyback Program,GlobeNewswire,https://finance.yahoo.com/news/p10-announces-increase-stock-buyback-125500856.html,1672145700,STORY
6ec00f89-3ac8-34b1-9d45-9d20b048be96,PX,2022-12-29,"With 30% ownership, P10, Inc. (NYSE:PX) insiders have a lot at stake",Simply Wall St.,https://finance.yahoo.com/news/30-ownership-p10-inc-nyse-112050830.html,1671621650,STORY
d8d89b6f-4841-3656-a759-20bb5130514a,PX,2022-12-29,P10 Scheduled to Ring the Opening Bell at New York Stock Exchange,GlobeNewswire,https://finance.yahoo.com/news/p10-scheduled-ring-opening-bell-214500420.html,1669671900,STORY
faac2702-706d-336d-a92e-c2486d7fa6ca,PX,2022-12-29,"Be Sure To Check Out P10, Inc. (NYSE:PX) Before It Goes Ex-Dividend",Simply Wall St.,https://finance.yahoo.com/news/sure-check-p10-inc-nyse-102625667.html,1669285585,STORY
5e1ad8ef-21b7-322d-859e-d408705c638d,PX,2022-12-29,"P10 Third Quarter 2022 Earnings: Revenues Beat Expectations, EPS Lags",Simply Wall St.,https://finance.yahoo.com/news/p10-third-quarter-2022-earnings-103103398.html,1668681063,STORY
60ce0ded-ea79-3a26-a8f3-fb8f85cdd345,PX,2022-12-29,"P10, Inc. (PX) Q3 Earnings and Revenues Beat Estimates",Zacks,https://finance.yahoo.com/news/p10-inc-px-q3-earnings-125512313.html,1668084912,STORY
dc0e569c-8ac3-3ebb-b323-9c1e0c6a9668,PX,2022-12-29,P10 Reports Third Quarter 2022 Results,GlobeNewswire,https://finance.yahoo.com/news/p10-reports-third-quarter-2022-113000923.html,1668079800,STORY
5b496092-923c-39aa-9725-7184bed9aa73,PX,2022-12-29,Royalty Pharma (RPRX) Surpasses Q3 Earnings and Revenue Estimates,Zacks,https://finance.yahoo.com/news/royalty-pharma-rprx-surpasses-q3-132501668.html,1667913901,STORY
1006d388-126f-3cf9-b33a-17800370f593,PX,2022-12-30,P10 Announces Increase to Stock Buyback Program,GlobeNewswire,https://finance.yahoo.com/news/p10-announces-increase-stock-buyback-125500856.html,1672145700,STORY
6ec00f89-3ac8-34b1-9d45-9d20b048be96,PX,2022-12-30,"With 30% ownership, P10, Inc. (NYSE:PX) insiders have a lot at stake",Simply Wall St.,https://finance.yahoo.com/news/30-ownership-p10-inc-nyse-112050830.html,1671621650,STORY
d8d89b6f-4841-3656-a759-20bb5130514a,PX,2022-12-30,P10 Scheduled to Ring the Opening Bell at New York Stock Exchange,GlobeNewswire,https://finance.yahoo.com/news/p10-scheduled-ring-opening-bell-214500420.html,1669671900,STORY
faac2702-706d-336d-a92e-c2486d7fa6ca,PX,2022-12-30,"Be Sure To Check Out P10, Inc. (NYSE:PX) Before It Goes Ex-Dividend",Simply Wall St.,https://finance.yahoo.com/news/sure-check-p10-inc-nyse-102625667.html,1669285585,STORY
5e1ad8ef-21b7-322d-859e-d408705c638d,PX,2022-12-30,"P10 Third Quarter 2022 Earnings: Revenues Beat Expectations, EPS Lags",Simply Wall St.,https://finance.yahoo.com/news/p10-third-quarter-2022-earnings-103103398.html,1668681063,STORY
60ce0ded-ea79-3a26-a8f3-fb8f85cdd345,PX,2022-12-30,"P10, Inc. (PX) Q3 Earnings and Revenues Beat Estimates",Zacks,https://finance.yahoo.com/news/p10-inc-px-q3-earnings-125512313.html,1668084912,STORY
dc0e569c-8ac3-3ebb-b323-9c1e0c6a9668,PX,2022-12-30,P10 Reports Third Quarter 2022 Results,GlobeNewswire,https://finance.yahoo.com/news/p10-reports-third-quarter-2022-113000923.html,1668079800,STORY
5b496092-923c-39aa-9725-7184bed9aa73,PX,2022-12-30,Royalty Pharma (RPRX) Surpasses Q3 Earnings and Revenue Estimates,Zacks,https://finance.yahoo.com/news/royalty-pharma-rprx-surpasses-q3-132501668.html,1667913901,STORY
1006d388-126f-3cf9-b33a-17800370f593,PX,2022-12-31,P10 Announces Increase to Stock Buyback Program,GlobeNewswire,https://finance.yahoo.com/news/p10-announces-increase-stock-buyback-125500856.html,1672145700,STORY
6ec00f89-3ac8-34b1-9d45-9d20b048be96,PX,2022-12-31,"With 30% ownership, P10, Inc. (NYSE:PX) insiders have a lot at stake",Simply Wall St.,https://finance.yahoo.com/news/30-ownership-p10-inc-nyse-112050830.html,1671621650,STORY
d8d89b6f-4841-3656-a759-20bb5130514a,PX,2022-12-31,P10 Scheduled to Ring the Opening Bell at New York Stock Exchange,GlobeNewswire,https://finance.yahoo.com/news/p10-scheduled-ring-opening-bell-214500420.html,1669671900,STORY
faac2702-706d-336d-a92e-c2486d7fa6ca,PX,2022-12-31,"Be Sure To Check Out P10, Inc. (NYSE:PX) Before It Goes Ex-Dividend",Simply Wall St.,https://finance.yahoo.com/news/sure-check-p10-inc-nyse-102625667.html,1669285585,STORY
5e1ad8ef-21b7-322d-859e-d408705c638d,PX,2022-12-31,"P10 Third Quarter 2022 Earnings: Revenues Beat Expectations, EPS Lags",Simply Wall St.,https://finance.yahoo.com/news/p10-third-quarter-2022-earnings-103103398.html,1668681063,STORY
60ce0ded-ea79-3a26-a8f3-fb8f85cdd345,PX,2022-12-31,"P10, Inc. (PX) Q3 Earnings and Revenues Beat Estimates",Zacks,https://finance.yahoo.com/news/p10-inc-px-q3-earnings-125512313.html,1668084912,STORY
dc0e569c-8ac3-3ebb-b323-9c1e0c6a9668,PX,2022-12-31,P10 Reports Third Quarter 2022 Results,GlobeNewswire,https://finance.yahoo.com/news/p10-reports-third-quarter-2022-113000923.html,1668079800,STORY
5b496092-923c-39aa-9725-7184bed9aa73,PX,2022-12-31,Royalty Pharma (RPRX) Surpasses Q3 Earnings and Revenue Estimates,Zacks,https://finance.yahoo.com/news/royalty-pharma-rprx-surpasses-q3-132501668.html,1667913901,STORY
1006d388-126f-3cf9-b33a-17800370f593,PX,2023-1-1,P10 Announces Increase to Stock Buyback Program,GlobeNewswire,https://finance.yahoo.com/news/p10-announces-increase-stock-buyback-125500856.html,1672145700,STORY
6ec00f89-3ac8-34b1-9d45-9d20b048be96,PX,2023-1-1,"With 30% ownership, P10, Inc. (NYSE:PX) insiders have a lot at stake",Simply Wall St.,https://finance.yahoo.com/news/30-ownership-p10-inc-nyse-112050830.html,1671621650,STORY
d8d89b6f-4841-3656-a759-20bb5130514a,PX,2023-1-1,P10 Scheduled to Ring the Opening Bell at New York Stock Exchange,GlobeNewswire,https://finance.yahoo.com/news/p10-scheduled-ring-opening-bell-214500420.html,1669671900,STORY
faac2702-706d-336d-a92e-c2486d7fa6ca,PX,2023-1-1,"Be Sure To Check Out P10, Inc. (NYSE:PX) Before It Goes Ex-Dividend",Simply Wall St.,https://finance.yahoo.com/news/sure-check-p10-inc-nyse-102625667.html,1669285585,STORY
5e1ad8ef-21b7-322d-859e-d408705c638d,PX,2023-1-1,"P10 Third Quarter 2022 Earnings: Revenues Beat Expectations, EPS Lags",Simply Wall St.,https://finance.yahoo.com/news/p10-third-quarter-2022-earnings-103103398.html,1668681063,STORY
60ce0ded-ea79-3a26-a8f3-fb8f85cdd345,PX,2023-1-1,"P10, Inc. (PX) Q3 Earnings and Revenues Beat Estimates",Zacks,https://finance.yahoo.com/news/p10-inc-px-q3-earnings-125512313.html,1668084912,STORY
dc0e569c-8ac3-3ebb-b323-9c1e0c6a9668,PX,2023-1-1,P10 Reports Third Quarter 2022 Results,GlobeNewswire,https://finance.yahoo.com/news/p10-reports-third-quarter-2022-113000923.html,1668079800,STORY
5b496092-923c-39aa-9725-7184bed9aa73,PX,2023-1-1,Royalty Pharma (RPRX) Surpasses Q3 Earnings and Revenue Estimates,Zacks,https://finance.yahoo.com/news/royalty-pharma-rprx-surpasses-q3-132501668.html,1667913901,STORY
1006d388-126f-3cf9-b33a-17800370f593,PX,2023-1-2,P10 Announces Increase to Stock Buyback Program,GlobeNewswire,https://finance.yahoo.com/news/p10-announces-increase-stock-buyback-125500856.html,1672145700,STORY
6ec00f89-3ac8-34b1-9d45-9d20b048be96,PX,2023-1-2,"With 30% ownership, P10, Inc. (NYSE:PX) insiders have a lot at stake",Simply Wall St.,https://finance.yahoo.com/news/30-ownership-p10-inc-nyse-112050830.html,1671621650,STORY
d8d89b6f-4841-3656-a759-20bb5130514a,PX,2023-1-2,P10 Scheduled to Ring the Opening Bell at New York Stock Exchange,GlobeNewswire,https://finance.yahoo.com/news/p10-scheduled-ring-opening-bell-214500420.html,1669671900,STORY
faac2702-706d-336d-a92e-c2486d7fa6ca,PX,2023-1-2,"Be Sure To Check Out P10, Inc. (NYSE:PX) Before It Goes Ex-Dividend",Simply Wall St.,https://finance.yahoo.com/news/sure-check-p10-inc-nyse-102625667.html,1669285585,STORY
5e1ad8ef-21b7-322d-859e-d408705c638d,PX,2023-1-2,"P10 Third Quarter 2022 Earnings: Revenues Beat Expectations, EPS Lags",Simply Wall St.,https://finance.yahoo.com/news/p10-third-quarter-2022-earnings-103103398.html,1668681063,STORY
60ce0ded-ea79-3a26-a8f3-fb8f85cdd345,PX,2023-1-2,"P10, Inc. (PX) Q3 Earnings and Revenues Beat Estimates",Zacks,https://finance.yahoo.com/news/p10-inc-px-q3-earnings-125512313.html,1668084912,STORY
dc0e569c-8ac3-3ebb-b323-9c1e0c6a9668,PX,2023-1-2,P10 Reports Third Quarter 2022 Results,GlobeNewswire,https://finance.yahoo.com/news/p10-reports-third-quarter-2022-113000923.html,1668079800,STORY
5b496092-923c-39aa-9725-7184bed9aa73,PX,2023-1-2,Royalty Pharma (RPRX) Surpasses Q3 Earnings and Revenue Estimates,Zacks,https://finance.yahoo.com/news/royalty-pharma-rprx-surpasses-q3-132501668.html,1667913901,STORY
1006d388-126f-3cf9-b33a-17800370f593,PX,2023-1-3,P10 Announces Increase to Stock Buyback Program,GlobeNewswire,https://finance.yahoo.com/news/p10-announces-increase-stock-buyback-125500856.html,1672145700,STORY
6ec00f89-3ac8-34b1-9d45-9d20b048be96,PX,2023-1-3,"With 30% ownership, P10, Inc. (NYSE:PX) insiders have a lot at stake",Simply Wall St.,https://finance.yahoo.com/news/30-ownership-p10-inc-nyse-112050830.html,1671621650,STORY
d8d89b6f-4841-3656-a759-20bb5130514a,PX,2023-1-3,P10 Scheduled to Ring the Opening Bell at New York Stock Exchange,GlobeNewswire,https://finance.yahoo.com/news/p10-scheduled-ring-opening-bell-214500420.html,1669671900,STORY
faac2702-706d-336d-a92e-c2486d7fa6ca,PX,2023-1-3,"Be Sure To Check Out P10, Inc. (NYSE:PX) Before It Goes Ex-Dividend",Simply Wall St.,https://finance.yahoo.com/news/sure-check-p10-inc-nyse-102625667.html,1669285585,STORY
5e1ad8ef-21b7-322d-859e-d408705c638d,PX,2023-1-3,"P10 Third Quarter 2022 Earnings: Revenues Beat Expectations, EPS Lags",Simply Wall St.,https://finance.yahoo.com/news/p10-third-quarter-2022-earnings-103103398.html,1668681063,STORY
60ce0ded-ea79-3a26-a8f3-fb8f85cdd345,PX,2023-1-3,"P10, Inc. (PX) Q3 Earnings and Revenues Beat Estimates",Zacks,https://finance.yahoo.com/news/p10-inc-px-q3-earnings-125512313.html,1668084912,STORY
dc0e569c-8ac3-3ebb-b323-9c1e0c6a9668,PX,2023-1-3,P10 Reports Third Quarter 2022 Results,GlobeNewswire,https://finance.yahoo.com/news/p10-reports-third-quarter-2022-113000923.html,1668079800,STORY
5b496092-923c-39aa-9725-7184bed9aa73,PX,2023-1-3,Royalty Pharma (RPRX) Surpasses Q3 Earnings and Revenue Estimates,Zacks,https://finance.yahoo.com/news/royalty-pharma-rprx-surpasses-q3-132501668.html,1667913901,STORY
1006d388-126f-3cf9-b33a-17800370f593,PX,2023-1-4,P10 Announces Increase to Stock Buyback Program,GlobeNewswire,https://finance.yahoo.com/news/p10-announces-increase-stock-buyback-125500856.html,1672145700,STORY
6ec00f89-3ac8-34b1-9d45-9d20b048be96,PX,2023-1-4,"With 30% ownership, P10, Inc. (NYSE:PX) insiders have a lot at stake",Simply Wall St.,https://finance.yahoo.com/news/30-ownership-p10-inc-nyse-112050830.html,1671621650,STORY
d8d89b6f-4841-3656-a759-20bb5130514a,PX,2023-1-4,P10 Scheduled to Ring the Opening Bell at New York Stock Exchange,GlobeNewswire,https://finance.yahoo.com/news/p10-scheduled-ring-opening-bell-214500420.html,1669671900,STORY
faac2702-706d-336d-a92e-c2486d7fa6ca,PX,2023-1-4,"Be Sure To Check Out P10, Inc. (NYSE:PX) Before It Goes Ex-Dividend",Simply Wall St.,https://finance.yahoo.com/news/sure-check-p10-inc-nyse-102625667.html,1669285585,STORY
5e1ad8ef-21b7-322d-859e-d408705c638d,PX,2023-1-4,"P10 Third Quarter 2022 Earnings: Revenues Beat Expectations, EPS Lags",Simply Wall St.,https://finance.yahoo.com/news/p10-third-quarter-2022-earnings-103103398.html,1668681063,STORY
60ce0ded-ea79-3a26-a8f3-fb8f85cdd345,PX,2023-1-4,"P10, Inc. (PX) Q3 Earnings and Revenues Beat Estimates",Zacks,https://finance.yahoo.com/news/p10-inc-px-q3-earnings-125512313.html,1668084912,STORY
dc0e569c-8ac3-3ebb-b323-9c1e0c6a9668,PX,2023-1-4,P10 Reports Third Quarter 2022 Results,GlobeNewswire,https://finance.yahoo.com/news/p10-reports-third-quarter-2022-113000923.html,1668079800,STORY
5b496092-923c-39aa-9725-7184bed9aa73,PX,2023-1-4,Royalty Pharma (RPRX) Surpasses Q3 Earnings and Revenue Estimates,Zacks,https://finance.yahoo.com/news/royalty-pharma-rprx-surpasses-q3-132501668.html,1667913901,STORY
1006d388-126f-3cf9-b33a-17800370f593,PX,2023-1-5,P10 Announces Increase to Stock Buyback Program,GlobeNewswire,https://finance.yahoo.com/news/p10-announces-increase-stock-buyback-125500856.html,1672145700,STORY
6ec00f89-3ac8-34b1-9d45-9d20b048be96,PX,2023-1-5,"With 30% ownership, P10, Inc. (NYSE:PX) insiders have a lot at stake",Simply Wall St.,https://finance.yahoo.com/news/30-ownership-p10-inc-nyse-112050830.html,1671621650,STORY
d8d89b6f-4841-3656-a759-20bb5130514a,PX,2023-1-5,P10 Scheduled to Ring the Opening Bell at New York Stock Exchange,GlobeNewswire,https://finance.yahoo.com/news/p10-scheduled-ring-opening-bell-214500420.html,1669671900,STORY
faac2702-706d-336d-a92e-c2486d7fa6ca,PX,2023-1-5,"Be Sure To Check Out P10, Inc. (NYSE:PX) Before It Goes Ex-Dividend",Simply Wall St.,https://finance.yahoo.com/news/sure-check-p10-inc-nyse-102625667.html,1669285585,STORY
5e1ad8ef-21b7-322d-859e-d408705c638d,PX,2023-1-5,"P10 Third Quarter 2022 Earnings: Revenues Beat Expectations, EPS Lags",Simply Wall St.,https://finance.yahoo.com/news/p10-third-quarter-2022-earnings-103103398.html,1668681063,STORY
60ce0ded-ea79-3a26-a8f3-fb8f85cdd345,PX,2023-1-5,"P10, Inc. (PX) Q3 Earnings and Revenues Beat Estimates",Zacks,https://finance.yahoo.com/news/p10-inc-px-q3-earnings-125512313.html,1668084912,STORY
dc0e569c-8ac3-3ebb-b323-9c1e0c6a9668,PX,2023-1-5,P10 Reports Third Quarter 2022 Results,GlobeNewswire,https://finance.yahoo.com/news/p10-reports-third-quarter-2022-113000923.html,1668079800,STORY
5b496092-923c-39aa-9725-7184bed9aa73,PX,2023-1-5,Royalty Pharma (RPRX) Surpasses Q3 Earnings and Revenue Estimates,Zacks,https://finance.yahoo.com/news/royalty-pharma-rprx-surpasses-q3-132501668.html,1667913901,STORY
1006d388-126f-3cf9-b33a-17800370f593,PX,2023-1-6,P10 Announces Increase to Stock Buyback Program,GlobeNewswire,https://finance.yahoo.com/news/p10-announces-increase-stock-buyback-125500856.html,1672145700,STORY
6ec00f89-3ac8-34b1-9d45-9d20b048be96,PX,2023-1-6,"With 30% ownership, P10, Inc. (NYSE:PX) insiders have a lot at stake",Simply Wall St.,https://finance.yahoo.com/news/30-ownership-p10-inc-nyse-112050830.html,1671621650,STORY
d8d89b6f-4841-3656-a759-20bb5130514a,PX,2023-1-6,P10 Scheduled to Ring the Opening Bell at New York Stock Exchange,GlobeNewswire,https://finance.yahoo.com/news/p10-scheduled-ring-opening-bell-214500420.html,1669671900,STORY
faac2702-706d-336d-a92e-c2486d7fa6ca,PX,2023-1-6,"Be Sure To Check Out P10, Inc. (NYSE:PX) Before It Goes Ex-Dividend",Simply Wall St.,https://finance.yahoo.com/news/sure-check-p10-inc-nyse-102625667.html,1669285585,STORY
5e1ad8ef-21b7-322d-859e-d408705c638d,PX,2023-1-6,"P10 Third Quarter 2022 Earnings: Revenues Beat Expectations, EPS Lags",Simply Wall St.,https://finance.yahoo.com/news/p10-third-quarter-2022-earnings-103103398.html,1668681063,STORY
60ce0ded-ea79-3a26-a8f3-fb8f85cdd345,PX,2023-1-6,"P10, Inc. (PX) Q3 Earnings and Revenues Beat Estimates",Zacks,https://finance.yahoo.com/news/p10-inc-px-q3-earnings-125512313.html,1668084912,STORY
dc0e569c-8ac3-3ebb-b323-9c1e0c6a9668,PX,2023-1-6,P10 Reports Third Quarter 2022 Results,GlobeNewswire,https://finance.yahoo.com/news/p10-reports-third-quarter-2022-113000923.html,1668079800,STORY
5b496092-923c-39aa-9725-7184bed9aa73,PX,2023-1-6,Royalty Pharma (RPRX) Surpasses Q3 Earnings and Revenue Estimates,Zacks,https://finance.yahoo.com/news/royalty-pharma-rprx-surpasses-q3-132501668.html,1667913901,STORY
1006d388-126f-3cf9-b33a-17800370f593,PX,2023-1-7,P10 Announces Increase to Stock Buyback Program,GlobeNewswire,https://finance.yahoo.com/news/p10-announces-increase-stock-buyback-125500856.html,1672145700,STORY
6ec00f89-3ac8-34b1-9d45-9d20b048be96,PX,2023-1-7,"With 30% ownership, P10, Inc. (NYSE:PX) insiders have a lot at stake",Simply Wall St.,https://finance.yahoo.com/news/30-ownership-p10-inc-nyse-112050830.html,1671621650,STORY
d8d89b6f-4841-3656-a759-20bb5130514a,PX,2023-1-7,P10 Scheduled to Ring the Opening Bell at New York Stock Exchange,GlobeNewswire,https://finance.yahoo.com/news/p10-scheduled-ring-opening-bell-214500420.html,1669671900,STORY
faac2702-706d-336d-a92e-c2486d7fa6ca,PX,2023-1-7,"Be Sure To Check Out P10, Inc. (NYSE:PX) Before It Goes Ex-Dividend",Simply Wall St.,https://finance.yahoo.com/news/sure-check-p10-inc-nyse-102625667.html,1669285585,STORY
5e1ad8ef-21b7-322d-859e-d408705c638d,PX,2023-1-7,"P10 Third Quarter 2022 Earnings: Revenues Beat Expectations, EPS Lags",Simply Wall St.,https://finance.yahoo.com/news/p10-third-quarter-2022-earnings-103103398.html,1668681063,STORY
60ce0ded-ea79-3a26-a8f3-fb8f85cdd345,PX,2023-1-7,"P10, Inc. (PX) Q3 Earnings and Revenues Beat Estimates",Zacks,https://finance.yahoo.com/news/p10-inc-px-q3-earnings-125512313.html,1668084912,STORY
dc0e569c-8ac3-3ebb-b323-9c1e0c6a9668,PX,2023-1-7,P10 Reports Third Quarter 2022 Results,GlobeNewswire,https://finance.yahoo.com/news/p10-reports-third-quarter-2022-113000923.html,1668079800,STORY
5b496092-923c-39aa-9725-7184bed9aa73,PX,2023-1-7,Royalty Pharma (RPRX) Surpasses Q3 Earnings and Revenue Estimates,Zacks,https://finance.yahoo.com/news/royalty-pharma-rprx-surpasses-q3-132501668.html,1667913901,STORY
1006d388-126f-3cf9-b33a-17800370f593,PX,2023-1-8,P10 Announces Increase to Stock Buyback Program,GlobeNewswire,https://finance.yahoo.com/news/p10-announces-increase-stock-buyback-125500856.html,1672145700,STORY
6ec00f89-3ac8-34b1-9d45-9d20b048be96,PX,2023-1-8,"With 30% ownership, P10, Inc. (NYSE:PX) insiders have a lot at stake",Simply Wall St.,https://finance.yahoo.com/news/30-ownership-p10-inc-nyse-112050830.html,1671621650,STORY
d8d89b6f-4841-3656-a759-20bb5130514a,PX,2023-1-8,P10 Scheduled to Ring the Opening Bell at New York Stock Exchange,GlobeNewswire,https://finance.yahoo.com/news/p10-scheduled-ring-opening-bell-214500420.html,1669671900,STORY
faac2702-706d-336d-a92e-c2486d7fa6ca,PX,2023-1-8,"Be Sure To Check Out P10, Inc. (NYSE:PX) Before It Goes Ex-Dividend",Simply Wall St.,https://finance.yahoo.com/news/sure-check-p10-inc-nyse-102625667.html,1669285585,STORY
5e1ad8ef-21b7-322d-859e-d408705c638d,PX,2023-1-8,"P10 Third Quarter 2022 Earnings: Revenues Beat Expectations, EPS Lags",Simply Wall St.,https://finance.yahoo.com/news/p10-third-quarter-2022-earnings-103103398.html,1668681063,STORY
60ce0ded-ea79-3a26-a8f3-fb8f85cdd345,PX,2023-1-8,"P10, Inc. (PX) Q3 Earnings and Revenues Beat Estimates",Zacks,https://finance.yahoo.com/news/p10-inc-px-q3-earnings-125512313.html,1668084912,STORY
dc0e569c-8ac3-3ebb-b323-9c1e0c6a9668,PX,2023-1-8,P10 Reports Third Quarter 2022 Results,GlobeNewswire,https://finance.yahoo.com/news/p10-reports-third-quarter-2022-113000923.html,1668079800,STORY
5b496092-923c-39aa-9725-7184bed9aa73,PX,2023-1-8,Royalty Pharma (RPRX) Surpasses Q3 Earnings and Revenue Estimates,Zacks,https://finance.yahoo.com/news/royalty-pharma-rprx-surpasses-q3-132501668.html,1667913901,STORY
47c62074-88f7-3ce6-9591-f9ee1abe92a8,PX,2023-1-9,Douglas Meyer Joins Bonaccord Capital Partners as Managing Director and Global Head of Strategic Development,GlobeNewswire,https://finance.yahoo.com/news/douglas-meyer-joins-bonaccord-capital-130000230.html,1673269200,STORY
1006d388-126f-3cf9-b33a-17800370f593,PX,2023-1-9,P10 Announces Increase to Stock Buyback Program,GlobeNewswire,https://finance.yahoo.com/news/p10-announces-increase-stock-buyback-125500856.html,1672145700,STORY
6ec00f89-3ac8-34b1-9d45-9d20b048be96,PX,2023-1-9,"With 30% ownership, P10, Inc. (NYSE:PX) insiders have a lot at stake",Simply Wall St.,https://finance.yahoo.com/news/30-ownership-p10-inc-nyse-112050830.html,1671621650,STORY
d8d89b6f-4841-3656-a759-20bb5130514a,PX,2023-1-9,P10 Scheduled to Ring the Opening Bell at New York Stock Exchange,GlobeNewswire,https://finance.yahoo.com/news/p10-scheduled-ring-opening-bell-214500420.html,1669671900,STORY
faac2702-706d-336d-a92e-c2486d7fa6ca,PX,2023-1-9,"Be Sure To Check Out P10, Inc. (NYSE:PX) Before It Goes Ex-Dividend",Simply Wall St.,https://finance.yahoo.com/news/sure-check-p10-inc-nyse-102625667.html,1669285585,STORY
5e1ad8ef-21b7-322d-859e-d408705c638d,PX,2023-1-9,"P10 Third Quarter 2022 Earnings: Revenues Beat Expectations, EPS Lags",Simply Wall St.,https://finance.yahoo.com/news/p10-third-quarter-2022-earnings-103103398.html,1668681063,STORY
60ce0ded-ea79-3a26-a8f3-fb8f85cdd345,PX,2023-1-9,"P10, Inc. (PX) Q3 Earnings and Revenues Beat Estimates",Zacks,https://finance.yahoo.com/news/p10-inc-px-q3-earnings-125512313.html,1668084912,STORY
dc0e569c-8ac3-3ebb-b323-9c1e0c6a9668,PX,2023-1-9,P10 Reports Third Quarter 2022 Results,GlobeNewswire,https://finance.yahoo.com/news/p10-reports-third-quarter-2022-113000923.html,1668079800,STORY
47c62074-88f7-3ce6-9591-f9ee1abe92a8,PX,2023-1-10,Douglas Meyer Joins Bonaccord Capital Partners as Managing Director and Global Head of Strategic Development,GlobeNewswire,https://finance.yahoo.com/news/douglas-meyer-joins-bonaccord-capital-130000230.html,1673269200,STORY
1006d388-126f-3cf9-b33a-17800370f593,PX,2023-1-10,P10 Announces Increase to Stock Buyback Program,GlobeNewswire,https://finance.yahoo.com/news/p10-announces-increase-stock-buyback-125500856.html,1672145700,STORY
6ec00f89-3ac8-34b1-9d45-9d20b048be96,PX,2023-1-10,"With 30% ownership, P10, Inc. (NYSE:PX) insiders have a lot at stake",Simply Wall St.,https://finance.yahoo.com/news/30-ownership-p10-inc-nyse-112050830.html,1671621650,STORY
d8d89b6f-4841-3656-a759-20bb5130514a,PX,2023-1-10,P10 Scheduled to Ring the Opening Bell at New York Stock Exchange,GlobeNewswire,https://finance.yahoo.com/news/p10-scheduled-ring-opening-bell-214500420.html,1669671900,STORY
faac2702-706d-336d-a92e-c2486d7fa6ca,PX,2023-1-10,"Be Sure To Check Out P10, Inc. (NYSE:PX) Before It Goes Ex-Dividend",Simply Wall St.,https://finance.yahoo.com/news/sure-check-p10-inc-nyse-102625667.html,1669285585,STORY
5e1ad8ef-21b7-322d-859e-d408705c638d,PX,2023-1-10,"P10 Third Quarter 2022 Earnings: Revenues Beat Expectations, EPS Lags",Simply Wall St.,https://finance.yahoo.com/news/p10-third-quarter-2022-earnings-103103398.html,1668681063,STORY
60ce0ded-ea79-3a26-a8f3-fb8f85cdd345,PX,2023-1-10,"P10, Inc. (PX) Q3 Earnings and Revenues Beat Estimates",Zacks,https://finance.yahoo.com/news/p10-inc-px-q3-earnings-125512313.html,1668084912,STORY
dc0e569c-8ac3-3ebb-b323-9c1e0c6a9668,PX,2023-1-10,P10 Reports Third Quarter 2022 Results,GlobeNewswire,https://finance.yahoo.com/news/p10-reports-third-quarter-2022-113000923.html,1668079800,STORY
47c62074-88f7-3ce6-9591-f9ee1abe92a8,PX,2023-1-11,Douglas Meyer Joins Bonaccord Capital Partners as Managing Director and Global Head of Strategic Development,GlobeNewswire,https://finance.yahoo.com/news/douglas-meyer-joins-bonaccord-capital-130000230.html,1673269200,STORY
1006d388-126f-3cf9-b33a-17800370f593,PX,2023-1-11,P10 Announces Increase to Stock Buyback Program,GlobeNewswire,https://finance.yahoo.com/news/p10-announces-increase-stock-buyback-125500856.html,1672145700,STORY
6ec00f89-3ac8-34b1-9d45-9d20b048be96,PX,2023-1-11,"With 30% ownership, P10, Inc. (NYSE:PX) insiders have a lot at stake",Simply Wall St.,https://finance.yahoo.com/news/30-ownership-p10-inc-nyse-112050830.html,1671621650,STORY
d8d89b6f-4841-3656-a759-20bb5130514a,PX,2023-1-11,P10 Scheduled to Ring the Opening Bell at New York Stock Exchange,GlobeNewswire,https://finance.yahoo.com/news/p10-scheduled-ring-opening-bell-214500420.html,1669671900,STORY
faac2702-706d-336d-a92e-c2486d7fa6ca,PX,2023-1-11,"Be Sure To Check Out P10, Inc. (NYSE:PX) Before It Goes Ex-Dividend",Simply Wall St.,https://finance.yahoo.com/news/sure-check-p10-inc-nyse-102625667.html,1669285585,STORY
5e1ad8ef-21b7-322d-859e-d408705c638d,PX,2023-1-11,"P10 Third Quarter 2022 Earnings: Revenues Beat Expectations, EPS Lags",Simply Wall St.,https://finance.yahoo.com/news/p10-third-quarter-2022-earnings-103103398.html,1668681063,STORY
60ce0ded-ea79-3a26-a8f3-fb8f85cdd345,PX,2023-1-11,"P10, Inc. (PX) Q3 Earnings and Revenues Beat Estimates",Zacks,https://finance.yahoo.com/news/p10-inc-px-q3-earnings-125512313.html,1668084912,STORY
dc0e569c-8ac3-3ebb-b323-9c1e0c6a9668,PX,2023-1-11,P10 Reports Third Quarter 2022 Results,GlobeNewswire,https://finance.yahoo.com/news/p10-reports-third-quarter-2022-113000923.html,1668079800,STORY
47c62074-88f7-3ce6-9591-f9ee1abe92a8,PX,2023-1-12,Douglas Meyer Joins Bonaccord Capital Partners as Managing Director and Global Head of Strategic Development,GlobeNewswire,https://finance.yahoo.com/news/douglas-meyer-joins-bonaccord-capital-130000230.html,1673269200,STORY
1006d388-126f-3cf9-b33a-17800370f593,PX,2023-1-12,P10 Announces Increase to Stock Buyback Program,GlobeNewswire,https://finance.yahoo.com/news/p10-announces-increase-stock-buyback-125500856.html,1672145700,STORY
6ec00f89-3ac8-34b1-9d45-9d20b048be96,PX,2023-1-12,"With 30% ownership, P10, Inc. (NYSE:PX) insiders have a lot at stake",Simply Wall St.,https://finance.yahoo.com/news/30-ownership-p10-inc-nyse-112050830.html,1671621650,STORY
d8d89b6f-4841-3656-a759-20bb5130514a,PX,2023-1-12,P10 Scheduled to Ring the Opening Bell at New York Stock Exchange,GlobeNewswire,https://finance.yahoo.com/news/p10-scheduled-ring-opening-bell-214500420.html,1669671900,STORY
faac2702-706d-336d-a92e-c2486d7fa6ca,PX,2023-1-12,"Be Sure To Check Out P10, Inc. (NYSE:PX) Before It Goes Ex-Dividend",Simply Wall St.,https://finance.yahoo.com/news/sure-check-p10-inc-nyse-102625667.html,1669285585,STORY
5e1ad8ef-21b7-322d-859e-d408705c638d,PX,2023-1-12,"P10 Third Quarter 2022 Earnings: Revenues Beat Expectations, EPS Lags",Simply Wall St.,https://finance.yahoo.com/news/p10-third-quarter-2022-earnings-103103398.html,1668681063,STORY
60ce0ded-ea79-3a26-a8f3-fb8f85cdd345,PX,2023-1-12,"P10, Inc. (PX) Q3 Earnings and Revenues Beat Estimates",Zacks,https://finance.yahoo.com/news/p10-inc-px-q3-earnings-125512313.html,1668084912,STORY
dc0e569c-8ac3-3ebb-b323-9c1e0c6a9668,PX,2023-1-12,P10 Reports Third Quarter 2022 Results,GlobeNewswire,https://finance.yahoo.com/news/p10-reports-third-quarter-2022-113000923.html,1668079800,STORY
47c62074-88f7-3ce6-9591-f9ee1abe92a8,PX,2023-1-13,Douglas Meyer Joins Bonaccord Capital Partners as Managing Director and Global Head of Strategic Development,GlobeNewswire,https://finance.yahoo.com/news/douglas-meyer-joins-bonaccord-capital-130000230.html,1673269200,STORY
1006d388-126f-3cf9-b33a-17800370f593,PX,2023-1-13,P10 Announces Increase to Stock Buyback Program,GlobeNewswire,https://finance.yahoo.com/news/p10-announces-increase-stock-buyback-125500856.html,1672145700,STORY
6ec00f89-3ac8-34b1-9d45-9d20b048be96,PX,2023-1-13,"With 30% ownership, P10, Inc. (NYSE:PX) insiders have a lot at stake",Simply Wall St.,https://finance.yahoo.com/news/30-ownership-p10-inc-nyse-112050830.html,1671621650,STORY
d8d89b6f-4841-3656-a759-20bb5130514a,PX,2023-1-13,P10 Scheduled to Ring the Opening Bell at New York Stock Exchange,GlobeNewswire,https://finance.yahoo.com/news/p10-scheduled-ring-opening-bell-214500420.html,1669671900,STORY
faac2702-706d-336d-a92e-c2486d7fa6ca,PX,2023-1-13,"Be Sure To Check Out P10, Inc. (NYSE:PX) Before It Goes Ex-Dividend",Simply Wall St.,https://finance.yahoo.com/news/sure-check-p10-inc-nyse-102625667.html,1669285585,STORY
5e1ad8ef-21b7-322d-859e-d408705c638d,PX,2023-1-13,"P10 Third Quarter 2022 Earnings: Revenues Beat Expectations, EPS Lags",Simply Wall St.,https://finance.yahoo.com/news/p10-third-quarter-2022-earnings-103103398.html,1668681063,STORY
60ce0ded-ea79-3a26-a8f3-fb8f85cdd345,PX,2023-1-13,"P10, Inc. (PX) Q3 Earnings and Revenues Beat Estimates",Zacks,https://finance.yahoo.com/news/p10-inc-px-q3-earnings-125512313.html,1668084912,STORY
dc0e569c-8ac3-3ebb-b323-9c1e0c6a9668,PX,2023-1-13,P10 Reports Third Quarter 2022 Results,GlobeNewswire,https://finance.yahoo.com/news/p10-reports-third-quarter-2022-113000923.html,1668079800,STORY
47c62074-88f7-3ce6-9591-f9ee1abe92a8,PX,2023-1-14,Douglas Meyer Joins Bonaccord Capital Partners as Managing Director and Global Head of Strategic Development,GlobeNewswire,https://finance.yahoo.com/news/douglas-meyer-joins-bonaccord-capital-130000230.html,1673269200,STORY
1006d388-126f-3cf9-b33a-17800370f593,PX,2023-1-14,P10 Announces Increase to Stock Buyback Program,GlobeNewswire,https://finance.yahoo.com/news/p10-announces-increase-stock-buyback-125500856.html,1672145700,STORY
6ec00f89-3ac8-34b1-9d45-9d20b048be96,PX,2023-1-14,"With 30% ownership, P10, Inc. (NYSE:PX) insiders have a lot at stake",Simply Wall St.,https://finance.yahoo.com/news/30-ownership-p10-inc-nyse-112050830.html,1671621650,STORY
d8d89b6f-4841-3656-a759-20bb5130514a,PX,2023-1-14,P10 Scheduled to Ring the Opening Bell at New York Stock Exchange,GlobeNewswire,https://finance.yahoo.com/news/p10-scheduled-ring-opening-bell-214500420.html,1669671900,STORY
faac2702-706d-336d-a92e-c2486d7fa6ca,PX,2023-1-14,"Be Sure To Check Out P10, Inc. (NYSE:PX) Before It Goes Ex-Dividend",Simply Wall St.,https://finance.yahoo.com/news/sure-check-p10-inc-nyse-102625667.html,1669285585,STORY
5e1ad8ef-21b7-322d-859e-d408705c638d,PX,2023-1-14,"P10 Third Quarter 2022 Earnings: Revenues Beat Expectations, EPS Lags",Simply Wall St.,https://finance.yahoo.com/news/p10-third-quarter-2022-earnings-103103398.html,1668681063,STORY
60ce0ded-ea79-3a26-a8f3-fb8f85cdd345,PX,2023-1-14,"P10, Inc. (PX) Q3 Earnings and Revenues Beat Estimates",Zacks,https://finance.yahoo.com/news/p10-inc-px-q3-earnings-125512313.html,1668084912,STORY
dc0e569c-8ac3-3ebb-b323-9c1e0c6a9668,PX,2023-1-14,P10 Reports Third Quarter 2022 Results,GlobeNewswire,https://finance.yahoo.com/news/p10-reports-third-quarter-2022-113000923.html,1668079800,STORY
47c62074-88f7-3ce6-9591-f9ee1abe92a8,PX,2023-1-15,Douglas Meyer Joins Bonaccord Capital Partners as Managing Director and Global Head of Strategic Development,GlobeNewswire,https://finance.yahoo.com/news/douglas-meyer-joins-bonaccord-capital-130000230.html,1673269200,STORY
1006d388-126f-3cf9-b33a-17800370f593,PX,2023-1-15,P10 Announces Increase to Stock Buyback Program,GlobeNewswire,https://finance.yahoo.com/news/p10-announces-increase-stock-buyback-125500856.html,1672145700,STORY
6ec00f89-3ac8-34b1-9d45-9d20b048be96,PX,2023-1-15,"With 30% ownership, P10, Inc. (NYSE:PX) insiders have a lot at stake",Simply Wall St.,https://finance.yahoo.com/news/30-ownership-p10-inc-nyse-112050830.html,1671621650,STORY
d8d89b6f-4841-3656-a759-20bb5130514a,PX,2023-1-15,P10 Scheduled to Ring the Opening Bell at New York Stock Exchange,GlobeNewswire,https://finance.yahoo.com/news/p10-scheduled-ring-opening-bell-214500420.html,1669671900,STORY
faac2702-706d-336d-a92e-c2486d7fa6ca,PX,2023-1-15,"Be Sure To Check Out P10, Inc. (NYSE:PX) Before It Goes Ex-Dividend",Simply Wall St.,https://finance.yahoo.com/news/sure-check-p10-inc-nyse-102625667.html,1669285585,STORY
5e1ad8ef-21b7-322d-859e-d408705c638d,PX,2023-1-15,"P10 Third Quarter 2022 Earnings: Revenues Beat Expectations, EPS Lags",Simply Wall St.,https://finance.yahoo.com/news/p10-third-quarter-2022-earnings-103103398.html,1668681063,STORY
60ce0ded-ea79-3a26-a8f3-fb8f85cdd345,PX,2023-1-15,"P10, Inc. (PX) Q3 Earnings and Revenues Beat Estimates",Zacks,https://finance.yahoo.com/news/p10-inc-px-q3-earnings-125512313.html,1668084912,STORY
dc0e569c-8ac3-3ebb-b323-9c1e0c6a9668,PX,2023-1-15,P10 Reports Third Quarter 2022 Results,GlobeNewswire,https://finance.yahoo.com/news/p10-reports-third-quarter-2022-113000923.html,1668079800,STORY
47c62074-88f7-3ce6-9591-f9ee1abe92a8,PX,2023-1-16,Douglas Meyer Joins Bonaccord Capital Partners as Managing Director and Global Head of Strategic Development,GlobeNewswire,https://finance.yahoo.com/news/douglas-meyer-joins-bonaccord-capital-130000230.html,1673269200,STORY
1006d388-126f-3cf9-b33a-17800370f593,PX,2023-1-16,P10 Announces Increase to Stock Buyback Program,GlobeNewswire,https://finance.yahoo.com/news/p10-announces-increase-stock-buyback-125500856.html,1672145700,STORY
6ec00f89-3ac8-34b1-9d45-9d20b048be96,PX,2023-1-16,"With 30% ownership, P10, Inc. (NYSE:PX) insiders have a lot at stake",Simply Wall St.,https://finance.yahoo.com/news/30-ownership-p10-inc-nyse-112050830.html,1671621650,STORY
d8d89b6f-4841-3656-a759-20bb5130514a,PX,2023-1-16,P10 Scheduled to Ring the Opening Bell at New York Stock Exchange,GlobeNewswire,https://finance.yahoo.com/news/p10-scheduled-ring-opening-bell-214500420.html,1669671900,STORY
faac2702-706d-336d-a92e-c2486d7fa6ca,PX,2023-1-16,"Be Sure To Check Out P10, Inc. (NYSE:PX) Before It Goes Ex-Dividend",Simply Wall St.,https://finance.yahoo.com/news/sure-check-p10-inc-nyse-102625667.html,1669285585,STORY
5e1ad8ef-21b7-322d-859e-d408705c638d,PX,2023-1-16,"P10 Third Quarter 2022 Earnings: Revenues Beat Expectations, EPS Lags",Simply Wall St.,https://finance.yahoo.com/news/p10-third-quarter-2022-earnings-103103398.html,1668681063,STORY
60ce0ded-ea79-3a26-a8f3-fb8f85cdd345,PX,2023-1-16,"P10, Inc. (PX) Q3 Earnings and Revenues Beat Estimates",Zacks,https://finance.yahoo.com/news/p10-inc-px-q3-earnings-125512313.html,1668084912,STORY
dc0e569c-8ac3-3ebb-b323-9c1e0c6a9668,PX,2023-1-16,P10 Reports Third Quarter 2022 Results,GlobeNewswire,https://finance.yahoo.com/news/p10-reports-third-quarter-2022-113000923.html,1668079800,STORY
47c62074-88f7-3ce6-9591-f9ee1abe92a8,PX,2023-1-17,Douglas Meyer Joins Bonaccord Capital Partners as Managing Director and Global Head of Strategic Development,GlobeNewswire,https://finance.yahoo.com/news/douglas-meyer-joins-bonaccord-capital-130000230.html,1673269200,STORY
1006d388-126f-3cf9-b33a-17800370f593,PX,2023-1-17,P10 Announces Increase to Stock Buyback Program,GlobeNewswire,https://finance.yahoo.com/news/p10-announces-increase-stock-buyback-125500856.html,1672145700,STORY
6ec00f89-3ac8-34b1-9d45-9d20b048be96,PX,2023-1-17,"With 30% ownership, P10, Inc. (NYSE:PX) insiders have a lot at stake",Simply Wall St.,https://finance.yahoo.com/news/30-ownership-p10-inc-nyse-112050830.html,1671621650,STORY
d8d89b6f-4841-3656-a759-20bb5130514a,PX,2023-1-17,P10 Scheduled to Ring the Opening Bell at New York Stock Exchange,GlobeNewswire,https://finance.yahoo.com/news/p10-scheduled-ring-opening-bell-214500420.html,1669671900,STORY
faac2702-706d-336d-a92e-c2486d7fa6ca,PX,2023-1-17,"Be Sure To Check Out P10, Inc. (NYSE:PX) Before It Goes Ex-Dividend",Simply Wall St.,https://finance.yahoo.com/news/sure-check-p10-inc-nyse-102625667.html,1669285585,STORY
5e1ad8ef-21b7-322d-859e-d408705c638d,PX,2023-1-17,"P10 Third Quarter 2022 Earnings: Revenues Beat Expectations, EPS Lags",Simply Wall St.,https://finance.yahoo.com/news/p10-third-quarter-2022-earnings-103103398.html,1668681063,STORY
60ce0ded-ea79-3a26-a8f3-fb8f85cdd345,PX,2023-1-17,"P10, Inc. (PX) Q3 Earnings and Revenues Beat Estimates",Zacks,https://finance.yahoo.com/news/p10-inc-px-q3-earnings-125512313.html,1668084912,STORY
dc0e569c-8ac3-3ebb-b323-9c1e0c6a9668,PX,2023-1-17,P10 Reports Third Quarter 2022 Results,GlobeNewswire,https://finance.yahoo.com/news/p10-reports-third-quarter-2022-113000923.html,1668079800,STORY
47c62074-88f7-3ce6-9591-f9ee1abe92a8,PX,2023-1-18,Douglas Meyer Joins Bonaccord Capital Partners as Managing Director and Global Head of Strategic Development,GlobeNewswire,https://finance.yahoo.com/news/douglas-meyer-joins-bonaccord-capital-130000230.html,1673269200,STORY
1006d388-126f-3cf9-b33a-17800370f593,PX,2023-1-18,P10 Announces Increase to Stock Buyback Program,GlobeNewswire,https://finance.yahoo.com/news/p10-announces-increase-stock-buyback-125500856.html,1672145700,STORY
6ec00f89-3ac8-34b1-9d45-9d20b048be96,PX,2023-1-18,"With 30% ownership, P10, Inc. (NYSE:PX) insiders have a lot at stake",Simply Wall St.,https://finance.yahoo.com/news/30-ownership-p10-inc-nyse-112050830.html,1671621650,STORY
d8d89b6f-4841-3656-a759-20bb5130514a,PX,2023-1-18,P10 Scheduled to Ring the Opening Bell at New York Stock Exchange,GlobeNewswire,https://finance.yahoo.com/news/p10-scheduled-ring-opening-bell-214500420.html,1669671900,STORY
faac2702-706d-336d-a92e-c2486d7fa6ca,PX,2023-1-18,"Be Sure To Check Out P10, Inc. (NYSE:PX) Before It Goes Ex-Dividend",Simply Wall St.,https://finance.yahoo.com/news/sure-check-p10-inc-nyse-102625667.html,1669285585,STORY
5e1ad8ef-21b7-322d-859e-d408705c638d,PX,2023-1-18,"P10 Third Quarter 2022 Earnings: Revenues Beat Expectations, EPS Lags",Simply Wall St.,https://finance.yahoo.com/news/p10-third-quarter-2022-earnings-103103398.html,1668681063,STORY
60ce0ded-ea79-3a26-a8f3-fb8f85cdd345,PX,2023-1-18,"P10, Inc. (PX) Q3 Earnings and Revenues Beat Estimates",Zacks,https://finance.yahoo.com/news/p10-inc-px-q3-earnings-125512313.html,1668084912,STORY
dc0e569c-8ac3-3ebb-b323-9c1e0c6a9668,PX,2023-1-18,P10 Reports Third Quarter 2022 Results,GlobeNewswire,https://finance.yahoo.com/news/p10-reports-third-quarter-2022-113000923.html,1668079800,STORY
47c62074-88f7-3ce6-9591-f9ee1abe92a8,PX,2023-1-19,Douglas Meyer Joins Bonaccord Capital Partners as Managing Director and Global Head of Strategic Development,GlobeNewswire,https://finance.yahoo.com/news/douglas-meyer-joins-bonaccord-capital-130000230.html,1673269200,STORY
1006d388-126f-3cf9-b33a-17800370f593,PX,2023-1-19,P10 Announces Increase to Stock Buyback Program,GlobeNewswire,https://finance.yahoo.com/news/p10-announces-increase-stock-buyback-125500856.html,1672145700,STORY
6ec00f89-3ac8-34b1-9d45-9d20b048be96,PX,2023-1-19,"With 30% ownership, P10, Inc. (NYSE:PX) insiders have a lot at stake",Simply Wall St.,https://finance.yahoo.com/news/30-ownership-p10-inc-nyse-112050830.html,1671621650,STORY
d8d89b6f-4841-3656-a759-20bb5130514a,PX,2023-1-19,P10 Scheduled to Ring the Opening Bell at New York Stock Exchange,GlobeNewswire,https://finance.yahoo.com/news/p10-scheduled-ring-opening-bell-214500420.html,1669671900,STORY
faac2702-706d-336d-a92e-c2486d7fa6ca,PX,2023-1-19,"Be Sure To Check Out P10, Inc. (NYSE:PX) Before It Goes Ex-Dividend",Simply Wall St.,https://finance.yahoo.com/news/sure-check-p10-inc-nyse-102625667.html,1669285585,STORY
5e1ad8ef-21b7-322d-859e-d408705c638d,PX,2023-1-19,"P10 Third Quarter 2022 Earnings: Revenues Beat Expectations, EPS Lags",Simply Wall St.,https://finance.yahoo.com/news/p10-third-quarter-2022-earnings-103103398.html,1668681063,STORY
60ce0ded-ea79-3a26-a8f3-fb8f85cdd345,PX,2023-1-19,"P10, Inc. (PX) Q3 Earnings and Revenues Beat Estimates",Zacks,https://finance.yahoo.com/news/p10-inc-px-q3-earnings-125512313.html,1668084912,STORY
dc0e569c-8ac3-3ebb-b323-9c1e0c6a9668,PX,2023-1-19,P10 Reports Third Quarter 2022 Results,GlobeNewswire,https://finance.yahoo.com/news/p10-reports-third-quarter-2022-113000923.html,1668079800,STORY
47c62074-88f7-3ce6-9591-f9ee1abe92a8,PX,2023-1-20,Douglas Meyer Joins Bonaccord Capital Partners as Managing Director and Global Head of Strategic Development,GlobeNewswire,https://finance.yahoo.com/news/douglas-meyer-joins-bonaccord-capital-130000230.html,1673269200,STORY
1006d388-126f-3cf9-b33a-17800370f593,PX,2023-1-20,P10 Announces Increase to Stock Buyback Program,GlobeNewswire,https://finance.yahoo.com/news/p10-announces-increase-stock-buyback-125500856.html,1672145700,STORY
6ec00f89-3ac8-34b1-9d45-9d20b048be96,PX,2023-1-20,"With 30% ownership, P10, Inc. (NYSE:PX) insiders have a lot at stake",Simply Wall St.,https://finance.yahoo.com/news/30-ownership-p10-inc-nyse-112050830.html,1671621650,STORY
d8d89b6f-4841-3656-a759-20bb5130514a,PX,2023-1-20,P10 Scheduled to Ring the Opening Bell at New York Stock Exchange,GlobeNewswire,https://finance.yahoo.com/news/p10-scheduled-ring-opening-bell-214500420.html,1669671900,STORY
faac2702-706d-336d-a92e-c2486d7fa6ca,PX,2023-1-20,"Be Sure To Check Out P10, Inc. (NYSE:PX) Before It Goes Ex-Dividend",Simply Wall St.,https://finance.yahoo.com/news/sure-check-p10-inc-nyse-102625667.html,1669285585,STORY
5e1ad8ef-21b7-322d-859e-d408705c638d,PX,2023-1-20,"P10 Third Quarter 2022 Earnings: Revenues Beat Expectations, EPS Lags",Simply Wall St.,https://finance.yahoo.com/news/p10-third-quarter-2022-earnings-103103398.html,1668681063,STORY
60ce0ded-ea79-3a26-a8f3-fb8f85cdd345,PX,2023-1-20,"P10, Inc. (PX) Q3 Earnings and Revenues Beat Estimates",Zacks,https://finance.yahoo.com/news/p10-inc-px-q3-earnings-125512313.html,1668084912,STORY
dc0e569c-8ac3-3ebb-b323-9c1e0c6a9668,PX,2023-1-20,P10 Reports Third Quarter 2022 Results,GlobeNewswire,https://finance.yahoo.com/news/p10-reports-third-quarter-2022-113000923.html,1668079800,STORY
47c62074-88f7-3ce6-9591-f9ee1abe92a8,PX,2023-1-21,Douglas Meyer Joins Bonaccord Capital Partners as Managing Director and Global Head of Strategic Development,GlobeNewswire,https://finance.yahoo.com/news/douglas-meyer-joins-bonaccord-capital-130000230.html,1673269200,STORY
1006d388-126f-3cf9-b33a-17800370f593,PX,2023-1-21,P10 Announces Increase to Stock Buyback Program,GlobeNewswire,https://finance.yahoo.com/news/p10-announces-increase-stock-buyback-125500856.html,1672145700,STORY
6ec00f89-3ac8-34b1-9d45-9d20b048be96,PX,2023-1-21,"With 30% ownership, P10, Inc. (NYSE:PX) insiders have a lot at stake",Simply Wall St.,https://finance.yahoo.com/news/30-ownership-p10-inc-nyse-112050830.html,1671621650,STORY
d8d89b6f-4841-3656-a759-20bb5130514a,PX,2023-1-21,P10 Scheduled to Ring the Opening Bell at New York Stock Exchange,GlobeNewswire,https://finance.yahoo.com/news/p10-scheduled-ring-opening-bell-214500420.html,1669671900,STORY
faac2702-706d-336d-a92e-c2486d7fa6ca,PX,2023-1-21,"Be Sure To Check Out P10, Inc. (NYSE:PX) Before It Goes Ex-Dividend",Simply Wall St.,https://finance.yahoo.com/news/sure-check-p10-inc-nyse-102625667.html,1669285585,STORY
5e1ad8ef-21b7-322d-859e-d408705c638d,PX,2023-1-21,"P10 Third Quarter 2022 Earnings: Revenues Beat Expectations, EPS Lags",Simply Wall St.,https://finance.yahoo.com/news/p10-third-quarter-2022-earnings-103103398.html,1668681063,STORY
60ce0ded-ea79-3a26-a8f3-fb8f85cdd345,PX,2023-1-21,"P10, Inc. (PX) Q3 Earnings and Revenues Beat Estimates",Zacks,https://finance.yahoo.com/news/p10-inc-px-q3-earnings-125512313.html,1668084912,STORY
dc0e569c-8ac3-3ebb-b323-9c1e0c6a9668,PX,2023-1-21,P10 Reports Third Quarter 2022 Results,GlobeNewswire,https://finance.yahoo.com/news/p10-reports-third-quarter-2022-113000923.html,1668079800,STORY
47c62074-88f7-3ce6-9591-f9ee1abe92a8,PX,2023-1-22,Douglas Meyer Joins Bonaccord Capital Partners as Managing Director and Global Head of Strategic Development,GlobeNewswire,https://finance.yahoo.com/news/douglas-meyer-joins-bonaccord-capital-130000230.html,1673269200,STORY
1006d388-126f-3cf9-b33a-17800370f593,PX,2023-1-22,P10 Announces Increase to Stock Buyback Program,GlobeNewswire,https://finance.yahoo.com/news/p10-announces-increase-stock-buyback-125500856.html,1672145700,STORY
6ec00f89-3ac8-34b1-9d45-9d20b048be96,PX,2023-1-22,"With 30% ownership, P10, Inc. (NYSE:PX) insiders have a lot at stake",Simply Wall St.,https://finance.yahoo.com/news/30-ownership-p10-inc-nyse-112050830.html,1671621650,STORY
d8d89b6f-4841-3656-a759-20bb5130514a,PX,2023-1-22,P10 Scheduled to Ring the Opening Bell at New York Stock Exchange,GlobeNewswire,https://finance.yahoo.com/news/p10-scheduled-ring-opening-bell-214500420.html,1669671900,STORY
faac2702-706d-336d-a92e-c2486d7fa6ca,PX,2023-1-22,"Be Sure To Check Out P10, Inc. (NYSE:PX) Before It Goes Ex-Dividend",Simply Wall St.,https://finance.yahoo.com/news/sure-check-p10-inc-nyse-102625667.html,1669285585,STORY
5e1ad8ef-21b7-322d-859e-d408705c638d,PX,2023-1-22,"P10 Third Quarter 2022 Earnings: Revenues Beat Expectations, EPS Lags",Simply Wall St.,https://finance.yahoo.com/news/p10-third-quarter-2022-earnings-103103398.html,1668681063,STORY
60ce0ded-ea79-3a26-a8f3-fb8f85cdd345,PX,2023-1-22,"P10, Inc. (PX) Q3 Earnings and Revenues Beat Estimates",Zacks,https://finance.yahoo.com/news/p10-inc-px-q3-earnings-125512313.html,1668084912,STORY
dc0e569c-8ac3-3ebb-b323-9c1e0c6a9668,PX,2023-1-22,P10 Reports Third Quarter 2022 Results,GlobeNewswire,https://finance.yahoo.com/news/p10-reports-third-quarter-2022-113000923.html,1668079800,STORY
47c62074-88f7-3ce6-9591-f9ee1abe92a8,PX,2023-1-23,Douglas Meyer Joins Bonaccord Capital Partners as Managing Director and Global Head of Strategic Development,GlobeNewswire,https://finance.yahoo.com/news/douglas-meyer-joins-bonaccord-capital-130000230.html,1673269200,STORY
1006d388-126f-3cf9-b33a-17800370f593,PX,2023-1-23,P10 Announces Increase to Stock Buyback Program,GlobeNewswire,https://finance.yahoo.com/news/p10-announces-increase-stock-buyback-125500856.html,1672145700,STORY
6ec00f89-3ac8-34b1-9d45-9d20b048be96,PX,2023-1-23,"With 30% ownership, P10, Inc. (NYSE:PX) insiders have a lot at stake",Simply Wall St.,https://finance.yahoo.com/news/30-ownership-p10-inc-nyse-112050830.html,1671621650,STORY
d8d89b6f-4841-3656-a759-20bb5130514a,PX,2023-1-23,P10 Scheduled to Ring the Opening Bell at New York Stock Exchange,GlobeNewswire,https://finance.yahoo.com/news/p10-scheduled-ring-opening-bell-214500420.html,1669671900,STORY
faac2702-706d-336d-a92e-c2486d7fa6ca,PX,2023-1-23,"Be Sure To Check Out P10, Inc. (NYSE:PX) Before It Goes Ex-Dividend",Simply Wall St.,https://finance.yahoo.com/news/sure-check-p10-inc-nyse-102625667.html,1669285585,STORY
5e1ad8ef-21b7-322d-859e-d408705c638d,PX,2023-1-23,"P10 Third Quarter 2022 Earnings: Revenues Beat Expectations, EPS Lags",Simply Wall St.,https://finance.yahoo.com/news/p10-third-quarter-2022-earnings-103103398.html,1668681063,STORY
60ce0ded-ea79-3a26-a8f3-fb8f85cdd345,PX,2023-1-23,"P10, Inc. (PX) Q3 Earnings and Revenues Beat Estimates",Zacks,https://finance.yahoo.com/news/p10-inc-px-q3-earnings-125512313.html,1668084912,STORY
dc0e569c-8ac3-3ebb-b323-9c1e0c6a9668,PX,2023-1-23,P10 Reports Third Quarter 2022 Results,GlobeNewswire,https://finance.yahoo.com/news/p10-reports-third-quarter-2022-113000923.html,1668079800,STORY
47c62074-88f7-3ce6-9591-f9ee1abe92a8,PX,2023-1-24,Douglas Meyer Joins Bonaccord Capital Partners as Managing Director and Global Head of Strategic Development,GlobeNewswire,https://finance.yahoo.com/news/douglas-meyer-joins-bonaccord-capital-130000230.html,1673269200,STORY
1006d388-126f-3cf9-b33a-17800370f593,PX,2023-1-24,P10 Announces Increase to Stock Buyback Program,GlobeNewswire,https://finance.yahoo.com/news/p10-announces-increase-stock-buyback-125500856.html,1672145700,STORY
6ec00f89-3ac8-34b1-9d45-9d20b048be96,PX,2023-1-24,"With 30% ownership, P10, Inc. (NYSE:PX) insiders have a lot at stake",Simply Wall St.,https://finance.yahoo.com/news/30-ownership-p10-inc-nyse-112050830.html,1671621650,STORY
d8d89b6f-4841-3656-a759-20bb5130514a,PX,2023-1-24,P10 Scheduled to Ring the Opening Bell at New York Stock Exchange,GlobeNewswire,https://finance.yahoo.com/news/p10-scheduled-ring-opening-bell-214500420.html,1669671900,STORY
faac2702-706d-336d-a92e-c2486d7fa6ca,PX,2023-1-24,"Be Sure To Check Out P10, Inc. (NYSE:PX) Before It Goes Ex-Dividend",Simply Wall St.,https://finance.yahoo.com/news/sure-check-p10-inc-nyse-102625667.html,1669285585,STORY
5e1ad8ef-21b7-322d-859e-d408705c638d,PX,2023-1-24,"P10 Third Quarter 2022 Earnings: Revenues Beat Expectations, EPS Lags",Simply Wall St.,https://finance.yahoo.com/news/p10-third-quarter-2022-earnings-103103398.html,1668681063,STORY
60ce0ded-ea79-3a26-a8f3-fb8f85cdd345,PX,2023-1-24,"P10, Inc. (PX) Q3 Earnings and Revenues Beat Estimates",Zacks,https://finance.yahoo.com/news/p10-inc-px-q3-earnings-125512313.html,1668084912,STORY
dc0e569c-8ac3-3ebb-b323-9c1e0c6a9668,PX,2023-1-24,P10 Reports Third Quarter 2022 Results,GlobeNewswire,https://finance.yahoo.com/news/p10-reports-third-quarter-2022-113000923.html,1668079800,STORY
4c69dcc0-b4e8-3941-9b65-ad109face696,PX,2023-1-25,RCP Advisors Announces Partner and Senior-Level Promotions,GlobeNewswire,https://finance.yahoo.com/news/rcp-advisors-announces-partner-senior-193000547.html,1674588600,STORY
47c62074-88f7-3ce6-9591-f9ee1abe92a8,PX,2023-1-25,Douglas Meyer Joins Bonaccord Capital Partners as Managing Director and Global Head of Strategic Development,GlobeNewswire,https://finance.yahoo.com/news/douglas-meyer-joins-bonaccord-capital-130000230.html,1673269200,STORY
1006d388-126f-3cf9-b33a-17800370f593,PX,2023-1-25,P10 Announces Increase to Stock Buyback Program,GlobeNewswire,https://finance.yahoo.com/news/p10-announces-increase-stock-buyback-125500856.html,1672145700,STORY
6ec00f89-3ac8-34b1-9d45-9d20b048be96,PX,2023-1-25,"With 30% ownership, P10, Inc. (NYSE:PX) insiders have a lot at stake",Simply Wall St.,https://finance.yahoo.com/news/30-ownership-p10-inc-nyse-112050830.html,1671621650,STORY
d8d89b6f-4841-3656-a759-20bb5130514a,PX,2023-1-25,P10 Scheduled to Ring the Opening Bell at New York Stock Exchange,GlobeNewswire,https://finance.yahoo.com/news/p10-scheduled-ring-opening-bell-214500420.html,1669671900,STORY
faac2702-706d-336d-a92e-c2486d7fa6ca,PX,2023-1-25,"Be Sure To Check Out P10, Inc. (NYSE:PX) Before It Goes Ex-Dividend",Simply Wall St.,https://finance.yahoo.com/news/sure-check-p10-inc-nyse-102625667.html,1669285585,STORY
5e1ad8ef-21b7-322d-859e-d408705c638d,PX,2023-1-25,"P10 Third Quarter 2022 Earnings: Revenues Beat Expectations, EPS Lags",Simply Wall St.,https://finance.yahoo.com/news/p10-third-quarter-2022-earnings-103103398.html,1668681063,STORY
60ce0ded-ea79-3a26-a8f3-fb8f85cdd345,PX,2023-1-25,"P10, Inc. (PX) Q3 Earnings and Revenues Beat Estimates",Zacks,https://finance.yahoo.com/news/p10-inc-px-q3-earnings-125512313.html,1668084912,STORY
4c69dcc0-b4e8-3941-9b65-ad109face696,PX,2023-1-26,RCP Advisors Announces Partner and Senior-Level Promotions,GlobeNewswire,https://finance.yahoo.com/news/rcp-advisors-announces-partner-senior-193000547.html,1674588600,STORY
47c62074-88f7-3ce6-9591-f9ee1abe92a8,PX,2023-1-26,Douglas Meyer Joins Bonaccord Capital Partners as Managing Director and Global Head of Strategic Development,GlobeNewswire,https://finance.yahoo.com/news/douglas-meyer-joins-bonaccord-capital-130000230.html,1673269200,STORY
1006d388-126f-3cf9-b33a-17800370f593,PX,2023-1-26,P10 Announces Increase to Stock Buyback Program,GlobeNewswire,https://finance.yahoo.com/news/p10-announces-increase-stock-buyback-125500856.html,1672145700,STORY
6ec00f89-3ac8-34b1-9d45-9d20b048be96,PX,2023-1-26,"With 30% ownership, P10, Inc. (NYSE:PX) insiders have a lot at stake",Simply Wall St.,https://finance.yahoo.com/news/30-ownership-p10-inc-nyse-112050830.html,1671621650,STORY
d8d89b6f-4841-3656-a759-20bb5130514a,PX,2023-1-26,P10 Scheduled to Ring the Opening Bell at New York Stock Exchange,GlobeNewswire,https://finance.yahoo.com/news/p10-scheduled-ring-opening-bell-214500420.html,1669671900,STORY
faac2702-706d-336d-a92e-c2486d7fa6ca,PX,2023-1-26,"Be Sure To Check Out P10, Inc. (NYSE:PX) Before It Goes Ex-Dividend",Simply Wall St.,https://finance.yahoo.com/news/sure-check-p10-inc-nyse-102625667.html,1669285585,STORY
5e1ad8ef-21b7-322d-859e-d408705c638d,PX,2023-1-26,"P10 Third Quarter 2022 Earnings: Revenues Beat Expectations, EPS Lags",Simply Wall St.,https://finance.yahoo.com/news/p10-third-quarter-2022-earnings-103103398.html,1668681063,STORY
60ce0ded-ea79-3a26-a8f3-fb8f85cdd345,PX,2023-1-26,"P10, Inc. (PX) Q3 Earnings and Revenues Beat Estimates",Zacks,https://finance.yahoo.com/news/p10-inc-px-q3-earnings-125512313.html,1668084912,STORY
4c69dcc0-b4e8-3941-9b65-ad109face696,PX,2023-1-27,RCP Advisors Announces Partner and Senior-Level Promotions,GlobeNewswire,https://finance.yahoo.com/news/rcp-advisors-announces-partner-senior-193000547.html,1674588600,STORY
47c62074-88f7-3ce6-9591-f9ee1abe92a8,PX,2023-1-27,Douglas Meyer Joins Bonaccord Capital Partners as Managing Director and Global Head of Strategic Development,GlobeNewswire,https://finance.yahoo.com/news/douglas-meyer-joins-bonaccord-capital-130000230.html,1673269200,STORY
1006d388-126f-3cf9-b33a-17800370f593,PX,2023-1-27,P10 Announces Increase to Stock Buyback Program,GlobeNewswire,https://finance.yahoo.com/news/p10-announces-increase-stock-buyback-125500856.html,1672145700,STORY
6ec00f89-3ac8-34b1-9d45-9d20b048be96,PX,2023-1-27,"With 30% ownership, P10, Inc. (NYSE:PX) insiders have a lot at stake",Simply Wall St.,https://finance.yahoo.com/news/30-ownership-p10-inc-nyse-112050830.html,1671621650,STORY
d8d89b6f-4841-3656-a759-20bb5130514a,PX,2023-1-27,P10 Scheduled to Ring the Opening Bell at New York Stock Exchange,GlobeNewswire,https://finance.yahoo.com/news/p10-scheduled-ring-opening-bell-214500420.html,1669671900,STORY
faac2702-706d-336d-a92e-c2486d7fa6ca,PX,2023-1-27,"Be Sure To Check Out P10, Inc. (NYSE:PX) Before It Goes Ex-Dividend",Simply Wall St.,https://finance.yahoo.com/news/sure-check-p10-inc-nyse-102625667.html,1669285585,STORY
5e1ad8ef-21b7-322d-859e-d408705c638d,PX,2023-1-27,"P10 Third Quarter 2022 Earnings: Revenues Beat Expectations, EPS Lags",Simply Wall St.,https://finance.yahoo.com/news/p10-third-quarter-2022-earnings-103103398.html,1668681063,STORY
60ce0ded-ea79-3a26-a8f3-fb8f85cdd345,PX,2023-1-27,"P10, Inc. (PX) Q3 Earnings and Revenues Beat Estimates",Zacks,https://finance.yahoo.com/news/p10-inc-px-q3-earnings-125512313.html,1668084912,STORY
4c69dcc0-b4e8-3941-9b65-ad109face696,PX,2023-1-28,RCP Advisors Announces Partner and Senior-Level Promotions,GlobeNewswire,https://finance.yahoo.com/news/rcp-advisors-announces-partner-senior-193000547.html,1674588600,STORY
47c62074-88f7-3ce6-9591-f9ee1abe92a8,PX,2023-1-28,Douglas Meyer Joins Bonaccord Capital Partners as Managing Director and Global Head of Strategic Development,GlobeNewswire,https://finance.yahoo.com/news/douglas-meyer-joins-bonaccord-capital-130000230.html,1673269200,STORY
1006d388-126f-3cf9-b33a-17800370f593,PX,2023-1-28,P10 Announces Increase to Stock Buyback Program,GlobeNewswire,https://finance.yahoo.com/news/p10-announces-increase-stock-buyback-125500856.html,1672145700,STORY
6ec00f89-3ac8-34b1-9d45-9d20b048be96,PX,2023-1-28,"With 30% ownership, P10, Inc. (NYSE:PX) insiders have a lot at stake",Simply Wall St.,https://finance.yahoo.com/news/30-ownership-p10-inc-nyse-112050830.html,1671621650,STORY
d8d89b6f-4841-3656-a759-20bb5130514a,PX,2023-1-28,P10 Scheduled to Ring the Opening Bell at New York Stock Exchange,GlobeNewswire,https://finance.yahoo.com/news/p10-scheduled-ring-opening-bell-214500420.html,1669671900,STORY
faac2702-706d-336d-a92e-c2486d7fa6ca,PX,2023-1-28,"Be Sure To Check Out P10, Inc. (NYSE:PX) Before It Goes Ex-Dividend",Simply Wall St.,https://finance.yahoo.com/news/sure-check-p10-inc-nyse-102625667.html,1669285585,STORY
5e1ad8ef-21b7-322d-859e-d408705c638d,PX,2023-1-28,"P10 Third Quarter 2022 Earnings: Revenues Beat Expectations, EPS Lags",Simply Wall St.,https://finance.yahoo.com/news/p10-third-quarter-2022-earnings-103103398.html,1668681063,STORY
60ce0ded-ea79-3a26-a8f3-fb8f85cdd345,PX,2023-1-28,"P10, Inc. (PX) Q3 Earnings and Revenues Beat Estimates",Zacks,https://finance.yahoo.com/news/p10-inc-px-q3-earnings-125512313.html,1668084912,STORY
4c69dcc0-b4e8-3941-9b65-ad109face696,PX,2023-1-29,RCP Advisors Announces Partner and Senior-Level Promotions,GlobeNewswire,https://finance.yahoo.com/news/rcp-advisors-announces-partner-senior-193000547.html,1674588600,STORY
47c62074-88f7-3ce6-9591-f9ee1abe92a8,PX,2023-1-29,Douglas Meyer Joins Bonaccord Capital Partners as Managing Director and Global Head of Strategic Development,GlobeNewswire,https://finance.yahoo.com/news/douglas-meyer-joins-bonaccord-capital-130000230.html,1673269200,STORY
1006d388-126f-3cf9-b33a-17800370f593,PX,2023-1-29,P10 Announces Increase to Stock Buyback Program,GlobeNewswire,https://finance.yahoo.com/news/p10-announces-increase-stock-buyback-125500856.html,1672145700,STORY
6ec00f89-3ac8-34b1-9d45-9d20b048be96,PX,2023-1-29,"With 30% ownership, P10, Inc. (NYSE:PX) insiders have a lot at stake",Simply Wall St.,https://finance.yahoo.com/news/30-ownership-p10-inc-nyse-112050830.html,1671621650,STORY
d8d89b6f-4841-3656-a759-20bb5130514a,PX,2023-1-29,P10 Scheduled to Ring the Opening Bell at New York Stock Exchange,GlobeNewswire,https://finance.yahoo.com/news/p10-scheduled-ring-opening-bell-214500420.html,1669671900,STORY
faac2702-706d-336d-a92e-c2486d7fa6ca,PX,2023-1-29,"Be Sure To Check Out P10, Inc. (NYSE:PX) Before It Goes Ex-Dividend",Simply Wall St.,https://finance.yahoo.com/news/sure-check-p10-inc-nyse-102625667.html,1669285585,STORY
5e1ad8ef-21b7-322d-859e-d408705c638d,PX,2023-1-29,"P10 Third Quarter 2022 Earnings: Revenues Beat Expectations, EPS Lags",Simply Wall St.,https://finance.yahoo.com/news/p10-third-quarter-2022-earnings-103103398.html,1668681063,STORY
60ce0ded-ea79-3a26-a8f3-fb8f85cdd345,PX,2023-1-29,"P10, Inc. (PX) Q3 Earnings and Revenues Beat Estimates",Zacks,https://finance.yahoo.com/news/p10-inc-px-q3-earnings-125512313.html,1668084912,STORY
4c69dcc0-b4e8-3941-9b65-ad109face696,PX,2023-1-30,RCP Advisors Announces Partner and Senior-Level Promotions,GlobeNewswire,https://finance.yahoo.com/news/rcp-advisors-announces-partner-senior-193000547.html,1674588600,STORY
47c62074-88f7-3ce6-9591-f9ee1abe92a8,PX,2023-1-30,Douglas Meyer Joins Bonaccord Capital Partners as Managing Director and Global Head of Strategic Development,GlobeNewswire,https://finance.yahoo.com/news/douglas-meyer-joins-bonaccord-capital-130000230.html,1673269200,STORY
1006d388-126f-3cf9-b33a-17800370f593,PX,2023-1-30,P10 Announces Increase to Stock Buyback Program,GlobeNewswire,https://finance.yahoo.com/news/p10-announces-increase-stock-buyback-125500856.html,1672145700,STORY
6ec00f89-3ac8-34b1-9d45-9d20b048be96,PX,2023-1-30,"With 30% ownership, P10, Inc. (NYSE:PX) insiders have a lot at stake",Simply Wall St.,https://finance.yahoo.com/news/30-ownership-p10-inc-nyse-112050830.html,1671621650,STORY
d8d89b6f-4841-3656-a759-20bb5130514a,PX,2023-1-30,P10 Scheduled to Ring the Opening Bell at New York Stock Exchange,GlobeNewswire,https://finance.yahoo.com/news/p10-scheduled-ring-opening-bell-214500420.html,1669671900,STORY
faac2702-706d-336d-a92e-c2486d7fa6ca,PX,2023-1-30,"Be Sure To Check Out P10, Inc. (NYSE:PX) Before It Goes Ex-Dividend",Simply Wall St.,https://finance.yahoo.com/news/sure-check-p10-inc-nyse-102625667.html,1669285585,STORY
5e1ad8ef-21b7-322d-859e-d408705c638d,PX,2023-1-30,"P10 Third Quarter 2022 Earnings: Revenues Beat Expectations, EPS Lags",Simply Wall St.,https://finance.yahoo.com/news/p10-third-quarter-2022-earnings-103103398.html,1668681063,STORY
60ce0ded-ea79-3a26-a8f3-fb8f85cdd345,PX,2023-1-30,"P10, Inc. (PX) Q3 Earnings and Revenues Beat Estimates",Zacks,https://finance.yahoo.com/news/p10-inc-px-q3-earnings-125512313.html,1668084912,STORY
30d02561-43a0-388d-aa48-7e5075f1816f,PX,2023-1-31,"Investors Still Waiting For A Pull Back In P10, Inc. (NYSE:PX)",Simply Wall St.,https://finance.yahoo.com/news/investors-still-waiting-pull-back-101441233.html,1675160081,STORY
4c69dcc0-b4e8-3941-9b65-ad109face696,PX,2023-1-31,RCP Advisors Announces Partner and Senior-Level Promotions,GlobeNewswire,https://finance.yahoo.com/news/rcp-advisors-announces-partner-senior-193000547.html,1674588600,STORY
47c62074-88f7-3ce6-9591-f9ee1abe92a8,PX,2023-1-31,Douglas Meyer Joins Bonaccord Capital Partners as Managing Director and Global Head of Strategic Development,GlobeNewswire,https://finance.yahoo.com/news/douglas-meyer-joins-bonaccord-capital-130000230.html,1673269200,STORY
1006d388-126f-3cf9-b33a-17800370f593,PX,2023-1-31,P10 Announces Increase to Stock Buyback Program,GlobeNewswire,https://finance.yahoo.com/news/p10-announces-increase-stock-buyback-125500856.html,1672145700,STORY
6ec00f89-3ac8-34b1-9d45-9d20b048be96,PX,2023-1-31,"With 30% ownership, P10, Inc. (NYSE:PX) insiders have a lot at stake",Simply Wall St.,https://finance.yahoo.com/news/30-ownership-p10-inc-nyse-112050830.html,1671621650,STORY
d8d89b6f-4841-3656-a759-20bb5130514a,PX,2023-1-31,P10 Scheduled to Ring the Opening Bell at New York Stock Exchange,GlobeNewswire,https://finance.yahoo.com/news/p10-scheduled-ring-opening-bell-214500420.html,1669671900,STORY
faac2702-706d-336d-a92e-c2486d7fa6ca,PX,2023-1-31,"Be Sure To Check Out P10, Inc. (NYSE:PX) Before It Goes Ex-Dividend",Simply Wall St.,https://finance.yahoo.com/news/sure-check-p10-inc-nyse-102625667.html,1669285585,STORY
5e1ad8ef-21b7-322d-859e-d408705c638d,PX,2023-1-31,"P10 Third Quarter 2022 Earnings: Revenues Beat Expectations, EPS Lags",Simply Wall St.,https://finance.yahoo.com/news/p10-third-quarter-2022-earnings-103103398.html,1668681063,STORY
30d02561-43a0-388d-aa48-7e5075f1816f,PX,2023-2-1,"Investors Still Waiting For A Pull Back In P10, Inc. (NYSE:PX)",Simply Wall St.,https://finance.yahoo.com/news/investors-still-waiting-pull-back-101441233.html,1675160081,STORY
4c69dcc0-b4e8-3941-9b65-ad109face696,PX,2023-2-1,RCP Advisors Announces Partner and Senior-Level Promotions,GlobeNewswire,https://finance.yahoo.com/news/rcp-advisors-announces-partner-senior-193000547.html,1674588600,STORY
47c62074-88f7-3ce6-9591-f9ee1abe92a8,PX,2023-2-1,Douglas Meyer Joins Bonaccord Capital Partners as Managing Director and Global Head of Strategic Development,GlobeNewswire,https://finance.yahoo.com/news/douglas-meyer-joins-bonaccord-capital-130000230.html,1673269200,STORY
1006d388-126f-3cf9-b33a-17800370f593,PX,2023-2-1,P10 Announces Increase to Stock Buyback Program,GlobeNewswire,https://finance.yahoo.com/news/p10-announces-increase-stock-buyback-125500856.html,1672145700,STORY
6ec00f89-3ac8-34b1-9d45-9d20b048be96,PX,2023-2-1,"With 30% ownership, P10, Inc. (NYSE:PX) insiders have a lot at stake",Simply Wall St.,https://finance.yahoo.com/news/30-ownership-p10-inc-nyse-112050830.html,1671621650,STORY
d8d89b6f-4841-3656-a759-20bb5130514a,PX,2023-2-1,P10 Scheduled to Ring the Opening Bell at New York Stock Exchange,GlobeNewswire,https://finance.yahoo.com/news/p10-scheduled-ring-opening-bell-214500420.html,1669671900,STORY
faac2702-706d-336d-a92e-c2486d7fa6ca,PX,2023-2-1,"Be Sure To Check Out P10, Inc. (NYSE:PX) Before It Goes Ex-Dividend",Simply Wall St.,https://finance.yahoo.com/news/sure-check-p10-inc-nyse-102625667.html,1669285585,STORY
5e1ad8ef-21b7-322d-859e-d408705c638d,PX,2023-2-1,"P10 Third Quarter 2022 Earnings: Revenues Beat Expectations, EPS Lags",Simply Wall St.,https://finance.yahoo.com/news/p10-third-quarter-2022-earnings-103103398.html,1668681063,STORY
30d02561-43a0-388d-aa48-7e5075f1816f,PX,2023-2-2,"Investors Still Waiting For A Pull Back In P10, Inc. (NYSE:PX)",Simply Wall St.,https://finance.yahoo.com/news/investors-still-waiting-pull-back-101441233.html,1675160081,STORY
4c69dcc0-b4e8-3941-9b65-ad109face696,PX,2023-2-2,RCP Advisors Announces Partner and Senior-Level Promotions,GlobeNewswire,https://finance.yahoo.com/news/rcp-advisors-announces-partner-senior-193000547.html,1674588600,STORY
47c62074-88f7-3ce6-9591-f9ee1abe92a8,PX,2023-2-2,Douglas Meyer Joins Bonaccord Capital Partners as Managing Director and Global Head of Strategic Development,GlobeNewswire,https://finance.yahoo.com/news/douglas-meyer-joins-bonaccord-capital-130000230.html,1673269200,STORY
1006d388-126f-3cf9-b33a-17800370f593,PX,2023-2-2,P10 Announces Increase to Stock Buyback Program,GlobeNewswire,https://finance.yahoo.com/news/p10-announces-increase-stock-buyback-125500856.html,1672145700,STORY
6ec00f89-3ac8-34b1-9d45-9d20b048be96,PX,2023-2-2,"With 30% ownership, P10, Inc. (NYSE:PX) insiders have a lot at stake",Simply Wall St.,https://finance.yahoo.com/news/30-ownership-p10-inc-nyse-112050830.html,1671621650,STORY
d8d89b6f-4841-3656-a759-20bb5130514a,PX,2023-2-2,P10 Scheduled to Ring the Opening Bell at New York Stock Exchange,GlobeNewswire,https://finance.yahoo.com/news/p10-scheduled-ring-opening-bell-214500420.html,1669671900,STORY
faac2702-706d-336d-a92e-c2486d7fa6ca,PX,2023-2-2,"Be Sure To Check Out P10, Inc. (NYSE:PX) Before It Goes Ex-Dividend",Simply Wall St.,https://finance.yahoo.com/news/sure-check-p10-inc-nyse-102625667.html,1669285585,STORY
5e1ad8ef-21b7-322d-859e-d408705c638d,PX,2023-2-2,"P10 Third Quarter 2022 Earnings: Revenues Beat Expectations, EPS Lags",Simply Wall St.,https://finance.yahoo.com/news/p10-third-quarter-2022-earnings-103103398.html,1668681063,STORY
30d02561-43a0-388d-aa48-7e5075f1816f,PX,2023-2-3,"Investors Still Waiting For A Pull Back In P10, Inc. (NYSE:PX)",Simply Wall St.,https://finance.yahoo.com/news/investors-still-waiting-pull-back-101441233.html,1675160081,STORY
4c69dcc0-b4e8-3941-9b65-ad109face696,PX,2023-2-3,RCP Advisors Announces Partner and Senior-Level Promotions,GlobeNewswire,https://finance.yahoo.com/news/rcp-advisors-announces-partner-senior-193000547.html,1674588600,STORY
47c62074-88f7-3ce6-9591-f9ee1abe92a8,PX,2023-2-3,Douglas Meyer Joins Bonaccord Capital Partners as Managing Director and Global Head of Strategic Development,GlobeNewswire,https://finance.yahoo.com/news/douglas-meyer-joins-bonaccord-capital-130000230.html,1673269200,STORY
1006d388-126f-3cf9-b33a-17800370f593,PX,2023-2-3,P10 Announces Increase to Stock Buyback Program,GlobeNewswire,https://finance.yahoo.com/news/p10-announces-increase-stock-buyback-125500856.html,1672145700,STORY
6ec00f89-3ac8-34b1-9d45-9d20b048be96,PX,2023-2-3,"With 30% ownership, P10, Inc. (NYSE:PX) insiders have a lot at stake",Simply Wall St.,https://finance.yahoo.com/news/30-ownership-p10-inc-nyse-112050830.html,1671621650,STORY
d8d89b6f-4841-3656-a759-20bb5130514a,PX,2023-2-3,P10 Scheduled to Ring the Opening Bell at New York Stock Exchange,GlobeNewswire,https://finance.yahoo.com/news/p10-scheduled-ring-opening-bell-214500420.html,1669671900,STORY
faac2702-706d-336d-a92e-c2486d7fa6ca,PX,2023-2-3,"Be Sure To Check Out P10, Inc. (NYSE:PX) Before It Goes Ex-Dividend",Simply Wall St.,https://finance.yahoo.com/news/sure-check-p10-inc-nyse-102625667.html,1669285585,STORY
5e1ad8ef-21b7-322d-859e-d408705c638d,PX,2023-2-3,"P10 Third Quarter 2022 Earnings: Revenues Beat Expectations, EPS Lags",Simply Wall St.,https://finance.yahoo.com/news/p10-third-quarter-2022-earnings-103103398.html,1668681063,STORY
30d02561-43a0-388d-aa48-7e5075f1816f,PX,2023-2-4,"Investors Still Waiting For A Pull Back In P10, Inc. (NYSE:PX)",Simply Wall St.,https://finance.yahoo.com/news/investors-still-waiting-pull-back-101441233.html,1675160081,STORY
4c69dcc0-b4e8-3941-9b65-ad109face696,PX,2023-2-4,RCP Advisors Announces Partner and Senior-Level Promotions,GlobeNewswire,https://finance.yahoo.com/news/rcp-advisors-announces-partner-senior-193000547.html,1674588600,STORY
47c62074-88f7-3ce6-9591-f9ee1abe92a8,PX,2023-2-4,Douglas Meyer Joins Bonaccord Capital Partners as Managing Director and Global Head of Strategic Development,GlobeNewswire,https://finance.yahoo.com/news/douglas-meyer-joins-bonaccord-capital-130000230.html,1673269200,STORY
1006d388-126f-3cf9-b33a-17800370f593,PX,2023-2-4,P10 Announces Increase to Stock Buyback Program,GlobeNewswire,https://finance.yahoo.com/news/p10-announces-increase-stock-buyback-125500856.html,1672145700,STORY
6ec00f89-3ac8-34b1-9d45-9d20b048be96,PX,2023-2-4,"With 30% ownership, P10, Inc. (NYSE:PX) insiders have a lot at stake",Simply Wall St.,https://finance.yahoo.com/news/30-ownership-p10-inc-nyse-112050830.html,1671621650,STORY
d8d89b6f-4841-3656-a759-20bb5130514a,PX,2023-2-4,P10 Scheduled to Ring the Opening Bell at New York Stock Exchange,GlobeNewswire,https://finance.yahoo.com/news/p10-scheduled-ring-opening-bell-214500420.html,1669671900,STORY
faac2702-706d-336d-a92e-c2486d7fa6ca,PX,2023-2-4,"Be Sure To Check Out P10, Inc. (NYSE:PX) Before It Goes Ex-Dividend",Simply Wall St.,https://finance.yahoo.com/news/sure-check-p10-inc-nyse-102625667.html,1669285585,STORY
5e1ad8ef-21b7-322d-859e-d408705c638d,PX,2023-2-4,"P10 Third Quarter 2022 Earnings: Revenues Beat Expectations, EPS Lags",Simply Wall St.,https://finance.yahoo.com/news/p10-third-quarter-2022-earnings-103103398.html,1668681063,STORY
30d02561-43a0-388d-aa48-7e5075f1816f,PX,2023-2-5,"Investors Still Waiting For A Pull Back In P10, Inc. (NYSE:PX)",Simply Wall St.,https://finance.yahoo.com/news/investors-still-waiting-pull-back-101441233.html,1675160081,STORY
4c69dcc0-b4e8-3941-9b65-ad109face696,PX,2023-2-5,RCP Advisors Announces Partner and Senior-Level Promotions,GlobeNewswire,https://finance.yahoo.com/news/rcp-advisors-announces-partner-senior-193000547.html,1674588600,STORY
47c62074-88f7-3ce6-9591-f9ee1abe92a8,PX,2023-2-5,Douglas Meyer Joins Bonaccord Capital Partners as Managing Director and Global Head of Strategic Development,GlobeNewswire,https://finance.yahoo.com/news/douglas-meyer-joins-bonaccord-capital-130000230.html,1673269200,STORY
1006d388-126f-3cf9-b33a-17800370f593,PX,2023-2-5,P10 Announces Increase to Stock Buyback Program,GlobeNewswire,https://finance.yahoo.com/news/p10-announces-increase-stock-buyback-125500856.html,1672145700,STORY
6ec00f89-3ac8-34b1-9d45-9d20b048be96,PX,2023-2-5,"With 30% ownership, P10, Inc. (NYSE:PX) insiders have a lot at stake",Simply Wall St.,https://finance.yahoo.com/news/30-ownership-p10-inc-nyse-112050830.html,1671621650,STORY
d8d89b6f-4841-3656-a759-20bb5130514a,PX,2023-2-5,P10 Scheduled to Ring the Opening Bell at New York Stock Exchange,GlobeNewswire,https://finance.yahoo.com/news/p10-scheduled-ring-opening-bell-214500420.html,1669671900,STORY
faac2702-706d-336d-a92e-c2486d7fa6ca,PX,2023-2-5,"Be Sure To Check Out P10, Inc. (NYSE:PX) Before It Goes Ex-Dividend",Simply Wall St.,https://finance.yahoo.com/news/sure-check-p10-inc-nyse-102625667.html,1669285585,STORY
5e1ad8ef-21b7-322d-859e-d408705c638d,PX,2023-2-5,"P10 Third Quarter 2022 Earnings: Revenues Beat Expectations, EPS Lags",Simply Wall St.,https://finance.yahoo.com/news/p10-third-quarter-2022-earnings-103103398.html,1668681063,STORY
30d02561-43a0-388d-aa48-7e5075f1816f,PX,2023-2-6,"Investors Still Waiting For A Pull Back In P10, Inc. (NYSE:PX)",Simply Wall St.,https://finance.yahoo.com/news/investors-still-waiting-pull-back-101441233.html,1675160081,STORY
4c69dcc0-b4e8-3941-9b65-ad109face696,PX,2023-2-6,RCP Advisors Announces Partner and Senior-Level Promotions,GlobeNewswire,https://finance.yahoo.com/news/rcp-advisors-announces-partner-senior-193000547.html,1674588600,STORY
47c62074-88f7-3ce6-9591-f9ee1abe92a8,PX,2023-2-6,Douglas Meyer Joins Bonaccord Capital Partners as Managing Director and Global Head of Strategic Development,GlobeNewswire,https://finance.yahoo.com/news/douglas-meyer-joins-bonaccord-capital-130000230.html,1673269200,STORY
1006d388-126f-3cf9-b33a-17800370f593,PX,2023-2-6,P10 Announces Increase to Stock Buyback Program,GlobeNewswire,https://finance.yahoo.com/news/p10-announces-increase-stock-buyback-125500856.html,1672145700,STORY
6ec00f89-3ac8-34b1-9d45-9d20b048be96,PX,2023-2-6,"With 30% ownership, P10, Inc. (NYSE:PX) insiders have a lot at stake",Simply Wall St.,https://finance.yahoo.com/news/30-ownership-p10-inc-nyse-112050830.html,1671621650,STORY
d8d89b6f-4841-3656-a759-20bb5130514a,PX,2023-2-6,P10 Scheduled to Ring the Opening Bell at New York Stock Exchange,GlobeNewswire,https://finance.yahoo.com/news/p10-scheduled-ring-opening-bell-214500420.html,1669671900,STORY
faac2702-706d-336d-a92e-c2486d7fa6ca,PX,2023-2-6,"Be Sure To Check Out P10, Inc. (NYSE:PX) Before It Goes Ex-Dividend",Simply Wall St.,https://finance.yahoo.com/news/sure-check-p10-inc-nyse-102625667.html,1669285585,STORY
5e1ad8ef-21b7-322d-859e-d408705c638d,PX,2023-2-6,"P10 Third Quarter 2022 Earnings: Revenues Beat Expectations, EPS Lags",Simply Wall St.,https://finance.yahoo.com/news/p10-third-quarter-2022-earnings-103103398.html,1668681063,STORY
30d02561-43a0-388d-aa48-7e5075f1816f,PX,2023-2-7,"Investors Still Waiting For A Pull Back In P10, Inc. (NYSE:PX)",Simply Wall St.,https://finance.yahoo.com/news/investors-still-waiting-pull-back-101441233.html,1675160081,STORY
4c69dcc0-b4e8-3941-9b65-ad109face696,PX,2023-2-7,RCP Advisors Announces Partner and Senior-Level Promotions,GlobeNewswire,https://finance.yahoo.com/news/rcp-advisors-announces-partner-senior-193000547.html,1674588600,STORY
47c62074-88f7-3ce6-9591-f9ee1abe92a8,PX,2023-2-7,Douglas Meyer Joins Bonaccord Capital Partners as Managing Director and Global Head of Strategic Development,GlobeNewswire,https://finance.yahoo.com/news/douglas-meyer-joins-bonaccord-capital-130000230.html,1673269200,STORY
1006d388-126f-3cf9-b33a-17800370f593,PX,2023-2-7,P10 Announces Increase to Stock Buyback Program,GlobeNewswire,https://finance.yahoo.com/news/p10-announces-increase-stock-buyback-125500856.html,1672145700,STORY
6ec00f89-3ac8-34b1-9d45-9d20b048be96,PX,2023-2-7,"With 30% ownership, P10, Inc. (NYSE:PX) insiders have a lot at stake",Simply Wall St.,https://finance.yahoo.com/news/30-ownership-p10-inc-nyse-112050830.html,1671621650,STORY
d8d89b6f-4841-3656-a759-20bb5130514a,PX,2023-2-7,P10 Scheduled to Ring the Opening Bell at New York Stock Exchange,GlobeNewswire,https://finance.yahoo.com/news/p10-scheduled-ring-opening-bell-214500420.html,1669671900,STORY
faac2702-706d-336d-a92e-c2486d7fa6ca,PX,2023-2-7,"Be Sure To Check Out P10, Inc. (NYSE:PX) Before It Goes Ex-Dividend",Simply Wall St.,https://finance.yahoo.com/news/sure-check-p10-inc-nyse-102625667.html,1669285585,STORY
5e1ad8ef-21b7-322d-859e-d408705c638d,PX,2023-2-7,"P10 Third Quarter 2022 Earnings: Revenues Beat Expectations, EPS Lags",Simply Wall St.,https://finance.yahoo.com/news/p10-third-quarter-2022-earnings-103103398.html,1668681063,STORY
40382411-d07d-39c0-b44d-5c06e2885408,PX,2023-2-8,StoneX Group Inc. (SNEX) Q1 Earnings and Revenues Beat Estimates,Zacks,https://finance.yahoo.com/news/stonex-group-inc-snex-q1-225510682.html,1675810510,STORY
54878ee4-a176-3ad0-b43d-9c6876e58b42,PX,2023-2-8,"P10 Schedules Fourth Quarter and Full Year 2022 Earnings Release for Monday, March 6, 2023",GlobeNewswire,https://finance.yahoo.com/news/p10-schedules-fourth-quarter-full-212700662.html,1675805220,STORY
30d02561-43a0-388d-aa48-7e5075f1816f,PX,2023-2-8,"Investors Still Waiting For A Pull Back In P10, Inc. (NYSE:PX)",Simply Wall St.,https://finance.yahoo.com/news/investors-still-waiting-pull-back-101441233.html,1675160081,STORY
4c69dcc0-b4e8-3941-9b65-ad109face696,PX,2023-2-8,RCP Advisors Announces Partner and Senior-Level Promotions,GlobeNewswire,https://finance.yahoo.com/news/rcp-advisors-announces-partner-senior-193000547.html,1674588600,STORY
47c62074-88f7-3ce6-9591-f9ee1abe92a8,PX,2023-2-8,Douglas Meyer Joins Bonaccord Capital Partners as Managing Director and Global Head of Strategic Development,GlobeNewswire,https://finance.yahoo.com/news/douglas-meyer-joins-bonaccord-capital-130000230.html,1673269200,STORY
1006d388-126f-3cf9-b33a-17800370f593,PX,2023-2-8,P10 Announces Increase to Stock Buyback Program,GlobeNewswire,https://finance.yahoo.com/news/p10-announces-increase-stock-buyback-125500856.html,1672145700,STORY
6ec00f89-3ac8-34b1-9d45-9d20b048be96,PX,2023-2-8,"With 30% ownership, P10, Inc. (NYSE:PX) insiders have a lot at stake",Simply Wall St.,https://finance.yahoo.com/news/30-ownership-p10-inc-nyse-112050830.html,1671621650,STORY
d8d89b6f-4841-3656-a759-20bb5130514a,PX,2023-2-8,P10 Scheduled to Ring the Opening Bell at New York Stock Exchange,GlobeNewswire,https://finance.yahoo.com/news/p10-scheduled-ring-opening-bell-214500420.html,1669671900,STORY
40382411-d07d-39c0-b44d-5c06e2885408,PX,2023-2-9,StoneX Group Inc. (SNEX) Q1 Earnings and Revenues Beat Estimates,Zacks,https://finance.yahoo.com/news/stonex-group-inc-snex-q1-225510682.html,1675810510,STORY
54878ee4-a176-3ad0-b43d-9c6876e58b42,PX,2023-2-9,"P10 Schedules Fourth Quarter and Full Year 2022 Earnings Release for Monday, March 6, 2023",GlobeNewswire,https://finance.yahoo.com/news/p10-schedules-fourth-quarter-full-212700662.html,1675805220,STORY
30d02561-43a0-388d-aa48-7e5075f1816f,PX,2023-2-9,"Investors Still Waiting For A Pull Back In P10, Inc. (NYSE:PX)",Simply Wall St.,https://finance.yahoo.com/news/investors-still-waiting-pull-back-101441233.html,1675160081,STORY
4c69dcc0-b4e8-3941-9b65-ad109face696,PX,2023-2-9,RCP Advisors Announces Partner and Senior-Level Promotions,GlobeNewswire,https://finance.yahoo.com/news/rcp-advisors-announces-partner-senior-193000547.html,1674588600,STORY
47c62074-88f7-3ce6-9591-f9ee1abe92a8,PX,2023-2-9,Douglas Meyer Joins Bonaccord Capital Partners as Managing Director and Global Head of Strategic Development,GlobeNewswire,https://finance.yahoo.com/news/douglas-meyer-joins-bonaccord-capital-130000230.html,1673269200,STORY
1006d388-126f-3cf9-b33a-17800370f593,PX,2023-2-9,P10 Announces Increase to Stock Buyback Program,GlobeNewswire,https://finance.yahoo.com/news/p10-announces-increase-stock-buyback-125500856.html,1672145700,STORY
6ec00f89-3ac8-34b1-9d45-9d20b048be96,PX,2023-2-9,"With 30% ownership, P10, Inc. (NYSE:PX) insiders have a lot at stake",Simply Wall St.,https://finance.yahoo.com/news/30-ownership-p10-inc-nyse-112050830.html,1671621650,STORY
d8d89b6f-4841-3656-a759-20bb5130514a,PX,2023-2-9,P10 Scheduled to Ring the Opening Bell at New York Stock Exchange,GlobeNewswire,https://finance.yahoo.com/news/p10-scheduled-ring-opening-bell-214500420.html,1669671900,STORY
40382411-d07d-39c0-b44d-5c06e2885408,PX,2023-2-10,StoneX Group Inc. (SNEX) Q1 Earnings and Revenues Beat Estimates,Zacks,https://finance.yahoo.com/news/stonex-group-inc-snex-q1-225510682.html,1675810510,STORY
54878ee4-a176-3ad0-b43d-9c6876e58b42,PX,2023-2-10,"P10 Schedules Fourth Quarter and Full Year 2022 Earnings Release for Monday, March 6, 2023",GlobeNewswire,https://finance.yahoo.com/news/p10-schedules-fourth-quarter-full-212700662.html,1675805220,STORY
30d02561-43a0-388d-aa48-7e5075f1816f,PX,2023-2-10,"Investors Still Waiting For A Pull Back In P10, Inc. (NYSE:PX)",Simply Wall St.,https://finance.yahoo.com/news/investors-still-waiting-pull-back-101441233.html,1675160081,STORY
4c69dcc0-b4e8-3941-9b65-ad109face696,PX,2023-2-10,RCP Advisors Announces Partner and Senior-Level Promotions,GlobeNewswire,https://finance.yahoo.com/news/rcp-advisors-announces-partner-senior-193000547.html,1674588600,STORY
47c62074-88f7-3ce6-9591-f9ee1abe92a8,PX,2023-2-10,Douglas Meyer Joins Bonaccord Capital Partners as Managing Director and Global Head of Strategic Development,GlobeNewswire,https://finance.yahoo.com/news/douglas-meyer-joins-bonaccord-capital-130000230.html,1673269200,STORY
1006d388-126f-3cf9-b33a-17800370f593,PX,2023-2-10,P10 Announces Increase to Stock Buyback Program,GlobeNewswire,https://finance.yahoo.com/news/p10-announces-increase-stock-buyback-125500856.html,1672145700,STORY
6ec00f89-3ac8-34b1-9d45-9d20b048be96,PX,2023-2-10,"With 30% ownership, P10, Inc. (NYSE:PX) insiders have a lot at stake",Simply Wall St.,https://finance.yahoo.com/news/30-ownership-p10-inc-nyse-112050830.html,1671621650,STORY
d8d89b6f-4841-3656-a759-20bb5130514a,PX,2023-2-10,P10 Scheduled to Ring the Opening Bell at New York Stock Exchange,GlobeNewswire,https://finance.yahoo.com/news/p10-scheduled-ring-opening-bell-214500420.html,1669671900,STORY
71044676-f825-313d-9829-6e02c5b23778,PX,2023-2-11,P10 (PX) Rebounded From Lows,Insider Monkey,https://finance.yahoo.com/news/p10-px-rebounded-lows-144751186.html,1676040471,STORY
40382411-d07d-39c0-b44d-5c06e2885408,PX,2023-2-11,StoneX Group Inc. (SNEX) Q1 Earnings and Revenues Beat Estimates,Zacks,https://finance.yahoo.com/news/stonex-group-inc-snex-q1-225510682.html,1675810510,STORY
54878ee4-a176-3ad0-b43d-9c6876e58b42,PX,2023-2-11,"P10 Schedules Fourth Quarter and Full Year 2022 Earnings Release for Monday, March 6, 2023",GlobeNewswire,https://finance.yahoo.com/news/p10-schedules-fourth-quarter-full-212700662.html,1675805220,STORY
30d02561-43a0-388d-aa48-7e5075f1816f,PX,2023-2-11,"Investors Still Waiting For A Pull Back In P10, Inc. (NYSE:PX)",Simply Wall St.,https://finance.yahoo.com/news/investors-still-waiting-pull-back-101441233.html,1675160081,STORY
4c69dcc0-b4e8-3941-9b65-ad109face696,PX,2023-2-11,RCP Advisors Announces Partner and Senior-Level Promotions,GlobeNewswire,https://finance.yahoo.com/news/rcp-advisors-announces-partner-senior-193000547.html,1674588600,STORY
47c62074-88f7-3ce6-9591-f9ee1abe92a8,PX,2023-2-11,Douglas Meyer Joins Bonaccord Capital Partners as Managing Director and Global Head of Strategic Development,GlobeNewswire,https://finance.yahoo.com/news/douglas-meyer-joins-bonaccord-capital-130000230.html,1673269200,STORY
1006d388-126f-3cf9-b33a-17800370f593,PX,2023-2-11,P10 Announces Increase to Stock Buyback Program,GlobeNewswire,https://finance.yahoo.com/news/p10-announces-increase-stock-buyback-125500856.html,1672145700,STORY
6ec00f89-3ac8-34b1-9d45-9d20b048be96,PX,2023-2-11,"With 30% ownership, P10, Inc. (NYSE:PX) insiders have a lot at stake",Simply Wall St.,https://finance.yahoo.com/news/30-ownership-p10-inc-nyse-112050830.html,1671621650,STORY
71044676-f825-313d-9829-6e02c5b23778,PX,2023-2-12,P10 (PX) Rebounded From Lows,Insider Monkey,https://finance.yahoo.com/news/p10-px-rebounded-lows-144751186.html,1676040471,STORY
40382411-d07d-39c0-b44d-5c06e2885408,PX,2023-2-12,StoneX Group Inc. (SNEX) Q1 Earnings and Revenues Beat Estimates,Zacks,https://finance.yahoo.com/news/stonex-group-inc-snex-q1-225510682.html,1675810510,STORY
54878ee4-a176-3ad0-b43d-9c6876e58b42,PX,2023-2-12,"P10 Schedules Fourth Quarter and Full Year 2022 Earnings Release for Monday, March 6, 2023",GlobeNewswire,https://finance.yahoo.com/news/p10-schedules-fourth-quarter-full-212700662.html,1675805220,STORY
30d02561-43a0-388d-aa48-7e5075f1816f,PX,2023-2-12,"Investors Still Waiting For A Pull Back In P10, Inc. (NYSE:PX)",Simply Wall St.,https://finance.yahoo.com/news/investors-still-waiting-pull-back-101441233.html,1675160081,STORY
4c69dcc0-b4e8-3941-9b65-ad109face696,PX,2023-2-12,RCP Advisors Announces Partner and Senior-Level Promotions,GlobeNewswire,https://finance.yahoo.com/news/rcp-advisors-announces-partner-senior-193000547.html,1674588600,STORY
47c62074-88f7-3ce6-9591-f9ee1abe92a8,PX,2023-2-12,Douglas Meyer Joins Bonaccord Capital Partners as Managing Director and Global Head of Strategic Development,GlobeNewswire,https://finance.yahoo.com/news/douglas-meyer-joins-bonaccord-capital-130000230.html,1673269200,STORY
1006d388-126f-3cf9-b33a-17800370f593,PX,2023-2-12,P10 Announces Increase to Stock Buyback Program,GlobeNewswire,https://finance.yahoo.com/news/p10-announces-increase-stock-buyback-125500856.html,1672145700,STORY
6ec00f89-3ac8-34b1-9d45-9d20b048be96,PX,2023-2-12,"With 30% ownership, P10, Inc. (NYSE:PX) insiders have a lot at stake",Simply Wall St.,https://finance.yahoo.com/news/30-ownership-p10-inc-nyse-112050830.html,1671621650,STORY
71044676-f825-313d-9829-6e02c5b23778,PX,2023-2-13,P10 (PX) Rebounded From Lows,Insider Monkey,https://finance.yahoo.com/news/p10-px-rebounded-lows-144751186.html,1676040471,STORY
40382411-d07d-39c0-b44d-5c06e2885408,PX,2023-2-13,StoneX Group Inc. (SNEX) Q1 Earnings and Revenues Beat Estimates,Zacks,https://finance.yahoo.com/news/stonex-group-inc-snex-q1-225510682.html,1675810510,STORY
54878ee4-a176-3ad0-b43d-9c6876e58b42,PX,2023-2-13,"P10 Schedules Fourth Quarter and Full Year 2022 Earnings Release for Monday, March 6, 2023",GlobeNewswire,https://finance.yahoo.com/news/p10-schedules-fourth-quarter-full-212700662.html,1675805220,STORY
30d02561-43a0-388d-aa48-7e5075f1816f,PX,2023-2-13,"Investors Still Waiting For A Pull Back In P10, Inc. (NYSE:PX)",Simply Wall St.,https://finance.yahoo.com/news/investors-still-waiting-pull-back-101441233.html,1675160081,STORY
4c69dcc0-b4e8-3941-9b65-ad109face696,PX,2023-2-13,RCP Advisors Announces Partner and Senior-Level Promotions,GlobeNewswire,https://finance.yahoo.com/news/rcp-advisors-announces-partner-senior-193000547.html,1674588600,STORY
47c62074-88f7-3ce6-9591-f9ee1abe92a8,PX,2023-2-13,Douglas Meyer Joins Bonaccord Capital Partners as Managing Director and Global Head of Strategic Development,GlobeNewswire,https://finance.yahoo.com/news/douglas-meyer-joins-bonaccord-capital-130000230.html,1673269200,STORY
1006d388-126f-3cf9-b33a-17800370f593,PX,2023-2-13,P10 Announces Increase to Stock Buyback Program,GlobeNewswire,https://finance.yahoo.com/news/p10-announces-increase-stock-buyback-125500856.html,1672145700,STORY
6ec00f89-3ac8-34b1-9d45-9d20b048be96,PX,2023-2-13,"With 30% ownership, P10, Inc. (NYSE:PX) insiders have a lot at stake",Simply Wall St.,https://finance.yahoo.com/news/30-ownership-p10-inc-nyse-112050830.html,1671621650,STORY
71044676-f825-313d-9829-6e02c5b23778,PX,2023-2-14,P10 (PX) Rebounded From Lows,Insider Monkey,https://finance.yahoo.com/news/p10-px-rebounded-lows-144751186.html,1676040471,STORY
40382411-d07d-39c0-b44d-5c06e2885408,PX,2023-2-14,StoneX Group Inc. (SNEX) Q1 Earnings and Revenues Beat Estimates,Zacks,https://finance.yahoo.com/news/stonex-group-inc-snex-q1-225510682.html,1675810510,STORY
54878ee4-a176-3ad0-b43d-9c6876e58b42,PX,2023-2-14,"P10 Schedules Fourth Quarter and Full Year 2022 Earnings Release for Monday, March 6, 2023",GlobeNewswire,https://finance.yahoo.com/news/p10-schedules-fourth-quarter-full-212700662.html,1675805220,STORY
30d02561-43a0-388d-aa48-7e5075f1816f,PX,2023-2-14,"Investors Still Waiting For A Pull Back In P10, Inc. (NYSE:PX)",Simply Wall St.,https://finance.yahoo.com/news/investors-still-waiting-pull-back-101441233.html,1675160081,STORY
4c69dcc0-b4e8-3941-9b65-ad109face696,PX,2023-2-14,RCP Advisors Announces Partner and Senior-Level Promotions,GlobeNewswire,https://finance.yahoo.com/news/rcp-advisors-announces-partner-senior-193000547.html,1674588600,STORY
47c62074-88f7-3ce6-9591-f9ee1abe92a8,PX,2023-2-14,Douglas Meyer Joins Bonaccord Capital Partners as Managing Director and Global Head of Strategic Development,GlobeNewswire,https://finance.yahoo.com/news/douglas-meyer-joins-bonaccord-capital-130000230.html,1673269200,STORY
1006d388-126f-3cf9-b33a-17800370f593,PX,2023-2-14,P10 Announces Increase to Stock Buyback Program,GlobeNewswire,https://finance.yahoo.com/news/p10-announces-increase-stock-buyback-125500856.html,1672145700,STORY
6ec00f89-3ac8-34b1-9d45-9d20b048be96,PX,2023-2-14,"With 30% ownership, P10, Inc. (NYSE:PX) insiders have a lot at stake",Simply Wall St.,https://finance.yahoo.com/news/30-ownership-p10-inc-nyse-112050830.html,1671621650,STORY
71044676-f825-313d-9829-6e02c5b23778,PX,2023-2-15,P10 (PX) Rebounded From Lows,Insider Monkey,https://finance.yahoo.com/news/p10-px-rebounded-lows-144751186.html,1676040471,STORY
40382411-d07d-39c0-b44d-5c06e2885408,PX,2023-2-15,StoneX Group Inc. (SNEX) Q1 Earnings and Revenues Beat Estimates,Zacks,https://finance.yahoo.com/news/stonex-group-inc-snex-q1-225510682.html,1675810510,STORY
54878ee4-a176-3ad0-b43d-9c6876e58b42,PX,2023-2-15,"P10 Schedules Fourth Quarter and Full Year 2022 Earnings Release for Monday, March 6, 2023",GlobeNewswire,https://finance.yahoo.com/news/p10-schedules-fourth-quarter-full-212700662.html,1675805220,STORY
30d02561-43a0-388d-aa48-7e5075f1816f,PX,2023-2-15,"Investors Still Waiting For A Pull Back In P10, Inc. (NYSE:PX)",Simply Wall St.,https://finance.yahoo.com/news/investors-still-waiting-pull-back-101441233.html,1675160081,STORY
4c69dcc0-b4e8-3941-9b65-ad109face696,PX,2023-2-15,RCP Advisors Announces Partner and Senior-Level Promotions,GlobeNewswire,https://finance.yahoo.com/news/rcp-advisors-announces-partner-senior-193000547.html,1674588600,STORY
47c62074-88f7-3ce6-9591-f9ee1abe92a8,PX,2023-2-15,Douglas Meyer Joins Bonaccord Capital Partners as Managing Director and Global Head of Strategic Development,GlobeNewswire,https://finance.yahoo.com/news/douglas-meyer-joins-bonaccord-capital-130000230.html,1673269200,STORY
1006d388-126f-3cf9-b33a-17800370f593,PX,2023-2-15,P10 Announces Increase to Stock Buyback Program,GlobeNewswire,https://finance.yahoo.com/news/p10-announces-increase-stock-buyback-125500856.html,1672145700,STORY
6ec00f89-3ac8-34b1-9d45-9d20b048be96,PX,2023-2-15,"With 30% ownership, P10, Inc. (NYSE:PX) insiders have a lot at stake",Simply Wall St.,https://finance.yahoo.com/news/30-ownership-p10-inc-nyse-112050830.html,1671621650,STORY
71044676-f825-313d-9829-6e02c5b23778,PX,2023-2-16,P10 (PX) Rebounded From Lows,Insider Monkey,https://finance.yahoo.com/news/p10-px-rebounded-lows-144751186.html,1676040471,STORY
40382411-d07d-39c0-b44d-5c06e2885408,PX,2023-2-16,StoneX Group Inc. (SNEX) Q1 Earnings and Revenues Beat Estimates,Zacks,https://finance.yahoo.com/news/stonex-group-inc-snex-q1-225510682.html,1675810510,STORY
54878ee4-a176-3ad0-b43d-9c6876e58b42,PX,2023-2-16,"P10 Schedules Fourth Quarter and Full Year 2022 Earnings Release for Monday, March 6, 2023",GlobeNewswire,https://finance.yahoo.com/news/p10-schedules-fourth-quarter-full-212700662.html,1675805220,STORY
30d02561-43a0-388d-aa48-7e5075f1816f,PX,2023-2-16,"Investors Still Waiting For A Pull Back In P10, Inc. (NYSE:PX)",Simply Wall St.,https://finance.yahoo.com/news/investors-still-waiting-pull-back-101441233.html,1675160081,STORY
4c69dcc0-b4e8-3941-9b65-ad109face696,PX,2023-2-16,RCP Advisors Announces Partner and Senior-Level Promotions,GlobeNewswire,https://finance.yahoo.com/news/rcp-advisors-announces-partner-senior-193000547.html,1674588600,STORY
47c62074-88f7-3ce6-9591-f9ee1abe92a8,PX,2023-2-16,Douglas Meyer Joins Bonaccord Capital Partners as Managing Director and Global Head of Strategic Development,GlobeNewswire,https://finance.yahoo.com/news/douglas-meyer-joins-bonaccord-capital-130000230.html,1673269200,STORY
1006d388-126f-3cf9-b33a-17800370f593,PX,2023-2-16,P10 Announces Increase to Stock Buyback Program,GlobeNewswire,https://finance.yahoo.com/news/p10-announces-increase-stock-buyback-125500856.html,1672145700,STORY
6ec00f89-3ac8-34b1-9d45-9d20b048be96,PX,2023-2-16,"With 30% ownership, P10, Inc. (NYSE:PX) insiders have a lot at stake",Simply Wall St.,https://finance.yahoo.com/news/30-ownership-p10-inc-nyse-112050830.html,1671621650,STORY
71044676-f825-313d-9829-6e02c5b23778,PX,2023-2-17,P10 (PX) Rebounded From Lows,Insider Monkey,https://finance.yahoo.com/news/p10-px-rebounded-lows-144751186.html,1676040471,STORY
40382411-d07d-39c0-b44d-5c06e2885408,PX,2023-2-17,StoneX Group Inc. (SNEX) Q1 Earnings and Revenues Beat Estimates,Zacks,https://finance.yahoo.com/news/stonex-group-inc-snex-q1-225510682.html,1675810510,STORY
54878ee4-a176-3ad0-b43d-9c6876e58b42,PX,2023-2-17,"P10 Schedules Fourth Quarter and Full Year 2022 Earnings Release for Monday, March 6, 2023",GlobeNewswire,https://finance.yahoo.com/news/p10-schedules-fourth-quarter-full-212700662.html,1675805220,STORY
30d02561-43a0-388d-aa48-7e5075f1816f,PX,2023-2-17,"Investors Still Waiting For A Pull Back In P10, Inc. (NYSE:PX)",Simply Wall St.,https://finance.yahoo.com/news/investors-still-waiting-pull-back-101441233.html,1675160081,STORY
4c69dcc0-b4e8-3941-9b65-ad109face696,PX,2023-2-17,RCP Advisors Announces Partner and Senior-Level Promotions,GlobeNewswire,https://finance.yahoo.com/news/rcp-advisors-announces-partner-senior-193000547.html,1674588600,STORY
47c62074-88f7-3ce6-9591-f9ee1abe92a8,PX,2023-2-17,Douglas Meyer Joins Bonaccord Capital Partners as Managing Director and Global Head of Strategic Development,GlobeNewswire,https://finance.yahoo.com/news/douglas-meyer-joins-bonaccord-capital-130000230.html,1673269200,STORY
1006d388-126f-3cf9-b33a-17800370f593,PX,2023-2-17,P10 Announces Increase to Stock Buyback Program,GlobeNewswire,https://finance.yahoo.com/news/p10-announces-increase-stock-buyback-125500856.html,1672145700,STORY
6ec00f89-3ac8-34b1-9d45-9d20b048be96,PX,2023-2-17,"With 30% ownership, P10, Inc. (NYSE:PX) insiders have a lot at stake",Simply Wall St.,https://finance.yahoo.com/news/30-ownership-p10-inc-nyse-112050830.html,1671621650,STORY
71044676-f825-313d-9829-6e02c5b23778,PX,2023-2-18,P10 (PX) Rebounded From Lows,Insider Monkey,https://finance.yahoo.com/news/p10-px-rebounded-lows-144751186.html,1676040471,STORY
40382411-d07d-39c0-b44d-5c06e2885408,PX,2023-2-18,StoneX Group Inc. (SNEX) Q1 Earnings and Revenues Beat Estimates,Zacks,https://finance.yahoo.com/news/stonex-group-inc-snex-q1-225510682.html,1675810510,STORY
54878ee4-a176-3ad0-b43d-9c6876e58b42,PX,2023-2-18,"P10 Schedules Fourth Quarter and Full Year 2022 Earnings Release for Monday, March 6, 2023",GlobeNewswire,https://finance.yahoo.com/news/p10-schedules-fourth-quarter-full-212700662.html,1675805220,STORY
30d02561-43a0-388d-aa48-7e5075f1816f,PX,2023-2-18,"Investors Still Waiting For A Pull Back In P10, Inc. (NYSE:PX)",Simply Wall St.,https://finance.yahoo.com/news/investors-still-waiting-pull-back-101441233.html,1675160081,STORY
4c69dcc0-b4e8-3941-9b65-ad109face696,PX,2023-2-18,RCP Advisors Announces Partner and Senior-Level Promotions,GlobeNewswire,https://finance.yahoo.com/news/rcp-advisors-announces-partner-senior-193000547.html,1674588600,STORY
47c62074-88f7-3ce6-9591-f9ee1abe92a8,PX,2023-2-18,Douglas Meyer Joins Bonaccord Capital Partners as Managing Director and Global Head of Strategic Development,GlobeNewswire,https://finance.yahoo.com/news/douglas-meyer-joins-bonaccord-capital-130000230.html,1673269200,STORY
1006d388-126f-3cf9-b33a-17800370f593,PX,2023-2-18,P10 Announces Increase to Stock Buyback Program,GlobeNewswire,https://finance.yahoo.com/news/p10-announces-increase-stock-buyback-125500856.html,1672145700,STORY
6ec00f89-3ac8-34b1-9d45-9d20b048be96,PX,2023-2-18,"With 30% ownership, P10, Inc. (NYSE:PX) insiders have a lot at stake",Simply Wall St.,https://finance.yahoo.com/news/30-ownership-p10-inc-nyse-112050830.html,1671621650,STORY
71044676-f825-313d-9829-6e02c5b23778,PX,2023-2-19,P10 (PX) Rebounded From Lows,Insider Monkey,https://finance.yahoo.com/news/p10-px-rebounded-lows-144751186.html,1676040471,STORY
40382411-d07d-39c0-b44d-5c06e2885408,PX,2023-2-19,StoneX Group Inc. (SNEX) Q1 Earnings and Revenues Beat Estimates,Zacks,https://finance.yahoo.com/news/stonex-group-inc-snex-q1-225510682.html,1675810510,STORY
54878ee4-a176-3ad0-b43d-9c6876e58b42,PX,2023-2-19,"P10 Schedules Fourth Quarter and Full Year 2022 Earnings Release for Monday, March 6, 2023",GlobeNewswire,https://finance.yahoo.com/news/p10-schedules-fourth-quarter-full-212700662.html,1675805220,STORY
30d02561-43a0-388d-aa48-7e5075f1816f,PX,2023-2-19,"Investors Still Waiting For A Pull Back In P10, Inc. (NYSE:PX)",Simply Wall St.,https://finance.yahoo.com/news/investors-still-waiting-pull-back-101441233.html,1675160081,STORY
4c69dcc0-b4e8-3941-9b65-ad109face696,PX,2023-2-19,RCP Advisors Announces Partner and Senior-Level Promotions,GlobeNewswire,https://finance.yahoo.com/news/rcp-advisors-announces-partner-senior-193000547.html,1674588600,STORY
47c62074-88f7-3ce6-9591-f9ee1abe92a8,PX,2023-2-19,Douglas Meyer Joins Bonaccord Capital Partners as Managing Director and Global Head of Strategic Development,GlobeNewswire,https://finance.yahoo.com/news/douglas-meyer-joins-bonaccord-capital-130000230.html,1673269200,STORY
1006d388-126f-3cf9-b33a-17800370f593,PX,2023-2-19,P10 Announces Increase to Stock Buyback Program,GlobeNewswire,https://finance.yahoo.com/news/p10-announces-increase-stock-buyback-125500856.html,1672145700,STORY
6ec00f89-3ac8-34b1-9d45-9d20b048be96,PX,2023-2-19,"With 30% ownership, P10, Inc. (NYSE:PX) insiders have a lot at stake",Simply Wall St.,https://finance.yahoo.com/news/30-ownership-p10-inc-nyse-112050830.html,1671621650,STORY
71044676-f825-313d-9829-6e02c5b23778,PX,2023-2-20,P10 (PX) Rebounded From Lows,Insider Monkey,https://finance.yahoo.com/news/p10-px-rebounded-lows-144751186.html,1676040471,STORY
40382411-d07d-39c0-b44d-5c06e2885408,PX,2023-2-20,StoneX Group Inc. (SNEX) Q1 Earnings and Revenues Beat Estimates,Zacks,https://finance.yahoo.com/news/stonex-group-inc-snex-q1-225510682.html,1675810510,STORY
54878ee4-a176-3ad0-b43d-9c6876e58b42,PX,2023-2-20,"P10 Schedules Fourth Quarter and Full Year 2022 Earnings Release for Monday, March 6, 2023",GlobeNewswire,https://finance.yahoo.com/news/p10-schedules-fourth-quarter-full-212700662.html,1675805220,STORY
30d02561-43a0-388d-aa48-7e5075f1816f,PX,2023-2-20,"Investors Still Waiting For A Pull Back In P10, Inc. (NYSE:PX)",Simply Wall St.,https://finance.yahoo.com/news/investors-still-waiting-pull-back-101441233.html,1675160081,STORY
4c69dcc0-b4e8-3941-9b65-ad109face696,PX,2023-2-20,RCP Advisors Announces Partner and Senior-Level Promotions,GlobeNewswire,https://finance.yahoo.com/news/rcp-advisors-announces-partner-senior-193000547.html,1674588600,STORY
47c62074-88f7-3ce6-9591-f9ee1abe92a8,PX,2023-2-20,Douglas Meyer Joins Bonaccord Capital Partners as Managing Director and Global Head of Strategic Development,GlobeNewswire,https://finance.yahoo.com/news/douglas-meyer-joins-bonaccord-capital-130000230.html,1673269200,STORY
1006d388-126f-3cf9-b33a-17800370f593,PX,2023-2-20,P10 Announces Increase to Stock Buyback Program,GlobeNewswire,https://finance.yahoo.com/news/p10-announces-increase-stock-buyback-125500856.html,1672145700,STORY
6ec00f89-3ac8-34b1-9d45-9d20b048be96,PX,2023-2-20,"With 30% ownership, P10, Inc. (NYSE:PX) insiders have a lot at stake",Simply Wall St.,https://finance.yahoo.com/news/30-ownership-p10-inc-nyse-112050830.html,1671621650,STORY
71044676-f825-313d-9829-6e02c5b23778,PX,2023-2-21,P10 (PX) Rebounded From Lows,Insider Monkey,https://finance.yahoo.com/news/p10-px-rebounded-lows-144751186.html,1676040471,STORY
40382411-d07d-39c0-b44d-5c06e2885408,PX,2023-2-21,StoneX Group Inc. (SNEX) Q1 Earnings and Revenues Beat Estimates,Zacks,https://finance.yahoo.com/news/stonex-group-inc-snex-q1-225510682.html,1675810510,STORY
54878ee4-a176-3ad0-b43d-9c6876e58b42,PX,2023-2-21,"P10 Schedules Fourth Quarter and Full Year 2022 Earnings Release for Monday, March 6, 2023",GlobeNewswire,https://finance.yahoo.com/news/p10-schedules-fourth-quarter-full-212700662.html,1675805220,STORY
30d02561-43a0-388d-aa48-7e5075f1816f,PX,2023-2-21,"Investors Still Waiting For A Pull Back In P10, Inc. (NYSE:PX)",Simply Wall St.,https://finance.yahoo.com/news/investors-still-waiting-pull-back-101441233.html,1675160081,STORY
4c69dcc0-b4e8-3941-9b65-ad109face696,PX,2023-2-21,RCP Advisors Announces Partner and Senior-Level Promotions,GlobeNewswire,https://finance.yahoo.com/news/rcp-advisors-announces-partner-senior-193000547.html,1674588600,STORY
47c62074-88f7-3ce6-9591-f9ee1abe92a8,PX,2023-2-21,Douglas Meyer Joins Bonaccord Capital Partners as Managing Director and Global Head of Strategic Development,GlobeNewswire,https://finance.yahoo.com/news/douglas-meyer-joins-bonaccord-capital-130000230.html,1673269200,STORY
1006d388-126f-3cf9-b33a-17800370f593,PX,2023-2-21,P10 Announces Increase to Stock Buyback Program,GlobeNewswire,https://finance.yahoo.com/news/p10-announces-increase-stock-buyback-125500856.html,1672145700,STORY
6ec00f89-3ac8-34b1-9d45-9d20b048be96,PX,2023-2-21,"With 30% ownership, P10, Inc. (NYSE:PX) insiders have a lot at stake",Simply Wall St.,https://finance.yahoo.com/news/30-ownership-p10-inc-nyse-112050830.html,1671621650,STORY
e54504a5-7174-387e-8dee-1266fe7e1e75,PX,2023-2-22,MidCap Financial Investment (MFIC) Surpasses Q3 Earnings and Revenue Estimates,Zacks,https://finance.yahoo.com/news/midcap-financial-investment-mfic-surpasses-222510198.html,1677018310,STORY
71044676-f825-313d-9829-6e02c5b23778,PX,2023-2-22,P10 (PX) Rebounded From Lows,Insider Monkey,https://finance.yahoo.com/news/p10-px-rebounded-lows-144751186.html,1676040471,STORY
40382411-d07d-39c0-b44d-5c06e2885408,PX,2023-2-22,StoneX Group Inc. (SNEX) Q1 Earnings and Revenues Beat Estimates,Zacks,https://finance.yahoo.com/news/stonex-group-inc-snex-q1-225510682.html,1675810510,STORY
54878ee4-a176-3ad0-b43d-9c6876e58b42,PX,2023-2-22,"P10 Schedules Fourth Quarter and Full Year 2022 Earnings Release for Monday, March 6, 2023",GlobeNewswire,https://finance.yahoo.com/news/p10-schedules-fourth-quarter-full-212700662.html,1675805220,STORY
30d02561-43a0-388d-aa48-7e5075f1816f,PX,2023-2-22,"Investors Still Waiting For A Pull Back In P10, Inc. (NYSE:PX)",Simply Wall St.,https://finance.yahoo.com/news/investors-still-waiting-pull-back-101441233.html,1675160081,STORY
4c69dcc0-b4e8-3941-9b65-ad109face696,PX,2023-2-22,RCP Advisors Announces Partner and Senior-Level Promotions,GlobeNewswire,https://finance.yahoo.com/news/rcp-advisors-announces-partner-senior-193000547.html,1674588600,STORY
47c62074-88f7-3ce6-9591-f9ee1abe92a8,PX,2023-2-22,Douglas Meyer Joins Bonaccord Capital Partners as Managing Director and Global Head of Strategic Development,GlobeNewswire,https://finance.yahoo.com/news/douglas-meyer-joins-bonaccord-capital-130000230.html,1673269200,STORY
1006d388-126f-3cf9-b33a-17800370f593,PX,2023-2-22,P10 Announces Increase to Stock Buyback Program,GlobeNewswire,https://finance.yahoo.com/news/p10-announces-increase-stock-buyback-125500856.html,1672145700,STORY
e54504a5-7174-387e-8dee-1266fe7e1e75,PX,2023-2-23,MidCap Financial Investment (MFIC) Surpasses Q3 Earnings and Revenue Estimates,Zacks,https://finance.yahoo.com/news/midcap-financial-investment-mfic-surpasses-222510198.html,1677018310,STORY
71044676-f825-313d-9829-6e02c5b23778,PX,2023-2-23,P10 (PX) Rebounded From Lows,Insider Monkey,https://finance.yahoo.com/news/p10-px-rebounded-lows-144751186.html,1676040471,STORY
40382411-d07d-39c0-b44d-5c06e2885408,PX,2023-2-23,StoneX Group Inc. (SNEX) Q1 Earnings and Revenues Beat Estimates,Zacks,https://finance.yahoo.com/news/stonex-group-inc-snex-q1-225510682.html,1675810510,STORY
54878ee4-a176-3ad0-b43d-9c6876e58b42,PX,2023-2-23,"P10 Schedules Fourth Quarter and Full Year 2022 Earnings Release for Monday, March 6, 2023",GlobeNewswire,https://finance.yahoo.com/news/p10-schedules-fourth-quarter-full-212700662.html,1675805220,STORY
30d02561-43a0-388d-aa48-7e5075f1816f,PX,2023-2-23,"Investors Still Waiting For A Pull Back In P10, Inc. (NYSE:PX)",Simply Wall St.,https://finance.yahoo.com/news/investors-still-waiting-pull-back-101441233.html,1675160081,STORY
4c69dcc0-b4e8-3941-9b65-ad109face696,PX,2023-2-23,RCP Advisors Announces Partner and Senior-Level Promotions,GlobeNewswire,https://finance.yahoo.com/news/rcp-advisors-announces-partner-senior-193000547.html,1674588600,STORY
47c62074-88f7-3ce6-9591-f9ee1abe92a8,PX,2023-2-23,Douglas Meyer Joins Bonaccord Capital Partners as Managing Director and Global Head of Strategic Development,GlobeNewswire,https://finance.yahoo.com/news/douglas-meyer-joins-bonaccord-capital-130000230.html,1673269200,STORY
1006d388-126f-3cf9-b33a-17800370f593,PX,2023-2-23,P10 Announces Increase to Stock Buyback Program,GlobeNewswire,https://finance.yahoo.com/news/p10-announces-increase-stock-buyback-125500856.html,1672145700,STORY
721b8875-84df-35ca-9f5b-551862d18cf5,PX,2023-2-24,"Open Lending (LPRO) Reports Q4 Loss, Misses Revenue Estimates",Zacks,https://finance.yahoo.com/news/open-lending-lpro-reports-q4-233011958.html,1677195011,STORY
e54504a5-7174-387e-8dee-1266fe7e1e75,PX,2023-2-24,MidCap Financial Investment (MFIC) Surpasses Q3 Earnings and Revenue Estimates,Zacks,https://finance.yahoo.com/news/midcap-financial-investment-mfic-surpasses-222510198.html,1677018310,STORY
71044676-f825-313d-9829-6e02c5b23778,PX,2023-2-24,P10 (PX) Rebounded From Lows,Insider Monkey,https://finance.yahoo.com/news/p10-px-rebounded-lows-144751186.html,1676040471,STORY
40382411-d07d-39c0-b44d-5c06e2885408,PX,2023-2-24,StoneX Group Inc. (SNEX) Q1 Earnings and Revenues Beat Estimates,Zacks,https://finance.yahoo.com/news/stonex-group-inc-snex-q1-225510682.html,1675810510,STORY
54878ee4-a176-3ad0-b43d-9c6876e58b42,PX,2023-2-24,"P10 Schedules Fourth Quarter and Full Year 2022 Earnings Release for Monday, March 6, 2023",GlobeNewswire,https://finance.yahoo.com/news/p10-schedules-fourth-quarter-full-212700662.html,1675805220,STORY
30d02561-43a0-388d-aa48-7e5075f1816f,PX,2023-2-24,"Investors Still Waiting For A Pull Back In P10, Inc. (NYSE:PX)",Simply Wall St.,https://finance.yahoo.com/news/investors-still-waiting-pull-back-101441233.html,1675160081,STORY
4c69dcc0-b4e8-3941-9b65-ad109face696,PX,2023-2-24,RCP Advisors Announces Partner and Senior-Level Promotions,GlobeNewswire,https://finance.yahoo.com/news/rcp-advisors-announces-partner-senior-193000547.html,1674588600,STORY
47c62074-88f7-3ce6-9591-f9ee1abe92a8,PX,2023-2-24,Douglas Meyer Joins Bonaccord Capital Partners as Managing Director and Global Head of Strategic Development,GlobeNewswire,https://finance.yahoo.com/news/douglas-meyer-joins-bonaccord-capital-130000230.html,1673269200,STORY
721b8875-84df-35ca-9f5b-551862d18cf5,PX,2023-2-25,"Open Lending (LPRO) Reports Q4 Loss, Misses Revenue Estimates",Zacks,https://finance.yahoo.com/news/open-lending-lpro-reports-q4-233011958.html,1677195011,STORY
e54504a5-7174-387e-8dee-1266fe7e1e75,PX,2023-2-25,MidCap Financial Investment (MFIC) Surpasses Q3 Earnings and Revenue Estimates,Zacks,https://finance.yahoo.com/news/midcap-financial-investment-mfic-surpasses-222510198.html,1677018310,STORY
71044676-f825-313d-9829-6e02c5b23778,PX,2023-2-25,P10 (PX) Rebounded From Lows,Insider Monkey,https://finance.yahoo.com/news/p10-px-rebounded-lows-144751186.html,1676040471,STORY
40382411-d07d-39c0-b44d-5c06e2885408,PX,2023-2-25,StoneX Group Inc. (SNEX) Q1 Earnings and Revenues Beat Estimates,Zacks,https://finance.yahoo.com/news/stonex-group-inc-snex-q1-225510682.html,1675810510,STORY
54878ee4-a176-3ad0-b43d-9c6876e58b42,PX,2023-2-25,"P10 Schedules Fourth Quarter and Full Year 2022 Earnings Release for Monday, March 6, 2023",GlobeNewswire,https://finance.yahoo.com/news/p10-schedules-fourth-quarter-full-212700662.html,1675805220,STORY
30d02561-43a0-388d-aa48-7e5075f1816f,PX,2023-2-25,"Investors Still Waiting For A Pull Back In P10, Inc. (NYSE:PX)",Simply Wall St.,https://finance.yahoo.com/news/investors-still-waiting-pull-back-101441233.html,1675160081,STORY
4c69dcc0-b4e8-3941-9b65-ad109face696,PX,2023-2-25,RCP Advisors Announces Partner and Senior-Level Promotions,GlobeNewswire,https://finance.yahoo.com/news/rcp-advisors-announces-partner-senior-193000547.html,1674588600,STORY
47c62074-88f7-3ce6-9591-f9ee1abe92a8,PX,2023-2-25,Douglas Meyer Joins Bonaccord Capital Partners as Managing Director and Global Head of Strategic Development,GlobeNewswire,https://finance.yahoo.com/news/douglas-meyer-joins-bonaccord-capital-130000230.html,1673269200,STORY
721b8875-84df-35ca-9f5b-551862d18cf5,PX,2023-2-26,"Open Lending (LPRO) Reports Q4 Loss, Misses Revenue Estimates",Zacks,https://finance.yahoo.com/news/open-lending-lpro-reports-q4-233011958.html,1677195011,STORY
e54504a5-7174-387e-8dee-1266fe7e1e75,PX,2023-2-26,MidCap Financial Investment (MFIC) Surpasses Q3 Earnings and Revenue Estimates,Zacks,https://finance.yahoo.com/news/midcap-financial-investment-mfic-surpasses-222510198.html,1677018310,STORY
71044676-f825-313d-9829-6e02c5b23778,PX,2023-2-26,P10 (PX) Rebounded From Lows,Insider Monkey,https://finance.yahoo.com/news/p10-px-rebounded-lows-144751186.html,1676040471,STORY
40382411-d07d-39c0-b44d-5c06e2885408,PX,2023-2-26,StoneX Group Inc. (SNEX) Q1 Earnings and Revenues Beat Estimates,Zacks,https://finance.yahoo.com/news/stonex-group-inc-snex-q1-225510682.html,1675810510,STORY
54878ee4-a176-3ad0-b43d-9c6876e58b42,PX,2023-2-26,"P10 Schedules Fourth Quarter and Full Year 2022 Earnings Release for Monday, March 6, 2023",GlobeNewswire,https://finance.yahoo.com/news/p10-schedules-fourth-quarter-full-212700662.html,1675805220,STORY
30d02561-43a0-388d-aa48-7e5075f1816f,PX,2023-2-26,"Investors Still Waiting For A Pull Back In P10, Inc. (NYSE:PX)",Simply Wall St.,https://finance.yahoo.com/news/investors-still-waiting-pull-back-101441233.html,1675160081,STORY
4c69dcc0-b4e8-3941-9b65-ad109face696,PX,2023-2-26,RCP Advisors Announces Partner and Senior-Level Promotions,GlobeNewswire,https://finance.yahoo.com/news/rcp-advisors-announces-partner-senior-193000547.html,1674588600,STORY
47c62074-88f7-3ce6-9591-f9ee1abe92a8,PX,2023-2-26,Douglas Meyer Joins Bonaccord Capital Partners as Managing Director and Global Head of Strategic Development,GlobeNewswire,https://finance.yahoo.com/news/douglas-meyer-joins-bonaccord-capital-130000230.html,1673269200,STORY
721b8875-84df-35ca-9f5b-551862d18cf5,PX,2023-2-27,"Open Lending (LPRO) Reports Q4 Loss, Misses Revenue Estimates",Zacks,https://finance.yahoo.com/news/open-lending-lpro-reports-q4-233011958.html,1677195011,STORY
e54504a5-7174-387e-8dee-1266fe7e1e75,PX,2023-2-27,MidCap Financial Investment (MFIC) Surpasses Q3 Earnings and Revenue Estimates,Zacks,https://finance.yahoo.com/news/midcap-financial-investment-mfic-surpasses-222510198.html,1677018310,STORY
71044676-f825-313d-9829-6e02c5b23778,PX,2023-2-27,P10 (PX) Rebounded From Lows,Insider Monkey,https://finance.yahoo.com/news/p10-px-rebounded-lows-144751186.html,1676040471,STORY
40382411-d07d-39c0-b44d-5c06e2885408,PX,2023-2-27,StoneX Group Inc. (SNEX) Q1 Earnings and Revenues Beat Estimates,Zacks,https://finance.yahoo.com/news/stonex-group-inc-snex-q1-225510682.html,1675810510,STORY
54878ee4-a176-3ad0-b43d-9c6876e58b42,PX,2023-2-27,"P10 Schedules Fourth Quarter and Full Year 2022 Earnings Release for Monday, March 6, 2023",GlobeNewswire,https://finance.yahoo.com/news/p10-schedules-fourth-quarter-full-212700662.html,1675805220,STORY
30d02561-43a0-388d-aa48-7e5075f1816f,PX,2023-2-27,"Investors Still Waiting For A Pull Back In P10, Inc. (NYSE:PX)",Simply Wall St.,https://finance.yahoo.com/news/investors-still-waiting-pull-back-101441233.html,1675160081,STORY
4c69dcc0-b4e8-3941-9b65-ad109face696,PX,2023-2-27,RCP Advisors Announces Partner and Senior-Level Promotions,GlobeNewswire,https://finance.yahoo.com/news/rcp-advisors-announces-partner-senior-193000547.html,1674588600,STORY
47c62074-88f7-3ce6-9591-f9ee1abe92a8,PX,2023-2-27,Douglas Meyer Joins Bonaccord Capital Partners as Managing Director and Global Head of Strategic Development,GlobeNewswire,https://finance.yahoo.com/news/douglas-meyer-joins-bonaccord-capital-130000230.html,1673269200,STORY
a8585bbd-1a6e-3092-9feb-47f6178ccaa5,PX,2023-2-28,"P10, Inc. (PX) Earnings Expected to Grow: Should You Buy?",Zacks,https://finance.yahoo.com/news/p10-inc-px-earnings-expected-150003185.html,1677510003,STORY
721b8875-84df-35ca-9f5b-551862d18cf5,PX,2023-2-28,"Open Lending (LPRO) Reports Q4 Loss, Misses Revenue Estimates",Zacks,https://finance.yahoo.com/news/open-lending-lpro-reports-q4-233011958.html,1677195011,STORY
e54504a5-7174-387e-8dee-1266fe7e1e75,PX,2023-2-28,MidCap Financial Investment (MFIC) Surpasses Q3 Earnings and Revenue Estimates,Zacks,https://finance.yahoo.com/news/midcap-financial-investment-mfic-surpasses-222510198.html,1677018310,STORY
71044676-f825-313d-9829-6e02c5b23778,PX,2023-2-28,P10 (PX) Rebounded From Lows,Insider Monkey,https://finance.yahoo.com/news/p10-px-rebounded-lows-144751186.html,1676040471,STORY
40382411-d07d-39c0-b44d-5c06e2885408,PX,2023-2-28,StoneX Group Inc. (SNEX) Q1 Earnings and Revenues Beat Estimates,Zacks,https://finance.yahoo.com/news/stonex-group-inc-snex-q1-225510682.html,1675810510,STORY
54878ee4-a176-3ad0-b43d-9c6876e58b42,PX,2023-2-28,"P10 Schedules Fourth Quarter and Full Year 2022 Earnings Release for Monday, March 6, 2023",GlobeNewswire,https://finance.yahoo.com/news/p10-schedules-fourth-quarter-full-212700662.html,1675805220,STORY
30d02561-43a0-388d-aa48-7e5075f1816f,PX,2023-2-28,"Investors Still Waiting For A Pull Back In P10, Inc. (NYSE:PX)",Simply Wall St.,https://finance.yahoo.com/news/investors-still-waiting-pull-back-101441233.html,1675160081,STORY
4c69dcc0-b4e8-3941-9b65-ad109face696,PX,2023-2-28,RCP Advisors Announces Partner and Senior-Level Promotions,GlobeNewswire,https://finance.yahoo.com/news/rcp-advisors-announces-partner-senior-193000547.html,1674588600,STORY
a8585bbd-1a6e-3092-9feb-47f6178ccaa5,PX,2023-3-1,"P10, Inc. (PX) Earnings Expected to Grow: Should You Buy?",Zacks,https://finance.yahoo.com/news/p10-inc-px-earnings-expected-150003185.html,1677510003,STORY
721b8875-84df-35ca-9f5b-551862d18cf5,PX,2023-3-1,"Open Lending (LPRO) Reports Q4 Loss, Misses Revenue Estimates",Zacks,https://finance.yahoo.com/news/open-lending-lpro-reports-q4-233011958.html,1677195011,STORY
e54504a5-7174-387e-8dee-1266fe7e1e75,PX,2023-3-1,MidCap Financial Investment (MFIC) Surpasses Q3 Earnings and Revenue Estimates,Zacks,https://finance.yahoo.com/news/midcap-financial-investment-mfic-surpasses-222510198.html,1677018310,STORY
71044676-f825-313d-9829-6e02c5b23778,PX,2023-3-1,P10 (PX) Rebounded From Lows,Insider Monkey,https://finance.yahoo.com/news/p10-px-rebounded-lows-144751186.html,1676040471,STORY
40382411-d07d-39c0-b44d-5c06e2885408,PX,2023-3-1,StoneX Group Inc. (SNEX) Q1 Earnings and Revenues Beat Estimates,Zacks,https://finance.yahoo.com/news/stonex-group-inc-snex-q1-225510682.html,1675810510,STORY
54878ee4-a176-3ad0-b43d-9c6876e58b42,PX,2023-3-1,"P10 Schedules Fourth Quarter and Full Year 2022 Earnings Release for Monday, March 6, 2023",GlobeNewswire,https://finance.yahoo.com/news/p10-schedules-fourth-quarter-full-212700662.html,1675805220,STORY
30d02561-43a0-388d-aa48-7e5075f1816f,PX,2023-3-1,"Investors Still Waiting For A Pull Back In P10, Inc. (NYSE:PX)",Simply Wall St.,https://finance.yahoo.com/news/investors-still-waiting-pull-back-101441233.html,1675160081,STORY
4c69dcc0-b4e8-3941-9b65-ad109face696,PX,2023-3-1,RCP Advisors Announces Partner and Senior-Level Promotions,GlobeNewswire,https://finance.yahoo.com/news/rcp-advisors-announces-partner-senior-193000547.html,1674588600,STORY
a8585bbd-1a6e-3092-9feb-47f6178ccaa5,PX,2023-3-2,"P10, Inc. (PX) Earnings Expected to Grow: Should You Buy?",Zacks,https://finance.yahoo.com/news/p10-inc-px-earnings-expected-150003185.html,1677510003,STORY
721b8875-84df-35ca-9f5b-551862d18cf5,PX,2023-3-2,"Open Lending (LPRO) Reports Q4 Loss, Misses Revenue Estimates",Zacks,https://finance.yahoo.com/news/open-lending-lpro-reports-q4-233011958.html,1677195011,STORY
e54504a5-7174-387e-8dee-1266fe7e1e75,PX,2023-3-2,MidCap Financial Investment (MFIC) Surpasses Q3 Earnings and Revenue Estimates,Zacks,https://finance.yahoo.com/news/midcap-financial-investment-mfic-surpasses-222510198.html,1677018310,STORY
71044676-f825-313d-9829-6e02c5b23778,PX,2023-3-2,P10 (PX) Rebounded From Lows,Insider Monkey,https://finance.yahoo.com/news/p10-px-rebounded-lows-144751186.html,1676040471,STORY
40382411-d07d-39c0-b44d-5c06e2885408,PX,2023-3-2,StoneX Group Inc. (SNEX) Q1 Earnings and Revenues Beat Estimates,Zacks,https://finance.yahoo.com/news/stonex-group-inc-snex-q1-225510682.html,1675810510,STORY
54878ee4-a176-3ad0-b43d-9c6876e58b42,PX,2023-3-2,"P10 Schedules Fourth Quarter and Full Year 2022 Earnings Release for Monday, March 6, 2023",GlobeNewswire,https://finance.yahoo.com/news/p10-schedules-fourth-quarter-full-212700662.html,1675805220,STORY
30d02561-43a0-388d-aa48-7e5075f1816f,PX,2023-3-2,"Investors Still Waiting For A Pull Back In P10, Inc. (NYSE:PX)",Simply Wall St.,https://finance.yahoo.com/news/investors-still-waiting-pull-back-101441233.html,1675160081,STORY
4c69dcc0-b4e8-3941-9b65-ad109face696,PX,2023-3-2,RCP Advisors Announces Partner and Senior-Level Promotions,GlobeNewswire,https://finance.yahoo.com/news/rcp-advisors-announces-partner-senior-193000547.html,1674588600,STORY
a8585bbd-1a6e-3092-9feb-47f6178ccaa5,PX,2023-3-3,"P10, Inc. (PX) Earnings Expected to Grow: Should You Buy?",Zacks,https://finance.yahoo.com/news/p10-inc-px-earnings-expected-150003185.html,1677510003,STORY
721b8875-84df-35ca-9f5b-551862d18cf5,PX,2023-3-3,"Open Lending (LPRO) Reports Q4 Loss, Misses Revenue Estimates",Zacks,https://finance.yahoo.com/news/open-lending-lpro-reports-q4-233011958.html,1677195011,STORY
e54504a5-7174-387e-8dee-1266fe7e1e75,PX,2023-3-3,MidCap Financial Investment (MFIC) Surpasses Q3 Earnings and Revenue Estimates,Zacks,https://finance.yahoo.com/news/midcap-financial-investment-mfic-surpasses-222510198.html,1677018310,STORY
71044676-f825-313d-9829-6e02c5b23778,PX,2023-3-3,P10 (PX) Rebounded From Lows,Insider Monkey,https://finance.yahoo.com/news/p10-px-rebounded-lows-144751186.html,1676040471,STORY
40382411-d07d-39c0-b44d-5c06e2885408,PX,2023-3-3,StoneX Group Inc. (SNEX) Q1 Earnings and Revenues Beat Estimates,Zacks,https://finance.yahoo.com/news/stonex-group-inc-snex-q1-225510682.html,1675810510,STORY
54878ee4-a176-3ad0-b43d-9c6876e58b42,PX,2023-3-3,"P10 Schedules Fourth Quarter and Full Year 2022 Earnings Release for Monday, March 6, 2023",GlobeNewswire,https://finance.yahoo.com/news/p10-schedules-fourth-quarter-full-212700662.html,1675805220,STORY
30d02561-43a0-388d-aa48-7e5075f1816f,PX,2023-3-3,"Investors Still Waiting For A Pull Back In P10, Inc. (NYSE:PX)",Simply Wall St.,https://finance.yahoo.com/news/investors-still-waiting-pull-back-101441233.html,1675160081,STORY
4c69dcc0-b4e8-3941-9b65-ad109face696,PX,2023-3-3,RCP Advisors Announces Partner and Senior-Level Promotions,GlobeNewswire,https://finance.yahoo.com/news/rcp-advisors-announces-partner-senior-193000547.html,1674588600,STORY
a8585bbd-1a6e-3092-9feb-47f6178ccaa5,PX,2023-3-4,"P10, Inc. (PX) Earnings Expected to Grow: Should You Buy?",Zacks,https://finance.yahoo.com/news/p10-inc-px-earnings-expected-150003185.html,1677510003,STORY
721b8875-84df-35ca-9f5b-551862d18cf5,PX,2023-3-4,"Open Lending (LPRO) Reports Q4 Loss, Misses Revenue Estimates",Zacks,https://finance.yahoo.com/news/open-lending-lpro-reports-q4-233011958.html,1677195011,STORY
e54504a5-7174-387e-8dee-1266fe7e1e75,PX,2023-3-4,MidCap Financial Investment (MFIC) Surpasses Q3 Earnings and Revenue Estimates,Zacks,https://finance.yahoo.com/news/midcap-financial-investment-mfic-surpasses-222510198.html,1677018310,STORY
71044676-f825-313d-9829-6e02c5b23778,PX,2023-3-4,P10 (PX) Rebounded From Lows,Insider Monkey,https://finance.yahoo.com/news/p10-px-rebounded-lows-144751186.html,1676040471,STORY
40382411-d07d-39c0-b44d-5c06e2885408,PX,2023-3-4,StoneX Group Inc. (SNEX) Q1 Earnings and Revenues Beat Estimates,Zacks,https://finance.yahoo.com/news/stonex-group-inc-snex-q1-225510682.html,1675810510,STORY
54878ee4-a176-3ad0-b43d-9c6876e58b42,PX,2023-3-4,"P10 Schedules Fourth Quarter and Full Year 2022 Earnings Release for Monday, March 6, 2023",GlobeNewswire,https://finance.yahoo.com/news/p10-schedules-fourth-quarter-full-212700662.html,1675805220,STORY
30d02561-43a0-388d-aa48-7e5075f1816f,PX,2023-3-4,"Investors Still Waiting For A Pull Back In P10, Inc. (NYSE:PX)",Simply Wall St.,https://finance.yahoo.com/news/investors-still-waiting-pull-back-101441233.html,1675160081,STORY
4c69dcc0-b4e8-3941-9b65-ad109face696,PX,2023-3-4,RCP Advisors Announces Partner and Senior-Level Promotions,GlobeNewswire,https://finance.yahoo.com/news/rcp-advisors-announces-partner-senior-193000547.html,1674588600,STORY
a8585bbd-1a6e-3092-9feb-47f6178ccaa5,PX,2023-3-5,"P10, Inc. (PX) Earnings Expected to Grow: Should You Buy?",Zacks,https://finance.yahoo.com/news/p10-inc-px-earnings-expected-150003185.html,1677510003,STORY
721b8875-84df-35ca-9f5b-551862d18cf5,PX,2023-3-5,"Open Lending (LPRO) Reports Q4 Loss, Misses Revenue Estimates",Zacks,https://finance.yahoo.com/news/open-lending-lpro-reports-q4-233011958.html,1677195011,STORY
e54504a5-7174-387e-8dee-1266fe7e1e75,PX,2023-3-5,MidCap Financial Investment (MFIC) Surpasses Q3 Earnings and Revenue Estimates,Zacks,https://finance.yahoo.com/news/midcap-financial-investment-mfic-surpasses-222510198.html,1677018310,STORY
71044676-f825-313d-9829-6e02c5b23778,PX,2023-3-5,P10 (PX) Rebounded From Lows,Insider Monkey,https://finance.yahoo.com/news/p10-px-rebounded-lows-144751186.html,1676040471,STORY
40382411-d07d-39c0-b44d-5c06e2885408,PX,2023-3-5,StoneX Group Inc. (SNEX) Q1 Earnings and Revenues Beat Estimates,Zacks,https://finance.yahoo.com/news/stonex-group-inc-snex-q1-225510682.html,1675810510,STORY
54878ee4-a176-3ad0-b43d-9c6876e58b42,PX,2023-3-5,"P10 Schedules Fourth Quarter and Full Year 2022 Earnings Release for Monday, March 6, 2023",GlobeNewswire,https://finance.yahoo.com/news/p10-schedules-fourth-quarter-full-212700662.html,1675805220,STORY
30d02561-43a0-388d-aa48-7e5075f1816f,PX,2023-3-5,"Investors Still Waiting For A Pull Back In P10, Inc. (NYSE:PX)",Simply Wall St.,https://finance.yahoo.com/news/investors-still-waiting-pull-back-101441233.html,1675160081,STORY
4c69dcc0-b4e8-3941-9b65-ad109face696,PX,2023-3-5,RCP Advisors Announces Partner and Senior-Level Promotions,GlobeNewswire,https://finance.yahoo.com/news/rcp-advisors-announces-partner-senior-193000547.html,1674588600,STORY
a8585bbd-1a6e-3092-9feb-47f6178ccaa5,PX,2023-3-6,"P10, Inc. (PX) Earnings Expected to Grow: Should You Buy?",Zacks,https://finance.yahoo.com/news/p10-inc-px-earnings-expected-150003185.html,1677510003,STORY
721b8875-84df-35ca-9f5b-551862d18cf5,PX,2023-3-6,"Open Lending (LPRO) Reports Q4 Loss, Misses Revenue Estimates",Zacks,https://finance.yahoo.com/news/open-lending-lpro-reports-q4-233011958.html,1677195011,STORY
e54504a5-7174-387e-8dee-1266fe7e1e75,PX,2023-3-6,MidCap Financial Investment (MFIC) Surpasses Q3 Earnings and Revenue Estimates,Zacks,https://finance.yahoo.com/news/midcap-financial-investment-mfic-surpasses-222510198.html,1677018310,STORY
71044676-f825-313d-9829-6e02c5b23778,PX,2023-3-6,P10 (PX) Rebounded From Lows,Insider Monkey,https://finance.yahoo.com/news/p10-px-rebounded-lows-144751186.html,1676040471,STORY
40382411-d07d-39c0-b44d-5c06e2885408,PX,2023-3-6,StoneX Group Inc. (SNEX) Q1 Earnings and Revenues Beat Estimates,Zacks,https://finance.yahoo.com/news/stonex-group-inc-snex-q1-225510682.html,1675810510,STORY
54878ee4-a176-3ad0-b43d-9c6876e58b42,PX,2023-3-6,"P10 Schedules Fourth Quarter and Full Year 2022 Earnings Release for Monday, March 6, 2023",GlobeNewswire,https://finance.yahoo.com/news/p10-schedules-fourth-quarter-full-212700662.html,1675805220,STORY
30d02561-43a0-388d-aa48-7e5075f1816f,PX,2023-3-6,"Investors Still Waiting For A Pull Back In P10, Inc. (NYSE:PX)",Simply Wall St.,https://finance.yahoo.com/news/investors-still-waiting-pull-back-101441233.html,1675160081,STORY
4c69dcc0-b4e8-3941-9b65-ad109face696,PX,2023-3-6,RCP Advisors Announces Partner and Senior-Level Promotions,GlobeNewswire,https://finance.yahoo.com/news/rcp-advisors-announces-partner-senior-193000547.html,1674588600,STORY
185c6938-c097-3c2a-beb4-48b27d7c7c55,PX,2023-3-9,"P10, Inc. (NYSE:PX) Q4 2022 Earnings Call Transcript",Insider Monkey,https://finance.yahoo.com/news/p10-inc-nyse-px-q4-120007324.html,1678276807,STORY
1b675fca-79de-3b9b-af1c-718507dffc83,PX,2023-3-9,Q4 2022 P10 Inc Earnings Call,Thomson Reuters StreetEvents,https://finance.yahoo.com/news/q4-2022-p10-inc-earnings-121911078.html,1678191551,STORY
c40e47b5-53f5-3989-97ac-412fcd977684,PX,2023-3-9,"P10, Inc. (PX) Q4 Earnings and Revenues Surpass Estimates",Zacks,https://finance.yahoo.com/news/p10-inc-px-q4-earnings-230511978.html,1678143911,STORY
a1e52638-e86c-38cc-8fa2-57d75de1b13a,PX,2023-3-9,P10 Reports Fourth Quarter and Full Year 2022 Earnings Results,GlobeNewswire,https://finance.yahoo.com/news/p10-reports-fourth-quarter-full-211000004.html,1678137000,STORY
a8585bbd-1a6e-3092-9feb-47f6178ccaa5,PX,2023-3-9,"P10, Inc. (PX) Earnings Expected to Grow: Should You Buy?",Zacks,https://finance.yahoo.com/news/p10-inc-px-earnings-expected-150003185.html,1677510003,STORY
721b8875-84df-35ca-9f5b-551862d18cf5,PX,2023-3-9,"Open Lending (LPRO) Reports Q4 Loss, Misses Revenue Estimates",Zacks,https://finance.yahoo.com/news/open-lending-lpro-reports-q4-233011958.html,1677195011,STORY
e54504a5-7174-387e-8dee-1266fe7e1e75,PX,2023-3-9,MidCap Financial Investment (MFIC) Surpasses Q3 Earnings and Revenue Estimates,Zacks,https://finance.yahoo.com/news/midcap-financial-investment-mfic-surpasses-222510198.html,1677018310,STORY
71044676-f825-313d-9829-6e02c5b23778,PX,2023-3-9,P10 (PX) Rebounded From Lows,Insider Monkey,https://finance.yahoo.com/news/p10-px-rebounded-lows-144751186.html,1676040471,STORY
fb5fe7e2-144f-34b6-af78-0c8bc0affb47,PX,2023-3-10,"P10, Inc. (NYSE:PX) Passed Our Checks, And It's About To Pay A US$0.03 Dividend",Simply Wall St.,https://finance.yahoo.com/news/p10-inc-nyse-px-passed-103739785.html,1678444659,STORY
185c6938-c097-3c2a-beb4-48b27d7c7c55,PX,2023-3-10,"P10, Inc. (NYSE:PX) Q4 2022 Earnings Call Transcript",Insider Monkey,https://finance.yahoo.com/news/p10-inc-nyse-px-q4-120007324.html,1678276807,STORY
1b675fca-79de-3b9b-af1c-718507dffc83,PX,2023-3-10,Q4 2022 P10 Inc Earnings Call,Thomson Reuters StreetEvents,https://finance.yahoo.com/news/q4-2022-p10-inc-earnings-121911078.html,1678191551,STORY
c40e47b5-53f5-3989-97ac-412fcd977684,PX,2023-3-10,"P10, Inc. (PX) Q4 Earnings and Revenues Surpass Estimates",Zacks,https://finance.yahoo.com/news/p10-inc-px-q4-earnings-230511978.html,1678143911,STORY
a1e52638-e86c-38cc-8fa2-57d75de1b13a,PX,2023-3-10,P10 Reports Fourth Quarter and Full Year 2022 Earnings Results,GlobeNewswire,https://finance.yahoo.com/news/p10-reports-fourth-quarter-full-211000004.html,1678137000,STORY
a8585bbd-1a6e-3092-9feb-47f6178ccaa5,PX,2023-3-10,"P10, Inc. (PX) Earnings Expected to Grow: Should You Buy?",Zacks,https://finance.yahoo.com/news/p10-inc-px-earnings-expected-150003185.html,1677510003,STORY
721b8875-84df-35ca-9f5b-551862d18cf5,PX,2023-3-10,"Open Lending (LPRO) Reports Q4 Loss, Misses Revenue Estimates",Zacks,https://finance.yahoo.com/news/open-lending-lpro-reports-q4-233011958.html,1677195011,STORY
e54504a5-7174-387e-8dee-1266fe7e1e75,PX,2023-3-10,MidCap Financial Investment (MFIC) Surpasses Q3 Earnings and Revenue Estimates,Zacks,https://finance.yahoo.com/news/midcap-financial-investment-mfic-surpasses-222510198.html,1677018310,STORY
fb5fe7e2-144f-34b6-af78-0c8bc0affb47,PX,2023-3-11,"P10, Inc. (NYSE:PX) Passed Our Checks, And It's About To Pay A US$0.03 Dividend",Simply Wall St.,https://finance.yahoo.com/news/p10-inc-nyse-px-passed-103739785.html,1678444659,STORY
185c6938-c097-3c2a-beb4-48b27d7c7c55,PX,2023-3-11,"P10, Inc. (NYSE:PX) Q4 2022 Earnings Call Transcript",Insider Monkey,https://finance.yahoo.com/news/p10-inc-nyse-px-q4-120007324.html,1678276807,STORY
1b675fca-79de-3b9b-af1c-718507dffc83,PX,2023-3-11,Q4 2022 P10 Inc Earnings Call,Thomson Reuters StreetEvents,https://finance.yahoo.com/news/q4-2022-p10-inc-earnings-121911078.html,1678191551,STORY
c40e47b5-53f5-3989-97ac-412fcd977684,PX,2023-3-11,"P10, Inc. (PX) Q4 Earnings and Revenues Surpass Estimates",Zacks,https://finance.yahoo.com/news/p10-inc-px-q4-earnings-230511978.html,1678143911,STORY
a1e52638-e86c-38cc-8fa2-57d75de1b13a,PX,2023-3-11,P10 Reports Fourth Quarter and Full Year 2022 Earnings Results,GlobeNewswire,https://finance.yahoo.com/news/p10-reports-fourth-quarter-full-211000004.html,1678137000,STORY
a8585bbd-1a6e-3092-9feb-47f6178ccaa5,PX,2023-3-11,"P10, Inc. (PX) Earnings Expected to Grow: Should You Buy?",Zacks,https://finance.yahoo.com/news/p10-inc-px-earnings-expected-150003185.html,1677510003,STORY
721b8875-84df-35ca-9f5b-551862d18cf5,PX,2023-3-11,"Open Lending (LPRO) Reports Q4 Loss, Misses Revenue Estimates",Zacks,https://finance.yahoo.com/news/open-lending-lpro-reports-q4-233011958.html,1677195011,STORY
e54504a5-7174-387e-8dee-1266fe7e1e75,PX,2023-3-11,MidCap Financial Investment (MFIC) Surpasses Q3 Earnings and Revenue Estimates,Zacks,https://finance.yahoo.com/news/midcap-financial-investment-mfic-surpasses-222510198.html,1677018310,STORY
fb5fe7e2-144f-34b6-af78-0c8bc0affb47,PX,2023-3-12,"P10, Inc. (NYSE:PX) Passed Our Checks, And It's About To Pay A US$0.03 Dividend",Simply Wall St.,https://finance.yahoo.com/news/p10-inc-nyse-px-passed-103739785.html,1678444659,STORY
185c6938-c097-3c2a-beb4-48b27d7c7c55,PX,2023-3-12,"P10, Inc. (NYSE:PX) Q4 2022 Earnings Call Transcript",Insider Monkey,https://finance.yahoo.com/news/p10-inc-nyse-px-q4-120007324.html,1678276807,STORY
1b675fca-79de-3b9b-af1c-718507dffc83,PX,2023-3-12,Q4 2022 P10 Inc Earnings Call,Thomson Reuters StreetEvents,https://finance.yahoo.com/news/q4-2022-p10-inc-earnings-121911078.html,1678191551,STORY
c40e47b5-53f5-3989-97ac-412fcd977684,PX,2023-3-12,"P10, Inc. (PX) Q4 Earnings and Revenues Surpass Estimates",Zacks,https://finance.yahoo.com/news/p10-inc-px-q4-earnings-230511978.html,1678143911,STORY
a1e52638-e86c-38cc-8fa2-57d75de1b13a,PX,2023-3-12,P10 Reports Fourth Quarter and Full Year 2022 Earnings Results,GlobeNewswire,https://finance.yahoo.com/news/p10-reports-fourth-quarter-full-211000004.html,1678137000,STORY
a8585bbd-1a6e-3092-9feb-47f6178ccaa5,PX,2023-3-12,"P10, Inc. (PX) Earnings Expected to Grow: Should You Buy?",Zacks,https://finance.yahoo.com/news/p10-inc-px-earnings-expected-150003185.html,1677510003,STORY
721b8875-84df-35ca-9f5b-551862d18cf5,PX,2023-3-12,"Open Lending (LPRO) Reports Q4 Loss, Misses Revenue Estimates",Zacks,https://finance.yahoo.com/news/open-lending-lpro-reports-q4-233011958.html,1677195011,STORY
e54504a5-7174-387e-8dee-1266fe7e1e75,PX,2023-3-12,MidCap Financial Investment (MFIC) Surpasses Q3 Earnings and Revenue Estimates,Zacks,https://finance.yahoo.com/news/midcap-financial-investment-mfic-surpasses-222510198.html,1677018310,STORY
fb5fe7e2-144f-34b6-af78-0c8bc0affb47,PX,2023-3-13,"P10, Inc. (NYSE:PX) Passed Our Checks, And It's About To Pay A US$0.03 Dividend",Simply Wall St.,https://finance.yahoo.com/news/p10-inc-nyse-px-passed-103739785.html,1678444659,STORY
185c6938-c097-3c2a-beb4-48b27d7c7c55,PX,2023-3-13,"P10, Inc. (NYSE:PX) Q4 2022 Earnings Call Transcript",Insider Monkey,https://finance.yahoo.com/news/p10-inc-nyse-px-q4-120007324.html,1678276807,STORY
1b675fca-79de-3b9b-af1c-718507dffc83,PX,2023-3-13,Q4 2022 P10 Inc Earnings Call,Thomson Reuters StreetEvents,https://finance.yahoo.com/news/q4-2022-p10-inc-earnings-121911078.html,1678191551,STORY
c40e47b5-53f5-3989-97ac-412fcd977684,PX,2023-3-13,"P10, Inc. (PX) Q4 Earnings and Revenues Surpass Estimates",Zacks,https://finance.yahoo.com/news/p10-inc-px-q4-earnings-230511978.html,1678143911,STORY
a1e52638-e86c-38cc-8fa2-57d75de1b13a,PX,2023-3-13,P10 Reports Fourth Quarter and Full Year 2022 Earnings Results,GlobeNewswire,https://finance.yahoo.com/news/p10-reports-fourth-quarter-full-211000004.html,1678137000,STORY
a8585bbd-1a6e-3092-9feb-47f6178ccaa5,PX,2023-3-13,"P10, Inc. (PX) Earnings Expected to Grow: Should You Buy?",Zacks,https://finance.yahoo.com/news/p10-inc-px-earnings-expected-150003185.html,1677510003,STORY
721b8875-84df-35ca-9f5b-551862d18cf5,PX,2023-3-13,"Open Lending (LPRO) Reports Q4 Loss, Misses Revenue Estimates",Zacks,https://finance.yahoo.com/news/open-lending-lpro-reports-q4-233011958.html,1677195011,STORY
e54504a5-7174-387e-8dee-1266fe7e1e75,PX,2023-3-13,MidCap Financial Investment (MFIC) Surpasses Q3 Earnings and Revenue Estimates,Zacks,https://finance.yahoo.com/news/midcap-financial-investment-mfic-surpasses-222510198.html,1677018310,STORY
fb5fe7e2-144f-34b6-af78-0c8bc0affb47,PX,2023-3-14,"P10, Inc. (NYSE:PX) Passed Our Checks, And It's About To Pay A US$0.03 Dividend",Simply Wall St.,https://finance.yahoo.com/news/p10-inc-nyse-px-passed-103739785.html,1678444659,STORY
185c6938-c097-3c2a-beb4-48b27d7c7c55,PX,2023-3-14,"P10, Inc. (NYSE:PX) Q4 2022 Earnings Call Transcript",Insider Monkey,https://finance.yahoo.com/news/p10-inc-nyse-px-q4-120007324.html,1678276807,STORY
1b675fca-79de-3b9b-af1c-718507dffc83,PX,2023-3-14,Q4 2022 P10 Inc Earnings Call,Thomson Reuters StreetEvents,https://finance.yahoo.com/news/q4-2022-p10-inc-earnings-121911078.html,1678191551,STORY
c40e47b5-53f5-3989-97ac-412fcd977684,PX,2023-3-14,"P10, Inc. (PX) Q4 Earnings and Revenues Surpass Estimates",Zacks,https://finance.yahoo.com/news/p10-inc-px-q4-earnings-230511978.html,1678143911,STORY
a1e52638-e86c-38cc-8fa2-57d75de1b13a,PX,2023-3-14,P10 Reports Fourth Quarter and Full Year 2022 Earnings Results,GlobeNewswire,https://finance.yahoo.com/news/p10-reports-fourth-quarter-full-211000004.html,1678137000,STORY
a8585bbd-1a6e-3092-9feb-47f6178ccaa5,PX,2023-3-14,"P10, Inc. (PX) Earnings Expected to Grow: Should You Buy?",Zacks,https://finance.yahoo.com/news/p10-inc-px-earnings-expected-150003185.html,1677510003,STORY
721b8875-84df-35ca-9f5b-551862d18cf5,PX,2023-3-14,"Open Lending (LPRO) Reports Q4 Loss, Misses Revenue Estimates",Zacks,https://finance.yahoo.com/news/open-lending-lpro-reports-q4-233011958.html,1677195011,STORY
e54504a5-7174-387e-8dee-1266fe7e1e75,PX,2023-3-14,MidCap Financial Investment (MFIC) Surpasses Q3 Earnings and Revenue Estimates,Zacks,https://finance.yahoo.com/news/midcap-financial-investment-mfic-surpasses-222510198.html,1677018310,STORY
fb5fe7e2-144f-34b6-af78-0c8bc0affb47,PX,2023-3-15,"P10, Inc. (NYSE:PX) Passed Our Checks, And It's About To Pay A US$0.03 Dividend",Simply Wall St.,https://finance.yahoo.com/news/p10-inc-nyse-px-passed-103739785.html,1678444659,STORY
185c6938-c097-3c2a-beb4-48b27d7c7c55,PX,2023-3-15,"P10, Inc. (NYSE:PX) Q4 2022 Earnings Call Transcript",Insider Monkey,https://finance.yahoo.com/news/p10-inc-nyse-px-q4-120007324.html,1678276807,STORY
1b675fca-79de-3b9b-af1c-718507dffc83,PX,2023-3-15,Q4 2022 P10 Inc Earnings Call,Thomson Reuters StreetEvents,https://finance.yahoo.com/news/q4-2022-p10-inc-earnings-121911078.html,1678191551,STORY
c40e47b5-53f5-3989-97ac-412fcd977684,PX,2023-3-15,"P10, Inc. (PX) Q4 Earnings and Revenues Surpass Estimates",Zacks,https://finance.yahoo.com/news/p10-inc-px-q4-earnings-230511978.html,1678143911,STORY
a1e52638-e86c-38cc-8fa2-57d75de1b13a,PX,2023-3-15,P10 Reports Fourth Quarter and Full Year 2022 Earnings Results,GlobeNewswire,https://finance.yahoo.com/news/p10-reports-fourth-quarter-full-211000004.html,1678137000,STORY
a8585bbd-1a6e-3092-9feb-47f6178ccaa5,PX,2023-3-15,"P10, Inc. (PX) Earnings Expected to Grow: Should You Buy?",Zacks,https://finance.yahoo.com/news/p10-inc-px-earnings-expected-150003185.html,1677510003,STORY
721b8875-84df-35ca-9f5b-551862d18cf5,PX,2023-3-15,"Open Lending (LPRO) Reports Q4 Loss, Misses Revenue Estimates",Zacks,https://finance.yahoo.com/news/open-lending-lpro-reports-q4-233011958.html,1677195011,STORY
e54504a5-7174-387e-8dee-1266fe7e1e75,PX,2023-3-15,MidCap Financial Investment (MFIC) Surpasses Q3 Earnings and Revenue Estimates,Zacks,https://finance.yahoo.com/news/midcap-financial-investment-mfic-surpasses-222510198.html,1677018310,STORY
fb5fe7e2-144f-34b6-af78-0c8bc0affb47,PX,2023-3-16,"P10, Inc. (NYSE:PX) Passed Our Checks, And It's About To Pay A US$0.03 Dividend",Simply Wall St.,https://finance.yahoo.com/news/p10-inc-nyse-px-passed-103739785.html,1678444659,STORY
185c6938-c097-3c2a-beb4-48b27d7c7c55,PX,2023-3-16,"P10, Inc. (NYSE:PX) Q4 2022 Earnings Call Transcript",Insider Monkey,https://finance.yahoo.com/news/p10-inc-nyse-px-q4-120007324.html,1678276807,STORY
1b675fca-79de-3b9b-af1c-718507dffc83,PX,2023-3-16,Q4 2022 P10 Inc Earnings Call,Thomson Reuters StreetEvents,https://finance.yahoo.com/news/q4-2022-p10-inc-earnings-121911078.html,1678191551,STORY
c40e47b5-53f5-3989-97ac-412fcd977684,PX,2023-3-16,"P10, Inc. (PX) Q4 Earnings and Revenues Surpass Estimates",Zacks,https://finance.yahoo.com/news/p10-inc-px-q4-earnings-230511978.html,1678143911,STORY
a1e52638-e86c-38cc-8fa2-57d75de1b13a,PX,2023-3-16,P10 Reports Fourth Quarter and Full Year 2022 Earnings Results,GlobeNewswire,https://finance.yahoo.com/news/p10-reports-fourth-quarter-full-211000004.html,1678137000,STORY
a8585bbd-1a6e-3092-9feb-47f6178ccaa5,PX,2023-3-16,"P10, Inc. (PX) Earnings Expected to Grow: Should You Buy?",Zacks,https://finance.yahoo.com/news/p10-inc-px-earnings-expected-150003185.html,1677510003,STORY
721b8875-84df-35ca-9f5b-551862d18cf5,PX,2023-3-16,"Open Lending (LPRO) Reports Q4 Loss, Misses Revenue Estimates",Zacks,https://finance.yahoo.com/news/open-lending-lpro-reports-q4-233011958.html,1677195011,STORY
e54504a5-7174-387e-8dee-1266fe7e1e75,PX,2023-3-16,MidCap Financial Investment (MFIC) Surpasses Q3 Earnings and Revenue Estimates,Zacks,https://finance.yahoo.com/news/midcap-financial-investment-mfic-surpasses-222510198.html,1677018310,STORY
fb5fe7e2-144f-34b6-af78-0c8bc0affb47,PX,2023-3-17,"P10, Inc. (NYSE:PX) Passed Our Checks, And It's About To Pay A US$0.03 Dividend",Simply Wall St.,https://finance.yahoo.com/news/p10-inc-nyse-px-passed-103739785.html,1678444659,STORY
185c6938-c097-3c2a-beb4-48b27d7c7c55,PX,2023-3-17,"P10, Inc. (NYSE:PX) Q4 2022 Earnings Call Transcript",Insider Monkey,https://finance.yahoo.com/news/p10-inc-nyse-px-q4-120007324.html,1678276807,STORY
1b675fca-79de-3b9b-af1c-718507dffc83,PX,2023-3-17,Q4 2022 P10 Inc Earnings Call,Thomson Reuters StreetEvents,https://finance.yahoo.com/news/q4-2022-p10-inc-earnings-121911078.html,1678191551,STORY
c40e47b5-53f5-3989-97ac-412fcd977684,PX,2023-3-17,"P10, Inc. (PX) Q4 Earnings and Revenues Surpass Estimates",Zacks,https://finance.yahoo.com/news/p10-inc-px-q4-earnings-230511978.html,1678143911,STORY
a1e52638-e86c-38cc-8fa2-57d75de1b13a,PX,2023-3-17,P10 Reports Fourth Quarter and Full Year 2022 Earnings Results,GlobeNewswire,https://finance.yahoo.com/news/p10-reports-fourth-quarter-full-211000004.html,1678137000,STORY
a8585bbd-1a6e-3092-9feb-47f6178ccaa5,PX,2023-3-17,"P10, Inc. (PX) Earnings Expected to Grow: Should You Buy?",Zacks,https://finance.yahoo.com/news/p10-inc-px-earnings-expected-150003185.html,1677510003,STORY
721b8875-84df-35ca-9f5b-551862d18cf5,PX,2023-3-17,"Open Lending (LPRO) Reports Q4 Loss, Misses Revenue Estimates",Zacks,https://finance.yahoo.com/news/open-lending-lpro-reports-q4-233011958.html,1677195011,STORY
e54504a5-7174-387e-8dee-1266fe7e1e75,PX,2023-3-17,MidCap Financial Investment (MFIC) Surpasses Q3 Earnings and Revenue Estimates,Zacks,https://finance.yahoo.com/news/midcap-financial-investment-mfic-surpasses-222510198.html,1677018310,STORY
fb5fe7e2-144f-34b6-af78-0c8bc0affb47,PX,2023-3-18,"P10, Inc. (NYSE:PX) Passed Our Checks, And It's About To Pay A US$0.03 Dividend",Simply Wall St.,https://finance.yahoo.com/news/p10-inc-nyse-px-passed-103739785.html,1678444659,STORY
185c6938-c097-3c2a-beb4-48b27d7c7c55,PX,2023-3-18,"P10, Inc. (NYSE:PX) Q4 2022 Earnings Call Transcript",Insider Monkey,https://finance.yahoo.com/news/p10-inc-nyse-px-q4-120007324.html,1678276807,STORY
1b675fca-79de-3b9b-af1c-718507dffc83,PX,2023-3-18,Q4 2022 P10 Inc Earnings Call,Thomson Reuters StreetEvents,https://finance.yahoo.com/news/q4-2022-p10-inc-earnings-121911078.html,1678191551,STORY
c40e47b5-53f5-3989-97ac-412fcd977684,PX,2023-3-18,"P10, Inc. (PX) Q4 Earnings and Revenues Surpass Estimates",Zacks,https://finance.yahoo.com/news/p10-inc-px-q4-earnings-230511978.html,1678143911,STORY
a1e52638-e86c-38cc-8fa2-57d75de1b13a,PX,2023-3-18,P10 Reports Fourth Quarter and Full Year 2022 Earnings Results,GlobeNewswire,https://finance.yahoo.com/news/p10-reports-fourth-quarter-full-211000004.html,1678137000,STORY
a8585bbd-1a6e-3092-9feb-47f6178ccaa5,PX,2023-3-18,"P10, Inc. (PX) Earnings Expected to Grow: Should You Buy?",Zacks,https://finance.yahoo.com/news/p10-inc-px-earnings-expected-150003185.html,1677510003,STORY
721b8875-84df-35ca-9f5b-551862d18cf5,PX,2023-3-18,"Open Lending (LPRO) Reports Q4 Loss, Misses Revenue Estimates",Zacks,https://finance.yahoo.com/news/open-lending-lpro-reports-q4-233011958.html,1677195011,STORY
e54504a5-7174-387e-8dee-1266fe7e1e75,PX,2023-3-18,MidCap Financial Investment (MFIC) Surpasses Q3 Earnings and Revenue Estimates,Zacks,https://finance.yahoo.com/news/midcap-financial-investment-mfic-surpasses-222510198.html,1677018310,STORY
fb5fe7e2-144f-34b6-af78-0c8bc0affb47,PX,2023-3-19,"P10, Inc. (NYSE:PX) Passed Our Checks, And It's About To Pay A US$0.03 Dividend",Simply Wall St.,https://finance.yahoo.com/news/p10-inc-nyse-px-passed-103739785.html,1678444659,STORY
185c6938-c097-3c2a-beb4-48b27d7c7c55,PX,2023-3-19,"P10, Inc. (NYSE:PX) Q4 2022 Earnings Call Transcript",Insider Monkey,https://finance.yahoo.com/news/p10-inc-nyse-px-q4-120007324.html,1678276807,STORY
1b675fca-79de-3b9b-af1c-718507dffc83,PX,2023-3-19,Q4 2022 P10 Inc Earnings Call,Thomson Reuters StreetEvents,https://finance.yahoo.com/news/q4-2022-p10-inc-earnings-121911078.html,1678191551,STORY
c40e47b5-53f5-3989-97ac-412fcd977684,PX,2023-3-19,"P10, Inc. (PX) Q4 Earnings and Revenues Surpass Estimates",Zacks,https://finance.yahoo.com/news/p10-inc-px-q4-earnings-230511978.html,1678143911,STORY
a1e52638-e86c-38cc-8fa2-57d75de1b13a,PX,2023-3-19,P10 Reports Fourth Quarter and Full Year 2022 Earnings Results,GlobeNewswire,https://finance.yahoo.com/news/p10-reports-fourth-quarter-full-211000004.html,1678137000,STORY
a8585bbd-1a6e-3092-9feb-47f6178ccaa5,PX,2023-3-19,"P10, Inc. (PX) Earnings Expected to Grow: Should You Buy?",Zacks,https://finance.yahoo.com/news/p10-inc-px-earnings-expected-150003185.html,1677510003,STORY
721b8875-84df-35ca-9f5b-551862d18cf5,PX,2023-3-19,"Open Lending (LPRO) Reports Q4 Loss, Misses Revenue Estimates",Zacks,https://finance.yahoo.com/news/open-lending-lpro-reports-q4-233011958.html,1677195011,STORY
e54504a5-7174-387e-8dee-1266fe7e1e75,PX,2023-3-19,MidCap Financial Investment (MFIC) Surpasses Q3 Earnings and Revenue Estimates,Zacks,https://finance.yahoo.com/news/midcap-financial-investment-mfic-surpasses-222510198.html,1677018310,STORY
fb5fe7e2-144f-34b6-af78-0c8bc0affb47,PX,2023-3-23,"P10, Inc. (NYSE:PX) Passed Our Checks, And It's About To Pay A US$0.03 Dividend",Simply Wall St.,https://finance.yahoo.com/news/p10-inc-nyse-px-passed-103739785.html,1678444659,STORY
185c6938-c097-3c2a-beb4-48b27d7c7c55,PX,2023-3-23,"P10, Inc. (NYSE:PX) Q4 2022 Earnings Call Transcript",Insider Monkey,https://finance.yahoo.com/news/p10-inc-nyse-px-q4-120007324.html,1678276807,STORY
1b675fca-79de-3b9b-af1c-718507dffc83,PX,2023-3-23,Q4 2022 P10 Inc Earnings Call,Thomson Reuters StreetEvents,https://finance.yahoo.com/news/q4-2022-p10-inc-earnings-121911078.html,1678191551,STORY
c40e47b5-53f5-3989-97ac-412fcd977684,PX,2023-3-23,"P10, Inc. (PX) Q4 Earnings and Revenues Surpass Estimates",Zacks,https://finance.yahoo.com/news/p10-inc-px-q4-earnings-230511978.html,1678143911,STORY
a1e52638-e86c-38cc-8fa2-57d75de1b13a,PX,2023-3-23,P10 Reports Fourth Quarter and Full Year 2022 Earnings Results,GlobeNewswire,https://finance.yahoo.com/news/p10-reports-fourth-quarter-full-211000004.html,1678137000,STORY
a8585bbd-1a6e-3092-9feb-47f6178ccaa5,PX,2023-3-23,"P10, Inc. (PX) Earnings Expected to Grow: Should You Buy?",Zacks,https://finance.yahoo.com/news/p10-inc-px-earnings-expected-150003185.html,1677510003,STORY
721b8875-84df-35ca-9f5b-551862d18cf5,PX,2023-3-23,"Open Lending (LPRO) Reports Q4 Loss, Misses Revenue Estimates",Zacks,https://finance.yahoo.com/news/open-lending-lpro-reports-q4-233011958.html,1677195011,STORY
e54504a5-7174-387e-8dee-1266fe7e1e75,PX,2023-3-23,MidCap Financial Investment (MFIC) Surpasses Q3 Earnings and Revenue Estimates,Zacks,https://finance.yahoo.com/news/midcap-financial-investment-mfic-surpasses-222510198.html,1677018310,STORY
fb5fe7e2-144f-34b6-af78-0c8bc0affb47,PX,2023-3-24,"P10, Inc. (NYSE:PX) Passed Our Checks, And It's About To Pay A US$0.03 Dividend",Simply Wall St.,https://finance.yahoo.com/news/p10-inc-nyse-px-passed-103739785.html,1678444659,STORY
185c6938-c097-3c2a-beb4-48b27d7c7c55,PX,2023-3-24,"P10, Inc. (NYSE:PX) Q4 2022 Earnings Call Transcript",Insider Monkey,https://finance.yahoo.com/news/p10-inc-nyse-px-q4-120007324.html,1678276807,STORY
1b675fca-79de-3b9b-af1c-718507dffc83,PX,2023-3-24,Q4 2022 P10 Inc Earnings Call,Thomson Reuters StreetEvents,https://finance.yahoo.com/news/q4-2022-p10-inc-earnings-121911078.html,1678191551,STORY
c40e47b5-53f5-3989-97ac-412fcd977684,PX,2023-3-24,"P10, Inc. (PX) Q4 Earnings and Revenues Surpass Estimates",Zacks,https://finance.yahoo.com/news/p10-inc-px-q4-earnings-230511978.html,1678143911,STORY
a1e52638-e86c-38cc-8fa2-57d75de1b13a,PX,2023-3-24,P10 Reports Fourth Quarter and Full Year 2022 Earnings Results,GlobeNewswire,https://finance.yahoo.com/news/p10-reports-fourth-quarter-full-211000004.html,1678137000,STORY
a8585bbd-1a6e-3092-9feb-47f6178ccaa5,PX,2023-3-24,"P10, Inc. (PX) Earnings Expected to Grow: Should You Buy?",Zacks,https://finance.yahoo.com/news/p10-inc-px-earnings-expected-150003185.html,1677510003,STORY
721b8875-84df-35ca-9f5b-551862d18cf5,PX,2023-3-24,"Open Lending (LPRO) Reports Q4 Loss, Misses Revenue Estimates",Zacks,https://finance.yahoo.com/news/open-lending-lpro-reports-q4-233011958.html,1677195011,STORY
e54504a5-7174-387e-8dee-1266fe7e1e75,PX,2023-3-24,MidCap Financial Investment (MFIC) Surpasses Q3 Earnings and Revenue Estimates,Zacks,https://finance.yahoo.com/news/midcap-financial-investment-mfic-surpasses-222510198.html,1677018310,STORY
fb5fe7e2-144f-34b6-af78-0c8bc0affb47,PX,2023-3-25,"P10, Inc. (NYSE:PX) Passed Our Checks, And It's About To Pay A US$0.03 Dividend",Simply Wall St.,https://finance.yahoo.com/news/p10-inc-nyse-px-passed-103739785.html,1678444659,STORY
185c6938-c097-3c2a-beb4-48b27d7c7c55,PX,2023-3-25,"P10, Inc. (NYSE:PX) Q4 2022 Earnings Call Transcript",Insider Monkey,https://finance.yahoo.com/news/p10-inc-nyse-px-q4-120007324.html,1678276807,STORY
1b675fca-79de-3b9b-af1c-718507dffc83,PX,2023-3-25,Q4 2022 P10 Inc Earnings Call,Thomson Reuters StreetEvents,https://finance.yahoo.com/news/q4-2022-p10-inc-earnings-121911078.html,1678191551,STORY
c40e47b5-53f5-3989-97ac-412fcd977684,PX,2023-3-25,"P10, Inc. (PX) Q4 Earnings and Revenues Surpass Estimates",Zacks,https://finance.yahoo.com/news/p10-inc-px-q4-earnings-230511978.html,1678143911,STORY
a1e52638-e86c-38cc-8fa2-57d75de1b13a,PX,2023-3-25,P10 Reports Fourth Quarter and Full Year 2022 Earnings Results,GlobeNewswire,https://finance.yahoo.com/news/p10-reports-fourth-quarter-full-211000004.html,1678137000,STORY
a8585bbd-1a6e-3092-9feb-47f6178ccaa5,PX,2023-3-25,"P10, Inc. (PX) Earnings Expected to Grow: Should You Buy?",Zacks,https://finance.yahoo.com/news/p10-inc-px-earnings-expected-150003185.html,1677510003,STORY
721b8875-84df-35ca-9f5b-551862d18cf5,PX,2023-3-25,"Open Lending (LPRO) Reports Q4 Loss, Misses Revenue Estimates",Zacks,https://finance.yahoo.com/news/open-lending-lpro-reports-q4-233011958.html,1677195011,STORY
e54504a5-7174-387e-8dee-1266fe7e1e75,PX,2023-3-25,MidCap Financial Investment (MFIC) Surpasses Q3 Earnings and Revenue Estimates,Zacks,https://finance.yahoo.com/news/midcap-financial-investment-mfic-surpasses-222510198.html,1677018310,STORY
fb5fe7e2-144f-34b6-af78-0c8bc0affb47,PX,2023-3-26,"P10, Inc. (NYSE:PX) Passed Our Checks, And It's About To Pay A US$0.03 Dividend",Simply Wall St.,https://finance.yahoo.com/news/p10-inc-nyse-px-passed-103739785.html,1678444659,STORY
185c6938-c097-3c2a-beb4-48b27d7c7c55,PX,2023-3-26,"P10, Inc. (NYSE:PX) Q4 2022 Earnings Call Transcript",Insider Monkey,https://finance.yahoo.com/news/p10-inc-nyse-px-q4-120007324.html,1678276807,STORY
1b675fca-79de-3b9b-af1c-718507dffc83,PX,2023-3-26,Q4 2022 P10 Inc Earnings Call,Thomson Reuters StreetEvents,https://finance.yahoo.com/news/q4-2022-p10-inc-earnings-121911078.html,1678191551,STORY
c40e47b5-53f5-3989-97ac-412fcd977684,PX,2023-3-26,"P10, Inc. (PX) Q4 Earnings and Revenues Surpass Estimates",Zacks,https://finance.yahoo.com/news/p10-inc-px-q4-earnings-230511978.html,1678143911,STORY
a1e52638-e86c-38cc-8fa2-57d75de1b13a,PX,2023-3-26,P10 Reports Fourth Quarter and Full Year 2022 Earnings Results,GlobeNewswire,https://finance.yahoo.com/news/p10-reports-fourth-quarter-full-211000004.html,1678137000,STORY
a8585bbd-1a6e-3092-9feb-47f6178ccaa5,PX,2023-3-26,"P10, Inc. (PX) Earnings Expected to Grow: Should You Buy?",Zacks,https://finance.yahoo.com/news/p10-inc-px-earnings-expected-150003185.html,1677510003,STORY
721b8875-84df-35ca-9f5b-551862d18cf5,PX,2023-3-26,"Open Lending (LPRO) Reports Q4 Loss, Misses Revenue Estimates",Zacks,https://finance.yahoo.com/news/open-lending-lpro-reports-q4-233011958.html,1677195011,STORY
e54504a5-7174-387e-8dee-1266fe7e1e75,PX,2023-3-26,MidCap Financial Investment (MFIC) Surpasses Q3 Earnings and Revenue Estimates,Zacks,https://finance.yahoo.com/news/midcap-financial-investment-mfic-surpasses-222510198.html,1677018310,STORY
fb5fe7e2-144f-34b6-af78-0c8bc0affb47,PX,2023-3-27,"P10, Inc. (NYSE:PX) Passed Our Checks, And It's About To Pay A US$0.03 Dividend",Simply Wall St.,https://finance.yahoo.com/news/p10-inc-nyse-px-passed-103739785.html,1678444659,STORY
185c6938-c097-3c2a-beb4-48b27d7c7c55,PX,2023-3-27,"P10, Inc. (NYSE:PX) Q4 2022 Earnings Call Transcript",Insider Monkey,https://finance.yahoo.com/news/p10-inc-nyse-px-q4-120007324.html,1678276807,STORY
1b675fca-79de-3b9b-af1c-718507dffc83,PX,2023-3-27,Q4 2022 P10 Inc Earnings Call,Thomson Reuters StreetEvents,https://finance.yahoo.com/news/q4-2022-p10-inc-earnings-121911078.html,1678191551,STORY
c40e47b5-53f5-3989-97ac-412fcd977684,PX,2023-3-27,"P10, Inc. (PX) Q4 Earnings and Revenues Surpass Estimates",Zacks,https://finance.yahoo.com/news/p10-inc-px-q4-earnings-230511978.html,1678143911,STORY
a1e52638-e86c-38cc-8fa2-57d75de1b13a,PX,2023-3-27,P10 Reports Fourth Quarter and Full Year 2022 Earnings Results,GlobeNewswire,https://finance.yahoo.com/news/p10-reports-fourth-quarter-full-211000004.html,1678137000,STORY
a8585bbd-1a6e-3092-9feb-47f6178ccaa5,PX,2023-3-27,"P10, Inc. (PX) Earnings Expected to Grow: Should You Buy?",Zacks,https://finance.yahoo.com/news/p10-inc-px-earnings-expected-150003185.html,1677510003,STORY
721b8875-84df-35ca-9f5b-551862d18cf5,PX,2023-3-27,"Open Lending (LPRO) Reports Q4 Loss, Misses Revenue Estimates",Zacks,https://finance.yahoo.com/news/open-lending-lpro-reports-q4-233011958.html,1677195011,STORY
e54504a5-7174-387e-8dee-1266fe7e1e75,PX,2023-3-27,MidCap Financial Investment (MFIC) Surpasses Q3 Earnings and Revenue Estimates,Zacks,https://finance.yahoo.com/news/midcap-financial-investment-mfic-surpasses-222510198.html,1677018310,STORY
fb5fe7e2-144f-34b6-af78-0c8bc0affb47,PX,2023-3-28,"P10, Inc. (NYSE:PX) Passed Our Checks, And It's About To Pay A US$0.03 Dividend",Simply Wall St.,https://finance.yahoo.com/news/p10-inc-nyse-px-passed-103739785.html,1678444659,STORY
185c6938-c097-3c2a-beb4-48b27d7c7c55,PX,2023-3-28,"P10, Inc. (NYSE:PX) Q4 2022 Earnings Call Transcript",Insider Monkey,https://finance.yahoo.com/news/p10-inc-nyse-px-q4-120007324.html,1678276807,STORY
1b675fca-79de-3b9b-af1c-718507dffc83,PX,2023-3-28,Q4 2022 P10 Inc Earnings Call,Thomson Reuters StreetEvents,https://finance.yahoo.com/news/q4-2022-p10-inc-earnings-121911078.html,1678191551,STORY
c40e47b5-53f5-3989-97ac-412fcd977684,PX,2023-3-28,"P10, Inc. (PX) Q4 Earnings and Revenues Surpass Estimates",Zacks,https://finance.yahoo.com/news/p10-inc-px-q4-earnings-230511978.html,1678143911,STORY
a1e52638-e86c-38cc-8fa2-57d75de1b13a,PX,2023-3-28,P10 Reports Fourth Quarter and Full Year 2022 Earnings Results,GlobeNewswire,https://finance.yahoo.com/news/p10-reports-fourth-quarter-full-211000004.html,1678137000,STORY
a8585bbd-1a6e-3092-9feb-47f6178ccaa5,PX,2023-3-28,"P10, Inc. (PX) Earnings Expected to Grow: Should You Buy?",Zacks,https://finance.yahoo.com/news/p10-inc-px-earnings-expected-150003185.html,1677510003,STORY
721b8875-84df-35ca-9f5b-551862d18cf5,PX,2023-3-28,"Open Lending (LPRO) Reports Q4 Loss, Misses Revenue Estimates",Zacks,https://finance.yahoo.com/news/open-lending-lpro-reports-q4-233011958.html,1677195011,STORY
e54504a5-7174-387e-8dee-1266fe7e1e75,PX,2023-3-28,MidCap Financial Investment (MFIC) Surpasses Q3 Earnings and Revenue Estimates,Zacks,https://finance.yahoo.com/news/midcap-financial-investment-mfic-surpasses-222510198.html,1677018310,STORY
fb5fe7e2-144f-34b6-af78-0c8bc0affb47,PX,2023-3-29,"P10, Inc. (NYSE:PX) Passed Our Checks, And It's About To Pay A US$0.03 Dividend",Simply Wall St.,https://finance.yahoo.com/news/p10-inc-nyse-px-passed-103739785.html,1678444659,STORY
185c6938-c097-3c2a-beb4-48b27d7c7c55,PX,2023-3-29,"P10, Inc. (NYSE:PX) Q4 2022 Earnings Call Transcript",Insider Monkey,https://finance.yahoo.com/news/p10-inc-nyse-px-q4-120007324.html,1678276807,STORY
1b675fca-79de-3b9b-af1c-718507dffc83,PX,2023-3-29,Q4 2022 P10 Inc Earnings Call,Thomson Reuters StreetEvents,https://finance.yahoo.com/news/q4-2022-p10-inc-earnings-121911078.html,1678191551,STORY
c40e47b5-53f5-3989-97ac-412fcd977684,PX,2023-3-29,"P10, Inc. (PX) Q4 Earnings and Revenues Surpass Estimates",Zacks,https://finance.yahoo.com/news/p10-inc-px-q4-earnings-230511978.html,1678143911,STORY
a1e52638-e86c-38cc-8fa2-57d75de1b13a,PX,2023-3-29,P10 Reports Fourth Quarter and Full Year 2022 Earnings Results,GlobeNewswire,https://finance.yahoo.com/news/p10-reports-fourth-quarter-full-211000004.html,1678137000,STORY
a8585bbd-1a6e-3092-9feb-47f6178ccaa5,PX,2023-3-29,"P10, Inc. (PX) Earnings Expected to Grow: Should You Buy?",Zacks,https://finance.yahoo.com/news/p10-inc-px-earnings-expected-150003185.html,1677510003,STORY
721b8875-84df-35ca-9f5b-551862d18cf5,PX,2023-3-29,"Open Lending (LPRO) Reports Q4 Loss, Misses Revenue Estimates",Zacks,https://finance.yahoo.com/news/open-lending-lpro-reports-q4-233011958.html,1677195011,STORY
e54504a5-7174-387e-8dee-1266fe7e1e75,PX,2023-3-29,MidCap Financial Investment (MFIC) Surpasses Q3 Earnings and Revenue Estimates,Zacks,https://finance.yahoo.com/news/midcap-financial-investment-mfic-surpasses-222510198.html,1677018310,STORY
fb5fe7e2-144f-34b6-af78-0c8bc0affb47,PX,2023-3-30,"P10, Inc. (NYSE:PX) Passed Our Checks, And It's About To Pay A US$0.03 Dividend",Simply Wall St.,https://finance.yahoo.com/news/p10-inc-nyse-px-passed-103739785.html,1678444659,STORY
185c6938-c097-3c2a-beb4-48b27d7c7c55,PX,2023-3-30,"P10, Inc. (NYSE:PX) Q4 2022 Earnings Call Transcript",Insider Monkey,https://finance.yahoo.com/news/p10-inc-nyse-px-q4-120007324.html,1678276807,STORY
1b675fca-79de-3b9b-af1c-718507dffc83,PX,2023-3-30,Q4 2022 P10 Inc Earnings Call,Thomson Reuters StreetEvents,https://finance.yahoo.com/news/q4-2022-p10-inc-earnings-121911078.html,1678191551,STORY
c40e47b5-53f5-3989-97ac-412fcd977684,PX,2023-3-30,"P10, Inc. (PX) Q4 Earnings and Revenues Surpass Estimates",Zacks,https://finance.yahoo.com/news/p10-inc-px-q4-earnings-230511978.html,1678143911,STORY
a1e52638-e86c-38cc-8fa2-57d75de1b13a,PX,2023-3-30,P10 Reports Fourth Quarter and Full Year 2022 Earnings Results,GlobeNewswire,https://finance.yahoo.com/news/p10-reports-fourth-quarter-full-211000004.html,1678137000,STORY
a8585bbd-1a6e-3092-9feb-47f6178ccaa5,PX,2023-3-30,"P10, Inc. (PX) Earnings Expected to Grow: Should You Buy?",Zacks,https://finance.yahoo.com/news/p10-inc-px-earnings-expected-150003185.html,1677510003,STORY
721b8875-84df-35ca-9f5b-551862d18cf5,PX,2023-3-30,"Open Lending (LPRO) Reports Q4 Loss, Misses Revenue Estimates",Zacks,https://finance.yahoo.com/news/open-lending-lpro-reports-q4-233011958.html,1677195011,STORY
e54504a5-7174-387e-8dee-1266fe7e1e75,PX,2023-3-30,MidCap Financial Investment (MFIC) Surpasses Q3 Earnings and Revenue Estimates,Zacks,https://finance.yahoo.com/news/midcap-financial-investment-mfic-surpasses-222510198.html,1677018310,STORY
fb5fe7e2-144f-34b6-af78-0c8bc0affb47,PX,2023-3-31,"P10, Inc. (NYSE:PX) Passed Our Checks, And It's About To Pay A US$0.03 Dividend",Simply Wall St.,https://finance.yahoo.com/news/p10-inc-nyse-px-passed-103739785.html,1678444659,STORY
185c6938-c097-3c2a-beb4-48b27d7c7c55,PX,2023-3-31,"P10, Inc. (NYSE:PX) Q4 2022 Earnings Call Transcript",Insider Monkey,https://finance.yahoo.com/news/p10-inc-nyse-px-q4-120007324.html,1678276807,STORY
1b675fca-79de-3b9b-af1c-718507dffc83,PX,2023-3-31,Q4 2022 P10 Inc Earnings Call,Thomson Reuters StreetEvents,https://finance.yahoo.com/news/q4-2022-p10-inc-earnings-121911078.html,1678191551,STORY
c40e47b5-53f5-3989-97ac-412fcd977684,PX,2023-3-31,"P10, Inc. (PX) Q4 Earnings and Revenues Surpass Estimates",Zacks,https://finance.yahoo.com/news/p10-inc-px-q4-earnings-230511978.html,1678143911,STORY
a1e52638-e86c-38cc-8fa2-57d75de1b13a,PX,2023-3-31,P10 Reports Fourth Quarter and Full Year 2022 Earnings Results,GlobeNewswire,https://finance.yahoo.com/news/p10-reports-fourth-quarter-full-211000004.html,1678137000,STORY
a8585bbd-1a6e-3092-9feb-47f6178ccaa5,PX,2023-3-31,"P10, Inc. (PX) Earnings Expected to Grow: Should You Buy?",Zacks,https://finance.yahoo.com/news/p10-inc-px-earnings-expected-150003185.html,1677510003,STORY
721b8875-84df-35ca-9f5b-551862d18cf5,PX,2023-3-31,"Open Lending (LPRO) Reports Q4 Loss, Misses Revenue Estimates",Zacks,https://finance.yahoo.com/news/open-lending-lpro-reports-q4-233011958.html,1677195011,STORY
e54504a5-7174-387e-8dee-1266fe7e1e75,PX,2023-3-31,MidCap Financial Investment (MFIC) Surpasses Q3 Earnings and Revenue Estimates,Zacks,https://finance.yahoo.com/news/midcap-financial-investment-mfic-surpasses-222510198.html,1677018310,STORY
fb5fe7e2-144f-34b6-af78-0c8bc0affb47,PX,2023-4-1,"P10, Inc. (NYSE:PX) Passed Our Checks, And It's About To Pay A US$0.03 Dividend",Simply Wall St.,https://finance.yahoo.com/news/p10-inc-nyse-px-passed-103739785.html,1678444659,STORY
185c6938-c097-3c2a-beb4-48b27d7c7c55,PX,2023-4-1,"P10, Inc. (NYSE:PX) Q4 2022 Earnings Call Transcript",Insider Monkey,https://finance.yahoo.com/news/p10-inc-nyse-px-q4-120007324.html,1678276807,STORY
1b675fca-79de-3b9b-af1c-718507dffc83,PX,2023-4-1,Q4 2022 P10 Inc Earnings Call,Thomson Reuters StreetEvents,https://finance.yahoo.com/news/q4-2022-p10-inc-earnings-121911078.html,1678191551,STORY
c40e47b5-53f5-3989-97ac-412fcd977684,PX,2023-4-1,"P10, Inc. (PX) Q4 Earnings and Revenues Surpass Estimates",Zacks,https://finance.yahoo.com/news/p10-inc-px-q4-earnings-230511978.html,1678143911,STORY
a1e52638-e86c-38cc-8fa2-57d75de1b13a,PX,2023-4-1,P10 Reports Fourth Quarter and Full Year 2022 Earnings Results,GlobeNewswire,https://finance.yahoo.com/news/p10-reports-fourth-quarter-full-211000004.html,1678137000,STORY
a8585bbd-1a6e-3092-9feb-47f6178ccaa5,PX,2023-4-1,"P10, Inc. (PX) Earnings Expected to Grow: Should You Buy?",Zacks,https://finance.yahoo.com/news/p10-inc-px-earnings-expected-150003185.html,1677510003,STORY
721b8875-84df-35ca-9f5b-551862d18cf5,PX,2023-4-1,"Open Lending (LPRO) Reports Q4 Loss, Misses Revenue Estimates",Zacks,https://finance.yahoo.com/news/open-lending-lpro-reports-q4-233011958.html,1677195011,STORY
e54504a5-7174-387e-8dee-1266fe7e1e75,PX,2023-4-1,MidCap Financial Investment (MFIC) Surpasses Q3 Earnings and Revenue Estimates,Zacks,https://finance.yahoo.com/news/midcap-financial-investment-mfic-surpasses-222510198.html,1677018310,STORY
fb5fe7e2-144f-34b6-af78-0c8bc0affb47,PX,2023-4-2,"P10, Inc. (NYSE:PX) Passed Our Checks, And It's About To Pay A US$0.03 Dividend",Simply Wall St.,https://finance.yahoo.com/news/p10-inc-nyse-px-passed-103739785.html,1678444659,STORY
185c6938-c097-3c2a-beb4-48b27d7c7c55,PX,2023-4-2,"P10, Inc. (NYSE:PX) Q4 2022 Earnings Call Transcript",Insider Monkey,https://finance.yahoo.com/news/p10-inc-nyse-px-q4-120007324.html,1678276807,STORY
1b675fca-79de-3b9b-af1c-718507dffc83,PX,2023-4-2,Q4 2022 P10 Inc Earnings Call,Thomson Reuters StreetEvents,https://finance.yahoo.com/news/q4-2022-p10-inc-earnings-121911078.html,1678191551,STORY
c40e47b5-53f5-3989-97ac-412fcd977684,PX,2023-4-2,"P10, Inc. (PX) Q4 Earnings and Revenues Surpass Estimates",Zacks,https://finance.yahoo.com/news/p10-inc-px-q4-earnings-230511978.html,1678143911,STORY
a1e52638-e86c-38cc-8fa2-57d75de1b13a,PX,2023-4-2,P10 Reports Fourth Quarter and Full Year 2022 Earnings Results,GlobeNewswire,https://finance.yahoo.com/news/p10-reports-fourth-quarter-full-211000004.html,1678137000,STORY
a8585bbd-1a6e-3092-9feb-47f6178ccaa5,PX,2023-4-2,"P10, Inc. (PX) Earnings Expected to Grow: Should You Buy?",Zacks,https://finance.yahoo.com/news/p10-inc-px-earnings-expected-150003185.html,1677510003,STORY
721b8875-84df-35ca-9f5b-551862d18cf5,PX,2023-4-2,"Open Lending (LPRO) Reports Q4 Loss, Misses Revenue Estimates",Zacks,https://finance.yahoo.com/news/open-lending-lpro-reports-q4-233011958.html,1677195011,STORY
e54504a5-7174-387e-8dee-1266fe7e1e75,PX,2023-4-2,MidCap Financial Investment (MFIC) Surpasses Q3 Earnings and Revenue Estimates,Zacks,https://finance.yahoo.com/news/midcap-financial-investment-mfic-surpasses-222510198.html,1677018310,STORY
fb5fe7e2-144f-34b6-af78-0c8bc0affb47,PX,2023-4-3,"P10, Inc. (NYSE:PX) Passed Our Checks, And It's About To Pay A US$0.03 Dividend",Simply Wall St.,https://finance.yahoo.com/news/p10-inc-nyse-px-passed-103739785.html,1678444659,STORY
185c6938-c097-3c2a-beb4-48b27d7c7c55,PX,2023-4-3,"P10, Inc. (NYSE:PX) Q4 2022 Earnings Call Transcript",Insider Monkey,https://finance.yahoo.com/news/p10-inc-nyse-px-q4-120007324.html,1678276807,STORY
1b675fca-79de-3b9b-af1c-718507dffc83,PX,2023-4-3,Q4 2022 P10 Inc Earnings Call,Thomson Reuters StreetEvents,https://finance.yahoo.com/news/q4-2022-p10-inc-earnings-121911078.html,1678191551,STORY
c40e47b5-53f5-3989-97ac-412fcd977684,PX,2023-4-3,"P10, Inc. (PX) Q4 Earnings and Revenues Surpass Estimates",Zacks,https://finance.yahoo.com/news/p10-inc-px-q4-earnings-230511978.html,1678143911,STORY
a1e52638-e86c-38cc-8fa2-57d75de1b13a,PX,2023-4-3,P10 Reports Fourth Quarter and Full Year 2022 Earnings Results,GlobeNewswire,https://finance.yahoo.com/news/p10-reports-fourth-quarter-full-211000004.html,1678137000,STORY
a8585bbd-1a6e-3092-9feb-47f6178ccaa5,PX,2023-4-3,"P10, Inc. (PX) Earnings Expected to Grow: Should You Buy?",Zacks,https://finance.yahoo.com/news/p10-inc-px-earnings-expected-150003185.html,1677510003,STORY
721b8875-84df-35ca-9f5b-551862d18cf5,PX,2023-4-3,"Open Lending (LPRO) Reports Q4 Loss, Misses Revenue Estimates",Zacks,https://finance.yahoo.com/news/open-lending-lpro-reports-q4-233011958.html,1677195011,STORY
e54504a5-7174-387e-8dee-1266fe7e1e75,PX,2023-4-3,MidCap Financial Investment (MFIC) Surpasses Q3 Earnings and Revenue Estimates,Zacks,https://finance.yahoo.com/news/midcap-financial-investment-mfic-surpasses-222510198.html,1677018310,STORY
a96cc91a-79ba-352d-936b-4d5ecb074dad,PX,2023-4-5,"RCP Fund XVII Exceeds Target Fund Size, Closing $328 Million in Aggregate Capital Commitments",GlobeNewswire,https://finance.yahoo.com/news/rcp-fund-xvii-exceeds-target-163600526.html,1680626160,STORY
fb5fe7e2-144f-34b6-af78-0c8bc0affb47,PX,2023-4-5,"P10, Inc. (NYSE:PX) Passed Our Checks, And It's About To Pay A US$0.03 Dividend",Simply Wall St.,https://finance.yahoo.com/news/p10-inc-nyse-px-passed-103739785.html,1678444659,STORY
185c6938-c097-3c2a-beb4-48b27d7c7c55,PX,2023-4-5,"P10, Inc. (NYSE:PX) Q4 2022 Earnings Call Transcript",Insider Monkey,https://finance.yahoo.com/news/p10-inc-nyse-px-q4-120007324.html,1678276807,STORY
1b675fca-79de-3b9b-af1c-718507dffc83,PX,2023-4-5,Q4 2022 P10 Inc Earnings Call,Thomson Reuters StreetEvents,https://finance.yahoo.com/news/q4-2022-p10-inc-earnings-121911078.html,1678191551,STORY
c40e47b5-53f5-3989-97ac-412fcd977684,PX,2023-4-5,"P10, Inc. (PX) Q4 Earnings and Revenues Surpass Estimates",Zacks,https://finance.yahoo.com/news/p10-inc-px-q4-earnings-230511978.html,1678143911,STORY
a1e52638-e86c-38cc-8fa2-57d75de1b13a,PX,2023-4-5,P10 Reports Fourth Quarter and Full Year 2022 Earnings Results,GlobeNewswire,https://finance.yahoo.com/news/p10-reports-fourth-quarter-full-211000004.html,1678137000,STORY
a8585bbd-1a6e-3092-9feb-47f6178ccaa5,PX,2023-4-5,"P10, Inc. (PX) Earnings Expected to Grow: Should You Buy?",Zacks,https://finance.yahoo.com/news/p10-inc-px-earnings-expected-150003185.html,1677510003,STORY
721b8875-84df-35ca-9f5b-551862d18cf5,PX,2023-4-5,"Open Lending (LPRO) Reports Q4 Loss, Misses Revenue Estimates",Zacks,https://finance.yahoo.com/news/open-lending-lpro-reports-q4-233011958.html,1677195011,STORY
9486f732-9d82-380e-9a8c-f619165a6ff9,PX,2023-4-6,Shareholders in P10 (NYSE:PX) are in the red if they invested a year ago,Simply Wall St.,https://finance.yahoo.com/news/shareholders-p10-nyse-px-red-112322445.html,1680780202,STORY
a96cc91a-79ba-352d-936b-4d5ecb074dad,PX,2023-4-6,"RCP Fund XVII Exceeds Target Fund Size, Closing $328 Million in Aggregate Capital Commitments",GlobeNewswire,https://finance.yahoo.com/news/rcp-fund-xvii-exceeds-target-163600526.html,1680626160,STORY
fb5fe7e2-144f-34b6-af78-0c8bc0affb47,PX,2023-4-6,"P10, Inc. (NYSE:PX) Passed Our Checks, And It's About To Pay A US$0.03 Dividend",Simply Wall St.,https://finance.yahoo.com/news/p10-inc-nyse-px-passed-103739785.html,1678444659,STORY
185c6938-c097-3c2a-beb4-48b27d7c7c55,PX,2023-4-6,"P10, Inc. (NYSE:PX) Q4 2022 Earnings Call Transcript",Insider Monkey,https://finance.yahoo.com/news/p10-inc-nyse-px-q4-120007324.html,1678276807,STORY
1b675fca-79de-3b9b-af1c-718507dffc83,PX,2023-4-6,Q4 2022 P10 Inc Earnings Call,Thomson Reuters StreetEvents,https://finance.yahoo.com/news/q4-2022-p10-inc-earnings-121911078.html,1678191551,STORY
c40e47b5-53f5-3989-97ac-412fcd977684,PX,2023-4-6,"P10, Inc. (PX) Q4 Earnings and Revenues Surpass Estimates",Zacks,https://finance.yahoo.com/news/p10-inc-px-q4-earnings-230511978.html,1678143911,STORY
a1e52638-e86c-38cc-8fa2-57d75de1b13a,PX,2023-4-6,P10 Reports Fourth Quarter and Full Year 2022 Earnings Results,GlobeNewswire,https://finance.yahoo.com/news/p10-reports-fourth-quarter-full-211000004.html,1678137000,STORY
a8585bbd-1a6e-3092-9feb-47f6178ccaa5,PX,2023-4-6,"P10, Inc. (PX) Earnings Expected to Grow: Should You Buy?",Zacks,https://finance.yahoo.com/news/p10-inc-px-earnings-expected-150003185.html,1677510003,STORY
9486f732-9d82-380e-9a8c-f619165a6ff9,PX,2023-4-8,Shareholders in P10 (NYSE:PX) are in the red if they invested a year ago,Simply Wall St.,https://finance.yahoo.com/news/shareholders-p10-nyse-px-red-112322445.html,1680780202,STORY
a96cc91a-79ba-352d-936b-4d5ecb074dad,PX,2023-4-8,"RCP Fund XVII Exceeds Target Fund Size, Closing $328 Million in Aggregate Capital Commitments",GlobeNewswire,https://finance.yahoo.com/news/rcp-fund-xvii-exceeds-target-163600526.html,1680626160,STORY
fb5fe7e2-144f-34b6-af78-0c8bc0affb47,PX,2023-4-8,"P10, Inc. (NYSE:PX) Passed Our Checks, And It's About To Pay A US$0.03 Dividend",Simply Wall St.,https://finance.yahoo.com/news/p10-inc-nyse-px-passed-103739785.html,1678444659,STORY
185c6938-c097-3c2a-beb4-48b27d7c7c55,PX,2023-4-8,"P10, Inc. (NYSE:PX) Q4 2022 Earnings Call Transcript",Insider Monkey,https://finance.yahoo.com/news/p10-inc-nyse-px-q4-120007324.html,1678276807,STORY
1b675fca-79de-3b9b-af1c-718507dffc83,PX,2023-4-8,Q4 2022 P10 Inc Earnings Call,Thomson Reuters StreetEvents,https://finance.yahoo.com/news/q4-2022-p10-inc-earnings-121911078.html,1678191551,STORY
c40e47b5-53f5-3989-97ac-412fcd977684,PX,2023-4-8,"P10, Inc. (PX) Q4 Earnings and Revenues Surpass Estimates",Zacks,https://finance.yahoo.com/news/p10-inc-px-q4-earnings-230511978.html,1678143911,STORY
a1e52638-e86c-38cc-8fa2-57d75de1b13a,PX,2023-4-8,P10 Reports Fourth Quarter and Full Year 2022 Earnings Results,GlobeNewswire,https://finance.yahoo.com/news/p10-reports-fourth-quarter-full-211000004.html,1678137000,STORY
a8585bbd-1a6e-3092-9feb-47f6178ccaa5,PX,2023-4-8,"P10, Inc. (PX) Earnings Expected to Grow: Should You Buy?",Zacks,https://finance.yahoo.com/news/p10-inc-px-earnings-expected-150003185.html,1677510003,STORY
9486f732-9d82-380e-9a8c-f619165a6ff9,PX,2023-4-9,Shareholders in P10 (NYSE:PX) are in the red if they invested a year ago,Simply Wall St.,https://finance.yahoo.com/news/shareholders-p10-nyse-px-red-112322445.html,1680780202,STORY
a96cc91a-79ba-352d-936b-4d5ecb074dad,PX,2023-4-9,"RCP Fund XVII Exceeds Target Fund Size, Closing $328 Million in Aggregate Capital Commitments",GlobeNewswire,https://finance.yahoo.com/news/rcp-fund-xvii-exceeds-target-163600526.html,1680626160,STORY
fb5fe7e2-144f-34b6-af78-0c8bc0affb47,PX,2023-4-9,"P10, Inc. (NYSE:PX) Passed Our Checks, And It's About To Pay A US$0.03 Dividend",Simply Wall St.,https://finance.yahoo.com/news/p10-inc-nyse-px-passed-103739785.html,1678444659,STORY
185c6938-c097-3c2a-beb4-48b27d7c7c55,PX,2023-4-9,"P10, Inc. (NYSE:PX) Q4 2022 Earnings Call Transcript",Insider Monkey,https://finance.yahoo.com/news/p10-inc-nyse-px-q4-120007324.html,1678276807,STORY
1b675fca-79de-3b9b-af1c-718507dffc83,PX,2023-4-9,Q4 2022 P10 Inc Earnings Call,Thomson Reuters StreetEvents,https://finance.yahoo.com/news/q4-2022-p10-inc-earnings-121911078.html,1678191551,STORY
c40e47b5-53f5-3989-97ac-412fcd977684,PX,2023-4-9,"P10, Inc. (PX) Q4 Earnings and Revenues Surpass Estimates",Zacks,https://finance.yahoo.com/news/p10-inc-px-q4-earnings-230511978.html,1678143911,STORY
a1e52638-e86c-38cc-8fa2-57d75de1b13a,PX,2023-4-9,P10 Reports Fourth Quarter and Full Year 2022 Earnings Results,GlobeNewswire,https://finance.yahoo.com/news/p10-reports-fourth-quarter-full-211000004.html,1678137000,STORY
a8585bbd-1a6e-3092-9feb-47f6178ccaa5,PX,2023-4-9,"P10, Inc. (PX) Earnings Expected to Grow: Should You Buy?",Zacks,https://finance.yahoo.com/news/p10-inc-px-earnings-expected-150003185.html,1677510003,STORY
9486f732-9d82-380e-9a8c-f619165a6ff9,PX,2023-4-10,Shareholders in P10 (NYSE:PX) are in the red if they invested a year ago,Simply Wall St.,https://finance.yahoo.com/news/shareholders-p10-nyse-px-red-112322445.html,1680780202,STORY
a96cc91a-79ba-352d-936b-4d5ecb074dad,PX,2023-4-10,"RCP Fund XVII Exceeds Target Fund Size, Closing $328 Million in Aggregate Capital Commitments",GlobeNewswire,https://finance.yahoo.com/news/rcp-fund-xvii-exceeds-target-163600526.html,1680626160,STORY
fb5fe7e2-144f-34b6-af78-0c8bc0affb47,PX,2023-4-10,"P10, Inc. (NYSE:PX) Passed Our Checks, And It's About To Pay A US$0.03 Dividend",Simply Wall St.,https://finance.yahoo.com/news/p10-inc-nyse-px-passed-103739785.html,1678444659,STORY
185c6938-c097-3c2a-beb4-48b27d7c7c55,PX,2023-4-10,"P10, Inc. (NYSE:PX) Q4 2022 Earnings Call Transcript",Insider Monkey,https://finance.yahoo.com/news/p10-inc-nyse-px-q4-120007324.html,1678276807,STORY
1b675fca-79de-3b9b-af1c-718507dffc83,PX,2023-4-10,Q4 2022 P10 Inc Earnings Call,Thomson Reuters StreetEvents,https://finance.yahoo.com/news/q4-2022-p10-inc-earnings-121911078.html,1678191551,STORY
c40e47b5-53f5-3989-97ac-412fcd977684,PX,2023-4-10,"P10, Inc. (PX) Q4 Earnings and Revenues Surpass Estimates",Zacks,https://finance.yahoo.com/news/p10-inc-px-q4-earnings-230511978.html,1678143911,STORY
a1e52638-e86c-38cc-8fa2-57d75de1b13a,PX,2023-4-10,P10 Reports Fourth Quarter and Full Year 2022 Earnings Results,GlobeNewswire,https://finance.yahoo.com/news/p10-reports-fourth-quarter-full-211000004.html,1678137000,STORY
a8585bbd-1a6e-3092-9feb-47f6178ccaa5,PX,2023-4-10,"P10, Inc. (PX) Earnings Expected to Grow: Should You Buy?",Zacks,https://finance.yahoo.com/news/p10-inc-px-earnings-expected-150003185.html,1677510003,STORY
9486f732-9d82-380e-9a8c-f619165a6ff9,PX,2023-4-12,Shareholders in P10 (NYSE:PX) are in the red if they invested a year ago,Simply Wall St.,https://finance.yahoo.com/news/shareholders-p10-nyse-px-red-112322445.html,1680780202,STORY
a96cc91a-79ba-352d-936b-4d5ecb074dad,PX,2023-4-12,"RCP Fund XVII Exceeds Target Fund Size, Closing $328 Million in Aggregate Capital Commitments",GlobeNewswire,https://finance.yahoo.com/news/rcp-fund-xvii-exceeds-target-163600526.html,1680626160,STORY
fb5fe7e2-144f-34b6-af78-0c8bc0affb47,PX,2023-4-12,"P10, Inc. (NYSE:PX) Passed Our Checks, And It's About To Pay A US$0.03 Dividend",Simply Wall St.,https://finance.yahoo.com/news/p10-inc-nyse-px-passed-103739785.html,1678444659,STORY
185c6938-c097-3c2a-beb4-48b27d7c7c55,PX,2023-4-12,"P10, Inc. (NYSE:PX) Q4 2022 Earnings Call Transcript",Insider Monkey,https://finance.yahoo.com/news/p10-inc-nyse-px-q4-120007324.html,1678276807,STORY
1b675fca-79de-3b9b-af1c-718507dffc83,PX,2023-4-12,Q4 2022 P10 Inc Earnings Call,Thomson Reuters StreetEvents,https://finance.yahoo.com/news/q4-2022-p10-inc-earnings-121911078.html,1678191551,STORY
c40e47b5-53f5-3989-97ac-412fcd977684,PX,2023-4-12,"P10, Inc. (PX) Q4 Earnings and Revenues Surpass Estimates",Zacks,https://finance.yahoo.com/news/p10-inc-px-q4-earnings-230511978.html,1678143911,STORY
a1e52638-e86c-38cc-8fa2-57d75de1b13a,PX,2023-4-12,P10 Reports Fourth Quarter and Full Year 2022 Earnings Results,GlobeNewswire,https://finance.yahoo.com/news/p10-reports-fourth-quarter-full-211000004.html,1678137000,STORY
a8585bbd-1a6e-3092-9feb-47f6178ccaa5,PX,2023-4-12,"P10, Inc. (PX) Earnings Expected to Grow: Should You Buy?",Zacks,https://finance.yahoo.com/news/p10-inc-px-earnings-expected-150003185.html,1677510003,STORY
9486f732-9d82-380e-9a8c-f619165a6ff9,PX,2023-4-14,Shareholders in P10 (NYSE:PX) are in the red if they invested a year ago,Simply Wall St.,https://finance.yahoo.com/news/shareholders-p10-nyse-px-red-112322445.html,1680780202,STORY
a96cc91a-79ba-352d-936b-4d5ecb074dad,PX,2023-4-14,"RCP Fund XVII Exceeds Target Fund Size, Closing $328 Million in Aggregate Capital Commitments",GlobeNewswire,https://finance.yahoo.com/news/rcp-fund-xvii-exceeds-target-163600526.html,1680626160,STORY
fb5fe7e2-144f-34b6-af78-0c8bc0affb47,PX,2023-4-14,"P10, Inc. (NYSE:PX) Passed Our Checks, And It's About To Pay A US$0.03 Dividend",Simply Wall St.,https://finance.yahoo.com/news/p10-inc-nyse-px-passed-103739785.html,1678444659,STORY
185c6938-c097-3c2a-beb4-48b27d7c7c55,PX,2023-4-14,"P10, Inc. (NYSE:PX) Q4 2022 Earnings Call Transcript",Insider Monkey,https://finance.yahoo.com/news/p10-inc-nyse-px-q4-120007324.html,1678276807,STORY
1b675fca-79de-3b9b-af1c-718507dffc83,PX,2023-4-14,Q4 2022 P10 Inc Earnings Call,Thomson Reuters StreetEvents,https://finance.yahoo.com/news/q4-2022-p10-inc-earnings-121911078.html,1678191551,STORY
c40e47b5-53f5-3989-97ac-412fcd977684,PX,2023-4-14,"P10, Inc. (PX) Q4 Earnings and Revenues Surpass Estimates",Zacks,https://finance.yahoo.com/news/p10-inc-px-q4-earnings-230511978.html,1678143911,STORY
a1e52638-e86c-38cc-8fa2-57d75de1b13a,PX,2023-4-14,P10 Reports Fourth Quarter and Full Year 2022 Earnings Results,GlobeNewswire,https://finance.yahoo.com/news/p10-reports-fourth-quarter-full-211000004.html,1678137000,STORY
a8585bbd-1a6e-3092-9feb-47f6178ccaa5,PX,2023-4-14,"P10, Inc. (PX) Earnings Expected to Grow: Should You Buy?",Zacks,https://finance.yahoo.com/news/p10-inc-px-earnings-expected-150003185.html,1677510003,STORY
9486f732-9d82-380e-9a8c-f619165a6ff9,PX,2023-4-15,Shareholders in P10 (NYSE:PX) are in the red if they invested a year ago,Simply Wall St.,https://finance.yahoo.com/news/shareholders-p10-nyse-px-red-112322445.html,1680780202,STORY
a96cc91a-79ba-352d-936b-4d5ecb074dad,PX,2023-4-15,"RCP Fund XVII Exceeds Target Fund Size, Closing $328 Million in Aggregate Capital Commitments",GlobeNewswire,https://finance.yahoo.com/news/rcp-fund-xvii-exceeds-target-163600526.html,1680626160,STORY
fb5fe7e2-144f-34b6-af78-0c8bc0affb47,PX,2023-4-15,"P10, Inc. (NYSE:PX) Passed Our Checks, And It's About To Pay A US$0.03 Dividend",Simply Wall St.,https://finance.yahoo.com/news/p10-inc-nyse-px-passed-103739785.html,1678444659,STORY
185c6938-c097-3c2a-beb4-48b27d7c7c55,PX,2023-4-15,"P10, Inc. (NYSE:PX) Q4 2022 Earnings Call Transcript",Insider Monkey,https://finance.yahoo.com/news/p10-inc-nyse-px-q4-120007324.html,1678276807,STORY
1b675fca-79de-3b9b-af1c-718507dffc83,PX,2023-4-15,Q4 2022 P10 Inc Earnings Call,Thomson Reuters StreetEvents,https://finance.yahoo.com/news/q4-2022-p10-inc-earnings-121911078.html,1678191551,STORY
c40e47b5-53f5-3989-97ac-412fcd977684,PX,2023-4-15,"P10, Inc. (PX) Q4 Earnings and Revenues Surpass Estimates",Zacks,https://finance.yahoo.com/news/p10-inc-px-q4-earnings-230511978.html,1678143911,STORY
a1e52638-e86c-38cc-8fa2-57d75de1b13a,PX,2023-4-15,P10 Reports Fourth Quarter and Full Year 2022 Earnings Results,GlobeNewswire,https://finance.yahoo.com/news/p10-reports-fourth-quarter-full-211000004.html,1678137000,STORY
a8585bbd-1a6e-3092-9feb-47f6178ccaa5,PX,2023-4-15,"P10, Inc. (PX) Earnings Expected to Grow: Should You Buy?",Zacks,https://finance.yahoo.com/news/p10-inc-px-earnings-expected-150003185.html,1677510003,STORY
9486f732-9d82-380e-9a8c-f619165a6ff9,PX,2023-4-16,Shareholders in P10 (NYSE:PX) are in the red if they invested a year ago,Simply Wall St.,https://finance.yahoo.com/news/shareholders-p10-nyse-px-red-112322445.html,1680780202,STORY
a96cc91a-79ba-352d-936b-4d5ecb074dad,PX,2023-4-16,"RCP Fund XVII Exceeds Target Fund Size, Closing $328 Million in Aggregate Capital Commitments",GlobeNewswire,https://finance.yahoo.com/news/rcp-fund-xvii-exceeds-target-163600526.html,1680626160,STORY
fb5fe7e2-144f-34b6-af78-0c8bc0affb47,PX,2023-4-16,"P10, Inc. (NYSE:PX) Passed Our Checks, And It's About To Pay A US$0.03 Dividend",Simply Wall St.,https://finance.yahoo.com/news/p10-inc-nyse-px-passed-103739785.html,1678444659,STORY
185c6938-c097-3c2a-beb4-48b27d7c7c55,PX,2023-4-16,"P10, Inc. (NYSE:PX) Q4 2022 Earnings Call Transcript",Insider Monkey,https://finance.yahoo.com/news/p10-inc-nyse-px-q4-120007324.html,1678276807,STORY
1b675fca-79de-3b9b-af1c-718507dffc83,PX,2023-4-16,Q4 2022 P10 Inc Earnings Call,Thomson Reuters StreetEvents,https://finance.yahoo.com/news/q4-2022-p10-inc-earnings-121911078.html,1678191551,STORY
c40e47b5-53f5-3989-97ac-412fcd977684,PX,2023-4-16,"P10, Inc. (PX) Q4 Earnings and Revenues Surpass Estimates",Zacks,https://finance.yahoo.com/news/p10-inc-px-q4-earnings-230511978.html,1678143911,STORY
a1e52638-e86c-38cc-8fa2-57d75de1b13a,PX,2023-4-16,P10 Reports Fourth Quarter and Full Year 2022 Earnings Results,GlobeNewswire,https://finance.yahoo.com/news/p10-reports-fourth-quarter-full-211000004.html,1678137000,STORY
a8585bbd-1a6e-3092-9feb-47f6178ccaa5,PX,2023-4-16,"P10, Inc. (PX) Earnings Expected to Grow: Should You Buy?",Zacks,https://finance.yahoo.com/news/p10-inc-px-earnings-expected-150003185.html,1677510003,STORY
9486f732-9d82-380e-9a8c-f619165a6ff9,PX,2023-4-17,Shareholders in P10 (NYSE:PX) are in the red if they invested a year ago,Simply Wall St.,https://finance.yahoo.com/news/shareholders-p10-nyse-px-red-112322445.html,1680780202,STORY
a96cc91a-79ba-352d-936b-4d5ecb074dad,PX,2023-4-17,"RCP Fund XVII Exceeds Target Fund Size, Closing $328 Million in Aggregate Capital Commitments",GlobeNewswire,https://finance.yahoo.com/news/rcp-fund-xvii-exceeds-target-163600526.html,1680626160,STORY
fb5fe7e2-144f-34b6-af78-0c8bc0affb47,PX,2023-4-17,"P10, Inc. (NYSE:PX) Passed Our Checks, And It's About To Pay A US$0.03 Dividend",Simply Wall St.,https://finance.yahoo.com/news/p10-inc-nyse-px-passed-103739785.html,1678444659,STORY
185c6938-c097-3c2a-beb4-48b27d7c7c55,PX,2023-4-17,"P10, Inc. (NYSE:PX) Q4 2022 Earnings Call Transcript",Insider Monkey,https://finance.yahoo.com/news/p10-inc-nyse-px-q4-120007324.html,1678276807,STORY
1b675fca-79de-3b9b-af1c-718507dffc83,PX,2023-4-17,Q4 2022 P10 Inc Earnings Call,Thomson Reuters StreetEvents,https://finance.yahoo.com/news/q4-2022-p10-inc-earnings-121911078.html,1678191551,STORY
c40e47b5-53f5-3989-97ac-412fcd977684,PX,2023-4-17,"P10, Inc. (PX) Q4 Earnings and Revenues Surpass Estimates",Zacks,https://finance.yahoo.com/news/p10-inc-px-q4-earnings-230511978.html,1678143911,STORY
a1e52638-e86c-38cc-8fa2-57d75de1b13a,PX,2023-4-17,P10 Reports Fourth Quarter and Full Year 2022 Earnings Results,GlobeNewswire,https://finance.yahoo.com/news/p10-reports-fourth-quarter-full-211000004.html,1678137000,STORY
a8585bbd-1a6e-3092-9feb-47f6178ccaa5,PX,2023-4-17,"P10, Inc. (PX) Earnings Expected to Grow: Should You Buy?",Zacks,https://finance.yahoo.com/news/p10-inc-px-earnings-expected-150003185.html,1677510003,STORY
9486f732-9d82-380e-9a8c-f619165a6ff9,PX,2023-4-18,Shareholders in P10 (NYSE:PX) are in the red if they invested a year ago,Simply Wall St.,https://finance.yahoo.com/news/shareholders-p10-nyse-px-red-112322445.html,1680780202,STORY
a96cc91a-79ba-352d-936b-4d5ecb074dad,PX,2023-4-18,"RCP Fund XVII Exceeds Target Fund Size, Closing $328 Million in Aggregate Capital Commitments",GlobeNewswire,https://finance.yahoo.com/news/rcp-fund-xvii-exceeds-target-163600526.html,1680626160,STORY
fb5fe7e2-144f-34b6-af78-0c8bc0affb47,PX,2023-4-18,"P10, Inc. (NYSE:PX) Passed Our Checks, And It's About To Pay A US$0.03 Dividend",Simply Wall St.,https://finance.yahoo.com/news/p10-inc-nyse-px-passed-103739785.html,1678444659,STORY
185c6938-c097-3c2a-beb4-48b27d7c7c55,PX,2023-4-18,"P10, Inc. (NYSE:PX) Q4 2022 Earnings Call Transcript",Insider Monkey,https://finance.yahoo.com/news/p10-inc-nyse-px-q4-120007324.html,1678276807,STORY
1b675fca-79de-3b9b-af1c-718507dffc83,PX,2023-4-18,Q4 2022 P10 Inc Earnings Call,Thomson Reuters StreetEvents,https://finance.yahoo.com/news/q4-2022-p10-inc-earnings-121911078.html,1678191551,STORY
c40e47b5-53f5-3989-97ac-412fcd977684,PX,2023-4-18,"P10, Inc. (PX) Q4 Earnings and Revenues Surpass Estimates",Zacks,https://finance.yahoo.com/news/p10-inc-px-q4-earnings-230511978.html,1678143911,STORY
a1e52638-e86c-38cc-8fa2-57d75de1b13a,PX,2023-4-18,P10 Reports Fourth Quarter and Full Year 2022 Earnings Results,GlobeNewswire,https://finance.yahoo.com/news/p10-reports-fourth-quarter-full-211000004.html,1678137000,STORY
a8585bbd-1a6e-3092-9feb-47f6178ccaa5,PX,2023-4-18,"P10, Inc. (PX) Earnings Expected to Grow: Should You Buy?",Zacks,https://finance.yahoo.com/news/p10-inc-px-earnings-expected-150003185.html,1677510003,STORY
9486f732-9d82-380e-9a8c-f619165a6ff9,PX,2023-4-21,Shareholders in P10 (NYSE:PX) are in the red if they invested a year ago,Simply Wall St.,https://finance.yahoo.com/news/shareholders-p10-nyse-px-red-112322445.html,1680780202,STORY
a96cc91a-79ba-352d-936b-4d5ecb074dad,PX,2023-4-21,"RCP Fund XVII Exceeds Target Fund Size, Closing $328 Million in Aggregate Capital Commitments",GlobeNewswire,https://finance.yahoo.com/news/rcp-fund-xvii-exceeds-target-163600526.html,1680626160,STORY
fb5fe7e2-144f-34b6-af78-0c8bc0affb47,PX,2023-4-21,"P10, Inc. (NYSE:PX) Passed Our Checks, And It's About To Pay A US$0.03 Dividend",Simply Wall St.,https://finance.yahoo.com/news/p10-inc-nyse-px-passed-103739785.html,1678444659,STORY
185c6938-c097-3c2a-beb4-48b27d7c7c55,PX,2023-4-21,"P10, Inc. (NYSE:PX) Q4 2022 Earnings Call Transcript",Insider Monkey,https://finance.yahoo.com/news/p10-inc-nyse-px-q4-120007324.html,1678276807,STORY
1b675fca-79de-3b9b-af1c-718507dffc83,PX,2023-4-21,Q4 2022 P10 Inc Earnings Call,Thomson Reuters StreetEvents,https://finance.yahoo.com/news/q4-2022-p10-inc-earnings-121911078.html,1678191551,STORY
c40e47b5-53f5-3989-97ac-412fcd977684,PX,2023-4-21,"P10, Inc. (PX) Q4 Earnings and Revenues Surpass Estimates",Zacks,https://finance.yahoo.com/news/p10-inc-px-q4-earnings-230511978.html,1678143911,STORY
a1e52638-e86c-38cc-8fa2-57d75de1b13a,PX,2023-4-21,P10 Reports Fourth Quarter and Full Year 2022 Earnings Results,GlobeNewswire,https://finance.yahoo.com/news/p10-reports-fourth-quarter-full-211000004.html,1678137000,STORY
a8585bbd-1a6e-3092-9feb-47f6178ccaa5,PX,2023-4-21,"P10, Inc. (PX) Earnings Expected to Grow: Should You Buy?",Zacks,https://finance.yahoo.com/news/p10-inc-px-earnings-expected-150003185.html,1677510003,STORY
9486f732-9d82-380e-9a8c-f619165a6ff9,PX,2023-4-22,Shareholders in P10 (NYSE:PX) are in the red if they invested a year ago,Simply Wall St.,https://finance.yahoo.com/news/shareholders-p10-nyse-px-red-112322445.html,1680780202,STORY
a96cc91a-79ba-352d-936b-4d5ecb074dad,PX,2023-4-22,"RCP Fund XVII Exceeds Target Fund Size, Closing $328 Million in Aggregate Capital Commitments",GlobeNewswire,https://finance.yahoo.com/news/rcp-fund-xvii-exceeds-target-163600526.html,1680626160,STORY
fb5fe7e2-144f-34b6-af78-0c8bc0affb47,PX,2023-4-22,"P10, Inc. (NYSE:PX) Passed Our Checks, And It's About To Pay A US$0.03 Dividend",Simply Wall St.,https://finance.yahoo.com/news/p10-inc-nyse-px-passed-103739785.html,1678444659,STORY
185c6938-c097-3c2a-beb4-48b27d7c7c55,PX,2023-4-22,"P10, Inc. (NYSE:PX) Q4 2022 Earnings Call Transcript",Insider Monkey,https://finance.yahoo.com/news/p10-inc-nyse-px-q4-120007324.html,1678276807,STORY
1b675fca-79de-3b9b-af1c-718507dffc83,PX,2023-4-22,Q4 2022 P10 Inc Earnings Call,Thomson Reuters StreetEvents,https://finance.yahoo.com/news/q4-2022-p10-inc-earnings-121911078.html,1678191551,STORY
c40e47b5-53f5-3989-97ac-412fcd977684,PX,2023-4-22,"P10, Inc. (PX) Q4 Earnings and Revenues Surpass Estimates",Zacks,https://finance.yahoo.com/news/p10-inc-px-q4-earnings-230511978.html,1678143911,STORY
a1e52638-e86c-38cc-8fa2-57d75de1b13a,PX,2023-4-22,P10 Reports Fourth Quarter and Full Year 2022 Earnings Results,GlobeNewswire,https://finance.yahoo.com/news/p10-reports-fourth-quarter-full-211000004.html,1678137000,STORY
a8585bbd-1a6e-3092-9feb-47f6178ccaa5,PX,2023-4-22,"P10, Inc. (PX) Earnings Expected to Grow: Should You Buy?",Zacks,https://finance.yahoo.com/news/p10-inc-px-earnings-expected-150003185.html,1677510003,STORY
9486f732-9d82-380e-9a8c-f619165a6ff9,PX,2023-4-24,Shareholders in P10 (NYSE:PX) are in the red if they invested a year ago,Simply Wall St.,https://finance.yahoo.com/news/shareholders-p10-nyse-px-red-112322445.html,1680780202,STORY
a96cc91a-79ba-352d-936b-4d5ecb074dad,PX,2023-4-24,"RCP Fund XVII Exceeds Target Fund Size, Closing $328 Million in Aggregate Capital Commitments",GlobeNewswire,https://finance.yahoo.com/news/rcp-fund-xvii-exceeds-target-163600526.html,1680626160,STORY
fb5fe7e2-144f-34b6-af78-0c8bc0affb47,PX,2023-4-24,"P10, Inc. (NYSE:PX) Passed Our Checks, And It's About To Pay A US$0.03 Dividend",Simply Wall St.,https://finance.yahoo.com/news/p10-inc-nyse-px-passed-103739785.html,1678444659,STORY
185c6938-c097-3c2a-beb4-48b27d7c7c55,PX,2023-4-24,"P10, Inc. (NYSE:PX) Q4 2022 Earnings Call Transcript",Insider Monkey,https://finance.yahoo.com/news/p10-inc-nyse-px-q4-120007324.html,1678276807,STORY
1b675fca-79de-3b9b-af1c-718507dffc83,PX,2023-4-24,Q4 2022 P10 Inc Earnings Call,Thomson Reuters StreetEvents,https://finance.yahoo.com/news/q4-2022-p10-inc-earnings-121911078.html,1678191551,STORY
c40e47b5-53f5-3989-97ac-412fcd977684,PX,2023-4-24,"P10, Inc. (PX) Q4 Earnings and Revenues Surpass Estimates",Zacks,https://finance.yahoo.com/news/p10-inc-px-q4-earnings-230511978.html,1678143911,STORY
a1e52638-e86c-38cc-8fa2-57d75de1b13a,PX,2023-4-24,P10 Reports Fourth Quarter and Full Year 2022 Earnings Results,GlobeNewswire,https://finance.yahoo.com/news/p10-reports-fourth-quarter-full-211000004.html,1678137000,STORY
a8585bbd-1a6e-3092-9feb-47f6178ccaa5,PX,2023-4-24,"P10, Inc. (PX) Earnings Expected to Grow: Should You Buy?",Zacks,https://finance.yahoo.com/news/p10-inc-px-earnings-expected-150003185.html,1677510003,STORY
bd8f3ce8-22f9-3fbd-93da-3101c972470e,PX,2023-4-26,"P10 Schedules First Quarter 2023 Earnings Release for Monday, May 15, 2023",GlobeNewswire,https://finance.yahoo.com/news/p10-schedules-first-quarter-2023-203000666.html,1682454600,STORY
9486f732-9d82-380e-9a8c-f619165a6ff9,PX,2023-4-26,Shareholders in P10 (NYSE:PX) are in the red if they invested a year ago,Simply Wall St.,https://finance.yahoo.com/news/shareholders-p10-nyse-px-red-112322445.html,1680780202,STORY
a96cc91a-79ba-352d-936b-4d5ecb074dad,PX,2023-4-26,"RCP Fund XVII Exceeds Target Fund Size, Closing $328 Million in Aggregate Capital Commitments",GlobeNewswire,https://finance.yahoo.com/news/rcp-fund-xvii-exceeds-target-163600526.html,1680626160,STORY
fb5fe7e2-144f-34b6-af78-0c8bc0affb47,PX,2023-4-26,"P10, Inc. (NYSE:PX) Passed Our Checks, And It's About To Pay A US$0.03 Dividend",Simply Wall St.,https://finance.yahoo.com/news/p10-inc-nyse-px-passed-103739785.html,1678444659,STORY
185c6938-c097-3c2a-beb4-48b27d7c7c55,PX,2023-4-26,"P10, Inc. (NYSE:PX) Q4 2022 Earnings Call Transcript",Insider Monkey,https://finance.yahoo.com/news/p10-inc-nyse-px-q4-120007324.html,1678276807,STORY
1b675fca-79de-3b9b-af1c-718507dffc83,PX,2023-4-26,Q4 2022 P10 Inc Earnings Call,Thomson Reuters StreetEvents,https://finance.yahoo.com/news/q4-2022-p10-inc-earnings-121911078.html,1678191551,STORY
c40e47b5-53f5-3989-97ac-412fcd977684,PX,2023-4-26,"P10, Inc. (PX) Q4 Earnings and Revenues Surpass Estimates",Zacks,https://finance.yahoo.com/news/p10-inc-px-q4-earnings-230511978.html,1678143911,STORY
a1e52638-e86c-38cc-8fa2-57d75de1b13a,PX,2023-4-26,P10 Reports Fourth Quarter and Full Year 2022 Earnings Results,GlobeNewswire,https://finance.yahoo.com/news/p10-reports-fourth-quarter-full-211000004.html,1678137000,STORY
bd8f3ce8-22f9-3fbd-93da-3101c972470e,PX,2023-4-27,"P10 Schedules First Quarter 2023 Earnings Release for Monday, May 15, 2023",GlobeNewswire,https://finance.yahoo.com/news/p10-schedules-first-quarter-2023-203000666.html,1682454600,STORY
9486f732-9d82-380e-9a8c-f619165a6ff9,PX,2023-4-27,Shareholders in P10 (NYSE:PX) are in the red if they invested a year ago,Simply Wall St.,https://finance.yahoo.com/news/shareholders-p10-nyse-px-red-112322445.html,1680780202,STORY
a96cc91a-79ba-352d-936b-4d5ecb074dad,PX,2023-4-27,"RCP Fund XVII Exceeds Target Fund Size, Closing $328 Million in Aggregate Capital Commitments",GlobeNewswire,https://finance.yahoo.com/news/rcp-fund-xvii-exceeds-target-163600526.html,1680626160,STORY
fb5fe7e2-144f-34b6-af78-0c8bc0affb47,PX,2023-4-27,"P10, Inc. (NYSE:PX) Passed Our Checks, And It's About To Pay A US$0.03 Dividend",Simply Wall St.,https://finance.yahoo.com/news/p10-inc-nyse-px-passed-103739785.html,1678444659,STORY
185c6938-c097-3c2a-beb4-48b27d7c7c55,PX,2023-4-27,"P10, Inc. (NYSE:PX) Q4 2022 Earnings Call Transcript",Insider Monkey,https://finance.yahoo.com/news/p10-inc-nyse-px-q4-120007324.html,1678276807,STORY
1b675fca-79de-3b9b-af1c-718507dffc83,PX,2023-4-27,Q4 2022 P10 Inc Earnings Call,Thomson Reuters StreetEvents,https://finance.yahoo.com/news/q4-2022-p10-inc-earnings-121911078.html,1678191551,STORY
c40e47b5-53f5-3989-97ac-412fcd977684,PX,2023-4-27,"P10, Inc. (PX) Q4 Earnings and Revenues Surpass Estimates",Zacks,https://finance.yahoo.com/news/p10-inc-px-q4-earnings-230511978.html,1678143911,STORY
a1e52638-e86c-38cc-8fa2-57d75de1b13a,PX,2023-4-27,P10 Reports Fourth Quarter and Full Year 2022 Earnings Results,GlobeNewswire,https://finance.yahoo.com/news/p10-reports-fourth-quarter-full-211000004.html,1678137000,STORY
a45fa181-4c9f-3036-b06e-b1376755789f,PX,2023-4-28,Heritage Commerce (HTBK) Meets Q1 Earnings Estimates,Zacks,https://finance.yahoo.com/news/heritage-commerce-htbk-meets-q1-230511485.html,1682636711,STORY
bd8f3ce8-22f9-3fbd-93da-3101c972470e,PX,2023-4-28,"P10 Schedules First Quarter 2023 Earnings Release for Monday, May 15, 2023",GlobeNewswire,https://finance.yahoo.com/news/p10-schedules-first-quarter-2023-203000666.html,1682454600,STORY
9486f732-9d82-380e-9a8c-f619165a6ff9,PX,2023-4-28,Shareholders in P10 (NYSE:PX) are in the red if they invested a year ago,Simply Wall St.,https://finance.yahoo.com/news/shareholders-p10-nyse-px-red-112322445.html,1680780202,STORY
a96cc91a-79ba-352d-936b-4d5ecb074dad,PX,2023-4-28,"RCP Fund XVII Exceeds Target Fund Size, Closing $328 Million in Aggregate Capital Commitments",GlobeNewswire,https://finance.yahoo.com/news/rcp-fund-xvii-exceeds-target-163600526.html,1680626160,STORY
fb5fe7e2-144f-34b6-af78-0c8bc0affb47,PX,2023-4-28,"P10, Inc. (NYSE:PX) Passed Our Checks, And It's About To Pay A US$0.03 Dividend",Simply Wall St.,https://finance.yahoo.com/news/p10-inc-nyse-px-passed-103739785.html,1678444659,STORY
185c6938-c097-3c2a-beb4-48b27d7c7c55,PX,2023-4-28,"P10, Inc. (NYSE:PX) Q4 2022 Earnings Call Transcript",Insider Monkey,https://finance.yahoo.com/news/p10-inc-nyse-px-q4-120007324.html,1678276807,STORY
1b675fca-79de-3b9b-af1c-718507dffc83,PX,2023-4-28,Q4 2022 P10 Inc Earnings Call,Thomson Reuters StreetEvents,https://finance.yahoo.com/news/q4-2022-p10-inc-earnings-121911078.html,1678191551,STORY
c40e47b5-53f5-3989-97ac-412fcd977684,PX,2023-4-28,"P10, Inc. (PX) Q4 Earnings and Revenues Surpass Estimates",Zacks,https://finance.yahoo.com/news/p10-inc-px-q4-earnings-230511978.html,1678143911,STORY
a45fa181-4c9f-3036-b06e-b1376755789f,PX,2023-4-29,Heritage Commerce (HTBK) Meets Q1 Earnings Estimates,Zacks,https://finance.yahoo.com/news/heritage-commerce-htbk-meets-q1-230511485.html,1682636711,STORY
bd8f3ce8-22f9-3fbd-93da-3101c972470e,PX,2023-4-29,"P10 Schedules First Quarter 2023 Earnings Release for Monday, May 15, 2023",GlobeNewswire,https://finance.yahoo.com/news/p10-schedules-first-quarter-2023-203000666.html,1682454600,STORY
9486f732-9d82-380e-9a8c-f619165a6ff9,PX,2023-4-29,Shareholders in P10 (NYSE:PX) are in the red if they invested a year ago,Simply Wall St.,https://finance.yahoo.com/news/shareholders-p10-nyse-px-red-112322445.html,1680780202,STORY
a96cc91a-79ba-352d-936b-4d5ecb074dad,PX,2023-4-29,"RCP Fund XVII Exceeds Target Fund Size, Closing $328 Million in Aggregate Capital Commitments",GlobeNewswire,https://finance.yahoo.com/news/rcp-fund-xvii-exceeds-target-163600526.html,1680626160,STORY
fb5fe7e2-144f-34b6-af78-0c8bc0affb47,PX,2023-4-29,"P10, Inc. (NYSE:PX) Passed Our Checks, And It's About To Pay A US$0.03 Dividend",Simply Wall St.,https://finance.yahoo.com/news/p10-inc-nyse-px-passed-103739785.html,1678444659,STORY
185c6938-c097-3c2a-beb4-48b27d7c7c55,PX,2023-4-29,"P10, Inc. (NYSE:PX) Q4 2022 Earnings Call Transcript",Insider Monkey,https://finance.yahoo.com/news/p10-inc-nyse-px-q4-120007324.html,1678276807,STORY
1b675fca-79de-3b9b-af1c-718507dffc83,PX,2023-4-29,Q4 2022 P10 Inc Earnings Call,Thomson Reuters StreetEvents,https://finance.yahoo.com/news/q4-2022-p10-inc-earnings-121911078.html,1678191551,STORY
c40e47b5-53f5-3989-97ac-412fcd977684,PX,2023-4-29,"P10, Inc. (PX) Q4 Earnings and Revenues Surpass Estimates",Zacks,https://finance.yahoo.com/news/p10-inc-px-q4-earnings-230511978.html,1678143911,STORY
a45fa181-4c9f-3036-b06e-b1376755789f,PX,2023-4-30,Heritage Commerce (HTBK) Meets Q1 Earnings Estimates,Zacks,https://finance.yahoo.com/news/heritage-commerce-htbk-meets-q1-230511485.html,1682636711,STORY
bd8f3ce8-22f9-3fbd-93da-3101c972470e,PX,2023-4-30,"P10 Schedules First Quarter 2023 Earnings Release for Monday, May 15, 2023",GlobeNewswire,https://finance.yahoo.com/news/p10-schedules-first-quarter-2023-203000666.html,1682454600,STORY
9486f732-9d82-380e-9a8c-f619165a6ff9,PX,2023-4-30,Shareholders in P10 (NYSE:PX) are in the red if they invested a year ago,Simply Wall St.,https://finance.yahoo.com/news/shareholders-p10-nyse-px-red-112322445.html,1680780202,STORY
a96cc91a-79ba-352d-936b-4d5ecb074dad,PX,2023-4-30,"RCP Fund XVII Exceeds Target Fund Size, Closing $328 Million in Aggregate Capital Commitments",GlobeNewswire,https://finance.yahoo.com/news/rcp-fund-xvii-exceeds-target-163600526.html,1680626160,STORY
fb5fe7e2-144f-34b6-af78-0c8bc0affb47,PX,2023-4-30,"P10, Inc. (NYSE:PX) Passed Our Checks, And It's About To Pay A US$0.03 Dividend",Simply Wall St.,https://finance.yahoo.com/news/p10-inc-nyse-px-passed-103739785.html,1678444659,STORY
185c6938-c097-3c2a-beb4-48b27d7c7c55,PX,2023-4-30,"P10, Inc. (NYSE:PX) Q4 2022 Earnings Call Transcript",Insider Monkey,https://finance.yahoo.com/news/p10-inc-nyse-px-q4-120007324.html,1678276807,STORY
1b675fca-79de-3b9b-af1c-718507dffc83,PX,2023-4-30,Q4 2022 P10 Inc Earnings Call,Thomson Reuters StreetEvents,https://finance.yahoo.com/news/q4-2022-p10-inc-earnings-121911078.html,1678191551,STORY
c40e47b5-53f5-3989-97ac-412fcd977684,PX,2023-4-30,"P10, Inc. (PX) Q4 Earnings and Revenues Surpass Estimates",Zacks,https://finance.yahoo.com/news/p10-inc-px-q4-earnings-230511978.html,1678143911,STORY
a45fa181-4c9f-3036-b06e-b1376755789f,PX,2023-5-2,Heritage Commerce (HTBK) Meets Q1 Earnings Estimates,Zacks,https://finance.yahoo.com/news/heritage-commerce-htbk-meets-q1-230511485.html,1682636711,STORY
bd8f3ce8-22f9-3fbd-93da-3101c972470e,PX,2023-5-2,"P10 Schedules First Quarter 2023 Earnings Release for Monday, May 15, 2023",GlobeNewswire,https://finance.yahoo.com/news/p10-schedules-first-quarter-2023-203000666.html,1682454600,STORY
9486f732-9d82-380e-9a8c-f619165a6ff9,PX,2023-5-2,Shareholders in P10 (NYSE:PX) are in the red if they invested a year ago,Simply Wall St.,https://finance.yahoo.com/news/shareholders-p10-nyse-px-red-112322445.html,1680780202,STORY
a96cc91a-79ba-352d-936b-4d5ecb074dad,PX,2023-5-2,"RCP Fund XVII Exceeds Target Fund Size, Closing $328 Million in Aggregate Capital Commitments",GlobeNewswire,https://finance.yahoo.com/news/rcp-fund-xvii-exceeds-target-163600526.html,1680626160,STORY
fb5fe7e2-144f-34b6-af78-0c8bc0affb47,PX,2023-5-2,"P10, Inc. (NYSE:PX) Passed Our Checks, And It's About To Pay A US$0.03 Dividend",Simply Wall St.,https://finance.yahoo.com/news/p10-inc-nyse-px-passed-103739785.html,1678444659,STORY
185c6938-c097-3c2a-beb4-48b27d7c7c55,PX,2023-5-2,"P10, Inc. (NYSE:PX) Q4 2022 Earnings Call Transcript",Insider Monkey,https://finance.yahoo.com/news/p10-inc-nyse-px-q4-120007324.html,1678276807,STORY
1b675fca-79de-3b9b-af1c-718507dffc83,PX,2023-5-2,Q4 2022 P10 Inc Earnings Call,Thomson Reuters StreetEvents,https://finance.yahoo.com/news/q4-2022-p10-inc-earnings-121911078.html,1678191551,STORY
c40e47b5-53f5-3989-97ac-412fcd977684,PX,2023-5-2,"P10, Inc. (PX) Q4 Earnings and Revenues Surpass Estimates",Zacks,https://finance.yahoo.com/news/p10-inc-px-q4-earnings-230511978.html,1678143911,STORY
1941400b-6287-31fe-9d37-f58d594341f7,PX,2023-5-6,Should You Hold P10 (PX) for the Long Term?,Insider Monkey,https://finance.yahoo.com/news/hold-p10-px-long-term-121150343.html,1683029510,STORY
a45fa181-4c9f-3036-b06e-b1376755789f,PX,2023-5-6,Heritage Commerce (HTBK) Meets Q1 Earnings Estimates,Zacks,https://finance.yahoo.com/news/heritage-commerce-htbk-meets-q1-230511485.html,1682636711,STORY
bd8f3ce8-22f9-3fbd-93da-3101c972470e,PX,2023-5-6,"P10 Schedules First Quarter 2023 Earnings Release for Monday, May 15, 2023",GlobeNewswire,https://finance.yahoo.com/news/p10-schedules-first-quarter-2023-203000666.html,1682454600,STORY
9486f732-9d82-380e-9a8c-f619165a6ff9,PX,2023-5-6,Shareholders in P10 (NYSE:PX) are in the red if they invested a year ago,Simply Wall St.,https://finance.yahoo.com/news/shareholders-p10-nyse-px-red-112322445.html,1680780202,STORY
a96cc91a-79ba-352d-936b-4d5ecb074dad,PX,2023-5-6,"RCP Fund XVII Exceeds Target Fund Size, Closing $328 Million in Aggregate Capital Commitments",GlobeNewswire,https://finance.yahoo.com/news/rcp-fund-xvii-exceeds-target-163600526.html,1680626160,STORY
fb5fe7e2-144f-34b6-af78-0c8bc0affb47,PX,2023-5-6,"P10, Inc. (NYSE:PX) Passed Our Checks, And It's About To Pay A US$0.03 Dividend",Simply Wall St.,https://finance.yahoo.com/news/p10-inc-nyse-px-passed-103739785.html,1678444659,STORY
185c6938-c097-3c2a-beb4-48b27d7c7c55,PX,2023-5-6,"P10, Inc. (NYSE:PX) Q4 2022 Earnings Call Transcript",Insider Monkey,https://finance.yahoo.com/news/p10-inc-nyse-px-q4-120007324.html,1678276807,STORY
1b675fca-79de-3b9b-af1c-718507dffc83,PX,2023-5-6,Q4 2022 P10 Inc Earnings Call,Thomson Reuters StreetEvents,https://finance.yahoo.com/news/q4-2022-p10-inc-earnings-121911078.html,1678191551,STORY
1941400b-6287-31fe-9d37-f58d594341f7,PX,2023-5-7,Should You Hold P10 (PX) for the Long Term?,Insider Monkey,https://finance.yahoo.com/news/hold-p10-px-long-term-121150343.html,1683029510,STORY
a45fa181-4c9f-3036-b06e-b1376755789f,PX,2023-5-7,Heritage Commerce (HTBK) Meets Q1 Earnings Estimates,Zacks,https://finance.yahoo.com/news/heritage-commerce-htbk-meets-q1-230511485.html,1682636711,STORY
bd8f3ce8-22f9-3fbd-93da-3101c972470e,PX,2023-5-7,"P10 Schedules First Quarter 2023 Earnings Release for Monday, May 15, 2023",GlobeNewswire,https://finance.yahoo.com/news/p10-schedules-first-quarter-2023-203000666.html,1682454600,STORY
9486f732-9d82-380e-9a8c-f619165a6ff9,PX,2023-5-7,Shareholders in P10 (NYSE:PX) are in the red if they invested a year ago,Simply Wall St.,https://finance.yahoo.com/news/shareholders-p10-nyse-px-red-112322445.html,1680780202,STORY
a96cc91a-79ba-352d-936b-4d5ecb074dad,PX,2023-5-7,"RCP Fund XVII Exceeds Target Fund Size, Closing $328 Million in Aggregate Capital Commitments",GlobeNewswire,https://finance.yahoo.com/news/rcp-fund-xvii-exceeds-target-163600526.html,1680626160,STORY
fb5fe7e2-144f-34b6-af78-0c8bc0affb47,PX,2023-5-7,"P10, Inc. (NYSE:PX) Passed Our Checks, And It's About To Pay A US$0.03 Dividend",Simply Wall St.,https://finance.yahoo.com/news/p10-inc-nyse-px-passed-103739785.html,1678444659,STORY
185c6938-c097-3c2a-beb4-48b27d7c7c55,PX,2023-5-7,"P10, Inc. (NYSE:PX) Q4 2022 Earnings Call Transcript",Insider Monkey,https://finance.yahoo.com/news/p10-inc-nyse-px-q4-120007324.html,1678276807,STORY
1b675fca-79de-3b9b-af1c-718507dffc83,PX,2023-5-7,Q4 2022 P10 Inc Earnings Call,Thomson Reuters StreetEvents,https://finance.yahoo.com/news/q4-2022-p10-inc-earnings-121911078.html,1678191551,STORY
1941400b-6287-31fe-9d37-f58d594341f7,PX,2023-5-8,Should You Hold P10 (PX) for the Long Term?,Insider Monkey,https://finance.yahoo.com/news/hold-p10-px-long-term-121150343.html,1683029510,STORY
a45fa181-4c9f-3036-b06e-b1376755789f,PX,2023-5-8,Heritage Commerce (HTBK) Meets Q1 Earnings Estimates,Zacks,https://finance.yahoo.com/news/heritage-commerce-htbk-meets-q1-230511485.html,1682636711,STORY
bd8f3ce8-22f9-3fbd-93da-3101c972470e,PX,2023-5-8,"P10 Schedules First Quarter 2023 Earnings Release for Monday, May 15, 2023",GlobeNewswire,https://finance.yahoo.com/news/p10-schedules-first-quarter-2023-203000666.html,1682454600,STORY
9486f732-9d82-380e-9a8c-f619165a6ff9,PX,2023-5-8,Shareholders in P10 (NYSE:PX) are in the red if they invested a year ago,Simply Wall St.,https://finance.yahoo.com/news/shareholders-p10-nyse-px-red-112322445.html,1680780202,STORY
a96cc91a-79ba-352d-936b-4d5ecb074dad,PX,2023-5-8,"RCP Fund XVII Exceeds Target Fund Size, Closing $328 Million in Aggregate Capital Commitments",GlobeNewswire,https://finance.yahoo.com/news/rcp-fund-xvii-exceeds-target-163600526.html,1680626160,STORY
fb5fe7e2-144f-34b6-af78-0c8bc0affb47,PX,2023-5-8,"P10, Inc. (NYSE:PX) Passed Our Checks, And It's About To Pay A US$0.03 Dividend",Simply Wall St.,https://finance.yahoo.com/news/p10-inc-nyse-px-passed-103739785.html,1678444659,STORY
185c6938-c097-3c2a-beb4-48b27d7c7c55,PX,2023-5-8,"P10, Inc. (NYSE:PX) Q4 2022 Earnings Call Transcript",Insider Monkey,https://finance.yahoo.com/news/p10-inc-nyse-px-q4-120007324.html,1678276807,STORY
1b675fca-79de-3b9b-af1c-718507dffc83,PX,2023-5-8,Q4 2022 P10 Inc Earnings Call,Thomson Reuters StreetEvents,https://finance.yahoo.com/news/q4-2022-p10-inc-earnings-121911078.html,1678191551,STORY
d4fe3235-afba-3e48-b389-993bb648b227,PX,2023-5-9,"Avantax (AVTA) Reports Q1 Loss, Lags Revenue Estimates",Zacks,https://finance.yahoo.com/news/avantax-avta-reports-q1-loss-215509974.html,1683582909,STORY
4b3e7048-bfd4-3f45-9420-be514ad80c60,PX,2023-5-9,"P10, Inc. (PX) Reports Next Week: Wall Street Expects Earnings Growth",Zacks,https://finance.yahoo.com/news/p10-inc-px-reports-next-140002629.html,1683554402,STORY
1941400b-6287-31fe-9d37-f58d594341f7,PX,2023-5-9,Should You Hold P10 (PX) for the Long Term?,Insider Monkey,https://finance.yahoo.com/news/hold-p10-px-long-term-121150343.html,1683029510,STORY
a45fa181-4c9f-3036-b06e-b1376755789f,PX,2023-5-9,Heritage Commerce (HTBK) Meets Q1 Earnings Estimates,Zacks,https://finance.yahoo.com/news/heritage-commerce-htbk-meets-q1-230511485.html,1682636711,STORY
bd8f3ce8-22f9-3fbd-93da-3101c972470e,PX,2023-5-9,"P10 Schedules First Quarter 2023 Earnings Release for Monday, May 15, 2023",GlobeNewswire,https://finance.yahoo.com/news/p10-schedules-first-quarter-2023-203000666.html,1682454600,STORY
9486f732-9d82-380e-9a8c-f619165a6ff9,PX,2023-5-9,Shareholders in P10 (NYSE:PX) are in the red if they invested a year ago,Simply Wall St.,https://finance.yahoo.com/news/shareholders-p10-nyse-px-red-112322445.html,1680780202,STORY
a96cc91a-79ba-352d-936b-4d5ecb074dad,PX,2023-5-9,"RCP Fund XVII Exceeds Target Fund Size, Closing $328 Million in Aggregate Capital Commitments",GlobeNewswire,https://finance.yahoo.com/news/rcp-fund-xvii-exceeds-target-163600526.html,1680626160,STORY
fb5fe7e2-144f-34b6-af78-0c8bc0affb47,PX,2023-5-9,"P10, Inc. (NYSE:PX) Passed Our Checks, And It's About To Pay A US$0.03 Dividend",Simply Wall St.,https://finance.yahoo.com/news/p10-inc-nyse-px-passed-103739785.html,1678444659,STORY
08e15963-cc85-3076-a930-ec6c60a6a227,PX,2023-5-10,"Forge Global Holdings, Inc. (FRGE) Reports Q1 Loss, Lags Revenue Estimates",Zacks,https://finance.yahoo.com/news/forge-global-holdings-inc-frge-234511964.html,1683675911,STORY
d4fe3235-afba-3e48-b389-993bb648b227,PX,2023-5-10,"Avantax (AVTA) Reports Q1 Loss, Lags Revenue Estimates",Zacks,https://finance.yahoo.com/news/avantax-avta-reports-q1-loss-215509974.html,1683582909,STORY
4b3e7048-bfd4-3f45-9420-be514ad80c60,PX,2023-5-10,"P10, Inc. (PX) Reports Next Week: Wall Street Expects Earnings Growth",Zacks,https://finance.yahoo.com/news/p10-inc-px-reports-next-140002629.html,1683554402,STORY
1941400b-6287-31fe-9d37-f58d594341f7,PX,2023-5-10,Should You Hold P10 (PX) for the Long Term?,Insider Monkey,https://finance.yahoo.com/news/hold-p10-px-long-term-121150343.html,1683029510,STORY
a45fa181-4c9f-3036-b06e-b1376755789f,PX,2023-5-10,Heritage Commerce (HTBK) Meets Q1 Earnings Estimates,Zacks,https://finance.yahoo.com/news/heritage-commerce-htbk-meets-q1-230511485.html,1682636711,STORY
bd8f3ce8-22f9-3fbd-93da-3101c972470e,PX,2023-5-10,"P10 Schedules First Quarter 2023 Earnings Release for Monday, May 15, 2023",GlobeNewswire,https://finance.yahoo.com/news/p10-schedules-first-quarter-2023-203000666.html,1682454600,STORY
9486f732-9d82-380e-9a8c-f619165a6ff9,PX,2023-5-10,Shareholders in P10 (NYSE:PX) are in the red if they invested a year ago,Simply Wall St.,https://finance.yahoo.com/news/shareholders-p10-nyse-px-red-112322445.html,1680780202,STORY
a96cc91a-79ba-352d-936b-4d5ecb074dad,PX,2023-5-10,"RCP Fund XVII Exceeds Target Fund Size, Closing $328 Million in Aggregate Capital Commitments",GlobeNewswire,https://finance.yahoo.com/news/rcp-fund-xvii-exceeds-target-163600526.html,1680626160,STORY
08e15963-cc85-3076-a930-ec6c60a6a227,PX,2023-5-11,"Forge Global Holdings, Inc. (FRGE) Reports Q1 Loss, Lags Revenue Estimates",Zacks,https://finance.yahoo.com/news/forge-global-holdings-inc-frge-234511964.html,1683675911,STORY
d4fe3235-afba-3e48-b389-993bb648b227,PX,2023-5-11,"Avantax (AVTA) Reports Q1 Loss, Lags Revenue Estimates",Zacks,https://finance.yahoo.com/news/avantax-avta-reports-q1-loss-215509974.html,1683582909,STORY
4b3e7048-bfd4-3f45-9420-be514ad80c60,PX,2023-5-11,"P10, Inc. (PX) Reports Next Week: Wall Street Expects Earnings Growth",Zacks,https://finance.yahoo.com/news/p10-inc-px-reports-next-140002629.html,1683554402,STORY
1941400b-6287-31fe-9d37-f58d594341f7,PX,2023-5-11,Should You Hold P10 (PX) for the Long Term?,Insider Monkey,https://finance.yahoo.com/news/hold-p10-px-long-term-121150343.html,1683029510,STORY
a45fa181-4c9f-3036-b06e-b1376755789f,PX,2023-5-11,Heritage Commerce (HTBK) Meets Q1 Earnings Estimates,Zacks,https://finance.yahoo.com/news/heritage-commerce-htbk-meets-q1-230511485.html,1682636711,STORY
bd8f3ce8-22f9-3fbd-93da-3101c972470e,PX,2023-5-11,"P10 Schedules First Quarter 2023 Earnings Release for Monday, May 15, 2023",GlobeNewswire,https://finance.yahoo.com/news/p10-schedules-first-quarter-2023-203000666.html,1682454600,STORY
9486f732-9d82-380e-9a8c-f619165a6ff9,PX,2023-5-11,Shareholders in P10 (NYSE:PX) are in the red if they invested a year ago,Simply Wall St.,https://finance.yahoo.com/news/shareholders-p10-nyse-px-red-112322445.html,1680780202,STORY
a96cc91a-79ba-352d-936b-4d5ecb074dad,PX,2023-5-11,"RCP Fund XVII Exceeds Target Fund Size, Closing $328 Million in Aggregate Capital Commitments",GlobeNewswire,https://finance.yahoo.com/news/rcp-fund-xvii-exceeds-target-163600526.html,1680626160,STORY
30a1e707-bfd9-3f7f-82d1-6b0c60a60e28,PX,2023-5-12,Ellington Residential (EARN) Q1 Earnings and Revenues Lag Estimates,Zacks,https://finance.yahoo.com/news/ellington-residential-earn-q1-earnings-222510682.html,1683843910,STORY
08e15963-cc85-3076-a930-ec6c60a6a227,PX,2023-5-12,"Forge Global Holdings, Inc. (FRGE) Reports Q1 Loss, Lags Revenue Estimates",Zacks,https://finance.yahoo.com/news/forge-global-holdings-inc-frge-234511964.html,1683675911,STORY
d4fe3235-afba-3e48-b389-993bb648b227,PX,2023-5-12,"Avantax (AVTA) Reports Q1 Loss, Lags Revenue Estimates",Zacks,https://finance.yahoo.com/news/avantax-avta-reports-q1-loss-215509974.html,1683582909,STORY
4b3e7048-bfd4-3f45-9420-be514ad80c60,PX,2023-5-12,"P10, Inc. (PX) Reports Next Week: Wall Street Expects Earnings Growth",Zacks,https://finance.yahoo.com/news/p10-inc-px-reports-next-140002629.html,1683554402,STORY
1941400b-6287-31fe-9d37-f58d594341f7,PX,2023-5-12,Should You Hold P10 (PX) for the Long Term?,Insider Monkey,https://finance.yahoo.com/news/hold-p10-px-long-term-121150343.html,1683029510,STORY
a45fa181-4c9f-3036-b06e-b1376755789f,PX,2023-5-12,Heritage Commerce (HTBK) Meets Q1 Earnings Estimates,Zacks,https://finance.yahoo.com/news/heritage-commerce-htbk-meets-q1-230511485.html,1682636711,STORY
bd8f3ce8-22f9-3fbd-93da-3101c972470e,PX,2023-5-12,"P10 Schedules First Quarter 2023 Earnings Release for Monday, May 15, 2023",GlobeNewswire,https://finance.yahoo.com/news/p10-schedules-first-quarter-2023-203000666.html,1682454600,STORY
9486f732-9d82-380e-9a8c-f619165a6ff9,PX,2023-5-12,Shareholders in P10 (NYSE:PX) are in the red if they invested a year ago,Simply Wall St.,https://finance.yahoo.com/news/shareholders-p10-nyse-px-red-112322445.html,1680780202,STORY
30a1e707-bfd9-3f7f-82d1-6b0c60a60e28,PX,2023-5-13,Ellington Residential (EARN) Q1 Earnings and Revenues Lag Estimates,Zacks,https://finance.yahoo.com/news/ellington-residential-earn-q1-earnings-222510682.html,1683843910,STORY
08e15963-cc85-3076-a930-ec6c60a6a227,PX,2023-5-13,"Forge Global Holdings, Inc. (FRGE) Reports Q1 Loss, Lags Revenue Estimates",Zacks,https://finance.yahoo.com/news/forge-global-holdings-inc-frge-234511964.html,1683675911,STORY
d4fe3235-afba-3e48-b389-993bb648b227,PX,2023-5-13,"Avantax (AVTA) Reports Q1 Loss, Lags Revenue Estimates",Zacks,https://finance.yahoo.com/news/avantax-avta-reports-q1-loss-215509974.html,1683582909,STORY
4b3e7048-bfd4-3f45-9420-be514ad80c60,PX,2023-5-13,"P10, Inc. (PX) Reports Next Week: Wall Street Expects Earnings Growth",Zacks,https://finance.yahoo.com/news/p10-inc-px-reports-next-140002629.html,1683554402,STORY
1941400b-6287-31fe-9d37-f58d594341f7,PX,2023-5-13,Should You Hold P10 (PX) for the Long Term?,Insider Monkey,https://finance.yahoo.com/news/hold-p10-px-long-term-121150343.html,1683029510,STORY
a45fa181-4c9f-3036-b06e-b1376755789f,PX,2023-5-13,Heritage Commerce (HTBK) Meets Q1 Earnings Estimates,Zacks,https://finance.yahoo.com/news/heritage-commerce-htbk-meets-q1-230511485.html,1682636711,STORY
bd8f3ce8-22f9-3fbd-93da-3101c972470e,PX,2023-5-13,"P10 Schedules First Quarter 2023 Earnings Release for Monday, May 15, 2023",GlobeNewswire,https://finance.yahoo.com/news/p10-schedules-first-quarter-2023-203000666.html,1682454600,STORY
9486f732-9d82-380e-9a8c-f619165a6ff9,PX,2023-5-13,Shareholders in P10 (NYSE:PX) are in the red if they invested a year ago,Simply Wall St.,https://finance.yahoo.com/news/shareholders-p10-nyse-px-red-112322445.html,1680780202,STORY
30a1e707-bfd9-3f7f-82d1-6b0c60a60e28,PX,2023-5-14,Ellington Residential (EARN) Q1 Earnings and Revenues Lag Estimates,Zacks,https://finance.yahoo.com/news/ellington-residential-earn-q1-earnings-222510682.html,1683843910,STORY
08e15963-cc85-3076-a930-ec6c60a6a227,PX,2023-5-14,"Forge Global Holdings, Inc. (FRGE) Reports Q1 Loss, Lags Revenue Estimates",Zacks,https://finance.yahoo.com/news/forge-global-holdings-inc-frge-234511964.html,1683675911,STORY
d4fe3235-afba-3e48-b389-993bb648b227,PX,2023-5-14,"Avantax (AVTA) Reports Q1 Loss, Lags Revenue Estimates",Zacks,https://finance.yahoo.com/news/avantax-avta-reports-q1-loss-215509974.html,1683582909,STORY
4b3e7048-bfd4-3f45-9420-be514ad80c60,PX,2023-5-14,"P10, Inc. (PX) Reports Next Week: Wall Street Expects Earnings Growth",Zacks,https://finance.yahoo.com/news/p10-inc-px-reports-next-140002629.html,1683554402,STORY
1941400b-6287-31fe-9d37-f58d594341f7,PX,2023-5-14,Should You Hold P10 (PX) for the Long Term?,Insider Monkey,https://finance.yahoo.com/news/hold-p10-px-long-term-121150343.html,1683029510,STORY
a45fa181-4c9f-3036-b06e-b1376755789f,PX,2023-5-14,Heritage Commerce (HTBK) Meets Q1 Earnings Estimates,Zacks,https://finance.yahoo.com/news/heritage-commerce-htbk-meets-q1-230511485.html,1682636711,STORY
bd8f3ce8-22f9-3fbd-93da-3101c972470e,PX,2023-5-14,"P10 Schedules First Quarter 2023 Earnings Release for Monday, May 15, 2023",GlobeNewswire,https://finance.yahoo.com/news/p10-schedules-first-quarter-2023-203000666.html,1682454600,STORY
9486f732-9d82-380e-9a8c-f619165a6ff9,PX,2023-5-14,Shareholders in P10 (NYSE:PX) are in the red if they invested a year ago,Simply Wall St.,https://finance.yahoo.com/news/shareholders-p10-nyse-px-red-112322445.html,1680780202,STORY
30a1e707-bfd9-3f7f-82d1-6b0c60a60e28,PX,2023-5-15,Ellington Residential (EARN) Q1 Earnings and Revenues Lag Estimates,Zacks,https://finance.yahoo.com/news/ellington-residential-earn-q1-earnings-222510682.html,1683843910,STORY
08e15963-cc85-3076-a930-ec6c60a6a227,PX,2023-5-15,"Forge Global Holdings, Inc. (FRGE) Reports Q1 Loss, Lags Revenue Estimates",Zacks,https://finance.yahoo.com/news/forge-global-holdings-inc-frge-234511964.html,1683675911,STORY
d4fe3235-afba-3e48-b389-993bb648b227,PX,2023-5-15,"Avantax (AVTA) Reports Q1 Loss, Lags Revenue Estimates",Zacks,https://finance.yahoo.com/news/avantax-avta-reports-q1-loss-215509974.html,1683582909,STORY
4b3e7048-bfd4-3f45-9420-be514ad80c60,PX,2023-5-15,"P10, Inc. (PX) Reports Next Week: Wall Street Expects Earnings Growth",Zacks,https://finance.yahoo.com/news/p10-inc-px-reports-next-140002629.html,1683554402,STORY
1941400b-6287-31fe-9d37-f58d594341f7,PX,2023-5-15,Should You Hold P10 (PX) for the Long Term?,Insider Monkey,https://finance.yahoo.com/news/hold-p10-px-long-term-121150343.html,1683029510,STORY
a45fa181-4c9f-3036-b06e-b1376755789f,PX,2023-5-15,Heritage Commerce (HTBK) Meets Q1 Earnings Estimates,Zacks,https://finance.yahoo.com/news/heritage-commerce-htbk-meets-q1-230511485.html,1682636711,STORY
bd8f3ce8-22f9-3fbd-93da-3101c972470e,PX,2023-5-15,"P10 Schedules First Quarter 2023 Earnings Release for Monday, May 15, 2023",GlobeNewswire,https://finance.yahoo.com/news/p10-schedules-first-quarter-2023-203000666.html,1682454600,STORY
9486f732-9d82-380e-9a8c-f619165a6ff9,PX,2023-5-15,Shareholders in P10 (NYSE:PX) are in the red if they invested a year ago,Simply Wall St.,https://finance.yahoo.com/news/shareholders-p10-nyse-px-red-112322445.html,1680780202,STORY
92508d28-ea4d-3784-a1bb-adf0cdc3be4f,PX,2023-5-16,"P10, Inc. (PX) Beats Q1 Earnings and Revenue Estimates",Zacks,https://finance.yahoo.com/news/p10-inc-px-beats-q1-215509009.html,1684187709,STORY
ba8d9269-e193-39ad-aaee-9dacf66bb050,PX,2023-5-16,P10 Reports First Quarter 2023 Results,GlobeNewswire,https://finance.yahoo.com/news/p10-reports-first-quarter-2023-200500154.html,1684181100,STORY
30a1e707-bfd9-3f7f-82d1-6b0c60a60e28,PX,2023-5-16,Ellington Residential (EARN) Q1 Earnings and Revenues Lag Estimates,Zacks,https://finance.yahoo.com/news/ellington-residential-earn-q1-earnings-222510682.html,1683843910,STORY
08e15963-cc85-3076-a930-ec6c60a6a227,PX,2023-5-16,"Forge Global Holdings, Inc. (FRGE) Reports Q1 Loss, Lags Revenue Estimates",Zacks,https://finance.yahoo.com/news/forge-global-holdings-inc-frge-234511964.html,1683675911,STORY
d4fe3235-afba-3e48-b389-993bb648b227,PX,2023-5-16,"Avantax (AVTA) Reports Q1 Loss, Lags Revenue Estimates",Zacks,https://finance.yahoo.com/news/avantax-avta-reports-q1-loss-215509974.html,1683582909,STORY
4b3e7048-bfd4-3f45-9420-be514ad80c60,PX,2023-5-16,"P10, Inc. (PX) Reports Next Week: Wall Street Expects Earnings Growth",Zacks,https://finance.yahoo.com/news/p10-inc-px-reports-next-140002629.html,1683554402,STORY
1941400b-6287-31fe-9d37-f58d594341f7,PX,2023-5-16,Should You Hold P10 (PX) for the Long Term?,Insider Monkey,https://finance.yahoo.com/news/hold-p10-px-long-term-121150343.html,1683029510,STORY
a45fa181-4c9f-3036-b06e-b1376755789f,PX,2023-5-16,Heritage Commerce (HTBK) Meets Q1 Earnings Estimates,Zacks,https://finance.yahoo.com/news/heritage-commerce-htbk-meets-q1-230511485.html,1682636711,STORY
f4cb7905-ad56-38f7-8246-4328df6beec2,PX,2023-5-17,Q1 2023 P10 Inc Earnings Call,Thomson Reuters StreetEvents,https://finance.yahoo.com/news/q1-2023-p10-inc-earnings-122648492.html,1684240008,STORY
92508d28-ea4d-3784-a1bb-adf0cdc3be4f,PX,2023-5-17,"P10, Inc. (PX) Beats Q1 Earnings and Revenue Estimates",Zacks,https://finance.yahoo.com/news/p10-inc-px-beats-q1-215509009.html,1684187709,STORY
ba8d9269-e193-39ad-aaee-9dacf66bb050,PX,2023-5-17,P10 Reports First Quarter 2023 Results,GlobeNewswire,https://finance.yahoo.com/news/p10-reports-first-quarter-2023-200500154.html,1684181100,STORY
30a1e707-bfd9-3f7f-82d1-6b0c60a60e28,PX,2023-5-17,Ellington Residential (EARN) Q1 Earnings and Revenues Lag Estimates,Zacks,https://finance.yahoo.com/news/ellington-residential-earn-q1-earnings-222510682.html,1683843910,STORY
08e15963-cc85-3076-a930-ec6c60a6a227,PX,2023-5-17,"Forge Global Holdings, Inc. (FRGE) Reports Q1 Loss, Lags Revenue Estimates",Zacks,https://finance.yahoo.com/news/forge-global-holdings-inc-frge-234511964.html,1683675911,STORY
d4fe3235-afba-3e48-b389-993bb648b227,PX,2023-5-17,"Avantax (AVTA) Reports Q1 Loss, Lags Revenue Estimates",Zacks,https://finance.yahoo.com/news/avantax-avta-reports-q1-loss-215509974.html,1683582909,STORY
4b3e7048-bfd4-3f45-9420-be514ad80c60,PX,2023-5-17,"P10, Inc. (PX) Reports Next Week: Wall Street Expects Earnings Growth",Zacks,https://finance.yahoo.com/news/p10-inc-px-reports-next-140002629.html,1683554402,STORY
1941400b-6287-31fe-9d37-f58d594341f7,PX,2023-5-17,Should You Hold P10 (PX) for the Long Term?,Insider Monkey,https://finance.yahoo.com/news/hold-p10-px-long-term-121150343.html,1683029510,STORY
e7f22460-e0be-3f80-9153-9111716009c3,PX,2023-5-19,P10 (NYSE:PX) Is Increasing Its Dividend To $0.0325,Simply Wall St.,https://finance.yahoo.com/news/p10-nyse-px-increasing-dividend-100912228.html,1684490952,STORY
f4cb7905-ad56-38f7-8246-4328df6beec2,PX,2023-5-19,Q1 2023 P10 Inc Earnings Call,Thomson Reuters StreetEvents,https://finance.yahoo.com/news/q1-2023-p10-inc-earnings-122648492.html,1684240008,STORY
92508d28-ea4d-3784-a1bb-adf0cdc3be4f,PX,2023-5-19,"P10, Inc. (PX) Beats Q1 Earnings and Revenue Estimates",Zacks,https://finance.yahoo.com/news/p10-inc-px-beats-q1-215509009.html,1684187709,STORY
ba8d9269-e193-39ad-aaee-9dacf66bb050,PX,2023-5-19,P10 Reports First Quarter 2023 Results,GlobeNewswire,https://finance.yahoo.com/news/p10-reports-first-quarter-2023-200500154.html,1684181100,STORY
30a1e707-bfd9-3f7f-82d1-6b0c60a60e28,PX,2023-5-19,Ellington Residential (EARN) Q1 Earnings and Revenues Lag Estimates,Zacks,https://finance.yahoo.com/news/ellington-residential-earn-q1-earnings-222510682.html,1683843910,STORY
08e15963-cc85-3076-a930-ec6c60a6a227,PX,2023-5-19,"Forge Global Holdings, Inc. (FRGE) Reports Q1 Loss, Lags Revenue Estimates",Zacks,https://finance.yahoo.com/news/forge-global-holdings-inc-frge-234511964.html,1683675911,STORY
d4fe3235-afba-3e48-b389-993bb648b227,PX,2023-5-19,"Avantax (AVTA) Reports Q1 Loss, Lags Revenue Estimates",Zacks,https://finance.yahoo.com/news/avantax-avta-reports-q1-loss-215509974.html,1683582909,STORY
4b3e7048-bfd4-3f45-9420-be514ad80c60,PX,2023-5-19,"P10, Inc. (PX) Reports Next Week: Wall Street Expects Earnings Growth",Zacks,https://finance.yahoo.com/news/p10-inc-px-reports-next-140002629.html,1683554402,STORY
e7f22460-e0be-3f80-9153-9111716009c3,PX,2023-5-20,P10 (NYSE:PX) Is Increasing Its Dividend To $0.0325,Simply Wall St.,https://finance.yahoo.com/news/p10-nyse-px-increasing-dividend-100912228.html,1684490952,STORY
f4cb7905-ad56-38f7-8246-4328df6beec2,PX,2023-5-20,Q1 2023 P10 Inc Earnings Call,Thomson Reuters StreetEvents,https://finance.yahoo.com/news/q1-2023-p10-inc-earnings-122648492.html,1684240008,STORY
92508d28-ea4d-3784-a1bb-adf0cdc3be4f,PX,2023-5-20,"P10, Inc. (PX) Beats Q1 Earnings and Revenue Estimates",Zacks,https://finance.yahoo.com/news/p10-inc-px-beats-q1-215509009.html,1684187709,STORY
ba8d9269-e193-39ad-aaee-9dacf66bb050,PX,2023-5-20,P10 Reports First Quarter 2023 Results,GlobeNewswire,https://finance.yahoo.com/news/p10-reports-first-quarter-2023-200500154.html,1684181100,STORY
30a1e707-bfd9-3f7f-82d1-6b0c60a60e28,PX,2023-5-20,Ellington Residential (EARN) Q1 Earnings and Revenues Lag Estimates,Zacks,https://finance.yahoo.com/news/ellington-residential-earn-q1-earnings-222510682.html,1683843910,STORY
08e15963-cc85-3076-a930-ec6c60a6a227,PX,2023-5-20,"Forge Global Holdings, Inc. (FRGE) Reports Q1 Loss, Lags Revenue Estimates",Zacks,https://finance.yahoo.com/news/forge-global-holdings-inc-frge-234511964.html,1683675911,STORY
d4fe3235-afba-3e48-b389-993bb648b227,PX,2023-5-20,"Avantax (AVTA) Reports Q1 Loss, Lags Revenue Estimates",Zacks,https://finance.yahoo.com/news/avantax-avta-reports-q1-loss-215509974.html,1683582909,STORY
4b3e7048-bfd4-3f45-9420-be514ad80c60,PX,2023-5-20,"P10, Inc. (PX) Reports Next Week: Wall Street Expects Earnings Growth",Zacks,https://finance.yahoo.com/news/p10-inc-px-reports-next-140002629.html,1683554402,STORY
f8d63825-aaa8-3b79-b79f-c47e3fb21c47,PX,2023-5-21,"P10, Inc. (NYSE:PX) Looks Like A Good Stock, And It's Going Ex-Dividend Soon",Simply Wall St.,https://finance.yahoo.com/news/p10-inc-nyse-px-looks-121247468.html,1684671167,STORY
e7f22460-e0be-3f80-9153-9111716009c3,PX,2023-5-21,P10 (NYSE:PX) Is Increasing Its Dividend To $0.0325,Simply Wall St.,https://finance.yahoo.com/news/p10-nyse-px-increasing-dividend-100912228.html,1684490952,STORY
f4cb7905-ad56-38f7-8246-4328df6beec2,PX,2023-5-21,Q1 2023 P10 Inc Earnings Call,Thomson Reuters StreetEvents,https://finance.yahoo.com/news/q1-2023-p10-inc-earnings-122648492.html,1684240008,STORY
92508d28-ea4d-3784-a1bb-adf0cdc3be4f,PX,2023-5-21,"P10, Inc. (PX) Beats Q1 Earnings and Revenue Estimates",Zacks,https://finance.yahoo.com/news/p10-inc-px-beats-q1-215509009.html,1684187709,STORY
ba8d9269-e193-39ad-aaee-9dacf66bb050,PX,2023-5-21,P10 Reports First Quarter 2023 Results,GlobeNewswire,https://finance.yahoo.com/news/p10-reports-first-quarter-2023-200500154.html,1684181100,STORY
30a1e707-bfd9-3f7f-82d1-6b0c60a60e28,PX,2023-5-21,Ellington Residential (EARN) Q1 Earnings and Revenues Lag Estimates,Zacks,https://finance.yahoo.com/news/ellington-residential-earn-q1-earnings-222510682.html,1683843910,STORY
08e15963-cc85-3076-a930-ec6c60a6a227,PX,2023-5-21,"Forge Global Holdings, Inc. (FRGE) Reports Q1 Loss, Lags Revenue Estimates",Zacks,https://finance.yahoo.com/news/forge-global-holdings-inc-frge-234511964.html,1683675911,STORY
d4fe3235-afba-3e48-b389-993bb648b227,PX,2023-5-21,"Avantax (AVTA) Reports Q1 Loss, Lags Revenue Estimates",Zacks,https://finance.yahoo.com/news/avantax-avta-reports-q1-loss-215509974.html,1683582909,STORY
f8d63825-aaa8-3b79-b79f-c47e3fb21c47,PX,2023-5-22,"P10, Inc. (NYSE:PX) Looks Like A Good Stock, And It's Going Ex-Dividend Soon",Simply Wall St.,https://finance.yahoo.com/news/p10-inc-nyse-px-looks-121247468.html,1684671167,STORY
e7f22460-e0be-3f80-9153-9111716009c3,PX,2023-5-22,P10 (NYSE:PX) Is Increasing Its Dividend To $0.0325,Simply Wall St.,https://finance.yahoo.com/news/p10-nyse-px-increasing-dividend-100912228.html,1684490952,STORY
f4cb7905-ad56-38f7-8246-4328df6beec2,PX,2023-5-22,Q1 2023 P10 Inc Earnings Call,Thomson Reuters StreetEvents,https://finance.yahoo.com/news/q1-2023-p10-inc-earnings-122648492.html,1684240008,STORY
92508d28-ea4d-3784-a1bb-adf0cdc3be4f,PX,2023-5-22,"P10, Inc. (PX) Beats Q1 Earnings and Revenue Estimates",Zacks,https://finance.yahoo.com/news/p10-inc-px-beats-q1-215509009.html,1684187709,STORY
ba8d9269-e193-39ad-aaee-9dacf66bb050,PX,2023-5-22,P10 Reports First Quarter 2023 Results,GlobeNewswire,https://finance.yahoo.com/news/p10-reports-first-quarter-2023-200500154.html,1684181100,STORY
30a1e707-bfd9-3f7f-82d1-6b0c60a60e28,PX,2023-5-22,Ellington Residential (EARN) Q1 Earnings and Revenues Lag Estimates,Zacks,https://finance.yahoo.com/news/ellington-residential-earn-q1-earnings-222510682.html,1683843910,STORY
08e15963-cc85-3076-a930-ec6c60a6a227,PX,2023-5-22,"Forge Global Holdings, Inc. (FRGE) Reports Q1 Loss, Lags Revenue Estimates",Zacks,https://finance.yahoo.com/news/forge-global-holdings-inc-frge-234511964.html,1683675911,STORY
d4fe3235-afba-3e48-b389-993bb648b227,PX,2023-5-22,"Avantax (AVTA) Reports Q1 Loss, Lags Revenue Estimates",Zacks,https://finance.yahoo.com/news/avantax-avta-reports-q1-loss-215509974.html,1683582909,STORY
f8d63825-aaa8-3b79-b79f-c47e3fb21c47,PX,2023-5-23,"P10, Inc. (NYSE:PX) Looks Like A Good Stock, And It's Going Ex-Dividend Soon",Simply Wall St.,https://finance.yahoo.com/news/p10-inc-nyse-px-looks-121247468.html,1684671167,STORY
e7f22460-e0be-3f80-9153-9111716009c3,PX,2023-5-23,P10 (NYSE:PX) Is Increasing Its Dividend To $0.0325,Simply Wall St.,https://finance.yahoo.com/news/p10-nyse-px-increasing-dividend-100912228.html,1684490952,STORY
f4cb7905-ad56-38f7-8246-4328df6beec2,PX,2023-5-23,Q1 2023 P10 Inc Earnings Call,Thomson Reuters StreetEvents,https://finance.yahoo.com/news/q1-2023-p10-inc-earnings-122648492.html,1684240008,STORY
92508d28-ea4d-3784-a1bb-adf0cdc3be4f,PX,2023-5-23,"P10, Inc. (PX) Beats Q1 Earnings and Revenue Estimates",Zacks,https://finance.yahoo.com/news/p10-inc-px-beats-q1-215509009.html,1684187709,STORY
ba8d9269-e193-39ad-aaee-9dacf66bb050,PX,2023-5-23,P10 Reports First Quarter 2023 Results,GlobeNewswire,https://finance.yahoo.com/news/p10-reports-first-quarter-2023-200500154.html,1684181100,STORY
30a1e707-bfd9-3f7f-82d1-6b0c60a60e28,PX,2023-5-23,Ellington Residential (EARN) Q1 Earnings and Revenues Lag Estimates,Zacks,https://finance.yahoo.com/news/ellington-residential-earn-q1-earnings-222510682.html,1683843910,STORY
08e15963-cc85-3076-a930-ec6c60a6a227,PX,2023-5-23,"Forge Global Holdings, Inc. (FRGE) Reports Q1 Loss, Lags Revenue Estimates",Zacks,https://finance.yahoo.com/news/forge-global-holdings-inc-frge-234511964.html,1683675911,STORY
d4fe3235-afba-3e48-b389-993bb648b227,PX,2023-5-23,"Avantax (AVTA) Reports Q1 Loss, Lags Revenue Estimates",Zacks,https://finance.yahoo.com/news/avantax-avta-reports-q1-loss-215509974.html,1683582909,STORY
f8d63825-aaa8-3b79-b79f-c47e3fb21c47,PX,2023-5-24,"P10, Inc. (NYSE:PX) Looks Like A Good Stock, And It's Going Ex-Dividend Soon",Simply Wall St.,https://finance.yahoo.com/news/p10-inc-nyse-px-looks-121247468.html,1684671167,STORY
e7f22460-e0be-3f80-9153-9111716009c3,PX,2023-5-24,P10 (NYSE:PX) Is Increasing Its Dividend To $0.0325,Simply Wall St.,https://finance.yahoo.com/news/p10-nyse-px-increasing-dividend-100912228.html,1684490952,STORY
f4cb7905-ad56-38f7-8246-4328df6beec2,PX,2023-5-24,Q1 2023 P10 Inc Earnings Call,Thomson Reuters StreetEvents,https://finance.yahoo.com/news/q1-2023-p10-inc-earnings-122648492.html,1684240008,STORY
92508d28-ea4d-3784-a1bb-adf0cdc3be4f,PX,2023-5-24,"P10, Inc. (PX) Beats Q1 Earnings and Revenue Estimates",Zacks,https://finance.yahoo.com/news/p10-inc-px-beats-q1-215509009.html,1684187709,STORY
ba8d9269-e193-39ad-aaee-9dacf66bb050,PX,2023-5-24,P10 Reports First Quarter 2023 Results,GlobeNewswire,https://finance.yahoo.com/news/p10-reports-first-quarter-2023-200500154.html,1684181100,STORY
30a1e707-bfd9-3f7f-82d1-6b0c60a60e28,PX,2023-5-24,Ellington Residential (EARN) Q1 Earnings and Revenues Lag Estimates,Zacks,https://finance.yahoo.com/news/ellington-residential-earn-q1-earnings-222510682.html,1683843910,STORY
08e15963-cc85-3076-a930-ec6c60a6a227,PX,2023-5-24,"Forge Global Holdings, Inc. (FRGE) Reports Q1 Loss, Lags Revenue Estimates",Zacks,https://finance.yahoo.com/news/forge-global-holdings-inc-frge-234511964.html,1683675911,STORY
d4fe3235-afba-3e48-b389-993bb648b227,PX,2023-5-24,"Avantax (AVTA) Reports Q1 Loss, Lags Revenue Estimates",Zacks,https://finance.yahoo.com/news/avantax-avta-reports-q1-loss-215509974.html,1683582909,STORY
f8d63825-aaa8-3b79-b79f-c47e3fb21c47,PX,2023-5-25,"P10, Inc. (NYSE:PX) Looks Like A Good Stock, And It's Going Ex-Dividend Soon",Simply Wall St.,https://finance.yahoo.com/news/p10-inc-nyse-px-looks-121247468.html,1684671167,STORY
e7f22460-e0be-3f80-9153-9111716009c3,PX,2023-5-25,P10 (NYSE:PX) Is Increasing Its Dividend To $0.0325,Simply Wall St.,https://finance.yahoo.com/news/p10-nyse-px-increasing-dividend-100912228.html,1684490952,STORY
f4cb7905-ad56-38f7-8246-4328df6beec2,PX,2023-5-25,Q1 2023 P10 Inc Earnings Call,Thomson Reuters StreetEvents,https://finance.yahoo.com/news/q1-2023-p10-inc-earnings-122648492.html,1684240008,STORY
92508d28-ea4d-3784-a1bb-adf0cdc3be4f,PX,2023-5-25,"P10, Inc. (PX) Beats Q1 Earnings and Revenue Estimates",Zacks,https://finance.yahoo.com/news/p10-inc-px-beats-q1-215509009.html,1684187709,STORY
ba8d9269-e193-39ad-aaee-9dacf66bb050,PX,2023-5-25,P10 Reports First Quarter 2023 Results,GlobeNewswire,https://finance.yahoo.com/news/p10-reports-first-quarter-2023-200500154.html,1684181100,STORY
30a1e707-bfd9-3f7f-82d1-6b0c60a60e28,PX,2023-5-25,Ellington Residential (EARN) Q1 Earnings and Revenues Lag Estimates,Zacks,https://finance.yahoo.com/news/ellington-residential-earn-q1-earnings-222510682.html,1683843910,STORY
08e15963-cc85-3076-a930-ec6c60a6a227,PX,2023-5-25,"Forge Global Holdings, Inc. (FRGE) Reports Q1 Loss, Lags Revenue Estimates",Zacks,https://finance.yahoo.com/news/forge-global-holdings-inc-frge-234511964.html,1683675911,STORY
d4fe3235-afba-3e48-b389-993bb648b227,PX,2023-5-25,"Avantax (AVTA) Reports Q1 Loss, Lags Revenue Estimates",Zacks,https://finance.yahoo.com/news/avantax-avta-reports-q1-loss-215509974.html,1683582909,STORY
f8d63825-aaa8-3b79-b79f-c47e3fb21c47,PX,2023-5-26,"P10, Inc. (NYSE:PX) Looks Like A Good Stock, And It's Going Ex-Dividend Soon",Simply Wall St.,https://finance.yahoo.com/news/p10-inc-nyse-px-looks-121247468.html,1684671167,STORY
e7f22460-e0be-3f80-9153-9111716009c3,PX,2023-5-26,P10 (NYSE:PX) Is Increasing Its Dividend To $0.0325,Simply Wall St.,https://finance.yahoo.com/news/p10-nyse-px-increasing-dividend-100912228.html,1684490952,STORY
f4cb7905-ad56-38f7-8246-4328df6beec2,PX,2023-5-26,Q1 2023 P10 Inc Earnings Call,Thomson Reuters StreetEvents,https://finance.yahoo.com/news/q1-2023-p10-inc-earnings-122648492.html,1684240008,STORY
92508d28-ea4d-3784-a1bb-adf0cdc3be4f,PX,2023-5-26,"P10, Inc. (PX) Beats Q1 Earnings and Revenue Estimates",Zacks,https://finance.yahoo.com/news/p10-inc-px-beats-q1-215509009.html,1684187709,STORY
ba8d9269-e193-39ad-aaee-9dacf66bb050,PX,2023-5-26,P10 Reports First Quarter 2023 Results,GlobeNewswire,https://finance.yahoo.com/news/p10-reports-first-quarter-2023-200500154.html,1684181100,STORY
30a1e707-bfd9-3f7f-82d1-6b0c60a60e28,PX,2023-5-26,Ellington Residential (EARN) Q1 Earnings and Revenues Lag Estimates,Zacks,https://finance.yahoo.com/news/ellington-residential-earn-q1-earnings-222510682.html,1683843910,STORY
08e15963-cc85-3076-a930-ec6c60a6a227,PX,2023-5-26,"Forge Global Holdings, Inc. (FRGE) Reports Q1 Loss, Lags Revenue Estimates",Zacks,https://finance.yahoo.com/news/forge-global-holdings-inc-frge-234511964.html,1683675911,STORY
d4fe3235-afba-3e48-b389-993bb648b227,PX,2023-5-26,"Avantax (AVTA) Reports Q1 Loss, Lags Revenue Estimates",Zacks,https://finance.yahoo.com/news/avantax-avta-reports-q1-loss-215509974.html,1683582909,STORY
f8d63825-aaa8-3b79-b79f-c47e3fb21c47,PX,2023-5-27,"P10, Inc. (NYSE:PX) Looks Like A Good Stock, And It's Going Ex-Dividend Soon",Simply Wall St.,https://finance.yahoo.com/news/p10-inc-nyse-px-looks-121247468.html,1684671167,STORY
e7f22460-e0be-3f80-9153-9111716009c3,PX,2023-5-27,P10 (NYSE:PX) Is Increasing Its Dividend To $0.0325,Simply Wall St.,https://finance.yahoo.com/news/p10-nyse-px-increasing-dividend-100912228.html,1684490952,STORY
f4cb7905-ad56-38f7-8246-4328df6beec2,PX,2023-5-27,Q1 2023 P10 Inc Earnings Call,Thomson Reuters StreetEvents,https://finance.yahoo.com/news/q1-2023-p10-inc-earnings-122648492.html,1684240008,STORY
92508d28-ea4d-3784-a1bb-adf0cdc3be4f,PX,2023-5-27,"P10, Inc. (PX) Beats Q1 Earnings and Revenue Estimates",Zacks,https://finance.yahoo.com/news/p10-inc-px-beats-q1-215509009.html,1684187709,STORY
ba8d9269-e193-39ad-aaee-9dacf66bb050,PX,2023-5-27,P10 Reports First Quarter 2023 Results,GlobeNewswire,https://finance.yahoo.com/news/p10-reports-first-quarter-2023-200500154.html,1684181100,STORY
30a1e707-bfd9-3f7f-82d1-6b0c60a60e28,PX,2023-5-27,Ellington Residential (EARN) Q1 Earnings and Revenues Lag Estimates,Zacks,https://finance.yahoo.com/news/ellington-residential-earn-q1-earnings-222510682.html,1683843910,STORY
08e15963-cc85-3076-a930-ec6c60a6a227,PX,2023-5-27,"Forge Global Holdings, Inc. (FRGE) Reports Q1 Loss, Lags Revenue Estimates",Zacks,https://finance.yahoo.com/news/forge-global-holdings-inc-frge-234511964.html,1683675911,STORY
d4fe3235-afba-3e48-b389-993bb648b227,PX,2023-5-27,"Avantax (AVTA) Reports Q1 Loss, Lags Revenue Estimates",Zacks,https://finance.yahoo.com/news/avantax-avta-reports-q1-loss-215509974.html,1683582909,STORY
f8d63825-aaa8-3b79-b79f-c47e3fb21c47,PX,2023-5-28,"P10, Inc. (NYSE:PX) Looks Like A Good Stock, And It's Going Ex-Dividend Soon",Simply Wall St.,https://finance.yahoo.com/news/p10-inc-nyse-px-looks-121247468.html,1684671167,STORY
e7f22460-e0be-3f80-9153-9111716009c3,PX,2023-5-28,P10 (NYSE:PX) Is Increasing Its Dividend To $0.0325,Simply Wall St.,https://finance.yahoo.com/news/p10-nyse-px-increasing-dividend-100912228.html,1684490952,STORY
f4cb7905-ad56-38f7-8246-4328df6beec2,PX,2023-5-28,Q1 2023 P10 Inc Earnings Call,Thomson Reuters StreetEvents,https://finance.yahoo.com/news/q1-2023-p10-inc-earnings-122648492.html,1684240008,STORY
92508d28-ea4d-3784-a1bb-adf0cdc3be4f,PX,2023-5-28,"P10, Inc. (PX) Beats Q1 Earnings and Revenue Estimates",Zacks,https://finance.yahoo.com/news/p10-inc-px-beats-q1-215509009.html,1684187709,STORY
ba8d9269-e193-39ad-aaee-9dacf66bb050,PX,2023-5-28,P10 Reports First Quarter 2023 Results,GlobeNewswire,https://finance.yahoo.com/news/p10-reports-first-quarter-2023-200500154.html,1684181100,STORY
30a1e707-bfd9-3f7f-82d1-6b0c60a60e28,PX,2023-5-28,Ellington Residential (EARN) Q1 Earnings and Revenues Lag Estimates,Zacks,https://finance.yahoo.com/news/ellington-residential-earn-q1-earnings-222510682.html,1683843910,STORY
08e15963-cc85-3076-a930-ec6c60a6a227,PX,2023-5-28,"Forge Global Holdings, Inc. (FRGE) Reports Q1 Loss, Lags Revenue Estimates",Zacks,https://finance.yahoo.com/news/forge-global-holdings-inc-frge-234511964.html,1683675911,STORY
d4fe3235-afba-3e48-b389-993bb648b227,PX,2023-5-28,"Avantax (AVTA) Reports Q1 Loss, Lags Revenue Estimates",Zacks,https://finance.yahoo.com/news/avantax-avta-reports-q1-loss-215509974.html,1683582909,STORY
f8d63825-aaa8-3b79-b79f-c47e3fb21c47,PX,2023-5-29,"P10, Inc. (NYSE:PX) Looks Like A Good Stock, And It's Going Ex-Dividend Soon",Simply Wall St.,https://finance.yahoo.com/news/p10-inc-nyse-px-looks-121247468.html,1684671167,STORY
e7f22460-e0be-3f80-9153-9111716009c3,PX,2023-5-29,P10 (NYSE:PX) Is Increasing Its Dividend To $0.0325,Simply Wall St.,https://finance.yahoo.com/news/p10-nyse-px-increasing-dividend-100912228.html,1684490952,STORY
f4cb7905-ad56-38f7-8246-4328df6beec2,PX,2023-5-29,Q1 2023 P10 Inc Earnings Call,Thomson Reuters StreetEvents,https://finance.yahoo.com/news/q1-2023-p10-inc-earnings-122648492.html,1684240008,STORY
92508d28-ea4d-3784-a1bb-adf0cdc3be4f,PX,2023-5-29,"P10, Inc. (PX) Beats Q1 Earnings and Revenue Estimates",Zacks,https://finance.yahoo.com/news/p10-inc-px-beats-q1-215509009.html,1684187709,STORY
ba8d9269-e193-39ad-aaee-9dacf66bb050,PX,2023-5-29,P10 Reports First Quarter 2023 Results,GlobeNewswire,https://finance.yahoo.com/news/p10-reports-first-quarter-2023-200500154.html,1684181100,STORY
30a1e707-bfd9-3f7f-82d1-6b0c60a60e28,PX,2023-5-29,Ellington Residential (EARN) Q1 Earnings and Revenues Lag Estimates,Zacks,https://finance.yahoo.com/news/ellington-residential-earn-q1-earnings-222510682.html,1683843910,STORY
08e15963-cc85-3076-a930-ec6c60a6a227,PX,2023-5-29,"Forge Global Holdings, Inc. (FRGE) Reports Q1 Loss, Lags Revenue Estimates",Zacks,https://finance.yahoo.com/news/forge-global-holdings-inc-frge-234511964.html,1683675911,STORY
d4fe3235-afba-3e48-b389-993bb648b227,PX,2023-5-29,"Avantax (AVTA) Reports Q1 Loss, Lags Revenue Estimates",Zacks,https://finance.yahoo.com/news/avantax-avta-reports-q1-loss-215509974.html,1683582909,STORY
f8d63825-aaa8-3b79-b79f-c47e3fb21c47,PX,2023-5-30,"P10, Inc. (NYSE:PX) Looks Like A Good Stock, And It's Going Ex-Dividend Soon",Simply Wall St.,https://finance.yahoo.com/news/p10-inc-nyse-px-looks-121247468.html,1684671167,STORY
e7f22460-e0be-3f80-9153-9111716009c3,PX,2023-5-30,P10 (NYSE:PX) Is Increasing Its Dividend To $0.0325,Simply Wall St.,https://finance.yahoo.com/news/p10-nyse-px-increasing-dividend-100912228.html,1684490952,STORY
f4cb7905-ad56-38f7-8246-4328df6beec2,PX,2023-5-30,Q1 2023 P10 Inc Earnings Call,Thomson Reuters StreetEvents,https://finance.yahoo.com/news/q1-2023-p10-inc-earnings-122648492.html,1684240008,STORY
92508d28-ea4d-3784-a1bb-adf0cdc3be4f,PX,2023-5-30,"P10, Inc. (PX) Beats Q1 Earnings and Revenue Estimates",Zacks,https://finance.yahoo.com/news/p10-inc-px-beats-q1-215509009.html,1684187709,STORY
ba8d9269-e193-39ad-aaee-9dacf66bb050,PX,2023-5-30,P10 Reports First Quarter 2023 Results,GlobeNewswire,https://finance.yahoo.com/news/p10-reports-first-quarter-2023-200500154.html,1684181100,STORY
30a1e707-bfd9-3f7f-82d1-6b0c60a60e28,PX,2023-5-30,Ellington Residential (EARN) Q1 Earnings and Revenues Lag Estimates,Zacks,https://finance.yahoo.com/news/ellington-residential-earn-q1-earnings-222510682.html,1683843910,STORY
08e15963-cc85-3076-a930-ec6c60a6a227,PX,2023-5-30,"Forge Global Holdings, Inc. (FRGE) Reports Q1 Loss, Lags Revenue Estimates",Zacks,https://finance.yahoo.com/news/forge-global-holdings-inc-frge-234511964.html,1683675911,STORY
d4fe3235-afba-3e48-b389-993bb648b227,PX,2023-5-30,"Avantax (AVTA) Reports Q1 Loss, Lags Revenue Estimates",Zacks,https://finance.yahoo.com/news/avantax-avta-reports-q1-loss-215509974.html,1683582909,STORY
f8d63825-aaa8-3b79-b79f-c47e3fb21c47,PX,2023-5-31,"P10, Inc. (NYSE:PX) Looks Like A Good Stock, And It's Going Ex-Dividend Soon",Simply Wall St.,https://finance.yahoo.com/news/p10-inc-nyse-px-looks-121247468.html,1684671167,STORY
e7f22460-e0be-3f80-9153-9111716009c3,PX,2023-5-31,P10 (NYSE:PX) Is Increasing Its Dividend To $0.0325,Simply Wall St.,https://finance.yahoo.com/news/p10-nyse-px-increasing-dividend-100912228.html,1684490952,STORY
f4cb7905-ad56-38f7-8246-4328df6beec2,PX,2023-5-31,Q1 2023 P10 Inc Earnings Call,Thomson Reuters StreetEvents,https://finance.yahoo.com/news/q1-2023-p10-inc-earnings-122648492.html,1684240008,STORY
92508d28-ea4d-3784-a1bb-adf0cdc3be4f,PX,2023-5-31,"P10, Inc. (PX) Beats Q1 Earnings and Revenue Estimates",Zacks,https://finance.yahoo.com/news/p10-inc-px-beats-q1-215509009.html,1684187709,STORY
ba8d9269-e193-39ad-aaee-9dacf66bb050,PX,2023-5-31,P10 Reports First Quarter 2023 Results,GlobeNewswire,https://finance.yahoo.com/news/p10-reports-first-quarter-2023-200500154.html,1684181100,STORY
30a1e707-bfd9-3f7f-82d1-6b0c60a60e28,PX,2023-5-31,Ellington Residential (EARN) Q1 Earnings and Revenues Lag Estimates,Zacks,https://finance.yahoo.com/news/ellington-residential-earn-q1-earnings-222510682.html,1683843910,STORY
08e15963-cc85-3076-a930-ec6c60a6a227,PX,2023-5-31,"Forge Global Holdings, Inc. (FRGE) Reports Q1 Loss, Lags Revenue Estimates",Zacks,https://finance.yahoo.com/news/forge-global-holdings-inc-frge-234511964.html,1683675911,STORY
d4fe3235-afba-3e48-b389-993bb648b227,PX,2023-5-31,"Avantax (AVTA) Reports Q1 Loss, Lags Revenue Estimates",Zacks,https://finance.yahoo.com/news/avantax-avta-reports-q1-loss-215509974.html,1683582909,STORY
f8d63825-aaa8-3b79-b79f-c47e3fb21c47,PX,2023-6-1,"P10, Inc. (NYSE:PX) Looks Like A Good Stock, And It's Going Ex-Dividend Soon",Simply Wall St.,https://finance.yahoo.com/news/p10-inc-nyse-px-looks-121247468.html,1684671167,STORY
e7f22460-e0be-3f80-9153-9111716009c3,PX,2023-6-1,P10 (NYSE:PX) Is Increasing Its Dividend To $0.0325,Simply Wall St.,https://finance.yahoo.com/news/p10-nyse-px-increasing-dividend-100912228.html,1684490952,STORY
f4cb7905-ad56-38f7-8246-4328df6beec2,PX,2023-6-1,Q1 2023 P10 Inc Earnings Call,Thomson Reuters StreetEvents,https://finance.yahoo.com/news/q1-2023-p10-inc-earnings-122648492.html,1684240008,STORY
92508d28-ea4d-3784-a1bb-adf0cdc3be4f,PX,2023-6-1,"P10, Inc. (PX) Beats Q1 Earnings and Revenue Estimates",Zacks,https://finance.yahoo.com/news/p10-inc-px-beats-q1-215509009.html,1684187709,STORY
ba8d9269-e193-39ad-aaee-9dacf66bb050,PX,2023-6-1,P10 Reports First Quarter 2023 Results,GlobeNewswire,https://finance.yahoo.com/news/p10-reports-first-quarter-2023-200500154.html,1684181100,STORY
30a1e707-bfd9-3f7f-82d1-6b0c60a60e28,PX,2023-6-1,Ellington Residential (EARN) Q1 Earnings and Revenues Lag Estimates,Zacks,https://finance.yahoo.com/news/ellington-residential-earn-q1-earnings-222510682.html,1683843910,STORY
08e15963-cc85-3076-a930-ec6c60a6a227,PX,2023-6-1,"Forge Global Holdings, Inc. (FRGE) Reports Q1 Loss, Lags Revenue Estimates",Zacks,https://finance.yahoo.com/news/forge-global-holdings-inc-frge-234511964.html,1683675911,STORY
d4fe3235-afba-3e48-b389-993bb648b227,PX,2023-6-1,"Avantax (AVTA) Reports Q1 Loss, Lags Revenue Estimates",Zacks,https://finance.yahoo.com/news/avantax-avta-reports-q1-loss-215509974.html,1683582909,STORY
f8d63825-aaa8-3b79-b79f-c47e3fb21c47,PX,2023-6-2,"P10, Inc. (NYSE:PX) Looks Like A Good Stock, And It's Going Ex-Dividend Soon",Simply Wall St.,https://finance.yahoo.com/news/p10-inc-nyse-px-looks-121247468.html,1684671167,STORY
e7f22460-e0be-3f80-9153-9111716009c3,PX,2023-6-2,P10 (NYSE:PX) Is Increasing Its Dividend To $0.0325,Simply Wall St.,https://finance.yahoo.com/news/p10-nyse-px-increasing-dividend-100912228.html,1684490952,STORY
f4cb7905-ad56-38f7-8246-4328df6beec2,PX,2023-6-2,Q1 2023 P10 Inc Earnings Call,Thomson Reuters StreetEvents,https://finance.yahoo.com/news/q1-2023-p10-inc-earnings-122648492.html,1684240008,STORY
92508d28-ea4d-3784-a1bb-adf0cdc3be4f,PX,2023-6-2,"P10, Inc. (PX) Beats Q1 Earnings and Revenue Estimates",Zacks,https://finance.yahoo.com/news/p10-inc-px-beats-q1-215509009.html,1684187709,STORY
ba8d9269-e193-39ad-aaee-9dacf66bb050,PX,2023-6-2,P10 Reports First Quarter 2023 Results,GlobeNewswire,https://finance.yahoo.com/news/p10-reports-first-quarter-2023-200500154.html,1684181100,STORY
30a1e707-bfd9-3f7f-82d1-6b0c60a60e28,PX,2023-6-2,Ellington Residential (EARN) Q1 Earnings and Revenues Lag Estimates,Zacks,https://finance.yahoo.com/news/ellington-residential-earn-q1-earnings-222510682.html,1683843910,STORY
08e15963-cc85-3076-a930-ec6c60a6a227,PX,2023-6-2,"Forge Global Holdings, Inc. (FRGE) Reports Q1 Loss, Lags Revenue Estimates",Zacks,https://finance.yahoo.com/news/forge-global-holdings-inc-frge-234511964.html,1683675911,STORY
d4fe3235-afba-3e48-b389-993bb648b227,PX,2023-6-2,"Avantax (AVTA) Reports Q1 Loss, Lags Revenue Estimates",Zacks,https://finance.yahoo.com/news/avantax-avta-reports-q1-loss-215509974.html,1683582909,STORY
f8d63825-aaa8-3b79-b79f-c47e3fb21c47,PX,2023-6-3,"P10, Inc. (NYSE:PX) Looks Like A Good Stock, And It's Going Ex-Dividend Soon",Simply Wall St.,https://finance.yahoo.com/news/p10-inc-nyse-px-looks-121247468.html,1684671167,STORY
e7f22460-e0be-3f80-9153-9111716009c3,PX,2023-6-3,P10 (NYSE:PX) Is Increasing Its Dividend To $0.0325,Simply Wall St.,https://finance.yahoo.com/news/p10-nyse-px-increasing-dividend-100912228.html,1684490952,STORY
f4cb7905-ad56-38f7-8246-4328df6beec2,PX,2023-6-3,Q1 2023 P10 Inc Earnings Call,Thomson Reuters StreetEvents,https://finance.yahoo.com/news/q1-2023-p10-inc-earnings-122648492.html,1684240008,STORY
92508d28-ea4d-3784-a1bb-adf0cdc3be4f,PX,2023-6-3,"P10, Inc. (PX) Beats Q1 Earnings and Revenue Estimates",Zacks,https://finance.yahoo.com/news/p10-inc-px-beats-q1-215509009.html,1684187709,STORY
ba8d9269-e193-39ad-aaee-9dacf66bb050,PX,2023-6-3,P10 Reports First Quarter 2023 Results,GlobeNewswire,https://finance.yahoo.com/news/p10-reports-first-quarter-2023-200500154.html,1684181100,STORY
30a1e707-bfd9-3f7f-82d1-6b0c60a60e28,PX,2023-6-3,Ellington Residential (EARN) Q1 Earnings and Revenues Lag Estimates,Zacks,https://finance.yahoo.com/news/ellington-residential-earn-q1-earnings-222510682.html,1683843910,STORY
08e15963-cc85-3076-a930-ec6c60a6a227,PX,2023-6-3,"Forge Global Holdings, Inc. (FRGE) Reports Q1 Loss, Lags Revenue Estimates",Zacks,https://finance.yahoo.com/news/forge-global-holdings-inc-frge-234511964.html,1683675911,STORY
d4fe3235-afba-3e48-b389-993bb648b227,PX,2023-6-3,"Avantax (AVTA) Reports Q1 Loss, Lags Revenue Estimates",Zacks,https://finance.yahoo.com/news/avantax-avta-reports-q1-loss-215509974.html,1683582909,STORY
f8d63825-aaa8-3b79-b79f-c47e3fb21c47,PX,2023-6-4,"P10, Inc. (NYSE:PX) Looks Like A Good Stock, And It's Going Ex-Dividend Soon",Simply Wall St.,https://finance.yahoo.com/news/p10-inc-nyse-px-looks-121247468.html,1684671167,STORY
e7f22460-e0be-3f80-9153-9111716009c3,PX,2023-6-4,P10 (NYSE:PX) Is Increasing Its Dividend To $0.0325,Simply Wall St.,https://finance.yahoo.com/news/p10-nyse-px-increasing-dividend-100912228.html,1684490952,STORY
f4cb7905-ad56-38f7-8246-4328df6beec2,PX,2023-6-4,Q1 2023 P10 Inc Earnings Call,Thomson Reuters StreetEvents,https://finance.yahoo.com/news/q1-2023-p10-inc-earnings-122648492.html,1684240008,STORY
92508d28-ea4d-3784-a1bb-adf0cdc3be4f,PX,2023-6-4,"P10, Inc. (PX) Beats Q1 Earnings and Revenue Estimates",Zacks,https://finance.yahoo.com/news/p10-inc-px-beats-q1-215509009.html,1684187709,STORY
ba8d9269-e193-39ad-aaee-9dacf66bb050,PX,2023-6-4,P10 Reports First Quarter 2023 Results,GlobeNewswire,https://finance.yahoo.com/news/p10-reports-first-quarter-2023-200500154.html,1684181100,STORY
30a1e707-bfd9-3f7f-82d1-6b0c60a60e28,PX,2023-6-4,Ellington Residential (EARN) Q1 Earnings and Revenues Lag Estimates,Zacks,https://finance.yahoo.com/news/ellington-residential-earn-q1-earnings-222510682.html,1683843910,STORY
08e15963-cc85-3076-a930-ec6c60a6a227,PX,2023-6-4,"Forge Global Holdings, Inc. (FRGE) Reports Q1 Loss, Lags Revenue Estimates",Zacks,https://finance.yahoo.com/news/forge-global-holdings-inc-frge-234511964.html,1683675911,STORY
d4fe3235-afba-3e48-b389-993bb648b227,PX,2023-6-4,"Avantax (AVTA) Reports Q1 Loss, Lags Revenue Estimates",Zacks,https://finance.yahoo.com/news/avantax-avta-reports-q1-loss-215509974.html,1683582909,STORY
f8d63825-aaa8-3b79-b79f-c47e3fb21c47,PX,2023-6-5,"P10, Inc. (NYSE:PX) Looks Like A Good Stock, And It's Going Ex-Dividend Soon",Simply Wall St.,https://finance.yahoo.com/news/p10-inc-nyse-px-looks-121247468.html,1684671167,STORY
e7f22460-e0be-3f80-9153-9111716009c3,PX,2023-6-5,P10 (NYSE:PX) Is Increasing Its Dividend To $0.0325,Simply Wall St.,https://finance.yahoo.com/news/p10-nyse-px-increasing-dividend-100912228.html,1684490952,STORY
f4cb7905-ad56-38f7-8246-4328df6beec2,PX,2023-6-5,Q1 2023 P10 Inc Earnings Call,Thomson Reuters StreetEvents,https://finance.yahoo.com/news/q1-2023-p10-inc-earnings-122648492.html,1684240008,STORY
92508d28-ea4d-3784-a1bb-adf0cdc3be4f,PX,2023-6-5,"P10, Inc. (PX) Beats Q1 Earnings and Revenue Estimates",Zacks,https://finance.yahoo.com/news/p10-inc-px-beats-q1-215509009.html,1684187709,STORY
ba8d9269-e193-39ad-aaee-9dacf66bb050,PX,2023-6-5,P10 Reports First Quarter 2023 Results,GlobeNewswire,https://finance.yahoo.com/news/p10-reports-first-quarter-2023-200500154.html,1684181100,STORY
30a1e707-bfd9-3f7f-82d1-6b0c60a60e28,PX,2023-6-5,Ellington Residential (EARN) Q1 Earnings and Revenues Lag Estimates,Zacks,https://finance.yahoo.com/news/ellington-residential-earn-q1-earnings-222510682.html,1683843910,STORY
08e15963-cc85-3076-a930-ec6c60a6a227,PX,2023-6-5,"Forge Global Holdings, Inc. (FRGE) Reports Q1 Loss, Lags Revenue Estimates",Zacks,https://finance.yahoo.com/news/forge-global-holdings-inc-frge-234511964.html,1683675911,STORY
d4fe3235-afba-3e48-b389-993bb648b227,PX,2023-6-5,"Avantax (AVTA) Reports Q1 Loss, Lags Revenue Estimates",Zacks,https://finance.yahoo.com/news/avantax-avta-reports-q1-loss-215509974.html,1683582909,STORY
f8d63825-aaa8-3b79-b79f-c47e3fb21c47,PX,2023-6-6,"P10, Inc. (NYSE:PX) Looks Like A Good Stock, And It's Going Ex-Dividend Soon",Simply Wall St.,https://finance.yahoo.com/news/p10-inc-nyse-px-looks-121247468.html,1684671167,STORY
e7f22460-e0be-3f80-9153-9111716009c3,PX,2023-6-6,P10 (NYSE:PX) Is Increasing Its Dividend To $0.0325,Simply Wall St.,https://finance.yahoo.com/news/p10-nyse-px-increasing-dividend-100912228.html,1684490952,STORY
f4cb7905-ad56-38f7-8246-4328df6beec2,PX,2023-6-6,Q1 2023 P10 Inc Earnings Call,Thomson Reuters StreetEvents,https://finance.yahoo.com/news/q1-2023-p10-inc-earnings-122648492.html,1684240008,STORY
92508d28-ea4d-3784-a1bb-adf0cdc3be4f,PX,2023-6-6,"P10, Inc. (PX) Beats Q1 Earnings and Revenue Estimates",Zacks,https://finance.yahoo.com/news/p10-inc-px-beats-q1-215509009.html,1684187709,STORY
ba8d9269-e193-39ad-aaee-9dacf66bb050,PX,2023-6-6,P10 Reports First Quarter 2023 Results,GlobeNewswire,https://finance.yahoo.com/news/p10-reports-first-quarter-2023-200500154.html,1684181100,STORY
30a1e707-bfd9-3f7f-82d1-6b0c60a60e28,PX,2023-6-6,Ellington Residential (EARN) Q1 Earnings and Revenues Lag Estimates,Zacks,https://finance.yahoo.com/news/ellington-residential-earn-q1-earnings-222510682.html,1683843910,STORY
08e15963-cc85-3076-a930-ec6c60a6a227,PX,2023-6-6,"Forge Global Holdings, Inc. (FRGE) Reports Q1 Loss, Lags Revenue Estimates",Zacks,https://finance.yahoo.com/news/forge-global-holdings-inc-frge-234511964.html,1683675911,STORY
d4fe3235-afba-3e48-b389-993bb648b227,PX,2023-6-6,"Avantax (AVTA) Reports Q1 Loss, Lags Revenue Estimates",Zacks,https://finance.yahoo.com/news/avantax-avta-reports-q1-loss-215509974.html,1683582909,STORY
f8d63825-aaa8-3b79-b79f-c47e3fb21c47,PX,2023-6-7,"P10, Inc. (NYSE:PX) Looks Like A Good Stock, And It's Going Ex-Dividend Soon",Simply Wall St.,https://finance.yahoo.com/news/p10-inc-nyse-px-looks-121247468.html,1684671167,STORY
e7f22460-e0be-3f80-9153-9111716009c3,PX,2023-6-7,P10 (NYSE:PX) Is Increasing Its Dividend To $0.0325,Simply Wall St.,https://finance.yahoo.com/news/p10-nyse-px-increasing-dividend-100912228.html,1684490952,STORY
f4cb7905-ad56-38f7-8246-4328df6beec2,PX,2023-6-7,Q1 2023 P10 Inc Earnings Call,Thomson Reuters StreetEvents,https://finance.yahoo.com/news/q1-2023-p10-inc-earnings-122648492.html,1684240008,STORY
92508d28-ea4d-3784-a1bb-adf0cdc3be4f,PX,2023-6-7,"P10, Inc. (PX) Beats Q1 Earnings and Revenue Estimates",Zacks,https://finance.yahoo.com/news/p10-inc-px-beats-q1-215509009.html,1684187709,STORY
ba8d9269-e193-39ad-aaee-9dacf66bb050,PX,2023-6-7,P10 Reports First Quarter 2023 Results,GlobeNewswire,https://finance.yahoo.com/news/p10-reports-first-quarter-2023-200500154.html,1684181100,STORY
30a1e707-bfd9-3f7f-82d1-6b0c60a60e28,PX,2023-6-7,Ellington Residential (EARN) Q1 Earnings and Revenues Lag Estimates,Zacks,https://finance.yahoo.com/news/ellington-residential-earn-q1-earnings-222510682.html,1683843910,STORY
08e15963-cc85-3076-a930-ec6c60a6a227,PX,2023-6-7,"Forge Global Holdings, Inc. (FRGE) Reports Q1 Loss, Lags Revenue Estimates",Zacks,https://finance.yahoo.com/news/forge-global-holdings-inc-frge-234511964.html,1683675911,STORY
d4fe3235-afba-3e48-b389-993bb648b227,PX,2023-6-7,"Avantax (AVTA) Reports Q1 Loss, Lags Revenue Estimates",Zacks,https://finance.yahoo.com/news/avantax-avta-reports-q1-loss-215509974.html,1683582909,STORY
f8d63825-aaa8-3b79-b79f-c47e3fb21c47,PX,2023-6-8,"P10, Inc. (NYSE:PX) Looks Like A Good Stock, And It's Going Ex-Dividend Soon",Simply Wall St.,https://finance.yahoo.com/news/p10-inc-nyse-px-looks-121247468.html,1684671167,STORY
e7f22460-e0be-3f80-9153-9111716009c3,PX,2023-6-8,P10 (NYSE:PX) Is Increasing Its Dividend To $0.0325,Simply Wall St.,https://finance.yahoo.com/news/p10-nyse-px-increasing-dividend-100912228.html,1684490952,STORY
f4cb7905-ad56-38f7-8246-4328df6beec2,PX,2023-6-8,Q1 2023 P10 Inc Earnings Call,Thomson Reuters StreetEvents,https://finance.yahoo.com/news/q1-2023-p10-inc-earnings-122648492.html,1684240008,STORY
92508d28-ea4d-3784-a1bb-adf0cdc3be4f,PX,2023-6-8,"P10, Inc. (PX) Beats Q1 Earnings and Revenue Estimates",Zacks,https://finance.yahoo.com/news/p10-inc-px-beats-q1-215509009.html,1684187709,STORY
ba8d9269-e193-39ad-aaee-9dacf66bb050,PX,2023-6-8,P10 Reports First Quarter 2023 Results,GlobeNewswire,https://finance.yahoo.com/news/p10-reports-first-quarter-2023-200500154.html,1684181100,STORY
30a1e707-bfd9-3f7f-82d1-6b0c60a60e28,PX,2023-6-8,Ellington Residential (EARN) Q1 Earnings and Revenues Lag Estimates,Zacks,https://finance.yahoo.com/news/ellington-residential-earn-q1-earnings-222510682.html,1683843910,STORY
08e15963-cc85-3076-a930-ec6c60a6a227,PX,2023-6-8,"Forge Global Holdings, Inc. (FRGE) Reports Q1 Loss, Lags Revenue Estimates",Zacks,https://finance.yahoo.com/news/forge-global-holdings-inc-frge-234511964.html,1683675911,STORY
d4fe3235-afba-3e48-b389-993bb648b227,PX,2023-6-8,"Avantax (AVTA) Reports Q1 Loss, Lags Revenue Estimates",Zacks,https://finance.yahoo.com/news/avantax-avta-reports-q1-loss-215509974.html,1683582909,STORY
045f00f4-655b-33b3-9cfe-0e94bcda1090,PX,2023-6-9,Bonaccord Capital Partners Enters Strategic Partnership with Asia Heritage to Further Strategic Development Efforts; Announces Chris Lerner as Operating Partner,GlobeNewswire,https://finance.yahoo.com/news/bonaccord-capital-partners-enters-strategic-215600826.html,1686261360,STORY
f8d63825-aaa8-3b79-b79f-c47e3fb21c47,PX,2023-6-9,"P10, Inc. (NYSE:PX) Looks Like A Good Stock, And It's Going Ex-Dividend Soon",Simply Wall St.,https://finance.yahoo.com/news/p10-inc-nyse-px-looks-121247468.html,1684671167,STORY
e7f22460-e0be-3f80-9153-9111716009c3,PX,2023-6-9,P10 (NYSE:PX) Is Increasing Its Dividend To $0.0325,Simply Wall St.,https://finance.yahoo.com/news/p10-nyse-px-increasing-dividend-100912228.html,1684490952,STORY
f4cb7905-ad56-38f7-8246-4328df6beec2,PX,2023-6-9,Q1 2023 P10 Inc Earnings Call,Thomson Reuters StreetEvents,https://finance.yahoo.com/news/q1-2023-p10-inc-earnings-122648492.html,1684240008,STORY
92508d28-ea4d-3784-a1bb-adf0cdc3be4f,PX,2023-6-9,"P10, Inc. (PX) Beats Q1 Earnings and Revenue Estimates",Zacks,https://finance.yahoo.com/news/p10-inc-px-beats-q1-215509009.html,1684187709,STORY
ba8d9269-e193-39ad-aaee-9dacf66bb050,PX,2023-6-9,P10 Reports First Quarter 2023 Results,GlobeNewswire,https://finance.yahoo.com/news/p10-reports-first-quarter-2023-200500154.html,1684181100,STORY
30a1e707-bfd9-3f7f-82d1-6b0c60a60e28,PX,2023-6-9,Ellington Residential (EARN) Q1 Earnings and Revenues Lag Estimates,Zacks,https://finance.yahoo.com/news/ellington-residential-earn-q1-earnings-222510682.html,1683843910,STORY
08e15963-cc85-3076-a930-ec6c60a6a227,PX,2023-6-9,"Forge Global Holdings, Inc. (FRGE) Reports Q1 Loss, Lags Revenue Estimates",Zacks,https://finance.yahoo.com/news/forge-global-holdings-inc-frge-234511964.html,1683675911,STORY
045f00f4-655b-33b3-9cfe-0e94bcda1090,PX,2023-6-10,Bonaccord Capital Partners Enters Strategic Partnership with Asia Heritage to Further Strategic Development Efforts; Announces Chris Lerner as Operating Partner,GlobeNewswire,https://finance.yahoo.com/news/bonaccord-capital-partners-enters-strategic-215600826.html,1686261360,STORY
f8d63825-aaa8-3b79-b79f-c47e3fb21c47,PX,2023-6-10,"P10, Inc. (NYSE:PX) Looks Like A Good Stock, And It's Going Ex-Dividend Soon",Simply Wall St.,https://finance.yahoo.com/news/p10-inc-nyse-px-looks-121247468.html,1684671167,STORY
e7f22460-e0be-3f80-9153-9111716009c3,PX,2023-6-10,P10 (NYSE:PX) Is Increasing Its Dividend To $0.0325,Simply Wall St.,https://finance.yahoo.com/news/p10-nyse-px-increasing-dividend-100912228.html,1684490952,STORY
f4cb7905-ad56-38f7-8246-4328df6beec2,PX,2023-6-10,Q1 2023 P10 Inc Earnings Call,Thomson Reuters StreetEvents,https://finance.yahoo.com/news/q1-2023-p10-inc-earnings-122648492.html,1684240008,STORY
92508d28-ea4d-3784-a1bb-adf0cdc3be4f,PX,2023-6-10,"P10, Inc. (PX) Beats Q1 Earnings and Revenue Estimates",Zacks,https://finance.yahoo.com/news/p10-inc-px-beats-q1-215509009.html,1684187709,STORY
ba8d9269-e193-39ad-aaee-9dacf66bb050,PX,2023-6-10,P10 Reports First Quarter 2023 Results,GlobeNewswire,https://finance.yahoo.com/news/p10-reports-first-quarter-2023-200500154.html,1684181100,STORY
30a1e707-bfd9-3f7f-82d1-6b0c60a60e28,PX,2023-6-10,Ellington Residential (EARN) Q1 Earnings and Revenues Lag Estimates,Zacks,https://finance.yahoo.com/news/ellington-residential-earn-q1-earnings-222510682.html,1683843910,STORY
08e15963-cc85-3076-a930-ec6c60a6a227,PX,2023-6-10,"Forge Global Holdings, Inc. (FRGE) Reports Q1 Loss, Lags Revenue Estimates",Zacks,https://finance.yahoo.com/news/forge-global-holdings-inc-frge-234511964.html,1683675911,STORY
045f00f4-655b-33b3-9cfe-0e94bcda1090,PX,2023-6-11,Bonaccord Capital Partners Enters Strategic Partnership with Asia Heritage to Further Strategic Development Efforts; Announces Chris Lerner as Operating Partner,GlobeNewswire,https://finance.yahoo.com/news/bonaccord-capital-partners-enters-strategic-215600826.html,1686261360,STORY
f8d63825-aaa8-3b79-b79f-c47e3fb21c47,PX,2023-6-11,"P10, Inc. (NYSE:PX) Looks Like A Good Stock, And It's Going Ex-Dividend Soon",Simply Wall St.,https://finance.yahoo.com/news/p10-inc-nyse-px-looks-121247468.html,1684671167,STORY
e7f22460-e0be-3f80-9153-9111716009c3,PX,2023-6-11,P10 (NYSE:PX) Is Increasing Its Dividend To $0.0325,Simply Wall St.,https://finance.yahoo.com/news/p10-nyse-px-increasing-dividend-100912228.html,1684490952,STORY
f4cb7905-ad56-38f7-8246-4328df6beec2,PX,2023-6-11,Q1 2023 P10 Inc Earnings Call,Thomson Reuters StreetEvents,https://finance.yahoo.com/news/q1-2023-p10-inc-earnings-122648492.html,1684240008,STORY
92508d28-ea4d-3784-a1bb-adf0cdc3be4f,PX,2023-6-11,"P10, Inc. (PX) Beats Q1 Earnings and Revenue Estimates",Zacks,https://finance.yahoo.com/news/p10-inc-px-beats-q1-215509009.html,1684187709,STORY
ba8d9269-e193-39ad-aaee-9dacf66bb050,PX,2023-6-11,P10 Reports First Quarter 2023 Results,GlobeNewswire,https://finance.yahoo.com/news/p10-reports-first-quarter-2023-200500154.html,1684181100,STORY
30a1e707-bfd9-3f7f-82d1-6b0c60a60e28,PX,2023-6-11,Ellington Residential (EARN) Q1 Earnings and Revenues Lag Estimates,Zacks,https://finance.yahoo.com/news/ellington-residential-earn-q1-earnings-222510682.html,1683843910,STORY
08e15963-cc85-3076-a930-ec6c60a6a227,PX,2023-6-11,"Forge Global Holdings, Inc. (FRGE) Reports Q1 Loss, Lags Revenue Estimates",Zacks,https://finance.yahoo.com/news/forge-global-holdings-inc-frge-234511964.html,1683675911,STORY
bd7c345e-732d-3d48-8af6-4f7a135616ea,PX,2023-6-12,"If EPS Growth Is Important To You, P10 (NYSE:PX) Presents An Opportunity",Simply Wall St.,https://finance.yahoo.com/news/eps-growth-important-p10-nyse-104541803.html,1686566741,STORY
045f00f4-655b-33b3-9cfe-0e94bcda1090,PX,2023-6-12,Bonaccord Capital Partners Enters Strategic Partnership with Asia Heritage to Further Strategic Development Efforts; Announces Chris Lerner as Operating Partner,GlobeNewswire,https://finance.yahoo.com/news/bonaccord-capital-partners-enters-strategic-215600826.html,1686261360,STORY
f8d63825-aaa8-3b79-b79f-c47e3fb21c47,PX,2023-6-12,"P10, Inc. (NYSE:PX) Looks Like A Good Stock, And It's Going Ex-Dividend Soon",Simply Wall St.,https://finance.yahoo.com/news/p10-inc-nyse-px-looks-121247468.html,1684671167,STORY
e7f22460-e0be-3f80-9153-9111716009c3,PX,2023-6-12,P10 (NYSE:PX) Is Increasing Its Dividend To $0.0325,Simply Wall St.,https://finance.yahoo.com/news/p10-nyse-px-increasing-dividend-100912228.html,1684490952,STORY
f4cb7905-ad56-38f7-8246-4328df6beec2,PX,2023-6-12,Q1 2023 P10 Inc Earnings Call,Thomson Reuters StreetEvents,https://finance.yahoo.com/news/q1-2023-p10-inc-earnings-122648492.html,1684240008,STORY
92508d28-ea4d-3784-a1bb-adf0cdc3be4f,PX,2023-6-12,"P10, Inc. (PX) Beats Q1 Earnings and Revenue Estimates",Zacks,https://finance.yahoo.com/news/p10-inc-px-beats-q1-215509009.html,1684187709,STORY
ba8d9269-e193-39ad-aaee-9dacf66bb050,PX,2023-6-12,P10 Reports First Quarter 2023 Results,GlobeNewswire,https://finance.yahoo.com/news/p10-reports-first-quarter-2023-200500154.html,1684181100,STORY
30a1e707-bfd9-3f7f-82d1-6b0c60a60e28,PX,2023-6-12,Ellington Residential (EARN) Q1 Earnings and Revenues Lag Estimates,Zacks,https://finance.yahoo.com/news/ellington-residential-earn-q1-earnings-222510682.html,1683843910,STORY
bd7c345e-732d-3d48-8af6-4f7a135616ea,PX,2023-6-13,"If EPS Growth Is Important To You, P10 (NYSE:PX) Presents An Opportunity",Simply Wall St.,https://finance.yahoo.com/news/eps-growth-important-p10-nyse-104541803.html,1686566741,STORY
045f00f4-655b-33b3-9cfe-0e94bcda1090,PX,2023-6-13,Bonaccord Capital Partners Enters Strategic Partnership with Asia Heritage to Further Strategic Development Efforts; Announces Chris Lerner as Operating Partner,GlobeNewswire,https://finance.yahoo.com/news/bonaccord-capital-partners-enters-strategic-215600826.html,1686261360,STORY
f8d63825-aaa8-3b79-b79f-c47e3fb21c47,PX,2023-6-13,"P10, Inc. (NYSE:PX) Looks Like A Good Stock, And It's Going Ex-Dividend Soon",Simply Wall St.,https://finance.yahoo.com/news/p10-inc-nyse-px-looks-121247468.html,1684671167,STORY
e7f22460-e0be-3f80-9153-9111716009c3,PX,2023-6-13,P10 (NYSE:PX) Is Increasing Its Dividend To $0.0325,Simply Wall St.,https://finance.yahoo.com/news/p10-nyse-px-increasing-dividend-100912228.html,1684490952,STORY
f4cb7905-ad56-38f7-8246-4328df6beec2,PX,2023-6-13,Q1 2023 P10 Inc Earnings Call,Thomson Reuters StreetEvents,https://finance.yahoo.com/news/q1-2023-p10-inc-earnings-122648492.html,1684240008,STORY
92508d28-ea4d-3784-a1bb-adf0cdc3be4f,PX,2023-6-13,"P10, Inc. (PX) Beats Q1 Earnings and Revenue Estimates",Zacks,https://finance.yahoo.com/news/p10-inc-px-beats-q1-215509009.html,1684187709,STORY
ba8d9269-e193-39ad-aaee-9dacf66bb050,PX,2023-6-13,P10 Reports First Quarter 2023 Results,GlobeNewswire,https://finance.yahoo.com/news/p10-reports-first-quarter-2023-200500154.html,1684181100,STORY
30a1e707-bfd9-3f7f-82d1-6b0c60a60e28,PX,2023-6-13,Ellington Residential (EARN) Q1 Earnings and Revenues Lag Estimates,Zacks,https://finance.yahoo.com/news/ellington-residential-earn-q1-earnings-222510682.html,1683843910,STORY
bd7c345e-732d-3d48-8af6-4f7a135616ea,PX,2023-6-14,"If EPS Growth Is Important To You, P10 (NYSE:PX) Presents An Opportunity",Simply Wall St.,https://finance.yahoo.com/news/eps-growth-important-p10-nyse-104541803.html,1686566741,STORY
045f00f4-655b-33b3-9cfe-0e94bcda1090,PX,2023-6-14,Bonaccord Capital Partners Enters Strategic Partnership with Asia Heritage to Further Strategic Development Efforts; Announces Chris Lerner as Operating Partner,GlobeNewswire,https://finance.yahoo.com/news/bonaccord-capital-partners-enters-strategic-215600826.html,1686261360,STORY
f8d63825-aaa8-3b79-b79f-c47e3fb21c47,PX,2023-6-14,"P10, Inc. (NYSE:PX) Looks Like A Good Stock, And It's Going Ex-Dividend Soon",Simply Wall St.,https://finance.yahoo.com/news/p10-inc-nyse-px-looks-121247468.html,1684671167,STORY
e7f22460-e0be-3f80-9153-9111716009c3,PX,2023-6-14,P10 (NYSE:PX) Is Increasing Its Dividend To $0.0325,Simply Wall St.,https://finance.yahoo.com/news/p10-nyse-px-increasing-dividend-100912228.html,1684490952,STORY
f4cb7905-ad56-38f7-8246-4328df6beec2,PX,2023-6-14,Q1 2023 P10 Inc Earnings Call,Thomson Reuters StreetEvents,https://finance.yahoo.com/news/q1-2023-p10-inc-earnings-122648492.html,1684240008,STORY
92508d28-ea4d-3784-a1bb-adf0cdc3be4f,PX,2023-6-14,"P10, Inc. (PX) Beats Q1 Earnings and Revenue Estimates",Zacks,https://finance.yahoo.com/news/p10-inc-px-beats-q1-215509009.html,1684187709,STORY
ba8d9269-e193-39ad-aaee-9dacf66bb050,PX,2023-6-14,P10 Reports First Quarter 2023 Results,GlobeNewswire,https://finance.yahoo.com/news/p10-reports-first-quarter-2023-200500154.html,1684181100,STORY
30a1e707-bfd9-3f7f-82d1-6b0c60a60e28,PX,2023-6-14,Ellington Residential (EARN) Q1 Earnings and Revenues Lag Estimates,Zacks,https://finance.yahoo.com/news/ellington-residential-earn-q1-earnings-222510682.html,1683843910,STORY
bd7c345e-732d-3d48-8af6-4f7a135616ea,PX,2023-6-15,"If EPS Growth Is Important To You, P10 (NYSE:PX) Presents An Opportunity",Simply Wall St.,https://finance.yahoo.com/news/eps-growth-important-p10-nyse-104541803.html,1686566741,STORY
045f00f4-655b-33b3-9cfe-0e94bcda1090,PX,2023-6-15,Bonaccord Capital Partners Enters Strategic Partnership with Asia Heritage to Further Strategic Development Efforts; Announces Chris Lerner as Operating Partner,GlobeNewswire,https://finance.yahoo.com/news/bonaccord-capital-partners-enters-strategic-215600826.html,1686261360,STORY
f8d63825-aaa8-3b79-b79f-c47e3fb21c47,PX,2023-6-15,"P10, Inc. (NYSE:PX) Looks Like A Good Stock, And It's Going Ex-Dividend Soon",Simply Wall St.,https://finance.yahoo.com/news/p10-inc-nyse-px-looks-121247468.html,1684671167,STORY
e7f22460-e0be-3f80-9153-9111716009c3,PX,2023-6-15,P10 (NYSE:PX) Is Increasing Its Dividend To $0.0325,Simply Wall St.,https://finance.yahoo.com/news/p10-nyse-px-increasing-dividend-100912228.html,1684490952,STORY
f4cb7905-ad56-38f7-8246-4328df6beec2,PX,2023-6-15,Q1 2023 P10 Inc Earnings Call,Thomson Reuters StreetEvents,https://finance.yahoo.com/news/q1-2023-p10-inc-earnings-122648492.html,1684240008,STORY
92508d28-ea4d-3784-a1bb-adf0cdc3be4f,PX,2023-6-15,"P10, Inc. (PX) Beats Q1 Earnings and Revenue Estimates",Zacks,https://finance.yahoo.com/news/p10-inc-px-beats-q1-215509009.html,1684187709,STORY
ba8d9269-e193-39ad-aaee-9dacf66bb050,PX,2023-6-15,P10 Reports First Quarter 2023 Results,GlobeNewswire,https://finance.yahoo.com/news/p10-reports-first-quarter-2023-200500154.html,1684181100,STORY
30a1e707-bfd9-3f7f-82d1-6b0c60a60e28,PX,2023-6-15,Ellington Residential (EARN) Q1 Earnings and Revenues Lag Estimates,Zacks,https://finance.yahoo.com/news/ellington-residential-earn-q1-earnings-222510682.html,1683843910,STORY
bd7c345e-732d-3d48-8af6-4f7a135616ea,PX,2023-6-16,"If EPS Growth Is Important To You, P10 (NYSE:PX) Presents An Opportunity",Simply Wall St.,https://finance.yahoo.com/news/eps-growth-important-p10-nyse-104541803.html,1686566741,STORY
045f00f4-655b-33b3-9cfe-0e94bcda1090,PX,2023-6-16,Bonaccord Capital Partners Enters Strategic Partnership with Asia Heritage to Further Strategic Development Efforts; Announces Chris Lerner as Operating Partner,GlobeNewswire,https://finance.yahoo.com/news/bonaccord-capital-partners-enters-strategic-215600826.html,1686261360,STORY
f8d63825-aaa8-3b79-b79f-c47e3fb21c47,PX,2023-6-16,"P10, Inc. (NYSE:PX) Looks Like A Good Stock, And It's Going Ex-Dividend Soon",Simply Wall St.,https://finance.yahoo.com/news/p10-inc-nyse-px-looks-121247468.html,1684671167,STORY
e7f22460-e0be-3f80-9153-9111716009c3,PX,2023-6-16,P10 (NYSE:PX) Is Increasing Its Dividend To $0.0325,Simply Wall St.,https://finance.yahoo.com/news/p10-nyse-px-increasing-dividend-100912228.html,1684490952,STORY
f4cb7905-ad56-38f7-8246-4328df6beec2,PX,2023-6-16,Q1 2023 P10 Inc Earnings Call,Thomson Reuters StreetEvents,https://finance.yahoo.com/news/q1-2023-p10-inc-earnings-122648492.html,1684240008,STORY
92508d28-ea4d-3784-a1bb-adf0cdc3be4f,PX,2023-6-16,"P10, Inc. (PX) Beats Q1 Earnings and Revenue Estimates",Zacks,https://finance.yahoo.com/news/p10-inc-px-beats-q1-215509009.html,1684187709,STORY
ba8d9269-e193-39ad-aaee-9dacf66bb050,PX,2023-6-16,P10 Reports First Quarter 2023 Results,GlobeNewswire,https://finance.yahoo.com/news/p10-reports-first-quarter-2023-200500154.html,1684181100,STORY
30a1e707-bfd9-3f7f-82d1-6b0c60a60e28,PX,2023-6-16,Ellington Residential (EARN) Q1 Earnings and Revenues Lag Estimates,Zacks,https://finance.yahoo.com/news/ellington-residential-earn-q1-earnings-222510682.html,1683843910,STORY
bd7c345e-732d-3d48-8af6-4f7a135616ea,PX,2023-6-17,"If EPS Growth Is Important To You, P10 (NYSE:PX) Presents An Opportunity",Simply Wall St.,https://finance.yahoo.com/news/eps-growth-important-p10-nyse-104541803.html,1686566741,STORY
045f00f4-655b-33b3-9cfe-0e94bcda1090,PX,2023-6-17,Bonaccord Capital Partners Enters Strategic Partnership with Asia Heritage to Further Strategic Development Efforts; Announces Chris Lerner as Operating Partner,GlobeNewswire,https://finance.yahoo.com/news/bonaccord-capital-partners-enters-strategic-215600826.html,1686261360,STORY
f8d63825-aaa8-3b79-b79f-c47e3fb21c47,PX,2023-6-17,"P10, Inc. (NYSE:PX) Looks Like A Good Stock, And It's Going Ex-Dividend Soon",Simply Wall St.,https://finance.yahoo.com/news/p10-inc-nyse-px-looks-121247468.html,1684671167,STORY
e7f22460-e0be-3f80-9153-9111716009c3,PX,2023-6-17,P10 (NYSE:PX) Is Increasing Its Dividend To $0.0325,Simply Wall St.,https://finance.yahoo.com/news/p10-nyse-px-increasing-dividend-100912228.html,1684490952,STORY
f4cb7905-ad56-38f7-8246-4328df6beec2,PX,2023-6-17,Q1 2023 P10 Inc Earnings Call,Thomson Reuters StreetEvents,https://finance.yahoo.com/news/q1-2023-p10-inc-earnings-122648492.html,1684240008,STORY
92508d28-ea4d-3784-a1bb-adf0cdc3be4f,PX,2023-6-17,"P10, Inc. (PX) Beats Q1 Earnings and Revenue Estimates",Zacks,https://finance.yahoo.com/news/p10-inc-px-beats-q1-215509009.html,1684187709,STORY
ba8d9269-e193-39ad-aaee-9dacf66bb050,PX,2023-6-17,P10 Reports First Quarter 2023 Results,GlobeNewswire,https://finance.yahoo.com/news/p10-reports-first-quarter-2023-200500154.html,1684181100,STORY
30a1e707-bfd9-3f7f-82d1-6b0c60a60e28,PX,2023-6-17,Ellington Residential (EARN) Q1 Earnings and Revenues Lag Estimates,Zacks,https://finance.yahoo.com/news/ellington-residential-earn-q1-earnings-222510682.html,1683843910,STORY
bd7c345e-732d-3d48-8af6-4f7a135616ea,PX,2023-6-18,"If EPS Growth Is Important To You, P10 (NYSE:PX) Presents An Opportunity",Simply Wall St.,https://finance.yahoo.com/news/eps-growth-important-p10-nyse-104541803.html,1686566741,STORY
045f00f4-655b-33b3-9cfe-0e94bcda1090,PX,2023-6-18,Bonaccord Capital Partners Enters Strategic Partnership with Asia Heritage to Further Strategic Development Efforts; Announces Chris Lerner as Operating Partner,GlobeNewswire,https://finance.yahoo.com/news/bonaccord-capital-partners-enters-strategic-215600826.html,1686261360,STORY
f8d63825-aaa8-3b79-b79f-c47e3fb21c47,PX,2023-6-18,"P10, Inc. (NYSE:PX) Looks Like A Good Stock, And It's Going Ex-Dividend Soon",Simply Wall St.,https://finance.yahoo.com/news/p10-inc-nyse-px-looks-121247468.html,1684671167,STORY
e7f22460-e0be-3f80-9153-9111716009c3,PX,2023-6-18,P10 (NYSE:PX) Is Increasing Its Dividend To $0.0325,Simply Wall St.,https://finance.yahoo.com/news/p10-nyse-px-increasing-dividend-100912228.html,1684490952,STORY
f4cb7905-ad56-38f7-8246-4328df6beec2,PX,2023-6-18,Q1 2023 P10 Inc Earnings Call,Thomson Reuters StreetEvents,https://finance.yahoo.com/news/q1-2023-p10-inc-earnings-122648492.html,1684240008,STORY
92508d28-ea4d-3784-a1bb-adf0cdc3be4f,PX,2023-6-18,"P10, Inc. (PX) Beats Q1 Earnings and Revenue Estimates",Zacks,https://finance.yahoo.com/news/p10-inc-px-beats-q1-215509009.html,1684187709,STORY
ba8d9269-e193-39ad-aaee-9dacf66bb050,PX,2023-6-18,P10 Reports First Quarter 2023 Results,GlobeNewswire,https://finance.yahoo.com/news/p10-reports-first-quarter-2023-200500154.html,1684181100,STORY
30a1e707-bfd9-3f7f-82d1-6b0c60a60e28,PX,2023-6-18,Ellington Residential (EARN) Q1 Earnings and Revenues Lag Estimates,Zacks,https://finance.yahoo.com/news/ellington-residential-earn-q1-earnings-222510682.html,1683843910,STORY
bd7c345e-732d-3d48-8af6-4f7a135616ea,PX,2023-6-19,"If EPS Growth Is Important To You, P10 (NYSE:PX) Presents An Opportunity",Simply Wall St.,https://finance.yahoo.com/news/eps-growth-important-p10-nyse-104541803.html,1686566741,STORY
045f00f4-655b-33b3-9cfe-0e94bcda1090,PX,2023-6-19,Bonaccord Capital Partners Enters Strategic Partnership with Asia Heritage to Further Strategic Development Efforts; Announces Chris Lerner as Operating Partner,GlobeNewswire,https://finance.yahoo.com/news/bonaccord-capital-partners-enters-strategic-215600826.html,1686261360,STORY
f8d63825-aaa8-3b79-b79f-c47e3fb21c47,PX,2023-6-19,"P10, Inc. (NYSE:PX) Looks Like A Good Stock, And It's Going Ex-Dividend Soon",Simply Wall St.,https://finance.yahoo.com/news/p10-inc-nyse-px-looks-121247468.html,1684671167,STORY
e7f22460-e0be-3f80-9153-9111716009c3,PX,2023-6-19,P10 (NYSE:PX) Is Increasing Its Dividend To $0.0325,Simply Wall St.,https://finance.yahoo.com/news/p10-nyse-px-increasing-dividend-100912228.html,1684490952,STORY
f4cb7905-ad56-38f7-8246-4328df6beec2,PX,2023-6-19,Q1 2023 P10 Inc Earnings Call,Thomson Reuters StreetEvents,https://finance.yahoo.com/news/q1-2023-p10-inc-earnings-122648492.html,1684240008,STORY
92508d28-ea4d-3784-a1bb-adf0cdc3be4f,PX,2023-6-19,"P10, Inc. (PX) Beats Q1 Earnings and Revenue Estimates",Zacks,https://finance.yahoo.com/news/p10-inc-px-beats-q1-215509009.html,1684187709,STORY
ba8d9269-e193-39ad-aaee-9dacf66bb050,PX,2023-6-19,P10 Reports First Quarter 2023 Results,GlobeNewswire,https://finance.yahoo.com/news/p10-reports-first-quarter-2023-200500154.html,1684181100,STORY
30a1e707-bfd9-3f7f-82d1-6b0c60a60e28,PX,2023-6-19,Ellington Residential (EARN) Q1 Earnings and Revenues Lag Estimates,Zacks,https://finance.yahoo.com/news/ellington-residential-earn-q1-earnings-222510682.html,1683843910,STORY
bd7c345e-732d-3d48-8af6-4f7a135616ea,PX,2023-6-20,"If EPS Growth Is Important To You, P10 (NYSE:PX) Presents An Opportunity",Simply Wall St.,https://finance.yahoo.com/news/eps-growth-important-p10-nyse-104541803.html,1686566741,STORY
045f00f4-655b-33b3-9cfe-0e94bcda1090,PX,2023-6-20,Bonaccord Capital Partners Enters Strategic Partnership with Asia Heritage to Further Strategic Development Efforts; Announces Chris Lerner as Operating Partner,GlobeNewswire,https://finance.yahoo.com/news/bonaccord-capital-partners-enters-strategic-215600826.html,1686261360,STORY
f8d63825-aaa8-3b79-b79f-c47e3fb21c47,PX,2023-6-20,"P10, Inc. (NYSE:PX) Looks Like A Good Stock, And It's Going Ex-Dividend Soon",Simply Wall St.,https://finance.yahoo.com/news/p10-inc-nyse-px-looks-121247468.html,1684671167,STORY
e7f22460-e0be-3f80-9153-9111716009c3,PX,2023-6-20,P10 (NYSE:PX) Is Increasing Its Dividend To $0.0325,Simply Wall St.,https://finance.yahoo.com/news/p10-nyse-px-increasing-dividend-100912228.html,1684490952,STORY
f4cb7905-ad56-38f7-8246-4328df6beec2,PX,2023-6-20,Q1 2023 P10 Inc Earnings Call,Thomson Reuters StreetEvents,https://finance.yahoo.com/news/q1-2023-p10-inc-earnings-122648492.html,1684240008,STORY
92508d28-ea4d-3784-a1bb-adf0cdc3be4f,PX,2023-6-20,"P10, Inc. (PX) Beats Q1 Earnings and Revenue Estimates",Zacks,https://finance.yahoo.com/news/p10-inc-px-beats-q1-215509009.html,1684187709,STORY
ba8d9269-e193-39ad-aaee-9dacf66bb050,PX,2023-6-20,P10 Reports First Quarter 2023 Results,GlobeNewswire,https://finance.yahoo.com/news/p10-reports-first-quarter-2023-200500154.html,1684181100,STORY
30a1e707-bfd9-3f7f-82d1-6b0c60a60e28,PX,2023-6-20,Ellington Residential (EARN) Q1 Earnings and Revenues Lag Estimates,Zacks,https://finance.yahoo.com/news/ellington-residential-earn-q1-earnings-222510682.html,1683843910,STORY
bd7c345e-732d-3d48-8af6-4f7a135616ea,PX,2023-6-21,"If EPS Growth Is Important To You, P10 (NYSE:PX) Presents An Opportunity",Simply Wall St.,https://finance.yahoo.com/news/eps-growth-important-p10-nyse-104541803.html,1686566741,STORY
045f00f4-655b-33b3-9cfe-0e94bcda1090,PX,2023-6-21,Bonaccord Capital Partners Enters Strategic Partnership with Asia Heritage to Further Strategic Development Efforts; Announces Chris Lerner as Operating Partner,GlobeNewswire,https://finance.yahoo.com/news/bonaccord-capital-partners-enters-strategic-215600826.html,1686261360,STORY
f8d63825-aaa8-3b79-b79f-c47e3fb21c47,PX,2023-6-21,"P10, Inc. (NYSE:PX) Looks Like A Good Stock, And It's Going Ex-Dividend Soon",Simply Wall St.,https://finance.yahoo.com/news/p10-inc-nyse-px-looks-121247468.html,1684671167,STORY
e7f22460-e0be-3f80-9153-9111716009c3,PX,2023-6-21,P10 (NYSE:PX) Is Increasing Its Dividend To $0.0325,Simply Wall St.,https://finance.yahoo.com/news/p10-nyse-px-increasing-dividend-100912228.html,1684490952,STORY
f4cb7905-ad56-38f7-8246-4328df6beec2,PX,2023-6-21,Q1 2023 P10 Inc Earnings Call,Thomson Reuters StreetEvents,https://finance.yahoo.com/news/q1-2023-p10-inc-earnings-122648492.html,1684240008,STORY
92508d28-ea4d-3784-a1bb-adf0cdc3be4f,PX,2023-6-21,"P10, Inc. (PX) Beats Q1 Earnings and Revenue Estimates",Zacks,https://finance.yahoo.com/news/p10-inc-px-beats-q1-215509009.html,1684187709,STORY
ba8d9269-e193-39ad-aaee-9dacf66bb050,PX,2023-6-21,P10 Reports First Quarter 2023 Results,GlobeNewswire,https://finance.yahoo.com/news/p10-reports-first-quarter-2023-200500154.html,1684181100,STORY
30a1e707-bfd9-3f7f-82d1-6b0c60a60e28,PX,2023-6-21,Ellington Residential (EARN) Q1 Earnings and Revenues Lag Estimates,Zacks,https://finance.yahoo.com/news/ellington-residential-earn-q1-earnings-222510682.html,1683843910,STORY
841280fb-a490-3684-9d8d-50d927de8e26,PX,2023-6-22,Synova announces strategic minority investment from Bonaccord Capital Partners,GlobeNewswire,https://finance.yahoo.com/news/synova-announces-strategic-minority-investment-140000336.html,1687356000,STORY
bd7c345e-732d-3d48-8af6-4f7a135616ea,PX,2023-6-22,"If EPS Growth Is Important To You, P10 (NYSE:PX) Presents An Opportunity",Simply Wall St.,https://finance.yahoo.com/news/eps-growth-important-p10-nyse-104541803.html,1686566741,STORY
045f00f4-655b-33b3-9cfe-0e94bcda1090,PX,2023-6-22,Bonaccord Capital Partners Enters Strategic Partnership with Asia Heritage to Further Strategic Development Efforts; Announces Chris Lerner as Operating Partner,GlobeNewswire,https://finance.yahoo.com/news/bonaccord-capital-partners-enters-strategic-215600826.html,1686261360,STORY
f8d63825-aaa8-3b79-b79f-c47e3fb21c47,PX,2023-6-22,"P10, Inc. (NYSE:PX) Looks Like A Good Stock, And It's Going Ex-Dividend Soon",Simply Wall St.,https://finance.yahoo.com/news/p10-inc-nyse-px-looks-121247468.html,1684671167,STORY
e7f22460-e0be-3f80-9153-9111716009c3,PX,2023-6-22,P10 (NYSE:PX) Is Increasing Its Dividend To $0.0325,Simply Wall St.,https://finance.yahoo.com/news/p10-nyse-px-increasing-dividend-100912228.html,1684490952,STORY
f4cb7905-ad56-38f7-8246-4328df6beec2,PX,2023-6-22,Q1 2023 P10 Inc Earnings Call,Thomson Reuters StreetEvents,https://finance.yahoo.com/news/q1-2023-p10-inc-earnings-122648492.html,1684240008,STORY
92508d28-ea4d-3784-a1bb-adf0cdc3be4f,PX,2023-6-22,"P10, Inc. (PX) Beats Q1 Earnings and Revenue Estimates",Zacks,https://finance.yahoo.com/news/p10-inc-px-beats-q1-215509009.html,1684187709,STORY
ba8d9269-e193-39ad-aaee-9dacf66bb050,PX,2023-6-22,P10 Reports First Quarter 2023 Results,GlobeNewswire,https://finance.yahoo.com/news/p10-reports-first-quarter-2023-200500154.html,1684181100,STORY
841280fb-a490-3684-9d8d-50d927de8e26,PX,2023-6-23,Synova announces strategic minority investment from Bonaccord Capital Partners,GlobeNewswire,https://finance.yahoo.com/news/synova-announces-strategic-minority-investment-140000336.html,1687356000,STORY
bd7c345e-732d-3d48-8af6-4f7a135616ea,PX,2023-6-23,"If EPS Growth Is Important To You, P10 (NYSE:PX) Presents An Opportunity",Simply Wall St.,https://finance.yahoo.com/news/eps-growth-important-p10-nyse-104541803.html,1686566741,STORY
045f00f4-655b-33b3-9cfe-0e94bcda1090,PX,2023-6-23,Bonaccord Capital Partners Enters Strategic Partnership with Asia Heritage to Further Strategic Development Efforts; Announces Chris Lerner as Operating Partner,GlobeNewswire,https://finance.yahoo.com/news/bonaccord-capital-partners-enters-strategic-215600826.html,1686261360,STORY
f8d63825-aaa8-3b79-b79f-c47e3fb21c47,PX,2023-6-23,"P10, Inc. (NYSE:PX) Looks Like A Good Stock, And It's Going Ex-Dividend Soon",Simply Wall St.,https://finance.yahoo.com/news/p10-inc-nyse-px-looks-121247468.html,1684671167,STORY
e7f22460-e0be-3f80-9153-9111716009c3,PX,2023-6-23,P10 (NYSE:PX) Is Increasing Its Dividend To $0.0325,Simply Wall St.,https://finance.yahoo.com/news/p10-nyse-px-increasing-dividend-100912228.html,1684490952,STORY
f4cb7905-ad56-38f7-8246-4328df6beec2,PX,2023-6-23,Q1 2023 P10 Inc Earnings Call,Thomson Reuters StreetEvents,https://finance.yahoo.com/news/q1-2023-p10-inc-earnings-122648492.html,1684240008,STORY
92508d28-ea4d-3784-a1bb-adf0cdc3be4f,PX,2023-6-23,"P10, Inc. (PX) Beats Q1 Earnings and Revenue Estimates",Zacks,https://finance.yahoo.com/news/p10-inc-px-beats-q1-215509009.html,1684187709,STORY
ba8d9269-e193-39ad-aaee-9dacf66bb050,PX,2023-6-23,P10 Reports First Quarter 2023 Results,GlobeNewswire,https://finance.yahoo.com/news/p10-reports-first-quarter-2023-200500154.html,1684181100,STORY
841280fb-a490-3684-9d8d-50d927de8e26,PX,2023-6-24,Synova announces strategic minority investment from Bonaccord Capital Partners,GlobeNewswire,https://finance.yahoo.com/news/synova-announces-strategic-minority-investment-140000336.html,1687356000,STORY
bd7c345e-732d-3d48-8af6-4f7a135616ea,PX,2023-6-24,"If EPS Growth Is Important To You, P10 (NYSE:PX) Presents An Opportunity",Simply Wall St.,https://finance.yahoo.com/news/eps-growth-important-p10-nyse-104541803.html,1686566741,STORY
045f00f4-655b-33b3-9cfe-0e94bcda1090,PX,2023-6-24,Bonaccord Capital Partners Enters Strategic Partnership with Asia Heritage to Further Strategic Development Efforts; Announces Chris Lerner as Operating Partner,GlobeNewswire,https://finance.yahoo.com/news/bonaccord-capital-partners-enters-strategic-215600826.html,1686261360,STORY
f8d63825-aaa8-3b79-b79f-c47e3fb21c47,PX,2023-6-24,"P10, Inc. (NYSE:PX) Looks Like A Good Stock, And It's Going Ex-Dividend Soon",Simply Wall St.,https://finance.yahoo.com/news/p10-inc-nyse-px-looks-121247468.html,1684671167,STORY
e7f22460-e0be-3f80-9153-9111716009c3,PX,2023-6-24,P10 (NYSE:PX) Is Increasing Its Dividend To $0.0325,Simply Wall St.,https://finance.yahoo.com/news/p10-nyse-px-increasing-dividend-100912228.html,1684490952,STORY
f4cb7905-ad56-38f7-8246-4328df6beec2,PX,2023-6-24,Q1 2023 P10 Inc Earnings Call,Thomson Reuters StreetEvents,https://finance.yahoo.com/news/q1-2023-p10-inc-earnings-122648492.html,1684240008,STORY
92508d28-ea4d-3784-a1bb-adf0cdc3be4f,PX,2023-6-24,"P10, Inc. (PX) Beats Q1 Earnings and Revenue Estimates",Zacks,https://finance.yahoo.com/news/p10-inc-px-beats-q1-215509009.html,1684187709,STORY
ba8d9269-e193-39ad-aaee-9dacf66bb050,PX,2023-6-24,P10 Reports First Quarter 2023 Results,GlobeNewswire,https://finance.yahoo.com/news/p10-reports-first-quarter-2023-200500154.html,1684181100,STORY
841280fb-a490-3684-9d8d-50d927de8e26,PX,2023-6-25,Synova announces strategic minority investment from Bonaccord Capital Partners,GlobeNewswire,https://finance.yahoo.com/news/synova-announces-strategic-minority-investment-140000336.html,1687356000,STORY
bd7c345e-732d-3d48-8af6-4f7a135616ea,PX,2023-6-25,"If EPS Growth Is Important To You, P10 (NYSE:PX) Presents An Opportunity",Simply Wall St.,https://finance.yahoo.com/news/eps-growth-important-p10-nyse-104541803.html,1686566741,STORY
045f00f4-655b-33b3-9cfe-0e94bcda1090,PX,2023-6-25,Bonaccord Capital Partners Enters Strategic Partnership with Asia Heritage to Further Strategic Development Efforts; Announces Chris Lerner as Operating Partner,GlobeNewswire,https://finance.yahoo.com/news/bonaccord-capital-partners-enters-strategic-215600826.html,1686261360,STORY
f8d63825-aaa8-3b79-b79f-c47e3fb21c47,PX,2023-6-25,"P10, Inc. (NYSE:PX) Looks Like A Good Stock, And It's Going Ex-Dividend Soon",Simply Wall St.,https://finance.yahoo.com/news/p10-inc-nyse-px-looks-121247468.html,1684671167,STORY
e7f22460-e0be-3f80-9153-9111716009c3,PX,2023-6-25,P10 (NYSE:PX) Is Increasing Its Dividend To $0.0325,Simply Wall St.,https://finance.yahoo.com/news/p10-nyse-px-increasing-dividend-100912228.html,1684490952,STORY
f4cb7905-ad56-38f7-8246-4328df6beec2,PX,2023-6-25,Q1 2023 P10 Inc Earnings Call,Thomson Reuters StreetEvents,https://finance.yahoo.com/news/q1-2023-p10-inc-earnings-122648492.html,1684240008,STORY
92508d28-ea4d-3784-a1bb-adf0cdc3be4f,PX,2023-6-25,"P10, Inc. (PX) Beats Q1 Earnings and Revenue Estimates",Zacks,https://finance.yahoo.com/news/p10-inc-px-beats-q1-215509009.html,1684187709,STORY
ba8d9269-e193-39ad-aaee-9dacf66bb050,PX,2023-6-25,P10 Reports First Quarter 2023 Results,GlobeNewswire,https://finance.yahoo.com/news/p10-reports-first-quarter-2023-200500154.html,1684181100,STORY
841280fb-a490-3684-9d8d-50d927de8e26,PX,2023-6-26,Synova announces strategic minority investment from Bonaccord Capital Partners,GlobeNewswire,https://finance.yahoo.com/news/synova-announces-strategic-minority-investment-140000336.html,1687356000,STORY
bd7c345e-732d-3d48-8af6-4f7a135616ea,PX,2023-6-26,"If EPS Growth Is Important To You, P10 (NYSE:PX) Presents An Opportunity",Simply Wall St.,https://finance.yahoo.com/news/eps-growth-important-p10-nyse-104541803.html,1686566741,STORY
045f00f4-655b-33b3-9cfe-0e94bcda1090,PX,2023-6-26,Bonaccord Capital Partners Enters Strategic Partnership with Asia Heritage to Further Strategic Development Efforts; Announces Chris Lerner as Operating Partner,GlobeNewswire,https://finance.yahoo.com/news/bonaccord-capital-partners-enters-strategic-215600826.html,1686261360,STORY
f8d63825-aaa8-3b79-b79f-c47e3fb21c47,PX,2023-6-26,"P10, Inc. (NYSE:PX) Looks Like A Good Stock, And It's Going Ex-Dividend Soon",Simply Wall St.,https://finance.yahoo.com/news/p10-inc-nyse-px-looks-121247468.html,1684671167,STORY
e7f22460-e0be-3f80-9153-9111716009c3,PX,2023-6-26,P10 (NYSE:PX) Is Increasing Its Dividend To $0.0325,Simply Wall St.,https://finance.yahoo.com/news/p10-nyse-px-increasing-dividend-100912228.html,1684490952,STORY
f4cb7905-ad56-38f7-8246-4328df6beec2,PX,2023-6-26,Q1 2023 P10 Inc Earnings Call,Thomson Reuters StreetEvents,https://finance.yahoo.com/news/q1-2023-p10-inc-earnings-122648492.html,1684240008,STORY
92508d28-ea4d-3784-a1bb-adf0cdc3be4f,PX,2023-6-26,"P10, Inc. (PX) Beats Q1 Earnings and Revenue Estimates",Zacks,https://finance.yahoo.com/news/p10-inc-px-beats-q1-215509009.html,1684187709,STORY
ba8d9269-e193-39ad-aaee-9dacf66bb050,PX,2023-6-26,P10 Reports First Quarter 2023 Results,GlobeNewswire,https://finance.yahoo.com/news/p10-reports-first-quarter-2023-200500154.html,1684181100,STORY
2eca8776-8076-3453-87f8-3f28bf4015a4,PX,2023-6-27,P10 Joins Russell Indexes,GlobeNewswire,https://finance.yahoo.com/news/p10-joins-russell-indexes-123500423.html,1687782900,STORY
841280fb-a490-3684-9d8d-50d927de8e26,PX,2023-6-27,Synova announces strategic minority investment from Bonaccord Capital Partners,GlobeNewswire,https://finance.yahoo.com/news/synova-announces-strategic-minority-investment-140000336.html,1687356000,STORY
bd7c345e-732d-3d48-8af6-4f7a135616ea,PX,2023-6-27,"If EPS Growth Is Important To You, P10 (NYSE:PX) Presents An Opportunity",Simply Wall St.,https://finance.yahoo.com/news/eps-growth-important-p10-nyse-104541803.html,1686566741,STORY
045f00f4-655b-33b3-9cfe-0e94bcda1090,PX,2023-6-27,Bonaccord Capital Partners Enters Strategic Partnership with Asia Heritage to Further Strategic Development Efforts; Announces Chris Lerner as Operating Partner,GlobeNewswire,https://finance.yahoo.com/news/bonaccord-capital-partners-enters-strategic-215600826.html,1686261360,STORY
f8d63825-aaa8-3b79-b79f-c47e3fb21c47,PX,2023-6-27,"P10, Inc. (NYSE:PX) Looks Like A Good Stock, And It's Going Ex-Dividend Soon",Simply Wall St.,https://finance.yahoo.com/news/p10-inc-nyse-px-looks-121247468.html,1684671167,STORY
e7f22460-e0be-3f80-9153-9111716009c3,PX,2023-6-27,P10 (NYSE:PX) Is Increasing Its Dividend To $0.0325,Simply Wall St.,https://finance.yahoo.com/news/p10-nyse-px-increasing-dividend-100912228.html,1684490952,STORY
f4cb7905-ad56-38f7-8246-4328df6beec2,PX,2023-6-27,Q1 2023 P10 Inc Earnings Call,Thomson Reuters StreetEvents,https://finance.yahoo.com/news/q1-2023-p10-inc-earnings-122648492.html,1684240008,STORY
92508d28-ea4d-3784-a1bb-adf0cdc3be4f,PX,2023-6-27,"P10, Inc. (PX) Beats Q1 Earnings and Revenue Estimates",Zacks,https://finance.yahoo.com/news/p10-inc-px-beats-q1-215509009.html,1684187709,STORY
2eca8776-8076-3453-87f8-3f28bf4015a4,PX,2023-6-28,P10 Joins Russell Indexes,GlobeNewswire,https://finance.yahoo.com/news/p10-joins-russell-indexes-123500423.html,1687782900,STORY
841280fb-a490-3684-9d8d-50d927de8e26,PX,2023-6-28,Synova announces strategic minority investment from Bonaccord Capital Partners,GlobeNewswire,https://finance.yahoo.com/news/synova-announces-strategic-minority-investment-140000336.html,1687356000,STORY
bd7c345e-732d-3d48-8af6-4f7a135616ea,PX,2023-6-28,"If EPS Growth Is Important To You, P10 (NYSE:PX) Presents An Opportunity",Simply Wall St.,https://finance.yahoo.com/news/eps-growth-important-p10-nyse-104541803.html,1686566741,STORY
045f00f4-655b-33b3-9cfe-0e94bcda1090,PX,2023-6-28,Bonaccord Capital Partners Enters Strategic Partnership with Asia Heritage to Further Strategic Development Efforts; Announces Chris Lerner as Operating Partner,GlobeNewswire,https://finance.yahoo.com/news/bonaccord-capital-partners-enters-strategic-215600826.html,1686261360,STORY
f8d63825-aaa8-3b79-b79f-c47e3fb21c47,PX,2023-6-28,"P10, Inc. (NYSE:PX) Looks Like A Good Stock, And It's Going Ex-Dividend Soon",Simply Wall St.,https://finance.yahoo.com/news/p10-inc-nyse-px-looks-121247468.html,1684671167,STORY
e7f22460-e0be-3f80-9153-9111716009c3,PX,2023-6-28,P10 (NYSE:PX) Is Increasing Its Dividend To $0.0325,Simply Wall St.,https://finance.yahoo.com/news/p10-nyse-px-increasing-dividend-100912228.html,1684490952,STORY
f4cb7905-ad56-38f7-8246-4328df6beec2,PX,2023-6-28,Q1 2023 P10 Inc Earnings Call,Thomson Reuters StreetEvents,https://finance.yahoo.com/news/q1-2023-p10-inc-earnings-122648492.html,1684240008,STORY
92508d28-ea4d-3784-a1bb-adf0cdc3be4f,PX,2023-6-28,"P10, Inc. (PX) Beats Q1 Earnings and Revenue Estimates",Zacks,https://finance.yahoo.com/news/p10-inc-px-beats-q1-215509009.html,1684187709,STORY
2eca8776-8076-3453-87f8-3f28bf4015a4,PX,2023-6-29,P10 Joins Russell Indexes,GlobeNewswire,https://finance.yahoo.com/news/p10-joins-russell-indexes-123500423.html,1687782900,STORY
841280fb-a490-3684-9d8d-50d927de8e26,PX,2023-6-29,Synova announces strategic minority investment from Bonaccord Capital Partners,GlobeNewswire,https://finance.yahoo.com/news/synova-announces-strategic-minority-investment-140000336.html,1687356000,STORY
bd7c345e-732d-3d48-8af6-4f7a135616ea,PX,2023-6-29,"If EPS Growth Is Important To You, P10 (NYSE:PX) Presents An Opportunity",Simply Wall St.,https://finance.yahoo.com/news/eps-growth-important-p10-nyse-104541803.html,1686566741,STORY
045f00f4-655b-33b3-9cfe-0e94bcda1090,PX,2023-6-29,Bonaccord Capital Partners Enters Strategic Partnership with Asia Heritage to Further Strategic Development Efforts; Announces Chris Lerner as Operating Partner,GlobeNewswire,https://finance.yahoo.com/news/bonaccord-capital-partners-enters-strategic-215600826.html,1686261360,STORY
f8d63825-aaa8-3b79-b79f-c47e3fb21c47,PX,2023-6-29,"P10, Inc. (NYSE:PX) Looks Like A Good Stock, And It's Going Ex-Dividend Soon",Simply Wall St.,https://finance.yahoo.com/news/p10-inc-nyse-px-looks-121247468.html,1684671167,STORY
e7f22460-e0be-3f80-9153-9111716009c3,PX,2023-6-29,P10 (NYSE:PX) Is Increasing Its Dividend To $0.0325,Simply Wall St.,https://finance.yahoo.com/news/p10-nyse-px-increasing-dividend-100912228.html,1684490952,STORY
f4cb7905-ad56-38f7-8246-4328df6beec2,PX,2023-6-29,Q1 2023 P10 Inc Earnings Call,Thomson Reuters StreetEvents,https://finance.yahoo.com/news/q1-2023-p10-inc-earnings-122648492.html,1684240008,STORY
92508d28-ea4d-3784-a1bb-adf0cdc3be4f,PX,2023-6-29,"P10, Inc. (PX) Beats Q1 Earnings and Revenue Estimates",Zacks,https://finance.yahoo.com/news/p10-inc-px-beats-q1-215509009.html,1684187709,STORY
2eca8776-8076-3453-87f8-3f28bf4015a4,PX,2023-6-30,P10 Joins Russell Indexes,GlobeNewswire,https://finance.yahoo.com/news/p10-joins-russell-indexes-123500423.html,1687782900,STORY
841280fb-a490-3684-9d8d-50d927de8e26,PX,2023-6-30,Synova announces strategic minority investment from Bonaccord Capital Partners,GlobeNewswire,https://finance.yahoo.com/news/synova-announces-strategic-minority-investment-140000336.html,1687356000,STORY
bd7c345e-732d-3d48-8af6-4f7a135616ea,PX,2023-6-30,"If EPS Growth Is Important To You, P10 (NYSE:PX) Presents An Opportunity",Simply Wall St.,https://finance.yahoo.com/news/eps-growth-important-p10-nyse-104541803.html,1686566741,STORY
045f00f4-655b-33b3-9cfe-0e94bcda1090,PX,2023-6-30,Bonaccord Capital Partners Enters Strategic Partnership with Asia Heritage to Further Strategic Development Efforts; Announces Chris Lerner as Operating Partner,GlobeNewswire,https://finance.yahoo.com/news/bonaccord-capital-partners-enters-strategic-215600826.html,1686261360,STORY
f8d63825-aaa8-3b79-b79f-c47e3fb21c47,PX,2023-6-30,"P10, Inc. (NYSE:PX) Looks Like A Good Stock, And It's Going Ex-Dividend Soon",Simply Wall St.,https://finance.yahoo.com/news/p10-inc-nyse-px-looks-121247468.html,1684671167,STORY
e7f22460-e0be-3f80-9153-9111716009c3,PX,2023-6-30,P10 (NYSE:PX) Is Increasing Its Dividend To $0.0325,Simply Wall St.,https://finance.yahoo.com/news/p10-nyse-px-increasing-dividend-100912228.html,1684490952,STORY
f4cb7905-ad56-38f7-8246-4328df6beec2,PX,2023-6-30,Q1 2023 P10 Inc Earnings Call,Thomson Reuters StreetEvents,https://finance.yahoo.com/news/q1-2023-p10-inc-earnings-122648492.html,1684240008,STORY
92508d28-ea4d-3784-a1bb-adf0cdc3be4f,PX,2023-6-30,"P10, Inc. (PX) Beats Q1 Earnings and Revenue Estimates",Zacks,https://finance.yahoo.com/news/p10-inc-px-beats-q1-215509009.html,1684187709,STORY
2eca8776-8076-3453-87f8-3f28bf4015a4,PX,2023-7-1,P10 Joins Russell Indexes,GlobeNewswire,https://finance.yahoo.com/news/p10-joins-russell-indexes-123500423.html,1687782900,STORY
841280fb-a490-3684-9d8d-50d927de8e26,PX,2023-7-1,Synova announces strategic minority investment from Bonaccord Capital Partners,GlobeNewswire,https://finance.yahoo.com/news/synova-announces-strategic-minority-investment-140000336.html,1687356000,STORY
bd7c345e-732d-3d48-8af6-4f7a135616ea,PX,2023-7-1,"If EPS Growth Is Important To You, P10 (NYSE:PX) Presents An Opportunity",Simply Wall St.,https://finance.yahoo.com/news/eps-growth-important-p10-nyse-104541803.html,1686566741,STORY
045f00f4-655b-33b3-9cfe-0e94bcda1090,PX,2023-7-1,Bonaccord Capital Partners Enters Strategic Partnership with Asia Heritage to Further Strategic Development Efforts; Announces Chris Lerner as Operating Partner,GlobeNewswire,https://finance.yahoo.com/news/bonaccord-capital-partners-enters-strategic-215600826.html,1686261360,STORY
f8d63825-aaa8-3b79-b79f-c47e3fb21c47,PX,2023-7-1,"P10, Inc. (NYSE:PX) Looks Like A Good Stock, And It's Going Ex-Dividend Soon",Simply Wall St.,https://finance.yahoo.com/news/p10-inc-nyse-px-looks-121247468.html,1684671167,STORY
e7f22460-e0be-3f80-9153-9111716009c3,PX,2023-7-1,P10 (NYSE:PX) Is Increasing Its Dividend To $0.0325,Simply Wall St.,https://finance.yahoo.com/news/p10-nyse-px-increasing-dividend-100912228.html,1684490952,STORY
f4cb7905-ad56-38f7-8246-4328df6beec2,PX,2023-7-1,Q1 2023 P10 Inc Earnings Call,Thomson Reuters StreetEvents,https://finance.yahoo.com/news/q1-2023-p10-inc-earnings-122648492.html,1684240008,STORY
92508d28-ea4d-3784-a1bb-adf0cdc3be4f,PX,2023-7-1,"P10, Inc. (PX) Beats Q1 Earnings and Revenue Estimates",Zacks,https://finance.yahoo.com/news/p10-inc-px-beats-q1-215509009.html,1684187709,STORY
2eca8776-8076-3453-87f8-3f28bf4015a4,PX,2023-7-2,P10 Joins Russell Indexes,GlobeNewswire,https://finance.yahoo.com/news/p10-joins-russell-indexes-123500423.html,1687782900,STORY
841280fb-a490-3684-9d8d-50d927de8e26,PX,2023-7-2,Synova announces strategic minority investment from Bonaccord Capital Partners,GlobeNewswire,https://finance.yahoo.com/news/synova-announces-strategic-minority-investment-140000336.html,1687356000,STORY
bd7c345e-732d-3d48-8af6-4f7a135616ea,PX,2023-7-2,"If EPS Growth Is Important To You, P10 (NYSE:PX) Presents An Opportunity",Simply Wall St.,https://finance.yahoo.com/news/eps-growth-important-p10-nyse-104541803.html,1686566741,STORY
045f00f4-655b-33b3-9cfe-0e94bcda1090,PX,2023-7-2,Bonaccord Capital Partners Enters Strategic Partnership with Asia Heritage to Further Strategic Development Efforts; Announces Chris Lerner as Operating Partner,GlobeNewswire,https://finance.yahoo.com/news/bonaccord-capital-partners-enters-strategic-215600826.html,1686261360,STORY
f8d63825-aaa8-3b79-b79f-c47e3fb21c47,PX,2023-7-2,"P10, Inc. (NYSE:PX) Looks Like A Good Stock, And It's Going Ex-Dividend Soon",Simply Wall St.,https://finance.yahoo.com/news/p10-inc-nyse-px-looks-121247468.html,1684671167,STORY
e7f22460-e0be-3f80-9153-9111716009c3,PX,2023-7-2,P10 (NYSE:PX) Is Increasing Its Dividend To $0.0325,Simply Wall St.,https://finance.yahoo.com/news/p10-nyse-px-increasing-dividend-100912228.html,1684490952,STORY
f4cb7905-ad56-38f7-8246-4328df6beec2,PX,2023-7-2,Q1 2023 P10 Inc Earnings Call,Thomson Reuters StreetEvents,https://finance.yahoo.com/news/q1-2023-p10-inc-earnings-122648492.html,1684240008,STORY
92508d28-ea4d-3784-a1bb-adf0cdc3be4f,PX,2023-7-2,"P10, Inc. (PX) Beats Q1 Earnings and Revenue Estimates",Zacks,https://finance.yahoo.com/news/p10-inc-px-beats-q1-215509009.html,1684187709,STORY
2eca8776-8076-3453-87f8-3f28bf4015a4,PX,2023-7-3,P10 Joins Russell Indexes,GlobeNewswire,https://finance.yahoo.com/news/p10-joins-russell-indexes-123500423.html,1687782900,STORY
841280fb-a490-3684-9d8d-50d927de8e26,PX,2023-7-3,Synova announces strategic minority investment from Bonaccord Capital Partners,GlobeNewswire,https://finance.yahoo.com/news/synova-announces-strategic-minority-investment-140000336.html,1687356000,STORY
bd7c345e-732d-3d48-8af6-4f7a135616ea,PX,2023-7-3,"If EPS Growth Is Important To You, P10 (NYSE:PX) Presents An Opportunity",Simply Wall St.,https://finance.yahoo.com/news/eps-growth-important-p10-nyse-104541803.html,1686566741,STORY
045f00f4-655b-33b3-9cfe-0e94bcda1090,PX,2023-7-3,Bonaccord Capital Partners Enters Strategic Partnership with Asia Heritage to Further Strategic Development Efforts; Announces Chris Lerner as Operating Partner,GlobeNewswire,https://finance.yahoo.com/news/bonaccord-capital-partners-enters-strategic-215600826.html,1686261360,STORY
f8d63825-aaa8-3b79-b79f-c47e3fb21c47,PX,2023-7-3,"P10, Inc. (NYSE:PX) Looks Like A Good Stock, And It's Going Ex-Dividend Soon",Simply Wall St.,https://finance.yahoo.com/news/p10-inc-nyse-px-looks-121247468.html,1684671167,STORY
e7f22460-e0be-3f80-9153-9111716009c3,PX,2023-7-3,P10 (NYSE:PX) Is Increasing Its Dividend To $0.0325,Simply Wall St.,https://finance.yahoo.com/news/p10-nyse-px-increasing-dividend-100912228.html,1684490952,STORY
f4cb7905-ad56-38f7-8246-4328df6beec2,PX,2023-7-3,Q1 2023 P10 Inc Earnings Call,Thomson Reuters StreetEvents,https://finance.yahoo.com/news/q1-2023-p10-inc-earnings-122648492.html,1684240008,STORY
92508d28-ea4d-3784-a1bb-adf0cdc3be4f,PX,2023-7-3,"P10, Inc. (PX) Beats Q1 Earnings and Revenue Estimates",Zacks,https://finance.yahoo.com/news/p10-inc-px-beats-q1-215509009.html,1684187709,STORY
2eca8776-8076-3453-87f8-3f28bf4015a4,PX,2023-7-4,P10 Joins Russell Indexes,GlobeNewswire,https://finance.yahoo.com/news/p10-joins-russell-indexes-123500423.html,1687782900,STORY
841280fb-a490-3684-9d8d-50d927de8e26,PX,2023-7-4,Synova announces strategic minority investment from Bonaccord Capital Partners,GlobeNewswire,https://finance.yahoo.com/news/synova-announces-strategic-minority-investment-140000336.html,1687356000,STORY
bd7c345e-732d-3d48-8af6-4f7a135616ea,PX,2023-7-4,"If EPS Growth Is Important To You, P10 (NYSE:PX) Presents An Opportunity",Simply Wall St.,https://finance.yahoo.com/news/eps-growth-important-p10-nyse-104541803.html,1686566741,STORY
045f00f4-655b-33b3-9cfe-0e94bcda1090,PX,2023-7-4,Bonaccord Capital Partners Enters Strategic Partnership with Asia Heritage to Further Strategic Development Efforts; Announces Chris Lerner as Operating Partner,GlobeNewswire,https://finance.yahoo.com/news/bonaccord-capital-partners-enters-strategic-215600826.html,1686261360,STORY
f8d63825-aaa8-3b79-b79f-c47e3fb21c47,PX,2023-7-4,"P10, Inc. (NYSE:PX) Looks Like A Good Stock, And It's Going Ex-Dividend Soon",Simply Wall St.,https://finance.yahoo.com/news/p10-inc-nyse-px-looks-121247468.html,1684671167,STORY
e7f22460-e0be-3f80-9153-9111716009c3,PX,2023-7-4,P10 (NYSE:PX) Is Increasing Its Dividend To $0.0325,Simply Wall St.,https://finance.yahoo.com/news/p10-nyse-px-increasing-dividend-100912228.html,1684490952,STORY
f4cb7905-ad56-38f7-8246-4328df6beec2,PX,2023-7-4,Q1 2023 P10 Inc Earnings Call,Thomson Reuters StreetEvents,https://finance.yahoo.com/news/q1-2023-p10-inc-earnings-122648492.html,1684240008,STORY
92508d28-ea4d-3784-a1bb-adf0cdc3be4f,PX,2023-7-4,"P10, Inc. (PX) Beats Q1 Earnings and Revenue Estimates",Zacks,https://finance.yahoo.com/news/p10-inc-px-beats-q1-215509009.html,1684187709,STORY
2eca8776-8076-3453-87f8-3f28bf4015a4,PX,2023-7-5,P10 Joins Russell Indexes,GlobeNewswire,https://finance.yahoo.com/news/p10-joins-russell-indexes-123500423.html,1687782900,STORY
841280fb-a490-3684-9d8d-50d927de8e26,PX,2023-7-5,Synova announces strategic minority investment from Bonaccord Capital Partners,GlobeNewswire,https://finance.yahoo.com/news/synova-announces-strategic-minority-investment-140000336.html,1687356000,STORY
bd7c345e-732d-3d48-8af6-4f7a135616ea,PX,2023-7-5,"If EPS Growth Is Important To You, P10 (NYSE:PX) Presents An Opportunity",Simply Wall St.,https://finance.yahoo.com/news/eps-growth-important-p10-nyse-104541803.html,1686566741,STORY
045f00f4-655b-33b3-9cfe-0e94bcda1090,PX,2023-7-5,Bonaccord Capital Partners Enters Strategic Partnership with Asia Heritage to Further Strategic Development Efforts; Announces Chris Lerner as Operating Partner,GlobeNewswire,https://finance.yahoo.com/news/bonaccord-capital-partners-enters-strategic-215600826.html,1686261360,STORY
f8d63825-aaa8-3b79-b79f-c47e3fb21c47,PX,2023-7-5,"P10, Inc. (NYSE:PX) Looks Like A Good Stock, And It's Going Ex-Dividend Soon",Simply Wall St.,https://finance.yahoo.com/news/p10-inc-nyse-px-looks-121247468.html,1684671167,STORY
e7f22460-e0be-3f80-9153-9111716009c3,PX,2023-7-5,P10 (NYSE:PX) Is Increasing Its Dividend To $0.0325,Simply Wall St.,https://finance.yahoo.com/news/p10-nyse-px-increasing-dividend-100912228.html,1684490952,STORY
f4cb7905-ad56-38f7-8246-4328df6beec2,PX,2023-7-5,Q1 2023 P10 Inc Earnings Call,Thomson Reuters StreetEvents,https://finance.yahoo.com/news/q1-2023-p10-inc-earnings-122648492.html,1684240008,STORY
92508d28-ea4d-3784-a1bb-adf0cdc3be4f,PX,2023-7-5,"P10, Inc. (PX) Beats Q1 Earnings and Revenue Estimates",Zacks,https://finance.yahoo.com/news/p10-inc-px-beats-q1-215509009.html,1684187709,STORY
2eca8776-8076-3453-87f8-3f28bf4015a4,PX,2023-7-6,P10 Joins Russell Indexes,GlobeNewswire,https://finance.yahoo.com/news/p10-joins-russell-indexes-123500423.html,1687782900,STORY
841280fb-a490-3684-9d8d-50d927de8e26,PX,2023-7-6,Synova announces strategic minority investment from Bonaccord Capital Partners,GlobeNewswire,https://finance.yahoo.com/news/synova-announces-strategic-minority-investment-140000336.html,1687356000,STORY
bd7c345e-732d-3d48-8af6-4f7a135616ea,PX,2023-7-6,"If EPS Growth Is Important To You, P10 (NYSE:PX) Presents An Opportunity",Simply Wall St.,https://finance.yahoo.com/news/eps-growth-important-p10-nyse-104541803.html,1686566741,STORY
045f00f4-655b-33b3-9cfe-0e94bcda1090,PX,2023-7-6,Bonaccord Capital Partners Enters Strategic Partnership with Asia Heritage to Further Strategic Development Efforts; Announces Chris Lerner as Operating Partner,GlobeNewswire,https://finance.yahoo.com/news/bonaccord-capital-partners-enters-strategic-215600826.html,1686261360,STORY
f8d63825-aaa8-3b79-b79f-c47e3fb21c47,PX,2023-7-6,"P10, Inc. (NYSE:PX) Looks Like A Good Stock, And It's Going Ex-Dividend Soon",Simply Wall St.,https://finance.yahoo.com/news/p10-inc-nyse-px-looks-121247468.html,1684671167,STORY
e7f22460-e0be-3f80-9153-9111716009c3,PX,2023-7-6,P10 (NYSE:PX) Is Increasing Its Dividend To $0.0325,Simply Wall St.,https://finance.yahoo.com/news/p10-nyse-px-increasing-dividend-100912228.html,1684490952,STORY
f4cb7905-ad56-38f7-8246-4328df6beec2,PX,2023-7-6,Q1 2023 P10 Inc Earnings Call,Thomson Reuters StreetEvents,https://finance.yahoo.com/news/q1-2023-p10-inc-earnings-122648492.html,1684240008,STORY
92508d28-ea4d-3784-a1bb-adf0cdc3be4f,PX,2023-7-6,"P10, Inc. (PX) Beats Q1 Earnings and Revenue Estimates",Zacks,https://finance.yahoo.com/news/p10-inc-px-beats-q1-215509009.html,1684187709,STORY
2eca8776-8076-3453-87f8-3f28bf4015a4,PX,2023-7-7,P10 Joins Russell Indexes,GlobeNewswire,https://finance.yahoo.com/news/p10-joins-russell-indexes-123500423.html,1687782900,STORY
841280fb-a490-3684-9d8d-50d927de8e26,PX,2023-7-7,Synova announces strategic minority investment from Bonaccord Capital Partners,GlobeNewswire,https://finance.yahoo.com/news/synova-announces-strategic-minority-investment-140000336.html,1687356000,STORY
bd7c345e-732d-3d48-8af6-4f7a135616ea,PX,2023-7-7,"If EPS Growth Is Important To You, P10 (NYSE:PX) Presents An Opportunity",Simply Wall St.,https://finance.yahoo.com/news/eps-growth-important-p10-nyse-104541803.html,1686566741,STORY
045f00f4-655b-33b3-9cfe-0e94bcda1090,PX,2023-7-7,Bonaccord Capital Partners Enters Strategic Partnership with Asia Heritage to Further Strategic Development Efforts; Announces Chris Lerner as Operating Partner,GlobeNewswire,https://finance.yahoo.com/news/bonaccord-capital-partners-enters-strategic-215600826.html,1686261360,STORY
f8d63825-aaa8-3b79-b79f-c47e3fb21c47,PX,2023-7-7,"P10, Inc. (NYSE:PX) Looks Like A Good Stock, And It's Going Ex-Dividend Soon",Simply Wall St.,https://finance.yahoo.com/news/p10-inc-nyse-px-looks-121247468.html,1684671167,STORY
e7f22460-e0be-3f80-9153-9111716009c3,PX,2023-7-7,P10 (NYSE:PX) Is Increasing Its Dividend To $0.0325,Simply Wall St.,https://finance.yahoo.com/news/p10-nyse-px-increasing-dividend-100912228.html,1684490952,STORY
f4cb7905-ad56-38f7-8246-4328df6beec2,PX,2023-7-7,Q1 2023 P10 Inc Earnings Call,Thomson Reuters StreetEvents,https://finance.yahoo.com/news/q1-2023-p10-inc-earnings-122648492.html,1684240008,STORY
92508d28-ea4d-3784-a1bb-adf0cdc3be4f,PX,2023-7-7,"P10, Inc. (PX) Beats Q1 Earnings and Revenue Estimates",Zacks,https://finance.yahoo.com/news/p10-inc-px-beats-q1-215509009.html,1684187709,STORY
2eca8776-8076-3453-87f8-3f28bf4015a4,PX,2023-7-8,P10 Joins Russell Indexes,GlobeNewswire,https://finance.yahoo.com/news/p10-joins-russell-indexes-123500423.html,1687782900,STORY
841280fb-a490-3684-9d8d-50d927de8e26,PX,2023-7-8,Synova announces strategic minority investment from Bonaccord Capital Partners,GlobeNewswire,https://finance.yahoo.com/news/synova-announces-strategic-minority-investment-140000336.html,1687356000,STORY
bd7c345e-732d-3d48-8af6-4f7a135616ea,PX,2023-7-8,"If EPS Growth Is Important To You, P10 (NYSE:PX) Presents An Opportunity",Simply Wall St.,https://finance.yahoo.com/news/eps-growth-important-p10-nyse-104541803.html,1686566741,STORY
045f00f4-655b-33b3-9cfe-0e94bcda1090,PX,2023-7-8,Bonaccord Capital Partners Enters Strategic Partnership with Asia Heritage to Further Strategic Development Efforts; Announces Chris Lerner as Operating Partner,GlobeNewswire,https://finance.yahoo.com/news/bonaccord-capital-partners-enters-strategic-215600826.html,1686261360,STORY
f8d63825-aaa8-3b79-b79f-c47e3fb21c47,PX,2023-7-8,"P10, Inc. (NYSE:PX) Looks Like A Good Stock, And It's Going Ex-Dividend Soon",Simply Wall St.,https://finance.yahoo.com/news/p10-inc-nyse-px-looks-121247468.html,1684671167,STORY
e7f22460-e0be-3f80-9153-9111716009c3,PX,2023-7-8,P10 (NYSE:PX) Is Increasing Its Dividend To $0.0325,Simply Wall St.,https://finance.yahoo.com/news/p10-nyse-px-increasing-dividend-100912228.html,1684490952,STORY
f4cb7905-ad56-38f7-8246-4328df6beec2,PX,2023-7-8,Q1 2023 P10 Inc Earnings Call,Thomson Reuters StreetEvents,https://finance.yahoo.com/news/q1-2023-p10-inc-earnings-122648492.html,1684240008,STORY
92508d28-ea4d-3784-a1bb-adf0cdc3be4f,PX,2023-7-8,"P10, Inc. (PX) Beats Q1 Earnings and Revenue Estimates",Zacks,https://finance.yahoo.com/news/p10-inc-px-beats-q1-215509009.html,1684187709,STORY
2eca8776-8076-3453-87f8-3f28bf4015a4,PX,2023-7-9,P10 Joins Russell Indexes,GlobeNewswire,https://finance.yahoo.com/news/p10-joins-russell-indexes-123500423.html,1687782900,STORY
841280fb-a490-3684-9d8d-50d927de8e26,PX,2023-7-9,Synova announces strategic minority investment from Bonaccord Capital Partners,GlobeNewswire,https://finance.yahoo.com/news/synova-announces-strategic-minority-investment-140000336.html,1687356000,STORY
bd7c345e-732d-3d48-8af6-4f7a135616ea,PX,2023-7-9,"If EPS Growth Is Important To You, P10 (NYSE:PX) Presents An Opportunity",Simply Wall St.,https://finance.yahoo.com/news/eps-growth-important-p10-nyse-104541803.html,1686566741,STORY
045f00f4-655b-33b3-9cfe-0e94bcda1090,PX,2023-7-9,Bonaccord Capital Partners Enters Strategic Partnership with Asia Heritage to Further Strategic Development Efforts; Announces Chris Lerner as Operating Partner,GlobeNewswire,https://finance.yahoo.com/news/bonaccord-capital-partners-enters-strategic-215600826.html,1686261360,STORY
f8d63825-aaa8-3b79-b79f-c47e3fb21c47,PX,2023-7-9,"P10, Inc. (NYSE:PX) Looks Like A Good Stock, And It's Going Ex-Dividend Soon",Simply Wall St.,https://finance.yahoo.com/news/p10-inc-nyse-px-looks-121247468.html,1684671167,STORY
e7f22460-e0be-3f80-9153-9111716009c3,PX,2023-7-9,P10 (NYSE:PX) Is Increasing Its Dividend To $0.0325,Simply Wall St.,https://finance.yahoo.com/news/p10-nyse-px-increasing-dividend-100912228.html,1684490952,STORY
f4cb7905-ad56-38f7-8246-4328df6beec2,PX,2023-7-9,Q1 2023 P10 Inc Earnings Call,Thomson Reuters StreetEvents,https://finance.yahoo.com/news/q1-2023-p10-inc-earnings-122648492.html,1684240008,STORY
92508d28-ea4d-3784-a1bb-adf0cdc3be4f,PX,2023-7-9,"P10, Inc. (PX) Beats Q1 Earnings and Revenue Estimates",Zacks,https://finance.yahoo.com/news/p10-inc-px-beats-q1-215509009.html,1684187709,STORY
2eca8776-8076-3453-87f8-3f28bf4015a4,PX,2023-7-10,P10 Joins Russell Indexes,GlobeNewswire,https://finance.yahoo.com/news/p10-joins-russell-indexes-123500423.html,1687782900,STORY
841280fb-a490-3684-9d8d-50d927de8e26,PX,2023-7-10,Synova announces strategic minority investment from Bonaccord Capital Partners,GlobeNewswire,https://finance.yahoo.com/news/synova-announces-strategic-minority-investment-140000336.html,1687356000,STORY
bd7c345e-732d-3d48-8af6-4f7a135616ea,PX,2023-7-10,"If EPS Growth Is Important To You, P10 (NYSE:PX) Presents An Opportunity",Simply Wall St.,https://finance.yahoo.com/news/eps-growth-important-p10-nyse-104541803.html,1686566741,STORY
045f00f4-655b-33b3-9cfe-0e94bcda1090,PX,2023-7-10,Bonaccord Capital Partners Enters Strategic Partnership with Asia Heritage to Further Strategic Development Efforts; Announces Chris Lerner as Operating Partner,GlobeNewswire,https://finance.yahoo.com/news/bonaccord-capital-partners-enters-strategic-215600826.html,1686261360,STORY
f8d63825-aaa8-3b79-b79f-c47e3fb21c47,PX,2023-7-10,"P10, Inc. (NYSE:PX) Looks Like A Good Stock, And It's Going Ex-Dividend Soon",Simply Wall St.,https://finance.yahoo.com/news/p10-inc-nyse-px-looks-121247468.html,1684671167,STORY
e7f22460-e0be-3f80-9153-9111716009c3,PX,2023-7-10,P10 (NYSE:PX) Is Increasing Its Dividend To $0.0325,Simply Wall St.,https://finance.yahoo.com/news/p10-nyse-px-increasing-dividend-100912228.html,1684490952,STORY
f4cb7905-ad56-38f7-8246-4328df6beec2,PX,2023-7-10,Q1 2023 P10 Inc Earnings Call,Thomson Reuters StreetEvents,https://finance.yahoo.com/news/q1-2023-p10-inc-earnings-122648492.html,1684240008,STORY
92508d28-ea4d-3784-a1bb-adf0cdc3be4f,PX,2023-7-10,"P10, Inc. (PX) Beats Q1 Earnings and Revenue Estimates",Zacks,https://finance.yahoo.com/news/p10-inc-px-beats-q1-215509009.html,1684187709,STORY
2eca8776-8076-3453-87f8-3f28bf4015a4,PX,2023-7-11,P10 Joins Russell Indexes,GlobeNewswire,https://finance.yahoo.com/news/p10-joins-russell-indexes-123500423.html,1687782900,STORY
841280fb-a490-3684-9d8d-50d927de8e26,PX,2023-7-11,Synova announces strategic minority investment from Bonaccord Capital Partners,GlobeNewswire,https://finance.yahoo.com/news/synova-announces-strategic-minority-investment-140000336.html,1687356000,STORY
bd7c345e-732d-3d48-8af6-4f7a135616ea,PX,2023-7-11,"If EPS Growth Is Important To You, P10 (NYSE:PX) Presents An Opportunity",Simply Wall St.,https://finance.yahoo.com/news/eps-growth-important-p10-nyse-104541803.html,1686566741,STORY
045f00f4-655b-33b3-9cfe-0e94bcda1090,PX,2023-7-11,Bonaccord Capital Partners Enters Strategic Partnership with Asia Heritage to Further Strategic Development Efforts; Announces Chris Lerner as Operating Partner,GlobeNewswire,https://finance.yahoo.com/news/bonaccord-capital-partners-enters-strategic-215600826.html,1686261360,STORY
f8d63825-aaa8-3b79-b79f-c47e3fb21c47,PX,2023-7-11,"P10, Inc. (NYSE:PX) Looks Like A Good Stock, And It's Going Ex-Dividend Soon",Simply Wall St.,https://finance.yahoo.com/news/p10-inc-nyse-px-looks-121247468.html,1684671167,STORY
e7f22460-e0be-3f80-9153-9111716009c3,PX,2023-7-11,P10 (NYSE:PX) Is Increasing Its Dividend To $0.0325,Simply Wall St.,https://finance.yahoo.com/news/p10-nyse-px-increasing-dividend-100912228.html,1684490952,STORY
f4cb7905-ad56-38f7-8246-4328df6beec2,PX,2023-7-11,Q1 2023 P10 Inc Earnings Call,Thomson Reuters StreetEvents,https://finance.yahoo.com/news/q1-2023-p10-inc-earnings-122648492.html,1684240008,STORY
92508d28-ea4d-3784-a1bb-adf0cdc3be4f,PX,2023-7-11,"P10, Inc. (PX) Beats Q1 Earnings and Revenue Estimates",Zacks,https://finance.yahoo.com/news/p10-inc-px-beats-q1-215509009.html,1684187709,STORY
2eca8776-8076-3453-87f8-3f28bf4015a4,PX,2023-7-12,P10 Joins Russell Indexes,GlobeNewswire,https://finance.yahoo.com/news/p10-joins-russell-indexes-123500423.html,1687782900,STORY
841280fb-a490-3684-9d8d-50d927de8e26,PX,2023-7-12,Synova announces strategic minority investment from Bonaccord Capital Partners,GlobeNewswire,https://finance.yahoo.com/news/synova-announces-strategic-minority-investment-140000336.html,1687356000,STORY
bd7c345e-732d-3d48-8af6-4f7a135616ea,PX,2023-7-12,"If EPS Growth Is Important To You, P10 (NYSE:PX) Presents An Opportunity",Simply Wall St.,https://finance.yahoo.com/news/eps-growth-important-p10-nyse-104541803.html,1686566741,STORY
045f00f4-655b-33b3-9cfe-0e94bcda1090,PX,2023-7-12,Bonaccord Capital Partners Enters Strategic Partnership with Asia Heritage to Further Strategic Development Efforts; Announces Chris Lerner as Operating Partner,GlobeNewswire,https://finance.yahoo.com/news/bonaccord-capital-partners-enters-strategic-215600826.html,1686261360,STORY
f8d63825-aaa8-3b79-b79f-c47e3fb21c47,PX,2023-7-12,"P10, Inc. (NYSE:PX) Looks Like A Good Stock, And It's Going Ex-Dividend Soon",Simply Wall St.,https://finance.yahoo.com/news/p10-inc-nyse-px-looks-121247468.html,1684671167,STORY
e7f22460-e0be-3f80-9153-9111716009c3,PX,2023-7-12,P10 (NYSE:PX) Is Increasing Its Dividend To $0.0325,Simply Wall St.,https://finance.yahoo.com/news/p10-nyse-px-increasing-dividend-100912228.html,1684490952,STORY
f4cb7905-ad56-38f7-8246-4328df6beec2,PX,2023-7-12,Q1 2023 P10 Inc Earnings Call,Thomson Reuters StreetEvents,https://finance.yahoo.com/news/q1-2023-p10-inc-earnings-122648492.html,1684240008,STORY
92508d28-ea4d-3784-a1bb-adf0cdc3be4f,PX,2023-7-12,"P10, Inc. (PX) Beats Q1 Earnings and Revenue Estimates",Zacks,https://finance.yahoo.com/news/p10-inc-px-beats-q1-215509009.html,1684187709,STORY
69d0559e-b83d-37f1-9e7c-293db02b8e0d,PX,2023-7-13,"RCP Secondary Opportunity Fund IV Exceeds Target Fund Size, Closing $797 Million in Aggregate Capital Commitments",GlobeNewswire,https://finance.yahoo.com/news/rcp-secondary-opportunity-fund-iv-164000716.html,1689180000,STORY
2eca8776-8076-3453-87f8-3f28bf4015a4,PX,2023-7-13,P10 Joins Russell Indexes,GlobeNewswire,https://finance.yahoo.com/news/p10-joins-russell-indexes-123500423.html,1687782900,STORY
841280fb-a490-3684-9d8d-50d927de8e26,PX,2023-7-13,Synova announces strategic minority investment from Bonaccord Capital Partners,GlobeNewswire,https://finance.yahoo.com/news/synova-announces-strategic-minority-investment-140000336.html,1687356000,STORY
bd7c345e-732d-3d48-8af6-4f7a135616ea,PX,2023-7-13,"If EPS Growth Is Important To You, P10 (NYSE:PX) Presents An Opportunity",Simply Wall St.,https://finance.yahoo.com/news/eps-growth-important-p10-nyse-104541803.html,1686566741,STORY
045f00f4-655b-33b3-9cfe-0e94bcda1090,PX,2023-7-13,Bonaccord Capital Partners Enters Strategic Partnership with Asia Heritage to Further Strategic Development Efforts; Announces Chris Lerner as Operating Partner,GlobeNewswire,https://finance.yahoo.com/news/bonaccord-capital-partners-enters-strategic-215600826.html,1686261360,STORY
f8d63825-aaa8-3b79-b79f-c47e3fb21c47,PX,2023-7-13,"P10, Inc. (NYSE:PX) Looks Like A Good Stock, And It's Going Ex-Dividend Soon",Simply Wall St.,https://finance.yahoo.com/news/p10-inc-nyse-px-looks-121247468.html,1684671167,STORY
e7f22460-e0be-3f80-9153-9111716009c3,PX,2023-7-13,P10 (NYSE:PX) Is Increasing Its Dividend To $0.0325,Simply Wall St.,https://finance.yahoo.com/news/p10-nyse-px-increasing-dividend-100912228.html,1684490952,STORY
f4cb7905-ad56-38f7-8246-4328df6beec2,PX,2023-7-13,Q1 2023 P10 Inc Earnings Call,Thomson Reuters StreetEvents,https://finance.yahoo.com/news/q1-2023-p10-inc-earnings-122648492.html,1684240008,STORY
69d0559e-b83d-37f1-9e7c-293db02b8e0d,PX,2023-7-14,"RCP Secondary Opportunity Fund IV Exceeds Target Fund Size, Closing $797 Million in Aggregate Capital Commitments",GlobeNewswire,https://finance.yahoo.com/news/rcp-secondary-opportunity-fund-iv-164000716.html,1689180000,STORY
2eca8776-8076-3453-87f8-3f28bf4015a4,PX,2023-7-14,P10 Joins Russell Indexes,GlobeNewswire,https://finance.yahoo.com/news/p10-joins-russell-indexes-123500423.html,1687782900,STORY
841280fb-a490-3684-9d8d-50d927de8e26,PX,2023-7-14,Synova announces strategic minority investment from Bonaccord Capital Partners,GlobeNewswire,https://finance.yahoo.com/news/synova-announces-strategic-minority-investment-140000336.html,1687356000,STORY
bd7c345e-732d-3d48-8af6-4f7a135616ea,PX,2023-7-14,"If EPS Growth Is Important To You, P10 (NYSE:PX) Presents An Opportunity",Simply Wall St.,https://finance.yahoo.com/news/eps-growth-important-p10-nyse-104541803.html,1686566741,STORY
045f00f4-655b-33b3-9cfe-0e94bcda1090,PX,2023-7-14,Bonaccord Capital Partners Enters Strategic Partnership with Asia Heritage to Further Strategic Development Efforts; Announces Chris Lerner as Operating Partner,GlobeNewswire,https://finance.yahoo.com/news/bonaccord-capital-partners-enters-strategic-215600826.html,1686261360,STORY
f8d63825-aaa8-3b79-b79f-c47e3fb21c47,PX,2023-7-14,"P10, Inc. (NYSE:PX) Looks Like A Good Stock, And It's Going Ex-Dividend Soon",Simply Wall St.,https://finance.yahoo.com/news/p10-inc-nyse-px-looks-121247468.html,1684671167,STORY
e7f22460-e0be-3f80-9153-9111716009c3,PX,2023-7-14,P10 (NYSE:PX) Is Increasing Its Dividend To $0.0325,Simply Wall St.,https://finance.yahoo.com/news/p10-nyse-px-increasing-dividend-100912228.html,1684490952,STORY
f4cb7905-ad56-38f7-8246-4328df6beec2,PX,2023-7-14,Q1 2023 P10 Inc Earnings Call,Thomson Reuters StreetEvents,https://finance.yahoo.com/news/q1-2023-p10-inc-earnings-122648492.html,1684240008,STORY
69d0559e-b83d-37f1-9e7c-293db02b8e0d,PX,2023-7-15,"RCP Secondary Opportunity Fund IV Exceeds Target Fund Size, Closing $797 Million in Aggregate Capital Commitments",GlobeNewswire,https://finance.yahoo.com/news/rcp-secondary-opportunity-fund-iv-164000716.html,1689180000,STORY
2eca8776-8076-3453-87f8-3f28bf4015a4,PX,2023-7-15,P10 Joins Russell Indexes,GlobeNewswire,https://finance.yahoo.com/news/p10-joins-russell-indexes-123500423.html,1687782900,STORY
841280fb-a490-3684-9d8d-50d927de8e26,PX,2023-7-15,Synova announces strategic minority investment from Bonaccord Capital Partners,GlobeNewswire,https://finance.yahoo.com/news/synova-announces-strategic-minority-investment-140000336.html,1687356000,STORY
bd7c345e-732d-3d48-8af6-4f7a135616ea,PX,2023-7-15,"If EPS Growth Is Important To You, P10 (NYSE:PX) Presents An Opportunity",Simply Wall St.,https://finance.yahoo.com/news/eps-growth-important-p10-nyse-104541803.html,1686566741,STORY
045f00f4-655b-33b3-9cfe-0e94bcda1090,PX,2023-7-15,Bonaccord Capital Partners Enters Strategic Partnership with Asia Heritage to Further Strategic Development Efforts; Announces Chris Lerner as Operating Partner,GlobeNewswire,https://finance.yahoo.com/news/bonaccord-capital-partners-enters-strategic-215600826.html,1686261360,STORY
f8d63825-aaa8-3b79-b79f-c47e3fb21c47,PX,2023-7-15,"P10, Inc. (NYSE:PX) Looks Like A Good Stock, And It's Going Ex-Dividend Soon",Simply Wall St.,https://finance.yahoo.com/news/p10-inc-nyse-px-looks-121247468.html,1684671167,STORY
e7f22460-e0be-3f80-9153-9111716009c3,PX,2023-7-15,P10 (NYSE:PX) Is Increasing Its Dividend To $0.0325,Simply Wall St.,https://finance.yahoo.com/news/p10-nyse-px-increasing-dividend-100912228.html,1684490952,STORY
f4cb7905-ad56-38f7-8246-4328df6beec2,PX,2023-7-15,Q1 2023 P10 Inc Earnings Call,Thomson Reuters StreetEvents,https://finance.yahoo.com/news/q1-2023-p10-inc-earnings-122648492.html,1684240008,STORY
69d0559e-b83d-37f1-9e7c-293db02b8e0d,PX,2023-7-16,"RCP Secondary Opportunity Fund IV Exceeds Target Fund Size, Closing $797 Million in Aggregate Capital Commitments",GlobeNewswire,https://finance.yahoo.com/news/rcp-secondary-opportunity-fund-iv-164000716.html,1689180000,STORY
2eca8776-8076-3453-87f8-3f28bf4015a4,PX,2023-7-16,P10 Joins Russell Indexes,GlobeNewswire,https://finance.yahoo.com/news/p10-joins-russell-indexes-123500423.html,1687782900,STORY
841280fb-a490-3684-9d8d-50d927de8e26,PX,2023-7-16,Synova announces strategic minority investment from Bonaccord Capital Partners,GlobeNewswire,https://finance.yahoo.com/news/synova-announces-strategic-minority-investment-140000336.html,1687356000,STORY
bd7c345e-732d-3d48-8af6-4f7a135616ea,PX,2023-7-16,"If EPS Growth Is Important To You, P10 (NYSE:PX) Presents An Opportunity",Simply Wall St.,https://finance.yahoo.com/news/eps-growth-important-p10-nyse-104541803.html,1686566741,STORY
045f00f4-655b-33b3-9cfe-0e94bcda1090,PX,2023-7-16,Bonaccord Capital Partners Enters Strategic Partnership with Asia Heritage to Further Strategic Development Efforts; Announces Chris Lerner as Operating Partner,GlobeNewswire,https://finance.yahoo.com/news/bonaccord-capital-partners-enters-strategic-215600826.html,1686261360,STORY
f8d63825-aaa8-3b79-b79f-c47e3fb21c47,PX,2023-7-16,"P10, Inc. (NYSE:PX) Looks Like A Good Stock, And It's Going Ex-Dividend Soon",Simply Wall St.,https://finance.yahoo.com/news/p10-inc-nyse-px-looks-121247468.html,1684671167,STORY
e7f22460-e0be-3f80-9153-9111716009c3,PX,2023-7-16,P10 (NYSE:PX) Is Increasing Its Dividend To $0.0325,Simply Wall St.,https://finance.yahoo.com/news/p10-nyse-px-increasing-dividend-100912228.html,1684490952,STORY
f4cb7905-ad56-38f7-8246-4328df6beec2,PX,2023-7-16,Q1 2023 P10 Inc Earnings Call,Thomson Reuters StreetEvents,https://finance.yahoo.com/news/q1-2023-p10-inc-earnings-122648492.html,1684240008,STORY
69d0559e-b83d-37f1-9e7c-293db02b8e0d,PX,2023-7-17,"RCP Secondary Opportunity Fund IV Exceeds Target Fund Size, Closing $797 Million in Aggregate Capital Commitments",GlobeNewswire,https://finance.yahoo.com/news/rcp-secondary-opportunity-fund-iv-164000716.html,1689180000,STORY
2eca8776-8076-3453-87f8-3f28bf4015a4,PX,2023-7-17,P10 Joins Russell Indexes,GlobeNewswire,https://finance.yahoo.com/news/p10-joins-russell-indexes-123500423.html,1687782900,STORY
841280fb-a490-3684-9d8d-50d927de8e26,PX,2023-7-17,Synova announces strategic minority investment from Bonaccord Capital Partners,GlobeNewswire,https://finance.yahoo.com/news/synova-announces-strategic-minority-investment-140000336.html,1687356000,STORY
bd7c345e-732d-3d48-8af6-4f7a135616ea,PX,2023-7-17,"If EPS Growth Is Important To You, P10 (NYSE:PX) Presents An Opportunity",Simply Wall St.,https://finance.yahoo.com/news/eps-growth-important-p10-nyse-104541803.html,1686566741,STORY
045f00f4-655b-33b3-9cfe-0e94bcda1090,PX,2023-7-17,Bonaccord Capital Partners Enters Strategic Partnership with Asia Heritage to Further Strategic Development Efforts; Announces Chris Lerner as Operating Partner,GlobeNewswire,https://finance.yahoo.com/news/bonaccord-capital-partners-enters-strategic-215600826.html,1686261360,STORY
f8d63825-aaa8-3b79-b79f-c47e3fb21c47,PX,2023-7-17,"P10, Inc. (NYSE:PX) Looks Like A Good Stock, And It's Going Ex-Dividend Soon",Simply Wall St.,https://finance.yahoo.com/news/p10-inc-nyse-px-looks-121247468.html,1684671167,STORY
e7f22460-e0be-3f80-9153-9111716009c3,PX,2023-7-17,P10 (NYSE:PX) Is Increasing Its Dividend To $0.0325,Simply Wall St.,https://finance.yahoo.com/news/p10-nyse-px-increasing-dividend-100912228.html,1684490952,STORY
f4cb7905-ad56-38f7-8246-4328df6beec2,PX,2023-7-17,Q1 2023 P10 Inc Earnings Call,Thomson Reuters StreetEvents,https://finance.yahoo.com/news/q1-2023-p10-inc-earnings-122648492.html,1684240008,STORY
1a5edcd5-3269-3eba-a707-cc8ab852902f,PX,2023-7-20,"P10 Schedules Second Quarter 2023 Earnings Release for Thursday, August 10, 2023",GlobeNewswire,https://finance.yahoo.com/news/p10-schedules-second-quarter-2023-203000848.html,1689712200,STORY
69d0559e-b83d-37f1-9e7c-293db02b8e0d,PX,2023-7-20,"RCP Secondary Opportunity Fund IV Exceeds Target Fund Size, Closing $797 Million in Aggregate Capital Commitments",GlobeNewswire,https://finance.yahoo.com/news/rcp-secondary-opportunity-fund-iv-164000716.html,1689180000,STORY
2eca8776-8076-3453-87f8-3f28bf4015a4,PX,2023-7-20,P10 Joins Russell Indexes,GlobeNewswire,https://finance.yahoo.com/news/p10-joins-russell-indexes-123500423.html,1687782900,STORY
841280fb-a490-3684-9d8d-50d927de8e26,PX,2023-7-20,Synova announces strategic minority investment from Bonaccord Capital Partners,GlobeNewswire,https://finance.yahoo.com/news/synova-announces-strategic-minority-investment-140000336.html,1687356000,STORY
bd7c345e-732d-3d48-8af6-4f7a135616ea,PX,2023-7-20,"If EPS Growth Is Important To You, P10 (NYSE:PX) Presents An Opportunity",Simply Wall St.,https://finance.yahoo.com/news/eps-growth-important-p10-nyse-104541803.html,1686566741,STORY
045f00f4-655b-33b3-9cfe-0e94bcda1090,PX,2023-7-20,Bonaccord Capital Partners Enters Strategic Partnership with Asia Heritage to Further Strategic Development Efforts; Announces Chris Lerner as Operating Partner,GlobeNewswire,https://finance.yahoo.com/news/bonaccord-capital-partners-enters-strategic-215600826.html,1686261360,STORY
f8d63825-aaa8-3b79-b79f-c47e3fb21c47,PX,2023-7-20,"P10, Inc. (NYSE:PX) Looks Like A Good Stock, And It's Going Ex-Dividend Soon",Simply Wall St.,https://finance.yahoo.com/news/p10-inc-nyse-px-looks-121247468.html,1684671167,STORY
e7f22460-e0be-3f80-9153-9111716009c3,PX,2023-7-20,P10 (NYSE:PX) Is Increasing Its Dividend To $0.0325,Simply Wall St.,https://finance.yahoo.com/news/p10-nyse-px-increasing-dividend-100912228.html,1684490952,STORY
1a5edcd5-3269-3eba-a707-cc8ab852902f,PX,2023-7-21,"P10 Schedules Second Quarter 2023 Earnings Release for Thursday, August 10, 2023",GlobeNewswire,https://finance.yahoo.com/news/p10-schedules-second-quarter-2023-203000848.html,1689712200,STORY
69d0559e-b83d-37f1-9e7c-293db02b8e0d,PX,2023-7-21,"RCP Secondary Opportunity Fund IV Exceeds Target Fund Size, Closing $797 Million in Aggregate Capital Commitments",GlobeNewswire,https://finance.yahoo.com/news/rcp-secondary-opportunity-fund-iv-164000716.html,1689180000,STORY
2eca8776-8076-3453-87f8-3f28bf4015a4,PX,2023-7-21,P10 Joins Russell Indexes,GlobeNewswire,https://finance.yahoo.com/news/p10-joins-russell-indexes-123500423.html,1687782900,STORY
841280fb-a490-3684-9d8d-50d927de8e26,PX,2023-7-21,Synova announces strategic minority investment from Bonaccord Capital Partners,GlobeNewswire,https://finance.yahoo.com/news/synova-announces-strategic-minority-investment-140000336.html,1687356000,STORY
bd7c345e-732d-3d48-8af6-4f7a135616ea,PX,2023-7-21,"If EPS Growth Is Important To You, P10 (NYSE:PX) Presents An Opportunity",Simply Wall St.,https://finance.yahoo.com/news/eps-growth-important-p10-nyse-104541803.html,1686566741,STORY
045f00f4-655b-33b3-9cfe-0e94bcda1090,PX,2023-7-21,Bonaccord Capital Partners Enters Strategic Partnership with Asia Heritage to Further Strategic Development Efforts; Announces Chris Lerner as Operating Partner,GlobeNewswire,https://finance.yahoo.com/news/bonaccord-capital-partners-enters-strategic-215600826.html,1686261360,STORY
f8d63825-aaa8-3b79-b79f-c47e3fb21c47,PX,2023-7-21,"P10, Inc. (NYSE:PX) Looks Like A Good Stock, And It's Going Ex-Dividend Soon",Simply Wall St.,https://finance.yahoo.com/news/p10-inc-nyse-px-looks-121247468.html,1684671167,STORY
e7f22460-e0be-3f80-9153-9111716009c3,PX,2023-7-21,P10 (NYSE:PX) Is Increasing Its Dividend To $0.0325,Simply Wall St.,https://finance.yahoo.com/news/p10-nyse-px-increasing-dividend-100912228.html,1684490952,STORY
1a5edcd5-3269-3eba-a707-cc8ab852902f,PX,2023-7-22,"P10 Schedules Second Quarter 2023 Earnings Release for Thursday, August 10, 2023",GlobeNewswire,https://finance.yahoo.com/news/p10-schedules-second-quarter-2023-203000848.html,1689712200,STORY
69d0559e-b83d-37f1-9e7c-293db02b8e0d,PX,2023-7-22,"RCP Secondary Opportunity Fund IV Exceeds Target Fund Size, Closing $797 Million in Aggregate Capital Commitments",GlobeNewswire,https://finance.yahoo.com/news/rcp-secondary-opportunity-fund-iv-164000716.html,1689180000,STORY
2eca8776-8076-3453-87f8-3f28bf4015a4,PX,2023-7-22,P10 Joins Russell Indexes,GlobeNewswire,https://finance.yahoo.com/news/p10-joins-russell-indexes-123500423.html,1687782900,STORY
841280fb-a490-3684-9d8d-50d927de8e26,PX,2023-7-22,Synova announces strategic minority investment from Bonaccord Capital Partners,GlobeNewswire,https://finance.yahoo.com/news/synova-announces-strategic-minority-investment-140000336.html,1687356000,STORY
bd7c345e-732d-3d48-8af6-4f7a135616ea,PX,2023-7-22,"If EPS Growth Is Important To You, P10 (NYSE:PX) Presents An Opportunity",Simply Wall St.,https://finance.yahoo.com/news/eps-growth-important-p10-nyse-104541803.html,1686566741,STORY
045f00f4-655b-33b3-9cfe-0e94bcda1090,PX,2023-7-22,Bonaccord Capital Partners Enters Strategic Partnership with Asia Heritage to Further Strategic Development Efforts; Announces Chris Lerner as Operating Partner,GlobeNewswire,https://finance.yahoo.com/news/bonaccord-capital-partners-enters-strategic-215600826.html,1686261360,STORY
f8d63825-aaa8-3b79-b79f-c47e3fb21c47,PX,2023-7-22,"P10, Inc. (NYSE:PX) Looks Like A Good Stock, And It's Going Ex-Dividend Soon",Simply Wall St.,https://finance.yahoo.com/news/p10-inc-nyse-px-looks-121247468.html,1684671167,STORY
e7f22460-e0be-3f80-9153-9111716009c3,PX,2023-7-22,P10 (NYSE:PX) Is Increasing Its Dividend To $0.0325,Simply Wall St.,https://finance.yahoo.com/news/p10-nyse-px-increasing-dividend-100912228.html,1684490952,STORY
1a5edcd5-3269-3eba-a707-cc8ab852902f,PX,2023-7-23,"P10 Schedules Second Quarter 2023 Earnings Release for Thursday, August 10, 2023",GlobeNewswire,https://finance.yahoo.com/news/p10-schedules-second-quarter-2023-203000848.html,1689712200,STORY
69d0559e-b83d-37f1-9e7c-293db02b8e0d,PX,2023-7-23,"RCP Secondary Opportunity Fund IV Exceeds Target Fund Size, Closing $797 Million in Aggregate Capital Commitments",GlobeNewswire,https://finance.yahoo.com/news/rcp-secondary-opportunity-fund-iv-164000716.html,1689180000,STORY
2eca8776-8076-3453-87f8-3f28bf4015a4,PX,2023-7-23,P10 Joins Russell Indexes,GlobeNewswire,https://finance.yahoo.com/news/p10-joins-russell-indexes-123500423.html,1687782900,STORY
841280fb-a490-3684-9d8d-50d927de8e26,PX,2023-7-23,Synova announces strategic minority investment from Bonaccord Capital Partners,GlobeNewswire,https://finance.yahoo.com/news/synova-announces-strategic-minority-investment-140000336.html,1687356000,STORY
bd7c345e-732d-3d48-8af6-4f7a135616ea,PX,2023-7-23,"If EPS Growth Is Important To You, P10 (NYSE:PX) Presents An Opportunity",Simply Wall St.,https://finance.yahoo.com/news/eps-growth-important-p10-nyse-104541803.html,1686566741,STORY
045f00f4-655b-33b3-9cfe-0e94bcda1090,PX,2023-7-23,Bonaccord Capital Partners Enters Strategic Partnership with Asia Heritage to Further Strategic Development Efforts; Announces Chris Lerner as Operating Partner,GlobeNewswire,https://finance.yahoo.com/news/bonaccord-capital-partners-enters-strategic-215600826.html,1686261360,STORY
f8d63825-aaa8-3b79-b79f-c47e3fb21c47,PX,2023-7-23,"P10, Inc. (NYSE:PX) Looks Like A Good Stock, And It's Going Ex-Dividend Soon",Simply Wall St.,https://finance.yahoo.com/news/p10-inc-nyse-px-looks-121247468.html,1684671167,STORY
e7f22460-e0be-3f80-9153-9111716009c3,PX,2023-7-23,P10 (NYSE:PX) Is Increasing Its Dividend To $0.0325,Simply Wall St.,https://finance.yahoo.com/news/p10-nyse-px-increasing-dividend-100912228.html,1684490952,STORY
e602bfb1-7be8-39f9-98ff-dd74af527723,PX,2023-7-24,"With 30% ownership, P10, Inc. (NYSE:PX) insiders have a lot at stake",Simply Wall St.,https://finance.yahoo.com/news/30-ownership-p10-inc-nyse-133333886.html,1690119213,STORY
1a5edcd5-3269-3eba-a707-cc8ab852902f,PX,2023-7-24,"P10 Schedules Second Quarter 2023 Earnings Release for Thursday, August 10, 2023",GlobeNewswire,https://finance.yahoo.com/news/p10-schedules-second-quarter-2023-203000848.html,1689712200,STORY
69d0559e-b83d-37f1-9e7c-293db02b8e0d,PX,2023-7-24,"RCP Secondary Opportunity Fund IV Exceeds Target Fund Size, Closing $797 Million in Aggregate Capital Commitments",GlobeNewswire,https://finance.yahoo.com/news/rcp-secondary-opportunity-fund-iv-164000716.html,1689180000,STORY
2eca8776-8076-3453-87f8-3f28bf4015a4,PX,2023-7-24,P10 Joins Russell Indexes,GlobeNewswire,https://finance.yahoo.com/news/p10-joins-russell-indexes-123500423.html,1687782900,STORY
841280fb-a490-3684-9d8d-50d927de8e26,PX,2023-7-24,Synova announces strategic minority investment from Bonaccord Capital Partners,GlobeNewswire,https://finance.yahoo.com/news/synova-announces-strategic-minority-investment-140000336.html,1687356000,STORY
bd7c345e-732d-3d48-8af6-4f7a135616ea,PX,2023-7-24,"If EPS Growth Is Important To You, P10 (NYSE:PX) Presents An Opportunity",Simply Wall St.,https://finance.yahoo.com/news/eps-growth-important-p10-nyse-104541803.html,1686566741,STORY
045f00f4-655b-33b3-9cfe-0e94bcda1090,PX,2023-7-24,Bonaccord Capital Partners Enters Strategic Partnership with Asia Heritage to Further Strategic Development Efforts; Announces Chris Lerner as Operating Partner,GlobeNewswire,https://finance.yahoo.com/news/bonaccord-capital-partners-enters-strategic-215600826.html,1686261360,STORY
f8d63825-aaa8-3b79-b79f-c47e3fb21c47,PX,2023-7-24,"P10, Inc. (NYSE:PX) Looks Like A Good Stock, And It's Going Ex-Dividend Soon",Simply Wall St.,https://finance.yahoo.com/news/p10-inc-nyse-px-looks-121247468.html,1684671167,STORY
3cfc65a9-1b33-39db-a598-081a1ae3abe2,PX,2023-7-25,Alluvial Capital Management Is Optimistic on the Management’s Strategic Vision For P10 (PX),Insider Monkey,https://finance.yahoo.com/news/alluvial-capital-management-optimistic-management-121113270.html,1690287073,STORY
e602bfb1-7be8-39f9-98ff-dd74af527723,PX,2023-7-25,"With 30% ownership, P10, Inc. (NYSE:PX) insiders have a lot at stake",Simply Wall St.,https://finance.yahoo.com/news/30-ownership-p10-inc-nyse-133333886.html,1690119213,STORY
1a5edcd5-3269-3eba-a707-cc8ab852902f,PX,2023-7-25,"P10 Schedules Second Quarter 2023 Earnings Release for Thursday, August 10, 2023",GlobeNewswire,https://finance.yahoo.com/news/p10-schedules-second-quarter-2023-203000848.html,1689712200,STORY
69d0559e-b83d-37f1-9e7c-293db02b8e0d,PX,2023-7-25,"RCP Secondary Opportunity Fund IV Exceeds Target Fund Size, Closing $797 Million in Aggregate Capital Commitments",GlobeNewswire,https://finance.yahoo.com/news/rcp-secondary-opportunity-fund-iv-164000716.html,1689180000,STORY
2eca8776-8076-3453-87f8-3f28bf4015a4,PX,2023-7-25,P10 Joins Russell Indexes,GlobeNewswire,https://finance.yahoo.com/news/p10-joins-russell-indexes-123500423.html,1687782900,STORY
841280fb-a490-3684-9d8d-50d927de8e26,PX,2023-7-25,Synova announces strategic minority investment from Bonaccord Capital Partners,GlobeNewswire,https://finance.yahoo.com/news/synova-announces-strategic-minority-investment-140000336.html,1687356000,STORY
bd7c345e-732d-3d48-8af6-4f7a135616ea,PX,2023-7-25,"If EPS Growth Is Important To You, P10 (NYSE:PX) Presents An Opportunity",Simply Wall St.,https://finance.yahoo.com/news/eps-growth-important-p10-nyse-104541803.html,1686566741,STORY
045f00f4-655b-33b3-9cfe-0e94bcda1090,PX,2023-7-25,Bonaccord Capital Partners Enters Strategic Partnership with Asia Heritage to Further Strategic Development Efforts; Announces Chris Lerner as Operating Partner,GlobeNewswire,https://finance.yahoo.com/news/bonaccord-capital-partners-enters-strategic-215600826.html,1686261360,STORY
17a4db30-5708-333a-907f-38f1d35805c3,PX,2023-7-26,Moody's (MCO) Beats Q2 Earnings and Revenue Estimates,Zacks,https://finance.yahoo.com/news/moodys-mco-beats-q2-earnings-122508088.html,1690287908,STORY
3cfc65a9-1b33-39db-a598-081a1ae3abe2,PX,2023-7-26,Alluvial Capital Management Is Optimistic on the Management’s Strategic Vision For P10 (PX),Insider Monkey,https://finance.yahoo.com/news/alluvial-capital-management-optimistic-management-121113270.html,1690287073,STORY
e602bfb1-7be8-39f9-98ff-dd74af527723,PX,2023-7-26,"With 30% ownership, P10, Inc. (NYSE:PX) insiders have a lot at stake",Simply Wall St.,https://finance.yahoo.com/news/30-ownership-p10-inc-nyse-133333886.html,1690119213,STORY
1a5edcd5-3269-3eba-a707-cc8ab852902f,PX,2023-7-26,"P10 Schedules Second Quarter 2023 Earnings Release for Thursday, August 10, 2023",GlobeNewswire,https://finance.yahoo.com/news/p10-schedules-second-quarter-2023-203000848.html,1689712200,STORY
69d0559e-b83d-37f1-9e7c-293db02b8e0d,PX,2023-7-26,"RCP Secondary Opportunity Fund IV Exceeds Target Fund Size, Closing $797 Million in Aggregate Capital Commitments",GlobeNewswire,https://finance.yahoo.com/news/rcp-secondary-opportunity-fund-iv-164000716.html,1689180000,STORY
2eca8776-8076-3453-87f8-3f28bf4015a4,PX,2023-7-26,P10 Joins Russell Indexes,GlobeNewswire,https://finance.yahoo.com/news/p10-joins-russell-indexes-123500423.html,1687782900,STORY
841280fb-a490-3684-9d8d-50d927de8e26,PX,2023-7-26,Synova announces strategic minority investment from Bonaccord Capital Partners,GlobeNewswire,https://finance.yahoo.com/news/synova-announces-strategic-minority-investment-140000336.html,1687356000,STORY
bd7c345e-732d-3d48-8af6-4f7a135616ea,PX,2023-7-26,"If EPS Growth Is Important To You, P10 (NYSE:PX) Presents An Opportunity",Simply Wall St.,https://finance.yahoo.com/news/eps-growth-important-p10-nyse-104541803.html,1686566741,STORY
17a4db30-5708-333a-907f-38f1d35805c3,PX,2023-7-27,Moody's (MCO) Beats Q2 Earnings and Revenue Estimates,Zacks,https://finance.yahoo.com/news/moodys-mco-beats-q2-earnings-122508088.html,1690287908,STORY
3cfc65a9-1b33-39db-a598-081a1ae3abe2,PX,2023-7-27,Alluvial Capital Management Is Optimistic on the Management’s Strategic Vision For P10 (PX),Insider Monkey,https://finance.yahoo.com/news/alluvial-capital-management-optimistic-management-121113270.html,1690287073,STORY
e602bfb1-7be8-39f9-98ff-dd74af527723,PX,2023-7-27,"With 30% ownership, P10, Inc. (NYSE:PX) insiders have a lot at stake",Simply Wall St.,https://finance.yahoo.com/news/30-ownership-p10-inc-nyse-133333886.html,1690119213,STORY
1a5edcd5-3269-3eba-a707-cc8ab852902f,PX,2023-7-27,"P10 Schedules Second Quarter 2023 Earnings Release for Thursday, August 10, 2023",GlobeNewswire,https://finance.yahoo.com/news/p10-schedules-second-quarter-2023-203000848.html,1689712200,STORY
69d0559e-b83d-37f1-9e7c-293db02b8e0d,PX,2023-7-27,"RCP Secondary Opportunity Fund IV Exceeds Target Fund Size, Closing $797 Million in Aggregate Capital Commitments",GlobeNewswire,https://finance.yahoo.com/news/rcp-secondary-opportunity-fund-iv-164000716.html,1689180000,STORY
2eca8776-8076-3453-87f8-3f28bf4015a4,PX,2023-7-27,P10 Joins Russell Indexes,GlobeNewswire,https://finance.yahoo.com/news/p10-joins-russell-indexes-123500423.html,1687782900,STORY
841280fb-a490-3684-9d8d-50d927de8e26,PX,2023-7-27,Synova announces strategic minority investment from Bonaccord Capital Partners,GlobeNewswire,https://finance.yahoo.com/news/synova-announces-strategic-minority-investment-140000336.html,1687356000,STORY
bd7c345e-732d-3d48-8af6-4f7a135616ea,PX,2023-7-27,"If EPS Growth Is Important To You, P10 (NYSE:PX) Presents An Opportunity",Simply Wall St.,https://finance.yahoo.com/news/eps-growth-important-p10-nyse-104541803.html,1686566741,STORY
17a4db30-5708-333a-907f-38f1d35805c3,PX,2023-7-28,Moody's (MCO) Beats Q2 Earnings and Revenue Estimates,Zacks,https://finance.yahoo.com/news/moodys-mco-beats-q2-earnings-122508088.html,1690287908,STORY
3cfc65a9-1b33-39db-a598-081a1ae3abe2,PX,2023-7-28,Alluvial Capital Management Is Optimistic on the Management’s Strategic Vision For P10 (PX),Insider Monkey,https://finance.yahoo.com/news/alluvial-capital-management-optimistic-management-121113270.html,1690287073,STORY
e602bfb1-7be8-39f9-98ff-dd74af527723,PX,2023-7-28,"With 30% ownership, P10, Inc. (NYSE:PX) insiders have a lot at stake",Simply Wall St.,https://finance.yahoo.com/news/30-ownership-p10-inc-nyse-133333886.html,1690119213,STORY
1a5edcd5-3269-3eba-a707-cc8ab852902f,PX,2023-7-28,"P10 Schedules Second Quarter 2023 Earnings Release for Thursday, August 10, 2023",GlobeNewswire,https://finance.yahoo.com/news/p10-schedules-second-quarter-2023-203000848.html,1689712200,STORY
69d0559e-b83d-37f1-9e7c-293db02b8e0d,PX,2023-7-28,"RCP Secondary Opportunity Fund IV Exceeds Target Fund Size, Closing $797 Million in Aggregate Capital Commitments",GlobeNewswire,https://finance.yahoo.com/news/rcp-secondary-opportunity-fund-iv-164000716.html,1689180000,STORY
2eca8776-8076-3453-87f8-3f28bf4015a4,PX,2023-7-28,P10 Joins Russell Indexes,GlobeNewswire,https://finance.yahoo.com/news/p10-joins-russell-indexes-123500423.html,1687782900,STORY
841280fb-a490-3684-9d8d-50d927de8e26,PX,2023-7-28,Synova announces strategic minority investment from Bonaccord Capital Partners,GlobeNewswire,https://finance.yahoo.com/news/synova-announces-strategic-minority-investment-140000336.html,1687356000,STORY
bd7c345e-732d-3d48-8af6-4f7a135616ea,PX,2023-7-28,"If EPS Growth Is Important To You, P10 (NYSE:PX) Presents An Opportunity",Simply Wall St.,https://finance.yahoo.com/news/eps-growth-important-p10-nyse-104541803.html,1686566741,STORY
17a4db30-5708-333a-907f-38f1d35805c3,PX,2023-7-29,Moody's (MCO) Beats Q2 Earnings and Revenue Estimates,Zacks,https://finance.yahoo.com/news/moodys-mco-beats-q2-earnings-122508088.html,1690287908,STORY
3cfc65a9-1b33-39db-a598-081a1ae3abe2,PX,2023-7-29,Alluvial Capital Management Is Optimistic on the Management’s Strategic Vision For P10 (PX),Insider Monkey,https://finance.yahoo.com/news/alluvial-capital-management-optimistic-management-121113270.html,1690287073,STORY
e602bfb1-7be8-39f9-98ff-dd74af527723,PX,2023-7-29,"With 30% ownership, P10, Inc. (NYSE:PX) insiders have a lot at stake",Simply Wall St.,https://finance.yahoo.com/news/30-ownership-p10-inc-nyse-133333886.html,1690119213,STORY
1a5edcd5-3269-3eba-a707-cc8ab852902f,PX,2023-7-29,"P10 Schedules Second Quarter 2023 Earnings Release for Thursday, August 10, 2023",GlobeNewswire,https://finance.yahoo.com/news/p10-schedules-second-quarter-2023-203000848.html,1689712200,STORY
69d0559e-b83d-37f1-9e7c-293db02b8e0d,PX,2023-7-29,"RCP Secondary Opportunity Fund IV Exceeds Target Fund Size, Closing $797 Million in Aggregate Capital Commitments",GlobeNewswire,https://finance.yahoo.com/news/rcp-secondary-opportunity-fund-iv-164000716.html,1689180000,STORY
2eca8776-8076-3453-87f8-3f28bf4015a4,PX,2023-7-29,P10 Joins Russell Indexes,GlobeNewswire,https://finance.yahoo.com/news/p10-joins-russell-indexes-123500423.html,1687782900,STORY
841280fb-a490-3684-9d8d-50d927de8e26,PX,2023-7-29,Synova announces strategic minority investment from Bonaccord Capital Partners,GlobeNewswire,https://finance.yahoo.com/news/synova-announces-strategic-minority-investment-140000336.html,1687356000,STORY
bd7c345e-732d-3d48-8af6-4f7a135616ea,PX,2023-7-29,"If EPS Growth Is Important To You, P10 (NYSE:PX) Presents An Opportunity",Simply Wall St.,https://finance.yahoo.com/news/eps-growth-important-p10-nyse-104541803.html,1686566741,STORY
17a4db30-5708-333a-907f-38f1d35805c3,PX,2023-7-30,Moody's (MCO) Beats Q2 Earnings and Revenue Estimates,Zacks,https://finance.yahoo.com/news/moodys-mco-beats-q2-earnings-122508088.html,1690287908,STORY
3cfc65a9-1b33-39db-a598-081a1ae3abe2,PX,2023-7-30,Alluvial Capital Management Is Optimistic on the Management’s Strategic Vision For P10 (PX),Insider Monkey,https://finance.yahoo.com/news/alluvial-capital-management-optimistic-management-121113270.html,1690287073,STORY
e602bfb1-7be8-39f9-98ff-dd74af527723,PX,2023-7-30,"With 30% ownership, P10, Inc. (NYSE:PX) insiders have a lot at stake",Simply Wall St.,https://finance.yahoo.com/news/30-ownership-p10-inc-nyse-133333886.html,1690119213,STORY
1a5edcd5-3269-3eba-a707-cc8ab852902f,PX,2023-7-30,"P10 Schedules Second Quarter 2023 Earnings Release for Thursday, August 10, 2023",GlobeNewswire,https://finance.yahoo.com/news/p10-schedules-second-quarter-2023-203000848.html,1689712200,STORY
69d0559e-b83d-37f1-9e7c-293db02b8e0d,PX,2023-7-30,"RCP Secondary Opportunity Fund IV Exceeds Target Fund Size, Closing $797 Million in Aggregate Capital Commitments",GlobeNewswire,https://finance.yahoo.com/news/rcp-secondary-opportunity-fund-iv-164000716.html,1689180000,STORY
2eca8776-8076-3453-87f8-3f28bf4015a4,PX,2023-7-30,P10 Joins Russell Indexes,GlobeNewswire,https://finance.yahoo.com/news/p10-joins-russell-indexes-123500423.html,1687782900,STORY
841280fb-a490-3684-9d8d-50d927de8e26,PX,2023-7-30,Synova announces strategic minority investment from Bonaccord Capital Partners,GlobeNewswire,https://finance.yahoo.com/news/synova-announces-strategic-minority-investment-140000336.html,1687356000,STORY
bd7c345e-732d-3d48-8af6-4f7a135616ea,PX,2023-7-30,"If EPS Growth Is Important To You, P10 (NYSE:PX) Presents An Opportunity",Simply Wall St.,https://finance.yahoo.com/news/eps-growth-important-p10-nyse-104541803.html,1686566741,STORY
17a4db30-5708-333a-907f-38f1d35805c3,PX,2023-7-31,Moody's (MCO) Beats Q2 Earnings and Revenue Estimates,Zacks,https://finance.yahoo.com/news/moodys-mco-beats-q2-earnings-122508088.html,1690287908,STORY
3cfc65a9-1b33-39db-a598-081a1ae3abe2,PX,2023-7-31,Alluvial Capital Management Is Optimistic on the Management’s Strategic Vision For P10 (PX),Insider Monkey,https://finance.yahoo.com/news/alluvial-capital-management-optimistic-management-121113270.html,1690287073,STORY
e602bfb1-7be8-39f9-98ff-dd74af527723,PX,2023-7-31,"With 30% ownership, P10, Inc. (NYSE:PX) insiders have a lot at stake",Simply Wall St.,https://finance.yahoo.com/news/30-ownership-p10-inc-nyse-133333886.html,1690119213,STORY
1a5edcd5-3269-3eba-a707-cc8ab852902f,PX,2023-7-31,"P10 Schedules Second Quarter 2023 Earnings Release for Thursday, August 10, 2023",GlobeNewswire,https://finance.yahoo.com/news/p10-schedules-second-quarter-2023-203000848.html,1689712200,STORY
69d0559e-b83d-37f1-9e7c-293db02b8e0d,PX,2023-7-31,"RCP Secondary Opportunity Fund IV Exceeds Target Fund Size, Closing $797 Million in Aggregate Capital Commitments",GlobeNewswire,https://finance.yahoo.com/news/rcp-secondary-opportunity-fund-iv-164000716.html,1689180000,STORY
2eca8776-8076-3453-87f8-3f28bf4015a4,PX,2023-7-31,P10 Joins Russell Indexes,GlobeNewswire,https://finance.yahoo.com/news/p10-joins-russell-indexes-123500423.html,1687782900,STORY
841280fb-a490-3684-9d8d-50d927de8e26,PX,2023-7-31,Synova announces strategic minority investment from Bonaccord Capital Partners,GlobeNewswire,https://finance.yahoo.com/news/synova-announces-strategic-minority-investment-140000336.html,1687356000,STORY
bd7c345e-732d-3d48-8af6-4f7a135616ea,PX,2023-7-31,"If EPS Growth Is Important To You, P10 (NYSE:PX) Presents An Opportunity",Simply Wall St.,https://finance.yahoo.com/news/eps-growth-important-p10-nyse-104541803.html,1686566741,STORY
17a4db30-5708-333a-907f-38f1d35805c3,PX,2023-8-1,Moody's (MCO) Beats Q2 Earnings and Revenue Estimates,Zacks,https://finance.yahoo.com/news/moodys-mco-beats-q2-earnings-122508088.html,1690287908,STORY
3cfc65a9-1b33-39db-a598-081a1ae3abe2,PX,2023-8-1,Alluvial Capital Management Is Optimistic on the Management’s Strategic Vision For P10 (PX),Insider Monkey,https://finance.yahoo.com/news/alluvial-capital-management-optimistic-management-121113270.html,1690287073,STORY
e602bfb1-7be8-39f9-98ff-dd74af527723,PX,2023-8-1,"With 30% ownership, P10, Inc. (NYSE:PX) insiders have a lot at stake",Simply Wall St.,https://finance.yahoo.com/news/30-ownership-p10-inc-nyse-133333886.html,1690119213,STORY
1a5edcd5-3269-3eba-a707-cc8ab852902f,PX,2023-8-1,"P10 Schedules Second Quarter 2023 Earnings Release for Thursday, August 10, 2023",GlobeNewswire,https://finance.yahoo.com/news/p10-schedules-second-quarter-2023-203000848.html,1689712200,STORY
69d0559e-b83d-37f1-9e7c-293db02b8e0d,PX,2023-8-1,"RCP Secondary Opportunity Fund IV Exceeds Target Fund Size, Closing $797 Million in Aggregate Capital Commitments",GlobeNewswire,https://finance.yahoo.com/news/rcp-secondary-opportunity-fund-iv-164000716.html,1689180000,STORY
2eca8776-8076-3453-87f8-3f28bf4015a4,PX,2023-8-1,P10 Joins Russell Indexes,GlobeNewswire,https://finance.yahoo.com/news/p10-joins-russell-indexes-123500423.html,1687782900,STORY
841280fb-a490-3684-9d8d-50d927de8e26,PX,2023-8-1,Synova announces strategic minority investment from Bonaccord Capital Partners,GlobeNewswire,https://finance.yahoo.com/news/synova-announces-strategic-minority-investment-140000336.html,1687356000,STORY
bd7c345e-732d-3d48-8af6-4f7a135616ea,PX,2023-8-1,"If EPS Growth Is Important To You, P10 (NYSE:PX) Presents An Opportunity",Simply Wall St.,https://finance.yahoo.com/news/eps-growth-important-p10-nyse-104541803.html,1686566741,STORY
17a4db30-5708-333a-907f-38f1d35805c3,PX,2023-8-2,Moody's (MCO) Beats Q2 Earnings and Revenue Estimates,Zacks,https://finance.yahoo.com/news/moodys-mco-beats-q2-earnings-122508088.html,1690287908,STORY
3cfc65a9-1b33-39db-a598-081a1ae3abe2,PX,2023-8-2,Alluvial Capital Management Is Optimistic on the Management’s Strategic Vision For P10 (PX),Insider Monkey,https://finance.yahoo.com/news/alluvial-capital-management-optimistic-management-121113270.html,1690287073,STORY
e602bfb1-7be8-39f9-98ff-dd74af527723,PX,2023-8-2,"With 30% ownership, P10, Inc. (NYSE:PX) insiders have a lot at stake",Simply Wall St.,https://finance.yahoo.com/news/30-ownership-p10-inc-nyse-133333886.html,1690119213,STORY
1a5edcd5-3269-3eba-a707-cc8ab852902f,PX,2023-8-2,"P10 Schedules Second Quarter 2023 Earnings Release for Thursday, August 10, 2023",GlobeNewswire,https://finance.yahoo.com/news/p10-schedules-second-quarter-2023-203000848.html,1689712200,STORY
69d0559e-b83d-37f1-9e7c-293db02b8e0d,PX,2023-8-2,"RCP Secondary Opportunity Fund IV Exceeds Target Fund Size, Closing $797 Million in Aggregate Capital Commitments",GlobeNewswire,https://finance.yahoo.com/news/rcp-secondary-opportunity-fund-iv-164000716.html,1689180000,STORY
2eca8776-8076-3453-87f8-3f28bf4015a4,PX,2023-8-2,P10 Joins Russell Indexes,GlobeNewswire,https://finance.yahoo.com/news/p10-joins-russell-indexes-123500423.html,1687782900,STORY
841280fb-a490-3684-9d8d-50d927de8e26,PX,2023-8-2,Synova announces strategic minority investment from Bonaccord Capital Partners,GlobeNewswire,https://finance.yahoo.com/news/synova-announces-strategic-minority-investment-140000336.html,1687356000,STORY
bd7c345e-732d-3d48-8af6-4f7a135616ea,PX,2023-8-2,"If EPS Growth Is Important To You, P10 (NYSE:PX) Presents An Opportunity",Simply Wall St.,https://finance.yahoo.com/news/eps-growth-important-p10-nyse-104541803.html,1686566741,STORY
1565bf11-0896-34c0-9f96-0cdf8ea40196,PX,2023-8-3,StoneX Group Inc. (SNEX) Q3 Earnings and Revenues Beat Estimates,Zacks,https://finance.yahoo.com/news/stonex-group-inc-snex-q3-225513134.html,1691016913,STORY
17a4db30-5708-333a-907f-38f1d35805c3,PX,2023-8-3,Moody's (MCO) Beats Q2 Earnings and Revenue Estimates,Zacks,https://finance.yahoo.com/news/moodys-mco-beats-q2-earnings-122508088.html,1690287908,STORY
3cfc65a9-1b33-39db-a598-081a1ae3abe2,PX,2023-8-3,Alluvial Capital Management Is Optimistic on the Management’s Strategic Vision For P10 (PX),Insider Monkey,https://finance.yahoo.com/news/alluvial-capital-management-optimistic-management-121113270.html,1690287073,STORY
e602bfb1-7be8-39f9-98ff-dd74af527723,PX,2023-8-3,"With 30% ownership, P10, Inc. (NYSE:PX) insiders have a lot at stake",Simply Wall St.,https://finance.yahoo.com/news/30-ownership-p10-inc-nyse-133333886.html,1690119213,STORY
1a5edcd5-3269-3eba-a707-cc8ab852902f,PX,2023-8-3,"P10 Schedules Second Quarter 2023 Earnings Release for Thursday, August 10, 2023",GlobeNewswire,https://finance.yahoo.com/news/p10-schedules-second-quarter-2023-203000848.html,1689712200,STORY
69d0559e-b83d-37f1-9e7c-293db02b8e0d,PX,2023-8-3,"RCP Secondary Opportunity Fund IV Exceeds Target Fund Size, Closing $797 Million in Aggregate Capital Commitments",GlobeNewswire,https://finance.yahoo.com/news/rcp-secondary-opportunity-fund-iv-164000716.html,1689180000,STORY
2eca8776-8076-3453-87f8-3f28bf4015a4,PX,2023-8-3,P10 Joins Russell Indexes,GlobeNewswire,https://finance.yahoo.com/news/p10-joins-russell-indexes-123500423.html,1687782900,STORY
841280fb-a490-3684-9d8d-50d927de8e26,PX,2023-8-3,Synova announces strategic minority investment from Bonaccord Capital Partners,GlobeNewswire,https://finance.yahoo.com/news/synova-announces-strategic-minority-investment-140000336.html,1687356000,STORY
bff4b5b4-58c5-3164-9bc9-bf10cae2e421,PX,2023-8-4,Guild Holdings Company (GHLD) Tops Q2 Earnings and Revenue Estimates,Zacks,https://finance.yahoo.com/news/guild-holdings-company-ghld-tops-223515208.html,1691102115,STORY
1565bf11-0896-34c0-9f96-0cdf8ea40196,PX,2023-8-4,StoneX Group Inc. (SNEX) Q3 Earnings and Revenues Beat Estimates,Zacks,https://finance.yahoo.com/news/stonex-group-inc-snex-q3-225513134.html,1691016913,STORY
17a4db30-5708-333a-907f-38f1d35805c3,PX,2023-8-4,Moody's (MCO) Beats Q2 Earnings and Revenue Estimates,Zacks,https://finance.yahoo.com/news/moodys-mco-beats-q2-earnings-122508088.html,1690287908,STORY
3cfc65a9-1b33-39db-a598-081a1ae3abe2,PX,2023-8-4,Alluvial Capital Management Is Optimistic on the Management’s Strategic Vision For P10 (PX),Insider Monkey,https://finance.yahoo.com/news/alluvial-capital-management-optimistic-management-121113270.html,1690287073,STORY
e602bfb1-7be8-39f9-98ff-dd74af527723,PX,2023-8-4,"With 30% ownership, P10, Inc. (NYSE:PX) insiders have a lot at stake",Simply Wall St.,https://finance.yahoo.com/news/30-ownership-p10-inc-nyse-133333886.html,1690119213,STORY
1a5edcd5-3269-3eba-a707-cc8ab852902f,PX,2023-8-4,"P10 Schedules Second Quarter 2023 Earnings Release for Thursday, August 10, 2023",GlobeNewswire,https://finance.yahoo.com/news/p10-schedules-second-quarter-2023-203000848.html,1689712200,STORY
69d0559e-b83d-37f1-9e7c-293db02b8e0d,PX,2023-8-4,"RCP Secondary Opportunity Fund IV Exceeds Target Fund Size, Closing $797 Million in Aggregate Capital Commitments",GlobeNewswire,https://finance.yahoo.com/news/rcp-secondary-opportunity-fund-iv-164000716.html,1689180000,STORY
2eca8776-8076-3453-87f8-3f28bf4015a4,PX,2023-8-4,P10 Joins Russell Indexes,GlobeNewswire,https://finance.yahoo.com/news/p10-joins-russell-indexes-123500423.html,1687782900,STORY
bff4b5b4-58c5-3164-9bc9-bf10cae2e421,PX,2023-8-5,Guild Holdings Company (GHLD) Tops Q2 Earnings and Revenue Estimates,Zacks,https://finance.yahoo.com/news/guild-holdings-company-ghld-tops-223515208.html,1691102115,STORY
1565bf11-0896-34c0-9f96-0cdf8ea40196,PX,2023-8-5,StoneX Group Inc. (SNEX) Q3 Earnings and Revenues Beat Estimates,Zacks,https://finance.yahoo.com/news/stonex-group-inc-snex-q3-225513134.html,1691016913,STORY
17a4db30-5708-333a-907f-38f1d35805c3,PX,2023-8-5,Moody's (MCO) Beats Q2 Earnings and Revenue Estimates,Zacks,https://finance.yahoo.com/news/moodys-mco-beats-q2-earnings-122508088.html,1690287908,STORY
3cfc65a9-1b33-39db-a598-081a1ae3abe2,PX,2023-8-5,Alluvial Capital Management Is Optimistic on the Management’s Strategic Vision For P10 (PX),Insider Monkey,https://finance.yahoo.com/news/alluvial-capital-management-optimistic-management-121113270.html,1690287073,STORY
e602bfb1-7be8-39f9-98ff-dd74af527723,PX,2023-8-5,"With 30% ownership, P10, Inc. (NYSE:PX) insiders have a lot at stake",Simply Wall St.,https://finance.yahoo.com/news/30-ownership-p10-inc-nyse-133333886.html,1690119213,STORY
1a5edcd5-3269-3eba-a707-cc8ab852902f,PX,2023-8-5,"P10 Schedules Second Quarter 2023 Earnings Release for Thursday, August 10, 2023",GlobeNewswire,https://finance.yahoo.com/news/p10-schedules-second-quarter-2023-203000848.html,1689712200,STORY
69d0559e-b83d-37f1-9e7c-293db02b8e0d,PX,2023-8-5,"RCP Secondary Opportunity Fund IV Exceeds Target Fund Size, Closing $797 Million in Aggregate Capital Commitments",GlobeNewswire,https://finance.yahoo.com/news/rcp-secondary-opportunity-fund-iv-164000716.html,1689180000,STORY
2eca8776-8076-3453-87f8-3f28bf4015a4,PX,2023-8-5,P10 Joins Russell Indexes,GlobeNewswire,https://finance.yahoo.com/news/p10-joins-russell-indexes-123500423.html,1687782900,STORY
bff4b5b4-58c5-3164-9bc9-bf10cae2e421,PX,2023-8-6,Guild Holdings Company (GHLD) Tops Q2 Earnings and Revenue Estimates,Zacks,https://finance.yahoo.com/news/guild-holdings-company-ghld-tops-223515208.html,1691102115,STORY
1565bf11-0896-34c0-9f96-0cdf8ea40196,PX,2023-8-6,StoneX Group Inc. (SNEX) Q3 Earnings and Revenues Beat Estimates,Zacks,https://finance.yahoo.com/news/stonex-group-inc-snex-q3-225513134.html,1691016913,STORY
17a4db30-5708-333a-907f-38f1d35805c3,PX,2023-8-6,Moody's (MCO) Beats Q2 Earnings and Revenue Estimates,Zacks,https://finance.yahoo.com/news/moodys-mco-beats-q2-earnings-122508088.html,1690287908,STORY
3cfc65a9-1b33-39db-a598-081a1ae3abe2,PX,2023-8-6,Alluvial Capital Management Is Optimistic on the Management’s Strategic Vision For P10 (PX),Insider Monkey,https://finance.yahoo.com/news/alluvial-capital-management-optimistic-management-121113270.html,1690287073,STORY
e602bfb1-7be8-39f9-98ff-dd74af527723,PX,2023-8-6,"With 30% ownership, P10, Inc. (NYSE:PX) insiders have a lot at stake",Simply Wall St.,https://finance.yahoo.com/news/30-ownership-p10-inc-nyse-133333886.html,1690119213,STORY
1a5edcd5-3269-3eba-a707-cc8ab852902f,PX,2023-8-6,"P10 Schedules Second Quarter 2023 Earnings Release for Thursday, August 10, 2023",GlobeNewswire,https://finance.yahoo.com/news/p10-schedules-second-quarter-2023-203000848.html,1689712200,STORY
69d0559e-b83d-37f1-9e7c-293db02b8e0d,PX,2023-8-6,"RCP Secondary Opportunity Fund IV Exceeds Target Fund Size, Closing $797 Million in Aggregate Capital Commitments",GlobeNewswire,https://finance.yahoo.com/news/rcp-secondary-opportunity-fund-iv-164000716.html,1689180000,STORY
2eca8776-8076-3453-87f8-3f28bf4015a4,PX,2023-8-6,P10 Joins Russell Indexes,GlobeNewswire,https://finance.yahoo.com/news/p10-joins-russell-indexes-123500423.html,1687782900,STORY
bff4b5b4-58c5-3164-9bc9-bf10cae2e421,PX,2023-8-7,Guild Holdings Company (GHLD) Tops Q2 Earnings and Revenue Estimates,Zacks,https://finance.yahoo.com/news/guild-holdings-company-ghld-tops-223515208.html,1691102115,STORY
1565bf11-0896-34c0-9f96-0cdf8ea40196,PX,2023-8-7,StoneX Group Inc. (SNEX) Q3 Earnings and Revenues Beat Estimates,Zacks,https://finance.yahoo.com/news/stonex-group-inc-snex-q3-225513134.html,1691016913,STORY
17a4db30-5708-333a-907f-38f1d35805c3,PX,2023-8-7,Moody's (MCO) Beats Q2 Earnings and Revenue Estimates,Zacks,https://finance.yahoo.com/news/moodys-mco-beats-q2-earnings-122508088.html,1690287908,STORY
3cfc65a9-1b33-39db-a598-081a1ae3abe2,PX,2023-8-7,Alluvial Capital Management Is Optimistic on the Management’s Strategic Vision For P10 (PX),Insider Monkey,https://finance.yahoo.com/news/alluvial-capital-management-optimistic-management-121113270.html,1690287073,STORY
e602bfb1-7be8-39f9-98ff-dd74af527723,PX,2023-8-7,"With 30% ownership, P10, Inc. (NYSE:PX) insiders have a lot at stake",Simply Wall St.,https://finance.yahoo.com/news/30-ownership-p10-inc-nyse-133333886.html,1690119213,STORY
1a5edcd5-3269-3eba-a707-cc8ab852902f,PX,2023-8-7,"P10 Schedules Second Quarter 2023 Earnings Release for Thursday, August 10, 2023",GlobeNewswire,https://finance.yahoo.com/news/p10-schedules-second-quarter-2023-203000848.html,1689712200,STORY
69d0559e-b83d-37f1-9e7c-293db02b8e0d,PX,2023-8-7,"RCP Secondary Opportunity Fund IV Exceeds Target Fund Size, Closing $797 Million in Aggregate Capital Commitments",GlobeNewswire,https://finance.yahoo.com/news/rcp-secondary-opportunity-fund-iv-164000716.html,1689180000,STORY
2eca8776-8076-3453-87f8-3f28bf4015a4,PX,2023-8-7,P10 Joins Russell Indexes,GlobeNewswire,https://finance.yahoo.com/news/p10-joins-russell-indexes-123500423.html,1687782900,STORY
bff4b5b4-58c5-3164-9bc9-bf10cae2e421,PX,2023-8-8,Guild Holdings Company (GHLD) Tops Q2 Earnings and Revenue Estimates,Zacks,https://finance.yahoo.com/news/guild-holdings-company-ghld-tops-223515208.html,1691102115,STORY
1565bf11-0896-34c0-9f96-0cdf8ea40196,PX,2023-8-8,StoneX Group Inc. (SNEX) Q3 Earnings and Revenues Beat Estimates,Zacks,https://finance.yahoo.com/news/stonex-group-inc-snex-q3-225513134.html,1691016913,STORY
17a4db30-5708-333a-907f-38f1d35805c3,PX,2023-8-8,Moody's (MCO) Beats Q2 Earnings and Revenue Estimates,Zacks,https://finance.yahoo.com/news/moodys-mco-beats-q2-earnings-122508088.html,1690287908,STORY
3cfc65a9-1b33-39db-a598-081a1ae3abe2,PX,2023-8-8,Alluvial Capital Management Is Optimistic on the Management’s Strategic Vision For P10 (PX),Insider Monkey,https://finance.yahoo.com/news/alluvial-capital-management-optimistic-management-121113270.html,1690287073,STORY
e602bfb1-7be8-39f9-98ff-dd74af527723,PX,2023-8-8,"With 30% ownership, P10, Inc. (NYSE:PX) insiders have a lot at stake",Simply Wall St.,https://finance.yahoo.com/news/30-ownership-p10-inc-nyse-133333886.html,1690119213,STORY
1a5edcd5-3269-3eba-a707-cc8ab852902f,PX,2023-8-8,"P10 Schedules Second Quarter 2023 Earnings Release for Thursday, August 10, 2023",GlobeNewswire,https://finance.yahoo.com/news/p10-schedules-second-quarter-2023-203000848.html,1689712200,STORY
69d0559e-b83d-37f1-9e7c-293db02b8e0d,PX,2023-8-8,"RCP Secondary Opportunity Fund IV Exceeds Target Fund Size, Closing $797 Million in Aggregate Capital Commitments",GlobeNewswire,https://finance.yahoo.com/news/rcp-secondary-opportunity-fund-iv-164000716.html,1689180000,STORY
2eca8776-8076-3453-87f8-3f28bf4015a4,PX,2023-8-8,P10 Joins Russell Indexes,GlobeNewswire,https://finance.yahoo.com/news/p10-joins-russell-indexes-123500423.html,1687782900,STORY
6e971824-c531-35cf-bbed-91638561b6fd,PX,2023-8-9,"Forge Global Holdings, Inc. (FRGE) Reports Q2 Loss, Tops Revenue Estimates",Zacks,https://finance.yahoo.com/news/forge-global-holdings-inc-frge-233012242.html,1691537412,STORY
bff4b5b4-58c5-3164-9bc9-bf10cae2e421,PX,2023-8-9,Guild Holdings Company (GHLD) Tops Q2 Earnings and Revenue Estimates,Zacks,https://finance.yahoo.com/news/guild-holdings-company-ghld-tops-223515208.html,1691102115,STORY
1565bf11-0896-34c0-9f96-0cdf8ea40196,PX,2023-8-9,StoneX Group Inc. (SNEX) Q3 Earnings and Revenues Beat Estimates,Zacks,https://finance.yahoo.com/news/stonex-group-inc-snex-q3-225513134.html,1691016913,STORY
17a4db30-5708-333a-907f-38f1d35805c3,PX,2023-8-9,Moody's (MCO) Beats Q2 Earnings and Revenue Estimates,Zacks,https://finance.yahoo.com/news/moodys-mco-beats-q2-earnings-122508088.html,1690287908,STORY
3cfc65a9-1b33-39db-a598-081a1ae3abe2,PX,2023-8-9,Alluvial Capital Management Is Optimistic on the Management’s Strategic Vision For P10 (PX),Insider Monkey,https://finance.yahoo.com/news/alluvial-capital-management-optimistic-management-121113270.html,1690287073,STORY
e602bfb1-7be8-39f9-98ff-dd74af527723,PX,2023-8-9,"With 30% ownership, P10, Inc. (NYSE:PX) insiders have a lot at stake",Simply Wall St.,https://finance.yahoo.com/news/30-ownership-p10-inc-nyse-133333886.html,1690119213,STORY
1a5edcd5-3269-3eba-a707-cc8ab852902f,PX,2023-8-9,"P10 Schedules Second Quarter 2023 Earnings Release for Thursday, August 10, 2023",GlobeNewswire,https://finance.yahoo.com/news/p10-schedules-second-quarter-2023-203000848.html,1689712200,STORY
69d0559e-b83d-37f1-9e7c-293db02b8e0d,PX,2023-8-9,"RCP Secondary Opportunity Fund IV Exceeds Target Fund Size, Closing $797 Million in Aggregate Capital Commitments",GlobeNewswire,https://finance.yahoo.com/news/rcp-secondary-opportunity-fund-iv-164000716.html,1689180000,STORY
ea64ce3c-d1ea-3653-830d-81b5bbd7909c,PX,2023-8-10,Avantax (AVTA) Q2 Earnings and Revenues Miss Estimates,Zacks,https://finance.yahoo.com/news/avantax-avta-q2-earnings-revenues-220516339.html,1691618716,STORY
6e971824-c531-35cf-bbed-91638561b6fd,PX,2023-8-10,"Forge Global Holdings, Inc. (FRGE) Reports Q2 Loss, Tops Revenue Estimates",Zacks,https://finance.yahoo.com/news/forge-global-holdings-inc-frge-233012242.html,1691537412,STORY
bff4b5b4-58c5-3164-9bc9-bf10cae2e421,PX,2023-8-10,Guild Holdings Company (GHLD) Tops Q2 Earnings and Revenue Estimates,Zacks,https://finance.yahoo.com/news/guild-holdings-company-ghld-tops-223515208.html,1691102115,STORY
1565bf11-0896-34c0-9f96-0cdf8ea40196,PX,2023-8-10,StoneX Group Inc. (SNEX) Q3 Earnings and Revenues Beat Estimates,Zacks,https://finance.yahoo.com/news/stonex-group-inc-snex-q3-225513134.html,1691016913,STORY
17a4db30-5708-333a-907f-38f1d35805c3,PX,2023-8-10,Moody's (MCO) Beats Q2 Earnings and Revenue Estimates,Zacks,https://finance.yahoo.com/news/moodys-mco-beats-q2-earnings-122508088.html,1690287908,STORY
3cfc65a9-1b33-39db-a598-081a1ae3abe2,PX,2023-8-10,Alluvial Capital Management Is Optimistic on the Management’s Strategic Vision For P10 (PX),Insider Monkey,https://finance.yahoo.com/news/alluvial-capital-management-optimistic-management-121113270.html,1690287073,STORY
e602bfb1-7be8-39f9-98ff-dd74af527723,PX,2023-8-10,"With 30% ownership, P10, Inc. (NYSE:PX) insiders have a lot at stake",Simply Wall St.,https://finance.yahoo.com/news/30-ownership-p10-inc-nyse-133333886.html,1690119213,STORY
1a5edcd5-3269-3eba-a707-cc8ab852902f,PX,2023-8-10,"P10 Schedules Second Quarter 2023 Earnings Release for Thursday, August 10, 2023",GlobeNewswire,https://finance.yahoo.com/news/p10-schedules-second-quarter-2023-203000848.html,1689712200,STORY
eaac32d4-54bd-387b-9c8f-ae6c0cc5a8e9,PX,2023-8-11,"P10, Inc. (PX) Reports Q2 Earnings: What Key Metrics Have to Say",Zacks,https://finance.yahoo.com/news/p10-inc-px-reports-q2-223003614.html,1691706603,STORY
b33c25b6-e4c9-39db-8e80-d57b064ac02d,PX,2023-8-11,"P10, Inc. (PX) Beats Q2 Earnings and Revenue Estimates",Zacks,https://finance.yahoo.com/news/p10-inc-px-beats-q2-220512320.html,1691705112,STORY
d55831a5-557b-3ad2-b3f6-2ae577162e54,PX,2023-8-11,P10 Reports Second Quarter 2023 Results,GlobeNewswire,https://finance.yahoo.com/news/p10-reports-second-quarter-2023-201000606.html,1691698200,STORY
ea64ce3c-d1ea-3653-830d-81b5bbd7909c,PX,2023-8-11,Avantax (AVTA) Q2 Earnings and Revenues Miss Estimates,Zacks,https://finance.yahoo.com/news/avantax-avta-q2-earnings-revenues-220516339.html,1691618716,STORY
6e971824-c531-35cf-bbed-91638561b6fd,PX,2023-8-11,"Forge Global Holdings, Inc. (FRGE) Reports Q2 Loss, Tops Revenue Estimates",Zacks,https://finance.yahoo.com/news/forge-global-holdings-inc-frge-233012242.html,1691537412,STORY
bff4b5b4-58c5-3164-9bc9-bf10cae2e421,PX,2023-8-11,Guild Holdings Company (GHLD) Tops Q2 Earnings and Revenue Estimates,Zacks,https://finance.yahoo.com/news/guild-holdings-company-ghld-tops-223515208.html,1691102115,STORY
1565bf11-0896-34c0-9f96-0cdf8ea40196,PX,2023-8-11,StoneX Group Inc. (SNEX) Q3 Earnings and Revenues Beat Estimates,Zacks,https://finance.yahoo.com/news/stonex-group-inc-snex-q3-225513134.html,1691016913,STORY
17a4db30-5708-333a-907f-38f1d35805c3,PX,2023-8-11,Moody's (MCO) Beats Q2 Earnings and Revenue Estimates,Zacks,https://finance.yahoo.com/news/moodys-mco-beats-q2-earnings-122508088.html,1690287908,STORY
772ad6ba-cd2b-3801-b253-0c49d54a3527,PX,2023-8-12,Q2 2023 P10 Inc Earnings Call,Thomson Reuters StreetEvents,https://finance.yahoo.com/news/q2-2023-p10-inc-earnings-153414243.html,1691768054,STORY
eaac32d4-54bd-387b-9c8f-ae6c0cc5a8e9,PX,2023-8-12,"P10, Inc. (PX) Reports Q2 Earnings: What Key Metrics Have to Say",Zacks,https://finance.yahoo.com/news/p10-inc-px-reports-q2-223003614.html,1691706603,STORY
b33c25b6-e4c9-39db-8e80-d57b064ac02d,PX,2023-8-12,"P10, Inc. (PX) Beats Q2 Earnings and Revenue Estimates",Zacks,https://finance.yahoo.com/news/p10-inc-px-beats-q2-220512320.html,1691705112,STORY
d55831a5-557b-3ad2-b3f6-2ae577162e54,PX,2023-8-12,P10 Reports Second Quarter 2023 Results,GlobeNewswire,https://finance.yahoo.com/news/p10-reports-second-quarter-2023-201000606.html,1691698200,STORY
ea64ce3c-d1ea-3653-830d-81b5bbd7909c,PX,2023-8-12,Avantax (AVTA) Q2 Earnings and Revenues Miss Estimates,Zacks,https://finance.yahoo.com/news/avantax-avta-q2-earnings-revenues-220516339.html,1691618716,STORY
6e971824-c531-35cf-bbed-91638561b6fd,PX,2023-8-12,"Forge Global Holdings, Inc. (FRGE) Reports Q2 Loss, Tops Revenue Estimates",Zacks,https://finance.yahoo.com/news/forge-global-holdings-inc-frge-233012242.html,1691537412,STORY
bff4b5b4-58c5-3164-9bc9-bf10cae2e421,PX,2023-8-12,Guild Holdings Company (GHLD) Tops Q2 Earnings and Revenue Estimates,Zacks,https://finance.yahoo.com/news/guild-holdings-company-ghld-tops-223515208.html,1691102115,STORY
1565bf11-0896-34c0-9f96-0cdf8ea40196,PX,2023-8-12,StoneX Group Inc. (SNEX) Q3 Earnings and Revenues Beat Estimates,Zacks,https://finance.yahoo.com/news/stonex-group-inc-snex-q3-225513134.html,1691016913,STORY
772ad6ba-cd2b-3801-b253-0c49d54a3527,PX,2023-8-13,Q2 2023 P10 Inc Earnings Call,Thomson Reuters StreetEvents,https://finance.yahoo.com/news/q2-2023-p10-inc-earnings-153414243.html,1691768054,STORY
eaac32d4-54bd-387b-9c8f-ae6c0cc5a8e9,PX,2023-8-13,"P10, Inc. (PX) Reports Q2 Earnings: What Key Metrics Have to Say",Zacks,https://finance.yahoo.com/news/p10-inc-px-reports-q2-223003614.html,1691706603,STORY
b33c25b6-e4c9-39db-8e80-d57b064ac02d,PX,2023-8-13,"P10, Inc. (PX) Beats Q2 Earnings and Revenue Estimates",Zacks,https://finance.yahoo.com/news/p10-inc-px-beats-q2-220512320.html,1691705112,STORY
d55831a5-557b-3ad2-b3f6-2ae577162e54,PX,2023-8-13,P10 Reports Second Quarter 2023 Results,GlobeNewswire,https://finance.yahoo.com/news/p10-reports-second-quarter-2023-201000606.html,1691698200,STORY
ea64ce3c-d1ea-3653-830d-81b5bbd7909c,PX,2023-8-13,Avantax (AVTA) Q2 Earnings and Revenues Miss Estimates,Zacks,https://finance.yahoo.com/news/avantax-avta-q2-earnings-revenues-220516339.html,1691618716,STORY
6e971824-c531-35cf-bbed-91638561b6fd,PX,2023-8-13,"Forge Global Holdings, Inc. (FRGE) Reports Q2 Loss, Tops Revenue Estimates",Zacks,https://finance.yahoo.com/news/forge-global-holdings-inc-frge-233012242.html,1691537412,STORY
bff4b5b4-58c5-3164-9bc9-bf10cae2e421,PX,2023-8-13,Guild Holdings Company (GHLD) Tops Q2 Earnings and Revenue Estimates,Zacks,https://finance.yahoo.com/news/guild-holdings-company-ghld-tops-223515208.html,1691102115,STORY
1565bf11-0896-34c0-9f96-0cdf8ea40196,PX,2023-8-13,StoneX Group Inc. (SNEX) Q3 Earnings and Revenues Beat Estimates,Zacks,https://finance.yahoo.com/news/stonex-group-inc-snex-q3-225513134.html,1691016913,STORY
01a3de39-8439-3c6b-9464-f57461607b27,PX,2023-8-14,P10 (NYSE:PX) Is Due To Pay A Dividend Of $0.0325,Simply Wall St.,https://finance.yahoo.com/news/p10-nyse-px-due-pay-100126912.html,1692007286,STORY
772ad6ba-cd2b-3801-b253-0c49d54a3527,PX,2023-8-14,Q2 2023 P10 Inc Earnings Call,Thomson Reuters StreetEvents,https://finance.yahoo.com/news/q2-2023-p10-inc-earnings-153414243.html,1691768054,STORY
eaac32d4-54bd-387b-9c8f-ae6c0cc5a8e9,PX,2023-8-14,"P10, Inc. (PX) Reports Q2 Earnings: What Key Metrics Have to Say",Zacks,https://finance.yahoo.com/news/p10-inc-px-reports-q2-223003614.html,1691706603,STORY
b33c25b6-e4c9-39db-8e80-d57b064ac02d,PX,2023-8-14,"P10, Inc. (PX) Beats Q2 Earnings and Revenue Estimates",Zacks,https://finance.yahoo.com/news/p10-inc-px-beats-q2-220512320.html,1691705112,STORY
d55831a5-557b-3ad2-b3f6-2ae577162e54,PX,2023-8-14,P10 Reports Second Quarter 2023 Results,GlobeNewswire,https://finance.yahoo.com/news/p10-reports-second-quarter-2023-201000606.html,1691698200,STORY
ea64ce3c-d1ea-3653-830d-81b5bbd7909c,PX,2023-8-14,Avantax (AVTA) Q2 Earnings and Revenues Miss Estimates,Zacks,https://finance.yahoo.com/news/avantax-avta-q2-earnings-revenues-220516339.html,1691618716,STORY
6e971824-c531-35cf-bbed-91638561b6fd,PX,2023-8-14,"Forge Global Holdings, Inc. (FRGE) Reports Q2 Loss, Tops Revenue Estimates",Zacks,https://finance.yahoo.com/news/forge-global-holdings-inc-frge-233012242.html,1691537412,STORY
bff4b5b4-58c5-3164-9bc9-bf10cae2e421,PX,2023-8-14,Guild Holdings Company (GHLD) Tops Q2 Earnings and Revenue Estimates,Zacks,https://finance.yahoo.com/news/guild-holdings-company-ghld-tops-223515208.html,1691102115,STORY
01a3de39-8439-3c6b-9464-f57461607b27,PX,2023-8-15,P10 (NYSE:PX) Is Due To Pay A Dividend Of $0.0325,Simply Wall St.,https://finance.yahoo.com/news/p10-nyse-px-due-pay-100126912.html,1692007286,STORY
772ad6ba-cd2b-3801-b253-0c49d54a3527,PX,2023-8-15,Q2 2023 P10 Inc Earnings Call,Thomson Reuters StreetEvents,https://finance.yahoo.com/news/q2-2023-p10-inc-earnings-153414243.html,1691768054,STORY
eaac32d4-54bd-387b-9c8f-ae6c0cc5a8e9,PX,2023-8-15,"P10, Inc. (PX) Reports Q2 Earnings: What Key Metrics Have to Say",Zacks,https://finance.yahoo.com/news/p10-inc-px-reports-q2-223003614.html,1691706603,STORY
b33c25b6-e4c9-39db-8e80-d57b064ac02d,PX,2023-8-15,"P10, Inc. (PX) Beats Q2 Earnings and Revenue Estimates",Zacks,https://finance.yahoo.com/news/p10-inc-px-beats-q2-220512320.html,1691705112,STORY
d55831a5-557b-3ad2-b3f6-2ae577162e54,PX,2023-8-15,P10 Reports Second Quarter 2023 Results,GlobeNewswire,https://finance.yahoo.com/news/p10-reports-second-quarter-2023-201000606.html,1691698200,STORY
ea64ce3c-d1ea-3653-830d-81b5bbd7909c,PX,2023-8-15,Avantax (AVTA) Q2 Earnings and Revenues Miss Estimates,Zacks,https://finance.yahoo.com/news/avantax-avta-q2-earnings-revenues-220516339.html,1691618716,STORY
6e971824-c531-35cf-bbed-91638561b6fd,PX,2023-8-15,"Forge Global Holdings, Inc. (FRGE) Reports Q2 Loss, Tops Revenue Estimates",Zacks,https://finance.yahoo.com/news/forge-global-holdings-inc-frge-233012242.html,1691537412,STORY
bff4b5b4-58c5-3164-9bc9-bf10cae2e421,PX,2023-8-15,Guild Holdings Company (GHLD) Tops Q2 Earnings and Revenue Estimates,Zacks,https://finance.yahoo.com/news/guild-holdings-company-ghld-tops-223515208.html,1691102115,STORY
01a3de39-8439-3c6b-9464-f57461607b27,PX,2023-8-16,P10 (NYSE:PX) Is Due To Pay A Dividend Of $0.0325,Simply Wall St.,https://finance.yahoo.com/news/p10-nyse-px-due-pay-100126912.html,1692007286,STORY
772ad6ba-cd2b-3801-b253-0c49d54a3527,PX,2023-8-16,Q2 2023 P10 Inc Earnings Call,Thomson Reuters StreetEvents,https://finance.yahoo.com/news/q2-2023-p10-inc-earnings-153414243.html,1691768054,STORY
eaac32d4-54bd-387b-9c8f-ae6c0cc5a8e9,PX,2023-8-16,"P10, Inc. (PX) Reports Q2 Earnings: What Key Metrics Have to Say",Zacks,https://finance.yahoo.com/news/p10-inc-px-reports-q2-223003614.html,1691706603,STORY
b33c25b6-e4c9-39db-8e80-d57b064ac02d,PX,2023-8-16,"P10, Inc. (PX) Beats Q2 Earnings and Revenue Estimates",Zacks,https://finance.yahoo.com/news/p10-inc-px-beats-q2-220512320.html,1691705112,STORY
d55831a5-557b-3ad2-b3f6-2ae577162e54,PX,2023-8-16,P10 Reports Second Quarter 2023 Results,GlobeNewswire,https://finance.yahoo.com/news/p10-reports-second-quarter-2023-201000606.html,1691698200,STORY
ea64ce3c-d1ea-3653-830d-81b5bbd7909c,PX,2023-8-16,Avantax (AVTA) Q2 Earnings and Revenues Miss Estimates,Zacks,https://finance.yahoo.com/news/avantax-avta-q2-earnings-revenues-220516339.html,1691618716,STORY
6e971824-c531-35cf-bbed-91638561b6fd,PX,2023-8-16,"Forge Global Holdings, Inc. (FRGE) Reports Q2 Loss, Tops Revenue Estimates",Zacks,https://finance.yahoo.com/news/forge-global-holdings-inc-frge-233012242.html,1691537412,STORY
bff4b5b4-58c5-3164-9bc9-bf10cae2e421,PX,2023-8-16,Guild Holdings Company (GHLD) Tops Q2 Earnings and Revenue Estimates,Zacks,https://finance.yahoo.com/news/guild-holdings-company-ghld-tops-223515208.html,1691102115,STORY
01a3de39-8439-3c6b-9464-f57461607b27,PX,2023-8-17,P10 (NYSE:PX) Is Due To Pay A Dividend Of $0.0325,Simply Wall St.,https://finance.yahoo.com/news/p10-nyse-px-due-pay-100126912.html,1692007286,STORY
772ad6ba-cd2b-3801-b253-0c49d54a3527,PX,2023-8-17,Q2 2023 P10 Inc Earnings Call,Thomson Reuters StreetEvents,https://finance.yahoo.com/news/q2-2023-p10-inc-earnings-153414243.html,1691768054,STORY
eaac32d4-54bd-387b-9c8f-ae6c0cc5a8e9,PX,2023-8-17,"P10, Inc. (PX) Reports Q2 Earnings: What Key Metrics Have to Say",Zacks,https://finance.yahoo.com/news/p10-inc-px-reports-q2-223003614.html,1691706603,STORY
b33c25b6-e4c9-39db-8e80-d57b064ac02d,PX,2023-8-17,"P10, Inc. (PX) Beats Q2 Earnings and Revenue Estimates",Zacks,https://finance.yahoo.com/news/p10-inc-px-beats-q2-220512320.html,1691705112,STORY
d55831a5-557b-3ad2-b3f6-2ae577162e54,PX,2023-8-17,P10 Reports Second Quarter 2023 Results,GlobeNewswire,https://finance.yahoo.com/news/p10-reports-second-quarter-2023-201000606.html,1691698200,STORY
ea64ce3c-d1ea-3653-830d-81b5bbd7909c,PX,2023-8-17,Avantax (AVTA) Q2 Earnings and Revenues Miss Estimates,Zacks,https://finance.yahoo.com/news/avantax-avta-q2-earnings-revenues-220516339.html,1691618716,STORY
6e971824-c531-35cf-bbed-91638561b6fd,PX,2023-8-17,"Forge Global Holdings, Inc. (FRGE) Reports Q2 Loss, Tops Revenue Estimates",Zacks,https://finance.yahoo.com/news/forge-global-holdings-inc-frge-233012242.html,1691537412,STORY
bff4b5b4-58c5-3164-9bc9-bf10cae2e421,PX,2023-8-17,Guild Holdings Company (GHLD) Tops Q2 Earnings and Revenue Estimates,Zacks,https://finance.yahoo.com/news/guild-holdings-company-ghld-tops-223515208.html,1691102115,STORY
01a3de39-8439-3c6b-9464-f57461607b27,PX,2023-8-18,P10 (NYSE:PX) Is Due To Pay A Dividend Of $0.0325,Simply Wall St.,https://finance.yahoo.com/news/p10-nyse-px-due-pay-100126912.html,1692007286,STORY
772ad6ba-cd2b-3801-b253-0c49d54a3527,PX,2023-8-18,Q2 2023 P10 Inc Earnings Call,Thomson Reuters StreetEvents,https://finance.yahoo.com/news/q2-2023-p10-inc-earnings-153414243.html,1691768054,STORY
eaac32d4-54bd-387b-9c8f-ae6c0cc5a8e9,PX,2023-8-18,"P10, Inc. (PX) Reports Q2 Earnings: What Key Metrics Have to Say",Zacks,https://finance.yahoo.com/news/p10-inc-px-reports-q2-223003614.html,1691706603,STORY
b33c25b6-e4c9-39db-8e80-d57b064ac02d,PX,2023-8-18,"P10, Inc. (PX) Beats Q2 Earnings and Revenue Estimates",Zacks,https://finance.yahoo.com/news/p10-inc-px-beats-q2-220512320.html,1691705112,STORY
d55831a5-557b-3ad2-b3f6-2ae577162e54,PX,2023-8-18,P10 Reports Second Quarter 2023 Results,GlobeNewswire,https://finance.yahoo.com/news/p10-reports-second-quarter-2023-201000606.html,1691698200,STORY
ea64ce3c-d1ea-3653-830d-81b5bbd7909c,PX,2023-8-18,Avantax (AVTA) Q2 Earnings and Revenues Miss Estimates,Zacks,https://finance.yahoo.com/news/avantax-avta-q2-earnings-revenues-220516339.html,1691618716,STORY
6e971824-c531-35cf-bbed-91638561b6fd,PX,2023-8-18,"Forge Global Holdings, Inc. (FRGE) Reports Q2 Loss, Tops Revenue Estimates",Zacks,https://finance.yahoo.com/news/forge-global-holdings-inc-frge-233012242.html,1691537412,STORY
bff4b5b4-58c5-3164-9bc9-bf10cae2e421,PX,2023-8-18,Guild Holdings Company (GHLD) Tops Q2 Earnings and Revenue Estimates,Zacks,https://finance.yahoo.com/news/guild-holdings-company-ghld-tops-223515208.html,1691102115,STORY
01a3de39-8439-3c6b-9464-f57461607b27,PX,2023-8-19,P10 (NYSE:PX) Is Due To Pay A Dividend Of $0.0325,Simply Wall St.,https://finance.yahoo.com/news/p10-nyse-px-due-pay-100126912.html,1692007286,STORY
772ad6ba-cd2b-3801-b253-0c49d54a3527,PX,2023-8-19,Q2 2023 P10 Inc Earnings Call,Thomson Reuters StreetEvents,https://finance.yahoo.com/news/q2-2023-p10-inc-earnings-153414243.html,1691768054,STORY
eaac32d4-54bd-387b-9c8f-ae6c0cc5a8e9,PX,2023-8-19,"P10, Inc. (PX) Reports Q2 Earnings: What Key Metrics Have to Say",Zacks,https://finance.yahoo.com/news/p10-inc-px-reports-q2-223003614.html,1691706603,STORY
b33c25b6-e4c9-39db-8e80-d57b064ac02d,PX,2023-8-19,"P10, Inc. (PX) Beats Q2 Earnings and Revenue Estimates",Zacks,https://finance.yahoo.com/news/p10-inc-px-beats-q2-220512320.html,1691705112,STORY
d55831a5-557b-3ad2-b3f6-2ae577162e54,PX,2023-8-19,P10 Reports Second Quarter 2023 Results,GlobeNewswire,https://finance.yahoo.com/news/p10-reports-second-quarter-2023-201000606.html,1691698200,STORY
ea64ce3c-d1ea-3653-830d-81b5bbd7909c,PX,2023-8-19,Avantax (AVTA) Q2 Earnings and Revenues Miss Estimates,Zacks,https://finance.yahoo.com/news/avantax-avta-q2-earnings-revenues-220516339.html,1691618716,STORY
6e971824-c531-35cf-bbed-91638561b6fd,PX,2023-8-19,"Forge Global Holdings, Inc. (FRGE) Reports Q2 Loss, Tops Revenue Estimates",Zacks,https://finance.yahoo.com/news/forge-global-holdings-inc-frge-233012242.html,1691537412,STORY
bff4b5b4-58c5-3164-9bc9-bf10cae2e421,PX,2023-8-19,Guild Holdings Company (GHLD) Tops Q2 Earnings and Revenue Estimates,Zacks,https://finance.yahoo.com/news/guild-holdings-company-ghld-tops-223515208.html,1691102115,STORY
01a3de39-8439-3c6b-9464-f57461607b27,PX,2023-8-20,P10 (NYSE:PX) Is Due To Pay A Dividend Of $0.0325,Simply Wall St.,https://finance.yahoo.com/news/p10-nyse-px-due-pay-100126912.html,1692007286,STORY
772ad6ba-cd2b-3801-b253-0c49d54a3527,PX,2023-8-20,Q2 2023 P10 Inc Earnings Call,Thomson Reuters StreetEvents,https://finance.yahoo.com/news/q2-2023-p10-inc-earnings-153414243.html,1691768054,STORY
eaac32d4-54bd-387b-9c8f-ae6c0cc5a8e9,PX,2023-8-20,"P10, Inc. (PX) Reports Q2 Earnings: What Key Metrics Have to Say",Zacks,https://finance.yahoo.com/news/p10-inc-px-reports-q2-223003614.html,1691706603,STORY
b33c25b6-e4c9-39db-8e80-d57b064ac02d,PX,2023-8-20,"P10, Inc. (PX) Beats Q2 Earnings and Revenue Estimates",Zacks,https://finance.yahoo.com/news/p10-inc-px-beats-q2-220512320.html,1691705112,STORY
d55831a5-557b-3ad2-b3f6-2ae577162e54,PX,2023-8-20,P10 Reports Second Quarter 2023 Results,GlobeNewswire,https://finance.yahoo.com/news/p10-reports-second-quarter-2023-201000606.html,1691698200,STORY
ea64ce3c-d1ea-3653-830d-81b5bbd7909c,PX,2023-8-20,Avantax (AVTA) Q2 Earnings and Revenues Miss Estimates,Zacks,https://finance.yahoo.com/news/avantax-avta-q2-earnings-revenues-220516339.html,1691618716,STORY
6e971824-c531-35cf-bbed-91638561b6fd,PX,2023-8-20,"Forge Global Holdings, Inc. (FRGE) Reports Q2 Loss, Tops Revenue Estimates",Zacks,https://finance.yahoo.com/news/forge-global-holdings-inc-frge-233012242.html,1691537412,STORY
bff4b5b4-58c5-3164-9bc9-bf10cae2e421,PX,2023-8-20,Guild Holdings Company (GHLD) Tops Q2 Earnings and Revenue Estimates,Zacks,https://finance.yahoo.com/news/guild-holdings-company-ghld-tops-223515208.html,1691102115,STORY
01a3de39-8439-3c6b-9464-f57461607b27,PX,2023-8-22,P10 (NYSE:PX) Is Due To Pay A Dividend Of $0.0325,Simply Wall St.,https://finance.yahoo.com/news/p10-nyse-px-due-pay-100126912.html,1692007286,STORY
772ad6ba-cd2b-3801-b253-0c49d54a3527,PX,2023-8-22,Q2 2023 P10 Inc Earnings Call,Thomson Reuters StreetEvents,https://finance.yahoo.com/news/q2-2023-p10-inc-earnings-153414243.html,1691768054,STORY
eaac32d4-54bd-387b-9c8f-ae6c0cc5a8e9,PX,2023-8-22,"P10, Inc. (PX) Reports Q2 Earnings: What Key Metrics Have to Say",Zacks,https://finance.yahoo.com/news/p10-inc-px-reports-q2-223003614.html,1691706603,STORY
b33c25b6-e4c9-39db-8e80-d57b064ac02d,PX,2023-8-22,"P10, Inc. (PX) Beats Q2 Earnings and Revenue Estimates",Zacks,https://finance.yahoo.com/news/p10-inc-px-beats-q2-220512320.html,1691705112,STORY
d55831a5-557b-3ad2-b3f6-2ae577162e54,PX,2023-8-22,P10 Reports Second Quarter 2023 Results,GlobeNewswire,https://finance.yahoo.com/news/p10-reports-second-quarter-2023-201000606.html,1691698200,STORY
ea64ce3c-d1ea-3653-830d-81b5bbd7909c,PX,2023-8-22,Avantax (AVTA) Q2 Earnings and Revenues Miss Estimates,Zacks,https://finance.yahoo.com/news/avantax-avta-q2-earnings-revenues-220516339.html,1691618716,STORY
6e971824-c531-35cf-bbed-91638561b6fd,PX,2023-8-22,"Forge Global Holdings, Inc. (FRGE) Reports Q2 Loss, Tops Revenue Estimates",Zacks,https://finance.yahoo.com/news/forge-global-holdings-inc-frge-233012242.html,1691537412,STORY
bff4b5b4-58c5-3164-9bc9-bf10cae2e421,PX,2023-8-22,Guild Holdings Company (GHLD) Tops Q2 Earnings and Revenue Estimates,Zacks,https://finance.yahoo.com/news/guild-holdings-company-ghld-tops-223515208.html,1691102115,STORY
01a3de39-8439-3c6b-9464-f57461607b27,PX,2023-8-23,P10 (NYSE:PX) Is Due To Pay A Dividend Of $0.0325,Simply Wall St.,https://finance.yahoo.com/news/p10-nyse-px-due-pay-100126912.html,1692007286,STORY
772ad6ba-cd2b-3801-b253-0c49d54a3527,PX,2023-8-23,Q2 2023 P10 Inc Earnings Call,Thomson Reuters StreetEvents,https://finance.yahoo.com/news/q2-2023-p10-inc-earnings-153414243.html,1691768054,STORY
eaac32d4-54bd-387b-9c8f-ae6c0cc5a8e9,PX,2023-8-23,"P10, Inc. (PX) Reports Q2 Earnings: What Key Metrics Have to Say",Zacks,https://finance.yahoo.com/news/p10-inc-px-reports-q2-223003614.html,1691706603,STORY
b33c25b6-e4c9-39db-8e80-d57b064ac02d,PX,2023-8-23,"P10, Inc. (PX) Beats Q2 Earnings and Revenue Estimates",Zacks,https://finance.yahoo.com/news/p10-inc-px-beats-q2-220512320.html,1691705112,STORY
d55831a5-557b-3ad2-b3f6-2ae577162e54,PX,2023-8-23,P10 Reports Second Quarter 2023 Results,GlobeNewswire,https://finance.yahoo.com/news/p10-reports-second-quarter-2023-201000606.html,1691698200,STORY
ea64ce3c-d1ea-3653-830d-81b5bbd7909c,PX,2023-8-23,Avantax (AVTA) Q2 Earnings and Revenues Miss Estimates,Zacks,https://finance.yahoo.com/news/avantax-avta-q2-earnings-revenues-220516339.html,1691618716,STORY
6e971824-c531-35cf-bbed-91638561b6fd,PX,2023-8-23,"Forge Global Holdings, Inc. (FRGE) Reports Q2 Loss, Tops Revenue Estimates",Zacks,https://finance.yahoo.com/news/forge-global-holdings-inc-frge-233012242.html,1691537412,STORY
bff4b5b4-58c5-3164-9bc9-bf10cae2e421,PX,2023-8-23,Guild Holdings Company (GHLD) Tops Q2 Earnings and Revenue Estimates,Zacks,https://finance.yahoo.com/news/guild-holdings-company-ghld-tops-223515208.html,1691102115,STORY
01a3de39-8439-3c6b-9464-f57461607b27,PX,2023-8-24,P10 (NYSE:PX) Is Due To Pay A Dividend Of $0.0325,Simply Wall St.,https://finance.yahoo.com/news/p10-nyse-px-due-pay-100126912.html,1692007286,STORY
772ad6ba-cd2b-3801-b253-0c49d54a3527,PX,2023-8-24,Q2 2023 P10 Inc Earnings Call,Thomson Reuters StreetEvents,https://finance.yahoo.com/news/q2-2023-p10-inc-earnings-153414243.html,1691768054,STORY
eaac32d4-54bd-387b-9c8f-ae6c0cc5a8e9,PX,2023-8-24,"P10, Inc. (PX) Reports Q2 Earnings: What Key Metrics Have to Say",Zacks,https://finance.yahoo.com/news/p10-inc-px-reports-q2-223003614.html,1691706603,STORY
b33c25b6-e4c9-39db-8e80-d57b064ac02d,PX,2023-8-24,"P10, Inc. (PX) Beats Q2 Earnings and Revenue Estimates",Zacks,https://finance.yahoo.com/news/p10-inc-px-beats-q2-220512320.html,1691705112,STORY
d55831a5-557b-3ad2-b3f6-2ae577162e54,PX,2023-8-24,P10 Reports Second Quarter 2023 Results,GlobeNewswire,https://finance.yahoo.com/news/p10-reports-second-quarter-2023-201000606.html,1691698200,STORY
ea64ce3c-d1ea-3653-830d-81b5bbd7909c,PX,2023-8-24,Avantax (AVTA) Q2 Earnings and Revenues Miss Estimates,Zacks,https://finance.yahoo.com/news/avantax-avta-q2-earnings-revenues-220516339.html,1691618716,STORY
6e971824-c531-35cf-bbed-91638561b6fd,PX,2023-8-24,"Forge Global Holdings, Inc. (FRGE) Reports Q2 Loss, Tops Revenue Estimates",Zacks,https://finance.yahoo.com/news/forge-global-holdings-inc-frge-233012242.html,1691537412,STORY
bff4b5b4-58c5-3164-9bc9-bf10cae2e421,PX,2023-8-24,Guild Holdings Company (GHLD) Tops Q2 Earnings and Revenue Estimates,Zacks,https://finance.yahoo.com/news/guild-holdings-company-ghld-tops-223515208.html,1691102115,STORY
f60b8ef1-ce66-3f3f-89fe-34fde87dfc01,PX,2023-8-25,"P10, Inc. (NYSE:PX) Will Pay A US$0.033 Dividend In Four Days",Simply Wall St.,https://finance.yahoo.com/news/p10-inc-nyse-px-pay-100725225.html,1692958045,STORY
01a3de39-8439-3c6b-9464-f57461607b27,PX,2023-8-25,P10 (NYSE:PX) Is Due To Pay A Dividend Of $0.0325,Simply Wall St.,https://finance.yahoo.com/news/p10-nyse-px-due-pay-100126912.html,1692007286,STORY
772ad6ba-cd2b-3801-b253-0c49d54a3527,PX,2023-8-25,Q2 2023 P10 Inc Earnings Call,Thomson Reuters StreetEvents,https://finance.yahoo.com/news/q2-2023-p10-inc-earnings-153414243.html,1691768054,STORY
eaac32d4-54bd-387b-9c8f-ae6c0cc5a8e9,PX,2023-8-25,"P10, Inc. (PX) Reports Q2 Earnings: What Key Metrics Have to Say",Zacks,https://finance.yahoo.com/news/p10-inc-px-reports-q2-223003614.html,1691706603,STORY
b33c25b6-e4c9-39db-8e80-d57b064ac02d,PX,2023-8-25,"P10, Inc. (PX) Beats Q2 Earnings and Revenue Estimates",Zacks,https://finance.yahoo.com/news/p10-inc-px-beats-q2-220512320.html,1691705112,STORY
d55831a5-557b-3ad2-b3f6-2ae577162e54,PX,2023-8-25,P10 Reports Second Quarter 2023 Results,GlobeNewswire,https://finance.yahoo.com/news/p10-reports-second-quarter-2023-201000606.html,1691698200,STORY
ea64ce3c-d1ea-3653-830d-81b5bbd7909c,PX,2023-8-25,Avantax (AVTA) Q2 Earnings and Revenues Miss Estimates,Zacks,https://finance.yahoo.com/news/avantax-avta-q2-earnings-revenues-220516339.html,1691618716,STORY
6e971824-c531-35cf-bbed-91638561b6fd,PX,2023-8-25,"Forge Global Holdings, Inc. (FRGE) Reports Q2 Loss, Tops Revenue Estimates",Zacks,https://finance.yahoo.com/news/forge-global-holdings-inc-frge-233012242.html,1691537412,STORY
f60b8ef1-ce66-3f3f-89fe-34fde87dfc01,PX,2023-8-26,"P10, Inc. (NYSE:PX) Will Pay A US$0.033 Dividend In Four Days",Simply Wall St.,https://finance.yahoo.com/news/p10-inc-nyse-px-pay-100725225.html,1692958045,STORY
01a3de39-8439-3c6b-9464-f57461607b27,PX,2023-8-26,P10 (NYSE:PX) Is Due To Pay A Dividend Of $0.0325,Simply Wall St.,https://finance.yahoo.com/news/p10-nyse-px-due-pay-100126912.html,1692007286,STORY
772ad6ba-cd2b-3801-b253-0c49d54a3527,PX,2023-8-26,Q2 2023 P10 Inc Earnings Call,Thomson Reuters StreetEvents,https://finance.yahoo.com/news/q2-2023-p10-inc-earnings-153414243.html,1691768054,STORY
eaac32d4-54bd-387b-9c8f-ae6c0cc5a8e9,PX,2023-8-26,"P10, Inc. (PX) Reports Q2 Earnings: What Key Metrics Have to Say",Zacks,https://finance.yahoo.com/news/p10-inc-px-reports-q2-223003614.html,1691706603,STORY
b33c25b6-e4c9-39db-8e80-d57b064ac02d,PX,2023-8-26,"P10, Inc. (PX) Beats Q2 Earnings and Revenue Estimates",Zacks,https://finance.yahoo.com/news/p10-inc-px-beats-q2-220512320.html,1691705112,STORY
d55831a5-557b-3ad2-b3f6-2ae577162e54,PX,2023-8-26,P10 Reports Second Quarter 2023 Results,GlobeNewswire,https://finance.yahoo.com/news/p10-reports-second-quarter-2023-201000606.html,1691698200,STORY
ea64ce3c-d1ea-3653-830d-81b5bbd7909c,PX,2023-8-26,Avantax (AVTA) Q2 Earnings and Revenues Miss Estimates,Zacks,https://finance.yahoo.com/news/avantax-avta-q2-earnings-revenues-220516339.html,1691618716,STORY
6e971824-c531-35cf-bbed-91638561b6fd,PX,2023-8-26,"Forge Global Holdings, Inc. (FRGE) Reports Q2 Loss, Tops Revenue Estimates",Zacks,https://finance.yahoo.com/news/forge-global-holdings-inc-frge-233012242.html,1691537412,STORY
f60b8ef1-ce66-3f3f-89fe-34fde87dfc01,PX,2023-8-27,"P10, Inc. (NYSE:PX) Will Pay A US$0.033 Dividend In Four Days",Simply Wall St.,https://finance.yahoo.com/news/p10-inc-nyse-px-pay-100725225.html,1692958045,STORY
01a3de39-8439-3c6b-9464-f57461607b27,PX,2023-8-27,P10 (NYSE:PX) Is Due To Pay A Dividend Of $0.0325,Simply Wall St.,https://finance.yahoo.com/news/p10-nyse-px-due-pay-100126912.html,1692007286,STORY
772ad6ba-cd2b-3801-b253-0c49d54a3527,PX,2023-8-27,Q2 2023 P10 Inc Earnings Call,Thomson Reuters StreetEvents,https://finance.yahoo.com/news/q2-2023-p10-inc-earnings-153414243.html,1691768054,STORY
eaac32d4-54bd-387b-9c8f-ae6c0cc5a8e9,PX,2023-8-27,"P10, Inc. (PX) Reports Q2 Earnings: What Key Metrics Have to Say",Zacks,https://finance.yahoo.com/news/p10-inc-px-reports-q2-223003614.html,1691706603,STORY
b33c25b6-e4c9-39db-8e80-d57b064ac02d,PX,2023-8-27,"P10, Inc. (PX) Beats Q2 Earnings and Revenue Estimates",Zacks,https://finance.yahoo.com/news/p10-inc-px-beats-q2-220512320.html,1691705112,STORY
d55831a5-557b-3ad2-b3f6-2ae577162e54,PX,2023-8-27,P10 Reports Second Quarter 2023 Results,GlobeNewswire,https://finance.yahoo.com/news/p10-reports-second-quarter-2023-201000606.html,1691698200,STORY
ea64ce3c-d1ea-3653-830d-81b5bbd7909c,PX,2023-8-27,Avantax (AVTA) Q2 Earnings and Revenues Miss Estimates,Zacks,https://finance.yahoo.com/news/avantax-avta-q2-earnings-revenues-220516339.html,1691618716,STORY
6e971824-c531-35cf-bbed-91638561b6fd,PX,2023-8-27,"Forge Global Holdings, Inc. (FRGE) Reports Q2 Loss, Tops Revenue Estimates",Zacks,https://finance.yahoo.com/news/forge-global-holdings-inc-frge-233012242.html,1691537412,STORY
ff578200-e691-36b6-8a44-ddf92e51b89b,PX,2023-8-28,P10 (NYSE:PX) Will Pay A Dividend Of $0.0325,Simply Wall St.,https://finance.yahoo.com/news/p10-nyse-px-pay-dividend-101554246.html,1693217754,STORY
f60b8ef1-ce66-3f3f-89fe-34fde87dfc01,PX,2023-8-28,"P10, Inc. (NYSE:PX) Will Pay A US$0.033 Dividend In Four Days",Simply Wall St.,https://finance.yahoo.com/news/p10-inc-nyse-px-pay-100725225.html,1692958045,STORY
01a3de39-8439-3c6b-9464-f57461607b27,PX,2023-8-28,P10 (NYSE:PX) Is Due To Pay A Dividend Of $0.0325,Simply Wall St.,https://finance.yahoo.com/news/p10-nyse-px-due-pay-100126912.html,1692007286,STORY
772ad6ba-cd2b-3801-b253-0c49d54a3527,PX,2023-8-28,Q2 2023 P10 Inc Earnings Call,Thomson Reuters StreetEvents,https://finance.yahoo.com/news/q2-2023-p10-inc-earnings-153414243.html,1691768054,STORY
eaac32d4-54bd-387b-9c8f-ae6c0cc5a8e9,PX,2023-8-28,"P10, Inc. (PX) Reports Q2 Earnings: What Key Metrics Have to Say",Zacks,https://finance.yahoo.com/news/p10-inc-px-reports-q2-223003614.html,1691706603,STORY
b33c25b6-e4c9-39db-8e80-d57b064ac02d,PX,2023-8-28,"P10, Inc. (PX) Beats Q2 Earnings and Revenue Estimates",Zacks,https://finance.yahoo.com/news/p10-inc-px-beats-q2-220512320.html,1691705112,STORY
d55831a5-557b-3ad2-b3f6-2ae577162e54,PX,2023-8-28,P10 Reports Second Quarter 2023 Results,GlobeNewswire,https://finance.yahoo.com/news/p10-reports-second-quarter-2023-201000606.html,1691698200,STORY
ea64ce3c-d1ea-3653-830d-81b5bbd7909c,PX,2023-8-28,Avantax (AVTA) Q2 Earnings and Revenues Miss Estimates,Zacks,https://finance.yahoo.com/news/avantax-avta-q2-earnings-revenues-220516339.html,1691618716,STORY
ff578200-e691-36b6-8a44-ddf92e51b89b,PX,2023-8-29,P10 (NYSE:PX) Will Pay A Dividend Of $0.0325,Simply Wall St.,https://finance.yahoo.com/news/p10-nyse-px-pay-dividend-101554246.html,1693217754,STORY
f60b8ef1-ce66-3f3f-89fe-34fde87dfc01,PX,2023-8-29,"P10, Inc. (NYSE:PX) Will Pay A US$0.033 Dividend In Four Days",Simply Wall St.,https://finance.yahoo.com/news/p10-inc-nyse-px-pay-100725225.html,1692958045,STORY
01a3de39-8439-3c6b-9464-f57461607b27,PX,2023-8-29,P10 (NYSE:PX) Is Due To Pay A Dividend Of $0.0325,Simply Wall St.,https://finance.yahoo.com/news/p10-nyse-px-due-pay-100126912.html,1692007286,STORY
772ad6ba-cd2b-3801-b253-0c49d54a3527,PX,2023-8-29,Q2 2023 P10 Inc Earnings Call,Thomson Reuters StreetEvents,https://finance.yahoo.com/news/q2-2023-p10-inc-earnings-153414243.html,1691768054,STORY
eaac32d4-54bd-387b-9c8f-ae6c0cc5a8e9,PX,2023-8-29,"P10, Inc. (PX) Reports Q2 Earnings: What Key Metrics Have to Say",Zacks,https://finance.yahoo.com/news/p10-inc-px-reports-q2-223003614.html,1691706603,STORY
b33c25b6-e4c9-39db-8e80-d57b064ac02d,PX,2023-8-29,"P10, Inc. (PX) Beats Q2 Earnings and Revenue Estimates",Zacks,https://finance.yahoo.com/news/p10-inc-px-beats-q2-220512320.html,1691705112,STORY
d55831a5-557b-3ad2-b3f6-2ae577162e54,PX,2023-8-29,P10 Reports Second Quarter 2023 Results,GlobeNewswire,https://finance.yahoo.com/news/p10-reports-second-quarter-2023-201000606.html,1691698200,STORY
ea64ce3c-d1ea-3653-830d-81b5bbd7909c,PX,2023-8-29,Avantax (AVTA) Q2 Earnings and Revenues Miss Estimates,Zacks,https://finance.yahoo.com/news/avantax-avta-q2-earnings-revenues-220516339.html,1691618716,STORY
ff578200-e691-36b6-8a44-ddf92e51b89b,PX,2023-8-30,P10 (NYSE:PX) Will Pay A Dividend Of $0.0325,Simply Wall St.,https://finance.yahoo.com/news/p10-nyse-px-pay-dividend-101554246.html,1693217754,STORY
f60b8ef1-ce66-3f3f-89fe-34fde87dfc01,PX,2023-8-30,"P10, Inc. (NYSE:PX) Will Pay A US$0.033 Dividend In Four Days",Simply Wall St.,https://finance.yahoo.com/news/p10-inc-nyse-px-pay-100725225.html,1692958045,STORY
01a3de39-8439-3c6b-9464-f57461607b27,PX,2023-8-30,P10 (NYSE:PX) Is Due To Pay A Dividend Of $0.0325,Simply Wall St.,https://finance.yahoo.com/news/p10-nyse-px-due-pay-100126912.html,1692007286,STORY
772ad6ba-cd2b-3801-b253-0c49d54a3527,PX,2023-8-30,Q2 2023 P10 Inc Earnings Call,Thomson Reuters StreetEvents,https://finance.yahoo.com/news/q2-2023-p10-inc-earnings-153414243.html,1691768054,STORY
eaac32d4-54bd-387b-9c8f-ae6c0cc5a8e9,PX,2023-8-30,"P10, Inc. (PX) Reports Q2 Earnings: What Key Metrics Have to Say",Zacks,https://finance.yahoo.com/news/p10-inc-px-reports-q2-223003614.html,1691706603,STORY
b33c25b6-e4c9-39db-8e80-d57b064ac02d,PX,2023-8-30,"P10, Inc. (PX) Beats Q2 Earnings and Revenue Estimates",Zacks,https://finance.yahoo.com/news/p10-inc-px-beats-q2-220512320.html,1691705112,STORY
d55831a5-557b-3ad2-b3f6-2ae577162e54,PX,2023-8-30,P10 Reports Second Quarter 2023 Results,GlobeNewswire,https://finance.yahoo.com/news/p10-reports-second-quarter-2023-201000606.html,1691698200,STORY
ea64ce3c-d1ea-3653-830d-81b5bbd7909c,PX,2023-8-30,Avantax (AVTA) Q2 Earnings and Revenues Miss Estimates,Zacks,https://finance.yahoo.com/news/avantax-avta-q2-earnings-revenues-220516339.html,1691618716,STORY
ff578200-e691-36b6-8a44-ddf92e51b89b,PX,2023-8-31,P10 (NYSE:PX) Will Pay A Dividend Of $0.0325,Simply Wall St.,https://finance.yahoo.com/news/p10-nyse-px-pay-dividend-101554246.html,1693217754,STORY
f60b8ef1-ce66-3f3f-89fe-34fde87dfc01,PX,2023-8-31,"P10, Inc. (NYSE:PX) Will Pay A US$0.033 Dividend In Four Days",Simply Wall St.,https://finance.yahoo.com/news/p10-inc-nyse-px-pay-100725225.html,1692958045,STORY
01a3de39-8439-3c6b-9464-f57461607b27,PX,2023-8-31,P10 (NYSE:PX) Is Due To Pay A Dividend Of $0.0325,Simply Wall St.,https://finance.yahoo.com/news/p10-nyse-px-due-pay-100126912.html,1692007286,STORY
772ad6ba-cd2b-3801-b253-0c49d54a3527,PX,2023-8-31,Q2 2023 P10 Inc Earnings Call,Thomson Reuters StreetEvents,https://finance.yahoo.com/news/q2-2023-p10-inc-earnings-153414243.html,1691768054,STORY
eaac32d4-54bd-387b-9c8f-ae6c0cc5a8e9,PX,2023-8-31,"P10, Inc. (PX) Reports Q2 Earnings: What Key Metrics Have to Say",Zacks,https://finance.yahoo.com/news/p10-inc-px-reports-q2-223003614.html,1691706603,STORY
b33c25b6-e4c9-39db-8e80-d57b064ac02d,PX,2023-8-31,"P10, Inc. (PX) Beats Q2 Earnings and Revenue Estimates",Zacks,https://finance.yahoo.com/news/p10-inc-px-beats-q2-220512320.html,1691705112,STORY
d55831a5-557b-3ad2-b3f6-2ae577162e54,PX,2023-8-31,P10 Reports Second Quarter 2023 Results,GlobeNewswire,https://finance.yahoo.com/news/p10-reports-second-quarter-2023-201000606.html,1691698200,STORY
ea64ce3c-d1ea-3653-830d-81b5bbd7909c,PX,2023-8-31,Avantax (AVTA) Q2 Earnings and Revenues Miss Estimates,Zacks,https://finance.yahoo.com/news/avantax-avta-q2-earnings-revenues-220516339.html,1691618716,STORY
ff578200-e691-36b6-8a44-ddf92e51b89b,PX,2023-9-1,P10 (NYSE:PX) Will Pay A Dividend Of $0.0325,Simply Wall St.,https://finance.yahoo.com/news/p10-nyse-px-pay-dividend-101554246.html,1693217754,STORY
f60b8ef1-ce66-3f3f-89fe-34fde87dfc01,PX,2023-9-1,"P10, Inc. (NYSE:PX) Will Pay A US$0.033 Dividend In Four Days",Simply Wall St.,https://finance.yahoo.com/news/p10-inc-nyse-px-pay-100725225.html,1692958045,STORY
01a3de39-8439-3c6b-9464-f57461607b27,PX,2023-9-1,P10 (NYSE:PX) Is Due To Pay A Dividend Of $0.0325,Simply Wall St.,https://finance.yahoo.com/news/p10-nyse-px-due-pay-100126912.html,1692007286,STORY
772ad6ba-cd2b-3801-b253-0c49d54a3527,PX,2023-9-1,Q2 2023 P10 Inc Earnings Call,Thomson Reuters StreetEvents,https://finance.yahoo.com/news/q2-2023-p10-inc-earnings-153414243.html,1691768054,STORY
eaac32d4-54bd-387b-9c8f-ae6c0cc5a8e9,PX,2023-9-1,"P10, Inc. (PX) Reports Q2 Earnings: What Key Metrics Have to Say",Zacks,https://finance.yahoo.com/news/p10-inc-px-reports-q2-223003614.html,1691706603,STORY
b33c25b6-e4c9-39db-8e80-d57b064ac02d,PX,2023-9-1,"P10, Inc. (PX) Beats Q2 Earnings and Revenue Estimates",Zacks,https://finance.yahoo.com/news/p10-inc-px-beats-q2-220512320.html,1691705112,STORY
d55831a5-557b-3ad2-b3f6-2ae577162e54,PX,2023-9-1,P10 Reports Second Quarter 2023 Results,GlobeNewswire,https://finance.yahoo.com/news/p10-reports-second-quarter-2023-201000606.html,1691698200,STORY
ea64ce3c-d1ea-3653-830d-81b5bbd7909c,PX,2023-9-1,Avantax (AVTA) Q2 Earnings and Revenues Miss Estimates,Zacks,https://finance.yahoo.com/news/avantax-avta-q2-earnings-revenues-220516339.html,1691618716,STORY
ff578200-e691-36b6-8a44-ddf92e51b89b,PX,2023-9-2,P10 (NYSE:PX) Will Pay A Dividend Of $0.0325,Simply Wall St.,https://finance.yahoo.com/news/p10-nyse-px-pay-dividend-101554246.html,1693217754,STORY
f60b8ef1-ce66-3f3f-89fe-34fde87dfc01,PX,2023-9-2,"P10, Inc. (NYSE:PX) Will Pay A US$0.033 Dividend In Four Days",Simply Wall St.,https://finance.yahoo.com/news/p10-inc-nyse-px-pay-100725225.html,1692958045,STORY
01a3de39-8439-3c6b-9464-f57461607b27,PX,2023-9-2,P10 (NYSE:PX) Is Due To Pay A Dividend Of $0.0325,Simply Wall St.,https://finance.yahoo.com/news/p10-nyse-px-due-pay-100126912.html,1692007286,STORY
772ad6ba-cd2b-3801-b253-0c49d54a3527,PX,2023-9-2,Q2 2023 P10 Inc Earnings Call,Thomson Reuters StreetEvents,https://finance.yahoo.com/news/q2-2023-p10-inc-earnings-153414243.html,1691768054,STORY
eaac32d4-54bd-387b-9c8f-ae6c0cc5a8e9,PX,2023-9-2,"P10, Inc. (PX) Reports Q2 Earnings: What Key Metrics Have to Say",Zacks,https://finance.yahoo.com/news/p10-inc-px-reports-q2-223003614.html,1691706603,STORY
b33c25b6-e4c9-39db-8e80-d57b064ac02d,PX,2023-9-2,"P10, Inc. (PX) Beats Q2 Earnings and Revenue Estimates",Zacks,https://finance.yahoo.com/news/p10-inc-px-beats-q2-220512320.html,1691705112,STORY
d55831a5-557b-3ad2-b3f6-2ae577162e54,PX,2023-9-2,P10 Reports Second Quarter 2023 Results,GlobeNewswire,https://finance.yahoo.com/news/p10-reports-second-quarter-2023-201000606.html,1691698200,STORY
ea64ce3c-d1ea-3653-830d-81b5bbd7909c,PX,2023-9-2,Avantax (AVTA) Q2 Earnings and Revenues Miss Estimates,Zacks,https://finance.yahoo.com/news/avantax-avta-q2-earnings-revenues-220516339.html,1691618716,STORY
ff578200-e691-36b6-8a44-ddf92e51b89b,PX,2023-9-3,P10 (NYSE:PX) Will Pay A Dividend Of $0.0325,Simply Wall St.,https://finance.yahoo.com/news/p10-nyse-px-pay-dividend-101554246.html,1693217754,STORY
f60b8ef1-ce66-3f3f-89fe-34fde87dfc01,PX,2023-9-3,"P10, Inc. (NYSE:PX) Will Pay A US$0.033 Dividend In Four Days",Simply Wall St.,https://finance.yahoo.com/news/p10-inc-nyse-px-pay-100725225.html,1692958045,STORY
01a3de39-8439-3c6b-9464-f57461607b27,PX,2023-9-3,P10 (NYSE:PX) Is Due To Pay A Dividend Of $0.0325,Simply Wall St.,https://finance.yahoo.com/news/p10-nyse-px-due-pay-100126912.html,1692007286,STORY
772ad6ba-cd2b-3801-b253-0c49d54a3527,PX,2023-9-3,Q2 2023 P10 Inc Earnings Call,Thomson Reuters StreetEvents,https://finance.yahoo.com/news/q2-2023-p10-inc-earnings-153414243.html,1691768054,STORY
eaac32d4-54bd-387b-9c8f-ae6c0cc5a8e9,PX,2023-9-3,"P10, Inc. (PX) Reports Q2 Earnings: What Key Metrics Have to Say",Zacks,https://finance.yahoo.com/news/p10-inc-px-reports-q2-223003614.html,1691706603,STORY
b33c25b6-e4c9-39db-8e80-d57b064ac02d,PX,2023-9-3,"P10, Inc. (PX) Beats Q2 Earnings and Revenue Estimates",Zacks,https://finance.yahoo.com/news/p10-inc-px-beats-q2-220512320.html,1691705112,STORY
d55831a5-557b-3ad2-b3f6-2ae577162e54,PX,2023-9-3,P10 Reports Second Quarter 2023 Results,GlobeNewswire,https://finance.yahoo.com/news/p10-reports-second-quarter-2023-201000606.html,1691698200,STORY
ea64ce3c-d1ea-3653-830d-81b5bbd7909c,PX,2023-9-3,Avantax (AVTA) Q2 Earnings and Revenues Miss Estimates,Zacks,https://finance.yahoo.com/news/avantax-avta-q2-earnings-revenues-220516339.html,1691618716,STORY
ff578200-e691-36b6-8a44-ddf92e51b89b,PX,2023-9-4,P10 (NYSE:PX) Will Pay A Dividend Of $0.0325,Simply Wall St.,https://finance.yahoo.com/news/p10-nyse-px-pay-dividend-101554246.html,1693217754,STORY
f60b8ef1-ce66-3f3f-89fe-34fde87dfc01,PX,2023-9-4,"P10, Inc. (NYSE:PX) Will Pay A US$0.033 Dividend In Four Days",Simply Wall St.,https://finance.yahoo.com/news/p10-inc-nyse-px-pay-100725225.html,1692958045,STORY
01a3de39-8439-3c6b-9464-f57461607b27,PX,2023-9-4,P10 (NYSE:PX) Is Due To Pay A Dividend Of $0.0325,Simply Wall St.,https://finance.yahoo.com/news/p10-nyse-px-due-pay-100126912.html,1692007286,STORY
772ad6ba-cd2b-3801-b253-0c49d54a3527,PX,2023-9-4,Q2 2023 P10 Inc Earnings Call,Thomson Reuters StreetEvents,https://finance.yahoo.com/news/q2-2023-p10-inc-earnings-153414243.html,1691768054,STORY
eaac32d4-54bd-387b-9c8f-ae6c0cc5a8e9,PX,2023-9-4,"P10, Inc. (PX) Reports Q2 Earnings: What Key Metrics Have to Say",Zacks,https://finance.yahoo.com/news/p10-inc-px-reports-q2-223003614.html,1691706603,STORY
b33c25b6-e4c9-39db-8e80-d57b064ac02d,PX,2023-9-4,"P10, Inc. (PX) Beats Q2 Earnings and Revenue Estimates",Zacks,https://finance.yahoo.com/news/p10-inc-px-beats-q2-220512320.html,1691705112,STORY
d55831a5-557b-3ad2-b3f6-2ae577162e54,PX,2023-9-4,P10 Reports Second Quarter 2023 Results,GlobeNewswire,https://finance.yahoo.com/news/p10-reports-second-quarter-2023-201000606.html,1691698200,STORY
ea64ce3c-d1ea-3653-830d-81b5bbd7909c,PX,2023-9-4,Avantax (AVTA) Q2 Earnings and Revenues Miss Estimates,Zacks,https://finance.yahoo.com/news/avantax-avta-q2-earnings-revenues-220516339.html,1691618716,STORY
ff578200-e691-36b6-8a44-ddf92e51b89b,PX,2023-9-5,P10 (NYSE:PX) Will Pay A Dividend Of $0.0325,Simply Wall St.,https://finance.yahoo.com/news/p10-nyse-px-pay-dividend-101554246.html,1693217754,STORY
f60b8ef1-ce66-3f3f-89fe-34fde87dfc01,PX,2023-9-5,"P10, Inc. (NYSE:PX) Will Pay A US$0.033 Dividend In Four Days",Simply Wall St.,https://finance.yahoo.com/news/p10-inc-nyse-px-pay-100725225.html,1692958045,STORY
01a3de39-8439-3c6b-9464-f57461607b27,PX,2023-9-5,P10 (NYSE:PX) Is Due To Pay A Dividend Of $0.0325,Simply Wall St.,https://finance.yahoo.com/news/p10-nyse-px-due-pay-100126912.html,1692007286,STORY
772ad6ba-cd2b-3801-b253-0c49d54a3527,PX,2023-9-5,Q2 2023 P10 Inc Earnings Call,Thomson Reuters StreetEvents,https://finance.yahoo.com/news/q2-2023-p10-inc-earnings-153414243.html,1691768054,STORY
eaac32d4-54bd-387b-9c8f-ae6c0cc5a8e9,PX,2023-9-5,"P10, Inc. (PX) Reports Q2 Earnings: What Key Metrics Have to Say",Zacks,https://finance.yahoo.com/news/p10-inc-px-reports-q2-223003614.html,1691706603,STORY
b33c25b6-e4c9-39db-8e80-d57b064ac02d,PX,2023-9-5,"P10, Inc. (PX) Beats Q2 Earnings and Revenue Estimates",Zacks,https://finance.yahoo.com/news/p10-inc-px-beats-q2-220512320.html,1691705112,STORY
d55831a5-557b-3ad2-b3f6-2ae577162e54,PX,2023-9-5,P10 Reports Second Quarter 2023 Results,GlobeNewswire,https://finance.yahoo.com/news/p10-reports-second-quarter-2023-201000606.html,1691698200,STORY
ea64ce3c-d1ea-3653-830d-81b5bbd7909c,PX,2023-9-5,Avantax (AVTA) Q2 Earnings and Revenues Miss Estimates,Zacks,https://finance.yahoo.com/news/avantax-avta-q2-earnings-revenues-220516339.html,1691618716,STORY
ff578200-e691-36b6-8a44-ddf92e51b89b,PX,2023-9-6,P10 (NYSE:PX) Will Pay A Dividend Of $0.0325,Simply Wall St.,https://finance.yahoo.com/news/p10-nyse-px-pay-dividend-101554246.html,1693217754,STORY
f60b8ef1-ce66-3f3f-89fe-34fde87dfc01,PX,2023-9-6,"P10, Inc. (NYSE:PX) Will Pay A US$0.033 Dividend In Four Days",Simply Wall St.,https://finance.yahoo.com/news/p10-inc-nyse-px-pay-100725225.html,1692958045,STORY
01a3de39-8439-3c6b-9464-f57461607b27,PX,2023-9-6,P10 (NYSE:PX) Is Due To Pay A Dividend Of $0.0325,Simply Wall St.,https://finance.yahoo.com/news/p10-nyse-px-due-pay-100126912.html,1692007286,STORY
772ad6ba-cd2b-3801-b253-0c49d54a3527,PX,2023-9-6,Q2 2023 P10 Inc Earnings Call,Thomson Reuters StreetEvents,https://finance.yahoo.com/news/q2-2023-p10-inc-earnings-153414243.html,1691768054,STORY
eaac32d4-54bd-387b-9c8f-ae6c0cc5a8e9,PX,2023-9-6,"P10, Inc. (PX) Reports Q2 Earnings: What Key Metrics Have to Say",Zacks,https://finance.yahoo.com/news/p10-inc-px-reports-q2-223003614.html,1691706603,STORY
b33c25b6-e4c9-39db-8e80-d57b064ac02d,PX,2023-9-6,"P10, Inc. (PX) Beats Q2 Earnings and Revenue Estimates",Zacks,https://finance.yahoo.com/news/p10-inc-px-beats-q2-220512320.html,1691705112,STORY
d55831a5-557b-3ad2-b3f6-2ae577162e54,PX,2023-9-6,P10 Reports Second Quarter 2023 Results,GlobeNewswire,https://finance.yahoo.com/news/p10-reports-second-quarter-2023-201000606.html,1691698200,STORY
ea64ce3c-d1ea-3653-830d-81b5bbd7909c,PX,2023-9-6,Avantax (AVTA) Q2 Earnings and Revenues Miss Estimates,Zacks,https://finance.yahoo.com/news/avantax-avta-q2-earnings-revenues-220516339.html,1691618716,STORY
ff578200-e691-36b6-8a44-ddf92e51b89b,PX,2023-9-7,P10 (NYSE:PX) Will Pay A Dividend Of $0.0325,Simply Wall St.,https://finance.yahoo.com/news/p10-nyse-px-pay-dividend-101554246.html,1693217754,STORY
f60b8ef1-ce66-3f3f-89fe-34fde87dfc01,PX,2023-9-7,"P10, Inc. (NYSE:PX) Will Pay A US$0.033 Dividend In Four Days",Simply Wall St.,https://finance.yahoo.com/news/p10-inc-nyse-px-pay-100725225.html,1692958045,STORY
01a3de39-8439-3c6b-9464-f57461607b27,PX,2023-9-7,P10 (NYSE:PX) Is Due To Pay A Dividend Of $0.0325,Simply Wall St.,https://finance.yahoo.com/news/p10-nyse-px-due-pay-100126912.html,1692007286,STORY
772ad6ba-cd2b-3801-b253-0c49d54a3527,PX,2023-9-7,Q2 2023 P10 Inc Earnings Call,Thomson Reuters StreetEvents,https://finance.yahoo.com/news/q2-2023-p10-inc-earnings-153414243.html,1691768054,STORY
eaac32d4-54bd-387b-9c8f-ae6c0cc5a8e9,PX,2023-9-7,"P10, Inc. (PX) Reports Q2 Earnings: What Key Metrics Have to Say",Zacks,https://finance.yahoo.com/news/p10-inc-px-reports-q2-223003614.html,1691706603,STORY
b33c25b6-e4c9-39db-8e80-d57b064ac02d,PX,2023-9-7,"P10, Inc. (PX) Beats Q2 Earnings and Revenue Estimates",Zacks,https://finance.yahoo.com/news/p10-inc-px-beats-q2-220512320.html,1691705112,STORY
d55831a5-557b-3ad2-b3f6-2ae577162e54,PX,2023-9-7,P10 Reports Second Quarter 2023 Results,GlobeNewswire,https://finance.yahoo.com/news/p10-reports-second-quarter-2023-201000606.html,1691698200,STORY
ea64ce3c-d1ea-3653-830d-81b5bbd7909c,PX,2023-9-7,Avantax (AVTA) Q2 Earnings and Revenues Miss Estimates,Zacks,https://finance.yahoo.com/news/avantax-avta-q2-earnings-revenues-220516339.html,1691618716,STORY
ff578200-e691-36b6-8a44-ddf92e51b89b,PX,2023-9-8,P10 (NYSE:PX) Will Pay A Dividend Of $0.0325,Simply Wall St.,https://finance.yahoo.com/news/p10-nyse-px-pay-dividend-101554246.html,1693217754,STORY
f60b8ef1-ce66-3f3f-89fe-34fde87dfc01,PX,2023-9-8,"P10, Inc. (NYSE:PX) Will Pay A US$0.033 Dividend In Four Days",Simply Wall St.,https://finance.yahoo.com/news/p10-inc-nyse-px-pay-100725225.html,1692958045,STORY
01a3de39-8439-3c6b-9464-f57461607b27,PX,2023-9-8,P10 (NYSE:PX) Is Due To Pay A Dividend Of $0.0325,Simply Wall St.,https://finance.yahoo.com/news/p10-nyse-px-due-pay-100126912.html,1692007286,STORY
772ad6ba-cd2b-3801-b253-0c49d54a3527,PX,2023-9-8,Q2 2023 P10 Inc Earnings Call,Thomson Reuters StreetEvents,https://finance.yahoo.com/news/q2-2023-p10-inc-earnings-153414243.html,1691768054,STORY
eaac32d4-54bd-387b-9c8f-ae6c0cc5a8e9,PX,2023-9-8,"P10, Inc. (PX) Reports Q2 Earnings: What Key Metrics Have to Say",Zacks,https://finance.yahoo.com/news/p10-inc-px-reports-q2-223003614.html,1691706603,STORY
b33c25b6-e4c9-39db-8e80-d57b064ac02d,PX,2023-9-8,"P10, Inc. (PX) Beats Q2 Earnings and Revenue Estimates",Zacks,https://finance.yahoo.com/news/p10-inc-px-beats-q2-220512320.html,1691705112,STORY
d55831a5-557b-3ad2-b3f6-2ae577162e54,PX,2023-9-8,P10 Reports Second Quarter 2023 Results,GlobeNewswire,https://finance.yahoo.com/news/p10-reports-second-quarter-2023-201000606.html,1691698200,STORY
ea64ce3c-d1ea-3653-830d-81b5bbd7909c,PX,2023-9-8,Avantax (AVTA) Q2 Earnings and Revenues Miss Estimates,Zacks,https://finance.yahoo.com/news/avantax-avta-q2-earnings-revenues-220516339.html,1691618716,STORY
ff578200-e691-36b6-8a44-ddf92e51b89b,PX,2023-9-9,P10 (NYSE:PX) Will Pay A Dividend Of $0.0325,Simply Wall St.,https://finance.yahoo.com/news/p10-nyse-px-pay-dividend-101554246.html,1693217754,STORY
f60b8ef1-ce66-3f3f-89fe-34fde87dfc01,PX,2023-9-9,"P10, Inc. (NYSE:PX) Will Pay A US$0.033 Dividend In Four Days",Simply Wall St.,https://finance.yahoo.com/news/p10-inc-nyse-px-pay-100725225.html,1692958045,STORY
01a3de39-8439-3c6b-9464-f57461607b27,PX,2023-9-9,P10 (NYSE:PX) Is Due To Pay A Dividend Of $0.0325,Simply Wall St.,https://finance.yahoo.com/news/p10-nyse-px-due-pay-100126912.html,1692007286,STORY
772ad6ba-cd2b-3801-b253-0c49d54a3527,PX,2023-9-9,Q2 2023 P10 Inc Earnings Call,Thomson Reuters StreetEvents,https://finance.yahoo.com/news/q2-2023-p10-inc-earnings-153414243.html,1691768054,STORY
eaac32d4-54bd-387b-9c8f-ae6c0cc5a8e9,PX,2023-9-9,"P10, Inc. (PX) Reports Q2 Earnings: What Key Metrics Have to Say",Zacks,https://finance.yahoo.com/news/p10-inc-px-reports-q2-223003614.html,1691706603,STORY
b33c25b6-e4c9-39db-8e80-d57b064ac02d,PX,2023-9-9,"P10, Inc. (PX) Beats Q2 Earnings and Revenue Estimates",Zacks,https://finance.yahoo.com/news/p10-inc-px-beats-q2-220512320.html,1691705112,STORY
d55831a5-557b-3ad2-b3f6-2ae577162e54,PX,2023-9-9,P10 Reports Second Quarter 2023 Results,GlobeNewswire,https://finance.yahoo.com/news/p10-reports-second-quarter-2023-201000606.html,1691698200,STORY
ea64ce3c-d1ea-3653-830d-81b5bbd7909c,PX,2023-9-9,Avantax (AVTA) Q2 Earnings and Revenues Miss Estimates,Zacks,https://finance.yahoo.com/news/avantax-avta-q2-earnings-revenues-220516339.html,1691618716,STORY
ff578200-e691-36b6-8a44-ddf92e51b89b,PX,2023-9-10,P10 (NYSE:PX) Will Pay A Dividend Of $0.0325,Simply Wall St.,https://finance.yahoo.com/news/p10-nyse-px-pay-dividend-101554246.html,1693217754,STORY
f60b8ef1-ce66-3f3f-89fe-34fde87dfc01,PX,2023-9-10,"P10, Inc. (NYSE:PX) Will Pay A US$0.033 Dividend In Four Days",Simply Wall St.,https://finance.yahoo.com/news/p10-inc-nyse-px-pay-100725225.html,1692958045,STORY
01a3de39-8439-3c6b-9464-f57461607b27,PX,2023-9-10,P10 (NYSE:PX) Is Due To Pay A Dividend Of $0.0325,Simply Wall St.,https://finance.yahoo.com/news/p10-nyse-px-due-pay-100126912.html,1692007286,STORY
772ad6ba-cd2b-3801-b253-0c49d54a3527,PX,2023-9-10,Q2 2023 P10 Inc Earnings Call,Thomson Reuters StreetEvents,https://finance.yahoo.com/news/q2-2023-p10-inc-earnings-153414243.html,1691768054,STORY
eaac32d4-54bd-387b-9c8f-ae6c0cc5a8e9,PX,2023-9-10,"P10, Inc. (PX) Reports Q2 Earnings: What Key Metrics Have to Say",Zacks,https://finance.yahoo.com/news/p10-inc-px-reports-q2-223003614.html,1691706603,STORY
b33c25b6-e4c9-39db-8e80-d57b064ac02d,PX,2023-9-10,"P10, Inc. (PX) Beats Q2 Earnings and Revenue Estimates",Zacks,https://finance.yahoo.com/news/p10-inc-px-beats-q2-220512320.html,1691705112,STORY
d55831a5-557b-3ad2-b3f6-2ae577162e54,PX,2023-9-10,P10 Reports Second Quarter 2023 Results,GlobeNewswire,https://finance.yahoo.com/news/p10-reports-second-quarter-2023-201000606.html,1691698200,STORY
ea64ce3c-d1ea-3653-830d-81b5bbd7909c,PX,2023-9-10,Avantax (AVTA) Q2 Earnings and Revenues Miss Estimates,Zacks,https://finance.yahoo.com/news/avantax-avta-q2-earnings-revenues-220516339.html,1691618716,STORY
ff578200-e691-36b6-8a44-ddf92e51b89b,PX,2023-9-11,P10 (NYSE:PX) Will Pay A Dividend Of $0.0325,Simply Wall St.,https://finance.yahoo.com/news/p10-nyse-px-pay-dividend-101554246.html,1693217754,STORY
f60b8ef1-ce66-3f3f-89fe-34fde87dfc01,PX,2023-9-11,"P10, Inc. (NYSE:PX) Will Pay A US$0.033 Dividend In Four Days",Simply Wall St.,https://finance.yahoo.com/news/p10-inc-nyse-px-pay-100725225.html,1692958045,STORY
01a3de39-8439-3c6b-9464-f57461607b27,PX,2023-9-11,P10 (NYSE:PX) Is Due To Pay A Dividend Of $0.0325,Simply Wall St.,https://finance.yahoo.com/news/p10-nyse-px-due-pay-100126912.html,1692007286,STORY
772ad6ba-cd2b-3801-b253-0c49d54a3527,PX,2023-9-11,Q2 2023 P10 Inc Earnings Call,Thomson Reuters StreetEvents,https://finance.yahoo.com/news/q2-2023-p10-inc-earnings-153414243.html,1691768054,STORY
eaac32d4-54bd-387b-9c8f-ae6c0cc5a8e9,PX,2023-9-11,"P10, Inc. (PX) Reports Q2 Earnings: What Key Metrics Have to Say",Zacks,https://finance.yahoo.com/news/p10-inc-px-reports-q2-223003614.html,1691706603,STORY
b33c25b6-e4c9-39db-8e80-d57b064ac02d,PX,2023-9-11,"P10, Inc. (PX) Beats Q2 Earnings and Revenue Estimates",Zacks,https://finance.yahoo.com/news/p10-inc-px-beats-q2-220512320.html,1691705112,STORY
d55831a5-557b-3ad2-b3f6-2ae577162e54,PX,2023-9-11,P10 Reports Second Quarter 2023 Results,GlobeNewswire,https://finance.yahoo.com/news/p10-reports-second-quarter-2023-201000606.html,1691698200,STORY
ea64ce3c-d1ea-3653-830d-81b5bbd7909c,PX,2023-9-11,Avantax (AVTA) Q2 Earnings and Revenues Miss Estimates,Zacks,https://finance.yahoo.com/news/avantax-avta-q2-earnings-revenues-220516339.html,1691618716,STORY
ff578200-e691-36b6-8a44-ddf92e51b89b,PX,2023-9-12,P10 (NYSE:PX) Will Pay A Dividend Of $0.0325,Simply Wall St.,https://finance.yahoo.com/news/p10-nyse-px-pay-dividend-101554246.html,1693217754,STORY
f60b8ef1-ce66-3f3f-89fe-34fde87dfc01,PX,2023-9-12,"P10, Inc. (NYSE:PX) Will Pay A US$0.033 Dividend In Four Days",Simply Wall St.,https://finance.yahoo.com/news/p10-inc-nyse-px-pay-100725225.html,1692958045,STORY
01a3de39-8439-3c6b-9464-f57461607b27,PX,2023-9-12,P10 (NYSE:PX) Is Due To Pay A Dividend Of $0.0325,Simply Wall St.,https://finance.yahoo.com/news/p10-nyse-px-due-pay-100126912.html,1692007286,STORY
772ad6ba-cd2b-3801-b253-0c49d54a3527,PX,2023-9-12,Q2 2023 P10 Inc Earnings Call,Thomson Reuters StreetEvents,https://finance.yahoo.com/news/q2-2023-p10-inc-earnings-153414243.html,1691768054,STORY
eaac32d4-54bd-387b-9c8f-ae6c0cc5a8e9,PX,2023-9-12,"P10, Inc. (PX) Reports Q2 Earnings: What Key Metrics Have to Say",Zacks,https://finance.yahoo.com/news/p10-inc-px-reports-q2-223003614.html,1691706603,STORY
b33c25b6-e4c9-39db-8e80-d57b064ac02d,PX,2023-9-12,"P10, Inc. (PX) Beats Q2 Earnings and Revenue Estimates",Zacks,https://finance.yahoo.com/news/p10-inc-px-beats-q2-220512320.html,1691705112,STORY
d55831a5-557b-3ad2-b3f6-2ae577162e54,PX,2023-9-12,P10 Reports Second Quarter 2023 Results,GlobeNewswire,https://finance.yahoo.com/news/p10-reports-second-quarter-2023-201000606.html,1691698200,STORY
ea64ce3c-d1ea-3653-830d-81b5bbd7909c,PX,2023-9-12,Avantax (AVTA) Q2 Earnings and Revenues Miss Estimates,Zacks,https://finance.yahoo.com/news/avantax-avta-q2-earnings-revenues-220516339.html,1691618716,STORY
ff578200-e691-36b6-8a44-ddf92e51b89b,PX,2023-9-13,P10 (NYSE:PX) Will Pay A Dividend Of $0.0325,Simply Wall St.,https://finance.yahoo.com/news/p10-nyse-px-pay-dividend-101554246.html,1693217754,STORY
f60b8ef1-ce66-3f3f-89fe-34fde87dfc01,PX,2023-9-13,"P10, Inc. (NYSE:PX) Will Pay A US$0.033 Dividend In Four Days",Simply Wall St.,https://finance.yahoo.com/news/p10-inc-nyse-px-pay-100725225.html,1692958045,STORY
01a3de39-8439-3c6b-9464-f57461607b27,PX,2023-9-13,P10 (NYSE:PX) Is Due To Pay A Dividend Of $0.0325,Simply Wall St.,https://finance.yahoo.com/news/p10-nyse-px-due-pay-100126912.html,1692007286,STORY
772ad6ba-cd2b-3801-b253-0c49d54a3527,PX,2023-9-13,Q2 2023 P10 Inc Earnings Call,Thomson Reuters StreetEvents,https://finance.yahoo.com/news/q2-2023-p10-inc-earnings-153414243.html,1691768054,STORY
eaac32d4-54bd-387b-9c8f-ae6c0cc5a8e9,PX,2023-9-13,"P10, Inc. (PX) Reports Q2 Earnings: What Key Metrics Have to Say",Zacks,https://finance.yahoo.com/news/p10-inc-px-reports-q2-223003614.html,1691706603,STORY
b33c25b6-e4c9-39db-8e80-d57b064ac02d,PX,2023-9-13,"P10, Inc. (PX) Beats Q2 Earnings and Revenue Estimates",Zacks,https://finance.yahoo.com/news/p10-inc-px-beats-q2-220512320.html,1691705112,STORY
d55831a5-557b-3ad2-b3f6-2ae577162e54,PX,2023-9-13,P10 Reports Second Quarter 2023 Results,GlobeNewswire,https://finance.yahoo.com/news/p10-reports-second-quarter-2023-201000606.html,1691698200,STORY
ea64ce3c-d1ea-3653-830d-81b5bbd7909c,PX,2023-9-13,Avantax (AVTA) Q2 Earnings and Revenues Miss Estimates,Zacks,https://finance.yahoo.com/news/avantax-avta-q2-earnings-revenues-220516339.html,1691618716,STORY
ff578200-e691-36b6-8a44-ddf92e51b89b,PX,2023-9-14,P10 (NYSE:PX) Will Pay A Dividend Of $0.0325,Simply Wall St.,https://finance.yahoo.com/news/p10-nyse-px-pay-dividend-101554246.html,1693217754,STORY
f60b8ef1-ce66-3f3f-89fe-34fde87dfc01,PX,2023-9-14,"P10, Inc. (NYSE:PX) Will Pay A US$0.033 Dividend In Four Days",Simply Wall St.,https://finance.yahoo.com/news/p10-inc-nyse-px-pay-100725225.html,1692958045,STORY
01a3de39-8439-3c6b-9464-f57461607b27,PX,2023-9-14,P10 (NYSE:PX) Is Due To Pay A Dividend Of $0.0325,Simply Wall St.,https://finance.yahoo.com/news/p10-nyse-px-due-pay-100126912.html,1692007286,STORY
772ad6ba-cd2b-3801-b253-0c49d54a3527,PX,2023-9-14,Q2 2023 P10 Inc Earnings Call,Thomson Reuters StreetEvents,https://finance.yahoo.com/news/q2-2023-p10-inc-earnings-153414243.html,1691768054,STORY
eaac32d4-54bd-387b-9c8f-ae6c0cc5a8e9,PX,2023-9-14,"P10, Inc. (PX) Reports Q2 Earnings: What Key Metrics Have to Say",Zacks,https://finance.yahoo.com/news/p10-inc-px-reports-q2-223003614.html,1691706603,STORY
b33c25b6-e4c9-39db-8e80-d57b064ac02d,PX,2023-9-14,"P10, Inc. (PX) Beats Q2 Earnings and Revenue Estimates",Zacks,https://finance.yahoo.com/news/p10-inc-px-beats-q2-220512320.html,1691705112,STORY
d55831a5-557b-3ad2-b3f6-2ae577162e54,PX,2023-9-14,P10 Reports Second Quarter 2023 Results,GlobeNewswire,https://finance.yahoo.com/news/p10-reports-second-quarter-2023-201000606.html,1691698200,STORY
ea64ce3c-d1ea-3653-830d-81b5bbd7909c,PX,2023-9-14,Avantax (AVTA) Q2 Earnings and Revenues Miss Estimates,Zacks,https://finance.yahoo.com/news/avantax-avta-q2-earnings-revenues-220516339.html,1691618716,STORY
ff578200-e691-36b6-8a44-ddf92e51b89b,PX,2023-9-15,P10 (NYSE:PX) Will Pay A Dividend Of $0.0325,Simply Wall St.,https://finance.yahoo.com/news/p10-nyse-px-pay-dividend-101554246.html,1693217754,STORY
f60b8ef1-ce66-3f3f-89fe-34fde87dfc01,PX,2023-9-15,"P10, Inc. (NYSE:PX) Will Pay A US$0.033 Dividend In Four Days",Simply Wall St.,https://finance.yahoo.com/news/p10-inc-nyse-px-pay-100725225.html,1692958045,STORY
01a3de39-8439-3c6b-9464-f57461607b27,PX,2023-9-15,P10 (NYSE:PX) Is Due To Pay A Dividend Of $0.0325,Simply Wall St.,https://finance.yahoo.com/news/p10-nyse-px-due-pay-100126912.html,1692007286,STORY
772ad6ba-cd2b-3801-b253-0c49d54a3527,PX,2023-9-15,Q2 2023 P10 Inc Earnings Call,Thomson Reuters StreetEvents,https://finance.yahoo.com/news/q2-2023-p10-inc-earnings-153414243.html,1691768054,STORY
eaac32d4-54bd-387b-9c8f-ae6c0cc5a8e9,PX,2023-9-15,"P10, Inc. (PX) Reports Q2 Earnings: What Key Metrics Have to Say",Zacks,https://finance.yahoo.com/news/p10-inc-px-reports-q2-223003614.html,1691706603,STORY
b33c25b6-e4c9-39db-8e80-d57b064ac02d,PX,2023-9-15,"P10, Inc. (PX) Beats Q2 Earnings and Revenue Estimates",Zacks,https://finance.yahoo.com/news/p10-inc-px-beats-q2-220512320.html,1691705112,STORY
d55831a5-557b-3ad2-b3f6-2ae577162e54,PX,2023-9-15,P10 Reports Second Quarter 2023 Results,GlobeNewswire,https://finance.yahoo.com/news/p10-reports-second-quarter-2023-201000606.html,1691698200,STORY
ea64ce3c-d1ea-3653-830d-81b5bbd7909c,PX,2023-9-15,Avantax (AVTA) Q2 Earnings and Revenues Miss Estimates,Zacks,https://finance.yahoo.com/news/avantax-avta-q2-earnings-revenues-220516339.html,1691618716,STORY
ff578200-e691-36b6-8a44-ddf92e51b89b,PX,2023-9-16,P10 (NYSE:PX) Will Pay A Dividend Of $0.0325,Simply Wall St.,https://finance.yahoo.com/news/p10-nyse-px-pay-dividend-101554246.html,1693217754,STORY
f60b8ef1-ce66-3f3f-89fe-34fde87dfc01,PX,2023-9-16,"P10, Inc. (NYSE:PX) Will Pay A US$0.033 Dividend In Four Days",Simply Wall St.,https://finance.yahoo.com/news/p10-inc-nyse-px-pay-100725225.html,1692958045,STORY
01a3de39-8439-3c6b-9464-f57461607b27,PX,2023-9-16,P10 (NYSE:PX) Is Due To Pay A Dividend Of $0.0325,Simply Wall St.,https://finance.yahoo.com/news/p10-nyse-px-due-pay-100126912.html,1692007286,STORY
772ad6ba-cd2b-3801-b253-0c49d54a3527,PX,2023-9-16,Q2 2023 P10 Inc Earnings Call,Thomson Reuters StreetEvents,https://finance.yahoo.com/news/q2-2023-p10-inc-earnings-153414243.html,1691768054,STORY
eaac32d4-54bd-387b-9c8f-ae6c0cc5a8e9,PX,2023-9-16,"P10, Inc. (PX) Reports Q2 Earnings: What Key Metrics Have to Say",Zacks,https://finance.yahoo.com/news/p10-inc-px-reports-q2-223003614.html,1691706603,STORY
b33c25b6-e4c9-39db-8e80-d57b064ac02d,PX,2023-9-16,"P10, Inc. (PX) Beats Q2 Earnings and Revenue Estimates",Zacks,https://finance.yahoo.com/news/p10-inc-px-beats-q2-220512320.html,1691705112,STORY
d55831a5-557b-3ad2-b3f6-2ae577162e54,PX,2023-9-16,P10 Reports Second Quarter 2023 Results,GlobeNewswire,https://finance.yahoo.com/news/p10-reports-second-quarter-2023-201000606.html,1691698200,STORY
ea64ce3c-d1ea-3653-830d-81b5bbd7909c,PX,2023-9-16,Avantax (AVTA) Q2 Earnings and Revenues Miss Estimates,Zacks,https://finance.yahoo.com/news/avantax-avta-q2-earnings-revenues-220516339.html,1691618716,STORY
ff578200-e691-36b6-8a44-ddf92e51b89b,PX,2023-9-17,P10 (NYSE:PX) Will Pay A Dividend Of $0.0325,Simply Wall St.,https://finance.yahoo.com/news/p10-nyse-px-pay-dividend-101554246.html,1693217754,STORY
f60b8ef1-ce66-3f3f-89fe-34fde87dfc01,PX,2023-9-17,"P10, Inc. (NYSE:PX) Will Pay A US$0.033 Dividend In Four Days",Simply Wall St.,https://finance.yahoo.com/news/p10-inc-nyse-px-pay-100725225.html,1692958045,STORY
01a3de39-8439-3c6b-9464-f57461607b27,PX,2023-9-17,P10 (NYSE:PX) Is Due To Pay A Dividend Of $0.0325,Simply Wall St.,https://finance.yahoo.com/news/p10-nyse-px-due-pay-100126912.html,1692007286,STORY
772ad6ba-cd2b-3801-b253-0c49d54a3527,PX,2023-9-17,Q2 2023 P10 Inc Earnings Call,Thomson Reuters StreetEvents,https://finance.yahoo.com/news/q2-2023-p10-inc-earnings-153414243.html,1691768054,STORY
eaac32d4-54bd-387b-9c8f-ae6c0cc5a8e9,PX,2023-9-17,"P10, Inc. (PX) Reports Q2 Earnings: What Key Metrics Have to Say",Zacks,https://finance.yahoo.com/news/p10-inc-px-reports-q2-223003614.html,1691706603,STORY
b33c25b6-e4c9-39db-8e80-d57b064ac02d,PX,2023-9-17,"P10, Inc. (PX) Beats Q2 Earnings and Revenue Estimates",Zacks,https://finance.yahoo.com/news/p10-inc-px-beats-q2-220512320.html,1691705112,STORY
d55831a5-557b-3ad2-b3f6-2ae577162e54,PX,2023-9-17,P10 Reports Second Quarter 2023 Results,GlobeNewswire,https://finance.yahoo.com/news/p10-reports-second-quarter-2023-201000606.html,1691698200,STORY
ea64ce3c-d1ea-3653-830d-81b5bbd7909c,PX,2023-9-17,Avantax (AVTA) Q2 Earnings and Revenues Miss Estimates,Zacks,https://finance.yahoo.com/news/avantax-avta-q2-earnings-revenues-220516339.html,1691618716,STORY
ff578200-e691-36b6-8a44-ddf92e51b89b,PX,2023-9-18,P10 (NYSE:PX) Will Pay A Dividend Of $0.0325,Simply Wall St.,https://finance.yahoo.com/news/p10-nyse-px-pay-dividend-101554246.html,1693217754,STORY
f60b8ef1-ce66-3f3f-89fe-34fde87dfc01,PX,2023-9-18,"P10, Inc. (NYSE:PX) Will Pay A US$0.033 Dividend In Four Days",Simply Wall St.,https://finance.yahoo.com/news/p10-inc-nyse-px-pay-100725225.html,1692958045,STORY
01a3de39-8439-3c6b-9464-f57461607b27,PX,2023-9-18,P10 (NYSE:PX) Is Due To Pay A Dividend Of $0.0325,Simply Wall St.,https://finance.yahoo.com/news/p10-nyse-px-due-pay-100126912.html,1692007286,STORY
772ad6ba-cd2b-3801-b253-0c49d54a3527,PX,2023-9-18,Q2 2023 P10 Inc Earnings Call,Thomson Reuters StreetEvents,https://finance.yahoo.com/news/q2-2023-p10-inc-earnings-153414243.html,1691768054,STORY
eaac32d4-54bd-387b-9c8f-ae6c0cc5a8e9,PX,2023-9-18,"P10, Inc. (PX) Reports Q2 Earnings: What Key Metrics Have to Say",Zacks,https://finance.yahoo.com/news/p10-inc-px-reports-q2-223003614.html,1691706603,STORY
b33c25b6-e4c9-39db-8e80-d57b064ac02d,PX,2023-9-18,"P10, Inc. (PX) Beats Q2 Earnings and Revenue Estimates",Zacks,https://finance.yahoo.com/news/p10-inc-px-beats-q2-220512320.html,1691705112,STORY
d55831a5-557b-3ad2-b3f6-2ae577162e54,PX,2023-9-18,P10 Reports Second Quarter 2023 Results,GlobeNewswire,https://finance.yahoo.com/news/p10-reports-second-quarter-2023-201000606.html,1691698200,STORY
ea64ce3c-d1ea-3653-830d-81b5bbd7909c,PX,2023-9-18,Avantax (AVTA) Q2 Earnings and Revenues Miss Estimates,Zacks,https://finance.yahoo.com/news/avantax-avta-q2-earnings-revenues-220516339.html,1691618716,STORY
ff578200-e691-36b6-8a44-ddf92e51b89b,PX,2023-9-20,P10 (NYSE:PX) Will Pay A Dividend Of $0.0325,Simply Wall St.,https://finance.yahoo.com/news/p10-nyse-px-pay-dividend-101554246.html,1693217754,STORY
f60b8ef1-ce66-3f3f-89fe-34fde87dfc01,PX,2023-9-20,"P10, Inc. (NYSE:PX) Will Pay A US$0.033 Dividend In Four Days",Simply Wall St.,https://finance.yahoo.com/news/p10-inc-nyse-px-pay-100725225.html,1692958045,STORY
01a3de39-8439-3c6b-9464-f57461607b27,PX,2023-9-20,P10 (NYSE:PX) Is Due To Pay A Dividend Of $0.0325,Simply Wall St.,https://finance.yahoo.com/news/p10-nyse-px-due-pay-100126912.html,1692007286,STORY
772ad6ba-cd2b-3801-b253-0c49d54a3527,PX,2023-9-20,Q2 2023 P10 Inc Earnings Call,Thomson Reuters StreetEvents,https://finance.yahoo.com/news/q2-2023-p10-inc-earnings-153414243.html,1691768054,STORY
eaac32d4-54bd-387b-9c8f-ae6c0cc5a8e9,PX,2023-9-20,"P10, Inc. (PX) Reports Q2 Earnings: What Key Metrics Have to Say",Zacks,https://finance.yahoo.com/news/p10-inc-px-reports-q2-223003614.html,1691706603,STORY
b33c25b6-e4c9-39db-8e80-d57b064ac02d,PX,2023-9-20,"P10, Inc. (PX) Beats Q2 Earnings and Revenue Estimates",Zacks,https://finance.yahoo.com/news/p10-inc-px-beats-q2-220512320.html,1691705112,STORY
d55831a5-557b-3ad2-b3f6-2ae577162e54,PX,2023-9-20,P10 Reports Second Quarter 2023 Results,GlobeNewswire,https://finance.yahoo.com/news/p10-reports-second-quarter-2023-201000606.html,1691698200,STORY
ea64ce3c-d1ea-3653-830d-81b5bbd7909c,PX,2023-9-20,Avantax (AVTA) Q2 Earnings and Revenues Miss Estimates,Zacks,https://finance.yahoo.com/news/avantax-avta-q2-earnings-revenues-220516339.html,1691618716,STORY
ff578200-e691-36b6-8a44-ddf92e51b89b,PX,2023-9-21,P10 (NYSE:PX) Will Pay A Dividend Of $0.0325,Simply Wall St.,https://finance.yahoo.com/news/p10-nyse-px-pay-dividend-101554246.html,1693217754,STORY
f60b8ef1-ce66-3f3f-89fe-34fde87dfc01,PX,2023-9-21,"P10, Inc. (NYSE:PX) Will Pay A US$0.033 Dividend In Four Days",Simply Wall St.,https://finance.yahoo.com/news/p10-inc-nyse-px-pay-100725225.html,1692958045,STORY
01a3de39-8439-3c6b-9464-f57461607b27,PX,2023-9-21,P10 (NYSE:PX) Is Due To Pay A Dividend Of $0.0325,Simply Wall St.,https://finance.yahoo.com/news/p10-nyse-px-due-pay-100126912.html,1692007286,STORY
772ad6ba-cd2b-3801-b253-0c49d54a3527,PX,2023-9-21,Q2 2023 P10 Inc Earnings Call,Thomson Reuters StreetEvents,https://finance.yahoo.com/news/q2-2023-p10-inc-earnings-153414243.html,1691768054,STORY
eaac32d4-54bd-387b-9c8f-ae6c0cc5a8e9,PX,2023-9-21,"P10, Inc. (PX) Reports Q2 Earnings: What Key Metrics Have to Say",Zacks,https://finance.yahoo.com/news/p10-inc-px-reports-q2-223003614.html,1691706603,STORY
b33c25b6-e4c9-39db-8e80-d57b064ac02d,PX,2023-9-21,"P10, Inc. (PX) Beats Q2 Earnings and Revenue Estimates",Zacks,https://finance.yahoo.com/news/p10-inc-px-beats-q2-220512320.html,1691705112,STORY
d55831a5-557b-3ad2-b3f6-2ae577162e54,PX,2023-9-21,P10 Reports Second Quarter 2023 Results,GlobeNewswire,https://finance.yahoo.com/news/p10-reports-second-quarter-2023-201000606.html,1691698200,STORY
ea64ce3c-d1ea-3653-830d-81b5bbd7909c,PX,2023-9-21,Avantax (AVTA) Q2 Earnings and Revenues Miss Estimates,Zacks,https://finance.yahoo.com/news/avantax-avta-q2-earnings-revenues-220516339.html,1691618716,STORY
ff578200-e691-36b6-8a44-ddf92e51b89b,PX,2023-9-22,P10 (NYSE:PX) Will Pay A Dividend Of $0.0325,Simply Wall St.,https://finance.yahoo.com/news/p10-nyse-px-pay-dividend-101554246.html,1693217754,STORY
f60b8ef1-ce66-3f3f-89fe-34fde87dfc01,PX,2023-9-22,"P10, Inc. (NYSE:PX) Will Pay A US$0.033 Dividend In Four Days",Simply Wall St.,https://finance.yahoo.com/news/p10-inc-nyse-px-pay-100725225.html,1692958045,STORY
01a3de39-8439-3c6b-9464-f57461607b27,PX,2023-9-22,P10 (NYSE:PX) Is Due To Pay A Dividend Of $0.0325,Simply Wall St.,https://finance.yahoo.com/news/p10-nyse-px-due-pay-100126912.html,1692007286,STORY
772ad6ba-cd2b-3801-b253-0c49d54a3527,PX,2023-9-22,Q2 2023 P10 Inc Earnings Call,Thomson Reuters StreetEvents,https://finance.yahoo.com/news/q2-2023-p10-inc-earnings-153414243.html,1691768054,STORY
eaac32d4-54bd-387b-9c8f-ae6c0cc5a8e9,PX,2023-9-22,"P10, Inc. (PX) Reports Q2 Earnings: What Key Metrics Have to Say",Zacks,https://finance.yahoo.com/news/p10-inc-px-reports-q2-223003614.html,1691706603,STORY
b33c25b6-e4c9-39db-8e80-d57b064ac02d,PX,2023-9-22,"P10, Inc. (PX) Beats Q2 Earnings and Revenue Estimates",Zacks,https://finance.yahoo.com/news/p10-inc-px-beats-q2-220512320.html,1691705112,STORY
d55831a5-557b-3ad2-b3f6-2ae577162e54,PX,2023-9-22,P10 Reports Second Quarter 2023 Results,GlobeNewswire,https://finance.yahoo.com/news/p10-reports-second-quarter-2023-201000606.html,1691698200,STORY
ea64ce3c-d1ea-3653-830d-81b5bbd7909c,PX,2023-9-22,Avantax (AVTA) Q2 Earnings and Revenues Miss Estimates,Zacks,https://finance.yahoo.com/news/avantax-avta-q2-earnings-revenues-220516339.html,1691618716,STORY
ff578200-e691-36b6-8a44-ddf92e51b89b,PX,2023-9-23,P10 (NYSE:PX) Will Pay A Dividend Of $0.0325,Simply Wall St.,https://finance.yahoo.com/news/p10-nyse-px-pay-dividend-101554246.html,1693217754,STORY
f60b8ef1-ce66-3f3f-89fe-34fde87dfc01,PX,2023-9-23,"P10, Inc. (NYSE:PX) Will Pay A US$0.033 Dividend In Four Days",Simply Wall St.,https://finance.yahoo.com/news/p10-inc-nyse-px-pay-100725225.html,1692958045,STORY
01a3de39-8439-3c6b-9464-f57461607b27,PX,2023-9-23,P10 (NYSE:PX) Is Due To Pay A Dividend Of $0.0325,Simply Wall St.,https://finance.yahoo.com/news/p10-nyse-px-due-pay-100126912.html,1692007286,STORY
772ad6ba-cd2b-3801-b253-0c49d54a3527,PX,2023-9-23,Q2 2023 P10 Inc Earnings Call,Thomson Reuters StreetEvents,https://finance.yahoo.com/news/q2-2023-p10-inc-earnings-153414243.html,1691768054,STORY
eaac32d4-54bd-387b-9c8f-ae6c0cc5a8e9,PX,2023-9-23,"P10, Inc. (PX) Reports Q2 Earnings: What Key Metrics Have to Say",Zacks,https://finance.yahoo.com/news/p10-inc-px-reports-q2-223003614.html,1691706603,STORY
b33c25b6-e4c9-39db-8e80-d57b064ac02d,PX,2023-9-23,"P10, Inc. (PX) Beats Q2 Earnings and Revenue Estimates",Zacks,https://finance.yahoo.com/news/p10-inc-px-beats-q2-220512320.html,1691705112,STORY
d55831a5-557b-3ad2-b3f6-2ae577162e54,PX,2023-9-23,P10 Reports Second Quarter 2023 Results,GlobeNewswire,https://finance.yahoo.com/news/p10-reports-second-quarter-2023-201000606.html,1691698200,STORY
ea64ce3c-d1ea-3653-830d-81b5bbd7909c,PX,2023-9-23,Avantax (AVTA) Q2 Earnings and Revenues Miss Estimates,Zacks,https://finance.yahoo.com/news/avantax-avta-q2-earnings-revenues-220516339.html,1691618716,STORY
ff578200-e691-36b6-8a44-ddf92e51b89b,PX,2023-9-24,P10 (NYSE:PX) Will Pay A Dividend Of $0.0325,Simply Wall St.,https://finance.yahoo.com/news/p10-nyse-px-pay-dividend-101554246.html,1693217754,STORY
f60b8ef1-ce66-3f3f-89fe-34fde87dfc01,PX,2023-9-24,"P10, Inc. (NYSE:PX) Will Pay A US$0.033 Dividend In Four Days",Simply Wall St.,https://finance.yahoo.com/news/p10-inc-nyse-px-pay-100725225.html,1692958045,STORY
01a3de39-8439-3c6b-9464-f57461607b27,PX,2023-9-24,P10 (NYSE:PX) Is Due To Pay A Dividend Of $0.0325,Simply Wall St.,https://finance.yahoo.com/news/p10-nyse-px-due-pay-100126912.html,1692007286,STORY
772ad6ba-cd2b-3801-b253-0c49d54a3527,PX,2023-9-24,Q2 2023 P10 Inc Earnings Call,Thomson Reuters StreetEvents,https://finance.yahoo.com/news/q2-2023-p10-inc-earnings-153414243.html,1691768054,STORY
eaac32d4-54bd-387b-9c8f-ae6c0cc5a8e9,PX,2023-9-24,"P10, Inc. (PX) Reports Q2 Earnings: What Key Metrics Have to Say",Zacks,https://finance.yahoo.com/news/p10-inc-px-reports-q2-223003614.html,1691706603,STORY
b33c25b6-e4c9-39db-8e80-d57b064ac02d,PX,2023-9-24,"P10, Inc. (PX) Beats Q2 Earnings and Revenue Estimates",Zacks,https://finance.yahoo.com/news/p10-inc-px-beats-q2-220512320.html,1691705112,STORY
d55831a5-557b-3ad2-b3f6-2ae577162e54,PX,2023-9-24,P10 Reports Second Quarter 2023 Results,GlobeNewswire,https://finance.yahoo.com/news/p10-reports-second-quarter-2023-201000606.html,1691698200,STORY
ea64ce3c-d1ea-3653-830d-81b5bbd7909c,PX,2023-9-24,Avantax (AVTA) Q2 Earnings and Revenues Miss Estimates,Zacks,https://finance.yahoo.com/news/avantax-avta-q2-earnings-revenues-220516339.html,1691618716,STORY
ff578200-e691-36b6-8a44-ddf92e51b89b,PX,2023-9-25,P10 (NYSE:PX) Will Pay A Dividend Of $0.0325,Simply Wall St.,https://finance.yahoo.com/news/p10-nyse-px-pay-dividend-101554246.html,1693217754,STORY
f60b8ef1-ce66-3f3f-89fe-34fde87dfc01,PX,2023-9-25,"P10, Inc. (NYSE:PX) Will Pay A US$0.033 Dividend In Four Days",Simply Wall St.,https://finance.yahoo.com/news/p10-inc-nyse-px-pay-100725225.html,1692958045,STORY
01a3de39-8439-3c6b-9464-f57461607b27,PX,2023-9-25,P10 (NYSE:PX) Is Due To Pay A Dividend Of $0.0325,Simply Wall St.,https://finance.yahoo.com/news/p10-nyse-px-due-pay-100126912.html,1692007286,STORY
772ad6ba-cd2b-3801-b253-0c49d54a3527,PX,2023-9-25,Q2 2023 P10 Inc Earnings Call,Thomson Reuters StreetEvents,https://finance.yahoo.com/news/q2-2023-p10-inc-earnings-153414243.html,1691768054,STORY
eaac32d4-54bd-387b-9c8f-ae6c0cc5a8e9,PX,2023-9-25,"P10, Inc. (PX) Reports Q2 Earnings: What Key Metrics Have to Say",Zacks,https://finance.yahoo.com/news/p10-inc-px-reports-q2-223003614.html,1691706603,STORY
b33c25b6-e4c9-39db-8e80-d57b064ac02d,PX,2023-9-25,"P10, Inc. (PX) Beats Q2 Earnings and Revenue Estimates",Zacks,https://finance.yahoo.com/news/p10-inc-px-beats-q2-220512320.html,1691705112,STORY
d55831a5-557b-3ad2-b3f6-2ae577162e54,PX,2023-9-25,P10 Reports Second Quarter 2023 Results,GlobeNewswire,https://finance.yahoo.com/news/p10-reports-second-quarter-2023-201000606.html,1691698200,STORY
ea64ce3c-d1ea-3653-830d-81b5bbd7909c,PX,2023-9-25,Avantax (AVTA) Q2 Earnings and Revenues Miss Estimates,Zacks,https://finance.yahoo.com/news/avantax-avta-q2-earnings-revenues-220516339.html,1691618716,STORY
ff578200-e691-36b6-8a44-ddf92e51b89b,PX,2023-9-26,P10 (NYSE:PX) Will Pay A Dividend Of $0.0325,Simply Wall St.,https://finance.yahoo.com/news/p10-nyse-px-pay-dividend-101554246.html,1693217754,STORY
f60b8ef1-ce66-3f3f-89fe-34fde87dfc01,PX,2023-9-26,"P10, Inc. (NYSE:PX) Will Pay A US$0.033 Dividend In Four Days",Simply Wall St.,https://finance.yahoo.com/news/p10-inc-nyse-px-pay-100725225.html,1692958045,STORY
01a3de39-8439-3c6b-9464-f57461607b27,PX,2023-9-26,P10 (NYSE:PX) Is Due To Pay A Dividend Of $0.0325,Simply Wall St.,https://finance.yahoo.com/news/p10-nyse-px-due-pay-100126912.html,1692007286,STORY
772ad6ba-cd2b-3801-b253-0c49d54a3527,PX,2023-9-26,Q2 2023 P10 Inc Earnings Call,Thomson Reuters StreetEvents,https://finance.yahoo.com/news/q2-2023-p10-inc-earnings-153414243.html,1691768054,STORY
eaac32d4-54bd-387b-9c8f-ae6c0cc5a8e9,PX,2023-9-26,"P10, Inc. (PX) Reports Q2 Earnings: What Key Metrics Have to Say",Zacks,https://finance.yahoo.com/news/p10-inc-px-reports-q2-223003614.html,1691706603,STORY
b33c25b6-e4c9-39db-8e80-d57b064ac02d,PX,2023-9-26,"P10, Inc. (PX) Beats Q2 Earnings and Revenue Estimates",Zacks,https://finance.yahoo.com/news/p10-inc-px-beats-q2-220512320.html,1691705112,STORY
d55831a5-557b-3ad2-b3f6-2ae577162e54,PX,2023-9-26,P10 Reports Second Quarter 2023 Results,GlobeNewswire,https://finance.yahoo.com/news/p10-reports-second-quarter-2023-201000606.html,1691698200,STORY
ea64ce3c-d1ea-3653-830d-81b5bbd7909c,PX,2023-9-26,Avantax (AVTA) Q2 Earnings and Revenues Miss Estimates,Zacks,https://finance.yahoo.com/news/avantax-avta-q2-earnings-revenues-220516339.html,1691618716,STORY
ff578200-e691-36b6-8a44-ddf92e51b89b,PX,2023-9-28,P10 (NYSE:PX) Will Pay A Dividend Of $0.0325,Simply Wall St.,https://finance.yahoo.com/news/p10-nyse-px-pay-dividend-101554246.html,1693217754,STORY
f60b8ef1-ce66-3f3f-89fe-34fde87dfc01,PX,2023-9-28,"P10, Inc. (NYSE:PX) Will Pay A US$0.033 Dividend In Four Days",Simply Wall St.,https://finance.yahoo.com/news/p10-inc-nyse-px-pay-100725225.html,1692958045,STORY
01a3de39-8439-3c6b-9464-f57461607b27,PX,2023-9-28,P10 (NYSE:PX) Is Due To Pay A Dividend Of $0.0325,Simply Wall St.,https://finance.yahoo.com/news/p10-nyse-px-due-pay-100126912.html,1692007286,STORY
772ad6ba-cd2b-3801-b253-0c49d54a3527,PX,2023-9-28,Q2 2023 P10 Inc Earnings Call,Thomson Reuters StreetEvents,https://finance.yahoo.com/news/q2-2023-p10-inc-earnings-153414243.html,1691768054,STORY
eaac32d4-54bd-387b-9c8f-ae6c0cc5a8e9,PX,2023-9-28,"P10, Inc. (PX) Reports Q2 Earnings: What Key Metrics Have to Say",Zacks,https://finance.yahoo.com/news/p10-inc-px-reports-q2-223003614.html,1691706603,STORY
b33c25b6-e4c9-39db-8e80-d57b064ac02d,PX,2023-9-28,"P10, Inc. (PX) Beats Q2 Earnings and Revenue Estimates",Zacks,https://finance.yahoo.com/news/p10-inc-px-beats-q2-220512320.html,1691705112,STORY
d55831a5-557b-3ad2-b3f6-2ae577162e54,PX,2023-9-28,P10 Reports Second Quarter 2023 Results,GlobeNewswire,https://finance.yahoo.com/news/p10-reports-second-quarter-2023-201000606.html,1691698200,STORY
ea64ce3c-d1ea-3653-830d-81b5bbd7909c,PX,2023-9-28,Avantax (AVTA) Q2 Earnings and Revenues Miss Estimates,Zacks,https://finance.yahoo.com/news/avantax-avta-q2-earnings-revenues-220516339.html,1691618716,STORY
ff578200-e691-36b6-8a44-ddf92e51b89b,PX,2023-9-29,P10 (NYSE:PX) Will Pay A Dividend Of $0.0325,Simply Wall St.,https://finance.yahoo.com/news/p10-nyse-px-pay-dividend-101554246.html,1693217754,STORY
f60b8ef1-ce66-3f3f-89fe-34fde87dfc01,PX,2023-9-29,"P10, Inc. (NYSE:PX) Will Pay A US$0.033 Dividend In Four Days",Simply Wall St.,https://finance.yahoo.com/news/p10-inc-nyse-px-pay-100725225.html,1692958045,STORY
01a3de39-8439-3c6b-9464-f57461607b27,PX,2023-9-29,P10 (NYSE:PX) Is Due To Pay A Dividend Of $0.0325,Simply Wall St.,https://finance.yahoo.com/news/p10-nyse-px-due-pay-100126912.html,1692007286,STORY
772ad6ba-cd2b-3801-b253-0c49d54a3527,PX,2023-9-29,Q2 2023 P10 Inc Earnings Call,Thomson Reuters StreetEvents,https://finance.yahoo.com/news/q2-2023-p10-inc-earnings-153414243.html,1691768054,STORY
eaac32d4-54bd-387b-9c8f-ae6c0cc5a8e9,PX,2023-9-29,"P10, Inc. (PX) Reports Q2 Earnings: What Key Metrics Have to Say",Zacks,https://finance.yahoo.com/news/p10-inc-px-reports-q2-223003614.html,1691706603,STORY
b33c25b6-e4c9-39db-8e80-d57b064ac02d,PX,2023-9-29,"P10, Inc. (PX) Beats Q2 Earnings and Revenue Estimates",Zacks,https://finance.yahoo.com/news/p10-inc-px-beats-q2-220512320.html,1691705112,STORY
d55831a5-557b-3ad2-b3f6-2ae577162e54,PX,2023-9-29,P10 Reports Second Quarter 2023 Results,GlobeNewswire,https://finance.yahoo.com/news/p10-reports-second-quarter-2023-201000606.html,1691698200,STORY
ea64ce3c-d1ea-3653-830d-81b5bbd7909c,PX,2023-9-29,Avantax (AVTA) Q2 Earnings and Revenues Miss Estimates,Zacks,https://finance.yahoo.com/news/avantax-avta-q2-earnings-revenues-220516339.html,1691618716,STORY
ff578200-e691-36b6-8a44-ddf92e51b89b,PX,2023-9-30,P10 (NYSE:PX) Will Pay A Dividend Of $0.0325,Simply Wall St.,https://finance.yahoo.com/news/p10-nyse-px-pay-dividend-101554246.html,1693217754,STORY
f60b8ef1-ce66-3f3f-89fe-34fde87dfc01,PX,2023-9-30,"P10, Inc. (NYSE:PX) Will Pay A US$0.033 Dividend In Four Days",Simply Wall St.,https://finance.yahoo.com/news/p10-inc-nyse-px-pay-100725225.html,1692958045,STORY
01a3de39-8439-3c6b-9464-f57461607b27,PX,2023-9-30,P10 (NYSE:PX) Is Due To Pay A Dividend Of $0.0325,Simply Wall St.,https://finance.yahoo.com/news/p10-nyse-px-due-pay-100126912.html,1692007286,STORY
772ad6ba-cd2b-3801-b253-0c49d54a3527,PX,2023-9-30,Q2 2023 P10 Inc Earnings Call,Thomson Reuters StreetEvents,https://finance.yahoo.com/news/q2-2023-p10-inc-earnings-153414243.html,1691768054,STORY
eaac32d4-54bd-387b-9c8f-ae6c0cc5a8e9,PX,2023-9-30,"P10, Inc. (PX) Reports Q2 Earnings: What Key Metrics Have to Say",Zacks,https://finance.yahoo.com/news/p10-inc-px-reports-q2-223003614.html,1691706603,STORY
b33c25b6-e4c9-39db-8e80-d57b064ac02d,PX,2023-9-30,"P10, Inc. (PX) Beats Q2 Earnings and Revenue Estimates",Zacks,https://finance.yahoo.com/news/p10-inc-px-beats-q2-220512320.html,1691705112,STORY
d55831a5-557b-3ad2-b3f6-2ae577162e54,PX,2023-9-30,P10 Reports Second Quarter 2023 Results,GlobeNewswire,https://finance.yahoo.com/news/p10-reports-second-quarter-2023-201000606.html,1691698200,STORY
ea64ce3c-d1ea-3653-830d-81b5bbd7909c,PX,2023-9-30,Avantax (AVTA) Q2 Earnings and Revenues Miss Estimates,Zacks,https://finance.yahoo.com/news/avantax-avta-q2-earnings-revenues-220516339.html,1691618716,STORY
ff578200-e691-36b6-8a44-ddf92e51b89b,PX,2023-10-1,P10 (NYSE:PX) Will Pay A Dividend Of $0.0325,Simply Wall St.,https://finance.yahoo.com/news/p10-nyse-px-pay-dividend-101554246.html,1693217754,STORY
f60b8ef1-ce66-3f3f-89fe-34fde87dfc01,PX,2023-10-1,"P10, Inc. (NYSE:PX) Will Pay A US$0.033 Dividend In Four Days",Simply Wall St.,https://finance.yahoo.com/news/p10-inc-nyse-px-pay-100725225.html,1692958045,STORY
01a3de39-8439-3c6b-9464-f57461607b27,PX,2023-10-1,P10 (NYSE:PX) Is Due To Pay A Dividend Of $0.0325,Simply Wall St.,https://finance.yahoo.com/news/p10-nyse-px-due-pay-100126912.html,1692007286,STORY
772ad6ba-cd2b-3801-b253-0c49d54a3527,PX,2023-10-1,Q2 2023 P10 Inc Earnings Call,Thomson Reuters StreetEvents,https://finance.yahoo.com/news/q2-2023-p10-inc-earnings-153414243.html,1691768054,STORY
eaac32d4-54bd-387b-9c8f-ae6c0cc5a8e9,PX,2023-10-1,"P10, Inc. (PX) Reports Q2 Earnings: What Key Metrics Have to Say",Zacks,https://finance.yahoo.com/news/p10-inc-px-reports-q2-223003614.html,1691706603,STORY
b33c25b6-e4c9-39db-8e80-d57b064ac02d,PX,2023-10-1,"P10, Inc. (PX) Beats Q2 Earnings and Revenue Estimates",Zacks,https://finance.yahoo.com/news/p10-inc-px-beats-q2-220512320.html,1691705112,STORY
d55831a5-557b-3ad2-b3f6-2ae577162e54,PX,2023-10-1,P10 Reports Second Quarter 2023 Results,GlobeNewswire,https://finance.yahoo.com/news/p10-reports-second-quarter-2023-201000606.html,1691698200,STORY
ea64ce3c-d1ea-3653-830d-81b5bbd7909c,PX,2023-10-1,Avantax (AVTA) Q2 Earnings and Revenues Miss Estimates,Zacks,https://finance.yahoo.com/news/avantax-avta-q2-earnings-revenues-220516339.html,1691618716,STORY
ff578200-e691-36b6-8a44-ddf92e51b89b,PX,2023-10-2,P10 (NYSE:PX) Will Pay A Dividend Of $0.0325,Simply Wall St.,https://finance.yahoo.com/news/p10-nyse-px-pay-dividend-101554246.html,1693217754,STORY
f60b8ef1-ce66-3f3f-89fe-34fde87dfc01,PX,2023-10-2,"P10, Inc. (NYSE:PX) Will Pay A US$0.033 Dividend In Four Days",Simply Wall St.,https://finance.yahoo.com/news/p10-inc-nyse-px-pay-100725225.html,1692958045,STORY
01a3de39-8439-3c6b-9464-f57461607b27,PX,2023-10-2,P10 (NYSE:PX) Is Due To Pay A Dividend Of $0.0325,Simply Wall St.,https://finance.yahoo.com/news/p10-nyse-px-due-pay-100126912.html,1692007286,STORY
772ad6ba-cd2b-3801-b253-0c49d54a3527,PX,2023-10-2,Q2 2023 P10 Inc Earnings Call,Thomson Reuters StreetEvents,https://finance.yahoo.com/news/q2-2023-p10-inc-earnings-153414243.html,1691768054,STORY
eaac32d4-54bd-387b-9c8f-ae6c0cc5a8e9,PX,2023-10-2,"P10, Inc. (PX) Reports Q2 Earnings: What Key Metrics Have to Say",Zacks,https://finance.yahoo.com/news/p10-inc-px-reports-q2-223003614.html,1691706603,STORY
b33c25b6-e4c9-39db-8e80-d57b064ac02d,PX,2023-10-2,"P10, Inc. (PX) Beats Q2 Earnings and Revenue Estimates",Zacks,https://finance.yahoo.com/news/p10-inc-px-beats-q2-220512320.html,1691705112,STORY
d55831a5-557b-3ad2-b3f6-2ae577162e54,PX,2023-10-2,P10 Reports Second Quarter 2023 Results,GlobeNewswire,https://finance.yahoo.com/news/p10-reports-second-quarter-2023-201000606.html,1691698200,STORY
ea64ce3c-d1ea-3653-830d-81b5bbd7909c,PX,2023-10-2,Avantax (AVTA) Q2 Earnings and Revenues Miss Estimates,Zacks,https://finance.yahoo.com/news/avantax-avta-q2-earnings-revenues-220516339.html,1691618716,STORY
ff578200-e691-36b6-8a44-ddf92e51b89b,PX,2023-10-3,P10 (NYSE:PX) Will Pay A Dividend Of $0.0325,Simply Wall St.,https://finance.yahoo.com/news/p10-nyse-px-pay-dividend-101554246.html,1693217754,STORY
f60b8ef1-ce66-3f3f-89fe-34fde87dfc01,PX,2023-10-3,"P10, Inc. (NYSE:PX) Will Pay A US$0.033 Dividend In Four Days",Simply Wall St.,https://finance.yahoo.com/news/p10-inc-nyse-px-pay-100725225.html,1692958045,STORY
01a3de39-8439-3c6b-9464-f57461607b27,PX,2023-10-3,P10 (NYSE:PX) Is Due To Pay A Dividend Of $0.0325,Simply Wall St.,https://finance.yahoo.com/news/p10-nyse-px-due-pay-100126912.html,1692007286,STORY
772ad6ba-cd2b-3801-b253-0c49d54a3527,PX,2023-10-3,Q2 2023 P10 Inc Earnings Call,Thomson Reuters StreetEvents,https://finance.yahoo.com/news/q2-2023-p10-inc-earnings-153414243.html,1691768054,STORY
eaac32d4-54bd-387b-9c8f-ae6c0cc5a8e9,PX,2023-10-3,"P10, Inc. (PX) Reports Q2 Earnings: What Key Metrics Have to Say",Zacks,https://finance.yahoo.com/news/p10-inc-px-reports-q2-223003614.html,1691706603,STORY
b33c25b6-e4c9-39db-8e80-d57b064ac02d,PX,2023-10-3,"P10, Inc. (PX) Beats Q2 Earnings and Revenue Estimates",Zacks,https://finance.yahoo.com/news/p10-inc-px-beats-q2-220512320.html,1691705112,STORY
d55831a5-557b-3ad2-b3f6-2ae577162e54,PX,2023-10-3,P10 Reports Second Quarter 2023 Results,GlobeNewswire,https://finance.yahoo.com/news/p10-reports-second-quarter-2023-201000606.html,1691698200,STORY
ea64ce3c-d1ea-3653-830d-81b5bbd7909c,PX,2023-10-3,Avantax (AVTA) Q2 Earnings and Revenues Miss Estimates,Zacks,https://finance.yahoo.com/news/avantax-avta-q2-earnings-revenues-220516339.html,1691618716,STORY
ff578200-e691-36b6-8a44-ddf92e51b89b,PX,2023-10-4,P10 (NYSE:PX) Will Pay A Dividend Of $0.0325,Simply Wall St.,https://finance.yahoo.com/news/p10-nyse-px-pay-dividend-101554246.html,1693217754,STORY
f60b8ef1-ce66-3f3f-89fe-34fde87dfc01,PX,2023-10-4,"P10, Inc. (NYSE:PX) Will Pay A US$0.033 Dividend In Four Days",Simply Wall St.,https://finance.yahoo.com/news/p10-inc-nyse-px-pay-100725225.html,1692958045,STORY
01a3de39-8439-3c6b-9464-f57461607b27,PX,2023-10-4,P10 (NYSE:PX) Is Due To Pay A Dividend Of $0.0325,Simply Wall St.,https://finance.yahoo.com/news/p10-nyse-px-due-pay-100126912.html,1692007286,STORY
772ad6ba-cd2b-3801-b253-0c49d54a3527,PX,2023-10-4,Q2 2023 P10 Inc Earnings Call,Thomson Reuters StreetEvents,https://finance.yahoo.com/news/q2-2023-p10-inc-earnings-153414243.html,1691768054,STORY
eaac32d4-54bd-387b-9c8f-ae6c0cc5a8e9,PX,2023-10-4,"P10, Inc. (PX) Reports Q2 Earnings: What Key Metrics Have to Say",Zacks,https://finance.yahoo.com/news/p10-inc-px-reports-q2-223003614.html,1691706603,STORY
b33c25b6-e4c9-39db-8e80-d57b064ac02d,PX,2023-10-4,"P10, Inc. (PX) Beats Q2 Earnings and Revenue Estimates",Zacks,https://finance.yahoo.com/news/p10-inc-px-beats-q2-220512320.html,1691705112,STORY
d55831a5-557b-3ad2-b3f6-2ae577162e54,PX,2023-10-4,P10 Reports Second Quarter 2023 Results,GlobeNewswire,https://finance.yahoo.com/news/p10-reports-second-quarter-2023-201000606.html,1691698200,STORY
ea64ce3c-d1ea-3653-830d-81b5bbd7909c,PX,2023-10-4,Avantax (AVTA) Q2 Earnings and Revenues Miss Estimates,Zacks,https://finance.yahoo.com/news/avantax-avta-q2-earnings-revenues-220516339.html,1691618716,STORY
ff578200-e691-36b6-8a44-ddf92e51b89b,PX,2023-10-5,P10 (NYSE:PX) Will Pay A Dividend Of $0.0325,Simply Wall St.,https://finance.yahoo.com/news/p10-nyse-px-pay-dividend-101554246.html,1693217754,STORY
f60b8ef1-ce66-3f3f-89fe-34fde87dfc01,PX,2023-10-5,"P10, Inc. (NYSE:PX) Will Pay A US$0.033 Dividend In Four Days",Simply Wall St.,https://finance.yahoo.com/news/p10-inc-nyse-px-pay-100725225.html,1692958045,STORY
01a3de39-8439-3c6b-9464-f57461607b27,PX,2023-10-5,P10 (NYSE:PX) Is Due To Pay A Dividend Of $0.0325,Simply Wall St.,https://finance.yahoo.com/news/p10-nyse-px-due-pay-100126912.html,1692007286,STORY
772ad6ba-cd2b-3801-b253-0c49d54a3527,PX,2023-10-5,Q2 2023 P10 Inc Earnings Call,Thomson Reuters StreetEvents,https://finance.yahoo.com/news/q2-2023-p10-inc-earnings-153414243.html,1691768054,STORY
eaac32d4-54bd-387b-9c8f-ae6c0cc5a8e9,PX,2023-10-5,"P10, Inc. (PX) Reports Q2 Earnings: What Key Metrics Have to Say",Zacks,https://finance.yahoo.com/news/p10-inc-px-reports-q2-223003614.html,1691706603,STORY
b33c25b6-e4c9-39db-8e80-d57b064ac02d,PX,2023-10-5,"P10, Inc. (PX) Beats Q2 Earnings and Revenue Estimates",Zacks,https://finance.yahoo.com/news/p10-inc-px-beats-q2-220512320.html,1691705112,STORY
d55831a5-557b-3ad2-b3f6-2ae577162e54,PX,2023-10-5,P10 Reports Second Quarter 2023 Results,GlobeNewswire,https://finance.yahoo.com/news/p10-reports-second-quarter-2023-201000606.html,1691698200,STORY
ea64ce3c-d1ea-3653-830d-81b5bbd7909c,PX,2023-10-5,Avantax (AVTA) Q2 Earnings and Revenues Miss Estimates,Zacks,https://finance.yahoo.com/news/avantax-avta-q2-earnings-revenues-220516339.html,1691618716,STORY
ff578200-e691-36b6-8a44-ddf92e51b89b,PX,2023-10-6,P10 (NYSE:PX) Will Pay A Dividend Of $0.0325,Simply Wall St.,https://finance.yahoo.com/news/p10-nyse-px-pay-dividend-101554246.html,1693217754,STORY
f60b8ef1-ce66-3f3f-89fe-34fde87dfc01,PX,2023-10-6,"P10, Inc. (NYSE:PX) Will Pay A US$0.033 Dividend In Four Days",Simply Wall St.,https://finance.yahoo.com/news/p10-inc-nyse-px-pay-100725225.html,1692958045,STORY
01a3de39-8439-3c6b-9464-f57461607b27,PX,2023-10-6,P10 (NYSE:PX) Is Due To Pay A Dividend Of $0.0325,Simply Wall St.,https://finance.yahoo.com/news/p10-nyse-px-due-pay-100126912.html,1692007286,STORY
772ad6ba-cd2b-3801-b253-0c49d54a3527,PX,2023-10-6,Q2 2023 P10 Inc Earnings Call,Thomson Reuters StreetEvents,https://finance.yahoo.com/news/q2-2023-p10-inc-earnings-153414243.html,1691768054,STORY
eaac32d4-54bd-387b-9c8f-ae6c0cc5a8e9,PX,2023-10-6,"P10, Inc. (PX) Reports Q2 Earnings: What Key Metrics Have to Say",Zacks,https://finance.yahoo.com/news/p10-inc-px-reports-q2-223003614.html,1691706603,STORY
b33c25b6-e4c9-39db-8e80-d57b064ac02d,PX,2023-10-6,"P10, Inc. (PX) Beats Q2 Earnings and Revenue Estimates",Zacks,https://finance.yahoo.com/news/p10-inc-px-beats-q2-220512320.html,1691705112,STORY
d55831a5-557b-3ad2-b3f6-2ae577162e54,PX,2023-10-6,P10 Reports Second Quarter 2023 Results,GlobeNewswire,https://finance.yahoo.com/news/p10-reports-second-quarter-2023-201000606.html,1691698200,STORY
ea64ce3c-d1ea-3653-830d-81b5bbd7909c,PX,2023-10-6,Avantax (AVTA) Q2 Earnings and Revenues Miss Estimates,Zacks,https://finance.yahoo.com/news/avantax-avta-q2-earnings-revenues-220516339.html,1691618716,STORY
ff578200-e691-36b6-8a44-ddf92e51b89b,PX,2023-10-7,P10 (NYSE:PX) Will Pay A Dividend Of $0.0325,Simply Wall St.,https://finance.yahoo.com/news/p10-nyse-px-pay-dividend-101554246.html,1693217754,STORY
f60b8ef1-ce66-3f3f-89fe-34fde87dfc01,PX,2023-10-7,"P10, Inc. (NYSE:PX) Will Pay A US$0.033 Dividend In Four Days",Simply Wall St.,https://finance.yahoo.com/news/p10-inc-nyse-px-pay-100725225.html,1692958045,STORY
01a3de39-8439-3c6b-9464-f57461607b27,PX,2023-10-7,P10 (NYSE:PX) Is Due To Pay A Dividend Of $0.0325,Simply Wall St.,https://finance.yahoo.com/news/p10-nyse-px-due-pay-100126912.html,1692007286,STORY
772ad6ba-cd2b-3801-b253-0c49d54a3527,PX,2023-10-7,Q2 2023 P10 Inc Earnings Call,Thomson Reuters StreetEvents,https://finance.yahoo.com/news/q2-2023-p10-inc-earnings-153414243.html,1691768054,STORY
eaac32d4-54bd-387b-9c8f-ae6c0cc5a8e9,PX,2023-10-7,"P10, Inc. (PX) Reports Q2 Earnings: What Key Metrics Have to Say",Zacks,https://finance.yahoo.com/news/p10-inc-px-reports-q2-223003614.html,1691706603,STORY
b33c25b6-e4c9-39db-8e80-d57b064ac02d,PX,2023-10-7,"P10, Inc. (PX) Beats Q2 Earnings and Revenue Estimates",Zacks,https://finance.yahoo.com/news/p10-inc-px-beats-q2-220512320.html,1691705112,STORY
d55831a5-557b-3ad2-b3f6-2ae577162e54,PX,2023-10-7,P10 Reports Second Quarter 2023 Results,GlobeNewswire,https://finance.yahoo.com/news/p10-reports-second-quarter-2023-201000606.html,1691698200,STORY
ea64ce3c-d1ea-3653-830d-81b5bbd7909c,PX,2023-10-7,Avantax (AVTA) Q2 Earnings and Revenues Miss Estimates,Zacks,https://finance.yahoo.com/news/avantax-avta-q2-earnings-revenues-220516339.html,1691618716,STORY
ff578200-e691-36b6-8a44-ddf92e51b89b,PX,2023-10-8,P10 (NYSE:PX) Will Pay A Dividend Of $0.0325,Simply Wall St.,https://finance.yahoo.com/news/p10-nyse-px-pay-dividend-101554246.html,1693217754,STORY
f60b8ef1-ce66-3f3f-89fe-34fde87dfc01,PX,2023-10-8,"P10, Inc. (NYSE:PX) Will Pay A US$0.033 Dividend In Four Days",Simply Wall St.,https://finance.yahoo.com/news/p10-inc-nyse-px-pay-100725225.html,1692958045,STORY
01a3de39-8439-3c6b-9464-f57461607b27,PX,2023-10-8,P10 (NYSE:PX) Is Due To Pay A Dividend Of $0.0325,Simply Wall St.,https://finance.yahoo.com/news/p10-nyse-px-due-pay-100126912.html,1692007286,STORY
772ad6ba-cd2b-3801-b253-0c49d54a3527,PX,2023-10-8,Q2 2023 P10 Inc Earnings Call,Thomson Reuters StreetEvents,https://finance.yahoo.com/news/q2-2023-p10-inc-earnings-153414243.html,1691768054,STORY
eaac32d4-54bd-387b-9c8f-ae6c0cc5a8e9,PX,2023-10-8,"P10, Inc. (PX) Reports Q2 Earnings: What Key Metrics Have to Say",Zacks,https://finance.yahoo.com/news/p10-inc-px-reports-q2-223003614.html,1691706603,STORY
b33c25b6-e4c9-39db-8e80-d57b064ac02d,PX,2023-10-8,"P10, Inc. (PX) Beats Q2 Earnings and Revenue Estimates",Zacks,https://finance.yahoo.com/news/p10-inc-px-beats-q2-220512320.html,1691705112,STORY
d55831a5-557b-3ad2-b3f6-2ae577162e54,PX,2023-10-8,P10 Reports Second Quarter 2023 Results,GlobeNewswire,https://finance.yahoo.com/news/p10-reports-second-quarter-2023-201000606.html,1691698200,STORY
ea64ce3c-d1ea-3653-830d-81b5bbd7909c,PX,2023-10-8,Avantax (AVTA) Q2 Earnings and Revenues Miss Estimates,Zacks,https://finance.yahoo.com/news/avantax-avta-q2-earnings-revenues-220516339.html,1691618716,STORY
ff578200-e691-36b6-8a44-ddf92e51b89b,PX,2023-10-9,P10 (NYSE:PX) Will Pay A Dividend Of $0.0325,Simply Wall St.,https://finance.yahoo.com/news/p10-nyse-px-pay-dividend-101554246.html,1693217754,STORY
f60b8ef1-ce66-3f3f-89fe-34fde87dfc01,PX,2023-10-9,"P10, Inc. (NYSE:PX) Will Pay A US$0.033 Dividend In Four Days",Simply Wall St.,https://finance.yahoo.com/news/p10-inc-nyse-px-pay-100725225.html,1692958045,STORY
01a3de39-8439-3c6b-9464-f57461607b27,PX,2023-10-9,P10 (NYSE:PX) Is Due To Pay A Dividend Of $0.0325,Simply Wall St.,https://finance.yahoo.com/news/p10-nyse-px-due-pay-100126912.html,1692007286,STORY
772ad6ba-cd2b-3801-b253-0c49d54a3527,PX,2023-10-9,Q2 2023 P10 Inc Earnings Call,Thomson Reuters StreetEvents,https://finance.yahoo.com/news/q2-2023-p10-inc-earnings-153414243.html,1691768054,STORY
eaac32d4-54bd-387b-9c8f-ae6c0cc5a8e9,PX,2023-10-9,"P10, Inc. (PX) Reports Q2 Earnings: What Key Metrics Have to Say",Zacks,https://finance.yahoo.com/news/p10-inc-px-reports-q2-223003614.html,1691706603,STORY
b33c25b6-e4c9-39db-8e80-d57b064ac02d,PX,2023-10-9,"P10, Inc. (PX) Beats Q2 Earnings and Revenue Estimates",Zacks,https://finance.yahoo.com/news/p10-inc-px-beats-q2-220512320.html,1691705112,STORY
d55831a5-557b-3ad2-b3f6-2ae577162e54,PX,2023-10-9,P10 Reports Second Quarter 2023 Results,GlobeNewswire,https://finance.yahoo.com/news/p10-reports-second-quarter-2023-201000606.html,1691698200,STORY
ea64ce3c-d1ea-3653-830d-81b5bbd7909c,PX,2023-10-9,Avantax (AVTA) Q2 Earnings and Revenues Miss Estimates,Zacks,https://finance.yahoo.com/news/avantax-avta-q2-earnings-revenues-220516339.html,1691618716,STORY
d47a8703-1cd3-3cc0-a0a3-d8d56761baff,PX,2023-10-10,Revelstoke Capital Partners Announces Strategic Minority Investment From Bonaccord Capital Partners,PR Newswire,https://finance.yahoo.com/news/revelstoke-capital-partners-announces-strategic-110000951.html,1696935600,STORY
ff578200-e691-36b6-8a44-ddf92e51b89b,PX,2023-10-10,P10 (NYSE:PX) Will Pay A Dividend Of $0.0325,Simply Wall St.,https://finance.yahoo.com/news/p10-nyse-px-pay-dividend-101554246.html,1693217754,STORY
f60b8ef1-ce66-3f3f-89fe-34fde87dfc01,PX,2023-10-10,"P10, Inc. (NYSE:PX) Will Pay A US$0.033 Dividend In Four Days",Simply Wall St.,https://finance.yahoo.com/news/p10-inc-nyse-px-pay-100725225.html,1692958045,STORY
01a3de39-8439-3c6b-9464-f57461607b27,PX,2023-10-10,P10 (NYSE:PX) Is Due To Pay A Dividend Of $0.0325,Simply Wall St.,https://finance.yahoo.com/news/p10-nyse-px-due-pay-100126912.html,1692007286,STORY
772ad6ba-cd2b-3801-b253-0c49d54a3527,PX,2023-10-10,Q2 2023 P10 Inc Earnings Call,Thomson Reuters StreetEvents,https://finance.yahoo.com/news/q2-2023-p10-inc-earnings-153414243.html,1691768054,STORY
eaac32d4-54bd-387b-9c8f-ae6c0cc5a8e9,PX,2023-10-10,"P10, Inc. (PX) Reports Q2 Earnings: What Key Metrics Have to Say",Zacks,https://finance.yahoo.com/news/p10-inc-px-reports-q2-223003614.html,1691706603,STORY
b33c25b6-e4c9-39db-8e80-d57b064ac02d,PX,2023-10-10,"P10, Inc. (PX) Beats Q2 Earnings and Revenue Estimates",Zacks,https://finance.yahoo.com/news/p10-inc-px-beats-q2-220512320.html,1691705112,STORY
d55831a5-557b-3ad2-b3f6-2ae577162e54,PX,2023-10-10,P10 Reports Second Quarter 2023 Results,GlobeNewswire,https://finance.yahoo.com/news/p10-reports-second-quarter-2023-201000606.html,1691698200,STORY
d47a8703-1cd3-3cc0-a0a3-d8d56761baff,PX,2023-10-11,Revelstoke Capital Partners Announces Strategic Minority Investment From Bonaccord Capital Partners,PR Newswire,https://finance.yahoo.com/news/revelstoke-capital-partners-announces-strategic-110000951.html,1696935600,STORY
ff578200-e691-36b6-8a44-ddf92e51b89b,PX,2023-10-11,P10 (NYSE:PX) Will Pay A Dividend Of $0.0325,Simply Wall St.,https://finance.yahoo.com/news/p10-nyse-px-pay-dividend-101554246.html,1693217754,STORY
f60b8ef1-ce66-3f3f-89fe-34fde87dfc01,PX,2023-10-11,"P10, Inc. (NYSE:PX) Will Pay A US$0.033 Dividend In Four Days",Simply Wall St.,https://finance.yahoo.com/news/p10-inc-nyse-px-pay-100725225.html,1692958045,STORY
01a3de39-8439-3c6b-9464-f57461607b27,PX,2023-10-11,P10 (NYSE:PX) Is Due To Pay A Dividend Of $0.0325,Simply Wall St.,https://finance.yahoo.com/news/p10-nyse-px-due-pay-100126912.html,1692007286,STORY
772ad6ba-cd2b-3801-b253-0c49d54a3527,PX,2023-10-11,Q2 2023 P10 Inc Earnings Call,Thomson Reuters StreetEvents,https://finance.yahoo.com/news/q2-2023-p10-inc-earnings-153414243.html,1691768054,STORY
eaac32d4-54bd-387b-9c8f-ae6c0cc5a8e9,PX,2023-10-11,"P10, Inc. (PX) Reports Q2 Earnings: What Key Metrics Have to Say",Zacks,https://finance.yahoo.com/news/p10-inc-px-reports-q2-223003614.html,1691706603,STORY
b33c25b6-e4c9-39db-8e80-d57b064ac02d,PX,2023-10-11,"P10, Inc. (PX) Beats Q2 Earnings and Revenue Estimates",Zacks,https://finance.yahoo.com/news/p10-inc-px-beats-q2-220512320.html,1691705112,STORY
d55831a5-557b-3ad2-b3f6-2ae577162e54,PX,2023-10-11,P10 Reports Second Quarter 2023 Results,GlobeNewswire,https://finance.yahoo.com/news/p10-reports-second-quarter-2023-201000606.html,1691698200,STORY
d47a8703-1cd3-3cc0-a0a3-d8d56761baff,PX,2023-10-12,Revelstoke Capital Partners Announces Strategic Minority Investment From Bonaccord Capital Partners,PR Newswire,https://finance.yahoo.com/news/revelstoke-capital-partners-announces-strategic-110000951.html,1696935600,STORY
ff578200-e691-36b6-8a44-ddf92e51b89b,PX,2023-10-12,P10 (NYSE:PX) Will Pay A Dividend Of $0.0325,Simply Wall St.,https://finance.yahoo.com/news/p10-nyse-px-pay-dividend-101554246.html,1693217754,STORY
f60b8ef1-ce66-3f3f-89fe-34fde87dfc01,PX,2023-10-12,"P10, Inc. (NYSE:PX) Will Pay A US$0.033 Dividend In Four Days",Simply Wall St.,https://finance.yahoo.com/news/p10-inc-nyse-px-pay-100725225.html,1692958045,STORY
01a3de39-8439-3c6b-9464-f57461607b27,PX,2023-10-12,P10 (NYSE:PX) Is Due To Pay A Dividend Of $0.0325,Simply Wall St.,https://finance.yahoo.com/news/p10-nyse-px-due-pay-100126912.html,1692007286,STORY
772ad6ba-cd2b-3801-b253-0c49d54a3527,PX,2023-10-12,Q2 2023 P10 Inc Earnings Call,Thomson Reuters StreetEvents,https://finance.yahoo.com/news/q2-2023-p10-inc-earnings-153414243.html,1691768054,STORY
eaac32d4-54bd-387b-9c8f-ae6c0cc5a8e9,PX,2023-10-12,"P10, Inc. (PX) Reports Q2 Earnings: What Key Metrics Have to Say",Zacks,https://finance.yahoo.com/news/p10-inc-px-reports-q2-223003614.html,1691706603,STORY
b33c25b6-e4c9-39db-8e80-d57b064ac02d,PX,2023-10-12,"P10, Inc. (PX) Beats Q2 Earnings and Revenue Estimates",Zacks,https://finance.yahoo.com/news/p10-inc-px-beats-q2-220512320.html,1691705112,STORY
d55831a5-557b-3ad2-b3f6-2ae577162e54,PX,2023-10-12,P10 Reports Second Quarter 2023 Results,GlobeNewswire,https://finance.yahoo.com/news/p10-reports-second-quarter-2023-201000606.html,1691698200,STORY
d47a8703-1cd3-3cc0-a0a3-d8d56761baff,PX,2023-10-13,Revelstoke Capital Partners Announces Strategic Minority Investment From Bonaccord Capital Partners,PR Newswire,https://finance.yahoo.com/news/revelstoke-capital-partners-announces-strategic-110000951.html,1696935600,STORY
ff578200-e691-36b6-8a44-ddf92e51b89b,PX,2023-10-13,P10 (NYSE:PX) Will Pay A Dividend Of $0.0325,Simply Wall St.,https://finance.yahoo.com/news/p10-nyse-px-pay-dividend-101554246.html,1693217754,STORY
f60b8ef1-ce66-3f3f-89fe-34fde87dfc01,PX,2023-10-13,"P10, Inc. (NYSE:PX) Will Pay A US$0.033 Dividend In Four Days",Simply Wall St.,https://finance.yahoo.com/news/p10-inc-nyse-px-pay-100725225.html,1692958045,STORY
01a3de39-8439-3c6b-9464-f57461607b27,PX,2023-10-13,P10 (NYSE:PX) Is Due To Pay A Dividend Of $0.0325,Simply Wall St.,https://finance.yahoo.com/news/p10-nyse-px-due-pay-100126912.html,1692007286,STORY
772ad6ba-cd2b-3801-b253-0c49d54a3527,PX,2023-10-13,Q2 2023 P10 Inc Earnings Call,Thomson Reuters StreetEvents,https://finance.yahoo.com/news/q2-2023-p10-inc-earnings-153414243.html,1691768054,STORY
eaac32d4-54bd-387b-9c8f-ae6c0cc5a8e9,PX,2023-10-13,"P10, Inc. (PX) Reports Q2 Earnings: What Key Metrics Have to Say",Zacks,https://finance.yahoo.com/news/p10-inc-px-reports-q2-223003614.html,1691706603,STORY
b33c25b6-e4c9-39db-8e80-d57b064ac02d,PX,2023-10-13,"P10, Inc. (PX) Beats Q2 Earnings and Revenue Estimates",Zacks,https://finance.yahoo.com/news/p10-inc-px-beats-q2-220512320.html,1691705112,STORY
d55831a5-557b-3ad2-b3f6-2ae577162e54,PX,2023-10-13,P10 Reports Second Quarter 2023 Results,GlobeNewswire,https://finance.yahoo.com/news/p10-reports-second-quarter-2023-201000606.html,1691698200,STORY
d47a8703-1cd3-3cc0-a0a3-d8d56761baff,PX,2023-10-14,Revelstoke Capital Partners Announces Strategic Minority Investment From Bonaccord Capital Partners,PR Newswire,https://finance.yahoo.com/news/revelstoke-capital-partners-announces-strategic-110000951.html,1696935600,STORY
ff578200-e691-36b6-8a44-ddf92e51b89b,PX,2023-10-14,P10 (NYSE:PX) Will Pay A Dividend Of $0.0325,Simply Wall St.,https://finance.yahoo.com/news/p10-nyse-px-pay-dividend-101554246.html,1693217754,STORY
f60b8ef1-ce66-3f3f-89fe-34fde87dfc01,PX,2023-10-14,"P10, Inc. (NYSE:PX) Will Pay A US$0.033 Dividend In Four Days",Simply Wall St.,https://finance.yahoo.com/news/p10-inc-nyse-px-pay-100725225.html,1692958045,STORY
01a3de39-8439-3c6b-9464-f57461607b27,PX,2023-10-14,P10 (NYSE:PX) Is Due To Pay A Dividend Of $0.0325,Simply Wall St.,https://finance.yahoo.com/news/p10-nyse-px-due-pay-100126912.html,1692007286,STORY
772ad6ba-cd2b-3801-b253-0c49d54a3527,PX,2023-10-14,Q2 2023 P10 Inc Earnings Call,Thomson Reuters StreetEvents,https://finance.yahoo.com/news/q2-2023-p10-inc-earnings-153414243.html,1691768054,STORY
eaac32d4-54bd-387b-9c8f-ae6c0cc5a8e9,PX,2023-10-14,"P10, Inc. (PX) Reports Q2 Earnings: What Key Metrics Have to Say",Zacks,https://finance.yahoo.com/news/p10-inc-px-reports-q2-223003614.html,1691706603,STORY
b33c25b6-e4c9-39db-8e80-d57b064ac02d,PX,2023-10-14,"P10, Inc. (PX) Beats Q2 Earnings and Revenue Estimates",Zacks,https://finance.yahoo.com/news/p10-inc-px-beats-q2-220512320.html,1691705112,STORY
d55831a5-557b-3ad2-b3f6-2ae577162e54,PX,2023-10-14,P10 Reports Second Quarter 2023 Results,GlobeNewswire,https://finance.yahoo.com/news/p10-reports-second-quarter-2023-201000606.html,1691698200,STORY
d47a8703-1cd3-3cc0-a0a3-d8d56761baff,PX,2023-10-15,Revelstoke Capital Partners Announces Strategic Minority Investment From Bonaccord Capital Partners,PR Newswire,https://finance.yahoo.com/news/revelstoke-capital-partners-announces-strategic-110000951.html,1696935600,STORY
ff578200-e691-36b6-8a44-ddf92e51b89b,PX,2023-10-15,P10 (NYSE:PX) Will Pay A Dividend Of $0.0325,Simply Wall St.,https://finance.yahoo.com/news/p10-nyse-px-pay-dividend-101554246.html,1693217754,STORY
f60b8ef1-ce66-3f3f-89fe-34fde87dfc01,PX,2023-10-15,"P10, Inc. (NYSE:PX) Will Pay A US$0.033 Dividend In Four Days",Simply Wall St.,https://finance.yahoo.com/news/p10-inc-nyse-px-pay-100725225.html,1692958045,STORY
01a3de39-8439-3c6b-9464-f57461607b27,PX,2023-10-15,P10 (NYSE:PX) Is Due To Pay A Dividend Of $0.0325,Simply Wall St.,https://finance.yahoo.com/news/p10-nyse-px-due-pay-100126912.html,1692007286,STORY
772ad6ba-cd2b-3801-b253-0c49d54a3527,PX,2023-10-15,Q2 2023 P10 Inc Earnings Call,Thomson Reuters StreetEvents,https://finance.yahoo.com/news/q2-2023-p10-inc-earnings-153414243.html,1691768054,STORY
eaac32d4-54bd-387b-9c8f-ae6c0cc5a8e9,PX,2023-10-15,"P10, Inc. (PX) Reports Q2 Earnings: What Key Metrics Have to Say",Zacks,https://finance.yahoo.com/news/p10-inc-px-reports-q2-223003614.html,1691706603,STORY
b33c25b6-e4c9-39db-8e80-d57b064ac02d,PX,2023-10-15,"P10, Inc. (PX) Beats Q2 Earnings and Revenue Estimates",Zacks,https://finance.yahoo.com/news/p10-inc-px-beats-q2-220512320.html,1691705112,STORY
d55831a5-557b-3ad2-b3f6-2ae577162e54,PX,2023-10-15,P10 Reports Second Quarter 2023 Results,GlobeNewswire,https://finance.yahoo.com/news/p10-reports-second-quarter-2023-201000606.html,1691698200,STORY
d47a8703-1cd3-3cc0-a0a3-d8d56761baff,PX,2023-10-16,Revelstoke Capital Partners Announces Strategic Minority Investment From Bonaccord Capital Partners,PR Newswire,https://finance.yahoo.com/news/revelstoke-capital-partners-announces-strategic-110000951.html,1696935600,STORY
ff578200-e691-36b6-8a44-ddf92e51b89b,PX,2023-10-16,P10 (NYSE:PX) Will Pay A Dividend Of $0.0325,Simply Wall St.,https://finance.yahoo.com/news/p10-nyse-px-pay-dividend-101554246.html,1693217754,STORY
f60b8ef1-ce66-3f3f-89fe-34fde87dfc01,PX,2023-10-16,"P10, Inc. (NYSE:PX) Will Pay A US$0.033 Dividend In Four Days",Simply Wall St.,https://finance.yahoo.com/news/p10-inc-nyse-px-pay-100725225.html,1692958045,STORY
01a3de39-8439-3c6b-9464-f57461607b27,PX,2023-10-16,P10 (NYSE:PX) Is Due To Pay A Dividend Of $0.0325,Simply Wall St.,https://finance.yahoo.com/news/p10-nyse-px-due-pay-100126912.html,1692007286,STORY
772ad6ba-cd2b-3801-b253-0c49d54a3527,PX,2023-10-16,Q2 2023 P10 Inc Earnings Call,Thomson Reuters StreetEvents,https://finance.yahoo.com/news/q2-2023-p10-inc-earnings-153414243.html,1691768054,STORY
eaac32d4-54bd-387b-9c8f-ae6c0cc5a8e9,PX,2023-10-16,"P10, Inc. (PX) Reports Q2 Earnings: What Key Metrics Have to Say",Zacks,https://finance.yahoo.com/news/p10-inc-px-reports-q2-223003614.html,1691706603,STORY
b33c25b6-e4c9-39db-8e80-d57b064ac02d,PX,2023-10-16,"P10, Inc. (PX) Beats Q2 Earnings and Revenue Estimates",Zacks,https://finance.yahoo.com/news/p10-inc-px-beats-q2-220512320.html,1691705112,STORY
d55831a5-557b-3ad2-b3f6-2ae577162e54,PX,2023-10-16,P10 Reports Second Quarter 2023 Results,GlobeNewswire,https://finance.yahoo.com/news/p10-reports-second-quarter-2023-201000606.html,1691698200,STORY
d47a8703-1cd3-3cc0-a0a3-d8d56761baff,PX,2023-10-17,Revelstoke Capital Partners Announces Strategic Minority Investment From Bonaccord Capital Partners,PR Newswire,https://finance.yahoo.com/news/revelstoke-capital-partners-announces-strategic-110000951.html,1696935600,STORY
ff578200-e691-36b6-8a44-ddf92e51b89b,PX,2023-10-17,P10 (NYSE:PX) Will Pay A Dividend Of $0.0325,Simply Wall St.,https://finance.yahoo.com/news/p10-nyse-px-pay-dividend-101554246.html,1693217754,STORY
f60b8ef1-ce66-3f3f-89fe-34fde87dfc01,PX,2023-10-17,"P10, Inc. (NYSE:PX) Will Pay A US$0.033 Dividend In Four Days",Simply Wall St.,https://finance.yahoo.com/news/p10-inc-nyse-px-pay-100725225.html,1692958045,STORY
01a3de39-8439-3c6b-9464-f57461607b27,PX,2023-10-17,P10 (NYSE:PX) Is Due To Pay A Dividend Of $0.0325,Simply Wall St.,https://finance.yahoo.com/news/p10-nyse-px-due-pay-100126912.html,1692007286,STORY
772ad6ba-cd2b-3801-b253-0c49d54a3527,PX,2023-10-17,Q2 2023 P10 Inc Earnings Call,Thomson Reuters StreetEvents,https://finance.yahoo.com/news/q2-2023-p10-inc-earnings-153414243.html,1691768054,STORY
eaac32d4-54bd-387b-9c8f-ae6c0cc5a8e9,PX,2023-10-17,"P10, Inc. (PX) Reports Q2 Earnings: What Key Metrics Have to Say",Zacks,https://finance.yahoo.com/news/p10-inc-px-reports-q2-223003614.html,1691706603,STORY
b33c25b6-e4c9-39db-8e80-d57b064ac02d,PX,2023-10-17,"P10, Inc. (PX) Beats Q2 Earnings and Revenue Estimates",Zacks,https://finance.yahoo.com/news/p10-inc-px-beats-q2-220512320.html,1691705112,STORY
d55831a5-557b-3ad2-b3f6-2ae577162e54,PX,2023-10-17,P10 Reports Second Quarter 2023 Results,GlobeNewswire,https://finance.yahoo.com/news/p10-reports-second-quarter-2023-201000606.html,1691698200,STORY
d47a8703-1cd3-3cc0-a0a3-d8d56761baff,PX,2023-10-18,Revelstoke Capital Partners Announces Strategic Minority Investment From Bonaccord Capital Partners,PR Newswire,https://finance.yahoo.com/news/revelstoke-capital-partners-announces-strategic-110000951.html,1696935600,STORY
ff578200-e691-36b6-8a44-ddf92e51b89b,PX,2023-10-18,P10 (NYSE:PX) Will Pay A Dividend Of $0.0325,Simply Wall St.,https://finance.yahoo.com/news/p10-nyse-px-pay-dividend-101554246.html,1693217754,STORY
f60b8ef1-ce66-3f3f-89fe-34fde87dfc01,PX,2023-10-18,"P10, Inc. (NYSE:PX) Will Pay A US$0.033 Dividend In Four Days",Simply Wall St.,https://finance.yahoo.com/news/p10-inc-nyse-px-pay-100725225.html,1692958045,STORY
01a3de39-8439-3c6b-9464-f57461607b27,PX,2023-10-18,P10 (NYSE:PX) Is Due To Pay A Dividend Of $0.0325,Simply Wall St.,https://finance.yahoo.com/news/p10-nyse-px-due-pay-100126912.html,1692007286,STORY
772ad6ba-cd2b-3801-b253-0c49d54a3527,PX,2023-10-18,Q2 2023 P10 Inc Earnings Call,Thomson Reuters StreetEvents,https://finance.yahoo.com/news/q2-2023-p10-inc-earnings-153414243.html,1691768054,STORY
eaac32d4-54bd-387b-9c8f-ae6c0cc5a8e9,PX,2023-10-18,"P10, Inc. (PX) Reports Q2 Earnings: What Key Metrics Have to Say",Zacks,https://finance.yahoo.com/news/p10-inc-px-reports-q2-223003614.html,1691706603,STORY
b33c25b6-e4c9-39db-8e80-d57b064ac02d,PX,2023-10-18,"P10, Inc. (PX) Beats Q2 Earnings and Revenue Estimates",Zacks,https://finance.yahoo.com/news/p10-inc-px-beats-q2-220512320.html,1691705112,STORY
d55831a5-557b-3ad2-b3f6-2ae577162e54,PX,2023-10-18,P10 Reports Second Quarter 2023 Results,GlobeNewswire,https://finance.yahoo.com/news/p10-reports-second-quarter-2023-201000606.html,1691698200,STORY
